5.354764292735981210e-04 -3.127499230951388169e-04 -4.209882387840063636e-04 -8.221881286180903088e-04 7.123154790633095157e-05
5.358081827113599614e-04 -3.129397935667445232e-04 -4.212252103987928500e-04 -8.227235350856971358e-04 7.127573105765212943e-05
5.361403077676956059e-04 -3.131298725704844983e-04 -4.214624192869727607e-04 -8.232595634317651243e-04 7.131996371814108241e-05
5.364728050451119225e-04 -3.133201604419130260e-04 -4.216998657941723469e-04 -8.237962147086618859e-04 7.136424596822033624e-05
5.368056751474483725e-04 -3.135106575162011251e-04 -4.219375502645986934e-04 -8.243334899670649776e-04 7.140857788837657433e-05
5.371389186530038662e-04 -3.137013641077380437e-04 -4.221754729678172573e-04 -8.248713904222164991e-04 7.145295956042606431e-05
5.374725357103775272e-04 -3.138922801631107784e-04 -4.224136329419095055e-04 -8.254099200135137614e-04 7.149739108459605996e-05
5.378065274105709934e-04 -3.140834064329267507e-04 -4.226520319131368245e-04 -8.259490767195140724e-04 7.154187252140897628e-05
5.381408941737044751e-04 -3.142747432139737828e-04 -4.228906696516919386e-04 -8.264888625799687210e-04 7.158640395928095833e-05
5.384756367461011146e-04 -3.144662908735119705e-04 -4.231295469156762202e-04 -8.270292779006085167e-04 7.163098547428807376e-05
5.388107557904374227e-04 -3.146580497599642647e-04 -4.233686642026900028e-04 -8.275703234336426271e-04 7.167561714587178086e-05
5.391462519199508334e-04 -3.148500202103432012e-04 -4.236080218525344987e-04 -8.281120002109756484e-04 7.172029905574101125e-05
5.394821257483092087e-04 -3.150422025602071297e-04 -4.238476202055961183e-04 -8.286543092675809031e-04 7.176503128564820015e-05
5.398183778923989736e-04 -3.152345971452190257e-04 -4.240874596030855910e-04 -8.291972516491338731e-04 7.180981391772471144e-05
5.401550089701142102e-04 -3.154272043008520205e-04 -4.243275403852275101e-04 -8.297408284083045539e-04 7.185464703419300911e-05
5.404920196007478384e-04 -3.156200243636277775e-04 -4.245678628932483259e-04 -8.302850406051711860e-04 7.189953071745396258e-05
5.408294104042502383e-04 -3.158130576710496511e-04 -4.248084274690096143e-04 -8.308298893097194491e-04 7.194446504999485220e-05
5.411671820039865933e-04 -3.160063045625149882e-04 -4.250492344566038057e-04 -8.313753756070679920e-04 7.198945011475993601e-05
5.415053350221002990e-04 -3.161997653768787637e-04 -4.252902842008791820e-04 -8.319215005840987012e-04 7.203448599455430110e-05
5.418438700829235387e-04 -3.163934404555670838e-04 -4.255315770488311247e-04 -8.324682653357148247e-04 7.207957277249810374e-05
5.421827878124995835e-04 -3.165873301416734491e-04 -4.257731133501397171e-04 -8.330156709630131152e-04 7.212471053196074474e-05
5.425220888367922323e-04 -3.167814347788186079e-04 -4.260148934550635181e-04 -8.335637185694287328e-04 7.216989935631079817e-05
5.428617737843502390e-04 -3.169757547125074348e-04 -4.262569177168585265e-04 -8.341124092600415724e-04 7.221513932928119782e-05
5.432018432836223940e-04 -3.171702902893172430e-04 -4.264991864904801736e-04 -8.346617441341064357e-04 7.226043053462860794e-05
5.435422979647693345e-04 -3.173650418583627585e-04 -4.267417001329475612e-04 -8.352117242886771941e-04 7.230577305636340965e-05
5.438831384596392584e-04 -3.175600097702914438e-04 -4.269844590023796601e-04 -8.357623508221692600e-04 7.235116697873271961e-05
5.442243654003083714e-04 -3.177551943760250101e-04 -4.272274634564719514e-04 -8.363136248301216574e-04 7.239661238602122209e-05
5.445659794214526873e-04 -3.179505960285694392e-04 -4.274707138539020953e-04 -8.368655474060352189e-04 7.244210936286557404e-05
5.449079811579640850e-04 -3.181462150809182443e-04 -4.277142105534992148e-04 -8.374181196392963379e-04 7.248765799392689472e-05
5.452503712465264123e-04 -3.183420518862523974e-04 -4.279579539146590914e-04 -8.379713426175365186e-04 7.253325836409395874e-05
5.455931503261471794e-04 -3.185381067984760332e-04 -4.282019442953115024e-04 -8.385252174285919621e-04 7.257891055855230039e-05
5.459363190347340817e-04 -3.187343801700440334e-04 -4.284461820500800591e-04 -8.390797451531824920e-04 7.262461466233395807e-05
5.462798780141341548e-04 -3.189308723541234378e-04 -4.286906675334016732e-04 -8.396349268755189544e-04 7.267037076097147851e-05
5.466238279065207791e-04 -3.191275837018923717e-04 -4.289354010993794305e-04 -8.401907636828379869e-04 7.271617894000803367e-05
5.469681692833204328e-04 -3.193245145269256306e-04 -4.291803828900819253e-04 -8.407472570677072691e-04 7.276203928826811980e-05
5.473129025742707416e-04 -3.195216650683660128e-04 -4.294256126352106713e-04 -8.413044092980220909e-04 7.280795190032642136e-05
5.476580287159508618e-04 -3.197190358276698167e-04 -4.296710915268048118e-04 -8.418622199259695503e-04 7.285391685082863162e-05
5.480035483574704656e-04 -3.199166271573483569e-04 -4.299168199210746878e-04 -8.424206900687061447e-04 7.289993422613488241e-05
5.483494621499974747e-04 -3.201144394113320597e-04 -4.301627981754364903e-04 -8.429798208554503377e-04 7.294600411287765714e-05
5.486957707453775455e-04 -3.203124729449873236e-04 -4.304090266483993942e-04 -8.435396134222075898e-04 7.299212659781382432e-05
5.490424747969071054e-04 -3.205107281151953940e-04 -4.306555057016717841e-04 -8.441000689119384105e-04 7.303830176793228528e-05
5.493895749588044788e-04 -3.207092052791722095e-04 -4.309022356972903953e-04 -8.446611884737626613e-04 7.308452971034372434e-05
5.497370718874882703e-04 -3.209079047962973968e-04 -4.311492169992574590e-04 -8.452229732611627085e-04 7.313081051247165884e-05
5.500849662393776261e-04 -3.211068270271625041e-04 -4.313964499724902185e-04 -8.457854244251292045e-04 7.317714426176336366e-05
5.504332586734561562e-04 -3.213059723347742478e-04 -4.316439349853939044e-04 -8.463485431169317673e-04 7.322353104604405302e-05
5.507819498479212070e-04 -3.215053410828147486e-04 -4.318916724068647280e-04 -8.469123304844696637e-04 7.326997095306104124e-05
5.511310400420527415e-04 -3.217049333541212807e-04 -4.321396614891894372e-04 -8.474767899692435590e-04 7.331646408703671803e-05
5.514805301944313530e-04 -3.219047497197320153e-04 -4.323879034144573977e-04 -8.480419210572279990e-04 7.336301052456785268e-05
5.518304210730577220e-04 -3.221047906253277169e-04 -4.326363988604576519e-04 -8.486077242720279062e-04 7.340961034975955848e-05
5.521807133430657035e-04 -3.223050564402538359e-04 -4.328851482002071382e-04 -8.491742007631860895e-04 7.345626365128059959e-05
5.525314076710443690e-04 -3.225055475336503666e-04 -4.331341518076973303e-04 -8.497413516776222394e-04 7.350297051798657534e-05
5.528825046836723317e-04 -3.227062642262522297e-04 -4.333834099528057729e-04 -8.503091783881024058e-04 7.354973104061103160e-05
5.532340046202053642e-04 -3.229072063743242496e-04 -4.336329219221783399e-04 -8.508776844638179723e-04 7.359654532689371325e-05
5.535859084609291974e-04 -3.231083745102159271e-04 -4.338826888870483348e-04 -8.514468698518216005e-04 7.364341345370721060e-05
5.539382165107195307e-04 -3.233097680882166501e-04 -4.341327103367658043e-04 -8.520167390466840216e-04 7.369033552843392903e-05
5.542909299700799278e-04 -3.235113887856058278e-04 -4.343829879003262978e-04 -8.525872883957924097e-04 7.373731161538130108e-05
5.546440495143115665e-04 -3.237132369700056796e-04 -4.346335219472573035e-04 -8.531585190523288068e-04 7.378434180446121003e-05
5.549975758211625606e-04 -3.239153130097469514e-04 -4.348843128485920494e-04 -8.537304321783288500e-04 7.383142618588018464e-05
5.553515095702943154e-04 -3.241176172739130418e-04 -4.351353609751104396e-04 -8.543030289413895912e-04 7.387856485007534993e-05
5.557058514433652280e-04 -3.243201501330174666e-04 -4.353866666994134042e-04 -8.548763105195252053e-04 7.392575788775413608e-05
5.560606021225437045e-04 -3.245229119581795937e-04 -4.356382303954826050e-04 -8.554502780995214967e-04 7.397300538971763478e-05
5.564157622921059483e-04 -3.247259031220855172e-04 -4.358900524397216485e-04 -8.560249328749930083e-04 7.402030744707878136e-05
5.567713326366939726e-04 -3.249291239983419818e-04 -4.361421332074931988e-04 -8.566002760421458518e-04 7.406766415100003210e-05
5.571273138430579133e-04 -3.251325749631343441e-04 -4.363944730756303693e-04 -8.571763088016284404e-04 7.411507559294442478e-05
5.574837065998086141e-04 -3.253362563940673984e-04 -4.366470724234972349e-04 -8.577530323577305885e-04 7.416254186464152115e-05
5.578405115951090348e-04 -3.255401686686229903e-04 -4.368999316320026959e-04 -8.583304479130130253e-04 7.421006305777695926e-05
5.581977295199353145e-04 -3.257443121668287807e-04 -4.371530510847741269e-04 -8.589085566742332093e-04 7.425763926443127068e-05
5.585553610663449757e-04 -3.259486872702656583e-04 -4.374064311662872366e-04 -8.594873598489349712e-04 7.430527057683921472e-05
5.589134069273488797e-04 -3.261532943618006470e-04 -4.376600722622859792e-04 -8.600668586452623558e-04 7.435295708736557366e-05
5.592718677968798935e-04 -3.263581338255742200e-04 -4.379139747590786902e-04 -8.606470542723087353e-04 7.440069888851069571e-05
5.596307443726202717e-04 -3.265632060480766962e-04 -4.381681390450748890e-04 -8.612279479427956564e-04 7.444849607328507329e-05
5.599900373509963296e-04 -3.267685114143565142e-04 -4.384225655079448860e-04 -8.618095408614152809e-04 7.449634873452925013e-05
5.603497474312334669e-04 -3.269740503113249342e-04 -4.386772545363220341e-04 -8.623918342315121076e-04 7.454425696545963578e-05
5.607098753140542582e-04 -3.271798231263141040e-04 -4.389322065168413389e-04 -8.629748292527477087e-04 7.459222085947298322e-05
5.610704217021069296e-04 -3.273858302466833305e-04 -4.391874218355450187e-04 -8.635585271232006132e-04 7.464024051021667236e-05
5.614313872983289723e-04 -3.275920720580677140e-04 -4.394429008770258218e-04 -8.641429290397883859e-04 7.468831601135685332e-05
5.617927728083810680e-04 -3.277985489465213447e-04 -4.396986440262317351e-04 -8.647280362058069533e-04 7.473644745690930435e-05
5.621545789396692472e-04 -3.280052612982931981e-04 -4.399546516691171024e-04 -8.653138498302205594e-04 7.478463494110787740e-05
5.625168064012544666e-04 -3.282122094989606948e-04 -4.402109241908726636e-04 -8.659003711279104811e-04 7.483287855836632065e-05
5.628794558668497646e-04 -3.284193938858507352e-04 -4.404674618648731659e-04 -8.664876016138185364e-04 7.488117840525372203e-05
5.632425274410296934e-04 -3.286268140712221022e-04 -4.407242633028770912e-04 -8.670755470589229302e-04 7.492953460385903884e-05
5.636060224846754958e-04 -3.288344712661208703e-04 -4.409813307811155094e-04 -8.676642038777667527e-04 7.497794722045316666e-05
5.639699417142029223e-04 -3.290423658605221469e-04 -4.412386646899696700e-04 -8.682535733136648084e-04 7.502641635040496802e-05
5.643342858469805202e-04 -3.292504982457865955e-04 -4.414962654194775639e-04 -8.688436566132604023e-04 7.507494208921851905e-05
5.646990556029896557e-04 -3.294588688151399783e-04 -4.417541333607869175e-04 -8.694344550330529962e-04 7.512352453274742908e-05
5.650642517023261868e-04 -3.296674779619434203e-04 -4.420122689073313345e-04 -8.700259698341351660e-04 7.517216377687760312e-05
5.654298748673972736e-04 -3.298763260814429861e-04 -4.422706724556422554e-04 -8.706182022847181422e-04 7.522085991783332567e-05
5.657959258213793178e-04 -3.300854135705650911e-04 -4.425293444040675930e-04 -8.712111536535183933e-04 7.526961305197212970e-05
5.661624052882863753e-04 -3.302947408275113891e-04 -4.427882851510820035e-04 -8.718048252097798526e-04 7.531842327578131360e-05
5.665293139953133349e-04 -3.305043082529151828e-04 -4.430474950976698539e-04 -8.723992182256797619e-04 7.536729068618994751e-05
5.668966526690741694e-04 -3.307141162474234899e-04 -4.433069746453778873e-04 -8.729943339699806687e-04 7.541621538005551710e-05
5.672644220390769126e-04 -3.309241652140822881e-04 -4.435667241974895758e-04 -8.735901737156750264e-04 7.546519745462620032e-05
5.676326228358836599e-04 -3.311344555566121998e-04 -4.438267441579875935e-04 -8.741867387322303307e-04 7.551423700729356083e-05
5.680012557917253103e-04 -3.313449876801188615e-04 -4.440870349308006755e-04 -8.747840302833592404e-04 7.556333413567310428e-05
5.683703214452049887e-04 -3.315557616256610638e-04 -4.443475964643016081e-04 -8.753820508999325591e-04 7.561248894649363829e-05
5.687398203248794941e-04 -3.317667774125627588e-04 -4.446084286795445352e-04 -8.759808031851244736e-04 7.566170154720211895e-05
5.691097535684519308e-04 -3.319780361950120198e-04 -4.448695329113597067e-04 -8.765802857875213197e-04 7.571097201774476841e-05
5.694801219150351715e-04 -3.321895383781321015e-04 -4.451309095617493388e-04 -8.771804999686401384e-04 7.576030045661594659e-05
5.698509261060190215e-04 -3.324012843669665700e-04 -4.453925590326294538e-04 -8.777814469947984926e-04 7.580968696257778423e-05
5.702221668838625265e-04 -3.326132745650844220e-04 -4.456544817245277528e-04 -8.783831281371392956e-04 7.585913163448467769e-05
5.705938447452568079e-04 -3.328255091023224455e-04 -4.459166774127700612e-04 -8.789855462098402576e-04 7.590863458209065682e-05
5.709659605477715233e-04 -3.330379885056646960e-04 -4.461791467781891563e-04 -8.795887018224911227e-04 7.595819590028746746e-05
5.713385151790244514e-04 -3.332507133343676447e-04 -4.464418905749887039e-04 -8.801925954141614616e-04 7.600781568290582808e-05
5.717115093899622063e-04 -3.334636839967438900e-04 -4.467049092088694589e-04 -8.807972282858307807e-04 7.605749402988128789e-05
5.720849439328320107e-04 -3.336769009028686716e-04 -4.469682030863043995e-04 -8.814026017463517373e-04 7.610723104135061045e-05
5.724588195619227486e-04 -3.338903644637827113e-04 -4.472317726148973809e-04 -8.820087171156687023e-04 7.615702681773874028e-05
5.728331370319079789e-04 -3.341040750902105777e-04 -4.474956182035232685e-04 -8.826155757194827263e-04 7.620688145953166247e-05
5.732078970999509139e-04 -3.343180331950155364e-04 -4.477597402642561372e-04 -8.832231788877860238e-04 7.625679506758319126e-05
5.735831005225104683e-04 -3.345322391922352068e-04 -4.480241392096788238e-04 -8.838315279482725174e-04 7.630676774268759107e-05
5.739587473902301720e-04 -3.347466932200231834e-04 -4.482888133472960092e-04 -8.844406290016007055e-04 7.635679961359599763e-05
5.743348388202806172e-04 -3.349613957861830634e-04 -4.485537643320483634e-04 -8.850504805278506561e-04 7.640689076715801939e-05
5.747113758862036669e-04 -3.351763474985287221e-04 -4.488189934448090805e-04 -8.856610819689002441e-04 7.645704129216001580e-05
5.750883593529179400e-04 -3.353915487793267649e-04 -4.490845011063079092e-04 -8.862724346620618919e-04 7.650725129058310030e-05
5.754657899848003881e-04 -3.356070000509938506e-04 -4.493502877366880991e-04 -8.868845399381619990e-04 7.655752086434475722e-05
5.758436685504258849e-04 -3.358227017388215629e-04 -4.496163537562764012e-04 -8.874973991253332648e-04 7.660785011591618649e-05
5.762219958178424906e-04 -3.360386542679881863e-04 -4.498826995821716794e-04 -8.881110135429161594e-04 7.665823914768387119e-05
5.766007725577680047e-04 -3.362548580641107278e-04 -4.501493256332160325e-04 -8.887253845102244818e-04 7.670868806237516756e-05
5.769799995439925302e-04 -3.364713135534660939e-04 -4.504162323307842552e-04 -8.893405133496865098e-04 7.675919696312154109e-05
5.773596775493578187e-04 -3.366880211599763582e-04 -4.506834200932538655e-04 -8.899564013801096116e-04 7.680976595290546082e-05
5.777398073521711934e-04 -3.369049813081679830e-04 -4.509508893401735366e-04 -8.905730499300730692e-04 7.686039513540569748e-05
5.781203897306287382e-04 -3.371221944204677102e-04 -4.512186404890959255e-04 -8.911904603333711773e-04 7.691108461423701325e-05
5.785014254667121374e-04 -3.373396609212701088e-04 -4.514866739588669796e-04 -8.918086339359165751e-04 7.696183449348563562e-05
5.788829153438976478e-04 -3.375573812356443926e-04 -4.517549901691733367e-04 -8.924275720890815101e-04 7.701264487741081718e-05
5.792648601475104166e-04 -3.377753557892390103e-04 -4.520235895413654515e-04 -8.930472761503725375e-04 7.706351587051827679e-05
5.796472605131975774e-04 -3.379935848131233032e-04 -4.522924721439593176e-04 -8.936677483986280165e-04 7.711444758422432953e-05
5.800301169698959423e-04 -3.382120683989669986e-04 -4.525616377926080939e-04 -8.942889917763117112e-04 7.716544013493514126e-05
5.804134300765932631e-04 -3.384308061016828785e-04 -4.528310864780345332e-04 -8.949110107033274092e-04 7.721649364038822387e-05
5.807972006000520614e-04 -3.386497986029349239e-04 -4.531008185302428347e-04 -8.955338056712195240e-04 7.726760820562055530e-05
5.811814299981270075e-04 -3.388690474837880036e-04 -4.533708358611564172e-04 -8.961573734787053923e-04 7.731878390636589345e-05
5.815661190644167951e-04 -3.390885531776852212e-04 -4.536411389005106298e-04 -8.967817155238289126e-04 7.737002084835178527e-05
5.819512682519610482e-04 -3.393083158290801445e-04 -4.539117272089984614e-04 -8.974068352227697505e-04 7.742131915187600477e-05
5.823368786560438951e-04 -3.395283361282860858e-04 -4.541826019755698380e-04 -8.980327322363686497e-04 7.747267891096912956e-05
5.827229511214985450e-04 -3.397486145538819728e-04 -4.544537637489786189e-04 -8.986594077084304960e-04 7.752410023040512367e-05
5.831094864485274589e-04 -3.399691515474650310e-04 -4.547252129655667387e-04 -8.992868630367086219e-04 7.757558321685820515e-05
5.834964854403961853e-04 -3.401899475530310662e-04 -4.549969500623120711e-04 -8.999150996145624136e-04 7.762712797739398907e-05
5.838839489018852287e-04 -3.404110030164494397e-04 -4.552689754744352149e-04 -9.005441188300314023e-04 7.767873461928223220e-05
5.842718772883356490e-04 -3.406323179333118939e-04 -4.555412886005543241e-04 -9.011739247021367067e-04 7.773040326565267173e-05
5.846602713672522126e-04 -3.408538926975471337e-04 -4.558138897557705341e-04 -9.018045189307007927e-04 7.778213402621453288e-05
5.850491323386006106e-04 -3.410757282570521390e-04 -4.560867805328966949e-04 -9.024358999697865624e-04 7.783392699136468967e-05
5.854384610155902603e-04 -3.412978250562856701e-04 -4.563599613697703981e-04 -9.030680692121454897e-04 7.788578226945960825e-05
5.858282582129879269e-04 -3.415201835382683472e-04 -4.566334327034605903e-04 -9.037010280568503811e-04 7.793769996903826666e-05
5.862185247473712104e-04 -3.417428041464706258e-04 -4.569071949691013508e-04 -9.043347779100597379e-04 7.798968019884561426e-05
5.866092614386126010e-04 -3.419656873257657568e-04 -4.571812486018872576e-04 -9.049693201830107895e-04 7.804172306803290517e-05
5.870004691083676677e-04 -3.421888335209083247e-04 -4.574555940376653614e-04 -9.056046562914694779e-04 7.809382868595786625e-05
5.873921485810693803e-04 -3.424122431776320031e-04 -4.577302317155945168e-04 -9.062407876562788471e-04 7.814599716234491510e-05
5.877843006823370428e-04 -3.426359167427718523e-04 -4.580051620764195495e-04 -9.068777157055977036e-04 7.819822860707964951e-05
5.881769262388417433e-04 -3.428598546637923118e-04 -4.582803855615098939e-04 -9.075154418814483301e-04 7.825052313018731253e-05
5.885700260800320795e-04 -3.430840573900153308e-04 -4.585559026138836224e-04 -9.081539676401037629e-04 7.830288084208413761e-05
5.889636010358228558e-04 -3.433085253721748688e-04 -4.588317136770684364e-04 -9.087932944433447851e-04 7.835530185328538650e-05
5.893576519384994845e-04 -3.435332590635018575e-04 -4.591078191967815840e-04 -9.094334237591899205e-04 7.840778627466288796e-05
5.897521796140798222e-04 -3.437582589182972275e-04 -4.593842195975079480e-04 -9.100743571022241758e-04 7.846033421750254111e-05
5.901471847997985781e-04 -3.439835253945467330e-04 -4.596609150094662266e-04 -9.107160965363543222e-04 7.851294579657392217e-05
5.905426684384699381e-04 -3.442090589512930088e-04 -4.599379062258538505e-04 -9.113586429029292687e-04 7.856562111974160832e-05
5.909386313672582245e-04 -3.444348600501899362e-04 -4.602151936972227416e-04 -9.120019976686296334e-04 7.861836029858031659e-05
5.913350744269647158e-04 -3.446609291557149843e-04 -4.604927778772160995e-04 -9.126461622969095572e-04 7.867116344517212996e-05
5.917319984596933593e-04 -3.448872667333525749e-04 -4.607706592199824701e-04 -9.132911382465670747e-04 7.872403067177006944e-05
5.921294043103944582e-04 -3.451138732509250492e-04 -4.610488381795347116e-04 -9.139369269785429292e-04 7.877696209101417554e-05
5.925272928237314361e-04 -3.453407491761892084e-04 -4.613273152093554531e-04 -9.145835299534648549e-04 7.882995781553379586e-05
5.929256648491052460e-04 -3.455678949772844686e-04 -4.616060907661756474e-04 -9.152309486406823421e-04 7.888301795857021522e-05
5.933245212363234171e-04 -3.457953111200532011e-04 -4.618851653064418613e-04 -9.158791845045621046e-04 7.893614263339675664e-05
5.937238628386204246e-04 -3.460229980694401117e-04 -4.621645392877031869e-04 -9.165282390106445050e-04 7.898933195372171150e-05
5.941236905098331265e-04 -3.462509562894887719e-04 -4.624442131644990249e-04 -9.171781136241465970e-04 7.904258603329434045e-05
5.945240051091650732e-04 -3.464791862463808539e-04 -4.627241873905050466e-04 -9.178288098193543515e-04 7.909590498652785602e-05
5.949248074957446796e-04 -3.467076884048588058e-04 -4.630044624181662454e-04 -9.184803290732281413e-04 7.914928892778589557e-05
5.953260985322406064e-04 -3.469364632305080428e-04 -4.632850387017194756e-04 -9.191326728756701349e-04 7.920273797187290599e-05
5.957278790828612978e-04 -3.471655111899878284e-04 -4.635659166984255398e-04 -9.197858427241975034e-04 7.925625223380501107e-05
5.961301500151494452e-04 -3.473948327522301304e-04 -4.638470968690867327e-04 -9.204398401269692958e-04 7.930983182905189703e-05
5.965329117136918338e-04 -3.476244279574494710e-04 -4.641285783562644767e-04 -9.210946693477634279e-04 7.936347689321868691e-05
5.969361654528837664e-04 -3.478542976368768761e-04 -4.644103627241821862e-04 -9.217503296121146638e-04 7.941718752521432600e-05
5.973399121813515117e-04 -3.480844423323792443e-04 -4.646924506456578908e-04 -9.224068220152793762e-04 7.947096383782894906e-05
5.977441527714542208e-04 -3.483148625183705950e-04 -4.649748425841437839e-04 -9.230641480940498514e-04 7.952480594723750225e-05
5.981488880991168771e-04 -3.485455586725350096e-04 -4.652575390074484372e-04 -9.237223093913126759e-04 7.957871397013087649e-05
5.985541190394873083e-04 -3.487765312745615305e-04 -4.655405403823048940e-04 -9.243813074494526679e-04 7.963268802310699231e-05
5.989598464716930143e-04 -3.490077808075489076e-04 -4.658238471772666272e-04 -9.250411438138184204e-04 7.968672822330883938e-05
5.993660712760321080e-04 -3.492393077566411839e-04 -4.661074598624253217e-04 -9.257018200274970974e-04 7.974083468806075368e-05
5.997727943339379707e-04 -3.494711126082850712e-04 -4.663913789092431479e-04 -9.263633376289343935e-04 7.979500753487482796e-05
6.001800165310292208e-04 -3.497031958518393401e-04 -4.666756047919220552e-04 -9.270256981562768721e-04 7.984924688184213244e-05
6.005877387519609461e-04 -3.499355579761145884e-04 -4.669601379836743333e-04 -9.276889031464495257e-04 7.990355284693093790e-05
6.009959618854817482e-04 -3.501681994711319801e-04 -4.672449789592145425e-04 -9.283529541421192818e-04 7.995792554864555824e-05
6.014046868221189709e-04 -3.504011208260948652e-04 -4.675301281932207594e-04 -9.290178526860386112e-04 8.001236510569339198e-05
6.018139144546955392e-04 -3.506343225293965323e-04 -4.678155861616548105e-04 -9.296836003146243411e-04 8.006687163707439602e-05
6.022236456796454217e-04 -3.508678050688928849e-04 -4.681013533404639396e-04 -9.303501985662630770e-04 8.012144526223021770e-05
6.026338813945194238e-04 -3.511015689305310348e-04 -4.683874302032071100e-04 -9.310176489836479840e-04 8.017608610070565262e-05
6.030446224996539916e-04 -3.513356146008053986e-04 -4.686738172219623191e-04 -9.316859531174606288e-04 8.023079427238455352e-05
6.034558698978252428e-04 -3.515699425673981908e-04 -4.689605148691280544e-04 -9.323551125274162589e-04 8.028556989744001118e-05
6.038676244960323710e-04 -3.518045533205267075e-04 -4.692475236190233592e-04 -9.330251287852622723e-04 8.034041309657568425e-05
6.042798871997080061e-04 -3.520394473494868896e-04 -4.695348439466003423e-04 -9.336960034621100742e-04 8.039532399028168422e-05
6.046926589195125842e-04 -3.522746251469216104e-04 -4.698224763310011745e-04 -9.343677381436211711e-04 8.045030269974273024e-05
6.051059405673608546e-04 -3.525100872066313997e-04 -4.701104212514691828e-04 -9.350403344204787689e-04 8.050534934631861303e-05
6.055197330561378193e-04 -3.527458340228658640e-04 -4.703986791875962650e-04 -9.357137938910806054e-04 8.056046405151913621e-05
6.059340372996280429e-04 -3.529818660909078004e-04 -4.706872506210509456e-04 -9.363881181651251663e-04 8.061564693700479396e-05
6.063488542165588590e-04 -3.532181839110327569e-04 -4.709761360369372606e-04 -9.370633088650662506e-04 8.067089812513440154e-05
6.067641847237369374e-04 -3.534547879840324158e-04 -4.712653359196381972e-04 -9.377393676112918183e-04 8.072621773804543430e-05
6.071800293582849247e-04 -3.536916785214420478e-04 -4.715548495497621411e-04 -9.384162987406441695e-04 8.078160591473299023e-05
6.075963891190113873e-04 -3.539288560881618845e-04 -4.718446776559778451e-04 -9.390941033393993389e-04 8.083706277497759761e-05
6.080132652370903419e-04 -3.541663214272179551e-04 -4.721348216926058599e-04 -9.397727808626905486e-04 8.089258842907420832e-05
6.084306586384166746e-04 -3.544040750488111364e-04 -4.724252821508892453e-04 -9.404523329270014385e-04 8.094818300046113704e-05
6.088485702517246884e-04 -3.546421174652015303e-04 -4.727160595245795795e-04 -9.411327611488092514e-04 8.100384661297175464e-05
6.092670010080410148e-04 -3.548804491892641440e-04 -4.730071543085272797e-04 -9.418140671466496963e-04 8.105957939074525829e-05
6.096859518401077102e-04 -3.551190707329131648e-04 -4.732985669962950018e-04 -9.424962525417139103e-04 8.111538145813265764e-05
6.101054235885316557e-04 -3.553579824088577612e-04 -4.735902978730104074e-04 -9.431793197280731629e-04 8.117125294464781109e-05
6.105254166175159850e-04 -3.555971835418388224e-04 -4.738823461935984336e-04 -9.438632748644876962e-04 8.122719400187137096e-05
6.109459325364964815e-04 -3.558366760264294426e-04 -4.741747138987452989e-04 -9.445481142767203804e-04 8.128320472399516283e-05
6.113669722889847986e-04 -3.560764603732172336e-04 -4.744674014828030671e-04 -9.452338395897465434e-04 8.133928523667140155e-05
6.117885368202034607e-04 -3.563165370934780044e-04 -4.747604094382007521e-04 -9.459204524330670815e-04 8.139543566575686384e-05
6.122106270804304100e-04 -3.565569067008208214e-04 -4.750537382580166429e-04 -9.466079544491758611e-04 8.145165613773930498e-05
6.126332440190641925e-04 -3.567975697076953049e-04 -4.753473884333119241e-04 -9.472963472814385560e-04 8.150794677894994855e-05
6.130563885900119003e-04 -3.570385266290153586e-04 -4.756413604603254965e-04 -9.479856325839210477e-04 8.156430771632119470e-05
6.134800617487176991e-04 -3.572797779814710804e-04 -4.759356548370489277e-04 -9.486758120213310960e-04 8.162073907698333755e-05
6.139042644524725844e-04 -3.575213242831652835e-04 -4.762302720618657244e-04 -9.493668872693717883e-04 8.167724098832872292e-05
6.143289976614416635e-04 -3.577631660535365724e-04 -4.765252126372585993e-04 -9.500588600198149559e-04 8.173381357817848501e-05
6.147542623361411081e-04 -3.580053038136062700e-04 -4.768204770666987862e-04 -9.507517319685861168e-04 8.179045697445548331e-05
6.151800594393463505e-04 -3.582477380877251215e-04 -4.771160658553863336e-04 -9.514455048160587285e-04 8.184717130543907651e-05
6.156063899359149249e-04 -3.584904694033282102e-04 -4.774119795102116696e-04 -9.521401802670930023e-04 8.190395669970043635e-05
6.160332547948642323e-04 -3.587334982906166363e-04 -4.777082185406989119e-04 -9.528357600320062643e-04 8.196081328636728263e-05
6.164606549834721798e-04 -3.589768252800426009e-04 -4.780047834555216759e-04 -9.535322458126242609e-04 8.201774119436801812e-05
6.168885914744631641e-04 -3.592204509061957293e-04 -4.783016747665150563e-04 -9.542296393135075300e-04 8.207474055337562145e-05
6.173170652419218219e-04 -3.594643757050795005e-04 -4.785988929871915713e-04 -9.549279422356488252e-04 8.213181149327283728e-05
6.177460772615852224e-04 -3.597086002136878663e-04 -4.788964386312861629e-04 -9.556271562797902328e-04 8.218895414414975034e-05
6.181756285110662132e-04 -3.599531249688718809e-04 -4.791943122130476311e-04 -9.563272831509551366e-04 8.224616863631968263e-05
6.186057199737308521e-04 -3.601979505101278890e-04 -4.794925142475444323e-04 -9.570283245622101826e-04 8.230345510084869059e-05
6.190363526317223253e-04 -3.604430773748002565e-04 -4.797910452482189911e-04 -9.577302822183841402e-04 8.236081366864391373e-05
6.194675274715154235e-04 -3.606885060990193143e-04 -4.800899057312914579e-04 -9.584331578252124973e-04 8.241824447115024229e-05
6.198992450808450856e-04 -3.609342366803664241e-04 -4.803890952496110527e-04 -9.591369554438056427e-04 8.247574765743241035e-05
6.203315066710478982e-04 -3.611802699476789644e-04 -4.806886148435621339e-04 -9.598416755012579172e-04 8.253332335026925307e-05
6.207643134165493270e-04 -3.614266066808650827e-04 -4.809884654604760536e-04 -9.605473186380277103e-04 8.259097167394081906e-05
6.211976663151944078e-04 -3.616732474186076470e-04 -4.812886476118518578e-04 -9.612538865790839311e-04 8.264869276121870965e-05
6.216315663667349627e-04 -3.619201927000359454e-04 -4.815891618127628821e-04 -9.619613810613093525e-04 8.270648674513228168e-05
6.220660145389662801e-04 -3.621674430291910683e-04 -4.818900084923689810e-04 -9.626698040319422436e-04 8.276435376035519301e-05
6.225010114706163626e-04 -3.624149985516567562e-04 -4.821911872115507646e-04 -9.633791594381971215e-04 8.282229395601899168e-05
6.229365585660739685e-04 -3.626628602439784053e-04 -4.824926995347715813e-04 -9.640894466592950587e-04 8.288030744924846629e-05
6.233726568344933380e-04 -3.629110286523146199e-04 -4.827945459877542884e-04 -9.648006674771141943e-04 8.293839437443263098e-05
6.238093072861959631e-04 -3.631595043249453004e-04 -4.830967270969727155e-04 -9.655128236781132045e-04 8.299655486615385377e-05
6.242465109327731540e-04 -3.634082878125342365e-04 -4.833992433887735699e-04 -9.662259170547685214e-04 8.305478905919632694e-05
6.246842687902740259e-04 -3.636573796689796640e-04 -4.837020953915238610e-04 -9.669399494058341076e-04 8.311309708893171771e-05
6.251225818747969173e-04 -3.639067804503553789e-04 -4.840052836346840160e-04 -9.676549225236295111e-04 8.317147909076275569e-05
6.255614512063593403e-04 -3.641564907169283832e-04 -4.843088086509587204e-04 -9.683708382018547944e-04 8.322993520065508825e-05
6.260008778063575873e-04 -3.644065110304826405e-04 -4.846126709740593416e-04 -9.690876982288706499e-04 8.328846555478896705e-05
6.264408626978079653e-04 -3.646568419538908702e-04 -4.849168711377232674e-04 -9.698055043936617279e-04 8.334707028956785384e-05
6.268814069096467420e-04 -3.649074840517372046e-04 -4.852214096775331440e-04 -9.705242584951189258e-04 8.340574954214161583e-05
6.273225114696361028e-04 -3.651584378865771799e-04 -4.855262871284940626e-04 -9.712439623281671295e-04 8.346450344947464034e-05
6.277641774103069876e-04 -3.654097040231817366e-04 -4.858315040281958527e-04 -9.719646176875463683e-04 8.352333214916691465e-05
6.282064057657822708e-04 -3.656612830247783449e-04 -4.861370609142015640e-04 -9.726862263675063952e-04 8.358223577901079061e-05
6.286491975738590790e-04 -3.659131754534907031e-04 -4.864429583251246212e-04 -9.734087901626429324e-04 8.364121447724231627e-05
6.290925538740858511e-04 -3.661653818708916807e-04 -4.867491967981115776e-04 -9.741323108620234634e-04 8.370026838228448323e-05
6.295364757108247748e-04 -3.664179028410865179e-04 -4.870557768685997418e-04 -9.748567902600000900e-04 8.375939763317070247e-05
6.299809641289250616e-04 -3.666707389267606925e-04 -4.873626990685800691e-04 -9.755822301605128390e-04 8.381860236896638248e-05
6.304260201781327223e-04 -3.669238906933342567e-04 -4.876699639340295839e-04 -9.763086323848112419e-04 8.387788272939529998e-05
6.308716449090950645e-04 -3.671773587073909372e-04 -4.879775720013105819e-04 -9.770359987594759606e-04 8.393723885430592847e-05
6.313178393758449259e-04 -3.674311435376418820e-04 -4.882855238085099994e-04 -9.777643311276659754e-04 8.399667088398858096e-05
6.317646046340114150e-04 -3.676852457543792227e-04 -4.885938198977868730e-04 -9.784936313494236801e-04 8.405617895897931843e-05
6.322119417422718745e-04 -3.679396659291141679e-04 -4.889024608155357297e-04 -9.792239012992604713e-04 8.411576322023087430e-05
6.326598517607684045e-04 -3.681944046352488833e-04 -4.892114471096714731e-04 -9.799551428555975958e-04 8.417542380891534321e-05
6.331083357532104553e-04 -3.684494624508999165e-04 -4.895207793289550096e-04 -9.806873579043002154e-04 8.423516086673892489e-05
6.335573947833391360e-04 -3.687048399559449390e-04 -4.898304580209295782e-04 -9.814205483318809778e-04 8.429497453543884078e-05
6.340070299197848739e-04 -3.689605377348976708e-04 -4.901404837375682513e-04 -9.821547160268125510e-04 8.435486495741802604e-05
6.344572422327350103e-04 -3.692165563745484396e-04 -4.904508570339175975e-04 -9.828898628733010508e-04 8.441483227530937510e-05
6.349080327940313795e-04 -3.694728964636655915e-04 -4.907615784644581234e-04 -9.836259907526631943e-04 8.447487663197739507e-05
6.353594026784919503e-04 -3.697295585917484959e-04 -4.910726485841644066e-04 -9.843631015465158056e-04 8.453499817066519647e-05
6.358113529647481561e-04 -3.699865433492331105e-04 -4.913840679496011155e-04 -9.851011971414482937e-04 8.459519703511371479e-05
6.362638847335536476e-04 -3.702438513274351143e-04 -4.916958371206223881e-04 -9.858402794264190493e-04 8.465547336934664546e-05
6.367169990677806063e-04 -3.705014831181556380e-04 -4.920079566596882422e-04 -9.865803502915866750e-04 8.471582731767938849e-05
6.371706970532910099e-04 -3.707594393128488134e-04 -4.923204271286964282e-04 -9.873214116287913709e-04 8.477625902482128877e-05
6.376249797774591896e-04 -3.710177205008322434e-04 -4.926332490861709849e-04 -9.880634653208061544e-04 8.483676863565279181e-05
6.380798482715503879e-04 -3.712763272865789968e-04 -4.929464228603192087e-04 -9.888065136703034011e-04 8.489735629801498757e-05
6.385353035955455923e-04 -3.715352602682855335e-04 -4.932599488775869789e-04 -9.895505587965227907e-04 8.495802215899997205e-05
6.389913469439229129e-04 -3.717945200145072017e-04 -4.935738280555134524e-04 -9.902956019292724621e-04 8.501876636127926438e-05
6.394479794168816001e-04 -3.720541071166876706e-04 -4.938880609506675259e-04 -9.910416449780542689e-04 8.507958905128282473e-05
6.399052021180738712e-04 -3.723140221693683376e-04 -4.942026481195223612e-04 -9.917886898689611767e-04 8.514049037588102974e-05
6.403630161539334642e-04 -3.725742657695489202e-04 -4.945175901214405190e-04 -9.925367385450137997e-04 8.520147048234447574e-05
6.408214226336096100e-04 -3.728348385160128111e-04 -4.948328875209267140e-04 -9.932857929682628855e-04 8.526252951834979276e-05
6.412804226681141986e-04 -3.730957410081090311e-04 -4.951485408854227645e-04 -9.940358551129399763e-04 8.532366763181572676e-05
6.417400171761340148e-04 -3.733569735314233714e-04 -4.954645503110258458e-04 -9.947869284332338299e-04 8.538488497972960233e-05
6.422002067920496273e-04 -3.736185359049412863e-04 -4.957809151903735988e-04 -9.955390185890126368e-04 8.544618173305314787e-05
6.426609933091061676e-04 -3.738804298390025448e-04 -4.960976377424724691e-04 -9.962921224084325331e-04 8.550755800981007756e-05
6.431223778491345624e-04 -3.741426559464837583e-04 -4.964147185418060597e-04 -9.970462418740764533e-04 8.556901395946828605e-05
6.435843615355621179e-04 -3.744052148417711273e-04 -4.967321581657366389e-04 -9.978013789673958588e-04 8.563054973173655062e-05
6.440469454962715603e-04 -3.746681071419378302e-04 -4.970499571924867892e-04 -9.985575356719494661e-04 8.569216547690247697e-05
6.445101308588739152e-04 -3.749313334634357979e-04 -4.973681161992002039e-04 -9.993147139642783849e-04 8.575386134523340980e-05
6.449739187567006754e-04 -3.751948944258003235e-04 -4.976866357684101450e-04 -1.000072915831868529e-03 8.581563748778180524e-05
6.454383103240045804e-04 -3.754587906485570511e-04 -4.980055164840764678e-04 -1.000832143262650117e-03 8.587749405573766402e-05
6.459033066982139979e-04 -3.757230227526471588e-04 -4.983247589324584035e-04 -1.001592398243307406e-03 8.593943120072347511e-05
6.463689090180641927e-04 -3.759875913577737745e-04 -4.986443636982929636e-04 -1.002353682753203681e-03 8.600144907451960088e-05
6.468351175194404779e-04 -3.762524945788397850e-04 -4.989643286664014561e-04 -1.003116008118257229e-03 8.606354787437410232e-05
6.473019339001920714e-04 -3.765177350132426393e-04 -4.992846561391971324e-04 -1.003879369659997330e-03 8.612572772374146228e-05
6.477693595031164828e-04 -3.767833136548080731e-04 -4.996053472400986250e-04 -1.004643767710912579e-03 8.618798876700955970e-05
6.482373948835142008e-04 -3.770492299515985760e-04 -4.999264011926375260e-04 -1.005409208508795376e-03 8.625033118550333390e-05
6.487060418910975575e-04 -3.773154857270336559e-04 -5.002478202020338915e-04 -1.006175689267167208e-03 8.631275510178246214e-05
6.491753017492992578e-04 -3.775820817176443744e-04 -5.005696049985652136e-04 -1.006943211574149420e-03 8.637526066720383096e-05
6.496451756199944768e-04 -3.778490185499415650e-04 -5.008917561648645010e-04 -1.007711777480804673e-03 8.643784803639711315e-05
6.501156646680386446e-04 -3.781162968519259171e-04 -5.012142742881202546e-04 -1.008481389053080858e-03 8.650051736440446620e-05
6.505867700607438847e-04 -3.783839172536684046e-04 -5.015371599567902509e-04 -1.009252048362518179e-03 8.656326880659731982e-05
6.510584929701331795e-04 -3.786518803896622991e-04 -5.018604137637267546e-04 -1.010023757484282197e-03 8.662610251900755901e-05
6.515308345677833617e-04 -3.789201868965375096e-04 -5.021840363031884573e-04 -1.010796518483506349e-03 8.668901865766311143e-05
6.520037960084945367e-04 -3.791888374132985646e-04 -5.025080280985388297e-04 -1.011570333589023206e-03 8.675201737999852154e-05
6.524773781254779173e-04 -3.794578325853194094e-04 -5.028323885290935952e-04 -1.012345207420684793e-03 8.681509885614829857e-05
6.529515824648460254e-04 -3.797271730512233128e-04 -5.031571194872336457e-04 -1.013121139383792559e-03 8.687826322955969477e-05
6.534264097054434282e-04 -3.799968592051028026e-04 -5.034822200485747140e-04 -1.013898134570074324e-03 8.694151067848947929e-05
6.539018609548933421e-04 -3.802668914935554445e-04 -5.038076908023132435e-04 -1.014676195283542538e-03 8.700484136469343341e-05
6.543779379386833583e-04 -3.805372709800014237e-04 -5.041335337726417882e-04 -1.015455320641676148e-03 8.706825542450760864e-05
6.548546412137790833e-04 -3.808079980016750498e-04 -5.044597474930928842e-04 -1.016235517229936713e-03 8.713175304289128486e-05
6.553319726417683325e-04 -3.810790735511609181e-04 -5.047863347144544103e-04 -1.017016782499619281e-03 8.719533435215665984e-05
6.558099334327505093e-04 -3.813504982846546666e-04 -5.051132960894320120e-04 -1.017799118433164538e-03 8.725899951110183844e-05
6.562885247904492580e-04 -3.816222728534924310e-04 -5.054406322260257762e-04 -1.018582527119287536e-03 8.732274868011025951e-05
6.567677474034405109e-04 -3.818943970228752148e-04 -5.057683425174209742e-04 -1.019367013982280367e-03 8.738658204268487547e-05
6.572476027158355915e-04 -3.821668718479783334e-04 -5.060964281209085576e-04 -1.020152579600788235e-03 8.745049974928039468e-05
6.577280922163315779e-04 -3.824396984583824282e-04 -5.064248902954063009e-04 -1.020939224279032633e-03 8.751450194851030629e-05
6.582092171218283149e-04 -3.827128775091930804e-04 -5.067537296457590460e-04 -1.021726950143162426e-03 8.757858880233687789e-05
6.586909786497642787e-04 -3.829864096556288454e-04 -5.070829467757898825e-04 -1.022515759334077269e-03 8.764276047277146434e-05
6.591733780221109952e-04 -3.832602955556079416e-04 -5.074125422921015776e-04 -1.023305654011626717e-03 8.770701712241843842e-05
6.596564164628110696e-04 -3.835345358691700460e-04 -5.077425168032417401e-04 -1.024096636339371551e-03 8.777135891417395881e-05
6.601400952008845344e-04 -3.838091312606277308e-04 -5.080728709227903036e-04 -1.024888708488507936e-03 8.783578601166593938e-05
6.606244154647709400e-04 -3.840840823949255491e-04 -5.084036052656717205e-04 -1.025681872631125638e-03 8.790029857847664904e-05
6.611093784888198233e-04 -3.843593899404383076e-04 -5.087347204542501302e-04 -1.026476130947419265e-03 8.796489677902630949e-05
6.615949855090007357e-04 -3.846350545668289532e-04 -5.090662171131063235e-04 -1.027271485619582914e-03 8.802958077798534917e-05
6.620812377631633437e-04 -3.849110769460001779e-04 -5.093980958664629790e-04 -1.028067938837531718e-03 8.809435074029187249e-05
6.625681364922764551e-04 -3.851874577519758609e-04 -5.097303573398160627e-04 -1.028865492792973213e-03 8.815920683130872005e-05
6.630556829420344812e-04 -3.854641976616089444e-04 -5.100630021615823809e-04 -1.029664149679165560e-03 8.822414921702372080e-05
6.635438782934446455e-04 -3.857412971711717768e-04 -5.103960307740304427e-04 -1.030463912456298578e-03 8.828917806701471393e-05
6.640327228475803503e-04 -3.860187543690426723e-04 -5.107294411622790393e-04 -1.031264794231548203e-03 8.835429359479554418e-05
6.645222188730275223e-04 -3.862965727057857384e-04 -5.110632367864553207e-04 -1.032066785552177663e-03 8.841949591754202540e-05
6.650123676244732709e-04 -3.865747528648621296e-04 -5.113974182796312239e-04 -1.032869888614470263e-03 8.848478520247041472e-05
6.655031703648197055e-04 -3.868532955324459994e-04 -5.117319862791797156e-04 -1.033674105628968297e-03 8.855016161786461023e-05
6.659946283565052220e-04 -3.871322013915779944e-04 -5.120669414182031989e-04 -1.034479438804334706e-03 8.861562533192138085e-05
6.664867428664624513e-04 -3.874114711254180235e-04 -5.124022843263233542e-04 -1.035285890350525449e-03 8.868117651341195999e-05
6.669795151655974084e-04 -3.876911054191980685e-04 -5.127380156333686189e-04 -1.036093462478472702e-03 8.874681533161521809e-05
6.674729465263110062e-04 -3.879711049574096010e-04 -5.130741359677948310e-04 -1.036902157407845358e-03 8.881254195591481372e-05
6.679670382276233203e-04 -3.882514704270880650e-04 -5.134106459591856152e-04 -1.037711977378876806e-03 8.887835655652993232e-05
6.684617915517037084e-04 -3.885322025174612151e-04 -5.137475462364059870e-04 -1.038522924643970387e-03 8.894425930407912518e-05
6.689572077836720759e-04 -3.888133019207031253e-04 -5.140848374307128207e-04 -1.039335001465413683e-03 8.901025036960252205e-05
6.694532882099710550e-04 -3.890947693310624908e-04 -5.144225201763309935e-04 -1.040148210109982218e-03 8.907632992439871295e-05
6.699500341223976101e-04 -3.893766054466432126e-04 -5.147605951131403648e-04 -1.040962552858069098e-03 8.914249814052232915e-05
6.704474468140467127e-04 -3.896588109660050988e-04 -5.150990628839891223e-04 -1.041778032004170946e-03 8.920875519020807437e-05
6.709455275825793432e-04 -3.899413865895510469e-04 -5.154379241359493971e-04 -1.042594649840844316e-03 8.927510124627506441e-05
6.714442777277069251e-04 -3.902243330188851422e-04 -5.157771795188001397e-04 -1.043412408657471650e-03 8.934153648182395523e-05
6.719436985523538066e-04 -3.905076509574405188e-04 -5.161168296838638788e-04 -1.044231310753549694e-03 8.940806107039050673e-05
6.724437913641929249e-04 -3.907913411130396492e-04 -5.164568752858092080e-04 -1.045051358442172611e-03 8.947467518617396984e-05
6.729445574724752729e-04 -3.910754041969584068e-04 -5.167973169788605235e-04 -1.045872554039697358e-03 8.954137900359283473e-05
6.734459981894793702e-04 -3.913598409234077626e-04 -5.171381554183548295e-04 -1.046694899863366253e-03 8.960817269749314672e-05
6.739481148320167854e-04 -3.916446520094447187e-04 -5.174793912631475831e-04 -1.047518398234398686e-03 8.967505644335409807e-05
6.744509087193157736e-04 -3.919298381734477566e-04 -5.178210251753709173e-04 -1.048343051475803195e-03 8.974203041700053824e-05
6.749543811731686200e-04 -3.922154001347642012e-04 -5.181630578170960330e-04 -1.049168861910739674e-03 8.980909479460625364e-05
6.754585335198334383e-04 -3.925013386114937315e-04 -5.185054898501239478e-04 -1.049995831868000013e-03 8.987624975288916460e-05
6.759633670891925048e-04 -3.927876543211863362e-04 -5.188483219345689859e-04 -1.050823963677321960e-03 8.994349546902446731e-05
6.764688832130448569e-04 -3.930743479820477835e-04 -5.191915547267307064e-04 -1.051653259660958800e-03 9.001083212043572155e-05
6.769750832292505474e-04 -3.933614203151570318e-04 -5.195351888818773751e-04 -1.052483722149550769e-03 9.007825988531673142e-05
6.774819684765183425e-04 -3.936488720395367414e-04 -5.198792250528147096e-04 -1.053315353480377761e-03 9.014577894190785399e-05
6.779895398510787062e-04 -3.939367032322135137e-04 -5.202236629292685509e-04 -1.054148159162923270e-03 9.021338948907426487e-05
6.784977989598891526e-04 -3.942249149882142496e-04 -5.205685037190975820e-04 -1.054982139751772536e-03 9.028109169514652351e-05
6.790067473448702443e-04 -3.945135083086477590e-04 -5.209137484900361369e-04 -1.055817296286767383e-03 9.034888573168926959e-05
6.795163863617701772e-04 -3.948024839242234799e-04 -5.212593979051729403e-04 -1.056653631160125745e-03 9.041677177918078896e-05
6.800267173685067444e-04 -3.950918425662222795e-04 -5.216054526305085584e-04 -1.057491146770173735e-03 9.048475001839416203e-05
6.805377417282926569e-04 -3.953815849683856216e-04 -5.219519133358492156e-04 -1.058329845529602711e-03 9.055282063080454435e-05
6.810494608064419182e-04 -3.956717118662487283e-04 -5.222987806966306393e-04 -1.059169729853859853e-03 9.062098379819854210e-05
6.815618759703629933e-04 -3.959622239968556517e-04 -5.226460553926236307e-04 -1.060010802165181837e-03 9.068923970269180323e-05
6.820749885929459650e-04 -3.962531221016546900e-04 -5.229937381055254015e-04 -1.060853064898887969e-03 9.075758852714941693e-05
6.825887995161596892e-04 -3.965444065901251513e-04 -5.233418280646901432e-04 -1.061696523454751977e-03 9.082603047633974150e-05
6.831033105987212306e-04 -3.968360785134986200e-04 -5.236903272582305469e-04 -1.062541177625628361e-03 9.089456571460568146e-05
6.836185232747239932e-04 -3.971281386556211202e-04 -5.240392365132932320e-04 -1.063387029572572529e-03 9.096319442394260610e-05
6.841344389279987439e-04 -3.974205877689749298e-04 -5.243885565166967475e-04 -1.064234081739987448e-03 9.103191678878279174e-05
6.846510589500110931e-04 -3.977134266099727222e-04 -5.247382879597697067e-04 -1.065082336573413202e-03 9.110073299457522526e-05
6.851683847307097437e-04 -3.980066559324011788e-04 -5.250884315308294598e-04 -1.065931796517164288e-03 9.116964322655572587e-05
6.856864176667585133e-04 -3.983002764905130256e-04 -5.254389879197174200e-04 -1.066782464027144460e-03 9.123864767083807257e-05
6.862051591568388113e-04 -3.985942890387445979e-04 -5.257899578142909104e-04 -1.067634341550440956e-03 9.130774651382708490e-05
6.867246106046893082e-04 -3.988886943337535988e-04 -5.261413418990956671e-04 -1.068487431530451689e-03 9.137693994259581684e-05
6.872447734160829630e-04 -3.991834931300420664e-04 -5.264931408515247276e-04 -1.069341736408260671e-03 9.144622814438475031e-05
6.877656490056022025e-04 -3.994786861860130526e-04 -5.268453553502593784e-04 -1.070197258644188043e-03 9.151561130748612463e-05
6.882872387879067572e-04 -3.997742742604137888e-04 -5.271979860755909462e-04 -1.071054000716634754e-03 9.158508962014072019e-05
6.888095441857250987e-04 -4.000702581181481490e-04 -5.275510337142605682e-04 -1.071911965127869812e-03 9.165466327165297392e-05
6.893325666206479366e-04 -4.003666385238370301e-04 -5.279044989530803965e-04 -1.072771154378933606e-03 9.172433245119761150e-05
6.898563075216210998e-04 -4.006634162466409378e-04 -5.282583824857766492e-04 -1.073631570988663490e-03 9.179409734900332511e-05
6.903807683180332054e-04 -4.009605920556793949e-04 -5.286126850089755682e-04 -1.074493217501632522e-03 9.186395815539448776e-05
6.909059504445918577e-04 -4.012581667223975379e-04 -5.289674072240408169e-04 -1.075356096477284246e-03 9.193391506140975841e-05
6.914318553382105791e-04 -4.015561410202376038e-04 -5.293225498370525547e-04 -1.076220210471058461e-03 9.200396825841502179e-05
6.919584844433145695e-04 -4.018545157272913220e-04 -5.296781135580495804e-04 -1.077085562053466247e-03 9.207411793876949511e-05
6.924858392018567229e-04 -4.021532916225888533e-04 -5.300340990947721839e-04 -1.077952153792009152e-03 9.214436429453418576e-05
6.930139210639196063e-04 -4.024524694915332444e-04 -5.303905071588909965e-04 -1.078819988268344939e-03 9.221470751889454076e-05
6.935427314818509020e-04 -4.027520501212149403e-04 -5.307473384621951527e-04 -1.079689068062648829e-03 9.228514780535644309e-05
6.940722719100863572e-04 -4.030520343014629722e-04 -5.311045937180920674e-04 -1.080559395748323685e-03 9.235568534774913903e-05
6.946025438089370105e-04 -4.033524228248608953e-04 -5.314622736437670577e-04 -1.081430973899199545e-03 9.242632034071186873e-05
6.951335486396942364e-04 -4.036532164831945087e-04 -5.318203789582242984e-04 -1.082303805088926469e-03 9.249705297902592995e-05
6.956652878701876904e-04 -4.039544160691655459e-04 -5.321789103822191676e-04 -1.083177891898866665e-03 9.256788345831654986e-05
6.961977629707498004e-04 -4.042560223758422545e-04 -5.325378686329694002e-04 -1.084053236900888416e-03 9.263881197451690971e-05
6.967309754145634701e-04 -4.045580361963318594e-04 -5.328972544248167763e-04 -1.084929842656277973e-03 9.270983872387638476e-05
6.972649266819763367e-04 -4.048604583256669117e-04 -5.332570684666579960e-04 -1.085807711727412731e-03 9.278096390351138673e-05
6.977996182552498707e-04 -4.051632895591230949e-04 -5.336173114622834923e-04 -1.086686846693692490e-03 9.285218771073280614e-05
6.983350516236304069e-04 -4.054665306956610244e-04 -5.339779841210521606e-04 -1.087567250164606916e-03 9.292351034376235817e-05
6.988712282795536777e-04 -4.057701825357809913e-04 -5.343390871551306548e-04 -1.088448924770113024e-03 9.299493200121673286e-05
6.994081497181249378e-04 -4.060742458823555210e-04 -5.347006212792409846e-04 -1.089331873149028363e-03 9.306645288207940586e-05
6.999458173473438807e-04 -4.063787214456768986e-04 -5.350625869880383566e-04 -1.090216098555949614e-03 9.313807319055523494e-05
7.004842320635212014e-04 -4.066836094143206791e-04 -5.354249835524859313e-04 -1.091101607413678953e-03 9.320979315224475065e-05
7.010233960727789036e-04 -4.069889113132185731e-04 -5.357878133812264384e-04 -1.091988398095485079e-03 9.328161293820721892e-05
7.015633108861274881e-04 -4.072946279542680051e-04 -5.361510772061719131e-04 -1.092876473300291107e-03 9.335353274966165895e-05
7.021039780200909490e-04 -4.076007601527986040e-04 -5.365147757627456880e-04 -1.093765835728493585e-03 9.342555278857069001e-05
7.026453989922872402e-04 -4.079073087256506174e-04 -5.368789097875534180e-04 -1.094656488083358076e-03 9.349767325705793538e-05
7.031875753278469697e-04 -4.082142744960701392e-04 -5.372434800218296507e-04 -1.095548433075035693e-03 9.356989435829091530e-05
7.037305085511299857e-04 -4.085216582887408066e-04 -5.376084872060974806e-04 -1.096441673412989733e-03 9.364221629536929252e-05
7.042742001947649129e-04 -4.088294609337898735e-04 -5.379739320848801656e-04 -1.097336211815417824e-03 9.371463927250802144e-05
7.048186517910423219e-04 -4.091376832599566524e-04 -5.383398154006588691e-04 -1.098232050990160863e-03 9.378716349385440225e-05
7.053638648795321165e-04 -4.094463260995025405e-04 -5.387061379031310958e-04 -1.099129193643642909e-03 9.385978916453411919e-05
7.059098410013770527e-04 -4.097553902853807105e-04 -5.390729003421261892e-04 -1.100027642478009111e-03 9.393251648988281224e-05
7.064565817029965899e-04 -4.100648766528706534e-04 -5.394401034671705668e-04 -1.100927400196723875e-03 9.400534567595272481e-05
7.070040885335715421e-04 -4.103747860367732933e-04 -5.398077480244601939e-04 -1.101828469502472282e-03 9.407827692915098679e-05
7.075523630503556928e-04 -4.106851192737046713e-04 -5.401758347573288504e-04 -1.102730853100967155e-03 9.415131045690531468e-05
7.081014063936680010e-04 -4.109958765933951932e-04 -5.405443634193505013e-04 -1.103634556438629587e-03 9.422444648483776044e-05
7.086512200406977144e-04 -4.113070587052973753e-04 -5.409133345396035554e-04 -1.104539582848731169e-03 9.429768522533091225e-05
7.092018060634035399e-04 -4.116186671796596519e-04 -5.412827500434131463e-04 -1.105445931810441129e-03 9.437102686511001206e-05
7.097531660342105021e-04 -4.119307028614841511e-04 -5.416526106745430487e-04 -1.106353606117008821e-03 9.444447161346505621e-05
7.103053015310912708e-04 -4.122431665987819332e-04 -5.420229171847145387e-04 -1.107262608571363358e-03 9.451801968047200632e-05
7.108582141344079895e-04 -4.125560592406587231e-04 -5.423936703310933225e-04 -1.108172941987032581e-03 9.459167127658125323e-05
7.114119054311418555e-04 -4.128693816384409088e-04 -5.427648708729954042e-04 -1.109084609201156299e-03 9.466542661310801520e-05
7.119663770112520445e-04 -4.131831346442697101e-04 -5.431365195697728920e-04 -1.109997613056743762e-03 9.473928590175621051e-05
7.125216304672824701e-04 -4.134973191127408725e-04 -5.435086171834142398e-04 -1.110911956391874567e-03 9.481324935459337175e-05
7.130776673818214678e-04 -4.138119359061614749e-04 -5.438811644249569050e-04 -1.111827642147070238e-03 9.488731718504820668e-05
7.136344893161018429e-04 -4.141269858946926654e-04 -5.442541619227851679e-04 -1.112744673402031982e-03 9.496148960790444537e-05
7.141920975155696162e-04 -4.144424695680437912e-04 -5.446276095716216965e-04 -1.113663055399418539e-03 9.503576685232582172e-05
7.147504939439408697e-04 -4.147583881036223620e-04 -5.450015090499260540e-04 -1.114582788694870293e-03 9.511014911830916092e-05
7.153096802780871356e-04 -4.150747424286471829e-04 -5.453758612955083998e-04 -1.115503875721373783e-03 9.518463661806563880e-05
7.158696581379326608e-04 -4.153915334183325972e-04 -5.457506670899315909e-04 -1.116426319334728589e-03 9.525922956744495946e-05
7.164304291436092084e-04 -4.157087619488920947e-04 -5.461259272153597827e-04 -1.117350122382582177e-03 9.533392818238825236e-05
7.169919949222749306e-04 -4.160264288985510649e-04 -5.465016424547981463e-04 -1.118275287718758712e-03 9.540873267977023988e-05
7.175543571042230584e-04 -4.163445351439036069e-04 -5.468778135875482184e-04 -1.119201818199254449e-03 9.548364327684445111e-05
7.181175173245556934e-04 -4.166630815620371857e-04 -5.472544413882639942e-04 -1.120129716684893813e-03 9.555866019143349928e-05
7.186814772255759910e-04 -4.169820690326513806e-04 -5.476315266289889273e-04 -1.121058986056630092e-03 9.563378364226798986e-05
7.192462377492135368e-04 -4.173014976105076713e-04 -5.480090681979344052e-04 -1.121989633520655526e-03 9.570901387838611255e-05
7.198118010214688781e-04 -4.176213687399004488e-04 -5.483870681389134633e-04 -1.122921659077202351e-03 9.578435109900638447e-05
7.203781688432853072e-04 -4.179416835498569777e-04 -5.487655275796662555e-04 -1.123855064747630861e-03 9.585979551799322712e-05
7.209453424846920446e-04 -4.182624428175686659e-04 -5.491444460738472387e-04 -1.124789855759817346e-03 9.593534737196117435e-05
7.215133240756258339e-04 -4.185836475716479300e-04 -5.495238258795251450e-04 -1.125726032355261119e-03 9.601100686370959199e-05
7.220821152861597175e-04 -4.189052987065705613e-04 -5.499036677871428809e-04 -1.126663597518583627e-03 9.608677421554956833e-05
7.226517177904160164e-04 -4.192273971181717236e-04 -5.502839725863131791e-04 -1.127602554241036864e-03 9.616264965031004724e-05
7.232221332653516977e-04 -4.195499437041598110e-04 -5.506647410678468160e-04 -1.128542905508695326e-03 9.623863339120457977e-05
7.237933633936713016e-04 -4.198729393658880886e-04 -5.510459740254135003e-04 -1.129484654310816075e-03 9.631472566220727124e-05
7.243654098613294809e-04 -4.201963850083479161e-04 -5.514276722576348178e-04 -1.130427803642106025e-03 9.639092668777168827e-05
7.249382743606741031e-04 -4.205202815416011412e-04 -5.518098365675696681e-04 -1.131372356500441210e-03 9.646723669326781939e-05
7.255119585854218414e-04 -4.208446298781372491e-04 -5.521924677614137647e-04 -1.132318315884385269e-03 9.654365590431317646e-05
7.260864642358755717e-04 -4.211694309343689104e-04 -5.525755666507637743e-04 -1.133265684806222416e-03 9.662018454744193718e-05
7.266617930116873233e-04 -4.214946856270337851e-04 -5.529591340469971377e-04 -1.134214466276241067e-03 9.669682284918115062e-05
7.272379466241562758e-04 -4.218203948795372685e-04 -5.533431707682605121e-04 -1.135164663318792609e-03 9.677357103763758908e-05
7.278149267824802083e-04 -4.221465596132894984e-04 -5.537276776291515275e-04 -1.136116278948524601e-03 9.685042934061080262e-05
7.283927352031082606e-04 -4.224731807514688379e-04 -5.541126554431823103e-04 -1.137069316184473669e-03 9.692739798683614328e-05
7.289713736112601178e-04 -4.228002592195867992e-04 -5.544981050214818023e-04 -1.138023778049790553e-03 9.700447720616105641e-05
7.295508437284197378e-04 -4.231277959397414462e-04 -5.548840271662526004e-04 -1.138979667572056912e-03 9.708166722788757943e-05
7.301311472914021310e-04 -4.234557918430106936e-04 -5.552704226832200912e-04 -1.139936987813749232e-03 9.715896828332398457e-05
7.307122860343978881e-04 -4.237842478593490054e-04 -5.556572923720706552e-04 -1.140895741846700883e-03 9.723638060335818532e-05
7.312942613944220125e-04 -4.241131646365040248e-04 -5.560446362868365919e-04 -1.141855934656898748e-03 9.731390443279205470e-05
7.318770751008464668e-04 -4.244425430935937237e-04 -5.564324551926519511e-04 -1.142817569489480711e-03 9.739154000530910794e-05
7.324607292276543802e-04 -4.247723844717356625e-04 -5.568207507044014995e-04 -1.143780647462857040e-03 9.746928754020445392e-05
7.330452255343016151e-04 -4.251026897117798323e-04 -5.572095236441048814e-04 -1.144745171708232449e-03 9.754714727163970038e-05
7.336305657846103325e-04 -4.254334597541774548e-04 -5.575987748342430689e-04 -1.145711145367179227e-03 9.762511943434083652e-05
7.342167517454699019e-04 -4.257646955411948687e-04 -5.579885050965461158e-04 -1.146678571581189647e-03 9.770320426345765260e-05
7.348037851865001470e-04 -4.260963980189904818e-04 -5.583787152533921036e-04 -1.147647453493775421e-03 9.778140199455181373e-05
7.353916678857861256e-04 -4.264285681405198905e-04 -5.587694061382348894e-04 -1.148617794270659007e-03 9.785971286440940165e-05
7.359804016220334926e-04 -4.267612068599185740e-04 -5.591605785875644217e-04 -1.149589597076260952e-03 9.793813710995591295e-05
7.365699881809584628e-04 -4.270943151368066654e-04 -5.595522334443517928e-04 -1.150562865083974446e-03 9.801667496909799296e-05
7.371604293515714905e-04 -4.274278939336298368e-04 -5.599443715535999981e-04 -1.151537601479245320e-03 9.809532668018071128e-05
7.377517269281929106e-04 -4.277619442165469903e-04 -5.603369937642085474e-04 -1.152513809451288958e-03 9.817409248233289370e-05
7.383438827079194825e-04 -4.280964669532612028e-04 -5.607301009250773840e-04 -1.153491492182355830e-03 9.825297261507633508e-05
7.389368984961255243e-04 -4.284314631168507003e-04 -5.611236938875495926e-04 -1.154470652857312370e-03 9.833196731900329020e-05
7.395307760989658710e-04 -4.287669336800644911e-04 -5.615177734989993188e-04 -1.155451294656420838e-03 9.841107683479083910e-05
7.401255173331166724e-04 -4.291028796187340783e-04 -5.619123406073381474e-04 -1.156433420775613034e-03 9.849030140447510926e-05
7.407211240137236185e-04 -4.294393019061065525e-04 -5.623073960506195547e-04 -1.157417034420699575e-03 9.856964126981143334e-05
7.413175979686261298e-04 -4.297762015208885043e-04 -5.627029406684544736e-04 -1.158402138817362552e-03 9.864909667418614997e-05
7.419149410259729500e-04 -4.301135794418361807e-04 -5.630989752956202469e-04 -1.159388737203451191e-03 9.872866786095773381e-05
7.425131550218243542e-04 -4.304514366523483283e-04 -5.634955007717692239e-04 -1.160376832848213427e-03 9.880835507451309302e-05
7.431122408025063898e-04 -4.307897721160357110e-04 -5.638925154172457497e-04 -1.161366436517474125e-03 9.888815860547546597e-05
7.437122010185648552e-04 -4.311285884469047251e-04 -5.642900221179265830e-04 -1.162357545472046802e-03 9.896807866327110613e-05
7.443130377097198144e-04 -4.314678870161113805e-04 -5.646880222091822318e-04 -1.163350161564655379e-03 9.904811548523302102e-05
7.449147527343757567e-04 -4.318076688123944989e-04 -5.650865165472862984e-04 -1.164344288105271510e-03 9.912826931869373349e-05
7.455173479549004724e-04 -4.321479348286708750e-04 -5.654855059883080130e-04 -1.165339928409525735e-03 9.920854041154594653e-05
7.461208252363739921e-04 -4.324886860620816807e-04 -5.658849913906449300e-04 -1.166337085800571221e-03 9.928892901212535459e-05
7.467251864544704109e-04 -4.328299235160753796e-04 -5.662849736238338054e-04 -1.167335763631742072e-03 9.936943537023038996e-05
7.473304334806158116e-04 -4.331716481908815474e-04 -5.666854535603411264e-04 -1.168335965245584146e-03 9.945005973513937954e-05
7.479365681972253163e-04 -4.335138610951130823e-04 -5.670864320798750914e-04 -1.169337693999191992e-03 9.953080235761196861e-05
7.485435924904934677e-04 -4.338565632422543110e-04 -5.674879100609853209e-04 -1.170340953251768719e-03 9.961166348888754831e-05
7.491515082500438145e-04 -4.341997556499792429e-04 -5.678898883866288251e-04 -1.171345746359649933e-03 9.969264338074797682e-05
7.497603173746750747e-04 -4.345434393422104155e-04 -5.682923679442547895e-04 -1.172352076687650574e-03 9.977374228624568883e-05
7.503700217620143777e-04 -4.348876153428614757e-04 -5.686953496197780364e-04 -1.173359947595960804e-03 9.985496045825911814e-05
7.509806233187239430e-04 -4.352322846800263205e-04 -5.690988342998810033e-04 -1.174369362454124200e-03 9.993629815084477906e-05
7.515921239561573330e-04 -4.355774483809591864e-04 -5.695028228658244665e-04 -1.175380324635071820e-03 1.000177556186292594e-04
7.522045255939869765e-04 -4.359231074730248985e-04 -5.699073161957336894e-04 -1.176392837531509703e-03 1.000993331172669707e-04
7.528178301523915164e-04 -4.362692629805152195e-04 -5.703123151610184956e-04 -1.177406904535538467e-03 1.001810309024088957e-04
7.534320395646698513e-04 -4.366159159342037602e-04 -5.707178206355911559e-04 -1.178422529067949757e-03 1.002628492314352923e-04
7.540471557629207762e-04 -4.369630673635177152e-04 -5.711238334915336992e-04 -1.179439714568358052e-03 1.003447883615143080e-04
7.546631806910843090e-04 -4.373107183035736300e-04 -5.715303546107749870e-04 -1.180458464501597891e-03 1.004268485513770220e-04
7.552801162939585047e-04 -4.376588697905685658e-04 -5.719373848765027480e-04 -1.181478782329502958e-03 1.005090300598883175e-04
7.558979645253460430e-04 -4.380075228646245584e-04 -5.723449251776665950e-04 -1.182500671527969473e-03 1.005913331470941938e-04
7.565167263601661795e-04 -4.383566764193016899e-04 -5.727529740153751306e-04 -1.183524144322006203e-03 1.006737581196094785e-04
7.571364044437589157e-04 -4.387063329878965038e-04 -5.731615339401554187e-04 -1.184549198165845080e-03 1.007563052070220859e-04
7.577570010419415599e-04 -4.390564942704977460e-04 -5.735706065745360682e-04 -1.185575833919770171e-03 1.008389746572290965e-04
7.583785181292507487e-04 -4.394071613203572491e-04 -5.739801928251843984e-04 -1.186604055125845252e-03 1.009217667331561508e-04
7.590009571775418887e-04 -4.397583344564243071e-04 -5.743902924029106218e-04 -1.187633868465664188e-03 1.010046817197407412e-04
7.596243203432358551e-04 -4.401100149928563617e-04 -5.748009066269609913e-04 -1.188665276423889845e-03 1.010877198741587808e-04
7.602486099475240641e-04 -4.404622044857505695e-04 -5.752120372013431017e-04 -1.189698280469195929e-03 1.011708814470808611e-04
7.608738279830585443e-04 -4.408149040096026746e-04 -5.756236850461932076e-04 -1.190732884145743933e-03 1.012541667040070743e-04
7.614999764462812614e-04 -4.411681146434536134e-04 -5.760358510865550962e-04 -1.191769091007892703e-03 1.013375759110154463e-04
7.621270573458626806e-04 -4.415218374712840559e-04 -5.764485362534712285e-04 -1.192806904623027776e-03 1.014211093357958188e-04
7.627550726904805314e-04 -4.418760735713415195e-04 -5.768617414681460149e-04 -1.193846328547135171e-03 1.015047672459682109e-04
7.633840244962998263e-04 -4.422308240199878770e-04 -5.772754676475223010e-04 -1.194887366344607807e-03 1.015885499100798242e-04
7.640139147902393459e-04 -4.425860898953303500e-04 -5.776897157071177484e-04 -1.195930021597888622e-03 1.016724575980520865e-04
7.646447455950789287e-04 -4.429418722735423771e-04 -5.781044865518018524e-04 -1.196974297882012631e-03 1.017564905792005871e-04
7.652765189522826861e-04 -4.432981722416457068e-04 -5.785197810949524932e-04 -1.198020198812806440e-03 1.018406491253084917e-04
7.659092368996292012e-04 -4.436549908839423667e-04 -5.789356002465338323e-04 -1.199067728019355145e-03 1.019249335076159295e-04
7.665429014854917723e-04 -4.440123292899479874e-04 -5.793519449255616011e-04 -1.200116889149296711e-03 1.020093439987835248e-04
7.671775147678343331e-04 -4.443701885539844132e-04 -5.797688160553714264e-04 -1.201167685864372621e-03 1.020938808727445379e-04
7.678130786629059441e-04 -4.447285696026734877e-04 -5.801862141428948275e-04 -1.202220122825475423e-03 1.021785444090091079e-04
7.684495943014640939e-04 -4.450874724171740540e-04 -5.806041372928762590e-04 -1.203274210493128623e-03 1.022633349239609541e-04
7.690870648284656250e-04 -4.454468993764602457e-04 -5.810225896712611958e-04 -1.204329944844935657e-03 1.023482526463317694e-04
7.697254912544301136e-04 -4.458068493333298293e-04 -5.814415699653599891e-04 -1.205387338128116040e-03 1.024332979020822342e-04
7.703648766239371221e-04 -4.461673254377470353e-04 -5.818610811534796930e-04 -1.206446386375579658e-03 1.025184709236037794e-04
7.710052231248087310e-04 -4.465283290160238080e-04 -5.822811243951421132e-04 -1.207507092531369961e-03 1.026037719843309325e-04
7.716465328506271924e-04 -4.468898611913478449e-04 -5.827017006384019272e-04 -1.208569460338339762e-03 1.026892013630587876e-04
7.722888079010249316e-04 -4.472519230959771160e-04 -5.831228108379155192e-04 -1.209633493546157824e-03 1.027747593395318204e-04
7.729320503788170496e-04 -4.476145158638027794e-04 -5.835444559570362013e-04 -1.210699195905380653e-03 1.028604461940185017e-04
7.735762623917696564e-04 -4.479776406285672407e-04 -5.839666369633068595e-04 -1.211766571169397991e-03 1.029462622074553060e-04
7.742214460604279194e-04 -4.483412985265785070e-04 -5.843893548249162392e-04 -1.212835623108902364e-03 1.030322076623941559e-04
7.748676035048274310e-04 -4.487054906898793345e-04 -5.848126104978590640e-04 -1.213906355481532938e-03 1.031182828412107773e-04
7.755147368541657257e-04 -4.490702182512026821e-04 -5.852364049353428986e-04 -1.214978772047441407e-03 1.032044880274404774e-04
7.761628482443970857e-04 -4.494354823467689537e-04 -5.856607390876343014e-04 -1.216052876578405150e-03 1.032908235054975807e-04
7.768119398192103835e-04 -4.498012841149313956e-04 -5.860856139063841397e-04 -1.217128672865612450e-03 1.033772895608235708e-04
7.774620137242025785e-04 -4.501676246934345287e-04 -5.865110303406674335e-04 -1.218206164716835764e-03 1.034638864790582728e-04
7.781130721165308278e-04 -4.505345052274440753e-04 -5.869369893438538361e-04 -1.219285355972013008e-03 1.035506145473257303e-04
7.787651171590123655e-04 -4.509019268690725663e-04 -5.873634918746745972e-04 -1.220366250485385978e-03 1.036374740535332418e-04
7.794181510186718896e-04 -4.512698907703113728e-04 -5.877905388945610637e-04 -1.221448852125027636e-03 1.037244652861213162e-04
7.800721758723761596e-04 -4.516383980866695057e-04 -5.882181313726957605e-04 -1.222533164788163190e-03 1.038115885348177763e-04
7.807271938988065646e-04 -4.520074499734616329e-04 -5.886462702764565583e-04 -1.223619192386280309e-03 1.038988440895246494e-04
7.813832072870892636e-04 -4.523770475941378414e-04 -5.890749565805829518e-04 -1.224706938862198374e-03 1.039862322416127853e-04
7.820402182296558227e-04 -4.527471921180294188e-04 -5.895041912640957334e-04 -1.225796408162618421e-03 1.040737532829762158e-04
7.826982289231642449e-04 -4.531178847170893079e-04 -5.899339753087693523e-04 -1.226887604236647769e-03 1.041614075061025055e-04
7.833572415726164449e-04 -4.534891265691917673e-04 -5.903643097017965578e-04 -1.227980531042810464e-03 1.042491952046244213e-04
7.840172583877895972e-04 -4.538609188616547275e-04 -5.907951954338895280e-04 -1.229075192534010265e-03 1.043371166729377506e-04
7.846782815860786978e-04 -4.542332627886164014e-04 -5.912266335044540078e-04 -1.230171592670928132e-03 1.044251722065485177e-04
7.853403133894644840e-04 -4.546061595430946414e-04 -5.916586249186393028e-04 -1.231269735418980818e-03 1.045133621015452750e-04
7.860033560247170481e-04 -4.549796103159510930e-04 -5.920911706811009733e-04 -1.232369624739167169e-03 1.046016866545903347e-04
7.866674117287212210e-04 -4.553536162999803172e-04 -5.925242717937860256e-04 -1.233471264595005718e-03 1.046901461636165313e-04
7.873324827438177558e-04 -4.557281786892296164e-04 -5.929579292513241853e-04 -1.234574658953219465e-03 1.047787409272495183e-04
7.879985713206507682e-04 -4.561032986787874523e-04 -5.933921440495059253e-04 -1.235679811794683503e-03 1.048674712452179889e-04
7.886656797141577057e-04 -4.564789774648424811e-04 -5.938269171824871748e-04 -1.236786727115384531e-03 1.049563374178103561e-04
7.893338101840079082e-04 -4.568552162460529000e-04 -5.942622496417455588e-04 -1.237895408921189586e-03 1.050453397459166294e-04
7.900029648804930390e-04 -4.572320160909924868e-04 -5.946981421014451439e-04 -1.239005862090843211e-03 1.051344785376975323e-04
7.906731451926036916e-04 -4.576093772141106306e-04 -5.951345932844834827e-04 -1.240118096597401642e-03 1.052237541338882360e-04
7.913443544128261585e-04 -4.579873019596552284e-04 -5.955716067802278770e-04 -1.241232109788789921e-03 1.053131667953900535e-04
7.920165948309183411e-04 -4.583657915401703428e-04 -5.960091835927734628e-04 -1.242347905770108639e-03 1.054027168269723239e-04
7.926898687453365865e-04 -4.587448471749770587e-04 -5.964473247305746278e-04 -1.243465488686383048e-03 1.054924045345613385e-04
7.933641784585376226e-04 -4.591244700865455266e-04 -5.968860312058584579e-04 -1.244584862702644099e-03 1.055822302246178595e-04
7.940395262833620151e-04 -4.595046615038382077e-04 -5.973253040363283445e-04 -1.245706031995593528e-03 1.056721942050199183e-04
7.947159145334664089e-04 -4.598854226581822083e-04 -5.977651442388969699e-04 -1.246829000727336240e-03 1.057622967837707850e-04
7.953933455358922497e-04 -4.602667547901255029e-04 -5.982055528391589825e-04 -1.247953773076081229e-03 1.058525382706846458e-04
7.960718216169939245e-04 -4.606486591439050101e-04 -5.986465308644271658e-04 -1.249080353215419872e-03 1.059429189755927087e-04
7.967513451137782149e-04 -4.610311369741310777e-04 -5.990880793502582511e-04 -1.250208745316638316e-03 1.060334392098473714e-04
7.974319183663501186e-04 -4.614141895355750034e-04 -5.995301993360459616e-04 -1.251338953552977307e-03 1.061240992852470727e-04
7.981135437244960169e-04 -4.617978180828085375e-04 -5.999728918654458022e-04 -1.252470982100627704e-03 1.062148995148536989e-04
7.987962235429332423e-04 -4.621820238695693536e-04 -6.004161579826993974e-04 -1.253604835137224960e-03 1.063058402123417110e-04
7.994799601896172359e-04 -4.625668081579809954e-04 -6.008599987350570328e-04 -1.254740516876626201e-03 1.063969216931048161e-04
8.001647560294131373e-04 -4.629521722059065257e-04 -6.013044151600146440e-04 -1.255878031522763769e-03 1.064881442720698641e-04
8.008506125314079514e-04 -4.633381157815957786e-04 -6.017494056154484025e-04 -1.257017390676613919e-03 1.065795083071094135e-04
8.015375324404306733e-04 -4.637246407390500816e-04 -6.021949721996411190e-04 -1.258158595648300754e-03 1.066710140995223401e-04
8.022255186938525694e-04 -4.641117492409438795e-04 -6.026411175588922055e-04 -1.259301646255493777e-03 1.067626619429270178e-04
8.029145736937813409e-04 -4.644994425603489897e-04 -6.030878427352227324e-04 -1.260446546789878485e-03 1.068544521571199499e-04
8.036046998452288327e-04 -4.648877219723808961e-04 -6.035351487736055100e-04 -1.261593301557700124e-03 1.069463850622869494e-04
8.042958995645263943e-04 -4.652765887580511371e-04 -6.039830367222448135e-04 -1.262741914903797854e-03 1.070384609800763097e-04
8.049881752728988132e-04 -4.656660442015822239e-04 -6.044315076295809488e-04 -1.263892391201550504e-03 1.071306802327647278e-04
8.056815293973213768e-04 -4.660560895877497193e-04 -6.048805625454344113e-04 -1.265044734839842295e-03 1.072230431433112297e-04
8.063759643764666129e-04 -4.664467262071490751e-04 -6.053302025270339412e-04 -1.266198950224286688e-03 1.073155500362418119e-04
8.070714826515265183e-04 -4.668379553548336028e-04 -6.057804286286329028e-04 -1.267355041749732318e-03 1.074082012364719431e-04
8.077680861018111686e-04 -4.672297780443721970e-04 -6.062312403067081704e-04 -1.268513017044179195e-03 1.075009970931853316e-04
8.084657777446309238e-04 -4.676221958736389260e-04 -6.066826401933978494e-04 -1.269672877355740260e-03 1.075939379112147829e-04
8.091645600505790667e-04 -4.680152101634102316e-04 -6.071346293932966542e-04 -1.270834627015993579e-03 1.076870240178437991e-04
8.098644354944801961e-04 -4.684088222374489905e-04 -6.075872089922754529e-04 -1.271998270435538208e-03 1.077802557428480970e-04
8.105654065484607651e-04 -4.688030334155914784e-04 -6.080403800677848742e-04 -1.273163812024770023e-03 1.078736334155137270e-04
8.112674756986976198e-04 -4.691978450225212766e-04 -6.084941437095151050e-04 -1.274331256217933230e-03 1.079671573669723769e-04
8.119706454363161217e-04 -4.695932583834115919e-04 -6.089485010104207568e-04 -1.275500607459114201e-03 1.080608279290215024e-04
8.126749182629620797e-04 -4.699892748263453045e-04 -6.094034530573591048e-04 -1.276671870209514096e-03 1.081546454347863411e-04
8.133802966831456564e-04 -4.703858956774268425e-04 -6.098590009346044208e-04 -1.277845048927757137e-03 1.082486102178009695e-04
8.140867818992491211e-04 -4.707831196952098072e-04 -6.103151424690382489e-04 -1.279020159063413769e-03 1.083427226737740271e-04
8.147943776018080897e-04 -4.711809505052956992e-04 -6.107718816538320510e-04 -1.280197195341347544e-03 1.084369830843662897e-04
8.155030864655466111e-04 -4.715793897230590738e-04 -6.112292199265920460e-04 -1.281376161123887972e-03 1.085313917806055110e-04
8.162129110256062699e-04 -4.719784386906226872e-04 -6.116871583766416353e-04 -1.282557060954232471e-03 1.086259491000093295e-04
8.169238538302388232e-04 -4.723780987572849250e-04 -6.121456980948888904e-04 -1.283739899410107259e-03 1.087206553817931495e-04
8.176359174319459923e-04 -4.727783712735444933e-04 -6.126048401679444304e-04 -1.284924681093164295e-03 1.088155109656416996e-04
8.183491043947357024e-04 -4.731792575939791374e-04 -6.130645856856404728e-04 -1.286111410637508961e-03 1.089105161926745140e-04
8.190634172884532233e-04 -4.735807590754928672e-04 -6.135249357406460501e-04 -1.287300092688722919e-03 1.090056714047821712e-04
8.197788586959545761e-04 -4.739828770877586124e-04 -6.139858914312756356e-04 -1.288490731893161953e-03 1.091009769457256472e-04
8.204954311973202243e-04 -4.743856130054032393e-04 -6.144474538482812840e-04 -1.289683332880676167e-03 1.091964331589756097e-04
8.212131373882649351e-04 -4.747889682097958882e-04 -6.149096240986502183e-04 -1.290877900307198321e-03 1.092920403901168796e-04
8.219319798682796436e-04 -4.751929440851662581e-04 -6.153724033008789018e-04 -1.292074438829178117e-03 1.093877989853421495e-04
8.226519612406388250e-04 -4.755975420195785461e-04 -6.158357925787061316e-04 -1.293272953103141807e-03 1.094837092914457494e-04
8.233730841198601312e-04 -4.760027634066941972e-04 -6.162997930560644520e-04 -1.294473447806686241e-03 1.095797716566742573e-04
8.240953511261303989e-04 -4.764086096402425272e-04 -6.167644058636137733e-04 -1.295675927628365436e-03 1.096759864300667623e-04
8.248187648913884572e-04 -4.768150821182094300e-04 -6.172296321446202414e-04 -1.296880397283520355e-03 1.097723539622247704e-04
8.255433280538121768e-04 -4.772221822409126470e-04 -6.176954730358788330e-04 -1.298086861505092253e-03 1.098688746044884000e-04
8.262690432566813584e-04 -4.776299114086854239e-04 -6.181619296753351886e-04 -1.299295325029253302e-03 1.099655487088848965e-04
8.269959131538740958e-04 -4.780382710251294964e-04 -6.186290032064369494e-04 -1.300505792586994927e-03 1.100623766289255610e-04
8.277239404067976165e-04 -4.784472624950581962e-04 -6.190966947689834163e-04 -1.301718268912378362e-03 1.101593587190571443e-04
8.284531276884072020e-04 -4.788568872280443397e-04 -6.195650055032049693e-04 -1.302932758776106535e-03 1.102564953351577610e-04
8.291834776777148126e-04 -4.792671466402746478e-04 -6.200339365406702967e-04 -1.304149266984777275e-03 1.103537868337902534e-04
8.299149930596663553e-04 -4.796780421525092771e-04 -6.205034890097087079e-04 -1.305367798364374162e-03 1.104512335722359647e-04
8.306476765345967945e-04 -4.800895751928305980e-04 -6.209736640444917357e-04 -1.306588357778489798e-03 1.105488359098662140e-04
8.313815308054490344e-04 -4.805017471878090607e-04 -6.214444627741876450e-04 -1.307810950102737332e-03 1.106465942063423444e-04
8.321165585895484631e-04 -4.809145595708912884e-04 -6.219158863324312884e-04 -1.309035580238046472e-03 1.107445088231880873e-04
8.328527626087400739e-04 -4.813280137823242369e-04 -6.223879358527063810e-04 -1.310262253076955848e-03 1.108425801225972383e-04
8.335901455919192101e-04 -4.817421112713619804e-04 -6.228606124712270922e-04 -1.311490973525349969e-03 1.109408084677833932e-04
8.343287102797798281e-04 -4.821568534916950395e-04 -6.233339173345540246e-04 -1.312721746515058303e-03 1.110391942235595226e-04
8.350684594141318537e-04 -4.825722418989630597e-04 -6.238078516044237923e-04 -1.313954576979639620e-03 1.111377377550543029e-04
8.358093957452710464e-04 -4.829882779557498926e-04 -6.242824164529006854e-04 -1.315189469870409970e-03 1.112364394286108934e-04
8.365515220339966992e-04 -4.834049631304693619e-04 -6.247576130520583184e-04 -1.316426430148928293e-03 1.113352996119380871e-04
8.372948410512912575e-04 -4.838222988971489107e-04 -6.252334425828260690e-04 -1.317665462792412664e-03 1.114343186741746042e-04
8.380393555679427689e-04 -4.842402867270684513e-04 -6.257099062344751664e-04 -1.318906572778683756e-03 1.115334969844998498e-04
8.387850683714065045e-04 -4.846589280971104019e-04 -6.261870052008416563e-04 -1.320149765112347238e-03 1.116328349141991016e-04
8.395319822568419674e-04 -4.850782244857584934e-04 -6.266647406750102322e-04 -1.321395044806479438e-03 1.117323328355082391e-04
8.402801000254523289e-04 -4.854981773717809515e-04 -6.271431138498686966e-04 -1.322642416852072567e-03 1.118319911214227740e-04
8.410294238057400415e-04 -4.859187874945438638e-04 -6.276221240499030426e-04 -1.323891890966567885e-03 1.119318101756887671e-04
8.417799564555953533e-04 -4.863400563830626972e-04 -6.281017725734376741e-04 -1.325143471926870393e-03 1.120317903718780650e-04
8.425317014496924804e-04 -4.867619862305874821e-04 -6.285820623499773201e-04 -1.326397160406960060e-03 1.121319320597808787e-04
8.432846616252278292e-04 -4.871845785364802678e-04 -6.290629945502250551e-04 -1.327652961501898411e-03 1.122322356170262885e-04
8.440388398325241338e-04 -4.876078348057735355e-04 -6.295445703499367692e-04 -1.328910880331555687e-03 1.123327014229688825e-04
8.447942389258407576e-04 -4.880317565400792167e-04 -6.300267909149217735e-04 -1.330170922022927069e-03 1.124333298573242069e-04
8.455508617815487172e-04 -4.884563452530008443e-04 -6.305096574208678703e-04 -1.331433091754004707e-03 1.125341213026754547e-04
8.463087112723775189e-04 -4.888816024613844204e-04 -6.309931710444315967e-04 -1.332697394703356679e-03 1.126350761412305088e-04
8.470677902819662370e-04 -4.893075296911726744e-04 -6.314773329707105455e-04 -1.333963836083522803e-03 1.127361947567657676e-04
8.478281017074232057e-04 -4.897341284774328184e-04 -6.319621443959624364e-04 -1.335232421140965632e-03 1.128374775349608649e-04
8.485896484384920996e-04 -4.901614003520578461e-04 -6.324476065255393853e-04 -1.336503155115601957e-03 1.129389248606476969e-04
8.493524333913490083e-04 -4.905893468620276410e-04 -6.329337205835894537e-04 -1.337776043271891218e-03 1.130405371222127842e-04
8.501164594776830508e-04 -4.910179695521457678e-04 -6.334204877927945366e-04 -1.339051090845733453e-03 1.131423147074314423e-04
8.508817296232574828e-04 -4.914472699770659845e-04 -6.339079093888884799e-04 -1.340328303097144827e-03 1.132442580060173367e-04
8.516482467633952960e-04 -4.918772496944089686e-04 -6.343959866160800128e-04 -1.341607685303488305e-03 1.133463674089997173e-04
8.524160138363574531e-04 -4.923079102587924827e-04 -6.348847207171103967e-04 -1.342889242745464243e-03 1.134486433077102724e-04
8.531850335822241437e-04 -4.927392531887761105e-04 -6.353741121880868018e-04 -1.344172982365017489e-03 1.135510861041677793e-04
8.539553084810876712e-04 -4.931712799555845782e-04 -6.358641605896217693e-04 -1.345458913152131281e-03 1.136536962120353604e-04
8.547268421998173611e-04 -4.936039922589342084e-04 -6.363548696009268570e-04 -1.346747035107826070e-03 1.137564739997047613e-04
8.554996377155076959e-04 -4.940373916668832927e-04 -6.368462404552183934e-04 -1.348037353553526146e-03 1.138594198635939337e-04
8.562736968606162553e-04 -4.944714774956848269e-04 -6.373382716498155864e-04 -1.349329883461646310e-03 1.139625342558450260e-04
8.570490234024041734e-04 -4.949062528192906029e-04 -6.378309661960997277e-04 -1.350624623880316687e-03 1.140658175404165355e-04
8.578256207477542991e-04 -4.953417199847307429e-04 -6.383243262294344264e-04 -1.351921576975033358e-03 1.141692701005077803e-04
8.586034919187841277e-04 -4.957778805774095809e-04 -6.388183529590393643e-04 -1.353220748170824803e-03 1.142728923381042798e-04
8.593826399504151487e-04 -4.962147361922750318e-04 -6.393130476071459505e-04 -1.354522142955550106e-03 1.143766846569359399e-04
8.601630678802959454e-04 -4.966522884314551398e-04 -6.398084114029231866e-04 -1.355825766833322057e-03 1.144806474611905389e-04
8.609447787627012329e-04 -4.970905389092127730e-04 -6.403044455856370326e-04 -1.357131625348420318e-03 1.145847811573344954e-04
8.617277756504313196e-04 -4.975294892387594490e-04 -6.408011513976232584e-04 -1.358439724055612472e-03 1.146890861515922747e-04
8.625120616149554997e-04 -4.979691410436272057e-04 -6.412985301024046788e-04 -1.359750068534654795e-03 1.147935628527962959e-04
8.632976397230182229e-04 -4.984094959489917317e-04 -6.417965829694568126e-04 -1.361062664344923597e-03 1.148982116693510566e-04
8.640845130651754035e-04 -4.988505555949940664e-04 -6.422953112860344677e-04 -1.362377517060612111e-03 1.150030330129553894e-04
8.648726846407488612e-04 -4.992923215048685479e-04 -6.427947161461991174e-04 -1.363694632827867730e-03 1.151080272986810936e-04
8.656621567106241935e-04 -4.997347942276831288e-04 -6.432947969773072667e-04 -1.365014022928431187e-03 1.152131949759499052e-04
8.664529328255243757e-04 -5.001779765481709737e-04 -6.437955555933945993e-04 -1.366335689450095961e-03 1.153185364382260976e-04
8.672450165209082259e-04 -5.006218701690426463e-04 -6.442969945871591985e-04 -1.367659635686797274e-03 1.154240520863125831e-04
8.680384110027043222e-04 -5.010664767506184652e-04 -6.447991155001480106e-04 -1.368985866801775619e-03 1.155297423339688698e-04
8.688331188628544083e-04 -5.015117965035623820e-04 -6.453019180137649748e-04 -1.370314394011291556e-03 1.156356076261052336e-04
8.696291425140115694e-04 -5.019578291421341069e-04 -6.458054012386678887e-04 -1.371645230501812411e-03 1.157416484179750769e-04
8.704264864077543426e-04 -5.024045796988562155e-04 -6.463095702151427577e-04 -1.372978368861341603e-03 1.158478650693487322e-04
8.712251537287904338e-04 -5.028520498469590556e-04 -6.468144262082997772e-04 -1.374313814788268593e-03 1.159542580040159870e-04
8.720251476574968118e-04 -5.033002412538858288e-04 -6.473199704727941812e-04 -1.375651573981449480e-03 1.160608276449943922e-04
8.728264713955127341e-04 -5.037491555975950885e-04 -6.478262042698842114e-04 -1.376991652198896170e-03 1.161675744180075724e-04
8.736291281514217731e-04 -5.041987945649623005e-04 -6.483331288727239763e-04 -1.378334055251026567e-03 1.162744987497097907e-04
8.744331211418290796e-04 -5.046491598485578108e-04 -6.488407455691016026e-04 -1.379678788997808127e-03 1.163816010679286339e-04
8.752384535961474843e-04 -5.051002531506536232e-04 -6.493490556558433437e-04 -1.381025859345346753e-03 1.164888818024034352e-04
8.760451287460455008e-04 -5.055520761773130882e-04 -6.498580604333158064e-04 -1.382375272206044520e-03 1.165963413833279579e-04
8.768531498343694417e-04 -5.060046306418143798e-04 -6.503677612196208683e-04 -1.383727033496429332e-03 1.167039802425867375e-04
8.776625201124151326e-04 -5.064579182618364483e-04 -6.508781593408566150e-04 -1.385081149107362120e-03 1.168117988132735883e-04
8.784732428477043517e-04 -5.069119407661936512e-04 -6.513892561380415971e-04 -1.386437624922603811e-03 1.169197975306776171e-04
8.792853213042022605e-04 -5.073666998822320105e-04 -6.519010529520457209e-04 -1.387796466811846725e-03 1.170279768295871782e-04
8.800987587722252292e-04 -5.078221973489246413e-04 -6.524135511351137999e-04 -1.389157680683834623e-03 1.171363371483388809e-04
8.809135585406261716e-04 -5.082784349044149183e-04 -6.529267520357717259e-04 -1.390521272440089617e-03 1.172448789251617275e-04
8.817297239200284562e-04 -5.087354142961154945e-04 -6.534406570118915384e-04 -1.391887248039526273e-03 1.173536026011472578e-04
8.825472582191443279e-04 -5.091931372647420144e-04 -6.539552674130598041e-04 -1.393255613438505215e-03 1.174625086170237907e-04
8.833661647703613213e-04 -5.096516055593670446e-04 -6.544705845879944268e-04 -1.394626374610144709e-03 1.175715974165463440e-04
8.841864469115981364e-04 -5.101108209254562277e-04 -6.549866098646349010e-04 -1.395999537520205627e-03 1.176808694438875841e-04
8.850081079973423593e-04 -5.105707851177138015e-04 -6.555033445596571617e-04 -1.397375108157736419e-03 1.177903251452144725e-04
8.858311513904654948e-04 -5.110314998998029832e-04 -6.560207899795024921e-04 -1.398753092532791301e-03 1.178999649677033761e-04
8.866555804721770262e-04 -5.114929670420279451e-04 -6.565389474351521638e-04 -1.400133496722363348e-03 1.180097893609338640e-04
8.874813986220108026e-04 -5.119551883144856687e-04 -6.570578182402256372e-04 -1.401516326850465533e-03 1.181197987743326191e-04
8.883086092398310898e-04 -5.124181655017025650e-04 -6.575774037364356776e-04 -1.402901589133899235e-03 1.182299936602246001e-04
8.891372157319048014e-04 -5.128819003940344751e-04 -6.580977052754497609e-04 -1.404289289822137615e-03 1.183403744719019416e-04
8.899672205632491685e-04 -5.133463932102517134e-04 -6.586187219568476322e-04 -1.405679441546607393e-03 1.184509417054469449e-04
8.907986263168815415e-04 -5.138116438438568951e-04 -6.591404528085775339e-04 -1.407072060308228777e-03 1.185616958565728759e-04
8.916314375832220867e-04 -5.142776562779598692e-04 -6.596629021072289651e-04 -1.408467142575875203e-03 1.186726373307002235e-04
8.924656584312363463e-04 -5.147444336254031931e-04 -6.601860728878601332e-04 -1.409864688334583598e-03 1.187837665572697723e-04
8.933012923137166258e-04 -5.152119777118024805e-04 -6.607099665433545680e-04 -1.411264703805303281e-03 1.188950839963786113e-04
8.941383426996738111e-04 -5.156802903716445037e-04 -6.612345844769728070e-04 -1.412667195211339544e-03 1.190065901103498728e-04
8.949768130572282243e-04 -5.161493734364657046e-04 -6.617599280925293061e-04 -1.414072168785180435e-03 1.191182853613069519e-04
8.958167068847316472e-04 -5.166192287524765505e-04 -6.622859988073061558e-04 -1.415479630842417886e-03 1.192301702152826599e-04
8.966580276796936536e-04 -5.170898581601637888e-04 -6.628127980276979966e-04 -1.416889587691564419e-03 1.193422451380281052e-04
8.975007789567046633e-04 -5.175612635028683291e-04 -6.633403271572853137e-04 -1.418302045634148344e-03 1.194545105974464971e-04
8.983449642454987985e-04 -5.180334466268367430e-04 -6.638685875873440905e-04 -1.419717010974516245e-03 1.195669670632778321e-04
8.991905857224815994e-04 -5.185064075525701007e-04 -6.643975771879741211e-04 -1.421134498246222604e-03 1.196796150637701556e-04
9.000376482482181414e-04 -5.189801498876380490e-04 -6.649273006968985317e-04 -1.422554505929165452e-03 1.197924550160820985e-04
9.008861554393210761e-04 -5.194546755629621563e-04 -6.654577596035699807e-04 -1.423977040149182471e-03 1.199054873925449412e-04
9.017361108714451500e-04 -5.199299864466952990e-04 -6.659889552760895216e-04 -1.425402107386569131e-03 1.200187126686892009e-04
9.025875181256767452e-04 -5.204060844143950206e-04 -6.665208890976636377e-04 -1.426829714186023156e-03 1.201321313209015621e-04
9.034403808039020121e-04 -5.208829713516410125e-04 -6.670535624720206995e-04 -1.428259867155864558e-03 1.202457438283514499e-04
9.042947025127457154e-04 -5.213606491447097830e-04 -6.675869768038006748e-04 -1.429692572917885427e-03 1.203595506708668742e-04
9.051504868733396781e-04 -5.218391196933731217e-04 -6.681211335055416188e-04 -1.431127838111080674e-03 1.204735523304313610e-04
9.060077375124514065e-04 -5.223183849065510991e-04 -6.686560339915016736e-04 -1.432565669361437598e-03 1.205877492899532063e-04
9.068664580674806351e-04 -5.227984467026544580e-04 -6.691916796904474494e-04 -1.434006073279837533e-03 1.207021420339015781e-04
9.077266521914684498e-04 -5.232793070117237443e-04 -6.697280720498540070e-04 -1.435449056459519668e-03 1.208167310489411398e-04
9.085883235450680113e-04 -5.237609677688707509e-04 -6.702652125213749224e-04 -1.436894625495235009e-03 1.209315168227709518e-04
9.094514757982720150e-04 -5.242434309132142653e-04 -6.708031025688422893e-04 -1.438342786988924772e-03 1.210464998444033821e-04
9.103161126409389922e-04 -5.247266983897271161e-04 -6.713417436654043171e-04 -1.439793547581796722e-03 1.211616806053712704e-04
9.111822377717809611e-04 -5.252107721408758902e-04 -6.718811372770337482e-04 -1.441246913939734850e-03 1.212770595982774557e-04
9.120498549022139703e-04 -5.256956541130847291e-04 -6.724212848632976419e-04 -1.442702892737928420e-03 1.213926373174103996e-04
9.129189677572359775e-04 -5.261813462559611007e-04 -6.729621878757912441e-04 -1.444161490658963341e-03 1.215084142586896781e-04
9.137895800782256089e-04 -5.266678505160910179e-04 -6.735038477550579859e-04 -1.445622714419197768e-03 1.216243909198973504e-04
9.146616951840961509e-04 -5.271551686398764404e-04 -6.740462646940145134e-04 -1.447086573145931095e-03 1.217405678170165468e-04
9.155353169852024995e-04 -5.276433026592438616e-04 -6.745894405052933361e-04 -1.448553072902767800e-03 1.218569454466930283e-04
9.164104495482593930e-04 -5.281322546797236582e-04 -6.751333774528832550e-04 -1.450022218895521747e-03 1.219735242987863855e-04
9.172870966688362673e-04 -5.286220266803682774e-04 -6.756780769748952937e-04 -1.451494018039624920e-03 1.220903048781413062e-04
9.181652621505526513e-04 -5.291126206455739819e-04 -6.762235405197359510e-04 -1.452968477305930034e-03 1.222072876907508512e-04
9.190449498052595534e-04 -5.296040385644470256e-04 -6.767697695479979415e-04 -1.454445603708416331e-03 1.223244732437242272e-04
9.199261634632033150e-04 -5.300962824416546740e-04 -6.773167655284539597e-04 -1.455925404281875613e-03 1.224418620466543174e-04
9.208089069579426236e-04 -5.305893542926069014e-04 -6.778645299304285592e-04 -1.457407886046015177e-03 1.225594546097737657e-04
9.216931841412427402e-04 -5.310832561477444105e-04 -6.784130642359819828e-04 -1.458893056020039037e-03 1.226772514459561700e-04
9.225789988719958201e-04 -5.315779900442423175e-04 -6.789623699429902723e-04 -1.460380921181376893e-03 1.227952530692851246e-04
9.234663550162180946e-04 -5.320735580209101732e-04 -6.795124485589489451e-04 -1.461871488510891031e-03 1.229134599949172589e-04
9.243552564608615218e-04 -5.325699621278992589e-04 -6.800633016035288921e-04 -1.463364765025663679e-03 1.230318727409066785e-04
9.252457070985710972e-04 -5.330672044118537874e-04 -6.806149306007960344e-04 -1.464860757742046963e-03 1.231504918258884856e-04
9.261377108445211035e-04 -5.335652869292139546e-04 -6.811673370826211394e-04 -1.466359473717182864e-03 1.232693177713566068e-04
9.270312716232853145e-04 -5.340642117385382710e-04 -6.817205225691238494e-04 -1.467860920009153797e-03 1.233883510999342738e-04
9.279263933687181658e-04 -5.345639808963374056e-04 -6.822744885682585159e-04 -1.469365103695223019e-03 1.235075923353222253e-04
9.288230795220823403e-04 -5.350645961837792366e-04 -6.828292350505900258e-04 -1.470872034737820281e-03 1.236270420261809707e-04
9.297213341527645926e-04 -5.355660597091268724e-04 -6.833847638196765498e-04 -1.472381719709407125e-03 1.237467006948121131e-04
9.306211616625272975e-04 -5.360683737622437073e-04 -6.839410775719963285e-04 -1.473894163606147192e-03 1.238665688550176253e-04
9.315225660480013891e-04 -5.365715404218790235e-04 -6.844981777927802453e-04 -1.475409373661534015e-03 1.239866470382282283e-04
9.324255513259473160e-04 -5.370755617771117308e-04 -6.850560659805135554e-04 -1.476927357184566487e-03 1.241069357785955837e-04
9.333301215108399202e-04 -5.375804399162749164e-04 -6.856147436342745725e-04 -1.478448121535059622e-03 1.242274356099821423e-04
9.342362806477458922e-04 -5.380861769510752231e-04 -6.861742122690230039e-04 -1.479971674158241015e-03 1.243481470703698623e-04
9.351440327810884483e-04 -5.385927749996927399e-04 -6.867344734118970744e-04 -1.481498022490411372e-03 1.244690706978683668e-04
9.360533819747967948e-04 -5.391002361920425260e-04 -6.872955285999910206e-04 -1.483027173962946305e-03 1.245902070334509008e-04
9.369643322911233108e-04 -5.396085626605163924e-04 -6.878573793666769047e-04 -1.484559135986585369e-03 1.247115566181341857e-04
9.378768878225926010e-04 -5.401177565603485550e-04 -6.884200272700224206e-04 -1.486093916002919312e-03 1.248331199971879156e-04
9.387910526571269405e-04 -5.406278200425637063e-04 -6.889834738739381362e-04 -1.487631521416684028e-03 1.249548977153218756e-04
9.397068309044040967e-04 -5.411387552729095708e-04 -6.895477207487241481e-04 -1.489171959658958490e-03 1.250768903201550093e-04
9.406242266848835768e-04 -5.416505644184719951e-04 -6.901127694751528615e-04 -1.490715238176551494e-03 1.251990983606905423e-04
9.415432441477207927e-04 -5.421632496555791074e-04 -6.906786216459707192e-04 -1.492261364450548017e-03 1.253215223895197048e-04
9.424638874357883127e-04 -5.426768131491370743e-04 -6.912452788403074515e-04 -1.493810345936902534e-03 1.254441629582150105e-04
9.433861607219194397e-04 -5.431912570773769072e-04 -6.918127426354877011e-04 -1.495362190163279517e-03 1.255670206222854945e-04
9.443100666369183853e-04 -5.437065812377723508e-04 -6.923810106600508012e-04 -1.496916914538716286e-03 1.256900960062387639e-04
9.452356108670112705e-04 -5.442227900694806718e-04 -6.929500882192220863e-04 -1.498474517288031927e-03 1.258133896037455968e-04
9.461627977015906127e-04 -5.447398858590318848e-04 -6.935199770280952268e-04 -1.500035005668438415e-03 1.259369019739355316e-04
9.470916313655013867e-04 -5.452578707954656295e-04 -6.940906786308053767e-04 -1.501598387338489229e-03 1.260606336783834434e-04
9.480221161094831098e-04 -5.457767470827736694e-04 -6.946621945901778174e-04 -1.503164670035042833e-03 1.261845852822367621e-04
9.489542561922159961e-04 -5.462965169366524893e-04 -6.952345264737353533e-04 -1.504733861539953813e-03 1.263087573519642074e-04
9.498880558805586133e-04 -5.468171825834541129e-04 -6.958076758492194721e-04 -1.506305969708684111e-03 1.264331504553165410e-04
9.508235194691374648e-04 -5.473387462656736837e-04 -6.963816443097766871e-04 -1.507881002442597752e-03 1.265577651638812723e-04
9.517606512488437608e-04 -5.478612102244306012e-04 -6.969564334481897615e-04 -1.509458967582433860e-03 1.266826020488217707e-04
9.526994555347003410e-04 -5.483845767207019698e-04 -6.975320448699498261e-04 -1.511039873017561716e-03 1.268076616846940639e-04
9.536399366489231848e-04 -5.489088480255980640e-04 -6.981084801866393845e-04 -1.512623726631711447e-03 1.269329446471855990e-04
9.545820989241671868e-04 -5.494340264143373091e-04 -6.986857410201449811e-04 -1.514210536273603424e-03 1.270584515134982092e-04
9.555259467219122740e-04 -5.499601141771223462e-04 -6.992638290044801783e-04 -1.515800309848034039e-03 1.271841828646824832e-04
9.564714843977773938e-04 -5.504871136008115950e-04 -6.998427457708813549e-04 -1.517393055258763838e-03 1.273101392809917684e-04
9.574187163362119467e-04 -5.510150269826731171e-04 -7.004224929620483757e-04 -1.518988780438198420e-03 1.274363213463128720e-04
9.583676469348371973e-04 -5.515438566200897910e-04 -7.010030722244668146e-04 -1.520587493323205964e-03 1.275627296461329921e-04
9.593182806179143419e-04 -5.520736048177816166e-04 -7.015844852048344236e-04 -1.522189201914611297e-03 1.276893647693206279e-04
9.602706218067769053e-04 -5.526042738668435336e-04 -7.021667335141618983e-04 -1.523793914237605174e-03 1.278162273039872075e-04
9.612246749616203383e-04 -5.531358660670290285e-04 -7.027498187705302334e-04 -1.525401638416399837e-03 1.279433178431345342e-04
9.621804445497847674e-04 -5.536683837216838750e-04 -7.033337425872711844e-04 -1.527012382571057633e-03 1.280706369806819986e-04
9.631379350559201484e-04 -5.542018291469118707e-04 -7.039185065856945001e-04 -1.528626154852194595e-03 1.281981853129574380e-04
9.640971509682724110e-04 -5.547362046694145638e-04 -7.045041123897585267e-04 -1.530242963423740976e-03 1.283259634369453099e-04
9.650580968098164316e-04 -5.552715126412738084e-04 -7.050905616395811018e-04 -1.531862816542569174e-03 1.284539719543629393e-04
9.660207770990182153e-04 -5.558077554171931677e-04 -7.056778559713560101e-04 -1.533485722512370475e-03 1.285822114663444046e-04
9.669851963795218688e-04 -5.563449353654846769e-04 -7.062659970311885955e-04 -1.535111689684151614e-03 1.287106825774586994e-04
9.679513592046126583e-04 -5.568830548562321743e-04 -7.068549864751144099e-04 -1.536740726382592945e-03 1.288393858936452219e-04
9.689192701542460309e-04 -5.574221162763283183e-04 -7.074448259840800677e-04 -1.538372840980387199e-03 1.289683220246328193e-04
9.698889337965032513e-04 -5.579621220163198539e-04 -7.080355172240273675e-04 -1.540008041817649432e-03 1.290974915787214145e-04
9.708603539196922032e-04 -5.585030732596872865e-04 -7.086270599998329865e-04 -1.541646342546488385e-03 1.292268952040614863e-04
9.718335347582368958e-04 -5.590449722081437117e-04 -7.092194549548635780e-04 -1.543287753742912010e-03 1.293565335298396516e-04
9.728084816255547869e-04 -5.595878223919919158e-04 -7.098127053508542081e-04 -1.544932279281645716e-03 1.294864071414405973e-04
9.737851996645705910e-04 -5.601316265856991867e-04 -7.104068142238739942e-04 -1.546579924733235698e-03 1.296165166387337612e-04
9.747636935294207595e-04 -5.606763872152691498e-04 -7.110017832798880581e-04 -1.548230698521040538e-03 1.297468626413487622e-04
9.757439679065248389e-04 -5.612221067103047648e-04 -7.115976142282929131e-04 -1.549884609148629612e-03 1.298774457729911689e-04
9.767260274957090781e-04 -5.617687874943056922e-04 -7.121943087619089221e-04 -1.551541665168628325e-03 1.300082666589121613e-04
9.777098770092787841e-04 -5.623164319909196946e-04 -7.127918685577906309e-04 -1.553201875179693837e-03 1.301393259258513664e-04
9.786955211914332396e-04 -5.628650426463585165e-04 -7.133902952977077801e-04 -1.554865247832444997e-03 1.302706242045629137e-04
9.796829647887015692e-04 -5.634146219129248416e-04 -7.139895906689867552e-04 -1.556531791753330753e-03 1.304021621261002809e-04
9.806722121383864253e-04 -5.639651721677641340e-04 -7.145897549565012434e-04 -1.558201518403512552e-03 1.305339403421907024e-04
9.816632678716265964e-04 -5.645166958585135387e-04 -7.151907893706233249e-04 -1.559874437479347392e-03 1.306659594949614530e-04
9.826561373671685758e-04 -5.650691956012018685e-04 -7.157926975171866220e-04 -1.561550554028514563e-03 1.307982201995043048e-04
9.836508254564388549e-04 -5.656226738992386040e-04 -7.163954811087796474e-04 -1.563229876908344296e-03 1.309307230985065228e-04
9.846473369558919608e-04 -5.661771332520951867e-04 -7.169991418615858031e-04 -1.564912414952225692e-03 1.310634688329058494e-04
9.856456767127540295e-04 -5.667325761841397009e-04 -7.176036815244651521e-04 -1.566598177051823065e-03 1.311964580479958633e-04
9.866458495841137506e-04 -5.672890052383192279e-04 -7.182091018388764509e-04 -1.568287172124472684e-03 1.313296913905080666e-04
9.876478604486102833e-04 -5.678464229770700334e-04 -7.188154045497681778e-04 -1.569979409079793253e-03 1.314631695102233609e-04
9.886517141887375595e-04 -5.684048319604821696e-04 -7.194225914005678924e-04 -1.571674896821624460e-03 1.315968930575627882e-04
9.896574157216089535e-04 -5.689642347590713771e-04 -7.200306641397621497e-04 -1.573373644320489846e-03 1.317308626874309459e-04
9.906649699646765447e-04 -5.695246339386912183e-04 -7.206396245262443280e-04 -1.575075660521866585e-03 1.318650790547311845e-04
9.916743818715880680e-04 -5.700860320708611879e-04 -7.212494743440036162e-04 -1.576780954448631523e-03 1.319995428190253459e-04
9.926856564008742882e-04 -5.706484317219008388e-04 -7.218602153631586797e-04 -1.578489535142380907e-03 1.321342546401233647e-04
9.936987985443006700e-04 -5.712118354620014096e-04 -7.224718493501403787e-04 -1.580201411688946433e-03 1.322692151818153088e-04
9.947138133057141594e-04 -5.717762458624451715e-04 -7.230843780493177936e-04 -1.581916593207121496e-03 1.324044251094228712e-04
9.957307057124357638e-04 -5.723416655119299354e-04 -7.236978032100935222e-04 -1.583635088851441299e-03 1.325398850914489299e-04
9.967494808031426411e-04 -5.729080970085010695e-04 -7.243121265943126830e-04 -1.585356907771865494e-03 1.326755957979711392e-04
9.977701436465690691e-04 -5.734755429692901287e-04 -7.249273499769417345e-04 -1.587082059185056238e-03 1.328115579031061589e-04
9.987926993091777051e-04 -5.740440060108160936e-04 -7.255434751193930902e-04 -1.588810552330912956e-03 1.329477720806402383e-04
9.998171528932016383e-04 -5.746134887696091728e-04 -7.261605037988665568e-04 -1.590542396555676228e-03 1.330842390091130129e-04
1.000843509510306734e-03 -5.751839938927219738e-04 -7.267784378006658099e-04 -1.592277601271127087e-03 1.332209593684780262e-04
1.001871774278785933e-03 -5.757555240372709939e-04 -7.273972789222335781e-04 -1.594016175923197850e-03 1.333579338399860969e-04
1.002901952120492960e-03 -5.763280818084627567e-04 -7.280170283121313590e-04 -1.595758131261411318e-03 1.334951631161897397e-04
1.003934047862260542e-03 -5.769016695486746393e-04 -7.286376868494187815e-04 -1.597503478992129715e-03 1.336326478975339736e-04
1.004968065291572893e-03 -5.774762869095994297e-04 -7.292592530122088456e-04 -1.599252239767110471e-03 1.337703889382919886e-04
1.006004011530508549e-03 -5.780519400716719811e-04 -7.298817335042357985e-04 -1.601004408410248601e-03 1.339083868437105133e-04
1.007041891785364273e-03 -5.786286317527871044e-04 -7.305051301390480837e-04 -1.602759994458506036e-03 1.340466423070311812e-04
1.008081711282927603e-03 -5.792063646813455299e-04 -7.311294447532564258e-04 -1.604519007495163558e-03 1.341851560242005481e-04
1.009123474601022986e-03 -5.797851408841936133e-04 -7.317546774106767479e-04 -1.606281461156852707e-03 1.343239287226790507e-04
1.010167186792083286e-03 -5.803649628458466608e-04 -7.323808293477185706e-04 -1.608047366385035194e-03 1.344629611143764410e-04
1.011212854050300581e-03 -5.809458342043829007e-04 -7.330079047655590607e-04 -1.609816727432564947e-03 1.346022538661898393e-04
1.012260481685146917e-03 -5.815277576837965404e-04 -7.336359054852258131e-04 -1.611589553948314813e-03 1.347418076841495861e-04
1.013310075036328185e-03 -5.821107360270440494e-04 -7.342648333267902654e-04 -1.613365855645575945e-03 1.348816232782597583e-04
1.014361639456536849e-03 -5.826947719876204509e-04 -7.348946901164068795e-04 -1.615145642267540923e-03 1.350217013602942305e-04
1.015415180323981856e-03 -5.832798683331691728e-04 -7.355254776950134309e-04 -1.616928923633673782e-03 1.351620426454191830e-04
1.016470703027510343e-03 -5.838660278424881315e-04 -7.361571979038401044e-04 -1.618715709630017246e-03 1.353026478503423420e-04
1.017528212967452233e-03 -5.844532533059482345e-04 -7.367898525964469572e-04 -1.620506010216482030e-03 1.354435176934572324e-04
1.018587714381363795e-03 -5.850415463001065091e-04 -7.374234407290398150e-04 -1.622299842755045227e-03 1.355846529497669358e-04
1.019649213709732712e-03 -5.856309106769372504e-04 -7.380579666231988807e-04 -1.624097211118347324e-03 1.357260542990253399e-04
1.020712716605146541e-03 -5.862213494732440144e-04 -7.386934326085631318e-04 -1.625898124222120841e-03 1.358677224607571178e-04
1.021778228544405719e-03 -5.868128655433610830e-04 -7.393298405523801358e-04 -1.627702592128962801e-03 1.360096581639686972e-04
1.022845755037770678e-03 -5.874054617631956510e-04 -7.399671923306877378e-04 -1.629510624942083789e-03 1.361518621422911973e-04
1.023915301583432731e-03 -5.879991410044985156e-04 -7.406054898127853578e-04 -1.631322232763884710e-03 1.362943351279047766e-04
1.024986873725393767e-03 -5.885939061622664191e-04 -7.412447349001808098e-04 -1.633137425789083679e-03 1.364370778592188772e-04
1.026060477024191928e-03 -5.891897601175166178e-04 -7.418849294937063417e-04 -1.634956214198319147e-03 1.365800910765072810e-04
1.027136116261800208e-03 -5.897867045617118369e-04 -7.425260734249847054e-04 -1.636778614620217759e-03 1.367233755573642043e-04
1.028213796391304075e-03 -5.903847414074664575e-04 -7.431681669148219134e-04 -1.638604642448942888e-03 1.368669320751005601e-04
1.029293524491003498e-03 -5.909838756676846338e-04 -7.438112156045742713e-04 -1.640434296240943527e-03 1.370107613167379141e-04
1.030375306202205559e-03 -5.915841102332421641e-04 -7.444552213900397508e-04 -1.642267586265295631e-03 1.371548640324709862e-04
1.031459147193733309e-03 -5.921854480076342011e-04 -7.451001861565118142e-04 -1.644104522858138694e-03 1.372992409760353920e-04
1.032545053165802871e-03 -5.927878919170769803e-04 -7.457461118139233937e-04 -1.645945116459276254e-03 1.374438929054718698e-04
1.033633029815029950e-03 -5.933914448913184172e-04 -7.463930002765002117e-04 -1.647789377574213412e-03 1.375888205783821106e-04
1.034723082882202166e-03 -5.939961098895889203e-04 -7.470408534781740155e-04 -1.649637316808414593e-03 1.377340247582532068e-04
1.035815218109531781e-03 -5.946018898705089260e-04 -7.476896733538046297e-04 -1.651488944767299117e-03 1.378795062088017224e-04
1.036909441266299029e-03 -5.952087878108607748e-04 -7.483394618457954320e-04 -1.653344272104789606e-03 1.380252656975436453e-04
1.038005758142873181e-03 -5.958168067096230279e-04 -7.489902208968375477e-04 -1.655203309496621963e-03 1.381713039951094966e-04
1.039104174540103403e-03 -5.964259495807375374e-04 -7.496419524395332755e-04 -1.657066067633671674e-03 1.383176218736579264e-04
1.040204696286118908e-03 -5.970362194610267246e-04 -7.502946584157000904e-04 -1.658932557225814000e-03 1.384642201090946414e-04
1.041307329220354533e-03 -5.976476193973683350e-04 -7.509483407625595344e-04 -1.660802789006421247e-03 1.386110994788812599e-04
1.042412079208149961e-03 -5.982601524477964465e-04 -7.516030014332458764e-04 -1.662676773761770886e-03 1.387582607640880589e-04
1.043518952147077768e-03 -5.988738216645470404e-04 -7.522586423924364522e-04 -1.664554522268155536e-03 1.389057047500334631e-04
1.044627953937269683e-03 -5.994886300821234294e-04 -7.529152655943582980e-04 -1.666436045275487225e-03 1.390534322220557926e-04
1.045739090531316992e-03 -6.001045807511882005e-04 -7.535728730200160755e-04 -1.668321353601616257e-03 1.392014439722415772e-04
1.046852366708649583e-03 -6.007216750822701656e-04 -7.542314638569289510e-04 -1.670210466103092201e-03 1.393497408426851961e-04
1.047967788825766551e-03 -6.013399166443409403e-04 -7.548910409632900989e-04 -1.672103391217263967e-03 1.394983236142688984e-04
1.049085363698517214e-03 -6.019593096248557033e-04 -7.555516082229290836e-04 -1.674000134469401900e-03 1.396471930523418667e-04
1.050205097346151341e-03 -6.025798571063718844e-04 -7.562131675996354961e-04 -1.675900706929297785e-03 1.397963499571314443e-04
1.051326995826300324e-03 -6.032015621962929239e-04 -7.568757210820553465e-04 -1.677805119793432864e-03 1.399457951341539835e-04
1.052451065216885098e-03 -6.038244280193235270e-04 -7.575392706730708697e-04 -1.679713384309447543e-03 1.400955293917551436e-04
1.053577311610016639e-03 -6.044484577080963018e-04 -7.582038183764024976e-04 -1.681625511719544953e-03 1.402455535402045549e-04
1.054705740198236654e-03 -6.050736534765073071e-04 -7.588693634590544263e-04 -1.683541520086577741e-03 1.403958684298161502e-04
1.055836355268763077e-03 -6.057000160505120797e-04 -7.595359025678319808e-04 -1.685461434882815383e-03 1.405464749602470143e-04
1.056969165732957790e-03 -6.063275519682578135e-04 -7.602034457834698023e-04 -1.687385246618216096e-03 1.406973738303602067e-04
1.058104177769380629e-03 -6.069562644398435788e-04 -7.608719951147155510e-04 -1.689312966660883823e-03 1.408485658627044623e-04
1.059241397575020043e-03 -6.075861566917436932e-04 -7.615415525716946916e-04 -1.691244606394353518e-03 1.410000518824576249e-04
1.060380831386238589e-03 -6.082172319645810961e-04 -7.622121201697674335e-04 -1.693180177267567237e-03 1.411518327199945801e-04
1.061522485431671929e-03 -6.088494934785393473e-04 -7.628836999277581205e-04 -1.695119690675782765e-03 1.413039092045863059e-04
1.062666365987419495e-03 -6.094829444583127216e-04 -7.635562938800995961e-04 -1.697063158093873019e-03 1.414562821715862359e-04
1.063812479351267798e-03 -6.101175881282933262e-04 -7.642299040690208765e-04 -1.699010591048586956e-03 1.416089524589624928e-04
1.064960830932845529e-03 -6.107534275570411075e-04 -7.649045294742039085e-04 -1.700962006953673404e-03 1.417619209417666538e-04
1.066111427763488488e-03 -6.113904661080324463e-04 -7.655801744562079148e-04 -1.702917413124840082e-03 1.419151884391672098e-04
1.067264276434212169e-03 -6.120287070655924117e-04 -7.662568418462481924e-04 -1.704876819782178690e-03 1.420687557887152178e-04
1.068419383352060305e-03 -6.126681536979292986e-04 -7.669345337013366371e-04 -1.706840238707746761e-03 1.422226238422825821e-04
1.069576754937542418e-03 -6.133088092932589440e-04 -7.676132520727272724e-04 -1.708807681757153023e-03 1.423767934536427618e-04
1.070736397625538265e-03 -6.139506771562818280e-04 -7.682929990224969530e-04 -1.710779160849110452e-03 1.425312654785568570e-04
1.071898317884100284e-03 -6.145937606023887728e-04 -7.689737766275763203e-04 -1.712754687958628575e-03 1.426860407771601271e-04
1.073062522201532294e-03 -6.152380629553829252e-04 -7.696555869710618733e-04 -1.714734275075706013e-03 1.428411202123057910e-04
1.074229017099908408e-03 -6.158835875637765078e-04 -7.703384321439889649e-04 -1.716717934234809288e-03 1.429965046515011137e-04
1.075397809112252747e-03 -6.165303377963346401e-04 -7.710223142260338699e-04 -1.718705677431680906e-03 1.431521949641168868e-04
1.076568904784614171e-03 -6.171783170403828981e-04 -7.717072352935997652e-04 -1.720697516681592241e-03 1.433081920214982884e-04
1.077742310704358965e-03 -6.178275287095210885e-04 -7.723931974319824542e-04 -1.722693464085874515e-03 1.434644967005100074e-04
1.078918033472932867e-03 -6.184779762223889315e-04 -7.730802027106714819e-04 -1.724693531777278044e-03 1.436211098797307746e-04
1.080096079726571923e-03 -6.191296630054703501e-04 -7.737682532258458729e-04 -1.726697731949395319e-03 1.437780324424660090e-04
1.081276456116569366e-03 -6.197825924793243192e-04 -7.744573510881664485e-04 -1.728706076828877888e-03 1.439352652740513792e-04
1.082459169312075453e-03 -6.204367680586443884e-04 -7.751474984044227782e-04 -1.730718578709818578e-03 1.440928092620764476e-04
1.083644226044160747e-03 -6.210921931726923152e-04 -7.758386973124546801e-04 -1.732735249989030132e-03 1.442506653020936183e-04
1.084831633027945894e-03 -6.217488712480345302e-04 -7.765309499462287688e-04 -1.734756103052452264e-03 1.444088342874735008e-04
1.086021397032427716e-03 -6.224068057375797824e-04 -7.772242584557677173e-04 -1.736781150357366273e-03 1.445673171184456659e-04
1.087213524846861569e-03 -6.230660000959588590e-04 -7.779186249743052194e-04 -1.738810404405318616e-03 1.447261146976022966e-04
1.088408023301553522e-03 -6.237264578114993336e-04 -7.786140516356633654e-04 -1.740843877804462529e-03 1.448852279330370885e-04
1.089604899216283992e-03 -6.243881823742045232e-04 -7.793105405675573687e-04 -1.742881583184312634e-03 1.450446577316988198e-04
1.090804159470750529e-03 -6.250511772999043075e-04 -7.800080939193385640e-04 -1.744923533266406514e-03 1.452044050084290439e-04
1.092005809497517254e-03 -6.257154445245633129e-04 -7.807067096487125581e-04 -1.746969750643974839e-03 1.453644707412658592e-04
1.093209856960870689e-03 -6.263809883914104410e-04 -7.814063920453506165e-04 -1.749020243047332696e-03 1.455248558191287920e-04
1.094416309499060677e-03 -6.270478132254557685e-04 -7.821071453030082167e-04 -1.751075018413680677e-03 1.456855611336278701e-04
1.095625174100522221e-03 -6.277159226256615694e-04 -7.828089715923181729e-04 -1.753134089565031115e-03 1.458465876147696809e-04
1.096836457737512729e-03 -6.283853201928577643e-04 -7.835118730621116198e-04 -1.755197469325462398e-03 1.460079361905068445e-04
1.098050167431031433e-03 -6.290560095604632229e-04 -7.842158518567482256e-04 -1.757265170622077056e-03 1.461696077951647320e-04
1.099266310224537900e-03 -6.297279943665126970e-04 -7.849209101433844184e-04 -1.759337206469802333e-03 1.463316033663769676e-04
1.100484893192489036e-03 -6.304012782405633451e-04 -7.856270501156354964e-04 -1.761413589976567901e-03 1.464939238459801122e-04
1.101705923418978134e-03 -6.310758648007313903e-04 -7.863342739515933677e-04 -1.763494334256275001e-03 1.466565701768598280e-04
1.102929408028550723e-03 -6.317517576814408661e-04 -7.870425838488482326e-04 -1.765579452453584558e-03 1.468195433071162745e-04
1.104155354175220295e-03 -6.324289605332014631e-04 -7.877519820333331790e-04 -1.767668957804205757e-03 1.469828441886194908e-04
1.105383769036271009e-03 -6.331074770078420205e-04 -7.884624707308365539e-04 -1.769762863574525285e-03 1.471464737759036444e-04
1.106614659853455418e-03 -6.337873107827276999e-04 -7.891740521675392941e-04 -1.771861183108486065e-03 1.473104330315934906e-04
1.107848033848145676e-03 -6.344684655295488402e-04 -7.898867285403924623e-04 -1.773963929732352233e-03 1.474747229154130832e-04
1.109083898298782438e-03 -6.351509449566471264e-04 -7.906005020698854760e-04 -1.776071116894080513e-03 1.476393443950369303e-04
1.110322260503300096e-03 -6.358347527749250204e-04 -7.913153749575503691e-04 -1.778182758060429429e-03 1.478042984407360147e-04
1.111563127780953010e-03 -6.365198927073061844e-04 -7.920313494173769836e-04 -1.780298866742876943e-03 1.479695860256019253e-04
1.112806507513370560e-03 -6.372063685153955782e-04 -7.927484276843533391e-04 -1.782419456545970881e-03 1.481352081309647779e-04
1.114052407060560530e-03 -6.378941839623916135e-04 -7.934666119863332959e-04 -1.784544541017806830e-03 1.483011657356316144e-04
1.115300833831800974e-03 -6.385833428573757043e-04 -7.941859045723340159e-04 -1.786674133785724500e-03 1.484674598256327028e-04
1.116551795255152227e-03 -6.392738490340143078e-04 -7.949063076782952311e-04 -1.788808248543977087e-03 1.486340913897344577e-04
1.117805298797111980e-03 -6.399657063472258701e-04 -7.956278235264460695e-04 -1.790946899106193001e-03 1.488010614216918705e-04
1.119061351938496979e-03 -6.406589186480039170e-04 -7.963504543585193723e-04 -1.793090099374494749e-03 1.489683709172948177e-04
1.120319962201013573e-03 -6.413534897929423122e-04 -7.970742024344581317e-04 -1.795237863317153317e-03 1.491360208777494972e-04
1.121581137115653000e-03 -6.420494236272060191e-04 -7.977990700178187690e-04 -1.797390204898601180e-03 1.493040123054080275e-04
1.122844883784182568e-03 -6.427467240206394782e-04 -7.985250578276447070e-04 -1.799547140733866266e-03 1.494723462259521724e-04
1.124111210153943196e-03 -6.434453948461171498e-04 -7.992521692771690752e-04 -1.801708683107596702e-03 1.496410236396776170e-04
1.125380123991436736e-03 -6.441454399668192091e-04 -7.999804071212592797e-04 -1.803874845404060141e-03 1.498100455556627345e-04
1.126651631678328566e-03 -6.448468620953124808e-04 -8.007097703452324081e-04 -1.806045650034642912e-03 1.499794130482801308e-04
1.127925740031203742e-03 -6.455496608985685468e-04 -8.014402587993337945e-04 -1.808221124617553953e-03 1.501491271911201597e-04
1.129202458107092999e-03 -6.462538435242223215e-04 -8.021718782426792791e-04 -1.810401270426934646e-03 1.503191889503149165e-04
1.130481794518596334e-03 -6.469594160502905840e-04 -8.029046331715319245e-04 -1.812586093274498730e-03 1.504895993175550987e-04
1.131763757071000331e-03 -6.476663824415491077e-04 -8.036385258728049024e-04 -1.814775607547104881e-03 1.506603593305568163e-04
1.133048352283435277e-03 -6.483747455351794456e-04 -8.043735552420494322e-04 -1.816969835139573691e-03 1.508314700828219045e-04
1.134335589061619132e-03 -6.490845102623069842e-04 -8.051097263594840948e-04 -1.819168784481198014e-03 1.510029325746789540e-04
1.135625475537449178e-03 -6.497956808933208874e-04 -8.058470421890123183e-04 -1.821372468802361002e-03 1.511747478468699474e-04
1.136918019599781216e-03 -6.505082614925210499e-04 -8.065855050348147122e-04 -1.823580902701270063e-03 1.513469169492484751e-04
1.138213229203288625e-03 -6.512222561509851005e-04 -8.073251172135532212e-04 -1.825794100947346777e-03 1.515194409402904896e-04
1.139511112302785080e-03 -6.519376689555924200e-04 -8.080658810425547312e-04 -1.828012078331907970e-03 1.516923208785944308e-04
1.140811676896342402e-03 -6.526545040007582449e-04 -8.088077988607824667e-04 -1.830234849741942203e-03 1.518655578283797578e-04
1.142114930414966922e-03 -6.533727653424489671e-04 -8.095508709108842349e-04 -1.832462434214560771e-03 1.520391528803267240e-04
1.143420880933689304e-03 -6.540924570804784993e-04 -8.102950996063063233e-04 -1.834694846635839122e-03 1.522131071070410651e-04
1.144729537120505554e-03 -6.548135833420279687e-04 -8.110404893737163147e-04 -1.836932098025039362e-03 1.523874215623126219e-04
1.146040907113219038e-03 -6.555361482193298962e-04 -8.117870425863335602e-04 -1.839174203473678939e-03 1.525620973278896109e-04
1.147354999083517041e-03 -6.562601558259501065e-04 -8.125347616117049735e-04 -1.841421178097843100e-03 1.527371354900239700e-04
1.148671819959807931e-03 -6.569856100815409626e-04 -8.132836443252142080e-04 -1.843673047514519112e-03 1.529125371884670242e-04
1.149991378850376365e-03 -6.577125153048884619e-04 -8.140336961358639366e-04 -1.845929819830112060e-03 1.530883034854514592e-04
1.151313684417122748e-03 -6.584408757459380519e-04 -8.147849207869419571e-04 -1.848191506922352732e-03 1.532644354635215127e-04
1.152638744956910061e-03 -6.591706956119622839e-04 -8.155373206302959357e-04 -1.850458124086731696e-03 1.534409342257561843e-04
1.153966568801320040e-03 -6.599019791409761531e-04 -8.162908980383085447e-04 -1.852729686742319269e-03 1.536178008799066262e-04
1.155297164325907924e-03 -6.606347306215246563e-04 -8.170456554292137999e-04 -1.855006210456481858e-03 1.537950365400297102e-04
1.156630539900161975e-03 -6.613689543531841132e-04 -8.178015952139337493e-04 -1.857287710783025320e-03 1.539726423195301064e-04
1.157966702748883031e-03 -6.621046531228139175e-04 -8.185587169309742686e-04 -1.859574211606343465e-03 1.541506193947024181e-04
1.159305661443793631e-03 -6.628418315234524752e-04 -8.193170232015585834e-04 -1.861865727657958285e-03 1.543289688812567357e-04
1.160647425146102679e-03 -6.635804952606983234e-04 -8.200765175410811578e-04 -1.864162270186121677e-03 1.545076918792437739e-04
1.161992002780191805e-03 -6.643206485841965858e-04 -8.208372038906931083e-04 -1.866463852428919615e-03 1.546867895063082192e-04
1.163339402887366043e-03 -6.650622958202566468e-04 -8.215990846930934727e-04 -1.868770490278651511e-03 1.548662628992820197e-04
1.164689634054030852e-03 -6.658054413005337667e-04 -8.223621623736305846e-04 -1.871082199684466485e-03 1.550461132005310539e-04
1.166042704914569371e-03 -6.665500893710622201e-04 -8.231264393647150538e-04 -1.873398996725058469e-03 1.552263415584197387e-04
1.167398624132084603e-03 -6.672962443861403959e-04 -8.238919181137666428e-04 -1.875720897533101218e-03 1.554069491248705442e-04
1.168757400410009271e-03 -6.680439107276955153e-04 -8.246586010672676045e-04 -1.878047918261145383e-03 1.555879370569418876e-04
1.170119042495054414e-03 -6.687930927966164113e-04 -8.254264906516259716e-04 -1.880380075045067455e-03 1.557693065171089956e-04
1.171483559167210654e-03 -6.695437950194924959e-04 -8.261955892969306435e-04 -1.882717384039767116e-03 1.559510586723036267e-04
1.172850959225209700e-03 -6.702960218552322718e-04 -8.269658994085401929e-04 -1.885059861458328410e-03 1.561331946920777036e-04
1.174221251535137369e-03 -6.710497778138643744e-04 -8.277374234247055016e-04 -1.887407523719102607e-03 1.563157157549689084e-04
1.175594444952405941e-03 -6.718050673984930733e-04 -8.285101637983705589e-04 -1.889760387316025917e-03 1.564986230380766745e-04
1.176970547734597101e-03 -6.725618951393502439e-04 -8.292841207092322255e-04 -1.892118473361808660e-03 1.566819177553285607e-04
1.178349568995625549e-03 -6.733202656110823204e-04 -8.300592972894024757e-04 -1.894481797288857924e-03 1.568656010878093381e-04
1.179731518206532425e-03 -6.740801834235900887e-04 -8.308356977154570614e-04 -1.896850372557622828e-03 1.570496742116404083e-04
1.181116404101269007e-03 -6.748416529597382795e-04 -8.316133237416343388e-04 -1.899224217507295732e-03 1.572341383372959024e-04
1.182504234628486148e-03 -6.756046779766683007e-04 -8.323921749663604598e-04 -1.901603355323901352e-03 1.574189947143772356e-04
1.183895020229286475e-03 -6.763692641098570466e-04 -8.331722574946008077e-04 -1.903987795013653431e-03 1.576042444935257575e-04
1.185288766249224714e-03 -6.771354115048493346e-04 -8.339535637797935910e-04 -1.906377580543111312e-03 1.577898890474787328e-04
1.186685484839024654e-03 -6.779031285715624586e-04 -8.347361042530836899e-04 -1.908772707126193523e-03 1.579759294668073983e-04
1.188085185961325297e-03 -6.786724205799060357e-04 -8.355198835014120660e-04 -1.911173186986585022e-03 1.581623669437309018e-04
1.189487878877121176e-03 -6.794432921812671973e-04 -8.363049040580395384e-04 -1.913579037359446370e-03 1.583492027093637104e-04
1.190893570939531489e-03 -6.802157455152205937e-04 -8.370911626713025203e-04 -1.915990291094884319e-03 1.585364380786959061e-04
1.192302272265275331e-03 -6.809897863061820664e-04 -8.378786642161621234e-04 -1.918406959006913699e-03 1.587240742568195859e-04
1.193713993334937634e-03 -6.817654207483755686e-04 -8.386674145481518537e-04 -1.920829049247252960e-03 1.589121124394152944e-04
1.195128743556961607e-03 -6.825426536050956767e-04 -8.394574161621146937e-04 -1.923256579206498876e-03 1.591005538769752002e-04
1.196546532352012670e-03 -6.833214896491581055e-04 -8.402486715730080697e-04 -1.925689566421908252e-03 1.592893998219443367e-04
1.197967367458684443e-03 -6.841019316532466303e-04 -8.410411779927282495e-04 -1.928128041471555663e-03 1.594786516102234951e-04
1.199391258999403043e-03 -6.848839851851972653e-04 -8.418349399362891382e-04 -1.930572017388473447e-03 1.596683104776060983e-04
1.200818217630933221e-03 -6.856676563893520987e-04 -8.426299633723008907e-04 -1.933021503759690474e-03 1.598583776476197188e-04
1.202248252944197217e-03 -6.864529501320077321e-04 -8.434262508679602876e-04 -1.935476518430501213e-03 1.600488543964556946e-04
1.203681374529358330e-03 -6.872398712668957316e-04 -8.442238049692677403e-04 -1.937937079271410002e-03 1.602397420000622043e-04
1.205117591412516740e-03 -6.880284244459262477e-04 -8.450226260034298265e-04 -1.940403209135781008e-03 1.604310417684663942e-04
1.206556911697910864e-03 -6.888186142129619624e-04 -8.458227109305955149e-04 -1.942874938266494697e-03 1.606227550534394713e-04
1.207999346638441223e-03 -6.896104460248016254e-04 -8.466240677283427135e-04 -1.945352273254612966e-03 1.608148830893140586e-04
1.209444906687293661e-03 -6.904039248375000090e-04 -8.474267014076824513e-04 -1.947835227155320786e-03 1.610074271484011345e-04
1.210893598694497836e-03 -6.911990503665325393e-04 -8.482306061902122321e-04 -1.950323842413610557e-03 1.612003886733055780e-04
1.212345435334186540e-03 -6.919958324494989181e-04 -8.490357925419049793e-04 -1.952818114890304130e-03 1.613937688484555683e-04
1.213800426692963202e-03 -6.927942763461896868e-04 -8.498422635311316626e-04 -1.955318061646065149e-03 1.615875689838625583e-04
1.215258582739319783e-03 -6.935943870678485442e-04 -8.506500217257583407e-04 -1.957823701119484113e-03 1.617817904039825819e-04
1.216719913468104113e-03 -6.943961696509657038e-04 -8.514590696992586742e-04 -1.960335051809273133e-03 1.619764344374063057e-04
1.218184428903533326e-03 -6.951996291561035948e-04 -8.522694100288185238e-04 -1.962852132339033134e-03 1.621715024171435768e-04
1.219652139115940661e-03 -6.960047706730512675e-04 -8.530810453284869491e-04 -1.965374961460149110e-03 1.623669956826852777e-04
1.221123054222186376e-03 -6.968115993189620593e-04 -8.538939782426649243e-04 -1.967903558010420436e-03 1.625629155798050801e-04
1.222597184364348187e-03 -6.976201202170878362e-04 -8.547082114109150631e-04 -1.970437940828103154e-03 1.627592634573512902e-04
1.224074539767429663e-03 -6.984303385430852681e-04 -8.555237474822107455e-04 -1.972978128961327959e-03 1.629560406750336162e-04
1.225555130628072729e-03 -6.992422594451466657e-04 -8.563405890879636616e-04 -1.975524141475964827e-03 1.631532485886959889e-04
1.227038967229674132e-03 -7.000558881260439447e-04 -8.571587388808997237e-04 -1.978075997627929197e-03 1.633508885661879542e-04
1.228526059881747531e-03 -7.008712298092288758e-04 -8.579781995129048041e-04 -1.980633716763606673e-03 1.635489619791446309e-04
1.230016418927335972e-03 -7.016882897101795738e-04 -8.587989736452693616e-04 -1.983197318277062169e-03 1.637474702032148542e-04
1.231510054798967127e-03 -7.025070730775718813e-04 -8.596210639656309436e-04 -1.985766821723806107e-03 1.639464146259103931e-04
1.233006977917487038e-03 -7.033275851251289150e-04 -8.604444731235784318e-04 -1.988342246694306623e-03 1.641457966328332485e-04
1.234507198796548372e-03 -7.041498310912623756e-04 -8.612692037959462747e-04 -1.990923612922903749e-03 1.643456176213847937e-04
1.236010727985741194e-03 -7.049738162279835458e-04 -8.620952586399697982e-04 -1.993510940093502163e-03 1.645458789935056853e-04
1.237517576071127043e-03 -7.057995458208991216e-04 -8.629226403004555766e-04 -1.996104247820174385e-03 1.647465821560497776e-04
1.239027752785214990e-03 -7.066270246300348102e-04 -8.637513483557719132e-04 -1.998703562642687327e-03 1.649477285664495256e-04
1.240541267352707850e-03 -7.074562576999194252e-04 -8.645813804049692517e-04 -2.001308915026020919e-03 1.651493196947132348e-04
1.242058132599545804e-03 -7.082872513594600915e-04 -8.654127462433738177e-04 -2.003920309497750091e-03 1.653513568845938679e-04
1.243578359543588002e-03 -7.091200110098736095e-04 -8.662454495056798277e-04 -2.006537764071634165e-03 1.655538415577123567e-04
1.245101959015924376e-03 -7.099545421135854129e-04 -8.670794928999310319e-04 -2.009161298887316566e-03 1.657567751537042757e-04
1.246628941473083580e-03 -7.107908498522547483e-04 -8.679148781774901570e-04 -2.011790936329193279e-03 1.659601591262877115e-04
1.248159316650337448e-03 -7.116289388229471826e-04 -8.687516049595737184e-04 -2.014426703979073537e-03 1.661639949779961675e-04
1.249693097014496984e-03 -7.124688157427815473e-04 -8.695896800369299099e-04 -2.017068613244580016e-03 1.663682840963188884e-04
1.251230293569732420e-03 -7.133104861700611176e-04 -8.704291061412783130e-04 -2.019716684806000927e-03 1.665730279452533086e-04
1.252770915242057978e-03 -7.141539529940891650e-04 -8.712698809100335399e-04 -2.022370953441720437e-03 1.667782280761632291e-04
1.254314974546383993e-03 -7.149992235881747924e-04 -8.721120106021084664e-04 -2.025031430301781673e-03 1.669838859044062271e-04
1.255862483240361739e-03 -7.158463043108120264e-04 -8.729554995384606383e-04 -2.027698131955386809e-03 1.671900028809219856e-04
1.257413452514357342e-03 -7.166952007118325115e-04 -8.738003504552470596e-04 -2.030371079470178267e-03 1.673965804933939892e-04
1.258967893598048364e-03 -7.175459183499106452e-04 -8.746465660722261767e-04 -2.033050293816063281e-03 1.676036202343494496e-04
1.260525817805630911e-03 -7.183984628433133469e-04 -8.754941491175675678e-04 -2.035735796019931283e-03 1.678111236074189203e-04
1.262087236443828120e-03 -7.192528398432645716e-04 -8.763431023136511715e-04 -2.038427607042403531e-03 1.680190921151453372e-04
1.263652159811540828e-03 -7.201090547960971571e-04 -8.771934246579143717e-04 -2.041125755928210623e-03 1.682275273153198143e-04
1.265220598747613182e-03 -7.209671134710755099e-04 -8.780451167922810737e-04 -2.043830267920864700e-03 1.684364307491986506e-04
1.266792562593818628e-03 -7.218270151188313976e-04 -8.788981769768304617e-04 -2.046541184475314610e-03 1.686458040422122680e-04
1.268368060586915445e-03 -7.226887611585839461e-04 -8.797526027513116742e-04 -2.049258542234372836e-03 1.688556488262362907e-04
1.269947110146172784e-03 -7.235523682410155075e-04 -8.806084117597504915e-04 -2.051982317358850942e-03 1.690659663821301702e-04
1.271529723096582803e-03 -7.244178425017765545e-04 -8.814656073169213667e-04 -2.054712530531925888e-03 1.692767582476655257e-04
1.273115909668417209e-03 -7.252851890093297725e-04 -8.823241877241068528e-04 -2.057449213391255877e-03 1.694880260300562580e-04
1.274705682020229897e-03 -7.261544138994085757e-04 -8.831841572356389711e-04 -2.060192384839568819e-03 1.696997712672661609e-04
1.276299052840497656e-03 -7.270255235697410147e-04 -8.840455216771313674e-04 -2.062942060482710321e-03 1.699119954820019728e-04
1.277896032289584788e-03 -7.278985204820806552e-04 -8.849082796139558010e-04 -2.065698274622915481e-03 1.701247003206722618e-04
1.279496632234624872e-03 -7.287734105233841094e-04 -8.857724338827893456e-04 -2.068461049662284872e-03 1.703378873619659762e-04
1.281100866261543911e-03 -7.296502030107667076e-04 -8.866379915399503131e-04 -2.071230396079612110e-03 1.705515581188751589e-04
1.282708746337129710e-03 -7.305289038549337517e-04 -8.875049553589963456e-04 -2.074006336201558547e-03 1.707657141814155808e-04
1.284320284496581928e-03 -7.314095190389499797e-04 -8.883733281275893630e-04 -2.076788892406116870e-03 1.709803571488238271e-04
1.285935491687290478e-03 -7.322920527702437427e-04 -8.892431094794737284e-04 -2.079578095593060273e-03 1.711954886768427421e-04
1.287554378964680165e-03 -7.331765093813817896e-04 -8.901142991875241571e-04 -2.082373976364369338e-03 1.714111104272801427e-04
1.289176959351146000e-03 -7.340628983056168020e-04 -8.909869012955553029e-04 -2.085176552340868138e-03 1.716272239759808710e-04
1.290803244709699859e-03 -7.349512251487124630e-04 -8.918609180175424795e-04 -2.087985846370955627e-03 1.718438309615609005e-04
1.292433248365753694e-03 -7.358414964055213885e-04 -8.927363554873556832e-04 -2.090801874302814379e-03 1.720609329847665680e-04
1.294066983354490467e-03 -7.367337187213918040e-04 -8.936132186156385288e-04 -2.093624655392362869e-03 1.722785316528501278e-04
1.295704462074487567e-03 -7.376278983073843469e-04 -8.944915102941713644e-04 -2.096454213059461766e-03 1.724966286148222336e-04
1.297345696956505191e-03 -7.385240413729388803e-04 -8.953712334069628687e-04 -2.099290570803249469e-03 1.727152255239287307e-04
1.298990700510119613e-03 -7.394221541607141381e-04 -8.962523908432623197e-04 -2.102133752241098358e-03 1.729343240440157361e-04
1.300639485239756064e-03 -7.403222429039225255e-04 -8.971349854830218537e-04 -2.104983780965701771e-03 1.731539258385361268e-04
1.302292063777336960e-03 -7.412243138968531344e-04 -8.980190202573229549e-04 -2.107840680764209475e-03 1.733740325876850026e-04
1.303948448781439397e-03 -7.421283734142456985e-04 -8.989044980601909205e-04 -2.110704475467901735e-03 1.735946459741888857e-04
1.305608652992163365e-03 -7.430344277485895340e-04 -8.997914217380367915e-04 -2.113575188949430670e-03 1.738157676908993912e-04
1.307272689161803093e-03 -7.439424832023684578e-04 -9.006797941272588932e-04 -2.116452845018571612e-03 1.740373994320630418e-04
1.308940570184658793e-03 -7.448525461737542843e-04 -9.015696181055420783e-04 -2.119337467741497661e-03 1.742595429107503594e-04
1.310612308218422417e-03 -7.457646229084360923e-04 -9.024608942869059239e-04 -2.122229085046299646e-03 1.744821998631845698e-04
1.312287916637842975e-03 -7.466787199808008584e-04 -9.033536268336490828e-04 -2.125127718856688244e-03 1.747053719961360317e-04
1.313967408753443289e-03 -7.475948439632602513e-04 -9.042478195147502819e-04 -2.128033391907297508e-03 1.749290610289068004e-04
1.315650797643546721e-03 -7.485130013918058541e-04 -9.051434751710415831e-04 -2.130946128762323602e-03 1.751532687001468986e-04
1.317338096416120459e-03 -7.494331988105804986e-04 -9.060405966337273329e-04 -2.133865954127479262e-03 1.753779967523910722e-04
1.319029318246443512e-03 -7.503554427983943811e-04 -9.069391867916067572e-04 -2.136792892852333939e-03 1.756032469373525976e-04
1.320724474534402124e-03 -7.512797373338919553e-04 -9.078392442127252576e-04 -2.139726983117332115e-03 1.758290210928616288e-04
1.322423577103727524e-03 -7.522060857507953001e-04 -9.087407673705681340e-04 -2.142668263120644980e-03 1.760553210486837258e-04
1.324126640488876251e-03 -7.531344962354355856e-04 -9.096437619107095637e-04 -2.145616750169461635e-03 1.762821485350494306e-04
1.325833677211376606e-03 -7.540649733874939080e-04 -9.105482293565479246e-04 -2.148572478487216064e-03 1.765095053663558731e-04
1.327544702619434368e-03 -7.549975279741894148e-04 -9.114541775032446516e-04 -2.151535456062361913e-03 1.767373932501691350e-04
1.329259731287813460e-03 -7.559321689499975050e-04 -9.123616119743256951e-04 -2.154505698692138569e-03 1.769658139384297144e-04
1.330978776812300054e-03 -7.568689030208885929e-04 -9.132705356920997174e-04 -2.157483231938442381e-03 1.771947692373544085e-04
1.332701850216267119e-03 -7.578077329030868427e-04 -9.141809455119880457e-04 -2.160468099400178216e-03 1.774242610796148507e-04
1.334428967735874208e-03 -7.587486692159482347e-04 -9.150928501571189110e-04 -2.163460309621242569e-03 1.776542911766556393e-04
1.336160143268378363e-03 -7.596917189637735542e-04 -9.160062527919596992e-04 -2.166459887661122911e-03 1.778848613553515260e-04
1.337895390656187924e-03 -7.606368890190944249e-04 -9.169211563300501541e-04 -2.169466859526293125e-03 1.781159734553339853e-04
1.339634723840736836e-03 -7.615841863115219200e-04 -9.178375636858836836e-04 -2.172481251452697184e-03 1.783476293292529679e-04
1.341378154811064200e-03 -7.625336167701837796e-04 -9.187554722082337186e-04 -2.175503101204197872e-03 1.785798309038203293e-04
1.343125699436096415e-03 -7.634851883288681787e-04 -9.196748898796889161e-04 -2.178532424629500350e-03 1.788125799793940007e-04
1.344877371320602486e-03 -7.644389078241506938e-04 -9.205958180431644215e-04 -2.181569251608831382e-03 1.790458784395310404e-04
1.346633183236515879e-03 -7.653947817684551716e-04 -9.215182548880627728e-04 -2.184613619248259621e-03 1.792797282227647122e-04
1.348393151308017361e-03 -7.663528179291044214e-04 -9.224422102092631791e-04 -2.187665539913441308e-03 1.795141311360319949e-04
1.350157289812128555e-03 -7.673130234108758215e-04 -9.233676870411494739e-04 -2.190725040689627152e-03 1.797490890778974187e-04
1.351925613067631515e-03 -7.682754053242256929e-04 -9.242946883811990321e-04 -2.193792148549378925e-03 1.799846039519982250e-04
1.353698135486620805e-03 -7.692399708090568540e-04 -9.252232172507797317e-04 -2.196866890566591835e-03 1.802206776741832953e-04
1.355474871530716911e-03 -7.702067269974120908e-04 -9.261532766704078101e-04 -2.199949293962078726e-03 1.804573121665166728e-04
1.357255835762491251e-03 -7.711756810431234007e-04 -9.270848696572184201e-04 -2.203039386157415024e-03 1.806945093643285631e-04
1.359041042761430316e-03 -7.721468401007188388e-04 -9.280179991962229967e-04 -2.206137194598573308e-03 1.809322712051588029e-04
1.360830507235031694e-03 -7.731202114126255491e-04 -9.289526682495981595e-04 -2.209242746914866044e-03 1.811705996431634946e-04
1.362624243933376316e-03 -7.740958022571714286e-04 -9.298888797773987441e-04 -2.212356070867712264e-03 1.814094966379454197e-04
1.364422267665565394e-03 -7.750736199572179786e-04 -9.308266367511940304e-04 -2.215477194415920413e-03 1.816489641568238167e-04
1.366224593287490401e-03 -7.760536718752071269e-04 -9.317659420702968610e-04 -2.218606145564637304e-03 1.818890041731899439e-04
1.368031235802947936e-03 -7.770359654560647341e-04 -9.327067986626288131e-04 -2.221742952510658096e-03 1.821296186804967571e-04
1.369842209655433444e-03 -7.780205080917155461e-04 -9.336492075826969541e-04 -2.224887647263070877e-03 1.823708096882858509e-04
1.371657529143322993e-03 -7.790073071914645035e-04 -9.345931692231616893e-04 -2.228040263676439332e-03 1.826125792260427187e-04
1.373477207133184637e-03 -7.799963629617992110e-04 -9.355386833307955665e-04 -2.231200850992274502e-03 1.828549294222291013e-04
1.375301262174019471e-03 -7.809876900097673363e-04 -9.364857604164374214e-04 -2.234369409549699214e-03 1.830978621344513525e-04
1.377129709734996408e-03 -7.819812961988933811e-04 -9.374344038615201914e-04 -2.237545967329336929e-03 1.833413793959675015e-04
1.378962565113264196e-03 -7.829771890749731480e-04 -9.383846167077681925e-04 -2.240730553181924118e-03 1.835854832405637736e-04
1.380799843725943540e-03 -7.839753762338366348e-04 -9.393364020440607290e-04 -2.243923196117995639e-03 1.838301757177210338e-04
1.382641561119921352e-03 -7.849758653073315778e-04 -9.402897629883196287e-04 -2.247123925420526844e-03 1.840754588937631737e-04
1.384487732791905281e-03 -7.859786638750727557e-04 -9.412447025709824461e-04 -2.250332770386533933e-03 1.843213348276223737e-04
1.386338374456430904e-03 -7.869837796366817078e-04 -9.422012238345726627e-04 -2.253549760742560183e-03 1.845678056068827543e-04
1.388193501794002640e-03 -7.879912202976749975e-04 -9.431593297456065256e-04 -2.256774926052371524e-03 1.848148733144826022e-04
1.390053130622260005e-03 -7.890009936295106895e-04 -9.441190233039908897e-04 -2.260008296054630446e-03 1.850625400513304490e-04
1.391917275409979438e-03 -7.900131055856180482e-04 -9.450803039771144736e-04 -2.263249910146326958e-03 1.853108079852701341e-04
1.393785951538832569e-03 -7.910275633253006054e-04 -9.460431733251234952e-04 -2.266499802046736262e-03 1.855596792547513124e-04
1.395659176955741125e-03 -7.920443773439731199e-04 -9.470076391522288996e-04 -2.269757988996827427e-03 1.858091559053021732e-04
1.397536967733008532e-03 -7.930635556011174066e-04 -9.479737044433409658e-04 -2.273024501455328441e-03 1.860592400733610137e-04
1.399419339984148093e-03 -7.940851060623108819e-04 -9.489413722727094245e-04 -2.276299369999497044e-03 1.863099339015596362e-04
1.401306309874235812e-03 -7.951090367180117758e-04 -9.499106457443411275e-04 -2.279582625345026679e-03 1.865612395395603519e-04
1.403197893765359590e-03 -7.961353556318420156e-04 -9.508815279877787068e-04 -2.282874298585847294e-03 1.868131591625810930e-04
1.405094107963368675e-03 -7.971640707888478193e-04 -9.518540220890165130e-04 -2.286174420611898368e-03 1.870656949377659279e-04
1.406994968923172985e-03 -7.981951902794925989e-04 -9.528281311890227177e-04 -2.289483022451250637e-03 1.873188490526025150e-04
1.408900492296637523e-03 -7.992287218790293437e-04 -9.538038559334290891e-04 -2.292800140066837689e-03 1.875726237358225391e-04
1.410810694638491665e-03 -8.002646737003590296e-04 -9.547811991234589650e-04 -2.296125805688131651e-03 1.878270212072367343e-04
1.412725593543942820e-03 -8.013030542566405845e-04 -9.557601666149351163e-04 -2.299460045401113990e-03 1.880820436369148613e-04
1.414645205821498481e-03 -8.023438717508149390e-04 -9.567407614350652593e-04 -2.302802890945118957e-03 1.883376932570661564e-04
1.416569548338581907e-03 -8.033871344216389921e-04 -9.577229865792903120e-04 -2.306154374048385511e-03 1.885939723073922348e-04
1.418498638018842644e-03 -8.044328505521192944e-04 -9.587068450775129919e-04 -2.309514526583349766e-03 1.888508830355106890e-04
1.420432491890383578e-03 -8.054810285152093265e-04 -9.596923399518230390e-04 -2.312883380837117871e-03 1.891084277029959914e-04
1.422371127019794170e-03 -8.065316767316257950e-04 -9.606794741580381184e-04 -2.316260969211718368e-03 1.893666085772019274e-04
1.424314560587577319e-03 -8.075848036922574644e-04 -9.616682507008406707e-04 -2.319647324368062126e-03 1.896254279413007646e-04
1.426262808776574765e-03 -8.086404163345391194e-04 -9.626586701548277064e-04 -2.323042485437537812e-03 1.898848881257413253e-04
1.428215887824602938e-03 -8.096985215567607504e-04 -9.636507330923601775e-04 -2.326446491867069019e-03 1.901449914731817678e-04
1.430173817139688457e-03 -8.107591309989362885e-04 -9.646444476270113737e-04 -2.329859363711116009e-03 1.904057402035626322e-04
1.432136611215834975e-03 -8.118222496077397718e-04 -9.656398081384541749e-04 -2.333281155433608242e-03 1.906671367711184879e-04
1.434104289799479617e-03 -8.128878886292550173e-04 -9.666368241782037586e-04 -2.336711884850589498e-03 1.909291834165126648e-04
1.436076871336977720e-03 -8.139560577231621987e-04 -9.676355012633848594e-04 -2.340151579709152593e-03 1.911918824512838727e-04
1.438054373569567666e-03 -8.150267655788281419e-04 -9.686358425401597359e-04 -2.343600273505390148e-03 1.914552362325735850e-04
1.440036814300380604e-03 -8.161000208303379388e-04 -9.696378510730336350e-04 -2.347057999944869577e-03 1.917192471241874587e-04
1.442024211476929801e-03 -8.171758321825029836e-04 -9.706415299013256785e-04 -2.350524793003615134e-03 1.919839175089809629e-04
1.444016583132515805e-03 -8.182542083880709350e-04 -9.716468820569804619e-04 -2.354000686753710946e-03 1.922492497815162936e-04
1.446013943696644816e-03 -8.193351556016819585e-04 -9.726538984930530431e-04 -2.357485744077081943e-03 1.925152464925340755e-04
1.448016310920498219e-03 -8.204186797696230282e-04 -9.736625831553405615e-04 -2.360980000555464465e-03 1.927819100753179991e-04
1.450023707113919655e-03 -8.215047954157696274e-04 -9.746729501928262174e-04 -2.364483461341373213e-03 1.930492427875535582e-04
1.452036150583060209e-03 -8.225935115547235383e-04 -9.756850026113579686e-04 -2.367996161367600955e-03 1.933172470620238672e-04
1.454053659740949661e-03 -8.236848372703594722e-04 -9.766987434601478481e-04 -2.371518135824696952e-03 1.935859253468513329e-04
1.456076253054972534e-03 -8.247787816114129315e-04 -9.777141758199590395e-04 -2.375049419831463601e-03 1.938552800975591262e-04
1.458103949080495707e-03 -8.258753536289625960e-04 -9.787313028135633322e-04 -2.378590048659662542e-03 1.941253137808722864e-04
1.460136764334685720e-03 -8.269745610682806627e-04 -9.797501199411437576e-04 -2.382140075428330287e-03 1.943960289746656303e-04
1.462174718181837030e-03 -8.280764135172991426e-04 -9.807706325626578021e-04 -2.385699530717708735e-03 1.946674281415899010e-04
1.464217831026449123e-03 -8.291809212170622679e-04 -9.817928492717141464e-04 -2.389268438040909482e-03 1.949395137251820620e-04
1.466266121838547421e-03 -8.302880934134655375e-04 -9.828167732004256321e-04 -2.392846833172362388e-03 1.952122882457410784e-04
1.468319609729069148e-03 -8.313979393309105757e-04 -9.838424074234415184e-04 -2.396434752187609745e-03 1.954857542405320260e-04
1.470378313812149710e-03 -8.325104681961373061e-04 -9.848697549609812963e-04 -2.400032231311919565e-03 1.957599142465513424e-04
1.472442253372643634e-03 -8.336256893362297554e-04 -9.858988188574332751e-04 -2.403639307158061521e-03 1.960347708234464815e-04
1.474511447771419299e-03 -8.347436121327521342e-04 -9.869296022188807707e-04 -2.407256016378410760e-03 1.963103265418424169e-04
1.476585916422249812e-03 -8.358642460340507362e-04 -9.879621081339674902e-04 -2.410882395768021262e-03 1.965865839803424952e-04
1.478665678874206083e-03 -8.369876005928205678e-04 -9.889963396729950420e-04 -2.414518482710601138e-03 1.968635457351786751e-04
1.480750754706266310e-03 -8.381136854102347843e-04 -9.900322998759837016e-04 -2.418164314720430263e-03 1.971412144079343206e-04
1.482841163636194372e-03 -8.392425101835076628e-04 -9.910699917991332934e-04 -2.421819929584608476e-03 1.974195926199134572e-04
1.484936925437249904e-03 -8.403740845895489760e-04 -9.921094184974176260e-04 -2.425485365077143657e-03 1.976986829997962362e-04
1.487038059952150654e-03 -8.415084182926522863e-04 -9.931505830575427206e-04 -2.429160658988961576e-03 1.979784881850425152e-04
1.489144587129211756e-03 -8.426455209937973052e-04 -9.941934886072054632e-04 -2.432845849359069942e-03 1.982590108273093728e-04
1.491256527082784368e-03 -8.437854024996115478e-04 -9.952381382886473123e-04 -2.436540974622390231e-03 1.985402536002702390e-04
1.493373899990473735e-03 -8.449280726519310192e-04 -9.962845352313933357e-04 -2.440246073040375913e-03 1.988222191850954224e-04
1.495496726157239612e-03 -8.460735413086358566e-04 -9.973326825149046986e-04 -2.443961182836873382e-03 1.991049102779982928e-04
1.497625026006684694e-03 -8.472218183010935509e-04 -9.983825831850884607e-04 -2.447686342513908427e-03 1.993883295896572386e-04
1.499758820005916158e-03 -8.483729134818360869e-04 -9.994342402616144226e-04 -2.451421590878666377e-03 1.996724798365717571e-04
1.501898127056076589e-03 -8.495268344939529677e-04 -1.000487652264683662e-03 -2.455166979784260614e-03 1.999573638346797337e-04
1.504042967266356993e-03 -8.506835905343162986e-04 -1.001542820725865321e-03 -2.458922553078641583e-03 2.002429843619804074e-04
1.506193363811287591e-03 -8.518431947944488233e-04 -1.002599754902288968e-03 -2.462688333584843979e-03 2.005293440844119679e-04
1.508349337553219292e-03 -8.530056574184654737e-04 -1.003658457846950394e-03 -2.466464361288994624e-03 2.008164457728139625e-04
1.510510909510451609e-03 -8.541709886821397544e-04 -1.004718932616371647e-03 -2.470250676570749735e-03 2.011042922190922849e-04
1.512678100752561181e-03 -8.553391989192016308e-04 -1.005781182263239953e-03 -2.474047319958650772e-03 2.013928862239544094e-04
1.514850932472477148e-03 -8.565102984479194782e-04 -1.006845209848929385e-03 -2.477854332180183354e-03 2.016822306052158968e-04
1.517029425938032708e-03 -8.576842975727913283e-04 -1.007911018396249591e-03 -2.481671753872979631e-03 2.019723281897083979e-04
1.519213598838044417e-03 -8.588611996606553478e-04 -1.008978600957118272e-03 -2.485499651939871834e-03 2.022631819737924508e-04
1.521403473269433790e-03 -8.600410197593829058e-04 -1.010047960888430267e-03 -2.489338061335329404e-03 2.025547947962324353e-04
1.523599072704125970e-03 -8.612237702147770933e-04 -1.011119107059586450e-03 -2.493187010342225781e-03 2.028471694404732669e-04
1.525800417920653712e-03 -8.624094556485357912e-04 -1.012192039757381715e-03 -2.497046559741852422e-03 2.031403088528723508e-04
1.528007529286863533e-03 -8.635980822771934483e-04 -1.013266757639044681e-03 -2.500916769008608691e-03 2.034342160033481060e-04
1.530220428555610157e-03 -8.647896638901108853e-04 -1.014343264500218835e-03 -2.504797666639189610e-03 2.037288938246620967e-04
1.532439137281720954e-03 -8.659842124629053232e-04 -1.015421561469733412e-03 -2.508689296087357901e-03 2.040243452475219742e-04
1.534663682098986147e-03 -8.671817446374217820e-04 -1.016501663532918230e-03 -2.512591667230595644e-03 2.043205730413116090e-04
1.536894085323312889e-03 -8.683822711982704459e-04 -1.017583573843150587e-03 -2.516504822801005851e-03 2.046175801700468881e-04
1.539130369335118360e-03 -8.695858029694005821e-04 -1.018667295461622626e-03 -2.520428805838565486e-03 2.049153696067002929e-04
1.541372556626104855e-03 -8.707923508728932470e-04 -1.019752831419835828e-03 -2.524363659702219022e-03 2.052139443395765495e-04
1.543620666427949388e-03 -8.720019226100715268e-04 -1.020840175565329924e-03 -2.528309451138890853e-03 2.055133075164090612e-04
1.545874723124785344e-03 -8.732145300287182674e-04 -1.021929335617086402e-03 -2.532266211708710923e-03 2.058134620877264840e-04
1.548134748486094123e-03 -8.744301821490637781e-04 -1.023020311894110718e-03 -2.536233990833327862e-03 2.061144111257272652e-04
1.550400768233510833e-03 -8.756488944811868487e-04 -1.024113114349068949e-03 -2.540212815728038528e-03 2.064161575715982495e-04
1.552672803962142469e-03 -8.768706759715791388e-04 -1.025207742591424968e-03 -2.544202738798544659e-03 2.067187045325585089e-04
1.554950878467820661e-03 -8.780955370646899901e-04 -1.026304198298332417e-03 -2.548203807691798179e-03 2.070220551291509570e-04
1.557235016882390797e-03 -8.793234919089964975e-04 -1.027402488920982869e-03 -2.552216054038574343e-03 2.073262123687192086e-04
1.559525242662319249e-03 -8.805545517654124119e-04 -1.028502617423816433e-03 -2.556239522329426320e-03 2.076311793649035769e-04
1.561821579468703836e-03 -8.817887279408485445e-04 -1.029604586872845829e-03 -2.560274257753182049e-03 2.079369592580493863e-04
1.564124050888596792e-03 -8.830260317408119902e-04 -1.030708400281069330e-03 -2.564320305610817176e-03 2.082435551796187675e-04
1.566432680857299557e-03 -8.842664746615396540e-04 -1.031814060786443192e-03 -2.568377711944387718e-03 2.085509703084663065e-04
1.568747493222176102e-03 -8.855100681420094476e-04 -1.032921571492141167e-03 -2.572446522672518481e-03 2.088592078118192805e-04
1.571068512038933940e-03 -8.867568237414081385e-04 -1.034030935445640238e-03 -2.576526784107027995e-03 2.091682708843084200e-04
1.573395758768227721e-03 -8.880067490049457345e-04 -1.035142149083282141e-03 -2.580618560962816797e-03 2.094781628595070513e-04
1.575729259551929967e-03 -8.892598586554602020e-04 -1.036255220112356976e-03 -2.584721886991178750e-03 2.097888868627809718e-04
1.578069039587333498e-03 -8.905161656179091945e-04 -1.037370153245816993e-03 -2.588836804290395744e-03 2.101004461086059590e-04
1.580415123408428170e-03 -8.917756816594816062e-04 -1.038486951279574784e-03 -2.592963359679952267e-03 2.104128438548049523e-04
1.582767535436192677e-03 -8.930384182344272039e-04 -1.039605616522621453e-03 -2.597101601539193987e-03 2.107260833838621266e-04
1.585126296404881611e-03 -8.943043808239438397e-04 -1.040726142856355499e-03 -2.601251605920567363e-03 2.110401681493511447e-04
1.587491435462123944e-03 -8.955735882142881353e-04 -1.041848542488723814e-03 -2.605413389576027687e-03 2.113551012873205294e-04
1.589862977627396834e-03 -8.968460524166693921e-04 -1.042972818229704560e-03 -2.609586999999438401e-03 2.116708861194486352e-04
1.592240948113101675e-03 -8.981217854659703575e-04 -1.044098972974724041e-03 -2.613772485286252039e-03 2.119875259931227436e-04
1.594625372226029202e-03 -8.994007994163613021e-04 -1.045227009703604375e-03 -2.617969894018429972e-03 2.123050242681183658e-04
1.597016271375211079e-03 -9.006831034740247002e-04 -1.046356917577438749e-03 -2.622179308689502001e-03 2.126233844929501470e-04
1.599413674469312265e-03 -9.019687122928388145e-04 -1.047488711071866601e-03 -2.626400751055186448e-03 2.129426099229021774e-04
1.601817607965617908e-03 -9.032576386856571793e-04 -1.048622395602430727e-03 -2.630634265124106880e-03 2.132627039516089514e-04
1.604228097629272799e-03 -9.045498949927814267e-04 -1.049757974122830480e-03 -2.634879900504884763e-03 2.135836699997255587e-04
1.606645169504316694e-03 -9.058454937527506655e-04 -1.050895449619714548e-03 -2.639137707590271265e-03 2.139055115256444800e-04
1.609068849554349352e-03 -9.071444474605929115e-04 -1.052034824907733569e-03 -2.643407736546404124e-03 2.142282319773853086e-04
1.611499164102676938e-03 -9.084467687165996347e-04 -1.053176102732473855e-03 -2.647690037977299543e-03 2.145518348500526410e-04
1.613936139442422512e-03 -9.097524700950302854e-04 -1.054319285728541264e-03 -2.651984662065876106e-03 2.148763236347220969e-04
1.616379802070116957e-03 -9.110615642982016014e-04 -1.055464376554974366e-03 -2.656291659036751681e-03 2.152017018506671448e-04
1.618830177616987880e-03 -9.123740639823985652e-04 -1.056611374626086064e-03 -2.660611085527536668e-03 2.155279730727935100e-04
1.621287291524037884e-03 -9.136899814337687536e-04 -1.057760278546838843e-03 -2.664943000774385676e-03 2.158551409202422037e-04
1.623751173052640460e-03 -9.150093301277043012e-04 -1.058911098325636315e-03 -2.669287442280611228e-03 2.161832088704273560e-04
1.626221844907986850e-03 -9.163321155047409253e-04 -1.060063825488113823e-03 -2.673644496620804570e-03 2.165121807103493571e-04
1.628699337723349665e-03 -9.176583562816350691e-04 -1.061218471647857979e-03 -2.678014189299159076e-03 2.168420599082877983e-04
1.631183679811065755e-03 -9.189880671290045350e-04 -1.062375042211485994e-03 -2.682396565507776543e-03 2.171728500518883495e-04
1.633674898798140838e-03 -9.203212612015046392e-04 -1.063533540158872678e-03 -2.686791678596023563e-03 2.175045548080613191e-04
1.636173022225323025e-03 -9.216579515698554523e-04 -1.064693968359693450e-03 -2.691199581802275649e-03 2.178371778325223029e-04
1.638678077913116246e-03 -9.229981514729899278e-04 -1.065856329709271178e-03 -2.695620328905430369e-03 2.181707228185567787e-04
1.641190093788086075e-03 -9.243418742963153229e-04 -1.067020626986448124e-03 -2.700053973977552257e-03 2.185051934735302698e-04
1.643709097920662823e-03 -9.256891334800954052e-04 -1.068186862872103028e-03 -2.704500571164656676e-03 2.188405935243225295e-04
1.646235118577045117e-03 -9.270399425033516759e-04 -1.069355039909327927e-03 -2.708960174827491733e-03 2.191769267239019800e-04
1.648768184093824928e-03 -9.283943148547988376e-04 -1.070525160577622502e-03 -2.713432839100885993e-03 2.195141968349595179e-04
1.651308322963500330e-03 -9.297522641085948555e-04 -1.071697227386150418e-03 -2.717918618106470677e-03 2.198524076425398765e-04
1.653855563838892108e-03 -9.311138038790529653e-04 -1.072871242859837256e-03 -2.722417566567840366e-03 2.201915629528555622e-04
1.656409931256691082e-03 -9.324789416858570443e-04 -1.074047197398617917e-03 -2.726929769312574480e-03 2.205316667921425984e-04
1.658971454502552751e-03 -9.338476893395022743e-04 -1.075225095148034382e-03 -2.731455282655079284e-03 2.208727229800976598e-04
1.661540166765344568e-03 -9.352200688500300141e-04 -1.076404949170508890e-03 -2.735994132649587768e-03 2.212147352280419003e-04
1.664116097343401775e-03 -9.365960941113456043e-04 -1.077586762193007012e-03 -2.740546375847862336e-03 2.215577074237367976e-04
1.666699274183115016e-03 -9.379757778568962624e-04 -1.078770531421523703e-03 -2.745112081736826581e-03 2.219016435481022207e-04
1.669289724729500820e-03 -9.393591323638790427e-04 -1.079956252124325078e-03 -2.749691323895474965e-03 2.222465476049548705e-04
1.671887482503748483e-03 -9.407461746552450276e-04 -1.081143940071295235e-03 -2.754284131797154860e-03 2.225924234128274224e-04
1.674492577375178565e-03 -9.421369189391398365e-04 -1.082333597928166824e-03 -2.758890563338858154e-03 2.229392749368815443e-04
1.677105039464137819e-03 -9.435313795600604138e-04 -1.083525228266743511e-03 -2.763510676812479163e-03 2.232871061760572501e-04
1.679724898989192177e-03 -9.449295708538571915e-04 -1.084718833580617216e-03 -2.768144530486273125e-03 2.236359211427808901e-04
1.682352181613773739e-03 -9.463314980291010490e-04 -1.085914402175647275e-03 -2.772792222713422843e-03 2.239857241003662873e-04
1.684986921261667509e-03 -9.477371821318434980e-04 -1.087111946318647772e-03 -2.777453783064213772e-03 2.243365189405330978e-04
1.687629148272810648e-03 -9.491466397252628848e-04 -1.088311466222555363e-03 -2.782129272228278920e-03 2.246883097648296596e-04
1.690278892240111358e-03 -9.505598846334052839e-04 -1.089512960524624844e-03 -2.786818757988664391e-03 2.250411007308348221e-04
1.692936186405836216e-03 -9.519769324660016510e-04 -1.090716438675512186e-03 -2.791522284394712047e-03 2.253948958717717224e-04
1.695601062913643618e-03 -9.533977985812553020e-04 -1.091921905487258778e-03 -2.796239905927210261e-03 2.257496992992451344e-04
1.698273553203438063e-03 -9.548224978321242932e-04 -1.093129363377291340e-03 -2.800971683516704797e-03 2.261055151848931908e-04
1.700953688951285401e-03 -9.562510451719605491e-04 -1.094338814907745922e-03 -2.805717678524468055e-03 2.264623477310019530e-04
1.703641501926487882e-03 -9.576834555398255596e-04 -1.095550262664088219e-03 -2.810477952622306586e-03 2.268202011525855823e-04
1.706337024074134441e-03 -9.591197439405194612e-04 -1.096763709199365415e-03 -2.815252567855371091e-03 2.271790796893352507e-04
1.709040287445670343e-03 -9.605599254760793879e-04 -1.097979157062996518e-03 -2.820041586491333491e-03 2.275389875968693580e-04
1.711751324406370978e-03 -9.620040154524977074e-04 -1.099196608648175680e-03 -2.824845071204777191e-03 2.278999291717038198e-04
1.714470165856606934e-03 -9.634520290831842700e-04 -1.100416060674537988e-03 -2.829663096806792240e-03 2.282619087836742112e-04
1.717196844592188982e-03 -9.649039818192151497e-04 -1.101637515745904463e-03 -2.834495725178122223e-03 2.286249307652130839e-04
1.719931394837806828e-03 -9.663598892127709837e-04 -1.102860981032939124e-03 -2.839343007955746120e-03 2.289889994133863151e-04
1.722673849547727608e-03 -9.678197668033907200e-04 -1.104086458557891745e-03 -2.844205008420697123e-03 2.293541191032717600e-04
1.725424241898512864e-03 -9.692836302705958420e-04 -1.105313950400153887e-03 -2.849081790226662154e-03 2.297202942397004108e-04
1.728182603779406879e-03 -9.707514949716491200e-04 -1.106543453433260753e-03 -2.853973428050941147e-03 2.300875293144777410e-04
1.730948968226672180e-03 -9.722233765733381914e-04 -1.107774967963047778e-03 -2.858879990194288043e-03 2.304558287961059519e-04
1.733723370897237133e-03 -9.736992915277014639e-04 -1.109008502853424350e-03 -2.863801528293187428e-03 2.308251970742021585e-04
1.736505845847114088e-03 -9.751792558400283707e-04 -1.110244060314185318e-03 -2.868738108497673536e-03 2.311956386679579951e-04
1.739296427114047023e-03 -9.766632854488722319e-04 -1.111481642643202426e-03 -2.873689796835002079e-03 2.315671580946438086e-04
1.742095149061825311e-03 -9.781513963994983157e-04 -1.112721252209448747e-03 -2.878656660092022979e-03 2.319397599151232486e-04
1.744902046174502371e-03 -9.796436048079141309e-04 -1.113962891316777571e-03 -2.883638765220040544e-03 2.323134487056811143e-04
1.747717153202474555e-03 -9.811399269892544673e-04 -1.115206562152401548e-03 -2.888636179402017962e-03 2.326882290775358767e-04
1.750540504962029955e-03 -9.826403793277988918e-04 -1.116452266682938736e-03 -2.893648969676315338e-03 2.330641056515548367e-04
1.753372136652201060e-03 -9.841449783597351880e-04 -1.117700006921177073e-03 -2.898677203862577972e-03 2.334410830983511202e-04
1.756212079852884338e-03 -9.856537392903287880e-04 -1.118949773043629052e-03 -2.903720974839930826e-03 2.338191662258759648e-04
1.759060373578408883e-03 -9.871666800874772611e-04 -1.120201578005548945e-03 -2.908780327825736308e-03 2.341983596213887081e-04
1.761917053445851040e-03 -9.886838175074796464e-04 -1.121455423864799530e-03 -2.913855330171662931e-03 2.345786679873008518e-04
1.764782155248442470e-03 -9.902051679681078168e-04 -1.122711311849988085e-03 -2.918946053326553196e-03 2.349600961052453576e-04
1.767655707362157267e-03 -9.917307271076647879e-04 -1.123969220105302527e-03 -2.924052657486014752e-03 2.353426490974751348e-04
1.770537753798336229e-03 -9.932605335769538208e-04 -1.125229174311813407e-03 -2.929175120809902454e-03 2.357263314245529892e-04
1.773428330987047302e-03 -9.947946044079299718e-04 -1.126491176213367546e-03 -2.934313514181043255e-03 2.361111479215906425e-04
1.776327475797964683e-03 -9.963329567557158324e-04 -1.127755227760706379e-03 -2.939467909104780032e-03 2.364971034800616328e-04
1.779235224963113997e-03 -9.978756076766913657e-04 -1.129021330916191385e-03 -2.944638376772645925e-03 2.368842029729536342e-04
1.782151615675240004e-03 -9.994225744627508335e-04 -1.130289487667854699e-03 -2.949824989221013025e-03 2.372724513350414307e-04
1.785076685273882585e-03 -1.000973874534752612e-03 -1.131559699880904614e-03 -2.955027818865631380e-03 2.376618535206762961e-04
1.788010471234136381e-03 -1.002529525413390797e-03 -1.132831969203969193e-03 -2.960246938305264794e-03 2.380524145015300947e-04
1.790953011440005703e-03 -1.004089544834249658e-03 -1.134106297313507540e-03 -2.965482421117794903e-03 2.384441393039840205e-04
1.793904339277733540e-03 -1.005653942900604616e-03 -1.135382675634200814e-03 -2.970734376443782878e-03 2.388370331356405433e-04
1.796864495700686241e-03 -1.007222742156964898e-03 -1.136661111897237317e-03 -2.976002856734718920e-03 2.392311009503593597e-04
1.799833520727270580e-03 -1.008795963458914910e-03 -1.137941611191160569e-03 -2.981287922586595661e-03 2.396263477633468460e-04
1.802811452838600252e-03 -1.010373624799962809e-03 -1.139224174805352797e-03 -2.986589648271147698e-03 2.400227786826443250e-04
1.805798331012779638e-03 -1.011955744381464817e-03 -1.140508804191082580e-03 -2.991908109142682026e-03 2.404203988822023930e-04
1.808794194106919193e-03 -1.013542340270937817e-03 -1.141795500620672657e-03 -2.997243380513323237e-03 2.408192135183305114e-04
1.811799081440724178e-03 -1.015133430676403922e-03 -1.143084265346886114e-03 -3.002595538824418941e-03 2.412192278072044246e-04
1.814813032500615020e-03 -1.016729033898496276e-03 -1.144375099726475551e-03 -3.007964660633829883e-03 2.416204469871316418e-04
1.817836087028956715e-03 -1.018329168351278990e-03 -1.145668005317456621e-03 -3.013350823036941694e-03 2.420228763307393058e-04
1.820868279144915742e-03 -1.019933846340016076e-03 -1.146962963340609392e-03 -3.018754152308783002e-03 2.424265213894336208e-04
1.823909644176850177e-03 -1.021543076510766229e-03 -1.148259960124976484e-03 -3.024174771843670707e-03 2.428313877082349760e-04
1.826960231162941522e-03 -1.023156892556508846e-03 -1.149559025603752059e-03 -3.029612682565665984e-03 2.432374802741465861e-04
1.830020082783604968e-03 -1.024775314660951496e-03 -1.150860167493350430e-03 -3.035067949088641678e-03 2.436448043972880371e-04
1.833089240062308559e-03 -1.026398361920349790e-03 -1.152163387069401589e-03 -3.040540651539104782e-03 2.440533655194033894e-04
1.836167743925533899e-03 -1.028026053370038233e-03 -1.153468685363795172e-03 -3.046030869328930375e-03 2.444631690691402462e-04
1.839255635792747369e-03 -1.029658408356471603e-03 -1.154776063259274925e-03 -3.051538682325662024e-03 2.448742205427249926e-04
1.842352954636381455e-03 -1.031295445229521868e-03 -1.156085513241823012e-03 -3.057064187965271348e-03 2.452865255622549531e-04
1.845459743628755827e-03 -1.032937183773859676e-03 -1.157397040635459087e-03 -3.062607457968575132e-03 2.457000896149557105e-04
1.848576045957062803e-03 -1.034583643746505265e-03 -1.158710650034933077e-03 -3.068168565989550390e-03 2.461149182247079881e-04
1.851701904094092861e-03 -1.036234844743590859e-03 -1.160026342235668390e-03 -3.073747594407153210e-03 2.465310170256416675e-04
1.854837359897373644e-03 -1.037890806474273727e-03 -1.161344115653603149e-03 -3.079344630895650310e-03 2.469483916754198886e-04
1.857982454788596098e-03 -1.039551548834273488e-03 -1.162663965978418326e-03 -3.084959770236294415e-03 2.473670479054462844e-04
1.861137233997199776e-03 -1.041217091633085765e-03 -1.163985901684171315e-03 -3.090593080735289967e-03 2.477869913735893971e-04
1.864301740786621347e-03 -1.042887454861215688e-03 -1.165309923711598319e-03 -3.096244647115900528e-03 2.482082278175432380e-04
1.867476018834213561e-03 -1.044562658726930172e-03 -1.166636032932214439e-03 -3.101914555021326094e-03 2.486307630298386501e-04
1.870660111906254997e-03 -1.046242723514065895e-03 -1.167964230120510606e-03 -3.107602889982869192e-03 2.490546028169038340e-04
1.873854064102655143e-03 -1.047927669636142690e-03 -1.169294516024711869e-03 -3.113309737981590636e-03 2.494797530290228057e-04
1.877057919774715060e-03 -1.049617517636208938e-03 -1.170626891127830946e-03 -3.119035185085099193e-03 2.499062195483517639e-04
1.880271723665979770e-03 -1.051312288186327876e-03 -1.171961355818770941e-03 -3.124779317668757023e-03 2.503340083091571333e-04
1.883495520503932060e-03 -1.053012001801526898e-03 -1.173297910298055479e-03 -3.130542222275010510e-03 2.507631252444949351e-04
1.886729355429341958e-03 -1.054716679146897821e-03 -1.174636554815998218e-03 -3.136323986632424954e-03 2.511935763416557480e-04
1.889973273843292313e-03 -1.056426341057282526e-03 -1.175977289596206749e-03 -3.142124699135429716e-03 2.516253676219930182e-04
1.893227321401225226e-03 -1.058141008533641748e-03 -1.177320114824757704e-03 -3.147944448786817347e-03 2.520585051412366109e-04
1.896491544162578645e-03 -1.059860702848729880e-03 -1.178665030674931093e-03 -3.153783325340543849e-03 2.524929950092192179e-04
1.899765988295334116e-03 -1.061585445302378828e-03 -1.180012037306885260e-03 -3.159641419263198737e-03 2.529288433486326566e-04
1.903050700345701451e-03 -1.063315257297378505e-03 -1.181361135024039605e-03 -3.165518821817129517e-03 2.533660563322917363e-04
1.906345727110222770e-03 -1.065050160313672604e-03 -1.182712324158604732e-03 -3.171415624629627446e-03 2.538046401664841652e-04
1.909651115781481898e-03 -1.066790176004207922e-03 -1.184065604985076346e-03 -3.177331919976583013e-03 2.542446011095889037e-04
1.912966913531558878e-03 -1.068535326050255819e-03 -1.185420977700823910e-03 -3.183267800246042650e-03 2.546859454194453590e-04
1.916293164755835613e-03 -1.070285630188907815e-03 -1.186778430603375317e-03 -3.189223384965482379e-03 2.551286795742063978e-04
1.919629917831777765e-03 -1.072041110766565981e-03 -1.188137965369958802e-03 -3.195198762401027081e-03 2.555728098845435150e-04
1.922977223885785538e-03 -1.073801791747023724e-03 -1.189499591401083382e-03 -3.201194004686648727e-03 2.560183426444112716e-04
1.926335131383857726e-03 -1.075567695248448152e-03 -1.190863308373145283e-03 -3.207209206022852352e-03 2.564652842807424926e-04
1.929703689027142694e-03 -1.077338843443292589e-03 -1.192229115810412854e-03 -3.213244461761056558e-03 2.569136412518934886e-04
1.933082945908558108e-03 -1.079115258784280528e-03 -1.193597013194624013e-03 -3.219299868010343842e-03 2.573634200678266422e-04
1.936472951432080970e-03 -1.080896963990325308e-03 -1.194967000070847529e-03 -3.225375521006728589e-03 2.578146272829905604e-04
1.939873749266082283e-03 -1.082683975685632847e-03 -1.196339054903168423e-03 -3.231471564310570577e-03 2.582672697247323621e-04
1.943285389602992770e-03 -1.084476319570389265e-03 -1.197713177894702431e-03 -3.237588093510002270e-03 2.587213540067860216e-04
1.946707927293700588e-03 -1.086274021451311134e-03 -1.199089384175653283e-03 -3.243725172783745465e-03 2.591768866322019700e-04
1.950141414198913736e-03 -1.088077104838559286e-03 -1.200467677485239117e-03 -3.249882891890123332e-03 2.596338742681085368e-04
1.953585901116420935e-03 -1.089885592880891806e-03 -1.201848057353929050e-03 -3.256061350697602233e-03 2.600923236498189298e-04
1.957041439433294082e-03 -1.091699509103875388e-03 -1.203230523343158534e-03 -3.262260649923531992e-03 2.605522415912782277e-04
1.960508079297970229e-03 -1.093518876616586749e-03 -1.204615070333965674e-03 -3.268480898980273292e-03 2.610136349392565432e-04
1.963985869887595239e-03 -1.095343718306326236e-03 -1.206001686864884579e-03 -3.274722222838233419e-03 2.614765107065398987e-04
1.967474867298440403e-03 -1.097174059084875903e-03 -1.207390386276324754e-03 -3.280984690755787882e-03 2.619408756359639136e-04
1.970975115877956346e-03 -1.099009903013087449e-03 -1.208781141766114607e-03 -3.287268495875418292e-03 2.624067370499044206e-04
1.974486674930953263e-03 -1.100851289803068175e-03 -1.210173972668830179e-03 -3.293573669387323509e-03 2.628741016594314333e-04
1.978009599222205032e-03 -1.102698247594812537e-03 -1.211568882691413341e-03 -3.299900297709544659e-03 2.633429764485828114e-04
1.981543942076126850e-03 -1.104550800703267294e-03 -1.212965870446111550e-03 -3.306248484684970890e-03 2.638133684928437180e-04
1.985089757293663319e-03 -1.106408973590259325e-03 -1.214364934477236806e-03 -3.312618335177860539e-03 2.642852849277760969e-04
1.988647099035702453e-03 -1.108272790816674505e-03 -1.215766073130726587e-03 -3.319009955083640582e-03 2.647587329325327824e-04
1.992216021779009798e-03 -1.110142276995743343e-03 -1.217169284875933540e-03 -3.325423451542199559e-03 2.652337197273032816e-04
1.995796580441320644e-03 -1.112017456976289575e-03 -1.218574568392462049e-03 -3.331858932831225067e-03 2.657102525913732213e-04
1.999388828607311618e-03 -1.113898352499499743e-03 -1.219981917992933812e-03 -3.338316522179775141e-03 2.661883388816798182e-04
2.002992814905098576e-03 -1.115784973169107238e-03 -1.221391311702141585e-03 -3.344796399650691154e-03 2.666679862549826844e-04
2.006608603402432623e-03 -1.117677363217312644e-03 -1.222802772272286965e-03 -3.351298588838915512e-03 2.671492017469426108e-04
2.010236248516727910e-03 -1.119575548271544525e-03 -1.224216290700698082e-03 -3.357823214181853040e-03 2.676319928924169927e-04
2.013875807473053305e-03 -1.121479553745146620e-03 -1.225631867933606092e-03 -3.364370380388455317e-03 2.681163671314553288e-04
2.017527336623301578e-03 -1.123389404006932104e-03 -1.227049500716769067e-03 -3.370940202561395396e-03 2.686023320635525999e-04
2.021190892167966640e-03 -1.125305125332055553e-03 -1.228469183664967178e-03 -3.377532797120045248e-03 2.690898952816798712e-04
2.024866534315388975e-03 -1.127226744482366649e-03 -1.229890922670016104e-03 -3.384148261007230169e-03 2.695790643333904370e-04
2.028554321076389121e-03 -1.129154287666587000e-03 -1.231314715339079267e-03 -3.390786707004005054e-03 2.700698469097430787e-04
2.032254310657085391e-03 -1.131087781108026588e-03 -1.232740558989135760e-03 -3.397448248893996953e-03 2.705622507234456018e-04
2.035966561851220661e-03 -1.133027251284319083e-03 -1.234168450861865100e-03 -3.404133002274290290e-03 2.710562835634786213e-04
2.039691132368921106e-03 -1.134972723460168009e-03 -1.235598384578969876e-03 -3.410841093535483572e-03 2.715519533237257090e-04
2.043428078076105821e-03 -1.136924221028643616e-03 -1.237030348350112285e-03 -3.417572663352712835e-03 2.720492680158588116e-04
2.047177463539090209e-03 -1.138881775898102503e-03 -1.238464352804668827e-03 -3.424327796630214499e-03 2.725482353557697650e-04
2.050939349180666907e-03 -1.140845415463944204e-03 -1.239900395302128647e-03 -3.431106612230300050e-03 2.730488633514429274e-04
2.054713795500469863e-03 -1.142815166959841068e-03 -1.241338472709578979e-03 -3.437909229477110334e-03 2.735511600176084544e-04
2.058500863459843556e-03 -1.144791057710068533e-03 -1.242778581730366507e-03 -3.444735768614450716e-03 2.740551334315115988e-04
2.062300614583061076e-03 -1.146773115130271872e-03 -1.244220719126330407e-03 -3.451586350167950602e-03 2.745607917462673710e-04
2.066113110518345408e-03 -1.148761366655138639e-03 -1.245664881834069150e-03 -3.458461094509898952e-03 2.750681431341007121e-04
2.069938413430277759e-03 -1.150755840178393705e-03 -1.247111066593653951e-03 -3.465360123206032844e-03 2.755771958366243636e-04
2.073776585767822533e-03 -1.152756563764106368e-03 -1.248559269780899006e-03 -3.472283558356272296e-03 2.760879581313380507e-04
2.077627689535967680e-03 -1.154763564833660369e-03 -1.250009484968257669e-03 -3.479231528792141315e-03 2.766004383994365460e-04
2.081491782624450906e-03 -1.156776869154847688e-03 -1.251461692303013464e-03 -3.486204190683916265e-03 2.771146452315393304e-04
2.085368929186232068e-03 -1.158796497577112674e-03 -1.252915888312061340e-03 -3.493201684218911595e-03 2.776305871447493881e-04
2.089259195872650125e-03 -1.160822483879536205e-03 -1.254372077570618240e-03 -3.500224112526107486e-03 2.781482724640051683e-04
2.093162650620560873e-03 -1.162854863413064193e-03 -1.255830265770758363e-03 -3.507271576637007848e-03 2.786677096239934307e-04
2.097079358412398242e-03 -1.164893665435820990e-03 -1.257290449033066472e-03 -3.514344204409562602e-03 2.791889072382749406e-04
2.101009384587506842e-03 -1.166938919153603016e-03 -1.258752623040710087e-03 -3.521442125204562058e-03 2.797118739616648439e-04
2.104952795462601816e-03 -1.168990654032197500e-03 -1.260216783289348514e-03 -3.528565469548682488e-03 2.802366185766369663e-04
2.108909657011867611e-03 -1.171048899153260799e-03 -1.261682924974931799e-03 -3.535714366989960687e-03 2.807631498195841020e-04
2.112880032358560849e-03 -1.173113683083742932e-03 -1.263151031591280924e-03 -3.542888970964952651e-03 2.812914766872330629e-04
2.116863992076197312e-03 -1.175185036544144261e-03 -1.264621110028046414e-03 -3.550089392696666613e-03 2.818216079400864805e-04
2.120861603899209646e-03 -1.177262989800017439e-03 -1.266093156284577980e-03 -3.557315762951908811e-03 2.823535525144908092e-04
2.124872936013457152e-03 -1.179347573312782092e-03 -1.267567165283401374e-03 -3.564568215384724542e-03 2.828873194480147025e-04
2.128898056686580505e-03 -1.181438817665182456e-03 -1.269043131603620443e-03 -3.571846884480220016e-03 2.834229177892481628e-04
2.132937031389267601e-03 -1.183536743917393622e-03 -1.270521037609305143e-03 -3.579151944029492199e-03 2.839603568177822830e-04
2.136989918238310204e-03 -1.185641361460196708e-03 -1.272000842583272812e-03 -3.586483631690250140e-03 2.844996461914900345e-04
2.141056799969199946e-03 -1.187752730739187077e-03 -1.273482583609495625e-03 -3.593841961941607495e-03 2.850407946433140089e-04
2.145137748161780010e-03 -1.189870884857908723e-03 -1.274966260092578107e-03 -3.601227060322099993e-03 2.855838113579889392e-04
2.149232831901312212e-03 -1.191995853776140878e-03 -1.276451860845037242e-03 -3.608639080293891185e-03 2.861287058338433270e-04
2.153342122354862283e-03 -1.194127668729234003e-03 -1.277939379247025782e-03 -3.616078163383163770e-03 2.866754875144143788e-04
2.157465693536847213e-03 -1.196266362799761019e-03 -1.279428814895350840e-03 -3.623544437283465758e-03 2.872241658233001729e-04
2.161603613806996338e-03 -1.198411956722579335e-03 -1.280920149749989814e-03 -3.631038088261633306e-03 2.877747504409762058e-04
2.165755938980075661e-03 -1.200564431401039125e-03 -1.282413321294937529e-03 -3.638559462566452133e-03 2.883272518120315190e-04
2.169922762450606033e-03 -1.202723881043899021e-03 -1.283908391572906316e-03 -3.646108459146953432e-03 2.888816786627612437e-04
2.174104157835178575e-03 -1.204890338396586921e-03 -1.285405354034629185e-03 -3.653685222484864565e-03 2.894380407524236145e-04
2.178300199072887716e-03 -1.207063836366937051e-03 -1.286904201717735787e-03 -3.661289898458169705e-03 2.899963478815636097e-04
2.182510961099314636e-03 -1.209244408251407667e-03 -1.288404927403214058e-03 -3.668922635113277316e-03 2.905566099800122753e-04
2.186736518498996230e-03 -1.211432087021861856e-03 -1.289907523718563168e-03 -3.676583579705250144e-03 2.911188369299621691e-04
2.190976947014888244e-03 -1.213626906344013063e-03 -1.291411983700461270e-03 -3.684272882520857328e-03 2.916830387698010011e-04
2.195232322789010017e-03 -1.215828899905247286e-03 -1.292918300095673460e-03 -3.691990694403017755e-03 2.922492255861635323e-04
2.199502722402990173e-03 -1.218038101308745310e-03 -1.294426465117138594e-03 -3.699737166451545940e-03 2.928174075155112028e-04
2.203788223267348547e-03 -1.220254544226668765e-03 -1.295936470809680658e-03 -3.707512451593632762e-03 2.933875947980274426e-04
2.208088899920784571e-03 -1.222478256810717373e-03 -1.297448301170480789e-03 -3.715316726163272933e-03 2.939597978371069230e-04
2.212404827715103769e-03 -1.224709267979641556e-03 -1.298961940508300749e-03 -3.723150167584855005e-03 2.945340271409944716e-04
2.216736091383365685e-03 -1.226947623179041940e-03 -1.300477396955708291e-03 -3.731012888982480208e-03 2.951102928798486407e-04
2.221082768879134497e-03 -1.229193357362383778e-03 -1.301994659033807455e-03 -3.738905053130851981e-03 2.956886055702599042e-04
2.225444937847593022e-03 -1.231446505518112152e-03 -1.303513711896896318e-03 -3.746826828769954550e-03 2.962689758639620971e-04
2.229822681716306897e-03 -1.233707103439528763e-03 -1.305034556866994846e-03 -3.754778355905680209e-03 2.968514142727865881e-04
2.234216078557031780e-03 -1.235975185865067745e-03 -1.306557174953083779e-03 -3.762759814055183574e-03 2.974359316380047798e-04
2.238625206042657058e-03 -1.238250785751933989e-03 -1.308081546538469430e-03 -3.770771386620065408e-03 2.980225388790378556e-04
2.243050152414410858e-03 -1.240533942688981173e-03 -1.309607682053410670e-03 -3.778813192539013169e-03 2.986112465651896025e-04
2.247491000441166533e-03 -1.242824692884125955e-03 -1.311135572084717654e-03 -3.786885396287658322e-03 2.992020656563142470e-04
2.251947833183394910e-03 -1.245123072353847195e-03 -1.312665206696317800e-03 -3.794988162427077438e-03 2.997950071437490783e-04
2.256420734620443770e-03 -1.247429117314554975e-03 -1.314196575842088537e-03 -3.803121657648201107e-03 3.003900821379485039e-04
2.260909789047028853e-03 -1.249742864178717602e-03 -1.315729669618167195e-03 -3.811286050388502065e-03 3.009873017947296251e-04
2.265415081083158207e-03 -1.252064349806070610e-03 -1.317264478172991719e-03 -3.819481510104422248e-03 3.015866773202315943e-04
2.269936696622885854e-03 -1.254393611983898368e-03 -1.318800991666134372e-03 -3.827708208322037550e-03 3.021882200946665055e-04
2.274474721246236199e-03 -1.256730688381818952e-03 -1.320339200028691762e-03 -3.835966315336851798e-03 3.027919414566217628e-04
2.279029241588238254e-03 -1.259075617060736833e-03 -1.321879092839679500e-03 -3.844256001465667320e-03 3.033978528836621955e-04
2.283600344734414839e-03 -1.261428435995206069e-03 -1.323420658933471003e-03 -3.852577437162039466e-03 3.040059659091365698e-04
2.288188118931232078e-03 -1.263789183644626604e-03 -1.324963886677395968e-03 -3.860930795634631794e-03 3.046162922195173135e-04
2.292792651905716135e-03 -1.266157898291968547e-03 -1.326508764053865863e-03 -3.869316249947283605e-03 3.052288434335342221e-04
2.297414032928354714e-03 -1.268534618800933001e-03 -1.328055279478252901e-03 -3.877733977438517672e-03 3.058436313752703494e-04
2.302052351818304702e-03 -1.270919383868490942e-03 -1.329603420992132379e-03 -3.886184156748231141e-03 3.064606679338115485e-04
2.306707687989678970e-03 -1.273312208497707348e-03 -1.331153150848715747e-03 -3.894667067107062189e-03 3.070799655321839144e-04
2.311380141086762530e-03 -1.275713153768881893e-03 -1.332704475762869515e-03 -3.903182803605591625e-03 3.077015357925273840e-04
2.316069796104169593e-03 -1.278122253956947294e-03 -1.334257363732609071e-03 -3.911731593485116842e-03 3.083253911786450587e-04
2.320776754015867627e-03 -1.280539555957236871e-03 -1.335811828162989908e-03 -3.920313567809886705e-03 3.089515435102578676e-04
2.325501107574410534e-03 -1.282965100288342578e-03 -1.337367856443309614e-03 -3.928928911927345204e-03 3.095800050728681244e-04
2.330242950608124499e-03 -1.285398927890170177e-03 -1.338925435908031166e-03 -3.937577811498458973e-03 3.102107882945722502e-04
2.335002368676146554e-03 -1.287841060595282987e-03 -1.340484532907543691e-03 -3.946260529299478424e-03 3.108439059509061366e-04
2.339779447675779857e-03 -1.290291533269447965e-03 -1.342045108925348602e-03 -3.954977301227072944e-03 3.114793710136670854e-04
2.344574291241888122e-03 -1.292750394558733187e-03 -1.343607172304487436e-03 -3.963728250266899782e-03 3.121171957415371759e-04
2.349387001581761721e-03 -1.295217702240294760e-03 -1.345170720526064944e-03 -3.972513526473810293e-03 3.127573925872972394e-04
2.354217670839143812e-03 -1.297693491040926173e-03 -1.346735724081000616e-03 -3.981333364572861577e-03 3.133999745912824180e-04
2.359066394762469182e-03 -1.300177789429411181e-03 -1.348302167292488680e-03 -3.990187981059354488e-03 3.140449547711788160e-04
2.363933281101202131e-03 -1.302670660156870922e-03 -1.349870059821433156e-03 -3.999077488456910523e-03 3.146923457441620753e-04
2.368818428769165971e-03 -1.305172145613189101e-03 -1.351439386547216180e-03 -4.008002087041094043e-03 3.153421605969792684e-04
2.373721937458701022e-03 -1.307682288673299789e-03 -1.353010132357411249e-03 -4.016961978002079811e-03 3.159944125256995782e-04
2.378643907824529256e-03 -1.310201132786583582e-03 -1.354582282059466503e-03 -4.025957362714002209e-03 3.166491148576735127e-04
2.383584440615281463e-03 -1.312728721611303466e-03 -1.356155819863278126e-03 -4.034988441666098428e-03 3.173062809348248833e-04
2.388543632038740705e-03 -1.315265095868962432e-03 -1.357730711839232876e-03 -4.044055452737261268e-03 3.179659245275420570e-04
2.393521589900199885e-03 -1.317810302680986383e-03 -1.359306958104576591e-03 -4.053158564310891700e-03 3.186280589550482536e-04
2.398518416323202132e-03 -1.320364383176046100e-03 -1.360884538152607685e-03 -4.062297989953807600e-03 3.192926979461044941e-04
2.403534206976107833e-03 -1.322927364093391287e-03 -1.362463409503527831e-03 -4.071474001298439928e-03 3.199598556870511946e-04
2.408569076250771483e-03 -1.325499310704067891e-03 -1.364043583701586527e-03 -4.080686728061158272e-03 3.206295455220162412e-04
2.413623130059953416e-03 -1.328080267997735478e-03 -1.365625042539611025e-03 -4.089936380500082576e-03 3.213017814640456199e-04
2.418696472791931600e-03 -1.330670280404805221e-03 -1.367207759820294197e-03 -4.099223190038588961e-03 3.219765776979395294e-04
2.423789200777448898e-03 -1.333269383040879604e-03 -1.368791685285075275e-03 -4.108547450763776719e-03 3.226539488260983133e-04
2.428901422246867482e-03 -1.335877614710106673e-03 -1.370376802889026286e-03 -4.117909383017127889e-03 3.233339090828045068e-04
2.434033258797881072e-03 -1.338495040117337062e-03 -1.371963131009442576e-03 -4.127309110693212421e-03 3.240164724437126736e-04
2.439184819381206171e-03 -1.341121705994260905e-03 -1.373550650601130770e-03 -4.136746850978719955e-03 3.247016533335346728e-04
2.444356214411647684e-03 -1.343757659735362155e-03 -1.375139342341796236e-03 -4.146222823351818770e-03 3.253894663699549543e-04
2.449547554860139441e-03 -1.346402948706600490e-03 -1.376729186253050673e-03 -4.155737247756431316e-03 3.260799262378098729e-04
2.454758953372644745e-03 -1.349057620694769748e-03 -1.378320162212589434e-03 -4.165290347767547710e-03 3.267730478387342050e-04
2.459990521841321463e-03 -1.351721722932351525e-03 -1.379912249258691227e-03 -4.174882345445845959e-03 3.274688459764021876e-04
2.465242374133427231e-03 -1.354395303547110182e-03 -1.381505426184997118e-03 -4.184513466265208682e-03 3.281673357187475919e-04
2.470514624739236949e-03 -1.357078410797115135e-03 -1.383099671372663890e-03 -4.194183937108094881e-03 3.288685322140226996e-04
2.475807387386310104e-03 -1.359771090877156348e-03 -1.384694958538785570e-03 -4.203893999720207005e-03 3.295724507444532450e-04
2.481120766608380362e-03 -1.362473375757769630e-03 -1.386291228445738670e-03 -4.213643989631973147e-03 3.302791071743187905e-04
2.486454887499640540e-03 -1.365185333568322149e-03 -1.387888481903138587e-03 -4.223434072786524940e-03 3.309885166130646064e-04
2.491809873139670586e-03 -1.367907014626150572e-03 -1.389486714322198070e-03 -4.233264448447162688e-03 3.317006945321866848e-04
2.497185831790216422e-03 -1.370638450072812113e-03 -1.391085875945521216e-03 -4.243135434277045190e-03 3.324156571016512705e-04
2.502582881227196840e-03 -1.373379695019200921e-03 -1.392685932324297686e-03 -4.253047278838302525e-03 3.331334201702653309e-04
2.508001138990889264e-03 -1.376130802251614464e-03 -1.394286850249552628e-03 -4.263000235187056758e-03 3.338539997675075543e-04
2.513440733397817334e-03 -1.378891816790556992e-03 -1.395888627994092569e-03 -4.272994514859789796e-03 3.345774117535814992e-04
2.518901786954245731e-03 -1.381662785937004794e-03 -1.397491241547496685e-03 -4.283030367429645907e-03 3.353036723409622130e-04
2.524384430974544423e-03 -1.384443784123807943e-03 -1.399094688911476942e-03 -4.293107962284248812e-03 3.360327974816485321e-04
2.529888787529191701e-03 -1.387234862322901012e-03 -1.400698938930998840e-03 -4.303227555102761247e-03 3.367648036358507672e-04
2.535414980407308446e-03 -1.390036072110825216e-03 -1.402303961671607724e-03 -4.313389403387904615e-03 3.374997073975156210e-04
2.540963138828354877e-03 -1.392847467370896984e-03 -1.403909739793296344e-03 -4.323593745151072497e-03 3.382375253379976254e-04
2.546533384722677890e-03 -1.395669095211663413e-03 -1.405516228034271037e-03 -4.333840880761600199e-03 3.389782745293347366e-04
2.552125844437647985e-03 -1.398501007481321680e-03 -1.407123393489168690e-03 -4.344131081709933298e-03 3.397219719761470518e-04
2.557740653763509227e-03 -1.401343266233625630e-03 -1.408731232712081682e-03 -4.354464550267124999e-03 3.404686344022306928e-04
2.563377943333390498e-03 -1.404195926458149573e-03 -1.410339717824360319e-03 -4.364841547716763817e-03 3.412182790882304566e-04
2.569037834041356955e-03 -1.407059023271439030e-03 -1.411948794986286546e-03 -4.375262423637174374e-03 3.419709237205516891e-04
2.574720449788053984e-03 -1.409932601599536922e-03 -1.413558412606238761e-03 -4.385727497645194005e-03 3.427265861239470776e-04
2.580425932541175697e-03 -1.412816728914015633e-03 -1.415168566170478840e-03 -4.396236966168308100e-03 3.434852834948877573e-04
2.586154424987856335e-03 -1.415711478267033668e-03 -1.416779248448155233e-03 -4.406791025393156508e-03 3.442470332039107030e-04
2.591906061585757919e-03 -1.418616905331844579e-03 -1.418390427502855874e-03 -4.417389947122199977e-03 3.450118531059911172e-04
2.597680975364023703e-03 -1.421533063970606371e-03 -1.420002062785049365e-03 -4.428034026692973316e-03 3.457797613783267026e-04
2.603479291358555461e-03 -1.424459989655562460e-03 -1.421614096906238323e-03 -4.438723629144334173e-03 3.465507765917016383e-04
2.609301150743023601e-03 -1.427397751177754501e-03 -1.423226491149138812e-03 -4.449459024147686681e-03 3.473249169695264435e-04
2.615146705244928912e-03 -1.430346418265393115e-03 -1.424839256294572381e-03 -4.460240387387139592e-03 3.481022003556575022e-04
2.621016095673646407e-03 -1.433306049162590091e-03 -1.426452359811496281e-03 -4.471068002259426070e-03 3.488826453668515508e-04
2.626909453896941055e-03 -1.436276693716434126e-03 -1.428065737157204699e-03 -4.481942224558820367e-03 3.496662710695607281e-04
2.632826918550244550e-03 -1.439258384614098716e-03 -1.429679343557782589e-03 -4.492863425803907476e-03 3.504530965577834977e-04
2.638768626941904744e-03 -1.442251176629337972e-03 -1.431293128322339665e-03 -4.503831923404368401e-03 3.512431410415829246e-04
2.644734742965795370e-03 -1.445255168203308594e-03 -1.432907111361741851e-03 -4.514847835141499142e-03 3.520364229978794690e-04
2.650725412667981860e-03 -1.448270420495379818e-03 -1.434521260167909802e-03 -4.525911444621730575e-03 3.528329615519611271e-04
2.656740783619130838e-03 -1.451296993853967146e-03 -1.436135538547794743e-03 -4.537023049486233091e-03 3.536327762117957851e-04
2.662781004153686425e-03 -1.454334948821800911e-03 -1.437749909897706978e-03 -4.548182947069912517e-03 3.544358865821229873e-04
2.668846223332984810e-03 -1.457384346515950635e-03 -1.439364336985667937e-03 -4.559391436959232130e-03 3.552423123696036244e-04
2.674936592217408947e-03 -1.460445248876532766e-03 -1.440978781645885047e-03 -4.570648821252932918e-03 3.560520735478132784e-04
2.681052262082414105e-03 -1.463517717811441479e-03 -1.442593205504220238e-03 -4.581955403178923809e-03 3.568651901188738700e-04
2.687193381953871790e-03 -1.466601810481372656e-03 -1.444207555003442596e-03 -4.593311527347471342e-03 3.576816825600939958e-04
2.693360100835728334e-03 -1.469697583562393998e-03 -1.445821772783339619e-03 -4.604717548045142612e-03 3.585015714990270864e-04
2.699552583617197566e-03 -1.472805113554720522e-03 -1.447435851633269285e-03 -4.616173701967771562e-03 3.593248770391705132e-04
2.705770987603611875e-03 -1.475924465351936225e-03 -1.449049751102769387e-03 -4.627680305846667771e-03 3.601516199812213243e-04
2.712015470149869469e-03 -1.479055703386671344e-03 -1.450663429825894317e-03 -4.639237677012303038e-03 3.609818211307945089e-04
2.718286190878702047e-03 -1.482198892616182250e-03 -1.452276845598385107e-03 -4.650846138606413820e-03 3.618155015836015619e-04
2.724583310295603487e-03 -1.485354097791155743e-03 -1.453889955483163169e-03 -4.662506014906245798e-03 3.626526825442093942e-04
2.730906989637727194e-03 -1.488521383957394986e-03 -1.455502715787111668e-03 -4.674217629516835837e-03 3.634933853236340003e-04
2.737257393330635308e-03 -1.491700817746035267e-03 -1.457115082690245205e-03 -4.685981311505188485e-03 3.643376316596065698e-04
2.743634684532020480e-03 -1.494892465264308686e-03 -1.458727011270246829e-03 -4.697797388205572806e-03 3.651854431184841472e-04
2.750039023445574170e-03 -1.498096387766879563e-03 -1.460338437140043825e-03 -4.709666235560815151e-03 3.660368418681429910e-04
2.756470574606767129e-03 -1.501312650535421411e-03 -1.461949305996285099e-03 -4.721588208960841339e-03 3.668918500802035437e-04
2.762929510361977412e-03 -1.504541331321144213e-03 -1.463559579751787937e-03 -4.733563626894881152e-03 3.677504899946840091e-04
2.769415993570935926e-03 -1.507782492734889394e-03 -1.465169192079439050e-03 -4.745592882020306484e-03 3.686127841827596219e-04
2.775930206085448857e-03 -1.511036210550196959e-03 -1.466778128034900135e-03 -4.757676248093489942e-03 3.694787550231994132e-04
2.782472308801747438e-03 -1.514302542146580806e-03 -1.468386306010094344e-03 -4.769814149976799901e-03 3.703484257379113949e-04
2.789042471853317526e-03 -1.517581550907538390e-03 -1.469993666943451805e-03 -4.782006966652312986e-03 3.712218195533918143e-04
2.795640886646846499e-03 -1.520873325511517757e-03 -1.471600205591567850e-03 -4.794254939703427448e-03 3.720989588479706547e-04
2.802267731213679228e-03 -1.524177937238690344e-03 -1.473205870402058155e-03 -4.806558426596937300e-03 3.729798671451913265e-04
2.808923183061548187e-03 -1.527495457389255618e-03 -1.474810609473182869e-03 -4.818917784957329857e-03 3.738645679012611296e-04
2.815607422092043961e-03 -1.530825958130009774e-03 -1.476414370521336597e-03 -4.831333375166037281e-03 3.747530848906881424e-04
2.822320629230862417e-03 -1.534169512123156323e-03 -1.478017100202977949e-03 -4.843805559510786299e-03 3.756454420275156907e-04
2.829062988624649402e-03 -1.537526193725609770e-03 -1.479618743859853740e-03 -4.856334709280123695e-03 3.765416636339570175e-04
2.835834679065445119e-03 -1.540896075113482207e-03 -1.481219232337786362e-03 -4.868921222679628222e-03 3.774417740775851864e-04
2.842635888422420307e-03 -1.544279232059953249e-03 -1.482818514411838109e-03 -4.881565471245821047e-03 3.783457979660059182e-04
2.849466806358190007e-03 -1.547675739984526655e-03 -1.484416540791651164e-03 -4.894267825046660220e-03 3.792537600086243622e-04
2.856327595745254428e-03 -1.551085637496672212e-03 -1.486013179837524000e-03 -4.907028855896351967e-03 3.801656861687820210e-04
2.863218451161589698e-03 -1.554508982050982219e-03 -1.487608384715164312e-03 -4.919848997122645839e-03 3.810816016769853266e-04
2.870139579711944965e-03 -1.557945899023063059e-03 -1.489202132945152083e-03 -4.932728457733914079e-03 3.820015310728169930e-04
2.877091177316356933e-03 -1.561396466811616540e-03 -1.490794369253884777e-03 -4.945667616463712488e-03 3.829254999607597468e-04
2.884073445034527044e-03 -1.564860767045022716e-03 -1.492385051755998511e-03 -4.958666822548446484e-03 3.838535339179066034e-04
2.891086569566006081e-03 -1.568338859484303240e-03 -1.493974097644612141e-03 -4.971726543137163813e-03 3.847856592988060432e-04
2.898130756633422647e-03 -1.571830835040598272e-03 -1.495561457535627510e-03 -4.984847131184217718e-03 3.857219022152878329e-04
2.905206208567014808e-03 -1.575336779502531197e-03 -1.497147071387632672e-03 -4.998028967906516934e-03 3.866622889224039785e-04
2.912313125473262130e-03 -1.578856768559708940e-03 -1.498730864395220316e-03 -5.011272489530225159e-03 3.876068463264713358e-04
2.919451676030774753e-03 -1.582390780360697861e-03 -1.500312655966708859e-03 -5.024578468599953142e-03 3.885556029251421135e-04
2.926622087259545327e-03 -1.585938968612731750e-03 -1.501892460533836657e-03 -5.037947086558944125e-03 3.895085848215044271e-04
2.933824566881868944e-03 -1.589501399105595902e-03 -1.503470198061302191e-03 -5.051378839903403369e-03 3.904658197267642738e-04
2.941059340268299856e-03 -1.593078202823309522e-03 -1.505045854789579390e-03 -5.064873941250214173e-03 3.914273342595284404e-04
2.948326618689272368e-03 -1.596669462902429492e-03 -1.506619359382054555e-03 -5.078432816795113228e-03 3.923931563123116682e-04
2.955626614556288497e-03 -1.600275263134300335e-03 -1.508190640654449594e-03 -5.092055895674127593e-03 3.933633139365538714e-04
2.962959542232879509e-03 -1.603895688040466545e-03 -1.509759624071056391e-03 -5.105743617218412057e-03 3.943378356039696194e-04
2.970325586735282110e-03 -1.607530762005151929e-03 -1.511326154325752383e-03 -5.119496673748481774e-03 3.953167509720606813e-04
2.977724972088017889e-03 -1.611180584003549113e-03 -1.512890174043790906e-03 -5.133315444276255815e-03 3.963000888825179199e-04
2.985157930435471726e-03 -1.614845269776334904e-03 -1.514451638078002536e-03 -5.147200261870647775e-03 3.972878777573294598e-04
2.992624698404761259e-03 -1.618524923067778121e-03 -1.516010504436959578e-03 -5.161151496196884902e-03 3.982801465470548613e-04
3.000125498802890239e-03 -1.622219631052281008e-03 -1.517566695762431750e-03 -5.175169603133895554e-03 3.992769246616142075e-04
3.007660559130440406e-03 -1.625929482282731028e-03 -1.519120133799471174e-03 -5.189255048372864998e-03 4.002782421242474147e-04
3.015230106653821879e-03 -1.629654564752519835e-03 -1.520670738034642089e-03 -5.203408296776843196e-03 4.012841289264754683e-04
3.022834371511612123e-03 -1.633394967699603861e-03 -1.522218425923333807e-03 -5.217629816068360127e-03 4.022946154462612631e-04
3.030473585031415347e-03 -1.637150781211477646e-03 -1.523763113647224037e-03 -5.231920072764593109e-03 4.033097322285768955e-04
3.038147982682449025e-03 -1.640922096833192676e-03 -1.525304717592921395e-03 -5.246279543340053031e-03 4.043295103764124490e-04
3.045857798565722134e-03 -1.644709004870007667e-03 -1.526843152955786225e-03 -5.260708698592201672e-03 4.053539808079918510e-04
3.053603267084298474e-03 -1.648511593026390221e-03 -1.528378319708153339e-03 -5.275208048443840066e-03 4.063831752685741921e-04
3.061384623397697506e-03 -1.652329948870725389e-03 -1.529910113932367441e-03 -5.289778116940663071e-03 4.074171257294592120e-04
3.069202119525380953e-03 -1.656164175777816248e-03 -1.531438474466754063e-03 -5.304419334053006932e-03 4.084558637459047748e-04
3.077056000940296774e-03 -1.660014368664743502e-03 -1.532963310101242895e-03 -5.319132202652883043e-03 4.094994217003108104e-04
3.084946513834983979e-03 -1.663880622755456755e-03 -1.534484529445795820e-03 -5.333917226522354345e-03 4.105478320791161508e-04
3.092873908200509045e-03 -1.667763033959411513e-03 -1.536002040304769792e-03 -5.348774919036121227e-03 4.116011278656841240e-04
3.100838435300292632e-03 -1.671661698243025749e-03 -1.537515747962587198e-03 -5.363705793214048126e-03 4.126593422113997416e-04
3.108840339389777867e-03 -1.675576708265899507e-03 -1.539025531325918881e-03 -5.378710411688337155e-03 4.137225087620391103e-04
3.116879881007100957e-03 -1.679508163532804398e-03 -1.540531306279960093e-03 -5.393789263948589943e-03 4.147906611440568781e-04
3.124957311810647870e-03 -1.683456154491202658e-03 -1.542032959348216574e-03 -5.408942908398025121e-03 4.158638335892686153e-04
3.133072889262223520e-03 -1.687420770236002605e-03 -1.543530382660101294e-03 -5.424171898840272378e-03 4.169420607273996242e-04
3.141226880102677803e-03 -1.691402131879124861e-03 -1.545023473147652321e-03 -5.439476745529852643e-03 4.180253770063864331e-04
3.149419556839857734e-03 -1.695400338602503793e-03 -1.546512155058790347e-03 -5.454857930004402070e-03 4.191138170117173238e-04
3.157651158927015245e-03 -1.699415433968120680e-03 -1.547996221061590091e-03 -5.470316276557992026e-03 4.202074175166904072e-04
3.165921983471460879e-03 -1.703447579086664332e-03 -1.549475662005558689e-03 -5.485852070160396853e-03 4.213062127841995835e-04
3.174232295742955654e-03 -1.707496864606790213e-03 -1.550950349812885848e-03 -5.501465938259325790e-03 4.224102391774166580e-04
3.182582367058049092e-03 -1.711563396040040102e-03 -1.552420161761323839e-03 -5.517158472005899948e-03 4.235195330720522883e-04
3.190972478442354564e-03 -1.715647288776655848e-03 -1.553884994447326086e-03 -5.532930198997167842e-03 4.246341308856154567e-04
3.199402919207589447e-03 -1.719748651059285370e-03 -1.555344764532059143e-03 -5.548781623533844375e-03 4.257540692655665117e-04
3.207873968899326196e-03 -1.723867585447821319e-03 -1.556799347598698943e-03 -5.564713338241485813e-03 4.268793855868914262e-04
3.216385886522364623e-03 -1.728004160450819296e-03 -1.558248550420643450e-03 -5.580726100280235767e-03 4.280101184390505491e-04
3.224938984670587365e-03 -1.732158526407021840e-03 -1.559692324161369515e-03 -5.596820314127842408e-03 4.291463048594188921e-04
3.233533558615197742e-03 -1.736330792211650568e-03 -1.561130559276803454e-03 -5.612996550868297463e-03 4.302879831169750986e-04
3.242169880936091042e-03 -1.740521031505669900e-03 -1.562563079139790744e-03 -5.629255576675447521e-03 4.314351925698287678e-04
3.250848227585942038e-03 -1.744729338943496301e-03 -1.563989695634670964e-03 -5.645598127802886265e-03 4.325879731099655564e-04
3.259568934991308349e-03 -1.748955878626659664e-03 -1.565410390483181965e-03 -5.662024544508459031e-03 4.337463626744242286e-04
3.268332306531878534e-03 -1.753200763662310802e-03 -1.566825045812866510e-03 -5.678535431179424810e-03 4.349104008696222140e-04
3.277138634616562612e-03 -1.757464099333608861e-03 -1.568233496531622933e-03 -5.695131494596126186e-03 4.360801283842582338e-04
3.285988236547610596e-03 -1.761746007997405704e-03 -1.569635644117849116e-03 -5.711813284267861467e-03 4.372555851709733639e-04
3.294881418032077208e-03 -1.766046604380881128e-03 -1.571031335897007768e-03 -5.728581461943811279e-03 4.384368125232406942e-04
3.303818496725430352e-03 -1.770366005794593751e-03 -1.572420449796544132e-03 -5.745436630486274766e-03 4.396238514620304282e-04
3.312799778887578084e-03 -1.774704318293536488e-03 -1.573802809377688149e-03 -5.762379515587135251e-03 4.408167440601347018e-04
3.321825582905511658e-03 -1.779061657600286258e-03 -1.575178275963940496e-03 -5.779410756078416471e-03 4.420155321399073635e-04
3.330896203580319560e-03 -1.783438064222736975e-03 -1.576546619618787552e-03 -5.796531284589235590e-03 4.432202597612746936e-04
3.340011996583294122e-03 -1.787833725962531799e-03 -1.577907791881145430e-03 -5.813741491241829207e-03 4.444309682720245158e-04
3.349173297675583395e-03 -1.792248786197593981e-03 -1.579261674884846782e-03 -5.831041978683410704e-03 4.456477005791779195e-04
3.358380418781641962e-03 -1.796683326337046019e-03 -1.580608057789400058e-03 -5.848433627992230370e-03 4.468705015199857873e-04
3.367633709090327773e-03 -1.801137504881810585e-03 -1.581946843440666575e-03 -5.865916963186126008e-03 4.480994140306183092e-04
3.376933505693799700e-03 -1.805611446731577446e-03 -1.583277867737250448e-03 -5.883492697841996577e-03 4.493344831884536761e-04
3.386280128554875705e-03 -1.810105225509100546e-03 -1.584600917103463512e-03 -5.901161738490419244e-03 4.505757545375773179e-04
3.395673934445365364e-03 -1.814618980749993201e-03 -1.585915865665475525e-03 -5.918924688487926279e-03 4.518232730495215922e-04
3.405115278881132822e-03 -1.819152874152237236e-03 -1.587222570271687406e-03 -5.936782121967616385e-03 4.530770843097704542e-04
3.414604510542334874e-03 -1.823707030471328734e-03 -1.588520863440044673e-03 -5.954734754004644033e-03 4.543372343459509805e-04
3.424141992303909084e-03 -1.828281584094373306e-03 -1.589810599841707649e-03 -5.972783270956295333e-03 4.556037697218465448e-04
3.433728082647176903e-03 -1.832876667507629459e-03 -1.591091612546491818e-03 -5.990928414597053268e-03 4.568767377279489821e-04
3.443363135755049195e-03 -1.837492407580566551e-03 -1.592363713524204633e-03 -6.009170986166870697e-03 4.581561862100302874e-04
3.453047507680000357e-03 -1.842128930303989177e-03 -1.593626708796053214e-03 -6.027511796383042131e-03 4.594421633617892212e-04
3.462781581203854854e-03 -1.846786382996739792e-03 -1.594880458326600973e-03 -6.045951510389442445e-03 4.607347175583418166e-04
3.472565703076333204e-03 -1.851464885679382413e-03 -1.596124702379244373e-03 -6.064491058161223212e-03 4.620338985537118370e-04
3.482400269791391997e-03 -1.856164581628046064e-03 -1.597359325929734175e-03 -6.083131052767452168e-03 4.633397551830023445e-04
3.492285655811199537e-03 -1.860885601871785974e-03 -1.598584127277572929e-03 -6.101872291033956855e-03 4.646523375744671005e-04
3.502222239921630453e-03 -1.865628081293400214e-03 -1.599798896610848866e-03 -6.120715596713984311e-03 4.659716965698959762e-04
3.512210403020525791e-03 -1.870392158556615555e-03 -1.601003423516063513e-03 -6.139661793740117286e-03 4.672978831722750400e-04
3.522250558194751913e-03 -1.875177983504834438e-03 -1.602197579634625753e-03 -6.158711552491535901e-03 4.686309484041365197e-04
3.532343090765907231e-03 -1.879985694417476028e-03 -1.603381147088826005e-03 -6.177865744836226816e-03 4.699709442629386208e-04
3.542488395167771656e-03 -1.884815432769072286e-03 -1.604553905881095062e-03 -6.197125257866878401e-03 4.713179238945791822e-04
3.552686883984955760e-03 -1.889667349785313383e-03 -1.605715701304981282e-03 -6.216490811686741121e-03 4.726719394180831741e-04
3.562938967585200633e-03 -1.894541590208349011e-03 -1.606866327334899184e-03 -6.235963243988918228e-03 4.740330448704737710e-04
3.573245024671344895e-03 -1.899438250203236422e-03 -1.608005488710130765e-03 -6.255543609069953020e-03 4.754012953579941090e-04
3.583605474609494624e-03 -1.904357475009821159e-03 -1.609132985910128374e-03 -6.275232733511718758e-03 4.767767454619181505e-04
3.594020753301921996e-03 -1.909299438338153253e-03 -1.610248648257047322e-03 -6.295031342802145588e-03 4.781594497207173450e-04
3.604491296344973332e-03 -1.914264310325022997e-03 -1.611352274918113805e-03 -6.314940231155030670e-03 4.795494638394756301e-04
3.615017503761936129e-03 -1.919252208599125367e-03 -1.612443561950758792e-03 -6.334960497752040696e-03 4.809468448861347950e-04
3.625599833291193608e-03 -1.924263318695301327e-03 -1.613522362614641052e-03 -6.355092820838291121e-03 4.823516488355687184e-04
3.636238713302176843e-03 -1.929297794669296035e-03 -1.614588423078257458e-03 -6.375338170265829572e-03 4.837639335038416196e-04
3.646934573834647447e-03 -1.934355779721478805e-03 -1.615641484716336855e-03 -6.395697527441833799e-03 4.851837571859768752e-04
3.657687855485316011e-03 -1.939437401261216330e-03 -1.616681285522130048e-03 -6.416171901518270652e-03 4.866111796328960893e-04
3.668499015132943054e-03 -1.944542823858515755e-03 -1.617707617322050812e-03 -6.436762124726904538e-03 4.880462591168944543e-04
3.679368525242189721e-03 -1.949672235677181063e-03 -1.618720282297779478e-03 -6.457468988479417304e-03 4.894890550806937652e-04
3.690296805202532716e-03 -1.954825747840540241e-03 -1.619718919642303308e-03 -6.478293732486771310e-03 4.909396296791597490e-04
3.701284356342463781e-03 -1.960003567083014753e-03 -1.620703376004010293e-03 -6.499237027560552521e-03 4.923980424685839991e-04
3.712331653864810958e-03 -1.965205859946925985e-03 -1.621673397660664505e-03 -6.520299824820262671e-03 4.938643555533144382e-04
3.723439160433888225e-03 -1.970432785781089328e-03 -1.622628698153055424e-03 -6.541483154334203250e-03 4.953386313598528599e-04
3.734607360309995846e-03 -1.975684514110787049e-03 -1.623569031255779485e-03 -6.562787977859267131e-03 4.968209327735396454e-04
3.745836735908829318e-03 -1.980961203997390861e-03 -1.624494131645616915e-03 -6.584215318296958268e-03 4.983113234946389336e-04
3.757127754050691975e-03 -1.986262950969455016e-03 -1.625403665835482543e-03 -6.605766468174007269e-03 4.998098693539884674e-04
3.768480934125987766e-03 -1.991590004411237114e-03 -1.626297427891437416e-03 -6.627442120240729581e-03 5.013166336928846474e-04
3.779896780649095317e-03 -1.996942535686115072e-03 -1.627175133186609113e-03 -6.649243307318307948e-03 5.028316828865858450e-04
3.791375781735455055e-03 -2.002320698383576805e-03 -1.628036460307669608e-03 -6.671171132648565788e-03 5.043550834611122127e-04
3.802918429896838797e-03 -2.007724615467157067e-03 -1.628881048627487229e-03 -6.693226882435720018e-03 5.058869039109657045e-04
3.814525248946828463e-03 -2.013154483663759722e-03 -1.629708626819836815e-03 -6.715411525010076335e-03 5.074272114167143952e-04
3.826196785341255159e-03 -2.018610526464846653e-03 -1.630518964657142866e-03 -6.737725917684463973e-03 5.089760737747176314e-04
3.837933560099544839e-03 -2.024092920916454978e-03 -1.631311743245071914e-03 -6.760171177936230569e-03 5.105335603822662785e-04
3.849736073576887942e-03 -2.029601780703685528e-03 -1.632086566382710737e-03 -6.782748692704297470e-03 5.120997427504024330e-04
3.861604893899461214e-03 -2.035137344610245518e-03 -1.632843210331052630e-03 -6.805459306903319412e-03 5.136746902158173230e-04
3.873540556722440253e-03 -2.040699800723764189e-03 -1.633581314478821074e-03 -6.828304233995110065e-03 5.152584750194339359e-04
3.885543617821696563e-03 -2.046289335041787030e-03 -1.634300583471922242e-03 -6.851284534709685403e-03 5.168511688363822956e-04
3.897614643009831344e-03 -2.051906137408334753e-03 -1.635000707851106457e-03 -6.874401294568825531e-03 5.184528449103989987e-04
3.909754195147985972e-03 -2.057550395540518311e-03 -1.635681350657372220e-03 -6.897655661140104401e-03 5.200635772889907783e-04
3.921962841671357801e-03 -2.063222298652479022e-03 -1.636342169325171771e-03 -6.921048795310821497e-03 5.216834405916440055e-04
3.934241154621513289e-03 -2.068922036730087670e-03 -1.636982814104728659e-03 -6.944581880032151336e-03 5.233125100786997167e-04
3.946589687606257002e-03 -2.074649726205325499e-03 -1.637602848315888610e-03 -6.968256409791370037e-03 5.249508641136064547e-04
3.959009038330641057e-03 -2.080405624162019827e-03 -1.638201940207545653e-03 -6.992073433547447633e-03 5.265985788703715339e-04
3.971499810262337123e-03 -2.086189938490681448e-03 -1.638779767739957042e-03 -7.016034096070436314e-03 5.282557317905904083e-04
3.984062613631467707e-03 -2.092002874029216981e-03 -1.639335978078353996e-03 -7.040139616187774362e-03 5.299224022100678224e-04
3.996698047406703480e-03 -2.097844625639256298e-03 -1.639870196937371878e-03 -7.064391235507542013e-03 5.315986688854041926e-04
4.009406682785956327e-03 -2.103715288598614116e-03 -1.640381903300979589e-03 -7.088790646239092816e-03 5.332846157470826336e-04
4.022189148498139799e-03 -2.109615134569319678e-03 -1.640870717207310253e-03 -7.113338984617097356e-03 5.349803230510608411e-04
4.035046064984566805e-03 -2.115544329603942248e-03 -1.641336217908539053e-03 -7.138037643153200690e-03 5.366858737345826932e-04
4.047978094292858063e-03 -2.121503128218473443e-03 -1.641778073692314825e-03 -7.162887714906631884e-03 5.384013510110933305e-04
4.060985887459719022e-03 -2.127491761878371173e-03 -1.642195931634709855e-03 -7.187890364777664402e-03 5.401268375378020636e-04
4.074070076016795237e-03 -2.133510422023923974e-03 -1.642589307717793375e-03 -7.213047112780263635e-03 5.418624201953902526e-04
4.087231302471213204e-03 -2.139559275998753011e-03 -1.642957748309694602e-03 -7.238359473855548315e-03 5.436081853571420736e-04
4.100470217654166548e-03 -2.145638494198027178e-03 -1.643300788883497471e-03 -7.263828993058075827e-03 5.453642211654683228e-04
4.113787490918585123e-03 -2.151748295619482654e-03 -1.643618018036035024e-03 -7.289457046060827082e-03 5.471306154287597671e-04
4.127183823214430197e-03 -2.157888961916231297e-03 -1.643909039794524702e-03 -7.315244784012897399e-03 5.489074564548359052e-04
4.140659907811334445e-03 -2.164060703776329950e-03 -1.644173428170483302e-03 -7.341193558220649590e-03 5.506948342929415992e-04
4.154216426767921855e-03 -2.170263766365270689e-03 -1.644410671091158785e-03 -7.367304820210095022e-03 5.524928409316175485e-04
4.167854084606691795e-03 -2.176498355996468216e-03 -1.644620286462148556e-03 -7.393580070841000024e-03 5.543015685490379181e-04
4.181573579798407263e-03 -2.182764692766621210e-03 -1.644801787892882002e-03 -7.420020807953923644e-03 5.561211105649109835e-04
4.195375662520635894e-03 -2.189063034516762919e-03 -1.644954779028271266e-03 -7.446628360091266975e-03 5.579515612003004216e-04
4.209261057325285743e-03 -2.195393627986886795e-03 -1.645078784647824050e-03 -7.473404193072046529e-03 5.597930150804064859e-04
4.223230503825850524e-03 -2.201756709184276434e-03 -1.645173324750002922e-03 -7.500349815001310268e-03 5.616455686400739864e-04
4.237284752016391015e-03 -2.208152512902644086e-03 -1.645237909902088269e-03 -7.527466736342239804e-03 5.635093194855330962e-04
4.251424552350136291e-03 -2.214581266559127824e-03 -1.645271997371397727e-03 -7.554756559653854654e-03 5.653843672292449985e-04
4.265650637261040982e-03 -2.221043173290907034e-03 -1.645274971925698732e-03 -7.582221031315810288e-03 5.672708122093541704e-04
4.279963809692194712e-03 -2.227538512673914433e-03 -1.645246406871034859e-03 -7.609861473233769762e-03 5.691687547440669364e-04
4.294364850764086951e-03 -2.234067528228342314e-03 -1.645185756129177463e-03 -7.637679481852083924e-03 5.710782974305723958e-04
4.308854547538877068e-03 -2.240630464201363511e-03 -1.645092467005159279e-03 -7.665676694277689766e-03 5.729995436013414923e-04
4.323433673941256758e-03 -2.247227543484273289e-03 -1.644965898246964625e-03 -7.693855004677747217e-03 5.749325995176718385e-04
4.338103028498884080e-03 -2.253859011116234653e-03 -1.644805489278141058e-03 -7.722216110009710172e-03 5.768775707781168818e-04
4.352863381713624469e-03 -2.260525013581505052e-03 -1.644610489511896204e-03 -7.750762182859536123e-03 5.788345673144286918e-04
4.367715637335339331e-03 -2.267225936062356416e-03 -1.644380558020233510e-03 -7.779494283720839003e-03 5.808036947140012398e-04
4.382660602528111633e-03 -2.273961990822757732e-03 -1.644115019407830841e-03 -7.808414318797866210e-03 5.827850635352926391e-04
4.397699100061930669e-03 -2.280733411416857679e-03 -1.643813184916203705e-03 -7.837524173112264333e-03 5.847787858752887718e-04
4.412832009917760402e-03 -2.287540494262254621e-03 -1.643474480222540789e-03 -7.866825454226440348e-03 5.867849734520345006e-04
4.428060231925057440e-03 -2.294383533623592028e-03 -1.643098361773913515e-03 -7.896319742850581996e-03 5.888037396259910346e-04
4.443384646118512735e-03 -2.301262798884868947e-03 -1.642684192461850001e-03 -7.926008853189451392e-03 5.908351996505284811e-04
4.458806136245590385e-03 -2.308178558959548491e-03 -1.642231328296257439e-03 -7.955894641807268602e-03 5.928794696627819050e-04
4.474325588672929330e-03 -2.315131076758287880e-03 -1.641739074222614732e-03 -7.985979092162405132e-03 5.949366683098881265e-04
4.489943851820652788e-03 -2.322120527260388995e-03 -1.641206564327761692e-03 -8.016264624799969082e-03 5.970069175977866767e-04
4.505661909758820576e-03 -2.329147249807023319e-03 -1.640633302549280399e-03 -8.046752670092414614e-03 5.990903366445366135e-04
4.521480709368412565e-03 -2.336211555829618806e-03 -1.640018618927174951e-03 -8.077445008500674928e-03 6.011870472066229310e-04
4.537401190817220466e-03 -2.343313723350684552e-03 -1.639361794754047716e-03 -8.108343573249488304e-03 6.032971725957349393e-04
4.553424318682779311e-03 -2.350454042849488799e-03 -1.638662095318851701e-03 -8.139450342340941516e-03 6.054208394278647433e-04
4.569551054487053579e-03 -2.357632797229030752e-03 -1.637918784820871628e-03 -8.170767297723948580e-03 6.075581740296435735e-04
4.585782332684155450e-03 -2.364850187718377673e-03 -1.637130960250846598e-03 -8.202296894793742119e-03 6.097093074276458942e-04
4.602119163336255113e-03 -2.372106578197902445e-03 -1.636297923452051904e-03 -8.234041035625803626e-03 6.118743687599841269e-04
4.618562563547202494e-03 -2.379402269829095345e-03 -1.635418954270465193e-03 -8.266001707483757593e-03 6.140534895859410536e-04
4.635113535787680449e-03 -2.386737536919599813e-03 -1.634493232376900375e-03 -8.298181104132022409e-03 6.162468038319747054e-04
4.651773114525366293e-03 -2.394112682845536081e-03 -1.633519937978339040e-03 -8.330581381888598966e-03 6.184544472646902888e-04
4.668542296792094724e-03 -2.401527879521536853e-03 -1.632498097805853065e-03 -8.363205217305684155e-03 6.206765578126734574e-04
4.685422159331679645e-03 -2.408983505758660170e-03 -1.631426915882350703e-03 -8.396054534035954364e-03 6.229132743390816207e-04
4.702413793353468763e-03 -2.416479900926657085e-03 -1.630305631405859750e-03 -8.429131304398354910e-03 6.251647356657622423e-04
4.719518308777600514e-03 -2.424017420623703935e-03 -1.629133451871884368e-03 -8.462437565536478495e-03 6.274310832997981747e-04
4.736736791306712067e-03 -2.431596373706413315e-03 -1.627909472550753819e-03 -8.495975656300509826e-03 6.297124613379556212e-04
4.754070361783749657e-03 -2.439217077977332091e-03 -1.626632842378603538e-03 -8.529747829640657239e-03 6.320090154761859791e-04
4.771520140506226894e-03 -2.446879847344429326e-03 -1.625302660676796167e-03 -8.563756426979969236e-03 6.343208929423964143e-04
4.789087287261468984e-03 -2.454585009983952047e-03 -1.623918027962169925e-03 -8.598003782518041579e-03 6.366482443237443624e-04
4.806772947575348003e-03 -2.462332886359409716e-03 -1.622478000021357379e-03 -8.632492270963923464e-03 6.389912197968504199e-04
4.824578298835850536e-03 -2.470123806115094231e-03 -1.620981601006952176e-03 -8.667224347870759391e-03 6.413499737395560434e-04
4.842504517228752962e-03 -2.477958102818708565e-03 -1.619427801495443037e-03 -8.702202557247372405e-03 6.437246622928247813e-04
4.860552800401491368e-03 -2.485836111662177716e-03 -1.617815605188334003e-03 -8.737429341572134842e-03 6.461154423464838268e-04
4.878724368350364181e-03 -2.493758166240793699e-03 -1.616144000126990997e-03 -8.772907194161108993e-03 6.485224738336465905e-04
4.897020442502100258e-03 -2.501724600710724528e-03 -1.614411938328033603e-03 -8.808638713763708439e-03 6.509459181874993356e-04
4.915442273943084264e-03 -2.509735757821830379e-03 -1.612618370169697970e-03 -8.844626525800394073e-03 6.533859400739366972e-04
4.933991078186191447e-03 -2.517791800193716536e-03 -1.610762093355741064e-03 -8.880873861027992894e-03 6.558427077473016420e-04
4.952668161102033104e-03 -2.525893163143382025e-03 -1.608842121457193779e-03 -8.917383024994696497e-03 6.583163875584855653e-04
4.971474870282162339e-03 -2.534040300921282240e-03 -1.606857450177114283e-03 -8.954156380248457295e-03 6.608071488621105900e-04
4.990412520330873500e-03 -2.542233570216880303e-03 -1.604806934422130021e-03 -8.991196670371513419e-03 6.633151639588246405e-04
5.009482452236917183e-03 -2.550473337172011381e-03 -1.602689406339243309e-03 -9.028506643392684994e-03 6.658406085969897610e-04
5.028685957506919858e-03 -2.558759808013726100e-03 -1.600503503165230700e-03 -9.066089611210874713e-03 6.683836625081907099e-04
5.048024415193224333e-03 -2.567093368110524593e-03 -1.598248066031710728e-03 -9.103948304488658841e-03 6.709445035816099297e-04
5.067499269575219401e-03 -2.575474520579834788e-03 -1.595922023860182545e-03 -9.142085192372568711e-03 6.735233139050323748e-04
5.087111872592025609e-03 -2.583903542551984484e-03 -1.593524049454209416e-03 -9.180503534959232742e-03 6.761202784356795670e-04
5.106863698205179984e-03 -2.592380902092887400e-03 -1.591052982789490332e-03 -9.219205979026059289e-03 6.787355833812227504e-04
5.126756182153285185e-03 -2.600906973824731842e-03 -1.588507507613257704e-03 -9.258195627056747118e-03 6.813694188607924331e-04
5.146790814651313467e-03 -2.609482146395877399e-03 -1.585886362667024343e-03 -9.297475433261530309e-03 6.840219771164874826e-04
5.166969050863780624e-03 -2.618106732533975137e-03 -1.583188112784562201e-03 -9.337048715288120970e-03 6.866934540519451782e-04
5.187292414250582219e-03 -2.626781147726373576e-03 -1.580411407887539164e-03 -9.376918519986170153e-03 6.893840478465060794e-04
5.207762429750393586e-03 -2.635505835879113114e-03 -1.577554863142482293e-03 -9.417087901440151024e-03 6.920939572775845284e-04
5.228380650526300716e-03 -2.644281185772477758e-03 -1.574617057098577112e-03 -9.457560108391160902e-03 6.948233866594480694e-04
5.249148596533086304e-03 -2.653107543392307748e-03 -1.571596413190446675e-03 -9.498338789849417041e-03 6.975725429927277484e-04
5.270067909584634849e-03 -2.661985354557378641e-03 -1.568491619642605004e-03 -9.539426931144524488e-03 7.003416336393084984e-04
5.291140226470598951e-03 -2.670915054715167995e-03 -1.565301248550599218e-03 -9.580827729528472447e-03 7.031308695006448228e-04
5.312367194266747784e-03 -2.679897058262442709e-03 -1.562023775073566366e-03 -9.622544579873475862e-03 7.059404659580723182e-04
5.333750473347940654e-03 -2.688931785094805880e-03 -1.558657643697921322e-03 -9.664580897580505453e-03 7.087706402178931909e-04
5.355291710619543115e-03 -2.698019605146856521e-03 -1.555201114505285441e-03 -9.706940522448057745e-03 7.116216169705834099e-04
5.376992638342775049e-03 -2.707160968808695282e-03 -1.551652684598020570e-03 -9.749626732560301434e-03 7.144936168717797497e-04
5.398854967829825637e-03 -2.716356234946305966e-03 -1.548010626430677567e-03 -9.792643411277009158e-03 7.173868698542881870e-04
5.420880475973346123e-03 -2.725605891756680953e-03 -1.544273298710557027e-03 -9.835994047553560729e-03 7.203016057639759955e-04
5.443070959407058512e-03 -2.734910408682021069e-03 -1.540439040862890980e-03 -9.879682211099102482e-03 7.232380565688485263e-04
5.465428184779341607e-03 -2.744270170446700199e-03 -1.536505972732345486e-03 -9.923712044823491604e-03 7.261964613145532052e-04
5.487954020853254636e-03 -2.753685647902399340e-03 -1.532472408330382094e-03 -9.968087126340414300e-03 7.291770596176551204e-04
5.510650361236966305e-03 -2.763157326601054821e-03 -1.528336571571713935e-03 -1.001281118773506527e-02 7.321800965512541065e-04
5.533519115343860095e-03 -2.772685668502446969e-03 -1.524096658632756365e-03 -1.005788805492293346e-02 7.352058195229572600e-04
5.556562193837046373e-03 -2.782271125351174108e-03 -1.519750797634689902e-03 -1.010332168006723708e-02 7.382544786669972435e-04
5.579781541876960640e-03 -2.791914156987373129e-03 -1.515297077388634431e-03 -1.014911607555539497e-02 7.413263287058332197e-04
5.603179064605620999e-03 -2.801615041116742311e-03 -1.510733309344128653e-03 -1.019527604744536846e-02 7.444216316014079949e-04
5.626756840328663543e-03 -2.811374426683867656e-03 -1.506057691099761935e-03 -1.024180509849379611e-02 7.475406482928213239e-04
5.650516829886314575e-03 -2.821192701632298846e-03 -1.501267961667586415e-03 -1.028870804172273869e-02 7.506836481462799554e-04
5.674461142572479432e-03 -2.831070408955649494e-03 -1.496362188702339341e-03 -1.033598876897269883e-02 7.538508981443937376e-04
5.698591875882844798e-03 -2.841008000701382864e-03 -1.491338194037281073e-03 -1.038365171453257789e-02 7.570426752213635022e-04
5.722911089343689361e-03 -2.851005755461424960e-03 -1.486193644138453533e-03 -1.043170183151371881e-02 7.602592597940890191e-04
5.747420969893802904e-03 -2.861064234183361473e-03 -1.480926370314517146e-03 -1.048014359319430523e-02 7.635009352437876519e-04
5.772123753040899266e-03 -2.871183991201091933e-03 -1.475534255817797635e-03 -1.052898123077354586e-02 7.667679864650524518e-04
5.797021704778998474e-03 -2.881365663534797301e-03 -1.470015170658319371e-03 -1.057821872439502521e-02 7.700607013902963571e-04
5.822117091316182831e-03 -2.891609733527368466e-03 -1.464366706196022815e-03 -1.062786090296162674e-02 7.733793799528639133e-04
5.847412172071290125e-03 -2.901916698070445676e-03 -1.458586418745174383e-03 -1.067791263838854116e-02 7.767243207176918914e-04
5.872909287470600218e-03 -2.912287076854677952e-03 -1.452671870209947067e-03 -1.072837876546657923e-02 7.800958290147880963e-04
5.898610840840683850e-03 -2.922721433519155556e-03 -1.446620670497235665e-03 -1.077926394503857764e-02 7.834942130496704927e-04
5.924519138397525697e-03 -2.933220059034288146e-03 -1.440429831900330755e-03 -1.083057442798445076e-02 7.869197965448240968e-04
5.950636694971239010e-03 -2.943783673298295753e-03 -1.434097141977986722e-03 -1.088231418222056560e-02 7.903728898395124191e-04
5.976965989805400718e-03 -2.954412776838720098e-03 -1.427619909999233933e-03 -1.093448841057990256e-02 7.938538202894499353e-04
6.003509571735707144e-03 -2.965107943916613087e-03 -1.420995496112130311e-03 -1.098710211363070760e-02 7.973629171375224214e-04
6.030270009419998536e-03 -2.975869741936766708e-03 -1.414221212639030310e-03 -1.104016042260411341e-02 8.009005130180666190e-04
6.057249875077694128e-03 -2.986698700509026957e-03 -1.407294167184771141e-03 -1.109366890188398513e-02 8.044669485972649661e-04
6.084451838336210616e-03 -2.997595397849772258e-03 -1.400211527949683050e-03 -1.114763295880306232e-02 8.080625698360046792e-04
6.111878601819586629e-03 -3.008560415661329542e-03 -1.392970387243561104e-03 -1.120205808836717380e-02 8.116877284265229401e-04
6.139532771333028327e-03 -3.019594088072007597e-03 -1.385567420192672632e-03 -1.125695085860518169e-02 8.153427836974032382e-04
6.167417206626277411e-03 -3.030697113636341821e-03 -1.377999737964882322e-03 -1.131231644298404809e-02 8.190280981677006047e-04
6.195534726467762619e-03 -3.041870138802094288e-03 -1.370264377241555212e-03 -1.136816010302800842e-02 8.227440320557396092e-04
6.223888174627122127e-03 -3.053113620702107862e-03 -1.362357909324055528e-03 -1.142448845438085239e-02 8.264909693363302074e-04
6.252480466475494013e-03 -3.064428234709566136e-03 -1.354277244571738814e-03 -1.148130692845655831e-02 8.302692832020749794e-04
6.281314581565238322e-03 -3.075814586049972939e-03 -1.346019130695887437e-03 -1.153862154218141325e-02 8.340793593119240129e-04
6.310393567522481345e-03 -3.087273303595745519e-03 -1.337580168773220765e-03 -1.159643855469732684e-02 8.379215948136919424e-04
6.339720431237716620e-03 -3.098804983613808600e-03 -1.328956917634252066e-03 -1.165476414797995443e-02 8.417963823174786893e-04
6.369298333003461411e-03 -3.110410246573003853e-03 -1.320145792364545720e-03 -1.171360479564413637e-02 8.457041342563215202e-04
6.399130397443692810e-03 -3.122089676449418816e-03 -1.311143178579507809e-03 -1.177296689805138082e-02 8.496452582095649500e-04
6.429219835926681947e-03 -3.133843873183316756e-03 -1.301945357632232304e-03 -1.183285702184728658e-02 8.536201736471936592e-04
6.459569911062107775e-03 -3.145673431605662540e-03 -1.292548426935678134e-03 -1.189328211688050335e-02 8.576293126750756616e-04
6.490183914004982006e-03 -3.157578966303268599e-03 -1.282948687781027778e-03 -1.195424869594082992e-02 8.616730997972055217e-04
6.521065179132817455e-03 -3.169560980481917097e-03 -1.273141937867066547e-03 -1.201576454344803653e-02 8.657519838633112412e-04
6.552217190567456717e-03 -3.181620253678231220e-03 -1.263124317346548797e-03 -1.207783618953426827e-02 8.698664106997886945e-04
6.583643408035371250e-03 -3.193757353249586459e-03 -1.252891535679176264e-03 -1.214047117430284810e-02 8.740168401082395143e-04
6.615347399218675199e-03 -3.205972971035581879e-03 -1.242439519928473235e-03 -1.220367637668157840e-02 8.782037291022245932e-04
6.647332835762284620e-03 -3.218267804777928676e-03 -1.231764018618646981e-03 -1.226745898575293779e-02 8.824275508312711932e-04
6.679603379316453350e-03 -3.230642488902050937e-03 -1.220860631217201599e-03 -1.233182642370880822e-02 8.866887828241825980e-04
6.712162665195863485e-03 -3.243097549610312897e-03 -1.209724537295188938e-03 -1.239678721947050366e-02 8.909879188195240314e-04
6.745014487192505653e-03 -3.255633617146932047e-03 -1.198351197585096999e-03 -1.246234915398446684e-02 8.953254534426378052e-04
6.778162715403512374e-03 -3.268251286181313685e-03 -1.186735898878370134e-03 -1.252852021052092840e-02 8.997018924589969329e-04
6.811611324959686298e-03 -3.280951399760859664e-03 -1.174873915036496116e-03 -1.259530818082714616e-02 9.041177485856115390e-04
6.845364360013060645e-03 -3.293734633885146614e-03 -1.162760380148364272e-03 -1.266272109880250095e-02 9.085735458706509574e-04
6.879425876997761514e-03 -3.306601642480129586e-03 -1.150390231333600546e-03 -1.273076730539070452e-02 9.130698127126911671e-04
6.913800042255877944e-03 -3.319553088839095629e-03 -1.137758174671264213e-03 -1.279945548024393094e-02 9.176070972569089863e-04
6.948491065952227402e-03 -3.332589746368217181e-03 -1.124859103096403998e-03 -1.286879378887475708e-02 9.221859429023143402e-04
6.983503298104903889e-03 -3.345712341317246419e-03 -1.111687717185288029e-03 -1.293879094487861495e-02 9.268069142474888748e-04
7.018841112243080771e-03 -3.358921599037641061e-03 -1.098238619731143652e-03 -1.300945566396764959e-02 9.314705781313380476e-04
7.054508904488190207e-03 -3.372218102524787882e-03 -1.084505964627118348e-03 -1.308079763153852104e-02 9.361775199472440650e-04
7.090511270678763120e-03 -3.385602706755325847e-03 -1.070484152112123914e-03 -1.315282562120245920e-02 9.409283263411510976e-04
7.126852771425580026e-03 -3.399075999784766360e-03 -1.056166717785977666e-03 -1.322555025186402701e-02 9.457236157405284277e-04
7.163538117917341366e-03 -3.412638685901917251e-03 -1.041547910532232167e-03 -1.329898037049146928e-02 9.505639888613140942e-04
7.200572109349490102e-03 -3.426291421258626218e-03 -1.026621517812513051e-03 -1.337312590978444703e-02 9.554500751535381729e-04
7.237959643613419911e-03 -3.440034995068234208e-03 -1.011381310883321472e-03 -1.344799662262510798e-02 9.603825102328837973e-04
7.275705627137497682e-03 -3.453870077995492387e-03 -9.958207803831573088e-04 -1.352360280661611160e-02 9.653619391154956300e-04
7.313815269881914112e-03 -3.467797578601385447e-03 -9.799334162209727243e-04 -1.359995443114858128e-02 9.703890302372122521e-04
7.352293503892504307e-03 -3.481817855666806839e-03 -9.637120357507261963e-04 -1.367706326151466555e-02 9.754644525523472644e-04
7.391145695429599330e-03 -3.495931817862132050e-03 -9.471497564353948935e-04 -1.375493931599002309e-02 9.805888936601334267e-04
7.430377236710954819e-03 -3.510140289383557616e-03 -9.302394775429868390e-04 -1.383359321770412202e-02 9.857630511756053805e-04
7.469993489372658141e-03 -3.524443784334875627e-03 -9.129737628997403173e-04 -1.391303653926986503e-02 9.909876348145755035e-04
7.510000273308399532e-03 -3.538843488824626893e-03 -8.953456230834801839e-04 -1.399327920312115961e-02 9.962633756178636887e-04
7.550403162711258331e-03 -3.553340156079430514e-03 -8.773475429168287910e-04 -1.407433247950593165e-02 1.001591000337017550e-03
7.591207920319436100e-03 -3.567934533920352411e-03 -8.589715875193762885e-04 -1.415620848056199817e-02 1.006971266548690406e-03
7.632420428338242482e-03 -3.582627403632342947e-03 -8.402096461545200453e-04 -1.423891930460016893e-02 1.012404941716717795e-03
7.674046757018416175e-03 -3.597419538075530450e-03 -8.210534143586201974e-04 -1.432247707803841266e-02 1.017892814322395598e-03
7.716093036748232319e-03 -3.612311697537522528e-03 -8.014945932737683630e-04 -1.440689369709443647e-02 1.023435674032930004e-03
7.758565592656238574e-03 -3.627304681536088447e-03 -7.815245150705047144e-04 -1.449218174988265752e-02 1.029034344739245682e-03
7.801470719069375677e-03 -3.642399269684723061e-03 -7.611344617696436891e-04 -1.457835383735679204e-02 1.034689646884499187e-03
7.844814961804325720e-03 -3.657596284407503996e-03 -7.403153904671775417e-04 -1.466542315681888115e-02 1.040402433554019675e-03
7.888604918773124003e-03 -3.672896504497760121e-03 -7.190580794150612911e-04 -1.475340309411298303e-02 1.046173563984873194e-03
7.932847366189080610e-03 -3.688300706682295840e-03 -6.973529448501811006e-04 -1.484230740129034200e-02 1.052003919316725315e-03
7.977549123690948554e-03 -3.703809515139289046e-03 -6.751898854936878988e-04 -1.493215047148901790e-02 1.057894401431733102e-03
8.022717309553513421e-03 -3.719423791674467215e-03 -6.525589164316342693e-04 -1.502294595294977227e-02 1.063845928691556494e-03
8.068359095435091027e-03 -3.735144356249855274e-03 -6.294499031585070988e-04 -1.511470795291566110e-02 1.069859431510221913e-03
8.114481741429376005e-03 -3.750971762823273378e-03 -6.058520397814557302e-04 -1.520745205610351744e-02 1.075935872843446911e-03
8.161092667001542539e-03 -3.766906864221314290e-03 -5.817546797452688347e-04 -1.530119298874954570e-02 1.082076218108633759e-03
8.208199452750496172e-03 -3.782950218254496275e-03 -5.571462867419588530e-04 -1.539594758119085076e-02 1.088281478876104106e-03
8.255810104403070102e-03 -3.799102980545338449e-03 -5.320160521203444546e-04 -1.549172966830197548e-02 1.094552658024908805e-03
8.303932596750291523e-03 -3.815365921267801878e-03 -5.063522165005304547e-04 -1.558855490907806382e-02 1.100890793939837036e-03
8.352574874659740231e-03 -3.831739687748897134e-03 -4.801426721234358717e-04 -1.568643972842484816e-02 1.107296933747442666e-03
8.401745535981233748e-03 -3.848225316033332573e-03 -4.533753915227361087e-04 -1.578540011577955066e-02 1.113772174828295139e-03
8.451452939273830511e-03 -3.864823580081721242e-03 -4.260379544962402797e-04 -1.588545264814056335e-02 1.120317605580747455e-03
8.501705670583547050e-03 -3.881535220615714692e-03 -3.981173943933476482e-04 -1.598661489175818781e-02 1.126934351945681157e-03
8.552512728954232007e-03 -3.898361039399498348e-03 -3.696002920142903376e-04 -1.608890478041208674e-02 1.133623583190641881e-03
8.603882982181105740e-03 -3.915301763399871467e-03 -3.404730228882191971e-04 -1.619233956119768558e-02 1.140386448959270762e-03
8.655825846912061985e-03 -3.932358176502801471e-03 -3.107211693703338068e-04 -1.629693794730385434e-02 1.147224180105804042e-03
8.708350685349589698e-03 -3.949531074844176044e-03 -2.803308218583631245e-04 -1.640271788798687916e-02 1.154137983017394006e-03
8.761467072392066513e-03 -3.966821200704581142e-03 -2.492871688640480705e-04 -1.650969869442645704e-02 1.161129112419968410e-03
8.815185024404623843e-03 -3.984229377440922856e-03 -2.175749325700921137e-04 -1.661790025111293395e-02 1.168198873653207136e-03
8.869514401534193265e-03 -4.001756333309919138e-03 -1.851790058220938889e-04 -1.672734163179512290e-02 1.175348540246195757e-03
8.924465729601123790e-03 -4.019402792628240864e-03 -1.520829960180820287e-04 -1.683804368936345219e-02 1.182579483441434463e-03
8.980049419334380084e-03 -4.037169421593811251e-03 -1.182703977701150545e-04 -1.695002698265439187e-02 1.189893061365236270e-03
9.036276396363894167e-03 -4.055057061386527738e-03 -8.372439170050052619e-05 -1.706331213477786657e-02 1.197290682331758529e-03
9.093157626683830846e-03 -4.073066400109152593e-03 -4.842773277442927903e-05 -1.717792063391826787e-02 1.204773772162798890e-03
9.150704333300983123e-03 -4.091198134815159787e-03 -1.236272183012365920e-05 -1.729387444470932914e-02 1.212343791325560041e-03
9.208928049443629651e-03 -4.109452983872157773e-03 2.448889041357655004e-05 -1.741119616843884998e-02 1.220002240240685614e-03
9.267840650614186937e-03 -4.127831645357245283e-03 6.214608794467570932e-05 -1.752990880787515596e-02 1.227750661826285507e-03
9.327454201560713212e-03 -4.146334762374197409e-03 1.006283536460316207e-04 -1.765003581942181307e-02 1.235590622455775027e-03
9.387780913422811430e-03 -4.164962914483272445e-03 1.399556711828239298e-04 -1.777160109947752142e-02 1.243523714404557497e-03
9.448833630068894859e-03 -4.183716657653263095e-03 1.801490352420737984e-04 -1.789463035833082152e-02 1.251551620620251423e-03
9.510625121313764571e-03 -4.202596630615986796e-03 2.212291106627352203e-04 -1.801914791308961011e-02 1.259675993684643714e-03
9.573168509153658426e-03 -4.221603340426624378e-03 2.632178934125143765e-04 -1.814518026495356984e-02 1.267898563072233963e-03
9.636477415948396449e-03 -4.240737261262298753e-03 3.061374632033734438e-04 -1.827275318716226754e-02 1.276221091402297749e-03
9.700566024828305087e-03 -4.259999188674383833e-03 3.500109888947803985e-04 -1.840189324545206742e-02 1.284645408139747751e-03
9.765448368575894988e-03 -4.279389739815899277e-03 3.948620001455027521e-04 -1.853262710421059098e-02 1.293173333241692813e-03
9.831139009467533552e-03 -4.298909217257158508e-03 4.407153031225208967e-04 -1.866498384075203007e-02 1.301806779656265733e-03
9.897652885753905824e-03 -4.318558058589764236e-03 4.875959994380864456e-04 -1.879899242454824773e-02 1.310547696311678469e-03
9.965005236293055305e-03 -4.338336834056902465e-03 5.355295330471394975e-04 -1.893468145270197842e-02 1.319398057536115467e-03
1.003321202652627912e-02 -4.358246121451518629e-03 5.845421144534798576e-04 -1.907208000812436743e-02 1.328359912581982948e-03
1.010228921996114172e-02 -4.378286264080199879e-03 6.346611285557219630e-04 -1.921121824123076319e-02 1.337435333042205675e-03
1.017225350448592268e-02 -4.398457678046820661e-03 6.859151694944052137e-04 -1.935212799026802752e-02 1.346626487386281146e-03
1.024312173215773114e-02 -4.418760674078998224e-03 7.383335811697813332e-04 -1.949484206618597518e-02 1.355935581301387837e-03
1.031491118908644741e-02 -4.439195618553088904e-03 7.919457435663820313e-04 -1.963939252688663706e-02 1.365364847063553835e-03
1.038763961195460737e-02 -4.459762805315817431e-03 8.467823536794108702e-04 -1.978581292878415360e-02 1.374916591621327348e-03
1.046132526294893395e-02 -4.480462416939194267e-03 9.028751989151083748e-04 -1.993413746088070967e-02 1.384593188079597621e-03
1.053598704854927931e-02 -4.501294563602199934e-03 9.602575052944607378e-04 -2.008440149099999933e-02 1.394397095692607395e-03
1.061164403245685832e-02 -4.522259191801669860e-03 1.018963819414179638e-03 -2.023664255516099270e-02 1.404330822472438537e-03
1.068831593231913714e-02 -4.543356601436456324e-03 1.079028151302278971e-03 -2.039089587023328043e-02 1.414396899434903565e-03
1.076602301882968217e-02 -4.564586877598383538e-03 1.140486330217964752e-03 -2.054719949830011508e-02 1.424597961342379719e-03
1.084478605680842117e-02 -4.585950079792639605e-03 1.203375422587889612e-03 -2.070559212751132971e-02 1.434936707968303060e-03
1.092462651420039559e-02 -4.607446015130531661e-03 1.267734192953335779e-03 -2.086611376769154438e-02 1.445415940380231174e-03
1.100556625555349465e-02 -4.629074398867178385e-03 1.333602379981142609e-03 -2.102880473440617293e-02 1.456038508379152354e-03
1.108762748287628330e-02 -4.650834876164808632e-03 1.401020585821719259e-03 -2.119370641418722237e-02 1.466807307796135461e-03
1.117083379794161016e-02 -4.672727330894445308e-03 1.470031124476532496e-03 -2.136086194702734378e-02 1.477725400456727720e-03
1.125520854598248584e-02 -4.694751254705056137e-03 1.540677143830162252e-03 -2.153031547172038970e-02 1.488795835765851930e-03
1.134077646938883542e-02 -4.716906519173062924e-03 1.613003464166392177e-03 -2.170211096987143332e-02 1.500021808863932901e-03
1.142756267966025217e-02 -4.739192537794024301e-03 1.687056276930749745e-03 -2.187629338719623145e-02 1.511406575751423394e-03
1.151559313684109159e-02 -4.761608628454373250e-03 1.762883677825114858e-03 -2.205290972016815676e-02 1.522953511606726885e-03
1.160489427176219883e-02 -4.784154105556028859e-03 1.840535095209193742e-03 -2.223200831247613973e-02 1.534666061091660445e-03
1.169549354355810256e-02 -4.806828222978142863e-03 1.920062335617330959e-03 -2.241364023517018397e-02 1.546547820003290859e-03
1.178741867210233128e-02 -4.829629985170348291e-03 2.001517833423724097e-03 -2.259785618251758388e-02 1.558602402309466201e-03
1.188069883970616775e-02 -4.852558098239708774e-03 2.084957470612129691e-03 -2.278471026024019713e-02 1.570833636895261134e-03
1.197536386340494578e-02 -4.875611862242611692e-03 2.170436593930971225e-03 -2.297425232433146849e-02 1.583245347171445072e-03
1.207144442778338919e-02 -4.898789835517529910e-03 2.258014436628218852e-03 -2.316653881344147431e-02 1.595841559285185408e-03
1.216897162632914892e-02 -4.922089820668066641e-03 2.347751918204749998e-03 -2.336162847333023845e-02 1.608626374621827853e-03
1.226797832541558220e-02 -4.945510948189230441e-03 2.439711127304277586e-03 -2.355957756999514305e-02 1.621604032758910399e-03
1.236849807487680995e-02 -4.969052172822701306e-03 2.533955782362672104e-03 -2.376044241531014359e-02 1.634778855758820502e-03
1.247056607023810763e-02 -4.992711671268128260e-03 2.630554402614799798e-03 -2.396428541652953145e-02 1.648155444175338543e-03
1.257421679451275337e-02 -5.016487304639662484e-03 2.729576127384340974e-03 -2.417116897761973499e-02 1.661738336608054424e-03
1.267948750173254584e-02 -5.040377188058708761e-03 2.831092962502264419e-03 -2.438115787521498781e-02 1.675532368818814658e-03
1.278641633412631873e-02 -5.064379338854967452e-03 2.935178714683123538e-03 -2.459431695187460146e-02 1.689542473638218746e-03
1.289504176373620394e-02 -5.088491059413532795e-03 3.041910737231648659e-03 -2.481071415871053884e-02 1.703773698655028368e-03
1.300540443054683769e-02 -5.112709633839246717e-03 3.151369471788626614e-03 -2.503041886671537875e-02 1.718231338022132822e-03
1.311754557418025151e-02 -5.137032350044132278e-03 3.263637101696441421e-03 -2.525350117263247540e-02 1.732920760089132683e-03
1.323150866377952733e-02 -5.161456563959985512e-03 3.378799887349017653e-03 -2.548003501263031503e-02 1.747847620708059893e-03
1.334733798939758201e-02 -5.185979111056477665e-03 3.496946890469005732e-03 -2.571009603185569689e-02 1.763017698366926757e-03
1.346507876080037074e-02 -5.210596486267577050e-03 3.618169820392959368e-03 -2.594376046923348861e-02 1.778436892449422732e-03
1.358477864694915792e-02 -5.235304959052238319e-03 3.742565396207027904e-03 -2.618110851439551731e-02 1.794111432336726241e-03
1.370648539776364409e-02 -5.260099555329762061e-03 3.870234415695839470e-03 -2.642222569611275829e-02 1.810047667863642819e-03
1.383024967968312854e-02 -5.284976043666288724e-03 4.001281857002820033e-03 -2.666719924339759282e-02 1.826252265875227213e-03
1.395612395326377084e-02 -5.309930296306773420e-03 4.135813561894398534e-03 -2.691611302226904617e-02 1.842732015922206616e-03
1.408416171041531988e-02 -5.334958233975763131e-03 4.273938724096606155e-03 -2.716905184007421120e-02 1.859493851685055203e-03
1.421442044725688622e-02 -5.360055045172217383e-03 4.415774999210026266e-03 -2.742610896476838783e-02 1.876545271958243765e-03
1.434695652410700184e-02 -5.385215371966524042e-03 4.561440614642546000e-03 -2.768737644973056147e-02 1.893893654487170848e-03
1.448183017516365377e-02 -5.410433684519579123e-03 4.711061275859095877e-03 -2.795295194588351753e-02 1.911546882943949153e-03
1.461910299435401073e-02 -5.435703938643328056e-03 4.864766486480652172e-03 -2.822293452412359335e-02 1.929513023780191246e-03
1.475883870501288817e-02 -5.461017785923908720e-03 5.022694540451618644e-03 -2.849743359501733658e-02 1.947800572053898140e-03
1.490110271558277993e-02 -5.486368594734159637e-03 5.184985722541405641e-03 -2.877655548166110563e-02 1.966418151259436559e-03
1.504596551254306150e-02 -5.511750368431741869e-03 5.351786624903457842e-03 -2.906040775059843054e-02 1.985374917776135725e-03
1.519349686849266225e-02 -5.537155142759962907e-03 5.523247917388139638e-03 -2.934910102072733201e-02 2.004680067948123260e-03
1.534377278781677741e-02 -5.562575880620364115e-03 5.699528303771425261e-03 -2.964274837339868005e-02 2.024343461031460900e-03
1.549686880084545984e-02 -5.588003978389431345e-03 5.880790857581061175e-03 -2.994146688930023406e-02 2.044375024978542423e-03
1.565286495440649031e-02 -5.613430421013230337e-03 6.067209301069917751e-03 -3.024538196367133544e-02 2.064785325180298892e-03
1.581184346814162867e-02 -5.638845955604850427e-03 6.258961459942829000e-03 -3.055461714411084745e-02 2.085585154774545220e-03
1.597389040647583316e-02 -5.664240690856546523e-03 6.456235297227517177e-03 -3.086930401310614483e-02 2.106785868940513201e-03
1.613909409053904814e-02 -5.689604027349426559e-03 6.659223907876647697e-03 -3.118957485029632409e-02 2.128399100615800850e-03
1.630754941850590459e-02 -5.714924977839954540e-03 6.868133856720198480e-03 -3.151557164160331131e-02 2.150437354682762162e-03
1.647934942876538508e-02 -5.740190639550528905e-03 7.083174909275348832e-03 -3.184743491230114520e-02 2.172913009850787128e-03
1.665459596281103696e-02 -5.765389154736264704e-03 7.304570176097422915e-03 -3.218531421606892623e-02 2.195839507385740404e-03
1.683339363430168961e-02 -5.790507887424490956e-03 7.532551218210998059e-03 -3.252936092839880944e-02 2.219230669715570314e-03
1.701584918299361981e-02 -5.815531933206901163e-03 7.767357972620849219e-03 -3.287973140025693408e-02 2.243100700811289684e-03
1.720207669341899948e-02 -5.840448689346393156e-03 8.009241184620111143e-03 -3.323658202063432821e-02 2.267464574470445457e-03
1.739219154219505056e-02 -5.865242132851992106e-03 8.258467447905747452e-03 -3.360008653505173332e-02 2.292337847650461734e-03
1.758631832969234990e-02 -5.889895506966512199e-03 8.515314904462591150e-03 -3.397041939387183268e-02 2.317737038646897584e-03
1.778458664743126985e-02 -5.914394467476834921e-03 8.780067204669710773e-03 -3.434774658204943487e-02 2.343679098930764176e-03
1.798712707132174571e-02 -5.938719671707884916e-03 9.053024459147263406e-03 -3.473225156631891408e-02 2.370181534881448879e-03
1.819407869303663050e-02 -5.962854156133871528e-03 9.334503565701302713e-03 -3.512412331462071852e-02 2.397262917121607221e-03
1.840558724658376832e-02 -5.986779643825965863e-03 9.624831594312719188e-03 -3.552354937799563628e-02 2.424942538492472210e-03
1.862180637782360343e-02 -6.010475991046215077e-03 9.924358697231119505e-03 -3.593073401597442901e-02 2.453240939873264480e-03
1.884289338927697816e-02 -6.033920598637504060e-03 1.023344975241258226e-02 -3.634588939483238135e-02 2.482179336858826579e-03
1.906901101749411062e-02 -6.057093048504311183e-03 1.055247952693995697e-02 -3.676921978469560592e-02 2.511779507549019748e-03
1.930033672487053292e-02 -6.079970453902890613e-03 1.088185249394755388e-02 -3.720095007921175867e-02 2.542065201377683662e-03
1.953704787030747722e-02 -6.102528575166338461e-03 1.122198318088066943e-02 -3.764130617667843515e-02 2.573060388812922674e-03
1.977933653086797611e-02 -6.124742865366819729e-03 1.157331427778684335e-02 -3.809052398607624956e-02 2.604790915518054219e-03
2.002740228344444470e-02 -6.146589752410807315e-03 1.193630043701870633e-02 -3.854883214056207402e-02 2.637283421831569490e-03
2.028145173451570069e-02 -6.168042683374849212e-03 1.231142374915135049e-02 -3.901647710188820700e-02 2.670565864271070254e-03
2.054170820721787361e-02 -6.189073089426826851e-03 1.269920255055274026e-02 -3.949372406040040778e-02 2.704668505786635146e-03
2.080839886918367174e-02 -6.209654114130804849e-03 1.310016560107019230e-02 -3.998082756831112389e-02 2.739622066184141218e-03
2.108176309221239386e-02 -6.229755972382332654e-03 1.351487195569951900e-02 -4.047805554406017775e-02 2.775459088657714068e-03
2.136205443433089601e-02 -6.249347949357960882e-03 1.394391603083692741e-02 -4.098569036726364134e-02 2.812214147508139330e-03
2.164954718572574197e-02 -6.268401405917909362e-03 1.438792848183503142e-02 -4.150401827086169088e-02 2.849924351940895904e-03
2.194451289415740025e-02 -6.286886162811870966e-03 1.484754727430253815e-02 -4.203331687923481108e-02 2.888626807863118456e-03
2.224725075596131751e-02 -6.304770580775891260e-03 1.532346957735745453e-02 -4.257389139181644300e-02 2.928362396246326441e-03
2.255807459490240599e-02 -6.322022815941843663e-03 1.581642688966649821e-02 -4.312605167026895003e-02 2.969174117847624660e-03
2.287730807528105814e-02 -6.338609914221730694e-03 1.632718164266951100e-02 -4.369011174191080732e-02 3.011106583274543187e-03
2.320529748682972557e-02 -6.354497888058169286e-03 1.685654852871238882e-02 -4.426640570076185999e-02 3.054207719739786622e-03
2.354240271135555826e-02 -6.369653805002016729e-03 1.740538077593411018e-02 -4.485526776899995821e-02 3.098527575348807451e-03
2.388901806030190034e-02 -6.384043380144810431e-03 1.797460912240036318e-02 -4.545706630506950868e-02 3.144121142804233437e-03
2.424554527811361229e-02 -6.397635427671854134e-03 1.856517702436881814e-02 -4.607213538444814016e-02 3.191044391013679853e-03
2.461242360498345355e-02 -6.410404100417345201e-03 1.917809251736331613e-02 -4.670081771896248540e-02 3.239358033785993008e-03
2.499009038330897436e-02 -6.422320345525250364e-03 1.981439172413453076e-02 -4.734345561168284977e-02 3.289123673492439469e-03
2.537905410995430766e-02 -6.433354464916296069e-03 2.047526146717498774e-02 -4.800046248119201747e-02 3.340412778234959617e-03
2.577980162148618345e-02 -6.443462841056938131e-03 2.116190392316300364e-02 -4.867225692905936124e-02 3.393296222314205312e-03
2.619288504118837471e-02 -6.452644708654391680e-03 2.187554722008135805e-02 -4.935911853142724987e-02 3.447850393643984730e-03
2.661890802526523797e-02 -6.460881650920551750e-03 2.261757929322116140e-02 -5.006144926619864044e-02 3.504161183216752528e-03
2.705844309429329339e-02 -6.468167654508387952e-03 2.338933799094946100e-02 -5.077961419524974762e-02 3.562310844045370878e-03
2.751218379172292589e-02 -6.474506977679640903e-03 2.419246696800442589e-02 -5.151413580233978745e-02 3.622398790099972624e-03
2.798080275049084562e-02 -6.479914406551983731e-03 2.502858387235727677e-02 -5.226531248825425080e-02 3.684521519576293511e-03
2.846505876121363174e-02 -6.484394403889913797e-03 2.589936204258721023e-02 -5.303321663453480772e-02 3.748787475397859052e-03
2.896577741372776543e-02 -6.487935591141002697e-03 2.680634485406963724e-02 -5.381800565328331842e-02 3.815316425701800220e-03
2.948377270095754385e-02 -6.490612646489229108e-03 2.775115459490342523e-02 -5.462043236366206228e-02 3.884231860560149324e-03
3.001993775240349716e-02 -6.492671287659399978e-03 2.873660136564006040e-02 -5.544148264750690253e-02 3.955668312882621579e-03
3.057518592463369725e-02 -6.494157975343636986e-03 2.976662460179872044e-02 -5.628176961951374124e-02 4.029750547971428995e-03
3.115042384787147442e-02 -6.494433063031133241e-03 3.084400678645971700e-02 -5.714232380257153188e-02 4.106594768103166010e-03
3.174665026842215382e-02 -6.492984193084782793e-03 3.196916747177258600e-02 -5.802400490713139486e-02 4.186352156987488068e-03
3.236529126169507969e-02 -6.490620317129717348e-03 3.314282260109967931e-02 -5.892495745174120697e-02 4.269257820258113428e-03
3.300794212626404628e-02 -6.488837459390354653e-03 3.436725221392757101e-02 -5.984216077584327692e-02 4.355569683494720998e-03
3.367625880582427594e-02 -6.488718081550595360e-03 3.564577759305584403e-02 -6.077401107204159075e-02 4.445544736009235387e-03
3.437176843960369071e-02 -6.490731166661938174e-03 3.698195063611390415e-02 -6.172036960379489318e-02 4.539416713743605128e-03
3.509597022841499936e-02 -6.494741804082586160e-03 3.837970158986210578e-02 -6.268251450942266545e-02 4.637412239385066068e-03
3.585021681337832722e-02 -6.500076697535586180e-03 3.984314971388271814e-02 -6.366301331006792019e-02 4.739735402616968539e-03
3.663604061545412682e-02 -6.505976021123766918e-03 4.137757772323636535e-02 -6.466548959735246571e-02 4.846611734750438244e-03
3.745554439911635142e-02 -6.514099613564815032e-03 4.298850039385121447e-02 -6.568697143352313084e-02 4.958368405721854874e-03
3.831134710793893811e-02 -6.525686731426194077e-03 4.467846813986724175e-02 -6.672330458625050364e-02 5.075438801394750732e-03
3.920572403624201369e-02 -6.541896018796141028e-03 4.645148572177310031e-02 -6.777363364272835644e-02 5.198199288925136122e-03
4.014150412110106814e-02 -6.563932862573469869e-03 4.831288673542692702e-02 -6.883645529424634035e-02 5.327109799612808269e-03
4.112141238657156250e-02 -6.593149489580152865e-03 5.026779246806747231e-02 -6.990921422223415893e-02 5.462623087810724622e-03
4.214858844338108951e-02 -6.631230325833942403e-03 5.232196161578186316e-02 -7.098904115557691519e-02 5.605264234586683839e-03
4.322645088030177551e-02 -6.680169092472012377e-03 5.448141572938552252e-02 -7.207250493337022390e-02 5.755612286253906223e-03
4.435889355751566898e-02 -6.742352778962366032e-03 5.675282329409644250e-02 -7.315535985303903144e-02 5.914331780769817824e-03
4.554984082910092102e-02 -6.820541778144397285e-03 5.914255740564370450e-02 -7.423229893824374870e-02 6.082108703503065830e-03
4.680381419923099889e-02 -6.918046816315597328e-03 6.165775153932558789e-02 -7.529694708454345853e-02 6.259738212600866533e-03
4.812575883963624013e-02 -7.038783321031870203e-03 6.430579768438714205e-02 -7.634152654325314369e-02 6.448103097068592915e-03
4.952090800320296110e-02 -7.187319016577480013e-03 6.709397681460957386e-02 -7.735666888916911677e-02 6.648156299337258657e-03
5.099587866852259288e-02 -7.369351597707259234e-03 7.003138798405648957e-02 -7.833088124801269869e-02 6.861097780848824865e-03
5.255662641665871659e-02 -7.591172069274654786e-03 7.312480584036522291e-02 -7.925054785874882657e-02 7.088061092985460145e-03
5.421060362221578194e-02 -7.860536498088894347e-03 7.638251781565784382e-02 -8.009910806303693898e-02 7.330457849490822596e-03
5.596579039785359866e-02 -8.186520511004708248e-03 7.981211088091678951e-02 -8.085676230587673929e-02 7.589834251082431919e-03
5.783091778557076373e-02 -8.579829319079215061e-03 8.342052334350415210e-02 -8.149975200234173267e-02 7.867916787553981203e-03
5.981639373079350452e-02 -9.053537771758725025e-03 8.721495952807960250e-02 -8.199915472524689497e-02 8.166776942815572732e-03
6.193260161918370810e-02 -9.622527521039102999e-03 9.119930463813361032e-02 -8.232117114023380922e-02 8.488565256795211830e-03
6.419133572255633635e-02 -1.030450109148910165e-02 9.537561663943698587e-02 -8.242546142779662299e-02 8.835760934248752807e-03
6.660538987167223535e-02 -1.112017358268328066e-02 9.974237251573207785e-02 -8.226445365675136290e-02 9.211123147476293210e-03
6.919101575842193097e-02 -1.209554629198625157e-02 1.042960068121110279e-01 -8.177910394019263784e-02 9.618143590937497725e-03
7.196114773033897294e-02 -1.325729052883447071e-02 1.090200314533563281e-01 -8.090699905832368644e-02 1.005988136066207281e-02
7.493592030712353802e-02 -1.464136704660047757e-02 1.138955445003580341e-01 -7.956639169839709036e-02 1.054084816554629045e-02
7.813215761946422366e-02 -1.628498785148806485e-02 1.188853215741202535e-01 -7.767127294478851085e-02 1.106516677440662171e-02
8.157297734078403084e-02 -1.823561276257500835e-02 1.239382133091114363e-01 -7.511404669093976749e-02 1.163836145084503650e-02
8.527474058053037542e-02 -2.053787197199924419e-02 1.289740163759545699e-01 -7.179176652018007254e-02 1.226494376220258094e-02
8.926274214888701986e-02 -2.324933845541440544e-02 1.338848004553624682e-01 -6.757484370053586098e-02 1.295142616696805422e-02
9.355503567116144059e-02 -2.642188428037416104e-02 1.385176011386375916e-01 -6.234439929435851846e-02 1.370327513266994361e-02
9.817200749020489614e-02 -3.010924741085003326e-02 1.426644291987529123e-01 -5.597686243804877310e-02 1.452681112827707878e-02
1.031245639597849206e-01 -3.434789926815100952e-02 1.460505872987201414e-01 -4.838145402683009105e-02 1.542692608265646033e-02
1.084283241380738783e-01 -3.916693952963159336e-02 1.482955013974989744e-01 -3.947317531203531349e-02 1.641019930816613182e-02
1.140626730364272118e-01 -4.452245591445536110e-02 1.489549400095220855e-01 -2.930438493670248917e-02 1.747653778464190732e-02
1.200074214050107363e-01 -5.032598061939325823e-02 1.474313315241047861e-01 -1.798331987957584727e-02 1.862768000005109517e-02
1.262079559780957538e-01 -5.637939241699627818e-02 1.430026655966490090e-01 -5.787591781601756323e-03 1.985983666486196980e-02
1.325582050453556482e-01 -6.233648098279209737e-02 1.349257107778827069e-01 6.786839107228417357e-03 2.116042124182268905e-02
1.389095837120689070e-01 -6.773181688425122804e-02 1.225591932858775129e-01 1.909518507520776079e-02 2.250879038722072498e-02
1.450925919918575890e-01 -7.199163106815920088e-02 1.052468280096741787e-01 3.043623444397026284e-02 2.388228517918548205e-02
1.509076592615961609e-01 -7.455135392882875078e-02 8.287951765912700275e-02 4.016713952321534359e-02 2.525005237781956235e-02
1.561888794513095480e-01 -7.512704303438078046e-02 5.621337934359088573e-02 4.805222332624810300e-02 2.657873634289852419e-02
1.608601783214100023e-01 -7.384485125458561949e-02 2.672549624404955623e-02 5.442596643739448098e-02 2.784558619112547859e-02
1.649694816558094357e-01 -7.165002354283955821e-02 -2.560805228805143868e-03 6.020353911785745332e-02 2.902142100458726670e-02
1.686479607247028667e-01 -6.951123866860342559e-02 -2.936455537282336992e-02 6.645113326996641978e-02 3.010231439692492503e-02
1.719305058298921385e-01 -6.823575438420409478e-02 -5.150010900796603286e-02 7.331808045826401776e-02 3.106020110682203988e-02
1.747380318708798563e-01 -6.792856091969798338e-02 -6.825729030423413612e-02 8.020474405829089437e-02 3.186388899294448351e-02
1.768808440283239358e-01 -6.806616860936505475e-02 -8.004358983517395609e-02 8.585288932787998872e-02 3.247500691319405580e-02
1.782644697966972724e-01 -6.820997162634986899e-02 -8.750587838173991273e-02 8.955781737901385986e-02 3.286927131076373965e-02
1.789003475722554526e-01 -6.827605968617715682e-02 -9.093534865471926409e-02 9.126050423380521748e-02 3.305046479084986638e-02
1.791017723809041062e-01 -6.823962349805760830e-02 -9.215827457933843669e-02 9.165726851681542386e-02 3.310888228070783118e-02
1.800472182710353697e-01 -6.806859965774254839e-02 -9.789843289014382721e-02 9.351959701170997619e-02 3.338308175031913516e-02
1.817667226335837882e-01 -6.775755463381143151e-02 -1.083381919077414934e-01 9.690665702740858256e-02 3.388177468359701572e-02
1.841785808420392245e-01 -6.613666108505299179e-02 -1.250359489708460781e-01 9.930119357885874853e-02 3.459270362207821775e-02
1.871103231446100967e-01 -6.199432068834686421e-02 -1.483914787912552768e-01 9.863274632082821847e-02 3.548104686155714727e-02
1.899683799954742791e-01 -5.220550851141283338e-02 -1.774986285887992787e-01 9.039376178890047575e-02 3.642174517084802859e-02
1.916341321624588090e-01 -3.240914544753337179e-02 -2.078902672327118395e-01 6.962597423286140397e-02 3.718074171036976627e-02
1.902083435421879354e-01 3.424243471786830948e-03 -2.310402317727940080e-01 3.107616789041745334e-02 3.737869692727709137e-02
1.830876466939272973e-01 6.194667976767419260e-02 -2.358812242703563766e-01 -2.827554452013604502e-02 3.652073561584102956e-02
1.682780164318773142e-01 1.456579824743920448e-01 -2.165185129606396197e-01 -1.032068153882909622e-01 3.424019087901464253e-02
1.460703155343661408e-01 2.488775631747000283e-01 -1.786602765862256581e-01 -1.781835904543491167e-01 3.054920819135899593e-02
1.197361875012984689e-01 3.554510516696517408e-01 -1.357595780600450441e-01 -2.264062692811522615e-01 2.586136457377196177e-02
9.607683671646330414e-02 4.363621015079964804e-01 -9.285861744609676116e-02 -2.123178552742282232e-01 2.104262704875208695e-02
8.789099256560332918e-02 4.279434183878350617e-01 1.975796067901358730e-03 -5.718646379701597393e-02 1.755739760357702406e-02
8.949619598595096037e-02 3.546019049517084021e-01 1.127117596829415314e-01 1.302963828162813642e-01 1.519094614507425153e-02
8.830784077166178858e-02 2.729741326187264949e-01 1.821654966953008548e-01 2.594320821092298002e-01 1.298567062191195547e-02
8.080264987715624070e-02 2.018026589860083264e-01 2.065343790604033947e-01 3.155660261958486146e-01 1.068723434085155563e-02
6.753302111857277523e-02 1.483065960248605708e-01 1.940838836849397009e-01 3.036324350364842384e-01 8.350030526967521308e-03
5.194805174516287094e-02 1.138024249570760982e-01 1.619330685883739740e-01 2.436653182307171872e-01 6.079818842522018152e-03
3.619303566414476536e-02 9.595053836935009406e-02 1.231629668200866085e-01 1.595089305213610031e-01 4.139223305823158498e-03
2.294475587656379795e-02 8.589033071919542628e-02 8.563710656306605662e-02 8.713938990497856196e-02 2.673591934429784753e-03
1.498688169563281922e-02 6.976294536529115131e-02 5.924797212119045642e-02 5.422065593784961696e-02 1.773328616599000604e-03
1.127097601794078453e-02 4.804969352618355949e-02 4.592001353654428381e-02 4.843775475756891685e-02 1.297549536513126081e-03
8.543526486448101490e-03 3.178341250652660238e-02 3.498026363365401570e-02 4.521014183717741997e-02 9.403914901487889092e-04
6.166853168623106715e-03 2.134244361113287955e-02 2.550503934877046408e-02 3.878917137469911625e-02 6.432021932098175559e-04
4.154079047289818520e-03 1.536705540179893539e-02 1.797179170217455893e-02 2.841917513307461868e-02 4.058620412116070416e-04
2.569449464863430427e-03 1.179562926219777236e-02 1.210095164381829076e-02 1.782535706072075482e-02 2.421038308935356928e-04
1.666485889827667814e-03 8.277778864307109782e-03 8.275879773492639604e-03 1.172430467866413840e-02 1.541372288096107626e-04
1.139750543552496987e-03 5.281215180390448800e-03 5.682968189234366072e-03 8.392937867203754607e-03 1.041065910974390169e-04
7.529421785812314425e-04 3.322996390418133956e-03 3.700170997025627444e-03 6.129665975693499372e-03 6.683184867524436293e-05
4.739998842319818645e-04 2.169442073600730270e-03 2.359285195314395327e-03 4.260163086645526662e-03 3.959639648006034262e-05
2.846555945608167360e-04 1.481380097002067426e-03 1.494333355394754891e-03 2.728639070699613416e-03 2.255806324542524742e-05
1.993031851304888358e-01 1.252080269607641627e-01 5.565450871195604110e-02 3.219382700699953415e-02 nan
6.118162928141161923e-03 6.357281218346741945e-04 2.376056658389741794e-04 3.257124906922961367e-05 nan
