0.000000000000000000e+00 0.000000000000000000e+00 0.000000000000000000e+00 0.000000000000000000e+00 0.000000000000000000e+00 0.000000000000000000e+00 0.000000000000000000e+00
-2.276779900335573078e-05 4.422580316396606382e-05 4.353768838273821580e-05 2.925702827617534437e-05 -3.610377400441618621e-05 2.016926158071166367e-05 -4.680795377395623902e+00
-4.553245072222843084e-05 8.841830239945202934e-05 8.702269690344311066e-05 5.847055561792839634e-05 -7.214168316445770219e-05 4.030377976885367764e-05 -9.360976751994982692e+00
-6.829395385842519325e-05 1.325774775310032262e-04 1.304549955424401603e-04 8.764053302956397655e-05 -1.081140708137644544e-04 6.040221875625949430e-05 -1.404054388150578880e+01
-9.105230710066984016e-05 1.767033083484847176e-04 1.738345450986609412e-04 1.167669494902092754e-04 -1.440204663663695068e-04 8.046552509181209567e-05 -1.871949652079458559e+01
-1.138103619755714342e-04 2.208007912408374443e-04 2.173804518151150342e-04 1.569788397009737389e-04 -2.789763416116325433e-04 3.892773237544739067e-04 -2.339777667504893444e+01
-1.365624114712525627e-04 2.648598724389286565e-04 2.606543908908793184e-04 1.860180060531887189e-04 -3.147498927253016324e-04 4.092709545705607694e-04 -2.807549959670647866e+01
-1.593113071287411743e-04 3.088855482312384635e-04 3.038754746904966000e-04 2.150135087931903687e-04 -3.504570422579047313e-04 4.292309442422786135e-04 -3.275260729207218446e+01
-1.820598751975276630e-04 3.528962208084420100e-04 3.468946518937187371e-04 2.560522534692671079e-04 -4.870568194048614341e-04 7.343309717735750728e-04 -3.742904176413615147e+01
-2.048024591837477695e-04 3.968550239972268344e-04 3.900099246649344365e-04 2.849602551100567324e-04 -5.226306518126504598e-04 7.542231812255467682e-04 -4.210491826705451501e+01
-2.275418853358919145e-04 4.407803594717329704e-04 4.330722460847178192e-04 3.138244474793180135e-04 -5.581379114324702944e-04 7.740815982996710138e-04 -4.678017880361252168e+01
-2.502781523281307320e-04 4.846722060486965077e-04 4.760815915549781768e-04 3.426448002392561208e-04 -5.935787242775350699e-04 7.939062112960069886e-04 -5.145482312838267802e+01
-2.730112588189248751e-04 5.285305426022456152e-04 5.190379408475048013e-04 3.714212901280267262e-04 -6.289532774108673018e-04 8.136969129644346663e-04 -5.612885099228405039e+01
-2.957412034955350655e-04 5.723553478129564734e-04 5.619412774834432788e-04 4.001539004583737607e-04 -6.642618015969878721e-04 8.334535131373810605e-04 -6.080226215035420978e+01
-3.184679850410071619e-04 6.161466002807044085e-04 6.047915878475387981e-04 4.288426252205037041e-04 -6.995045603286428491e-04 8.531757742145142922e-04 -6.547505635501281063e+01
-3.411916021401479302e-04 6.599042786602787739e-04 6.475888564595248765e-04 4.574874639352361676e-04 -7.346817869425998921e-04 8.728633722857550474e-04 -7.014723335853993547e+01
-3.639120534694386018e-04 7.036283616201834297e-04 6.903330616835371900e-04 4.860884126545006022e-04 -7.697936310885644976e-04 8.925159710194151318e-04 -7.481879291064490189e+01
-3.866293377371279654e-04 7.473188276739154779e-04 7.330241765794268420e-04 5.146454598325020348e-04 -8.048401942952840976e-04 9.121331593930445290e-04 -7.948973476760383505e+01
-4.093434536110183769e-04 7.909756554303413708e-04 7.756621724433921273e-04 5.431585922996683699e-04 -8.398215168101579638e-04 9.317145261121634282e-04 -8.416005867800906515e+01
-4.320543997719273883e-04 8.345988235680722265e-04 8.182470163377303504e-04 5.716278003859484981e-04 -8.747375525138769868e-04 9.512598221348398959e-04 -8.882976439348276188e+01
-4.547621749048853823e-04 8.781883108989648997e-04 8.607786748721624713e-04 6.000530805970987879e-04 -9.095882186135277993e-04 9.707687847482811142e-04 -9.349885166717096752e+01
-4.774667776711330144e-04 9.217440962974969435e-04 9.032571146313406359e-04 6.284344360909514164e-04 -9.443733901457212641e-04 9.902412923790046822e-04 -9.816732024779885535e+01
-5.001682067495508014e-04 9.652661586755553313e-04 9.456823049876578397e-04 6.567718672060114324e-04 -9.790929091401589721e-04 1.009677362205039239e-03 -1.028351698882937058e+02
-5.228664607950502061e-04 1.008754477150142258e-03 9.880542149491094387e-04 6.850653675723289123e-04 -1.013746529626949550e-03 1.029077109919479755e-03 -1.075024003376483108e+02
-5.455615384670942265e-04 1.052209030974056349e-03 1.030372810033421951e-03 7.133149263620503768e-04 -1.048334047815347543e-03 1.048440817320860823e-03 -1.121690113463401559e+02
-5.682534384297085626e-04 1.095629799365660777e-03 1.072638053759892478e-03 7.415205272799772372e-04 -1.082855241969449440e-03 1.067768828001214006e-03 -1.168350026661094745e+02
-5.909421593269111560e-04 1.139016761476393949e-03 1.114849908211197659e-03 7.696821410827058962e-04 -1.117309928600209237e-03 1.087061485297766443e-03 -1.215003740450380434e+02
-6.136276998194468025e-04 1.182369896359561834e-03 1.157008334578363013e-03 7.977997295316899100e-04 -1.151697998213196050e-03 1.106319139036586637e-03 -1.261651252349866326e+02
-6.363100585492259716e-04 1.225689183100641061e-03 1.199113295235337395e-03 8.258732466771949183e-04 -1.186019313624319185e-03 1.125542136663262079e-03 -1.308292559837845772e+02
-6.589892341634886368e-04 1.268974600739832198e-03 1.241164755964575556e-03 8.539026470044105760e-04 -1.220273863651730227e-03 1.144730760396461778e-03 -1.354927660404235894e+02
-6.816652253230436704e-04 1.312226128028218123e-03 1.283162683650676669e-03 8.818878760807932326e-04 -1.254461688107518349e-03 1.163885321639447417e-03 -1.401556551567693703e+02
-7.043380306503779515e-04 1.355443743575010605e-03 1.325107047241882345e-03 9.098288937428270374e-04 -1.288582819431592164e-03 1.183006051227362097e-03 -1.448179230767890715e+02
-7.270076488044569917e-04 1.398627425708466685e-03 1.366997819094532005e-03 9.377256619564716634e-04 -1.322637394427688198e-03 1.202092984610235666e-03 -1.494795695517383365e+02
-7.496740784271195947e-04 1.441777152664320627e-03 1.408834976794756059e-03 9.655781535697758504e-04 -1.356625529561896479e-03 1.221146105721449384e-03 -1.541405943283170075e+02
-7.723401514787006173e-04 1.484907710051886582e-03 1.450625423407915157e-03 1.005106367482166193e-03 -1.486800778207826015e-03 1.528331382909049697e-03 -1.588009394060675561e+02
-7.950002000012603700e-04 1.527989461035543289e-03 1.492355290746751441e-03 1.032870256832252700e-03 -1.520656368909146508e-03 1.547316294768834094e-03 -1.634607200298148939e+02
-8.176570559642697394e-04 1.571037191275728934e-03 1.534031486550428355e-03 1.060589845555033129e-03 -1.554445937062693718e-03 1.566266854487398776e-03 -1.681198781985184496e+02
-8.403107180233716994e-04 1.614050878897045757e-03 1.575653992618848004e-03 1.088265130236830153e-03 -1.588169530139819799e-03 1.585182592948550587e-03 -1.727784136585823660e+02
-8.629611848439936068e-04 1.657030501960154740e-03 1.617222786553215112e-03 1.115896100816111437e-03 -1.621827246017557619e-03 1.604063088975751436e-03 -1.774363261578746744e+02
-8.856084550796141514e-04 1.699976038549831907e-03 1.658737840740994373e-03 1.143482740549201090e-03 -1.655419112465491985e-03 1.622907933108992456e-03 -1.820936154426159419e+02
-9.082525273813067202e-04 1.742887466942808893e-03 1.700199126218933854e-03 1.171025034915824806e-03 -1.688945084005763139e-03 1.641716702124464784e-03 -1.867502812600646962e+02
-9.308934003911190427e-04 1.785764765352558904e-03 1.741606614522983642e-03 1.198522970189650231e-03 -1.722405091325021967e-03 1.660489244367706211e-03 -1.914063233557181150e+02
-9.535310727607445615e-04 1.828607912001981852e-03 1.782960274170999372e-03 1.225976549277960287e-03 -1.755799111939760574e-03 1.679225261433533577e-03 -1.960617414777185274e+02
-9.761655431183361960e-04 1.871416885238596280e-03 1.824260069916562197e-03 1.253385777658804195e-03 -1.789127071912738733e-03 1.697924698244103990e-03 -2.007165353701184927e+02
-9.987968101071332139e-04 1.914191663521075306e-03 1.865505965907542692e-03 1.280750655237287376e-03 -1.822388938825531728e-03 1.716587660653986699e-03 -2.053707047812719111e+02
-1.021424872337220848e-03 1.956932225457793263e-03 1.906697924482389245e-03 1.308071177390432915e-03 -1.855584527540859920e-03 1.735214183651331453e-03 -2.100242494530887711e+02
-1.044052585202507938e-03 1.999644342272883721e-03 1.948098688116849629e-03 1.346369334548246349e-03 -1.983461905437007219e-03 2.042801938314899209e-03 -2.146771113845880166e+02
-1.066674233816900397e-03 2.042316407268047161e-03 1.989182666764054488e-03 1.373601087895143973e-03 -2.016524814677895031e-03 2.061356815228022540e-03 -2.193294058181438970e+02
-1.089292673560340050e-03 2.084954191551477345e-03 2.030212597184994586e-03 1.400788399061037070e-03 -2.049521205306673467e-03 2.079876360100564852e-03 -2.239810747487624099e+02
-1.111907903064638129e-03 2.127557673616530583e-03 2.071188439938081906e-03 1.427931220499077235e-03 -2.082450947847476301e-03 2.098360997516859981e-03 -2.286321179212767731e+02
-1.134519920960881190e-03 2.170126831885063525e-03 2.112110159405164358e-03 1.455029504664435503e-03 -2.115313908091283335e-03 2.116811079685004381e-03 -2.332825350802107209e+02
-1.157131496894601248e-03 2.212687183397946643e-03 2.152418732295895056e-03 1.494941138594226221e-03 -2.246884940990696161e-03 2.418770275842056002e-03 -2.379322682185282929e+02
-1.179737087436352142e-03 2.255187628764288976e-03 2.193232103763154573e-03 1.521950225520369952e-03 -2.279614087449045087e-03 2.437151661204465559e-03 -2.425814325792068757e+02
-1.202342154580996565e-03 2.297688728179479375e-03 2.232732476655464957e-03 1.562130419963077450e-03 -2.439715583148351942e-03 2.693156170158873472e-03 -2.472299124055004143e+02
-1.224941312243837347e-03 2.340120372106279170e-03 2.273437373630305194e-03 1.589050213052764070e-03 -2.472310767757115394e-03 2.711469473702412137e-03 -2.518778229398342319e+02
-1.247537251400715518e-03 2.382517581775356851e-03 2.314087996658692036e-03 1.615925318925136127e-03 -2.504839002365664546e-03 2.729748701128698659e-03 -2.565251061764258793e+02
-1.270129970664543150e-03 2.424880334822146922e-03 2.354684328330660520e-03 1.642755705981903012e-03 -2.537300349846256277e-03 2.747993635768281560e-03 -2.611717618561690415e+02
-1.292719468659643762e-03 2.467208608940550576e-03 2.395226352911494598e-03 1.669541355053932516e-03 -2.569694913317744755e-03 2.766204093817470691e-03 -2.658177897214188192e+02
-1.315305744015892635e-03 2.509502381728776887e-03 2.435714054559761071e-03 1.696282255190263363e-03 -2.602022809636552955e-03 2.784379737855548816e-03 -2.704631895143285192e+02
-1.337888795368202691e-03 2.551761630799247085e-03 2.476147413959067702e-03 1.722978402099090579e-03 -2.634284202105827491e-03 2.802520380810547777e-03 -2.751079609782462398e+02
-1.360468621334446878e-03 2.593986333847088377e-03 2.516526404995732963e-03 1.749629788844139040e-03 -2.666479202353974967e-03 2.820625601879177789e-03 -2.797521038539474603e+02
-1.383045220539500571e-03 2.636176468612378993e-03 2.556851000130095329e-03 1.776236398909238588e-03 -2.698607883204368150e-03 2.838695041929318544e-03 -2.843956178848117133e+02
-1.405618591590716273e-03 2.678332012735428879e-03 2.597121168269010683e-03 1.802798223902451038e-03 -2.730670391785514767e-03 2.856728466115007487e-03 -2.890385028105891365e+02
-1.428188733104510848e-03 2.720452943851402357e-03 2.637336872747396595e-03 1.829315267419559998e-03 -2.762666753395491819e-03 2.874725595865169989e-03 -2.936807583729087128e+02
-1.450755643702683791e-03 2.762539239673205815e-03 2.677498077479012299e-03 1.855787532007819110e-03 -2.794597133033895325e-03 2.892686316947144093e-03 -2.983223843148064134e+02
-1.473319321979676706e-03 2.804590878097838833e-03 2.717604750164756902e-03 1.882215024148296226e-03 -2.826461428868261381e-03 2.910610460182628655e-03 -3.029633803736883806e+02
-1.495879766550666564e-03 2.846607837037492400e-03 2.757656856942564908e-03 1.908597725628249919e-03 -2.858259607361883590e-03 2.928498162683560932e-03 -3.076037462913372451e+02
-1.518436976024826893e-03 2.888590094395982258e-03 2.797654362560337768e-03 1.934935619927010591e-03 -2.889991540732187066e-03 2.946349609329037330e-03 -3.122434818084458357e+02
-1.540990949003665043e-03 2.930537628052008823e-03 2.837597228653569899e-03 1.961228690059024001e-03 -2.921657061800742288e-03 2.964164970488777483e-03 -3.168825866638917432e+02
-1.563541684080920055e-03 2.972450415852650671e-03 2.877485413305490465e-03 1.987476903222906797e-03 -2.953255893891186014e-03 2.981944724255803595e-03 -3.215210605947916065e+02
-1.586089179879097890e-03 3.014328435544983038e-03 2.917318873574119200e-03 2.013680222536774495e-03 -2.984787769758773246e-03 2.999689003974036639e-03 -3.261589033448608461e+02
-1.608633434978244117e-03 3.056171664917227502e-03 2.957097571959662469e-03 2.039838620651182773e-03 -3.016252486604931345e-03 3.017398076419700991e-03 -3.307961146492731928e+02
-1.631174447974071675e-03 3.097980081703857833e-03 2.996821473117279068e-03 2.065952057385062653e-03 -3.047649859020999663e-03 3.035072269106024560e-03 -3.354326942470578956e+02
-1.653712217458041698e-03 3.139753663425693189e-03 3.036490545748450100e-03 2.092020484842121737e-03 -3.078979712447006689e-03 3.052711889615956041e-03 -3.400686418766152883e+02
-1.676246742024149750e-03 3.181492387470690256e-03 3.076104758594814213e-03 2.118043863550625981e-03 -3.110241972178758203e-03 3.070317068263947371e-03 -3.447039572774449425e+02
-1.698778020244919203e-03 3.223196231129029764e-03 3.115664086656018059e-03 2.144022152917014323e-03 -3.141436635035855986e-03 3.087887950605681508e-03 -3.493386401848042624e+02
-1.721306050704148483e-03 3.264865171576733765e-03 3.155168504355747999e-03 2.169955318567433605e-03 -3.172563771551999579e-03 3.105424734968533808e-03 -3.539726903367937325e+02
-1.743830831985097602e-03 3.306499186024968069e-03 3.194617987574592272e-03 2.195843329166513331e-03 -3.203623484146153784e-03 3.122927273333199558e-03 -3.586061074710702314e+02
-1.766352362668641759e-03 3.348098251519375946e-03 3.234012515700279873e-03 2.221686168062093382e-03 -3.234616012167232553e-03 3.140395572451534344e-03 -3.632388913237622887e+02
-1.788873461147086081e-03 3.389669260427705978e-03 3.273390019000489704e-03 2.258919804435888853e-03 -3.362661063806445666e-03 3.436023333417783255e-03 -3.678709838846985463e+02
-1.811388486439036985e-03 3.431198359282016351e-03 3.312674579970026692e-03 2.284672253444162970e-03 -3.393519947697155783e-03 3.453422443797628683e-03 -3.725025003878596976e+02
-1.833900256937101656e-03 3.472692440687827255e-03 3.351904123404198053e-03 2.310379506376347095e-03 -3.424312351441066889e-03 3.470786447656845197e-03 -3.771333828217497626e+02
-1.856408771239058658e-03 3.514151481821103928e-03 3.391078619628817500e-03 2.336041555730613509e-03 -3.455038384291328913e-03 3.488114993681733743e-03 -3.817636309229845324e+02
-1.878914027934333424e-03 3.555575459787576990e-03 3.430198036702357921e-03 2.361658399149845974e-03 -3.485698105220146146e-03 3.505407687880679815e-03 -3.863932444263269872e+02
-1.901416025625705724e-03 3.596964351542841082e-03 3.469262343221146249e-03 2.387230028857855076e-03 -3.516291607254862662e-03 3.522664162922071671e-03 -3.910222230695256940e+02
-1.923914762896564590e-03 3.638318134187635590e-03 3.508271507896721948e-03 2.412756458303150046e-03 -3.546818915925111122e-03 3.539884047271258175e-03 -3.956505665862416095e+02
-1.946410238338887452e-03 3.679636784858936107e-03 3.547225498744438314e-03 2.438237680293775089e-03 -3.577279928748671768e-03 3.557067138864665121e-03 -4.002782747130096936e+02
-1.968902450531551974e-03 3.720920280766249616e-03 3.586124279828681056e-03 2.463673698086267603e-03 -3.607674530654361982e-03 3.574213373449461589e-03 -4.049053471845465992e+02
-1.991391398041239633e-03 3.762168599033231635e-03 3.624967812253327305e-03 2.489064498756163573e-03 -3.638002479707562725e-03 3.591322854361198632e-03 -4.095317837336943398e+02
-2.013877079454266372e-03 3.803381716743964303e-03 3.663756057106791302e-03 2.514410059446684029e-03 -3.668263563738229007e-03 3.608395805933452272e-03 -4.141575840980671046e+02
-2.036359493325424087e-03 3.844559611079545036e-03 3.702488977245184387e-03 2.539710351389760749e-03 -3.698457463788247870e-03 3.625432740917838847e-03 -4.187827480087761387e+02
-2.058838638227404854e-03 3.885702259174749363e-03 3.741166532753624832e-03 2.564965335360985723e-03 -3.728583952930975606e-03 3.642433658144477761e-03 -4.234072752006705400e+02
-2.081314512720987536e-03 3.926809638239123733e-03 3.779788686525211751e-03 2.590174967772188985e-03 -3.758642821458985008e-03 3.659399186839207979e-03 -4.280311654068283360e+02
-2.103787115364482482e-03 3.967881725445379475e-03 3.818355402537418168e-03 2.615339199475373230e-03 -3.788633882898015132e-03 3.676329655205952309e-03 -4.326544183604965497e+02
-2.126259149037017671e-03 4.008957718028592805e-03 3.855515362477886145e-03 2.653612902292022853e-03 -3.940617628809483207e-03 3.926367923075251704e-03 -4.372769760451898264e+02
-2.148725203642462903e-03 4.049959152473598528e-03 3.893971096353499375e-03 2.678686215045151392e-03 -3.970473013322712262e-03 3.943229411476758400e-03 -4.418989536933670479e+02
-2.171187982046487303e-03 4.090925225898402878e-03 3.932371291201624923e-03 2.703714008851093760e-03 -4.000260646474920745e-03 3.960056577472006838e-03 -4.465202932863130059e+02
-2.193647482802787291e-03 4.131855915051568622e-03 3.970715917504196411e-03 2.728696245085792879e-03 -4.029980675133860123e-03 3.976849974647230293e-03 -4.511409945566578585e+02
-2.216103704473440603e-03 4.172751196584264209e-03 4.009004947525035036e-03 2.753632884499211501e-03 -4.059633239232783748e-03 3.993609297662266758e-03 -4.557610572374957769e+02
-2.238556645610365568e-03 4.213611047001296871e-03 4.047238357238048048e-03 2.778523909571883714e-03 -4.089218482005430727e-03 4.010334510346453413e-03 -4.603804810582718119e+02
-2.261008977941364288e-03 4.254489688649250659e-03 4.084021826636779172e-03 2.810181611335356173e-03 -4.299742808157154539e-03 4.250704650671182847e-03 -4.649992080016932618e+02
-2.283455353741899261e-03 4.295278606627207264e-03 4.122143929023261086e-03 2.834981392489236730e-03 -4.329193933773292473e-03 4.267360846476815281e-03 -4.696173532997224243e+02
-2.305898444739004540e-03 4.336032023272033686e-03 4.160210346920236585e-03 2.859735555398931241e-03 -4.358578168123217710e-03 4.283981617520875654e-03 -4.742348589328341291e+02
-2.328338249508345517e-03 4.376749915057673822e-03 4.198221056183419272e-03 2.884444103398278551e-03 -4.387895610108484730e-03 4.300566753023099195e-03 -4.788517246321988523e+02
-2.350774766618466544e-03 4.417432258461106466e-03 4.236176026413468118e-03 2.909107029045568654e-03 -4.417146302918617540e-03 4.317115789961104184e-03 -4.834679501284103935e+02
-2.373207994638901631e-03 4.458079029835703561e-03 4.274075226699823420e-03 2.933724328234002879e-03 -4.446330322590051967e-03 4.333628344696928078e-03 -4.880835351534406641e+02
-2.395637932118940133e-03 4.498690205531111728e-03 4.311918630821801567e-03 2.958295997823123715e-03 -4.475447674273032826e-03 4.350104063348197818e-03 -4.926984794358661475e+02
-2.418064577618684371e-03 4.539265761882523009e-03 4.349706209267733409e-03 2.982822032729641470e-03 -4.504498248182294169e-03 4.366542787072220065e-03 -4.973127827073366234e+02
-2.440487929662648377e-03 4.579805675365714035e-03 4.387437928085123617e-03 3.007302420725069259e-03 -4.533481899771255562e-03 4.382944363099055760e-03 -5.019264446933377712e+02
-2.462913803886965843e-03 4.620299840795781543e-03 4.425679890850416943e-03 3.052265889733833670e-03 -4.760524910470192647e-03 4.937825924086692436e-03 -5.065393496283475656e+02
-2.485330564666584762e-03 4.660768397957665114e-03 4.463299775548611008e-03 3.076654934421246823e-03 -4.789374332508277744e-03 4.954154224055568913e-03 -5.111517282372285536e+02
-2.507744027606624137e-03 4.701201241681340209e-03 4.500863682507435896e-03 3.100998263917542110e-03 -4.818156360850207875e-03 4.970446426118498018e-03 -5.157634647488822566e+02
-2.530154191249223226e-03 4.741598348577521528e-03 4.538371570682724412e-03 3.125295837983468796e-03 -4.846870847662896123e-03 4.986702820237390137e-03 -5.203745588941760616e+02
-2.552561054106101610e-03 4.781959695413070567e-03 4.575823399841372381e-03 3.149547613191127152e-03 -4.875517714646290281e-03 5.002923802741345016e-03 -5.249850103974270041e+02
-2.574964614721286793e-03 4.822285258765193240e-03 4.613219128133188955e-03 3.173753554393055412e-03 -4.904096797989128918e-03 5.019109761327068993e-03 -5.295948189898737155e+02
-2.597364871608878831e-03 4.862575015003698861e-03 4.650558713873600807e-03 3.197913618571752558e-03 -4.932608086492543814e-03 5.035261162666535700e-03 -5.342039843960874350e+02
-2.619761823293626814e-03 4.902828940555125671e-03 4.687842119947657066e-03 3.222027771335870747e-03 -4.961051455143149040e-03 5.051378145450781225e-03 -5.388125063427842178e+02
-2.642155468317291828e-03 4.943047011914435476e-03 4.725069311383193679e-03 3.246095974912843653e-03 -4.989426876043163289e-03 5.067460840747851740e-03 -5.434203845598810858e+02
-2.664545805184953802e-03 4.983229205441935643e-03 4.762240256090673023e-03 3.270118200993597877e-03 -5.017734278505813286e-03 5.083509501984636962e-03 -5.480276187687516085e+02
-2.686932832446517917e-03 5.023375497141989096e-03 4.799354925958176053e-03 3.294094418285515614e-03 -5.045973796602445070e-03 5.099523970391947256e-03 -5.526342087000405172e+02
-2.709316548624148523e-03 5.063485862883047514e-03 4.836413297835144044e-03 3.318024611431619458e-03 -5.074145470397614481e-03 5.115503706616565151e-03 -5.572401540773593069e+02
-2.731696952265290964e-03 5.103560278449534304e-03 4.873415348446047055e-03 3.341908765164261583e-03 -5.102249454892062060e-03 5.131448678537474731e-03 -5.618454546282774800e+02
-2.754074041911279153e-03 5.143598719719756109e-03 4.910361059190333430e-03 3.365746878907049759e-03 -5.130285904392912176e-03 5.147358506889074432e-03 -5.664501100781569676e+02
-2.776447816103413176e-03 5.183601162541272463e-03 4.947250410768604285e-03 3.389538946046931865e-03 -5.158254964780240211e-03 5.163232848277818886e-03 -5.710541201521983794e+02
-2.798821024873381514e-03 5.223597612973873011e-03 4.983140202707757316e-03 3.426566693883953147e-03 -5.286878316155184561e-03 5.443048401781661570e-03 -5.756574268264164402e+02
-2.821188163779722938e-03 5.263527986415661442e-03 5.019916774978048016e-03 3.450266634525677670e-03 -5.314712884532172416e-03 5.458850826259422327e-03 -5.802601453269736567e+02
-2.843557402754087055e-03 5.303494010355992716e-03 5.053814533200212504e-03 3.502030433263030648e-03 -5.553559144476275140e-03 6.005240562493699419e-03 -5.848621021284020571e+02
-2.865917900470517539e-03 5.343352217249405095e-03 5.090478224025262594e-03 3.525638225124189899e-03 -5.581259750137983720e-03 6.020970088965200279e-03 -5.894635279533035828e+02
-2.888275075379464433e-03 5.383174304455422797e-03 5.127085426382143110e-03 3.549199934468566606e-03 -5.608893485177712454e-03 6.036662921874254815e-03 -5.940643070296436008e+02
-2.910628925977188763e-03 5.422960247730495079e-03 5.163636105857318664e-03 3.572715525967956867e-03 -5.636460145534320960e-03 6.052318747733161954e-03 -5.986644390784605321e+02
-2.932982158936062438e-03 5.462756211770472721e-03 5.198279020770377699e-03 3.609754035879675707e-03 -5.796217392621092097e-03 6.285843486527163335e-03 -6.032638660732081917e+02
-2.955329356441222487e-03 5.502469794995455167e-03 5.234716523941842538e-03 3.633177367522328130e-03 -5.823649923467652360e-03 6.301426468793462111e-03 -6.078627032372638723e+02
-2.977673225164296188e-03 5.542147161972234108e-03 5.271097372655836506e-03 3.656554534888989232e-03 -5.851015055100584027e-03 6.316973165455963199e-03 -6.124608925450233983e+02
-3.000013763595949217e-03 5.581788288796549896e-03 5.307421523073226760e-03 3.679885517814686022e-03 -5.878312525674490169e-03 6.332483994293773913e-03 -6.170584337165151965e+02
-3.022350970246073625e-03 5.621393151553313004e-03 5.343688932898736643e-03 3.703170280674145803e-03 -5.905542098811319106e-03 6.347959356419393372e-03 -6.216553264745328988e+02
-3.044684843618551077e-03 5.660961726176003822e-03 5.379899558906561276e-03 3.726408793939117205e-03 -5.932703479337515101e-03 6.363399312005945004e-03 -6.262515705411373119e+02
-3.067018200546491220e-03 5.700500830863584369e-03 5.416055642626698731e-03 3.760877563212417386e-03 -6.050093586099257979e-03 6.642103532772846569e-03 -6.308471078865549089e+02
-3.089345402849389549e-03 5.739996756774559498e-03 5.452152568537973684e-03 3.784023461819874517e-03 -6.077118251980115869e-03 6.657473630414504143e-03 -6.354420537338107806e+02
-3.111669267352663946e-03 5.779456322189155219e-03 5.488192589742723650e-03 3.807122994241012026e-03 -6.104074440258727176e-03 6.672809144212530838e-03 -6.400363500516139084e+02
-3.133989792560369983e-03 5.818879502680001682e-03 5.524175678922752311e-03 3.830176116664216288e-03 -6.130962117477376135e-03 6.688110108684901071e-03 -6.446299965626053563e+02
-3.156306976969192393e-03 5.858266273604081226e-03 5.560101812231046763e-03 3.853182799468283376e-03 -6.157781405036964230e-03 6.703376480342503226e-03 -6.492229929875720700e+02
-3.178620819070508523e-03 5.897616610135147756e-03 5.595970967235744213e-03 3.876143016211763565e-03 -6.184532387721418736e-03 6.718608146422279728e-03 -6.538153390456240004e+02
-3.200931317370887125e-03 5.936930487291483191e-03 5.631783123840386311e-03 3.899056758675536159e-03 -6.211215297673853414e-03 6.733805242931608682e-03 -6.584070344580225083e+02
-3.223238470372655554e-03 5.976207880144568212e-03 5.667538261027845782e-03 3.921924016100055560e-03 -6.237830446026037048e-03 6.748967299026766703e-03 -6.629980789445414757e+02
-3.245542276588002199e-03 6.015448763907755257e-03 5.703236363859018852e-03 3.944744767079569163e-03 -6.264378073362833303e-03 6.764094264868270555e-03 -6.675884722269951226e+02
-3.267842734521784077e-03 6.054653113840830977e-03 5.738877415193453270e-03 3.967519006535668788e-03 -6.290858384690406133e-03 6.779185549004343794e-03 -6.721782140251401643e+02
-3.290139842668430344e-03 6.093820905181143374e-03 5.774461391554321782e-03 3.990246712449098225e-03 -6.317271573740314977e-03 6.794241077536548705e-03 -6.767673040565557585e+02
-3.312433599531724223e-03 6.132952113023054999e-03 5.809988264317856969e-03 4.012927882973204435e-03 -6.343617711461075129e-03 6.809260444488663896e-03 -6.813557420416564128e+02
-3.334724003596598561e-03 6.172046712420782566e-03 5.845457998244542666e-03 4.035562515865257112e-03 -6.369896952104366593e-03 6.824243098514934727e-03 -6.859435276978485945e+02
-3.357011053352369854e-03 6.211104678412326593e-03 5.880870554201476225e-03 4.058150601325065214e-03 -6.396109140105374867e-03 6.839189085727397262e-03 -6.905306607446968883e+02
-3.379297411214305952e-03 6.250186680603137673e-03 5.914233543010430534e-03 4.087861940772960327e-03 -6.604624848180050412e-03 7.069488663983598646e-03 -6.951170831496547180e+02
-3.401577747782046600e-03 6.289171305325992438e-03 5.949531626868000307e-03 4.110356930452684424e-03 -6.630702223073352795e-03 7.084360788053831008e-03 -6.997029101278053531e+02
-3.423854725495204757e-03 6.328119222323302234e-03 5.984772406576489671e-03 4.132805368856302952e-03 -6.656711969660822174e-03 7.099196270841753864e-03 -7.042880836505389652e+02
-3.446128342808225074e-03 6.367030406883840074e-03 6.019955836705684349e-03 4.155207223495602405e-03 -6.682653777345611695e-03 7.113995053237886883e-03 -7.088726034306881729e+02
-3.468398598194626353e-03 6.405904834394479316e-03 6.055081872226922984e-03 4.177562468614501485e-03 -6.708527327805442232e-03 7.128757713577960932e-03 -7.134564691858186052e+02
-3.490665490119707840e-03 6.444742480294927793e-03 6.090150470404597123e-03 4.199871073184345723e-03 -6.734332406915166484e-03 7.143484264050270656e-03 -7.180396806314623745e+02
-3.512929017059549658e-03 6.483543319851264863e-03 6.125161587115801783e-03 4.222132992573960492e-03 -6.760068899208002483e-03 7.158175504944874236e-03 -7.226222374856229180e+02
-3.535189177457043631e-03 6.522307328316959314e-03 6.160115180442224392e-03 4.244348170769214959e-03 -6.785736636906886284e-03 7.172831360358926031e-03 -7.272041394606034146e+02
-3.557445969786735950e-03 6.561034480793468716e-03 6.195011211431770796e-03 4.266516565807842998e-03 -6.811335593978605843e-03 7.187452618241272836e-03 -7.317853862751957195e+02
-3.579699392498083069e-03 6.599724752350105347e-03 6.229849648059069926e-03 4.288638139992678039e-03 -6.836865819458325978e-03 7.202039305018191617e-03 -7.363659776431140926e+02
-3.601949444054058404e-03 6.638378117915747813e-03 6.264630463870183782e-03 4.310712850319714344e-03 -6.862327300716183388e-03 7.216591456569510996e-03 -7.409459132810255824e+02
-3.624196122899503610e-03 6.676994552270063346e-03 6.299353635397626598e-03 4.332740664993660687e-03 -6.887720371375061733e-03 7.231109318305682480e-03 -7.455251929004514295e+02
-3.646439427522111913e-03 6.715574029849062654e-03 6.334019140338105480e-03 4.354721561361586321e-03 -6.913045206122915218e-03 7.245592712394864805e-03 -7.501038162201444948e+02
-3.668679356382730829e-03 6.754116525079487815e-03 6.368626958563330769e-03 4.376655520450552575e-03 -6.938302179591417616e-03 7.260041723107285051e-03 -7.546817829519583256e+02
-3.690915907960468003e-03 6.792622012340156570e-03 6.403177071074892847e-03 4.398542523444784989e-03 -6.963491464275080658e-03 7.274455585609570368e-03 -7.592590928107233594e+02
-3.713149080726860316e-03 6.831090466176441799e-03 6.437669457071491796e-03 4.420382554515604051e-03 -6.988613243160198864e-03 7.288834275943738457e-03 -7.638357455099503568e+02
-3.735378873169730666e-03 6.869521861157937455e-03 6.472104092636642506e-03 4.442175618628183865e-03 -7.013667464823674681e-03 7.303177248969619333e-03 -7.684117407665434030e+02
-3.757608099489574954e-03 6.907931679688296064e-03 6.506313458716466401e-03 4.475494111488139033e-03 -7.121321803088221693e-03 7.571294319764545686e-03 -7.729870205401731482e+02
-3.779831126671451529e-03 6.946288880351341420e-03 6.540632505007096253e-03 4.497193269490187134e-03 -7.146241009442470468e-03 7.585564783925129173e-03 -7.775617000447778082e+02
-3.802050768921511927e-03 6.984608945451464303e-03 6.574893704785208549e-03 4.518845478617690252e-03 -7.171092682796218441e-03 7.599798290412206059e-03 -7.821357212429430774e+02
-3.824267024682476666e-03 7.022891849465435349e-03 6.609097023398349639e-03 4.540450722561795681e-03 -7.195876631715930789e-03 7.613994771856099665e-03 -7.867090838450482124e+02
-3.846479892415272193e-03 7.061137566969580975e-03 6.643242420747283092e-03 4.562008997333145965e-03 -7.220592746135195798e-03 7.628153825348983966e-03 -7.912817875661844482e+02
-3.868689370547591551e-03 7.099346072565243179e-03 6.677329854736946228e-03 4.583520287007291846e-03 -7.245240908724786405e-03 7.642276088919437715e-03 -7.958538321139573100e+02
-3.890895457528066332e-03 7.137517340734447942e-03 6.711359281310641522e-03 4.604984558975813019e-03 -7.269820822858600456e-03 7.656361402872147517e-03 -8.004252172011124458e+02
-3.913098151793756654e-03 7.175651346068849697e-03 6.745330656720559780e-03 4.626401796880114450e-03 -7.294332321950220549e-03 7.670410194026478813e-03 -8.049959425383407279e+02
-3.935297451767193894e-03 7.213748063286783661e-03 6.779243934269380510e-03 4.647771960291574751e-03 -7.318775226372273811e-03 7.684422706994547755e-03 -8.095660078343547639e+02
-3.957493355893424401e-03 7.251807467067281424e-03 6.813099071531660347e-03 4.669095014750331875e-03 -7.343149539675494601e-03 7.698399554503605226e-03 -8.141354128034828364e+02
-3.979685862579777737e-03 7.289829532094219654e-03 6.846896023444620262e-03 4.690370907399901874e-03 -7.367455154202301286e-03 7.712341388800964675e-03 -8.187041571519558829e+02
-4.001874970257879999e-03 7.327814232915514335e-03 6.880634748695950778e-03 4.711599596000246026e-03 -7.391692074453350657e-03 7.726248295441213824e-03 -8.232722405908605197e+02
-4.024060677355072516e-03 7.365761544028784011e-03 6.914315208480062078e-03 4.732781031731561096e-03 -7.415860287647648569e-03 7.740120592846258703e-03 -8.278396628292614423e+02
-4.046242982298282886e-03 7.403671439834868737e-03 6.947937368241801151e-03 4.753915169520783746e-03 -7.439959863245205682e-03 7.753958447152159948e-03 -8.324064235758601171e+02
-4.068421883529124011e-03 7.441543894487087814e-03 6.981501201141104840e-03 4.775001987477421085e-03 -7.463990847939704770e-03 7.767761769074573754e-03 -8.369725225418591208e+02
-4.090597379475337074e-03 7.479378881917118395e-03 7.015006685645108243e-03 4.796041455282063805e-03 -7.487953367624110290e-03 7.781530459080533181e-03 -8.415379594345395162e+02
-4.112769468570565655e-03 7.517176375813218632e-03 7.048453800289372628e-03 4.817033570157058797e-03 -7.511847460212271385e-03 7.795264337186798113e-03 -8.461027339620122802e+02
-4.134938149252526465e-03 7.554936349844719977e-03 7.081842521099348219e-03 4.837978313682119932e-03 -7.535673256411250416e-03 7.808963430577105583e-03 -8.506668458319398951e+02
-4.157103419985343912e-03 7.592658777639148780e-03 7.115172823229908190e-03 4.858875683190655437e-03 -7.559430791245733659e-03 7.822627107183493383e-03 -8.552302947563865700e+02
-4.179265279184424427e-03 7.630343633086127293e-03 7.148444680798041531e-03 4.879725677884025510e-03 -7.583120217799451702e-03 7.836255098612130918e-03 -8.597930804375976095e+02
-4.201423725301439704e-03 7.667990890104893834e-03 7.181658068852046946e-03 4.900528297506067874e-03 -7.606741502374683717e-03 7.849847060905756208e-03 -8.643552025855691454e+02
-4.223578756775721484e-03 7.705600522561134938e-03 7.214812958226838289e-03 4.921283527206401186e-03 -7.630294790787471235e-03 7.863402651680177075e-03 -8.689166609081480601e+02
-4.245730372026797900e-03 7.743172504206505963e-03 7.247909324058669951e-03 4.941991359586539977e-03 -7.653780116412343092e-03 7.876921759900687783e-03 -8.734774551109605909e+02
-4.267878569458643558e-03 7.780706808809095300e-03 7.280947136818129162e-03 4.962651778613823804e-03 -7.677197415423815327e-03 7.890403865018422169e-03 -8.780375848973104667e+02
-4.290023347509492983e-03 7.818203410094985012e-03 7.313926359065654054e-03 4.983264769721983470e-03 -7.700546613920999928e-03 7.903849023288719161e-03 -8.825970499783900323e+02
-4.312164704565451395e-03 7.855662281864878027e-03 7.346846948465947033e-03 5.003830309771256299e-03 -7.723827763594749013e-03 7.917257180727176741e-03 -8.871558500553451267e+02
-4.334305524895450124e-03 7.893078839540443661e-03 7.380028731231154902e-03 5.034288850355343042e-03 -7.826839248874176841e-03 8.171687968081807821e-03 -8.917139270840846166e+02
-4.356440035189650291e-03 7.930462173875182583e-03 7.412831919108275533e-03 5.054759438425500580e-03 -7.849983926433365400e-03 8.185022724933415511e-03 -8.962713962700674983e+02
-4.378571119712337638e-03 7.967807700521486666e-03 7.445576334409265661e-03 5.075182509282953613e-03 -7.873060223931315632e-03 8.198321433699013935e-03 -9.008281995689810628e+02
-4.400698776854588233e-03 8.005115393544306665e-03 7.478261930647148691e-03 5.095558028428214675e-03 -7.896067932181435878e-03 8.211584135369629639e-03 -9.053843366834090602e+02
-4.422823005012963340e-03 8.042385227013228513e-03 7.510888663584207835e-03 5.115885964199805638e-03 -7.919007114773850622e-03 8.224811417966059607e-03 -9.099398073175516402e+02
-4.444943802585483994e-03 8.079617174895536297e-03 7.543456488434623075e-03 5.136166270206804149e-03 -7.941877539397332320e-03 8.238003307051607049e-03 -9.144946111753769173e+02
-4.467061167960413408e-03 8.116811210842995658e-03 7.575965365232042135e-03 5.156398919974399149e-03 -7.964679055332544652e-03 8.251160006967347277e-03 -9.190487479588298356e+02
-4.489177807692953763e-03 8.154001584451765761e-03 7.606982861293488767e-03 5.190298626356617921e-03 -8.080205067066061064e-03 8.497892197496696026e-03 -9.236021596256576913e+02
-4.511288303884133585e-03 8.191119716849368237e-03 7.639373729525484810e-03 5.210435844544589884e-03 -8.102868372015891232e-03 8.510978892189562453e-03 -9.281549613740450013e+02
-4.533395363084250125e-03 8.228199857570542633e-03 7.671705548034953373e-03 5.230525324058423083e-03 -8.125462678443228642e-03 8.524030758161873708e-03 -9.327070951584169052e+02
-4.555498983692227340e-03 8.265241979900615071e-03 7.703978294563012218e-03 5.250567051640524577e-03 -8.147987979239027304e-03 8.537047980475146250e-03 -9.372585606811928756e+02
-4.577599164099116144e-03 8.302246057004988508e-03 7.736191944441144115e-03 5.270561001441441580e-03 -8.170444308381081752e-03 8.550030064225841789e-03 -9.418093576426578011e+02
-4.599695902724645034e-03 8.339212061884608909e-03 7.768346473184379458e-03 5.290507151056282782e-03 -8.192831987350603432e-03 8.562977015745362741e-03 -9.463594857491477796e+02
-4.621789197949868581e-03 8.376139967484807006e-03 7.800441862646317198e-03 5.310405482797639354e-03 -8.215151061604322735e-03 8.575888736538408649e-03 -9.509089446978875912e+02
-4.643879048181436334e-03 8.413029746899355552e-03 7.832478091331912876e-03 5.330255985237460081e-03 -8.237401798149697474e-03 8.588764753544520653e-03 -9.554577341916177602e+02
-4.665965451816769978e-03 8.449881373353368419e-03 7.864455134042295723e-03 5.350058627806578843e-03 -8.259584157854552716e-03 8.601604892146064163e-03 -9.600058539308831769e+02
-4.688048407248629132e-03 8.486694819956386998e-03 7.896372964176664316e-03 5.369813394237851756e-03 -8.281698458749162453e-03 8.614408962197887820e-03 -9.645533036155109130e+02
-4.710127912874845744e-03 8.523470059770998919e-03 7.928231553761704020e-03 5.389520273861217632e-03 -8.303744606654344870e-03 8.627176462442608801e-03 -9.691000829476861327e+02
-4.732203967069502533e-03 8.560207065884431823e-03 7.960030863996664027e-03 5.409179261162483203e-03 -8.325722694283815145e-03 8.639907331052271156e-03 -9.736461916254652351e+02
-4.754276568206027356e-03 8.596905811434314010e-03 7.991770849325063875e-03 5.428790343772566147e-03 -8.347632708884644356e-03 8.652601264678738344e-03 -9.781916293478582247e+02
-4.776345714656095136e-03 8.633566269671001311e-03 8.023451462818294994e-03 5.448353495753294716e-03 -8.369474516147426893e-03 8.665258399068585804e-03 -9.827363958132975768e+02
-4.798411404813773470e-03 8.670188413731655386e-03 8.055072657372909506e-03 5.467868712384297246e-03 -8.391247973216954190e-03 8.677878805882067656e-03 -9.872804907244457127e+02
-4.820473637022316439e-03 8.706772216872028791e-03 8.086634388919981820e-03 5.487335980664565481e-03 -8.412952897318831669e-03 8.690462218350696391e-03 -9.918239137744031950e+02
-4.842532409660894703e-03 8.743317652221494277e-03 8.118136608689121431e-03 5.506755284788948830e-03 -8.434589160471909347e-03 8.703009144101735151e-03 -9.963666646641257785e+02
-4.864587721097079695e-03 8.779824692942085965e-03 8.149579271293191582e-03 5.526126589598895009e-03 -8.456156467196312282e-03 8.715519888102613716e-03 -1.000908743092390182e+03
-4.886639569689222792e-03 8.816293312181353037e-03 8.180962332646125879e-03 5.545449868670741279e-03 -8.477654665927309222e-03 8.727994814460115006e-03 -1.005450148755757482e+03
-4.908687953789805936e-03 8.852723483046043979e-03 8.212285748470431190e-03 5.564725082787964384e-03 -8.499083529238022489e-03 8.740434585212479221e-03 -1.009990881348618018e+03
-4.930732871786290029e-03 8.889115178313413898e-03 8.243549472619895666e-03 5.583952206749524284e-03 -8.520443032118218615e-03 8.752838944693662471e-03 -1.014530940572957206e+03
-4.952774322017702499e-03 8.925468370739387744e-03 8.274753464549410367e-03 5.603131200468313734e-03 -8.541733042853938418e-03 8.765208318306915575e-03 -1.019070326121887661e+03
-4.974812302842811923e-03 8.961783032995414636e-03 8.305897696131500987e-03 5.622262038619027513e-03 -8.562953633169724868e-03 8.777542863357358852e-03 -1.023609037692470224e+03
-4.996849526468053436e-03 8.998099996776458970e-03 8.335296215481614174e-03 5.655152930212344747e-03 -8.671600647731701403e-03 9.016463240699433210e-03 -1.028147017230490746e+03
-5.018880563565984547e-03 9.034337516814277061e-03 8.366320871688389879e-03 5.674187351275498080e-03 -8.692682777256745263e-03 9.028728214019557038e-03 -1.032684379934769140e+03
-5.040908126333675486e-03 9.070536424531750602e-03 8.397285711008005069e-03 5.693173515556341699e-03 -8.713696075586212578e-03 9.040958435485019554e-03 -1.037221067746766266e+03
-5.062932213145678213e-03 9.106696692160829582e-03 8.428190709807334771e-03 5.712111394323021903e-03 -8.734640743118204237e-03 9.053153923650003251e-03 -1.041757080362999432e+03
-5.084952822370276265e-03 9.142818292083406545e-03 8.459035845479781837e-03 5.731000963941244516e-03 -8.755516726348921627e-03 9.065313893592934213e-03 -1.046292417478536208e+03
-5.106972611128643771e-03 9.178959360332781398e-03 8.487974815188301103e-03 5.756515119173064021e-03 -8.936107764111866220e-03 9.259130698031341894e-03 -1.050827021036520136e+03
-5.128986260268503239e-03 9.215003541957294403e-03 8.518700134006539082e-03 5.775308030992062046e-03 -8.956846929346886851e-03 9.271219059685987737e-03 -1.055361006233925082e+03
-5.150996426893842024e-03 9.251008973026969562e-03 8.549365494168808047e-03 5.794052592712107749e-03 -8.977517828484521401e-03 9.283271016644157464e-03 -1.059894315011367780e+03
-5.173003109362021845e-03 9.286975625949499963e-03 8.579970861800283177e-03 5.812748808329761159e-03 -8.998120359716598599e-03 9.295286083154798845e-03 -1.064426947064318483e+03
-5.195006306016295913e-03 9.322903473031593502e-03 8.610516195618776736e-03 5.831396673235498575e-03 -9.018654472006087941e-03 9.307264089312044728e-03 -1.068958902085898217e+03
-5.217006015186943443e-03 9.358792486537819907e-03 8.641001451510449405e-03 5.849996171204878068e-03 -9.039120067102775907e-03 9.319204764322720769e-03 -1.073490179766913116e+03
-5.239002235225957184e-03 9.394642638636867271e-03 8.671426582158492727e-03 5.868547297723803943e-03 -9.059517018325012952e-03 9.331108373297246697e-03 -1.078020779802450534e+03
-5.260994964459884959e-03 9.430453901705299069e-03 8.701791543207512344e-03 5.887050062169675232e-03 -9.079845162083282142e-03 9.342974831080506914e-03 -1.082550701881951454e+03
-5.282984201228479310e-03 9.466226248226324372e-03 8.732096282573964183e-03 5.905504434662210526e-03 -9.100104197593546912e-03 9.354804442713329088e-03 -1.087079945698865004e+03
-5.304969943854303399e-03 9.501959650734644047e-03 8.762340753412117822e-03 5.923910381543552942e-03 -9.120293923008464601e-03 9.366598222518342579e-03 -1.091608510944444788e+03
-5.326952190648663772e-03 9.537654081602679051e-03 8.792524908777153703e-03 5.942267888134157572e-03 -9.140414453317717916e-03 9.378355946714421812e-03 -1.096136397307696598e+03
-5.348930939958395844e-03 9.573309512911095873e-03 8.822648703176325102e-03 5.960576913485830797e-03 -9.160465468145544479e-03 9.390078140444917468e-03 -1.100663604484522011e+03
-5.370906190089639286e-03 9.608925916834883119e-03 8.852712099859640082e-03 5.978837422176840229e-03 -9.180447127929061008e-03 9.401765414208724039e-03 -1.105190132161089196e+03
-5.392877939374750643e-03 9.644503265624571400e-03 8.882715059771497876e-03 5.997049372203206580e-03 -9.200359212906166623e-03 9.413417659098343923e-03 -1.109715980028899594e+03
-5.414846186132899093e-03 9.680041531516072814e-03 8.912657553922556306e-03 6.015212720325141364e-03 -9.220201927056742922e-03 9.425035155542630869e-03 -1.114241147777011520e+03
-5.436810928693453990e-03 9.715540686667582110e-03 8.942539554202709115e-03 6.033327412388086140e-03 -9.239975229676814991e-03 9.436617889964204337e-03 -1.118765635096038068e+03
-5.458772165372871403e-03 9.751000703190005475e-03 8.972361039781086289e-03 6.051393416549035245e-03 -9.259679399940698441e-03 9.448166141699713624e-03 -1.123289441673274268e+03
-5.480729894511765163e-03 9.786421552901101648e-03 9.002121989609758804e-03 6.069410700621005565e-03 -9.279314272411817374e-03 9.459679375024801495e-03 -1.127812567200277499e+03
-5.502684114424682277e-03 9.821803207308049677e-03 9.031822378966681067e-03 6.087379250805806212e-03 -9.298880116722236730e-03 9.471157689085697370e-03 -1.132335011362783462e+03
-5.524634823448191200e-03 9.857145637877194957e-03 9.061462182112850136e-03 6.105299033505200146e-03 -9.318377064128054513e-03 9.482600713737554185e-03 -1.136856773851601929e+03
-5.546582019899887715e-03 9.892448816111776982e-03 9.091041367565812215e-03 6.123170057008284206e-03 -9.337805160649539915e-03 9.494007937268594821e-03 -1.141377854353217572e+03
-5.568525702105266671e-03 9.927712713374460193e-03 9.120559901120445928e-03 6.140992300032928689e-03 -9.357164541172939207e-03 9.505379014093226150e-03 -1.145898252555886074e+03
-5.590465868378611397e-03 9.962937301166565479e-03 9.150017751198313495e-03 6.158765739236841084e-03 -9.376455257468885307e-03 9.516713050143543393e-03 -1.150417968146263775e+03
-5.612402517039515211e-03 9.998122551025426588e-03 9.179414880872229648e-03 6.176490382397090313e-03 -9.395677059541553827e-03 9.528010750226635975e-03 -1.154937000811980852e+03
-5.634335646391441972e-03 1.003326843449372022e-02 9.208751255126493979e-03 6.194166227163453060e-03 -9.414830171277845106e-03 9.539271099321643133e-03 -1.159455350238371693e+03
-5.656265254746574260e-03 1.006837492296125056e-02 9.238026827805886215e-03 6.211793276738212383e-03 -9.433914398459967987e-03 9.550494231535923764e-03 -1.163973016114022130e+03
-5.678191340386642451e-03 1.010344198783678926e-02 9.267241552528308543e-03 6.229371524260505708e-03 -9.452929752790967255e-03 9.561680673540459002e-03 -1.168489998121782719e+03
-5.700113901618474033e-03 1.013846960068490004e-02 9.296395378655125316e-03 6.246900953900298703e-03 -9.471876055799400423e-03 9.572830050040150029e-03 -1.173006295949701098e+03
-5.722032936740778855e-03 1.017345773331268868e-02 9.325488261867216980e-03 6.264381555881956207e-03 -9.490753304473959276e-03 9.583942899958166825e-03 -1.177521909283407240e+03
-5.743948444041683220e-03 1.020840635744366641e-02 9.354520152404509001e-03 6.281813289834643939e-03 -9.509561300064195422e-03 9.595019796167978537e-03 -1.182036837806164385e+03
-5.765860421811905973e-03 1.024331544466356922e-02 9.383491006563502226e-03 6.299196130820842836e-03 -9.528299958750836157e-03 9.606061059468481295e-03 -1.186551081201392435e+03
-5.787768868352175314e-03 1.027818496649077901e-02 9.412400782334361810e-03 6.316530052095506616e-03 -9.546969267050061519e-03 9.617066573764796594e-03 -1.191064639154748875e+03
-5.809673781956235447e-03 1.031301489460055738e-02 9.441249440285294850e-03 6.333815026454648819e-03 -9.565569097941570981e-03 9.628036865160057717e-03 -1.195577511350503983e+03
-5.831575160912226552e-03 1.034780520079926942e-02 9.470036939407223270e-03 6.351050990919982799e-03 -9.584099310712745901e-03 9.638972090797819775e-03 -1.200089697471516274e+03
-5.853473003506639086e-03 1.038255585670167305e-02 9.498763246141571012e-03 6.368237899199642379e-03 -9.602559703653451573e-03 9.649872160380362079e-03 -1.204601197201210198e+03
-5.875367308006556287e-03 1.041726683362699524e-02 9.527428328884255879e-03 6.385375692984520887e-03 -9.620950617318300285e-03 9.660737313381252342e-03 -1.209112010219454305e+03
-5.897261110411074377e-03 1.045190862630721376e-02 9.556610796044362477e-03 6.410017696289831840e-03 -9.704413688104974317e-03 9.870360354415639095e-03 -1.213622078461474075e+03
-5.919148333591718429e-03 1.048654015853593344e-02 9.585153357344430858e-03 6.427057183371194006e-03 -9.722665377431128145e-03 9.881155121092607269e-03 -1.218131517109275819e+03
-5.941032013543607812e-03 1.052113192469456351e-02 9.613634626414763185e-03 6.444047488548264833e-03 -9.740847649691955143e-03 9.891914900505179020e-03 -1.222640268095702140e+03
-5.962912148544957484e-03 1.055568389537794513e-02 9.642054573909755386e-03 6.460988598929106805e-03 -9.758960764120762008e-03 9.902639318183886763e-03 -1.227148331100694122e+03
-5.984788736880522313e-03 1.059019604102837131e-02 9.670413172951879480e-03 6.477880491338911494e-03 -9.777004617930840774e-03 9.913327767732729376e-03 -1.231655705805171010e+03
-6.006661776833379686e-03 1.062466833208916724e-02 9.698710388080598183e-03 6.494723157505303060e-03 -9.794979447403514075e-03 9.923980731891851592e-03 -1.236162391890490653e+03
-6.028531266682078497e-03 1.065910073912006845e-02 9.726946177723282475e-03 6.511516574553277530e-03 -9.812885170538824739e-03 9.934597084236551634e-03 -1.240668389038776468e+03
-6.050397204695780184e-03 1.069349323279111461e-02 9.755120509202224593e-03 6.528260744417929348e-03 -9.830722101797225235e-03 9.945176656258747014e-03 -1.245173696929725793e+03
-6.072256843052977089e-03 1.072783107871870707e-02 9.785803696341384764e-03 6.538101726860869392e-03 -9.940872449362292071e-03 1.014773522843859070e-02 -1.249678372990285879e+03
-6.094115672219856811e-03 1.076214365784277337e-02 9.813854988995727655e-03 6.554747405980864035e-03 -9.958571421706530202e-03 1.015824190792735497e-02 -1.254182301404865257e+03
-6.115970944364283041e-03 1.079641623591695056e-02 9.841844690023870273e-03 6.571343831973285726e-03 -9.976201273506244208e-03 1.016871126814133768e-02 -1.258685539598365267e+03
-6.137822657756693973e-03 1.083064878386216963e-02 9.869772755109697607e-03 6.587890984427339884e-03 -9.993762071578451284e-03 1.017914442672314228e-02 -1.263188087250674698e+03
-6.159670810655428971e-03 1.086484127271672082e-02 9.897639133723956997e-03 6.604388857657569195e-03 -1.001125362107023464e-02 1.018954077597510402e-02 -1.267689944039222610e+03
-6.181515401337200726e-03 1.089899367335835090e-02 9.925443780472440955e-03 6.620837419069964570e-03 -1.002867575131197522e-02 1.019990081886938335e-02 -1.272191109644579683e+03
-6.203356428040039325e-03 1.093310595663771895e-02 9.953186655175692496e-03 6.637236639600281075e-03 -1.004602823651203243e-02 1.021022463277033478e-02 -1.276691583740446731e+03
-6.225193889031440005e-03 1.096717809343348941e-02 9.980867715171055227e-03 6.653586492861714510e-03 -1.006331119887104303e-02 1.022051281889380103e-02 -1.281191366007387842e+03
-6.247027782556041284e-03 1.100121005468710986e-02 1.000848691908906747e-02 6.669886922540353875e-03 -1.008052442179301067e-02 1.023076511519243302e-02 -1.285690456121770694e+03
-6.268858106859139141e-03 1.103520181140775665e-02 1.003604422717502102e-02 6.686137892600952336e-03 -1.009766787358332488e-02 1.024098189933907860e-02 -1.290188853760336315e+03
-6.290684860163690655e-03 1.106915333446146371e-02 1.006353960080549198e-02 6.702339339361250772e-03 -1.011474131251704177e-02 1.025116313726203050e-02 -1.294686558595746646e+03
-6.312510722142065239e-03 1.110309683278494497e-02 1.008946868405318116e-02 6.731773338179602301e-03 -1.019889044859833595e-02 1.045567909243655391e-02 -1.299183512559895235e+03
-6.334332976032962595e-03 1.113702982604663355e-02 1.011444685505810855e-02 6.754702878971592141e-03 -1.037319631413331604e-02 1.062441877824630426e-02 -1.303679773074110017e+03
-6.356149005822897893e-03 1.117086046973635345e-02 1.014175626552898252e-02 6.770755546722800541e-03 -1.039006029980845888e-02 1.063449468179298446e-02 -1.308175397564115428e+03
-6.377964192590862384e-03 1.120467986969969111e-02 1.016782742140794407e-02 6.799353117108119376e-03 -1.047448527982695367e-02 1.083288639318627164e-02 -1.312670270206098166e+03
-6.399773064573476000e-03 1.123842977672611342e-02 1.019501273773316258e-02 6.815306530534022238e-03 -1.049121054789746953e-02 1.084289265512209874e-02 -1.317164506174937060e+03
-6.421578355019193565e-03 1.127213926994618046e-02 1.022213595256962239e-02 6.831210287871740221e-03 -1.050786632237402270e-02 1.085286314253510430e-02 -1.321658047394290406e+03
-6.443380062173351824e-03 1.130580831902930350e-02 1.024919702935113246e-02 6.847064382416661633e-03 -1.052445283369455101e-02 1.086279814754120485e-02 -1.326150893537446791e+03
-6.465178184281269308e-03 1.133943689378283902e-02 1.027619592936616054e-02 6.862868792708296840e-03 -1.054097028380828437e-02 1.087269748101171371e-02 -1.330643044277906711e+03
-6.486972719582319649e-03 1.137302496402638717e-02 1.030313260668177383e-02 6.878623523444005530e-03 -1.055741823702613727e-02 1.088256027705166405e-02 -1.335134499287964672e+03
-6.508763666335483193e-03 1.140657249971428755e-02 1.033000702101881732e-02 6.894328553285732249e-03 -1.057379696531486092e-02 1.089238623210855676e-02 -1.339625258243673670e+03
-6.530551022763644159e-03 1.144007947101860836e-02 1.035681913130792782e-02 6.909983878306591269e-03 -1.059010647062639046e-02 1.090217572434658104e-02 -1.344115320814150664e+03
-6.552337809525384318e-03 1.147351810307755370e-02 1.038399128048613125e-02 6.933248699128580043e-03 -1.067021942619806631e-02 1.109014438400019419e-02 -1.348604628922100346e+03
-6.574117979989776810e-03 1.150694385577366238e-02 1.041067864975318315e-02 6.948804553660373022e-03 -1.068638999794532980e-02 1.109985976979071913e-02 -1.353093297739042100e+03
-6.595894554811044044e-03 1.154032895418920061e-02 1.043730358369062902e-02 6.964310657544383124e-03 -1.070249115101819942e-02 1.110953819840763968e-02 -1.357581269186519876e+03
-6.617670404852711227e-03 1.157367702617483063e-02 1.046389688746214401e-02 6.989668664610731129e-03 -1.077507231982366941e-02 1.130590368995357600e-02 -1.362068485186600356e+03
-6.639442552635893384e-03 1.160700950403252552e-02 1.048934562514386264e-02 7.017331099832224868e-03 -1.085651342200060626e-02 1.149203900772518411e-02 -1.366555003159115358e+03
-6.661208329799156794e-03 1.164027246064187199e-02 1.051578297741331651e-02 7.032687749199724968e-03 -1.087240551636766729e-02 1.150160798542836788e-02 -1.371040880523638407e+03
-6.682973423245079647e-03 1.167348488985639650e-02 1.054243169327137748e-02 7.056910879974606643e-03 -1.094521959509200774e-02 1.169365310198699180e-02 -1.375526001449147316e+03
-6.704731993011067703e-03 1.170666626901735452e-02 1.056874379884397211e-02 7.072167765430888674e-03 -1.096097230329942142e-02 1.170315168526981676e-02 -1.380010481109776947e+03
-6.726486956355913135e-03 1.173980681430423535e-02 1.059499323057636576e-02 7.087374677778213346e-03 -1.097665522610037636e-02 1.171261513084601025e-02 -1.384494261418830320e+03
-6.748238311500467934e-03 1.177290649524616144e-02 1.062117996082403114e-02 7.102531578253203602e-03 -1.099226813678716615e-02 1.172204304047248964e-02 -1.388977342049402523e+03
-6.769988777111130007e-03 1.180599970010721457e-02 1.064583396264373767e-02 7.130546774314194987e-03 -1.107152530088723573e-02 1.191013458939547964e-02 -1.393459664918546878e+03
-6.791732910450425098e-03 1.183901756009656490e-02 1.067189518618112329e-02 7.145603587661727811e-03 -1.108699847540029794e-02 1.191949282372744764e-02 -1.397941345195495842e+03
-6.813473430181899229e-03 1.187199446351495762e-02 1.069789360967374897e-02 7.160610352069698460e-03 -1.110240181193042526e-02 1.192881643475100263e-02 -1.402422324794105634e+03
-6.835210334532596486e-03 1.190493037932292483e-02 1.072382919648684485e-02 7.175567045095693555e-03 -1.111773528107681645e-02 1.193810449769719048e-02 -1.406902603385161456e+03
-6.856943621702291103e-03 1.193782527636771604e-02 1.074970190980515522e-02 7.190473661358001527e-03 -1.113299905585226658e-02 1.194735768234451989e-02 -1.411382180633168218e+03
-6.878673289903043490e-03 1.197067912342292435e-02 1.077551171127015366e-02 7.205330179447013914e-03 -1.114819304403938220e-02 1.195657523257684547e-02 -1.415861056205486193e+03
-6.900399337335182126e-03 1.200349188931355317e-02 1.080125856197415579e-02 7.220136562723831336e-03 -1.116331739621132663e-02 1.196575689725094815e-02 -1.420339229767011375e+03
-6.922121762218189436e-03 1.203626354294929507e-02 1.082694242013014681e-02 7.234892785501335563e-03 -1.117837206844683913e-02 1.197490193214916128e-02 -1.424816700987091963e+03
-6.943840562731039452e-03 1.206899405348651512e-02 1.085256323918897502e-02 7.249598816088500056e-03 -1.119335729875368078e-02 1.198401074502058843e-02 -1.429293469527092157e+03
-6.965555737078335877e-03 1.210168339018999686e-02 1.087812098247562496e-02 7.264254657324345499e-03 -1.120827308032955848e-02 1.199308220903701899e-02 -1.433769535055117331e+03
-6.987267283444648959e-03 1.213433152237996041e-02 1.090361560488913202e-02 7.278860291014089406e-03 -1.122311936065884669e-02 1.200211710710349586e-02 -1.438244897236676479e+03
-7.008975199998167954e-03 1.216693841933874469e-02 1.092904706315483802e-02 7.293415719186274043e-03 -1.123789628854474434e-02 1.201111510503069524e-02 -1.442719555734714731e+03
-7.030679484904539013e-03 1.219950405025409940e-02 1.095441531380389986e-02 7.307920916821380834e-03 -1.125260358584553692e-02 1.202007620475969464e-02 -1.447193510212140836e+03
-7.052380136344464819e-03 1.223202838432004870e-02 1.097972032197694695e-02 7.322375854676176077e-03 -1.126724151704191698e-02 1.202900069732102707e-02 -1.451666760334778928e+03
-7.074079834818315649e-03 1.226454224274184379e-02 1.100350076629191820e-02 7.348791146772255291e-03 -1.136337193738599233e-02 1.215736196662667648e-02 -1.456139248016049123e+03
-7.095773213827007847e-03 1.229698389053375009e-02 1.102867917842283163e-02 7.363145462159798905e-03 -1.137787048353947061e-02 1.216621408650027034e-02 -1.460611088418018653e+03
-7.117462953892088329e-03 1.232938414908907494e-02 1.105379423265494959e-02 7.377449460326987798e-03 -1.139229925513473782e-02 1.217503063423396904e-02 -1.465082223454913901e+03
-7.139149053152999379e-03 1.236174298760876755e-02 1.107884588677962578e-02 7.391703095740623231e-03 -1.140665808599862323e-02 1.218381166076077000e-02 -1.469552652784064549e+03
-7.160831509803124509e-03 1.239406037523376608e-02 1.110383409711001960e-02 7.405906329461568564e-03 -1.142094698907688763e-02 1.219255734299846267e-02 -1.474022376072305406e+03
-7.182510321996156757e-03 1.242633628085960257e-02 1.112875882286107170e-02 7.420059152993380668e-03 -1.143516538950045680e-02 1.220126777825230116e-02 -1.478491392978260819e+03
-7.204185487891117366e-03 1.245857067284913099e-02 1.115362002823788029e-02 7.434161529186374302e-03 -1.144931350065177093e-02 1.220994324823917836e-02 -1.482959703163041468e+03
-7.225857005652034856e-03 1.249076351951209675e-02 1.117841767647162997e-02 7.448213433741299357e-03 -1.146339125187072899e-02 1.221858401663091301e-02 -1.487427306288575664e+03
-7.247524873424453402e-03 1.252291478907982883e-02 1.120315173793027044e-02 7.462214854641539830e-03 -1.147739865981722666e-02 1.222718964245409629e-02 -1.491894202010882509e+03
-7.269189089384636530e-03 1.255502444952402707e-02 1.122782218200368137e-02 7.476165750968788784e-03 -1.149133589829776612e-02 1.223576022312103384e-02 -1.496360389992001956e+03
-7.290849651705222194e-03 1.258709246867435565e-02 1.125242897546296222e-02 7.490066085168681220e-03 -1.150520313705454684e-02 1.224429570239759721e-02 -1.500825869892575156e+03
-7.312506558553024012e-03 1.261911881439863742e-02 1.127697207683315238e-02 7.503915817033758248e-03 -1.151900049129875314e-02 1.225279563910638102e-02 -1.505290641371992024e+03
-7.334159808070702183e-03 1.265110345476253007e-02 1.130145144116986508e-02 7.517714922585215682e-03 -1.153272818926887044e-02 1.226125958170000939e-02 -1.509754704086494257e+03
-7.355809398416873757e-03 1.268304635789238057e-02 1.132586702333949168e-02 7.531463370320309533e-03 -1.154638627872882177e-02 1.226968788518251544e-02 -1.514218057697065888e+03
-7.377455327726931307e-03 1.271494749203702646e-02 1.135021877955780245e-02 7.545161154938208846e-03 -1.155997490913935298e-02 1.227807920820412312e-02 -1.518680701860703039e+03
-7.399097594150801788e-03 1.274680682552919130e-02 1.137450667121604579e-02 7.558808266137696276e-03 -1.157349420444270423e-02 1.228643383620250766e-02 -1.523142636236548697e+03
-7.420736195828020292e-03 1.277862432673068475e-02 1.139873066656605510e-02 7.572404682044920135e-03 -1.158694409812074770e-02 1.229475202974181745e-02 -1.527603860480962567e+03
-7.442371130897312663e-03 1.281039996394651992e-02 1.142289073396876228e-02 7.585950406166737554e-03 -1.160032451596582082e-02 1.230303302317024838e-02 -1.532064374249858929e+03
-7.464002397511895759e-03 1.284213370551867336e-02 1.144698683384379363e-02 7.599445425827537973e-03 -1.161363544478739331e-02 1.231127732739668336e-02 -1.536524177202034252e+03
-7.485629993807328686e-03 1.287382551989475071e-02 1.147101892078622280e-02 7.612889731734902125e-03 -1.162687660522472750e-02 1.231948494338160408e-02 -1.540983268992373723e+03
-7.507253917915799116e-03 1.290547537547850551e-02 1.149498694641878753e-02 7.626283321830408871e-03 -1.164004780620747984e-02 1.232765570755427198e-02 -1.545441649275192731e+03
-7.528874167976897652e-03 1.293708324063028332e-02 1.151889086593041976e-02 7.639626178863503925e-03 -1.165314917595233583e-02 1.233579083582714113e-02 -1.549899317707338696e+03
-7.550490742118639090e-03 1.296864908381564416e-02 1.154273063176822212e-02 7.652918282363795413e-03 -1.166618007321268587e-02 1.234388958310785739e-02 -1.554356273943782526e+03
-7.572103638459961282e-03 1.300017287340748257e-02 1.156650619814368619e-02 7.666159607944335146e-03 -1.167914068722591785e-02 1.235195301813073535e-02 -1.558812517637671135e+03
-7.593712855124594256e-03 1.303165457746768320e-02 1.159021752615804063e-02 7.679350093832061630e-03 -1.169203077718992956e-02 1.235998124365617415e-02 -1.563268048443148018e+03
-7.615318390234378926e-03 1.306309416375538678e-02 1.161386458003915538e-02 7.692489719661903258e-03 -1.170485023026365812e-02 1.236797433026214608e-02 -1.567722866014393958e+03
-7.636920241891402041e-03 1.309449159984607536e-02 1.163744732440104117e-02 7.705578431868594091e-03 -1.171759904492423662e-02 1.237593260552219930e-02 -1.572176970002698226e+03
-7.658518408218112535e-03 1.312584685305221918e-02 1.166096572380435036e-02 7.718616195336678448e-03 -1.173027740517340947e-02 1.238385625301005946e-02 -1.576630360063944863e+03
-7.680112887305487988e-03 1.315715989057397381e-02 1.168441974869600941e-02 7.731602957165751785e-03 -1.174288534168871530e-02 1.239174493791084068e-02 -1.581083035846563234e+03
-7.701706349328545261e-03 1.318848269188259772e-02 1.170541675885733088e-02 7.754625451770813700e-03 -1.188517927958290289e-02 1.244600800209592212e-02 -1.585534939255792324e+03
-7.723293448301672692e-03 1.321971119867423536e-02 1.172874192652460269e-02 7.767510139160850417e-03 -1.189764752651576232e-02 1.245382683100559364e-02 -1.589986185444152397e+03
-7.744876854385016225e-03 1.325089739067222827e-02 1.175200260433898608e-02 7.780343743733555105e-03 -1.191004611724393557e-02 1.246161087201775632e-02 -1.594436716311542341e+03
-7.766456565699616198e-03 1.328204123503604756e-02 1.177519874895935695e-02 7.793126257785464028e-03 -1.192237503961448598e-02 1.246935901469758100e-02 -1.598886531510050418e+03
-7.788032580354310036e-03 1.331314269903497230e-02 1.179833032127332315e-02 7.805857640928347968e-03 -1.193463439539656050e-02 1.247707118411407225e-02 -1.603335630688957963e+03
-7.809604896472927514e-03 1.334420174991241860e-02 1.182139728898423496e-02 7.818537866300422426e-03 -1.194682413520796634e-02 1.248474645720036406e-02 -1.607784013500676565e+03
-7.831173512167619380e-03 1.337521835520841251e-02 1.184439960375605061e-02 7.831166942983483481e-03 -1.195894399074319547e-02 1.249238426432445342e-02 -1.612231679594800426e+03
-7.852738425532844804e-03 1.340619248257253655e-02 1.186733723048087781e-02 7.843744885479578266e-03 -1.197099418274801853e-02 1.249998531176298514e-02 -1.616678628618294624e+03
-7.874299634676638904e-03 1.343712409950160655e-02 1.189021012818599482e-02 7.856271706385168849e-03 -1.198297442335726631e-02 1.250754944702942191e-02 -1.621124860221969129e+03
-7.895859945236310962e-03 1.346803286027963009e-02 1.191231101574031712e-02 7.879762857871749557e-03 -1.204103916528398259e-02 1.265335440619300145e-02 -1.625570316303095296e+03
-7.917413740227609992e-03 1.349887935858093066e-02 1.193505431495979485e-02 7.892187417963601390e-03 -1.205287938218452953e-02 1.266084477993531694e-02 -1.630015112011536985e+03
-7.938963825283187545e-03 1.352968324867109134e-02 1.195773274317588931e-02 7.904560828027134417e-03 -1.206464940003589351e-02 1.266829874167554361e-02 -1.634459189244794516e+03
-7.960510198474057136e-03 1.356044449803840354e-02 1.198034625814584433e-02 7.916883047865273804e-03 -1.207634896915568863e-02 1.267571660443445915e-02 -1.638902547647446681e+03
-7.982052857906568599e-03 1.359116307407887136e-02 1.200289481438738745e-02 7.929154049727516265e-03 -1.208797823191980550e-02 1.268309876623643570e-02 -1.643345186871957367e+03
-8.003591801633375136e-03 1.362183894414927161e-02 1.202537836950963099e-02 7.941373771315058533e-03 -1.209953702451219137e-02 1.269044591533055773e-02 -1.647787106560086613e+03
-8.025127027728916340e-03 1.365247207532893116e-02 1.204779689098025089e-02 7.953542177668996779e-03 -1.211102531211827489e-02 1.269775803180185798e-02 -1.652228306359495718e+03
-8.046658534245578268e-03 1.368306243458101978e-02 1.207015034004360610e-02 7.965659204406776162e-03 -1.212244314735469279e-02 1.270503566887062029e-02 -1.656668785915025182e+03
-8.068186319246238580e-03 1.371360998846330240e-02 1.209243867710435572e-02 7.977724825847709936e-03 -1.213379060898869648e-02 1.271227859549479457e-02 -1.661108544873940218e+03
-8.089710380776542198e-03 1.374411470314182773e-02 1.211466186778390602e-02 7.989739018551669791e-03 -1.214506782291024239e-02 1.271948709981708843e-02 -1.665547582877938794e+03
-8.111230716932709903e-03 1.377457654453194055e-02 1.213681988318740870e-02 8.001701760668228011e-03 -1.215627492639478544e-02 1.272666077561640866e-02 -1.669985899576054635e+03
-8.132747325778687947e-03 1.380499547870669627e-02 1.215891268783587074e-02 8.013613011371286884e-03 -1.216741191388685632e-02 1.273379981181763793e-02 -1.674423494608404553e+03
-8.154260205423249572e-03 1.383537147182917725e-02 1.218094024258388301e-02 8.025472733815944282e-03 -1.217847878003432832e-02 1.274090350402170072e-02 -1.678860367622943613e+03
-8.175769353927848232e-03 1.386570449026306578e-02 1.220290250371233384e-02 8.037280904076678917e-03 -1.218947564384730876e-02 1.274797201571478515e-02 -1.683296518258149263e+03
-8.197274769381470913e-03 1.389599450032148222e-02 1.222479942468320674e-02 8.049037512353314494e-03 -1.220040239440536856e-02 1.275500349275529750e-02 -1.687731946160574580e+03
-8.218776449841064258e-03 1.392624146836796660e-02 1.224663096045058505e-02 8.060742537963926091e-03 -1.221125913119920636e-02 1.276199903299673512e-02 -1.692166650970507590e+03
-8.240274393376155124e-03 1.395644536077374730e-02 1.226839706395247559e-02 8.072395968356755463e-03 -1.222204589622587906e-02 1.276895751064165141e-02 -1.696600632330909320e+03
-8.261768598039103545e-03 1.398660614414578077e-02 1.229009769462905723e-02 8.083997815513534191e-03 -1.223276241455466436e-02 1.277587876947707500e-02 -1.701033889881908863e+03
-8.283259061914122548e-03 1.401672378487420559e-02 1.231173282049456523e-02 8.095548076520370923e-03 -1.224340887713709983e-02 1.278276317445331892e-02 -1.705466423270385121e+03
-8.304745783026097616e-03 1.404679824943519742e-02 1.233330239684164199e-02 8.107046771253135706e-03 -1.225398543934723243e-02 1.278961118791003236e-02 -1.709898232131090026e+03
-8.326228759437821411e-03 1.407682950422344675e-02 1.235480637886304800e-02 8.118493882318375543e-03 -1.226449176440131371e-02 1.279642164520046303e-02 -1.714329316107478462e+03
-8.347707989193370662e-03 1.410681751562735745e-02 1.237624472186516118e-02 8.129889373126647154e-03 -1.227492809264580341e-02 1.280319651379089284e-02 -1.718759674840167008e+03
-8.369183470317866774e-03 1.413676225019656028e-02 1.239761738087876396e-02 8.141233208334279839e-03 -1.228529444760151877e-02 1.280993556009221886e-02 -1.723189307966905744e+03
-8.390655200853559814e-03 1.416666367439316926e-02 1.241892431113207282e-02 8.152525354763564755e-03 -1.229559048760250906e-02 1.281663892636393520e-02 -1.727618215129549071e+03
-8.412123178814342322e-03 1.419652175476828794e-02 1.244016546551735512e-02 8.163765782359666545e-03 -1.230581638821963766e-02 1.282330689359425201e-02 -1.732046395964194971e+03
-8.433587402237159580e-03 1.422633645766430317e-02 1.246134080515488157e-02 8.174954469402574003e-03 -1.231597188864500328e-02 1.282994006854475295e-02 -1.736473850111628735e+03
-8.455047869144300191e-03 1.425610774921215115e-02 1.248245029484775122e-02 8.186091359904071330e-03 -1.232605696105251204e-02 1.283653817183781631e-02 -1.740900577209617268e+03
-8.476504577549684449e-03 1.428583559534308406e-02 1.250349390095186614e-02 8.197176418175316018e-03 -1.233607126059112040e-02 1.284310130460372332e-02 -1.745326576892827234e+03
-8.497957525494851186e-03 1.431551996146224366e-02 1.252447158777403140e-02 8.208209613075679797e-03 -1.234601495722720960e-02 1.284962995562930789e-02 -1.749751848800603966e+03
-8.519406710996628093e-03 1.434516081279459468e-02 1.254538332443754650e-02 8.219190921826239823e-03 -1.235588810477663245e-02 1.285612388915365924e-02 -1.754176392566819231e+03
-8.540852132097766572e-03 1.437475811444018960e-02 1.256622906384749321e-02 8.230120304072875009e-03 -1.236569063232058167e-02 1.286258317815093012e-02 -1.758600207829789269e+03
-8.562293786833563916e-03 1.440431183145864102e-02 1.258700876400912355e-02 8.240997736475822941e-03 -1.237542276774288019e-02 1.286900696912310349e-02 -1.763023294225088193e+03
-8.583731673224738803e-03 1.443382192901522705e-02 1.260772238132826240e-02 8.251823177065470069e-03 -1.238508464175316903e-02 1.287539511245571963e-02 -1.767445651385458405e+03
-8.605168578060066673e-03 1.446330873003554354e-02 1.262742347658847748e-02 8.273685385728535291e-03 -1.243683954538950948e-02 1.299270265749428999e-02 -1.771867221202461224e+03
-8.626598921866160743e-03 1.449273148454573168e-02 1.264800479683011319e-02 8.284406769736348680e-03 -1.244636063827668504e-02 1.299901887797979411e-02 -1.776288118805048271e+03
-8.648025491404497112e-03 1.452211051563021861e-02 1.266851989699964258e-02 8.295076107778902308e-03 -1.245581164108537989e-02 1.300529907429007204e-02 -1.780708286079225900e+03
-8.669448284682796171e-03 1.455144578863984232e-02 1.268896873655035902e-02 8.305693368448526306e-03 -1.246519260979473201e-02 1.301154264737670006e-02 -1.785127722658177845e+03
-8.690867299718595118e-03 1.458073726890872154e-02 1.270935127766478767e-02 8.316258586603010941e-03 -1.247450355613766854e-02 1.301774921951785388e-02 -1.789546428177633743e+03
-8.712282534502416298e-03 1.460998492183895360e-02 1.272966748259619398e-02 8.326771740828178489e-03 -1.248374460444199620e-02 1.302391941603401465e-02 -1.793964402267577043e+03
-8.733693987056407801e-03 1.463918871285973221e-02 1.274991730835584904e-02 8.337232844676819785e-03 -1.249291592514584562e-02 1.303005355663479706e-02 -1.798381644565097304e+03
-8.755101655359483204e-03 1.466834860758556985e-02 1.277010070661741339e-02 8.347641896211899226e-03 -1.250201731087198335e-02 1.303615091133516167e-02 -1.802798154698262579e+03
-8.776505537427712125e-03 1.469746457156685844e-02 1.279021763075138818e-02 8.357998853523151625e-03 -1.251104869155744183e-02 1.304221248798518272e-02 -1.807213932302823423e+03
-8.797905631239111290e-03 1.472653657029155717e-02 1.281026803621963805e-02 8.368303688212092029e-03 -1.252000977866372412e-02 1.304823846424992689e-02 -1.811628977005879506e+03
-8.819301934801286602e-03 1.475556456926737335e-02 1.283025188171494496e-02 8.378556379495423478e-03 -1.252890042301448015e-02 1.305422849594012683e-02 -1.816043288440559081e+03
-8.840694446094860340e-03 1.478454853417889188e-02 1.285016913016095996e-02 8.388756898900756598e-03 -1.253772022718718272e-02 1.306018282188133040e-02 -1.820456866235082089e+03
-8.862083163106354577e-03 1.481348843048991247e-02 1.287001973818644417e-02 8.398905204678694045e-03 -1.254646944828792521e-02 1.306610212684449629e-02 -1.824869710019879903e+03
-8.883468083805804577e-03 1.484238422338845891e-02 1.288980366992113422e-02 8.409001231889388916e-03 -1.255514773113746395e-02 1.307198637378769422e-02 -1.829281819422377566e+03
-8.904849206190534536e-03 1.487123587751743720e-02 1.290952088555913715e-02 8.419044964615441870e-03 -1.256375512588378367e-02 1.307783652849020366e-02 -1.833693194075997553e+03
-8.926229281894236187e-03 1.490006916534541113e-02 1.292793624778575123e-02 8.440523045228080085e-03 -1.260718005721393579e-02 1.318625447309552771e-02 -1.838103775853782963e+03
-8.947602801533951003e-03 1.492883243411534562e-02 1.294751992402608069e-02 8.450462082937912345e-03 -1.261564600164765369e-02 1.319203536436565523e-02 -1.842513679886731325e+03
-8.968972516781383714e-03 1.495755145596137058e-02 1.296703676727503293e-02 8.460348706832246726e-03 -1.262404124045992879e-02 1.319778037473047332e-02 -1.846922848053198777e+03
-8.990338425610266276e-03 1.498622619491469035e-02 1.298648673028273380e-02 8.470182872442909294e-03 -1.263236605798675159e-02 1.320349106676429844e-02 -1.851331279978569682e+03
-9.011700526001774347e-03 1.501485661526305929e-02 1.300586976668167971e-02 8.479964548344147424e-03 -1.264062065185235159e-02 1.320916660941401539e-02 -1.855738975290924600e+03
-9.033058815920189111e-03 1.504344268155024221e-02 1.302518583020212742e-02 8.489693722726040018e-03 -1.264880498554614950e-02 1.321480601608635355e-02 -1.860145933615535341e+03
-9.054413293348587480e-03 1.507198435808227571e-02 1.304443487490273418e-02 8.499370377873308180e-03 -1.265691926014636190e-02 1.322040979090339900e-02 -1.864552154581268042e+03
-9.075763956256222356e-03 1.510048160907726672e-02 1.306361685038841085e-02 8.508994530522496352e-03 -1.266496349451729474e-02 1.322597729410199957e-02 -1.868957637814014106e+03
-9.097110802594687157e-03 1.512893439890988269e-02 1.308273171986810805e-02 8.518566181615866428e-03 -1.267293778482590089e-02 1.323150804105927524e-02 -1.873362382936594486e+03
-9.118456533354931878e-03 1.515739274756078801e-02 1.309973491446324127e-02 8.536996435983211159e-03 -1.277252657836794141e-02 1.323186393966685817e-02 -1.877766331824510871e+03
-9.139795740454984690e-03 1.518575650821097148e-02 1.311871545295110325e-02 8.546463073322676726e-03 -1.278036047238887730e-02 1.323732139228408003e-02 -1.882169599601213804e+03
-9.161133767977292994e-03 1.521413860044409580e-02 1.313479229851396632e-02 8.562060406131721813e-03 -1.291397230806521322e-02 1.330857652306362444e-02 -1.886572070392606975e+03
-9.182465327713627834e-03 1.524241319003711084e-02 1.315363833784547777e-02 8.571422019787248645e-03 -1.292166604078682016e-02 1.331396152270348382e-02 -1.890973859321627970e+03
-9.203793060687586944e-03 1.527064314099439366e-02 1.317241705857756517e-02 8.580731080096274527e-03 -1.292928935168136464e-02 1.331931034988371489e-02 -1.895374908258113010e+03
-9.225116964858753876e-03 1.529882841797168200e-02 1.319112842043046636e-02 8.589987545845608613e-03 -1.293684232042037301e-02 1.332462359222487749e-02 -1.899775216827978511e+03
-9.246437038145476073e-03 1.532696898573290833e-02 1.320977237535177727e-02 8.599191395057305398e-03 -1.294432453875431731e-02 1.332990108679479001e-02 -1.904174784650070933e+03
-9.267753278482839321e-03 1.535506480875862417e-02 1.322834888629781554e-02 8.608342568013285442e-03 -1.295173576557804261e-02 1.333514354655609274e-02 -1.908573611347700080e+03
-9.289065683791702943e-03 1.538311585101475969e-02 1.324685791366481125e-02 8.617441030649085690e-03 -1.295907609991684556e-02 1.334035116242989795e-02 -1.912971696541032770e+03
-9.310374251992183797e-03 1.541112207608576201e-02 1.326529942624685328e-02 8.626486719366362535e-03 -1.296634562040999313e-02 1.334552440131191349e-02 -1.917369039849485034e+03
-9.331678981021107600e-03 1.543908344717288827e-02 1.328367338632811118e-02 8.635479610543821821e-03 -1.297354424551497645e-02 1.335066291719065601e-02 -1.921765640896459900e+03
-9.352982663746891787e-03 1.546701635927420770e-02 1.330124904990735019e-02 8.654705965525947772e-03 -1.300005701957164354e-02 1.344827165047845184e-02 -1.926161441549528718e+03
-9.374279708186175619e-03 1.549488791105309814e-02 1.331948776569723963e-02 8.663593155751979705e-03 -1.300711465603308567e-02 1.345334127329596459e-02 -1.930556556926867870e+03
-9.395575785707998423e-03 1.552271824652066111e-02 1.333744043373901247e-02 8.681420683715761547e-03 -1.303368022038675633e-02 1.355180320210056834e-02 -1.934950871148060514e+03
-9.416865137294328642e-03 1.555049983112905508e-02 1.335554370321063306e-02 8.690202056421998320e-03 -1.304059701341292628e-02 1.355680294591748644e-02 -1.939344499335052205e+03
-9.438150639333200281e-03 1.557823637729721655e-02 1.337357916909890677e-02 8.698930509469094199e-03 -1.304744321987316019e-02 1.356176740020469118e-02 -1.943737383351024391e+03
-9.459432289766978030e-03 1.560592784836964571e-02 1.339154679341443034e-02 8.707606014399524655e-03 -1.305421905918759291e-02 1.356669591594766508e-02 -1.948129522815558857e+03
-9.480710086531739939e-03 1.563357420754974900e-02 1.340944653122285064e-02 8.716228568427974305e-03 -1.306092464270674700e-02 1.357158843970545856e-02 -1.952520917346710576e+03
-9.501984027545689465e-03 1.566117541814249572e-02 1.342727834204575539e-02 8.724798158501098286e-03 -1.306755983119857294e-02 1.357644424764243088e-02 -1.956911566559347648e+03
-9.523254110733965494e-03 1.568873144336961623e-02 1.344504219360710164e-02 8.733314786548259517e-03 -1.307412507975697774e-02 1.358126394003320372e-02 -1.961301470069951847e+03
-9.544520334008337395e-03 1.571624224660798930e-02 1.346273804310331793e-02 8.741778443539936078e-03 -1.308061999500293414e-02 1.358604660619761213e-02 -1.965690627493195507e+03
-9.565782695291728810e-03 1.574370779115590036e-02 1.348036585137164442e-02 8.750189133477791550e-03 -1.308704508532502510e-02 1.359079349068053819e-02 -1.970079038447419180e+03
-9.587041192475897339e-03 1.577112804056677794e-02 1.349792557828195273e-02 8.758546844483955721e-03 -1.309339974316201839e-02 1.359550394603565963e-02 -1.974466702545320686e+03
-9.608295823468266869e-03 1.579850295842377683e-02 1.351541717715321056e-02 8.766851535248721197e-03 -1.309968420916148707e-02 1.360017877137123347e-02 -1.978853619403161701e+03
-9.629546586129198241e-03 1.582583250836276309e-02 1.353284059993140921e-02 8.775103173228339035e-03 -1.310589794805952675e-02 1.360481764365028233e-02 -1.983239788629195573e+03
-9.650793478374235582e-03 1.585311665370499681e-02 1.355019580981097621e-02 8.783301717539592282e-03 -1.311204122448273932e-02 1.360942155881916457e-02 -1.987625209844211895e+03
-9.672036498061300711e-03 1.588035535796886166e-02 1.356748275706662517e-02 8.791447133039118761e-03 -1.311811380804288329e-02 1.361398978200670934e-02 -1.992009882656302352e+03
-9.693275643065624517e-03 1.590754858421829579e-02 1.358470140027494277e-02 8.799539376669255134e-03 -1.312411557394062463e-02 1.361852339616523820e-02 -1.996393806677186603e+03
-9.714510911291180523e-03 1.593469629506555005e-02 1.360185170455823801e-02 8.807578416291501205e-03 -1.313004646882410566e-02 1.362302213628964476e-02 -2.000776981524646089e+03
-9.735742300567401183e-03 1.596179845291710933e-02 1.361893362121894754e-02 8.815564218607430461e-03 -1.313590640514326544e-02 1.362748698370780560e-02 -2.005159406800775514e+03
-9.756969808810521047e-03 1.598885501974969814e-02 1.363594710128481803e-02 8.823496763268125903e-03 -1.314169549411157815e-02 1.363191715790564723e-02 -2.009541082125234198e+03
-9.778193433877304871e-03 1.601586595747638356e-02 1.365289210449920423e-02 8.831376021730945325e-03 -1.314741369612536237e-02 1.363631260388225609e-02 -2.013922007102982889e+03
-9.799415876497056047e-03 1.604287717462597393e-02 1.366729391547781731e-02 8.851065417122385218e-03 -1.321244115769220316e-02 1.366629712009650131e-02 -2.018302123595297417e+03
-9.820631728897096999e-03 1.606979674012163836e-02 1.368410179392042479e-02 8.858837994684329309e-03 -1.321801796065510959e-02 1.367062313517846718e-02 -2.022681546714437218e+03
-9.841843691772041852e-03 1.609667056306589294e-02 1.370084103693893982e-02 8.866557190695780952e-03 -1.322352418769436218e-02 1.367491386775106232e-02 -2.027060218313851465e+03
-9.863051763020590570e-03 1.612349860580136046e-02 1.371751160693147550e-02 8.874222972279341426e-03 -1.322896015469540720e-02 1.367916903541046766e-02 -2.031438138005365317e+03
-9.884255940530784976e-03 1.615028083045436796e-02 1.373411346130292907e-02 8.881835322850525211e-03 -1.323432565706210776e-02 1.368338813412555907e-02 -2.035815305399343288e+03
-9.905456222169957761e-03 1.617701719898737359e-02 1.375064657185464181e-02 8.889394230751333087e-03 -1.323962119346515885e-02 1.368757145117804712e-02 -2.040191720102966883e+03
-9.926652605787547948e-03 1.620370767324545019e-02 1.376711090168233724e-02 8.896899705442946893e-03 -1.324484645494817571e-02 1.369171849675177195e-02 -2.044567381720083176e+03
-9.947845089259993792e-03 1.623035221522760654e-02 1.378350640905920410e-02 8.904351726260877412e-03 -1.325000181687659845e-02 1.369583007393935896e-02 -2.048942289861506197e+03
-9.969033670426992108e-03 1.625695078722317125e-02 1.379983305270833863e-02 8.911750316720104537e-03 -1.325508693665302003e-02 1.369990509774787583e-02 -2.053316444131088701e+03
-9.990218347146452571e-03 1.628350335168639307e-02 1.381609078276584482e-02 8.919095458971897095e-03 -1.326010218193178318e-02 1.370394409948967260e-02 -2.057689844136401007e+03
-1.001139911726283901e-02 1.631000987114904904e-02 1.383227955444681599e-02 8.926387163235818129e-03 -1.326504706940548860e-02 1.370794792916566265e-02 -2.062062489481705597e+03
-1.003257597861942178e-02 1.633647030814225354e-02 1.384839931436152548e-02 8.933625378826184557e-03 -1.326992145197923578e-02 1.371191536701201440e-02 -2.066434379773037563e+03
-1.005374892903876730e-02 1.636288462510240155e-02 1.386445001847560858e-02 8.940810071674463663e-03 -1.327472513896099833e-02 1.371584717169728983e-02 -2.070805514612994102e+03
-1.007491796637161562e-02 1.638925278427754567e-02 1.388043161828401983e-02 8.947941204548046090e-03 -1.327945806509363280e-02 1.371974327216190712e-02 -2.075175893608747174e+03
-1.009608308843212322e-02 1.641557474780964976e-02 1.389634407204144023e-02 8.955018724495538568e-03 -1.328411965792496499e-02 1.372360484341486608e-02 -2.079545516359498833e+03
-1.011724429307400176e-02 1.644185047744954262e-02 1.391218732968622744e-02 8.962042586589571980e-03 -1.328871020596526613e-02 1.372743121519216097e-02 -2.083914382473164096e+03
-1.013840157809443171e-02 1.646807993460997280e-02 1.392796135061896354e-02 8.969012779161263452e-03 -1.329322963769266445e-02 1.373122312220366459e-02 -2.088282491545281573e+03
-1.015955494134714726e-02 1.649426308036499797e-02 1.394366608603062573e-02 8.975929260736403500e-03 -1.329767812017763201e-02 1.373498115817974215e-02 -2.092649843182957284e+03
-1.018070438064421976e-02 1.652039987570811178e-02 1.395930149325166382e-02 8.982791986516263164e-03 -1.330205582282106315e-02 1.373870506477785532e-02 -2.097016436983931726e+03
-1.020184989381404776e-02 1.654649028153058407e-02 1.397486752334943169e-02 8.989600910322387284e-03 -1.330636279895944414e-02 1.374239410909003888e-02 -2.101382272549761183e+03
-1.022299419835295646e-02 1.657256245571006939e-02 1.398882304964391143e-02 9.007727782397393496e-03 -1.332236584875717139e-02 1.380483189159261229e-02 -2.105747291730264351e+03
-1.024413185277635481e-02 1.659855996540784279e-02 1.400425018352385864e-02 9.014428998252803013e-03 -1.332653204517880198e-02 1.380845194665358822e-02 -2.110111609630361727e+03
-1.026526557455467725e-02 1.662451096835938086e-02 1.401960781561905310e-02 9.021076326195427708e-03 -1.333062793325515312e-02 1.381203698251260575e-02 -2.114475168094462333e+03
-1.028639536152142937e-02 1.665041542533180971e-02 1.403489591142257839e-02 9.027669750679718358e-03 -1.333465346632291791e-02 1.381558672178569321e-02 -2.118837966723660884e+03
-1.030752121149957658e-02 1.667627329711673240e-02 1.405011442728286951e-02 9.034209293033583152e-03 -1.333860893679864566e-02 1.381910063889841070e-02 -2.123200005117041201e+03
-1.032864312228960052e-02 1.670208454458193756e-02 1.406526331209482020e-02 9.040694964375194445e-03 -1.334249446746916916e-02 1.382257930321553058e-02 -2.127561282870303785e+03
-1.034976109173124659e-02 1.672784912860322132e-02 1.408034251753227661e-02 9.047126778741906850e-03 -1.334630982522286985e-02 1.382602162214787052e-02 -2.131921799588717477e+03
-1.037087511758809713e-02 1.675356701048383648e-02 1.409535200199676583e-02 9.053504754317544603e-03 -1.335005481367342907e-02 1.382942770979260667e-02 -2.136281554861966470e+03
-1.039198519767298504e-02 1.677923815156139725e-02 1.411029172363631803e-02 9.059828845577766465e-03 -1.335372973532957322e-02 1.383279776158020252e-02 -2.140640548289236904e+03
-1.041309132978703728e-02 1.680486251309376913e-02 1.412516163059247300e-02 9.066099063594552573e-03 -1.335733401244953121e-02 1.383613124039346186e-02 -2.144998779466342512e+03
-1.043419351171463380e-02 1.683044005646519570e-02 1.413996167367031348e-02 9.072315345244170992e-03 -1.336086763511811284e-02 1.383942893164000036e-02 -2.149356247987001552e+03
-1.045529174126764993e-02 1.685597074302738752e-02 1.415469180923868177e-02 9.078477664388403395e-03 -1.336433028651253137e-02 1.384269049086305631e-02 -2.153712953451793965e+03
-1.047638601620498253e-02 1.688145453425864487e-02 1.416935197803208951e-02 9.084585945117898062e-03 -1.336772215239936945e-02 1.384591682481037776e-02 -2.158068895449997399e+03
-1.049747633430853956e-02 1.690689139132852195e-02 1.418394213846361010e-02 9.090640150025735416e-03 -1.337104267149284709e-02 1.384910822602737970e-02 -2.162424073576312821e+03
-1.051856269334710756e-02 1.693228127502994368e-02 1.419846223827764611e-02 9.096640207814294873e-03 -1.337429232191192884e-02 1.385226488876225431e-02 -2.166778487423407569e+03
-1.053964509110669537e-02 1.695762414567652393e-02 1.421291223769369054e-02 9.102586078034970163e-03 -1.337747105949982189e-02 1.385538834195833985e-02 -2.171132136587546483e+03
-1.056072352533204452e-02 1.698291996328604031e-02 1.422729210032936363e-02 9.108477716476324690e-03 -1.338057922802395570e-02 1.385847799296117087e-02 -2.175485020655540666e+03
-1.058179799382368176e-02 1.700816868726534592e-02 1.424160179028495510e-02 9.114315129655626083e-03 -1.338361698919359084e-02 1.386153366921845029e-02 -2.179837139225961891e+03
-1.060286849433062645e-02 1.703337027708499984e-02 1.425584126002465285e-02 9.120098263804485295e-03 -1.338658420407978951e-02 1.386455610046359588e-02 -2.184188491884935502e+03
-1.062393502464983354e-02 1.705852469221900286e-02 1.427001046645928403e-02 9.125827141039421012e-03 -1.338948097449523152e-02 1.386754357930639579e-02 -2.188539078227815025e+03
-1.064499758254021725e-02 1.708363189241790189e-02 1.428410935306081118e-02 9.131501712005204996e-03 -1.339230740519051048e-02 1.387049744314450446e-02 -2.192888897841985909e+03
-1.066605616578453555e-02 1.710869183743982461e-02 1.429813787467449325e-02 9.137121999989221421e-03 -1.339506322838500407e-02 1.387341598760180941e-02 -2.197237950319448373e+03
-1.068711348308586627e-02 1.713373245048750021e-02 1.431037824753815177e-02 9.154074015763395689e-03 -1.340930770398601583e-02 1.391469208043523940e-02 -2.201586177499305450e+03
-1.070816411035106080e-02 1.715869776421834192e-02 1.432426590187301126e-02 9.159585731670144212e-03 -1.341192261400483629e-02 1.391753933082876329e-02 -2.205933694471917079e+03
-1.072921075626752027e-02 1.718361570171399177e-02 1.433808306233073752e-02 9.165043152653319994e-03 -1.341446725188562457e-02 1.392035077673960813e-02 -2.210280443074291725e+03
-1.075025341860043511e-02 1.720848622284816207e-02 1.435182968111351973e-02 9.170446267742332278e-03 -1.341694159830886940e-02 1.392312557610181530e-02 -2.214626422896987151e+03
-1.077129477895484924e-02 1.723335667721414416e-02 1.436325484067950409e-02 9.184251593425531851e-03 -1.349073984088708725e-02 1.386310857962646040e-02 -2.218971575773598943e+03
-1.079232946735132932e-02 1.725813224613066688e-02 1.437686025407235516e-02 9.189546087234544067e-03 -1.349307338538023593e-02 1.386581079001642652e-02 -2.223316016794713050e+03
-1.081336016540574742e-02 1.728286027916492787e-02 1.439039498951079875e-02 9.194786210007743765e-03 -1.349533651242720150e-02 1.386847724241425765e-02 -2.227659687797631250e+03
-1.083438687084080539e-02 1.730754073668743648e-02 1.440385899760201864e-02 9.199971917292989326e-03 -1.349752916305954620e-02 1.387110811988452770e-02 -2.232002588366263808e+03
-1.085540958136656242e-02 1.733217357925628463e-02 1.441725221747744250e-02 9.205103134093723175e-03 -1.349965129023496246e-02 1.387370299783207035e-02 -2.236344718082215877e+03
-1.087642829474094047e-02 1.735675876721241156e-02 1.443057459644895256e-02 9.210179795815804510e-03 -1.350170262889492309e-02 1.387626324605935671e-02 -2.240686076536805103e+03
-1.089744300867094562e-02 1.738129626036630238e-02 1.444382608926441519e-02 9.215201843164102027e-03 -1.350368345774001846e-02 1.387878973163275340e-02 -2.245026663310724416e+03
-1.091845372087106233e-02 1.740578601798433572e-02 1.445700665493146291e-02 9.220169248595432715e-03 -1.350559348805595826e-02 1.388128233981215584e-02 -2.249366477986428436e+03
-1.093946042908549438e-02 1.743022799888028010e-02 1.447011626279202934e-02 9.225082012903779508e-03 -1.350743271762840612e-02 1.388374119546292168e-02 -2.253705520153479029e+03
-1.096046313098016090e-02 1.745462216169717598e-02 1.448315487412171407e-02 9.229940156987267649e-03 -1.350920140816519108e-02 1.388616635264865347e-02 -2.258043789384492811e+03
-1.098146182431620523e-02 1.747896846463182705e-02 1.449612243642371158e-02 9.234743670299359539e-03 -1.351089922014671839e-02 1.388855860671710067e-02 -2.262381285271738761e+03
-1.100245650678533145e-02 1.750326686598424261e-02 1.450901890058655871e-02 9.239492533360456686e-03 -1.351252643429250687e-02 1.389091628968824703e-02 -2.266718007390548337e+03
-1.102344717611438915e-02 1.752751732412966001e-02 1.452184421669274264e-02 9.244186745743541295e-03 -1.351408288732273456e-02 1.389324027810357257e-02 -2.271053955322839556e+03
-1.104443383005566243e-02 1.755171979735788840e-02 1.453459833266922824e-02 9.248826236554047106e-03 -1.351556862840306780e-02 1.389552931551334136e-02 -2.275389128655478544e+03
-1.106541928722723847e-02 1.757587983767468220e-02 1.454667651450916241e-02 9.262270934670288614e-03 -1.351041274850912563e-02 1.392607050127469062e-02 -2.279723469210196527e+03
-1.108639790350405066e-02 1.759998621680881892e-02 1.455928810982833922e-02 9.266800977586966623e-03 -1.351175720709260099e-02 1.392828884543650947e-02 -2.284057092073713193e+03
-1.110737249752496644e-02 1.762404448669105742e-02 1.457182838362573382e-02 9.271276260295127636e-03 -1.351303131966916961e-02 1.393047198898620526e-02 -2.288389939072625566e+03
-1.112834575799570742e-02 1.764809229826073966e-02 1.458210012501433978e-02 9.286672709461063838e-03 -1.354379405150172959e-02 1.390910249501556110e-02 -2.292721952038235031e+03
-1.114931230059212734e-02 1.767205422603160270e-02 1.459449762499024847e-02 9.291038449309939676e-03 -1.354492776708363620e-02 1.391121320853270886e-02 -2.297053246045546075e+03
-1.117027481400971987e-02 1.769596792112824654e-02 1.460682367300758511e-02 9.295349379701436585e-03 -1.354599152713949727e-02 1.391328835504996968e-02 -2.301383762922541791e+03
-1.119123329594156474e-02 1.771983334237163532e-02 1.461907821659095240e-02 9.299605483487804330e-03 -1.354698542362194925e-02 1.391532771632131467e-02 -2.305713502246028838e+03
-1.121218774408228210e-02 1.774365044866212104e-02 1.463126119466955609e-02 9.303806711106683489e-03 -1.354790917505717049e-02 1.391733154271455192e-02 -2.310042463594326819e+03
-1.123313815610214872e-02 1.776741919928736743e-02 1.464337254391347154e-02 9.307953034597643213e-03 -1.354876284891214089e-02 1.391930010101733242e-02 -2.314370646542150553e+03
-1.125408452965653491e-02 1.779113955360063851e-02 1.465541220812313465e-02 9.312044375196266641e-03 -1.354954565514885668e-02 1.392123378896381602e-02 -2.318698050662179412e+03
-1.127502686244427101e-02 1.781481147038304486e-02 1.466738014441707622e-02 9.316080709647739030e-03 -1.355025790599347600e-02 1.392313293782233667e-02 -2.323024675535807091e+03
-1.129596515211236940e-02 1.783843490789365285e-02 1.467927630055323659e-02 9.320062022548387254e-03 -1.355089928292161489e-02 1.392499758848043945e-02 -2.327350520732607947e+03
-1.131689939632615424e-02 1.786200982390255890e-02 1.469110064346371668e-02 9.323988300292743864e-03 -1.355146968494066496e-02 1.392682927153450316e-02 -2.331675585826027145e+03
-1.133782959275075192e-02 1.788553617581738198e-02 1.470285313431503663e-02 9.327859550295495780e-03 -1.355196912975485495e-02 1.392862763818053691e-02 -2.335999870389818170e+03
-1.135875573905820515e-02 1.790901392087665411e-02 1.471453373502703242e-02 9.331675774523019717e-03 -1.355239775886162359e-02 1.393039129907366717e-02 -2.340323373999729938e+03
-1.137967783288715284e-02 1.793244301613344457e-02 1.472614240528893545e-02 9.335436937093181606e-03 -1.355275569779409994e-02 1.393212201764274828e-02 -2.344646096223230415e+03
-1.140059587191353911e-02 1.795582341854847636e-02 1.473767910195523077e-02 9.339143015541404372e-03 -1.355304273653952160e-02 1.393381930026738047e-02 -2.348968036633924385e+03
-1.142150985380667276e-02 1.797915508538280860e-02 1.474914377175493875e-02 9.342793965079365659e-03 -1.355325888880130718e-02 1.393548204412351638e-02 -2.353289194804233375e+03
-1.144241977621481172e-02 1.800243797413321120e-02 1.476053636179971811e-02 9.346389734167528940e-03 -1.355340450169835280e-02 1.393711038900464876e-02 -2.357609570302839074e+03
-1.146332563680909494e-02 1.802567204234842638e-02 1.477185683472042113e-02 9.349930301528395354e-03 -1.355347967529557836e-02 1.393870385160781052e-02 -2.361929162703261682e+03
-1.148422743322982664e-02 1.804885724746810999e-02 1.478310514910071219e-02 9.353415619033154937e-03 -1.355348472924744994e-02 1.394026251694621688e-02 -2.366247971570945992e+03
-1.150512516314607797e-02 1.807199354677527237e-02 1.479428126219294037e-02 9.356845699950842865e-03 -1.355342000910177667e-02 1.394178527686743690e-02 -2.370565996478359921e+03
-1.152601882420383785e-02 1.809508089775704529e-02 1.480538512107005926e-02 9.360220539785902433e-03 -1.355328540337158959e-02 1.394327307544893611e-02 -2.374883236994140134e+03
-1.154690841402780666e-02 1.811811925796595960e-02 1.481641667130395232e-02 9.363540145781308957e-03 -1.355308093038526049e-02 1.394472471413632682e-02 -2.379199692683355352e+03
-1.156779393025303762e-02 1.814110858491940065e-02 1.482737585989778346e-02 9.366804516980636527e-03 -1.355280662613707159e-02 1.394614111670799267e-02 -2.383515363113603144e+03
-1.158867537050447226e-02 1.816404883628901928e-02 1.483826262334186907e-02 9.370013611797975081e-03 -1.355246207281394881e-02 1.394752133224100125e-02 -2.387830247851334661e+03
-1.160955273241857932e-02 1.818693996979226998e-02 1.484907689394704758e-02 9.373167406488662132e-03 -1.355204717352651890e-02 1.394886686916187168e-02 -2.392144346465714079e+03
-1.163042601361565995e-02 1.820978194325120758e-02 1.485981861169599974e-02 9.376265833565254962e-03 -1.355156180095747759e-02 1.395017671370831630e-02 -2.396457658522160273e+03
-1.165129521169804179e-02 1.823257471428932699e-02 1.487048773486665358e-02 9.379308868385213827e-03 -1.355100583838456281e-02 1.395145259582742520e-02 -2.400770183582334539e+03
-1.167216032428771734e-02 1.825531824006352069e-02 1.488108422979739394e-02 9.382296449205455857e-03 -1.355037886997986774e-02 1.395269369835298694e-02 -2.405081921211880399e+03
-1.169302134899250639e-02 1.827801247716015487e-02 1.489160805946955143e-02 9.385228547628837042e-03 -1.354968116550633352e-02 1.395390134328311840e-02 -2.409392870974026664e+03
-1.171387828342318645e-02 1.830065738189672053e-02 1.490205919277868933e-02 9.388105176704537175e-03 -1.354891250079091544e-02 1.395507556065275594e-02 -2.413703032434713805e+03
-1.173473112516849361e-02 1.832325291049073310e-02 1.491243759209230635e-02 9.390926316251187525e-03 -1.354807278206633138e-02 1.395621625054218121e-02 -2.418012405156038767e+03
-1.175557987180153412e-02 1.834579901914665245e-02 1.492274321696122723e-02 9.393691941225813455e-03 -1.354716241375602398e-02 1.395732352570064859e-02 -2.422320988696307268e+03
-1.177642732317527724e-02 1.836830908205430365e-02 1.493194456046321311e-02 9.405748793465338806e-03 -1.353687299611495108e-02 1.395471698997984358e-02 -2.426628724873929968e+03
-1.179726787244634451e-02 1.839075621879817171e-02 1.494210448663374144e-02 9.408403301032675428e-03 -1.353582189439608147e-02 1.395575815724669176e-02 -2.430935728744486823e+03
-1.181810431945399739e-02 1.841315380389330417e-02 1.495219149155182364e-02 9.411002192387753207e-03 -1.353470040020420678e-02 1.395676531876702438e-02 -2.435241942120857402e+03
-1.183893666179247108e-02 1.843550179354121882e-02 1.496220552949615278e-02 9.413545458588639878e-03 -1.353350873189893347e-02 1.395773796993739733e-02 -2.439547364561962695e+03
-1.185976489706440200e-02 1.845780014386303944e-02 1.497214654425001353e-02 9.416033079131505903e-03 -1.353224698756207503e-02 1.395867592082447768e-02 -2.443851995629111116e+03
-1.188058902284989428e-02 1.848004881105924646e-02 1.498201447916056375e-02 9.418465051388394405e-03 -1.353091504372254048e-02 1.395957882767433558e-02 -2.448155834879022223e+03
-1.190140903675388287e-02 1.850224775111012840e-02 1.499180928136351065e-02 9.420841401916311975e-03 -1.352951295995465444e-02 1.396044663652625493e-02 -2.452458881874018516e+03
-1.192222493634021580e-02 1.852439692016107087e-02 1.500153089399672984e-02 9.423162117922719017e-03 -1.352804088193725052e-02 1.396127850744420008e-02 -2.456761136167167024e+03
-1.194303671921753164e-02 1.854649627417003302e-02 1.501117926470517568e-02 9.425427199510968621e-03 -1.352649887357213268e-02 1.396207472259199632e-02 -2.461062597320564691e+03
-1.196384438294048266e-02 1.856854576929441170e-02 1.502075433794209519e-02 9.427636586808094826e-03 -1.352488663139522762e-02 1.396283582656827546e-02 -2.465363264886226716e+03
-1.198464792508944186e-02 1.859054536165800561e-02 1.503025605566730115e-02 9.429790223971034821e-03 -1.352320437462468244e-02 1.396356143550411474e-02 -2.469663138423042710e+03
-1.200544734321256496e-02 1.861249500753749814e-02 1.503968436954363289e-02 9.431888023861441719e-03 -1.352145192779813897e-02 1.396425210202604378e-02 -2.473962217484246594e+03
-1.202624263486737864e-02 1.863439466300144051e-02 1.504903924605361688e-02 9.433929972747646941e-03 -1.351962879584001596e-02 1.396490829369527627e-02 -2.478260501626001314e+03
-1.204703379759099885e-02 1.865624428404281943e-02 1.505832064325289196e-02 9.435916015250938454e-03 -1.351773534037774109e-02 1.396553066096277267e-02 -2.482557990400577637e+03
-1.206782082896279418e-02 1.867804382639561694e-02 1.506752851564331815e-02 9.437846110245432310e-03 -1.351577113141298227e-02 1.396611959076024360e-02 -2.486854683368508176e+03
-1.208860372649268877e-02 1.869979324567873705e-02 1.507666282601605873e-02 9.439720274883165244e-03 -1.351373630618385099e-02 1.396667553924200479e-02 -2.491150580074980098e+03
-1.210938525934024401e-02 1.872150520211453284e-02 1.508464943085323362e-02 9.450814628468830886e-03 -1.349096710454865053e-02 1.395281184133240378e-02 -2.495445622326045850e+03
-1.213015988186258443e-02 1.874315424041940112e-02 1.509363648724147688e-02 9.452576908741645162e-03 -1.348879156772448372e-02 1.395330156656102334e-02 -2.499739925173588290e+03
-1.215093036318335915e-02 1.876475302053010399e-02 1.510254985261614939e-02 9.454283248871599502e-03 -1.348654572229321218e-02 1.395375781587910625e-02 -2.504033430416290685e+03
-1.217169670085878515e-02 1.878630149730409205e-02 1.511138947512262812e-02 9.455933626448460513e-03 -1.348422934609729180e-02 1.395418100031904293e-02 -2.508326137608020872e+03
-1.219245889241605922e-02 1.880779962581407075e-02 1.512015529640338418e-02 9.457528021716220604e-03 -1.348184248328757225e-02 1.395457093897547150e-02 -2.512618046296158354e+03
-1.221321693541069925e-02 1.882924736098714330e-02 1.512884725270291324e-02 9.459066421074130773e-03 -1.347938522881442051e-02 1.395492636876192148e-02 -2.516909156033624640e+03
-1.223397082737953147e-02 1.885064465766689984e-02 1.513746529197816139e-02 9.460548812804175575e-03 -1.347685738225333323e-02 1.395524754741594639e-02 -2.521199466369352194e+03
-1.225472056584417900e-02 1.887199147058710169e-02 1.514600935853957497e-02 9.461975185583034256e-03 -1.347425946535378734e-02 1.395553414894589589e-02 -2.525488976848403581e+03
-1.227546614835193541e-02 1.889328775433084945e-02 1.515447941257612452e-02 9.463345499581783671e-03 -1.347159138800171213e-02 1.395578544207854398e-02 -2.529777687021826750e+03
-1.229620757240307283e-02 1.891453346314277834e-02 1.516287542232042790e-02 9.464659646732587889e-03 -1.346885320701889967e-02 1.395600151229534069e-02 -2.534065596434410509e+03
-1.231694755932173646e-02 1.893577052044635375e-02 1.516875006069645128e-02 9.476407823416122672e-03 -1.348210865158821006e-02 1.388090939899543769e-02 -2.538352646885231934e+03
-1.233768065908676624e-02 1.895691494303411440e-02 1.517699780203326555e-02 9.477609692797001745e-03 -1.347923081079622186e-02 1.388105539118247161e-02 -2.542638953420637790e+03
-1.235840959293926962e-02 1.897800865445709029e-02 1.518517133100886693e-02 9.478755303167996082e-03 -1.347628317724881147e-02 1.388116693389527395e-02 -2.546924457832233657e+03
-1.237913435841094499e-02 1.899905160950084160e-02 1.519327059000725490e-02 9.479844663751220077e-03 -1.347326573500207472e-02 1.388124389005592624e-02 -2.551209159673119757e+03
-1.239985495296815933e-02 1.902004376295050175e-02 1.520129553667543508e-02 9.480877710528318875e-03 -1.347017839467343735e-02 1.388128680019207369e-02 -2.555493058480406035e+03
-1.242057137412227313e-02 1.904098506961772810e-02 1.520924611870389485e-02 9.481854429677472051e-03 -1.346702131794373994e-02 1.388129577655725609e-02 -2.559776153799823533e+03
-1.244128361936050822e-02 1.906187548431282491e-02 1.521712229192428642e-02 9.482774800660266623e-03 -1.346379398541773867e-02 1.388127120947263947e-02 -2.564058445173142445e+03
-1.246199168618042537e-02 1.908271496111420273e-02 1.522492401142557482e-02 9.483638820917024426e-03 -1.346049629689502827e-02 1.388121295041631897e-02 -2.568339932145187049e+03
-1.248269557204254553e-02 1.910350345384952478e-02 1.523265123254344787e-02 9.484446526830494703e-03 -1.345712789353312698e-02 1.388112199166373351e-02 -2.572620614254234624e+03
-1.250339800329503849e-02 1.912426477233572508e-02 1.523860470134185373e-02 9.495449576258066862e-03 -1.343462970126568616e-02 1.384896145034155042e-02 -2.576900433296783376e+03
-1.252409351970130633e-02 1.914495115825330315e-02 1.524618277238838290e-02 9.496144671131887677e-03 -1.343112018146606045e-02 1.384880472170392854e-02 -2.581179504307818661e+03
-1.254478484761534403e-02 1.916558642141163657e-02 1.525368619517165035e-02 9.496783448061419525e-03 -1.342754008435147542e-02 1.384861423855375528e-02 -2.585457769082670893e+03
-1.256547198449138245e-02 1.918617051577772500e-02 1.526111491365876247e-02 9.497365866744779048e-03 -1.342388945647311066e-02 1.384839049276786506e-02 -2.589735227156116252e+03
-1.258615492781391468e-02 1.920670339494405868e-02 1.526846888473000832e-02 9.497891862914336833e-03 -1.342016834641919683e-02 1.384813345937832042e-02 -2.594011878069927207e+03
-1.260683367504145634e-02 1.922718501217053275e-02 1.527574806312255278e-02 9.498361379203852650e-03 -1.341637698293354081e-02 1.384784241378694651e-02 -2.598287721360036812e+03
-1.262750822365420536e-02 1.924761532056652041e-02 1.528295241249071068e-02 9.498774373876037527e-03 -1.341251546017344955e-02 1.384751724707351805e-02 -2.602562756565338532e+03
-1.264817857111804993e-02 1.926799427321275113e-02 1.529008188586196068e-02 9.499130778882047127e-03 -1.340858382233384855e-02 1.384715758500460261e-02 -2.606836983220818638e+03
-1.266884471493136093e-02 1.928832182294250644e-02 1.529713643040888672e-02 9.499430595392195295e-03 -1.340458263927641995e-02 1.384676385237224722e-02 -2.611110400869487421e+03
-1.268950665252346899e-02 1.930859792264569622e-02 1.530411598211260139e-02 9.499673814718829004e-03 -1.340051208724921811e-02 1.384633558480332684e-02 -2.615383009040133402e+03
-1.271016438137454775e-02 1.932882252528286826e-02 1.531102048056282722e-02 9.499860389515196735e-03 -1.339637220636112971e-02 1.384587250096966198e-02 -2.619654807272368998e+03
-1.273081789893714191e-02 1.934899558414508031e-02 1.531784987357923296e-02 9.499990335427388813e-03 -1.339216302636401200e-02 1.384537524253148973e-02 -2.623925795101402855e+03
-1.275146720262969324e-02 1.936911705269504097e-02 1.532460410600286135e-02 9.500063598566912612e-03 -1.338788429439685505e-02 1.384484365843483694e-02 -2.628195972058111693e+03
-1.277211228988853718e-02 1.938918688407673119e-02 1.533128312328084844e-02 9.500080162196854194e-03 -1.338353619063935990e-02 1.384427758830284252e-02 -2.632465337676883337e+03
-1.279275315813350501e-02 1.940920503141248254e-02 1.533788687291389764e-02 9.500040013760020427e-03 -1.337911792778370343e-02 1.384367805302546238e-02 -2.636733891488669087e+03
-1.281338980480993192e-02 1.942917144781992206e-02 1.534441530181033901e-02 9.499943165616439242e-03 -1.337462969047747106e-02 1.384304396488492128e-02 -2.641001633029014556e+03
-1.283402222734740354e-02 1.944908608607598399e-02 1.535086835438862971e-02 9.499789627922760465e-03 -1.337007077646805778e-02 1.384237724107999050e-02 -2.645268561829333976e+03
-1.285465042315021497e-02 1.946894889903794112e-02 1.535724598412134198e-02 9.499579417418670124e-03 -1.336544147444080656e-02 1.384167687804116129e-02 -2.649534677416782870e+03
-1.287527438962799038e-02 1.948875983968723774e-02 1.536354815406779269e-02 9.499312489327341874e-03 -1.336074136963657025e-02 1.384094401042612610e-02 -2.653799979322377567e+03
-1.289589412418237768e-02 1.950851886081361730e-02 1.536977483104652424e-02 9.498988807865186082e-03 -1.335597081196317551e-02 1.384017850141447403e-02 -2.658064467075104858e+03
-1.291650962423475553e-02 1.952822591503194233e-02 1.537592597799317465e-02 9.498608332328272938e-03 -1.335112965116365055e-02 1.383938030928535609e-02 -2.662328140206981516e+03
-1.293712088719473768e-02 1.954788095468429701e-02 1.538200155662855159e-02 9.498170957861359898e-03 -1.334621813009446122e-02 1.383854949808084253e-02 -2.666590998245555056e+03
-1.295772791045847298e-02 1.956748393191844529e-02 1.538800150366638302e-02 9.497676687665693521e-03 -1.334123653146321829e-02 1.383768573470253553e-02 -2.670853040713988321e+03
-1.297833069146357016e-02 1.958703479860205224e-02 1.539392577555219813e-02 9.497125456125474555e-03 -1.333618507068682311e-02 1.383678925188031733e-02 -2.675114267144452242e+03
-1.299892922760650764e-02 1.960653350644757029e-02 1.539977431135388687e-02 9.496517272860372644e-03 -1.333106380684120559e-02 1.383585916855698504e-02 -2.679374677059386158e+03
-1.301952351631977846e-02 1.962598000689700500e-02 1.540554705555578253e-02 9.495852123294411945e-03 -1.332587287394363003e-02 1.383489498856538269e-02 -2.683634269987672269e+03
-1.304011355500546074e-02 1.964537425126855821e-02 1.541124395522139312e-02 9.495129982875502930e-03 -1.332061277220151531e-02 1.383389691509964887e-02 -2.687893045453832201e+03
-1.306069934105515314e-02 1.966471619073796931e-02 1.541686495469336143e-02 9.494350819379840378e-03 -1.331528354970885376e-02 1.383286453928157106e-02 -2.692151002981366673e+03
-1.308128087188098303e-02 1.968400577638941204e-02 1.542240998558126915e-02 9.493514629928333226e-03 -1.330988507681403997e-02 1.383179699750662975e-02 -2.696408142098576263e+03
-1.310185814485122571e-02 1.970324295975401513e-02 1.542787899724372240e-02 9.492621414487770193e-03 -1.330441755938160421e-02 1.383069567211086572e-02 -2.700664462325916702e+03
-1.312243115733253973e-02 1.972242769245708197e-02 1.543327192283660589e-02 9.491671170779678729e-03 -1.329888053574848975e-02 1.382955997633931317e-02 -2.704919963184312564e+03
-1.314299990669869078e-02 1.974155992594222100e-02 1.543858871385816144e-02 9.490663888642553517e-03 -1.329327389494982560e-02 1.382838987209799794e-02 -2.709174644196396912e+03
-1.316356439032706493e-02 1.976063961173111019e-02 1.544382931476454002e-02 9.489599518101429418e-03 -1.328759757347938199e-02 1.382718668400946364e-02 -2.713428504887614054e+03
-1.318412460553318802e-02 1.977966670189247253e-02 1.544899368382691117e-02 9.488478050282165427e-03 -1.328185093380270659e-02 1.382594926318782627e-02 -2.717681544772173766e+03
-1.320468054967932625e-02 1.979864114828091756e-02 1.545408177874184330e-02 9.487299425281783133e-03 -1.327603398444710849e-02 1.382467990127563690e-02 -2.721933763372756857e+03
-1.322523222012271862e-02 1.981756290274796009e-02 1.545909356175110411e-02 9.486063600178262431e-03 -1.327014694276201084e-02 1.382337754894229567e-02 -2.726185160209925016e+03
-1.324577961420658062e-02 1.983643191719827378e-02 1.546402899499225644e-02 9.484770559281740718e-03 -1.326418938934919266e-02 1.382204311226574445e-02 -2.730435734799705642e+03
-1.326632554547389244e-02 1.985525675988735264e-02 1.546784670321038786e-02 9.491766458035490184e-03 -1.322361633391214500e-02 1.376076663488512604e-02 -2.734685428910737755e+03
-1.328686437888776557e-02 1.987402014922188404e-02 1.547262930898067081e-02 9.490358941577344692e-03 -1.321751822502585660e-02 1.375936774715882938e-02 -2.738934357557620842e+03
-1.330739892800522454e-02 1.989273065249023628e-02 1.547733541276775926e-02 9.488894147486369793e-03 -1.321135035054266452e-02 1.375793639725497210e-02 -2.743182462512351776e+03
-1.332792919015628533e-02 1.991138822025058722e-02 1.548196495674264601e-02 9.487372029118312788e-03 -1.320511270025564315e-02 1.375647276042663708e-02 -2.747429743288010286e+03
-1.334845516269232701e-02 1.992999280276050791e-02 1.548651788758531600e-02 9.485792579766928745e-03 -1.319880518775486816e-02 1.375497642896654840e-02 -2.751676199401938447e+03
-1.336897684293182446e-02 1.994854434982002919e-02 1.549099415153841648e-02 9.484155796064042132e-03 -1.319242839675132707e-02 1.375344622278901370e-02 -2.755921830362552555e+03
-1.338949422827605436e-02 1.996704281071513126e-02 1.549539370111990833e-02 9.482461642764386175e-03 -1.318598233723167028e-02 1.375188277542177366e-02 -2.760166635693852186e+03
-1.341000731604885185e-02 1.998548813497216803e-02 1.549971648332862731e-02 9.480710135543654257e-03 -1.317946710137140633e-02 1.375028466941192844e-02 -2.764410614904251361e+03
-1.343051610358048618e-02 2.000388027194273735e-02 1.550396243619093367e-02 9.478901257523432780e-03 -1.317288291833740993e-02 1.374865333497588341e-02 -2.768653767506009899e+03
-1.345102058822051500e-02 2.002221917091905404e-02 1.550813149842158317e-02 9.477034980910251094e-03 -1.316622936482832705e-02 1.374698724638786368e-02 -2.772896093018478041e+03
-1.347152076721432924e-02 2.004050478181553657e-02 1.551222361465713628e-02 9.475111277631129494e-03 -1.315950681324079032e-02 1.374528716554014422e-02 -2.777137590941376857e+03
-1.349201663790888794e-02 2.005873705434118442e-02 1.551623873976462793e-02 9.473130090733479503e-03 -1.315271491569225057e-02 1.374355351993498085e-02 -2.781378260796609084e+03
-1.351250819756990434e-02 2.007691593891528653e-02 1.552017682753012093e-02 9.471091406404895038e-03 -1.314585371251159561e-02 1.374178663542438561e-02 -2.785618102087921670e+03
-1.353299544350126601e-02 2.009504138621733688e-02 1.552403783086637838e-02 9.468995116556709613e-03 -1.313892306526196277e-02 1.373998674743111964e-02 -2.789857114325885959e+03
-1.355347837300908791e-02 2.011311334716252980e-02 1.552782169390151332e-02 9.466841276586557621e-03 -1.313192278917296729e-02 1.373815437680883482e-02 -2.794095297021397982e+03
-1.357395698335655231e-02 2.013113177277420576e-02 1.553152836950466402e-02 9.464629851403980748e-03 -1.312485252708412396e-02 1.373628956654884305e-02 -2.798332649675588527e+03
-1.359443426391128244e-02 2.014907157504230648e-02 1.553486614022676383e-02 9.467641141845265298e-03 -1.307375181289160276e-02 1.366248820134774097e-02 -2.802569114049322707e+03
-1.361490422783318520e-02 2.016698278186512122e-02 1.553841828095929578e-02 9.465314510114260574e-03 -1.306654167340510868e-02 1.366055897594195025e-02 -2.806804805151833989e+03
-1.363536986445223857e-02 2.018484030491008233e-02 1.554189307080676083e-02 9.462930248961132565e-03 -1.305926167858506570e-02 1.365859803241253195e-02 -2.811039664737995281e+03
-1.365583117101644428e-02 2.020264409384388282e-02 1.554529046753841751e-02 9.460488326400420117e-03 -1.305191169507969803e-02 1.365660486240873918e-02 -2.815273692308100635e+03
-1.367629086771069737e-02 2.022042014982122424e-02 1.554661732409429696e-02 9.468006957727148620e-03 -1.301057370092265943e-02 1.357634552981844094e-02 -2.819506829623261183e+03
-1.369674350605582305e-02 2.023811631642852618e-02 1.554985976254027319e-02 9.465449674247235212e-03 -1.300308440015416657e-02 1.357428667146597101e-02 -2.823739191682819637e+03
-1.371719180621803168e-02 2.025575859432802300e-02 1.555302465081864240e-02 9.462834686964339409e-03 -1.299552568715554857e-02 1.357219590681460822e-02 -2.827970720242851712e+03
-1.373763576546860148e-02 2.027334693117047518e-02 1.555611195184199332e-02 9.460161992923750082e-03 -1.298789766112173373e-02 1.357007166656160405e-02 -2.832201414804897013e+03
-1.375807538109386809e-02 2.029088127451176768e-02 1.555912161180943686e-02 9.457431526398574553e-03 -1.298020041667499389e-02 1.356791455415111078e-02 -2.836431274874316387e+03
-1.377851065033799602e-02 2.030836157223252225e-02 1.556205358852013297e-02 9.454643286378607014e-03 -1.297243430574651461e-02 1.356572424877864474e-02 -2.840660299948621741e+03
-1.379894157048628701e-02 2.032578777201711137e-02 1.556490781902257134e-02 9.451797188875201566e-03 -1.296459916985114383e-02 1.356350089787494023e-02 -2.844888489535464942e+03
-1.381936813876684031e-02 2.034315982192112099e-02 1.556768425264169406e-02 9.448893250310010442e-03 -1.295669528582091626e-02 1.356124417838576804e-02 -2.849115843128196957e+03
-1.383979035246495938e-02 2.036047767021768526e-02 1.557038282951106294e-02 9.445931434766194693e-03 -1.294872257297901251e-02 1.355895406400298153e-02 -2.853342360232006740e+03
-1.386020820877672047e-02 2.037774126604909725e-02 1.557300349059812308e-02 9.442911724131678244e-03 -1.294068117257118206e-02 1.355663084366344993e-02 -2.857568040335411752e+03
-1.388062170497111197e-02 2.039495055871526699e-02 1.557554616418926029e-02 9.439834064416292858e-03 -1.293257075274160603e-02 1.355427459441883691e-02 -2.861792882945234851e+03
-1.390103352372892842e-02 2.041215248994244363e-02 1.557522764050249010e-02 9.444106361745471107e-03 -1.295867144984293520e-02 1.335987772909183295e-02 -2.866016829802352731e+03
-1.392143829126120912e-02 2.042925302506395230e-02 1.557761418457791203e-02 9.440912816353569034e-03 -1.295042286024367453e-02 1.335745752597800387e-02 -2.870239995903940326e+03
-1.394184154840210146e-02 2.044630816704189752e-02 1.557887946280650700e-02 9.445546090645301138e-03 -1.289997846362880493e-02 1.326880548050461163e-02 -2.874462265245371782e+03
-1.396223757615073710e-02 2.046329974168240029e-02 1.558110965419087779e-02 9.442236617066298784e-03 -1.289159059549805850e-02 1.326631979886555394e-02 -2.878683752825795182e+03
-1.398262922981747397e-02 2.048023675921129341e-02 1.558326158625908224e-02 9.438869126762354858e-03 -1.288313338929074348e-02 1.326380226113455484e-02 -2.882904400384275959e+03
-1.400301918769155177e-02 2.049714813035487943e-02 1.558308982150664705e-02 9.445782095406505402e-03 -1.283095586576895285e-02 1.317527659588023890e-02 -2.887124149665583900e+03
-1.402340208481310524e-02 2.051397587747726126e-02 1.558508510207081733e-02 9.442298503934533002e-03 -1.282235902074962963e-02 1.317269493790719677e-02 -2.891343115662898526e+03
-1.404378059945054179e-02 2.053074890999828303e-02 1.558700199375498245e-02 9.438756834818880226e-03 -1.281369224701545823e-02 1.317008107133072446e-02 -2.895561240115950568e+03
-1.406415472885044760e-02 2.054746717428144326e-02 1.558884045351188567e-02 9.435157037558018767e-03 -1.280495620337368523e-02 1.316743562714370840e-02 -2.899778522526724828e+03
-1.408452447017684642e-02 2.056413061676447274e-02 1.559060044729805236e-02 9.431499097331147788e-03 -1.279615102203674436e-02 1.316475826684097503e-02 -2.903994962376673811e+03
-1.410488982066429586e-02 2.058073918340504183e-02 1.559228192804031250e-02 9.427782977180294149e-03 -1.278727694178447179e-02 1.316204909260500037e-02 -2.908210559159128934e+03
-1.412525077753595468e-02 2.059729282044313672e-02 1.559388484172781995e-02 9.424008702490563327e-03 -1.277833409202313447e-02 1.315930730020916338e-02 -2.912425312363056491e+03
-1.414560733799736549e-02 2.061379147450424429e-02 1.559540913277842125e-02 9.420176234127873929e-03 -1.276932243703342990e-02 1.315653307776659675e-02 -2.916639221475883460e+03
-1.416595949925677882e-02 2.063023509224480231e-02 1.559685473710696949e-02 9.416285573892001562e-03 -1.276024249898168733e-02 1.315372599518892412e-02 -2.920852285990115888e+03
-1.418630725847029247e-02 2.064662362052886030e-02 1.559822157638809242e-02 9.412336684568412687e-03 -1.275109413461372049e-02 1.315088633312994949e-02 -2.925064505388963426e+03
-1.420665061279365905e-02 2.066295700648070402e-02 1.559950958145838416e-02 9.408329526295448192e-03 -1.274187744679310813e-02 1.314801342586920281e-02 -2.929275879158441512e+03
-1.422698955937162259e-02 2.067923519743120400e-02 1.560071869255630350e-02 9.404264113801286823e-03 -1.273259247969568686e-02 1.314510782891706135e-02 -2.933486406782981248e+03
-1.424732409538306301e-02 2.069545814108628146e-02 1.560184885858187896e-02 9.400140377162665220e-03 -1.272323894524747881e-02 1.314216891659539081e-02 -2.937696087753781285e+03
-1.426765421792768052e-02 2.071162578545428581e-02 1.560290002095750944e-02 9.395958332136224167e-03 -1.271381658843226924e-02 1.313919793887764927e-02 -2.941904921544502940e+03
-1.428797992418763541e-02 2.072773807784645400e-02 1.560387214329224739e-02 9.391717944260559447e-03 -1.270432551712824543e-02 1.313619432297516779e-02 -2.946112907647637712e+03
-1.430830121126850860e-02 2.074379496555316810e-02 1.560476516473454159e-02 9.387419192414717117e-03 -1.269476514495561023e-02 1.313315851296190107e-02 -2.950320045540287083e+03
-1.432861807633078848e-02 2.075979639544659958e-02 1.560557903012552497e-02 9.383061996513923295e-03 -1.268513519323853297e-02 1.313009146717486128e-02 -2.954526334711559684e+03
-1.434893051645973715e-02 2.077574231426475640e-02 1.560631368779597482e-02 9.378646339638748580e-03 -1.267543582755182793e-02 1.312699222975734908e-02 -2.958731774634527028e+03
-1.436923852881106904e-02 2.079163266820057213e-02 1.560696909188163083e-02 9.374172182632426603e-03 -1.266566687945487428e-02 1.312386248075409975e-02 -2.962936364795892132e+03
-1.438954211051544571e-02 2.080746740295290678e-02 1.560754521032710340e-02 9.369639530279166850e-03 -1.265582854815337256e-02 1.312070156664154295e-02 -2.967140104672119378e+03
-1.440984125873562109e-02 2.082324646374489330e-02 1.560804199358905436e-02 9.365048370486926677e-03 -1.264592102274019608e-02 1.311750963651281410e-02 -2.971342993744046908e+03
-1.443013597061575982e-02 2.083896979558088822e-02 1.560845939722217170e-02 9.360398720600383859e-03 -1.263594439492699874e-02 1.311428654519391362e-02 -2.975545031487745746e+03
-1.445042624332942664e-02 2.085463734309564096e-02 1.560879736610965018e-02 9.355690570108090784e-03 -1.262589910551390436e-02 1.311103194218820288e-02 -2.979746217387014894e+03
-1.447071207397382896e-02 2.087024905103769881e-02 1.560905585222020255e-02 9.350923901898839166e-03 -1.261578513627603128e-02 1.310774560430684119e-02 -2.983946550911374743e+03
-1.449099345969417398e-02 2.088580486433015693e-02 1.560923479007189293e-02 9.346098738589296226e-03 -1.260560309255502609e-02 1.310442688362985914e-02 -2.988146031542636592e+03
-1.451127039761133941e-02 2.090130472808087586e-02 1.560933412240789013e-02 9.341215032311363589e-03 -1.259535307102730047e-02 1.310107690473132080e-02 -2.992344658757593152e+03
-1.453154561153811170e-02 2.091677826630335135e-02 1.560717758573277117e-02 9.346066048936681192e-03 -1.253507952701770137e-02 1.298938821808220609e-02 -2.996542374277967610e+03
-1.455181636907288897e-02 2.093218584163028875e-02 1.560521819947162554e-02 9.350385764544884987e-03 -1.247720625720724272e-02 1.287183873729869435e-02 -3.000739235324575020e+03
-1.457207994615107582e-02 2.094751752710428266e-02 1.560507834037853057e-02 9.345326225008075693e-03 -1.246675222249499920e-02 1.286838929666759591e-02 -3.004935299124936137e+03
-1.459233906378176217e-02 2.096279304383709755e-02 1.560485864039793877e-02 9.340207956416598373e-03 -1.245623051735906921e-02 1.286490779202995559e-02 -3.009130507400464012e+03
-1.461259371901312346e-02 2.097801233751895103e-02 1.560455905253373306e-02 9.335030952699007595e-03 -1.244564051242853103e-02 1.286139417440285322e-02 -3.013324859621242013e+03
-1.463284390891883904e-02 2.099317535385031297e-02 1.560417952293794916e-02 9.329795175904447360e-03 -1.243498191368566479e-02 1.285784907684112827e-02 -3.017518355262926889e+03
-1.465308963051397892e-02 2.100828203871546451e-02 1.560371999233618572e-02 9.324500613292197732e-03 -1.242425460589337456e-02 1.285427195166341172e-02 -3.021710993785594837e+03
-1.467333088092198819e-02 2.102333233751137870e-02 1.560318039253849251e-02 9.319147257881847668e-03 -1.241345833321213545e-02 1.285066464690360483e-02 -3.025902774668990787e+03
-1.469356765719548839e-02 2.103832619570458404e-02 1.560256066222781568e-02 9.313735068479378487e-03 -1.240259293555475047e-02 1.284702609909699200e-02 -3.030093697376299133e+03
-1.471379995640907483e-02 2.105326355826485710e-02 1.560186074236223630e-02 9.308264038599132692e-03 -1.239165814953367868e-02 1.284335648583628808e-02 -3.034283761376106668e+03
-1.473402777564351840e-02 2.106814436964891610e-02 1.560108058406432449e-02 9.302734139221006254e-03 -1.238065425813910346e-02 1.283965634321798839e-02 -3.038472966138781885e+03
-1.475425386996590850e-02 2.108299239146762399e-02 1.559843178826157695e-02 9.306109326374652907e-03 -1.230939928000601181e-02 1.272212926285649914e-02 -3.042661253373245927e+03
-1.477447272037814979e-02 2.109775993194641652e-02 1.559749101934780439e-02 9.300461775581339921e-03 -1.229825778275303941e-02 1.271836781278418323e-02 -3.046848738049955045e+03
-1.479468708200060156e-02 2.111247075159151596e-02 1.559646987513032580e-02 9.294755416792990776e-03 -1.228704808678434367e-02 1.271457443502297183e-02 -3.051035361887029921e+03
-1.481489695188961848e-02 2.112712479321628145e-02 1.559536831383424860e-02 9.288990226321302418e-03 -1.227577023874914207e-02 1.271075072390955712e-02 -3.055221124348503963e+03
-1.483510232706750781e-02 2.114172200006186886e-02 1.559418628665578017e-02 9.283166149139609330e-03 -1.226442422479749605e-02 1.270689439640140979e-02 -3.059406024892141886e+03
-1.485530320460291993e-02 2.115626231538269772e-02 1.559292374964454768e-02 9.277283130675632525e-03 -1.225301099506441102e-02 1.270300715470911411e-02 -3.063590062985110762e+03
-1.487549958152012582e-02 2.117074568228841450e-02 1.559158065502936306e-02 9.271341123882533355e-03 -1.224153018459648440e-02 1.269908830552779824e-02 -3.067773238086429501e+03
-1.489569145484910366e-02 2.118517204368842652e-02 1.559015695647558188e-02 9.265340059761489541e-03 -1.222998187711920801e-02 1.269513647249424261e-02 -3.071955549660005545e+03
-1.491587882158555180e-02 2.119954134263640766e-02 1.558865258727194433e-02 9.259279920301868166e-03 -1.221836605985901318e-02 1.269115344274959062e-02 -3.076136997164283457e+03
-1.493606167872714094e-02 2.121385352253301118e-02 1.558706748401249807e-02 9.253160722442616004e-03 -1.220668265127078031e-02 1.268713813347993255e-02 -3.080317580057146643e+03
-1.495624002329690692e-02 2.122810852735287565e-02 1.558540157212565981e-02 9.246982427543102429e-03 -1.219493122650678642e-02 1.268309175538834786e-02 -3.084497297800408887e+03
-1.497641385229062441e-02 2.124230630123419283e-02 1.558365478367702492e-02 9.240745031428477738e-03 -1.218311171194014393e-02 1.267901404439930255e-02 -3.088676149850477941e+03
-1.499658316268361567e-02 2.125644678863809756e-02 1.558182704446198392e-02 9.234448529420350577e-03 -1.217122429563372889e-02 1.267490528092105918e-02 -3.092854135660935299e+03
-1.501674795148300393e-02 2.127052993385195739e-02 1.557991828053090222e-02 9.228092860167647418e-03 -1.215926798575693059e-02 1.267076534032803015e-02 -3.097031254691813501e+03
-1.503690821566697026e-02 2.128455568069472989e-02 1.557792843185597069e-02 9.221678042989241153e-03 -1.214724334953795094e-02 1.266659462229674862e-02 -3.101207506397447105e+03
-1.505706395221005287e-02 2.129852397239015774e-02 1.557585743046970873e-02 9.215204090123527841e-03 -1.213514976419467241e-02 1.266239306589488425e-02 -3.105382890231973761e+03
-1.507721515808825921e-02 2.131243475173445062e-02 1.557370522066135916e-02 9.208670966753942921e-03 -1.212298786032100714e-02 1.265816148943804155e-02 -3.109557405648863096e+03
-1.509736183028918648e-02 2.132628796087149975e-02 1.557147177004518032e-02 9.202078675126642779e-03 -1.211075703319094629e-02 1.265389877072205758e-02 -3.113731052102680678e+03
-1.511750669942555324e-02 2.134012219092909501e-02 1.556656537143020699e-02 9.204511968789267848e-03 -1.206811192890102670e-02 1.246747471603123006e-02 -3.117903771292909369e+03
-1.513764429524027885e-02 2.135386008426753274e-02 1.556416935907553242e-02 9.197801260063354772e-03 -1.205574488948876061e-02 1.246315050573835667e-02 -3.122075678179005990e+03
-1.515777734830872463e-02 2.136754023177933615e-02 1.556169202676608611e-02 9.191031250444176362e-03 -1.204331052239568725e-02 1.245879709869554021e-02 -3.126246714453001005e+03
-1.517790585562280893e-02 2.138116257443335028e-02 1.555913333621970589e-02 9.184201880228653331e-03 -1.203080859635645428e-02 1.245441307206984760e-02 -3.130416879570201672e+03
-1.519802981415294303e-02 2.139472705323527263e-02 1.555649324326651567e-02 9.177313165701537004e-03 -1.201823944740970131e-02 1.244999774457187201e-02 -3.134586172980589254e+03
-1.521814922085305659e-02 2.140823360949700715e-02 1.555377169153290655e-02 9.170365075694296084e-03 -1.200560318504800134e-02 1.244555268523818599e-02 -3.138754594128582085e+03
-1.523826407270717671e-02 2.142168218435379703e-02 1.555096861937434183e-02 9.163357621005676149e-03 -1.199289976921512173e-02 1.244107597595276934e-02 -3.142922142465004072e+03
-1.525837436664797576e-02 2.143507271934947528e-02 1.554808394794039358e-02 9.156290855005832716e-03 -1.198012915530317218e-02 1.243656802834331755e-02 -3.147088817432305405e+03
-1.527848009963107649e-02 2.144840515611873624e-02 1.554511759574911736e-02 9.149164723102858401e-03 -1.196729139676881541e-02 1.243202814047563755e-02 -3.151254618480371846e+03
-1.529858126857648083e-02 2.146167943704696546e-02 1.554206947600335689e-02 9.141979196151598167e-03 -1.195438610086064536e-02 1.242745711899257040e-02 -3.155419545053998263e+03
-1.531867787036698264e-02 2.147489550469326366e-02 1.553893950879793075e-02 9.134734252438811430e-03 -1.194141328668610856e-02 1.242285477062991979e-02 -3.159583596592510276e+03
-1.533876990191997136e-02 2.148805330112659243e-02 1.553572761350980290e-02 9.127429868768566906e-03 -1.192837335272749384e-02 1.241822186754913855e-02 -3.163746772544395299e+03
-1.535885736010938508e-02 2.150115276861516017e-02 1.553243373286440979e-02 9.120066031921053931e-03 -1.191526526121491729e-02 1.241355791266483301e-02 -3.167909072347692018e+03
-1.537894024185286479e-02 2.151419384915747440e-02 1.552905780629280051e-02 9.112642748261734482e-03 -1.190208909463573612e-02 1.240886346044223210e-02 -3.172070495448158454e+03
-1.539901854404344787e-02 2.152717648436212883e-02 1.552559978492951652e-02 9.105159944223751092e-03 -1.188884466781065657e-02 1.240413943139157676e-02 -3.176231041286013806e+03
-1.541909226354749862e-02 2.154010061526996991e-02 1.552205961972110033e-02 9.097617573838491165e-03 -1.187553248286405023e-02 1.239938414772486647e-02 -3.180390709295769284e+03
-1.543916419967327619e-02 2.155298600971770548e-02 1.551687802264509024e-02 9.098115053995298185e-03 -1.178920256522446308e-02 1.225590616152777076e-02 -3.184549441179940914e+03
-1.545922874457567910e-02 2.156579295224446413e-02 1.551317350793692332e-02 9.090453363292146441e-03 -1.177575455093629771e-02 1.225109219997720482e-02 -3.188707351865592045e+03
-1.547928869753279271e-02 2.157854121011451229e-02 1.550938678601103751e-02 9.082731998515098867e-03 -1.176223903728014150e-02 1.224624824584892233e-02 -3.192864383043594444e+03
-1.549934405545099272e-02 2.159123072279054215e-02 1.550551781300549270e-02 9.074950953628783609e-03 -1.174865613718867677e-02 1.224137527292043157e-02 -3.197020534149249670e+03
-1.551939481526635328e-02 2.160386142944119986e-02 1.550156655303187685e-02 9.067110253265283498e-03 -1.173500626662768442e-02 1.223647360780689627e-02 -3.201175804624947432e+03
-1.553944097383390052e-02 2.161643326956693908e-02 1.549753294454425147e-02 9.059209910847083880e-03 -1.172128964149370470e-02 1.223154086817758966e-02 -3.205330193896111268e+03
-1.555948252809029146e-02 2.162894618230266561e-02 1.549341692519561053e-02 9.051249933875364986e-03 -1.170750584068296594e-02 1.222657792604920322e-02 -3.209483701406189994e+03
-1.557951947489776175e-02 2.164140010754595639e-02 1.548921841106123271e-02 9.043230359292565509e-03 -1.169365572727680894e-02 1.222158504669410006e-02 -3.213636326584280596e+03
-1.559955181113853971e-02 2.165379498509124520e-02 1.548493733066224134e-02 9.035151164225556711e-03 -1.167973877018338956e-02 1.221656014909787077e-02 -3.217788068867472703e+03
-1.561957953361030500e-02 2.166613075478814043e-02 1.548057360222123563e-02 9.027012336477039864e-03 -1.166575526723590689e-02 1.221150511171251000e-02 -3.221938927678338587e+03
-1.563960263918906871e-02 2.167840735638917882e-02 1.547612714063286744e-02 9.018813855464878279e-03 -1.165170498819433943e-02 1.220641773232816404e-02 -3.226088902458630855e+03
-1.565962112465683204e-02 2.169062473035599306e-02 1.547159787950595604e-02 9.010555657414098807e-03 -1.163758812386981797e-02 1.220130000724918215e-02 -3.230237992631130055e+03
-1.567963498682918566e-02 2.170278281676747342e-02 1.546698574703227538e-02 9.002237633942264741e-03 -1.162340401514952784e-02 1.219615240808168480e-02 -3.234386197626453395e+03
-1.569964422250057223e-02 2.171488155585426377e-02 1.546229068585220322e-02 8.993859728405015005e-03 -1.160915254646020280e-02 1.219097322881061533e-02 -3.238533516870706535e+03
-1.571964882853677317e-02 2.172692088751162348e-02 1.545751264003102261e-02 8.985421906760705096e-03 -1.159483360144907688e-02 1.218576543741946121e-02 -3.242679949801939529e+03
-1.573964880170459699e-02 2.173890075187916507e-02 1.545265157627422233e-02 8.976924152934925849e-03 -1.158044762301263866e-02 1.218052797993382161e-02 -3.246825495834754292e+03
-1.575964413884535509e-02 2.175082108803653644e-02 1.544770744710870398e-02 8.968366392706390161e-03 -1.156599424314196274e-02 1.217526190524851303e-02 -3.250970154399212333e+03
-1.577963757725545785e-02 2.176270822901768195e-02 1.544057366686758456e-02 8.968643397496129863e-03 -1.147854462800505272e-02 1.201898274798168277e-02 -3.255113867170769481e+03
-1.579962363282784096e-02 2.177450932332482617e-02 1.543546328270498959e-02 8.959965648071043301e-03 -1.146395621753944216e-02 1.201365854282842628e-02 -3.259256749069221769e+03
-1.581960504289577768e-02 2.178625070336613970e-02 1.543026971187191898e-02 8.951227891604978185e-03 -1.144930121734703127e-02 1.200830563551280074e-02 -3.263398741776371935e+03
-1.583958180425344350e-02 2.179793230686581304e-02 1.542499291987929448e-02 8.942430149447556237e-03 -1.143457916893562271e-02 1.200292387798853645e-02 -3.267539844705919677e+03
-1.585955391374663584e-02 2.180955407136856219e-02 1.541963286314565994e-02 8.933572511388447948e-03 -1.141979045381430816e-02 1.199751276485349141e-02 -3.271680057284241684e+03
-1.587952136817956730e-02 2.182111593447974562e-02 1.541418947973354631e-02 8.924655004044906859e-03 -1.140493532428325796e-02 1.199207219223415687e-02 -3.275819378932266773e+03
-1.589948416431920253e-02 2.183261783360248079e-02 1.540866270765468664e-02 8.915677615233872852e-03 -1.139001400652103063e-02 1.198660081215610455e-02 -3.279957809065276706e+03
-1.591944229899257615e-02 2.184405970615355130e-02 1.540305247513857646e-02 8.906640345818435042e-03 -1.137502649571620235e-02 1.198109981860833242e-02 -3.284095347112000582e+03
-1.593939576893268692e-02 2.185544149011712720e-02 1.539735872106433485e-02 8.897543161830038030e-03 -1.135997273418686351e-02 1.197556808515352379e-02 -3.288231992482436453e+03
-1.595934457091577330e-02 2.186676312322367172e-02 1.539158137578338671e-02 8.888385980217669569e-03 -1.134485298539689678e-02 1.197000619666055421e-02 -3.292367744598059289e+03
-1.597928870168171048e-02 2.187802454349471737e-02 1.538572036381777829e-02 8.879168721751625262e-03 -1.132966723934789553e-02 1.196441425959951163e-02 -3.296502602874145850e+03
-1.599922815795061168e-02 2.188922568926148296e-02 1.537977561448196015e-02 8.869891343585191087e-03 -1.131441556205286733e-02 1.195879232918465110e-02 -3.300636566721806503e+03
-1.601916293651147946e-02 2.190036649831075127e-02 1.537374705899985892e-02 8.860553745888960150e-03 -1.129909744436287736e-02 1.195314064404217995e-02 -3.304769635566053694e+03
-1.603909303404901787e-02 2.191144690887249225e-02 1.536763462301644206e-02 8.851155913638693654e-03 -1.128371270093255635e-02 1.194745948633549153e-02 -3.308901808810267539e+03
-1.605901844730787259e-02 2.192246685901837536e-02 1.536143824655344069e-02 8.841697808701224834e-03 -1.126826132976039944e-02 1.194174944950987353e-02 -3.313033085868377384e+03
-1.607893917302063644e-02 2.193342628674908520e-02 1.535515787328314667e-02 8.832179419040410775e-03 -1.125274305992793496e-02 1.193601041785532883e-02 -3.317163466150197564e+03
-1.609885520796436320e-02 2.194432512929943985e-02 1.534879344895064175e-02 8.822600731955176911e-03 -1.123715840152030541e-02 1.193024323241186763e-02 -3.321292949074969329e+03
-1.611876654882321916e-02 2.195516332318371566e-02 1.534234492509469611e-02 8.812961747176771207e-03 -1.122150681973632484e-02 1.192444727067651193e-02 -3.325421534040227925e+03
-1.613867319238356315e-02 2.196594080391933712e-02 1.533581226833838698e-02 8.803262474990287620e-03 -1.120578826475178945e-02 1.191862258336827754e-02 -3.329549220463782603e+03
-1.615857513537928905e-02 2.197665750712456123e-02 1.532919544459179599e-02 8.793502955928228851e-03 -1.119000355471490814e-02 1.191277016299446476e-02 -3.333676007753383146e+03
-1.617847237454529685e-02 2.198731336833734812e-02 1.532249442371950120e-02 8.783683211353570525e-03 -1.117415234107905705e-02 1.190688900317083722e-02 -3.337801895318177230e+03
-1.619836490655730821e-02 2.199790832339735755e-02 1.531570916776017061e-02 8.773803285378948061e-03 -1.115823505592629557e-02 1.190097880239040368e-02 -3.341926882556505007e+03
-1.621825272817693786e-02 2.200844230771488094e-02 1.530883962419803297e-02 8.763863166053983272e-03 -1.114225171679380545e-02 1.189503885700023481e-02 -3.346050968886333976e+03
-1.623813583607738864e-02 2.201891525714594691e-02 1.530188573701470739e-02 8.753862813619672778e-03 -1.112620283224391264e-02 1.188907219504374731e-02 -3.350174153704531363e+03
-1.625801422697730619e-02 2.202932710741601838e-02 1.529484743715372498e-02 8.743802175429589429e-03 -1.111008844933170960e-02 1.188307515806085769e-02 -3.354296436417094810e+03
-1.627788789756450319e-02 2.203967779425320891e-02 1.528772466096402216e-02 8.733681271640708274e-03 -1.109390876557817852e-02 1.187704832319878140e-02 -3.358417816424610010e+03
-1.629775684457394555e-02 2.204996725329460422e-02 1.528051734229344920e-02 8.723500049063425549e-03 -1.107766419837372812e-02 1.187099353301930039e-02 -3.362538293140527003e+03
-1.631762106460838205e-02 2.206019542063882011e-02 1.527322540395322469e-02 8.713258447036039897e-03 -1.106135394953361786e-02 1.186490810903364709e-02 -3.366657865952131033e+03
-1.633748327207521292e-02 2.207039609317104981e-02 1.526315709828942289e-02 8.712446639217719113e-03 -1.097477867211399047e-02 1.168571578676149206e-02 -3.370776476514199203e+03
-1.635734073149626433e-02 2.208054679348428473e-02 1.525241361841665408e-02 8.711303572872565459e-03 -1.091629741752814936e-02 1.146239977364301409e-02 -3.374894181976035725e+03
-1.637719075056535273e-02 2.209059070239183936e-02 1.524486732287554623e-02 8.700880425490766998e-03 -1.089979051262155406e-02 1.145622734474713647e-02 -3.379011039480755699e+03
-1.639703602929194759e-02 2.210057306335456301e-02 1.523723607495384470e-02 8.690396723965080131e-03 -1.088321767362279875e-02 1.145002535909689367e-02 -3.383126990682702854e+03
-1.641687656427836053e-02 2.211049381207183875e-02 1.522951982387660969e-02 8.679852471065599775e-03 -1.086657855909424139e-02 1.144379519677284941e-02 -3.387242034969905490e+03
-1.643671235218553336e-02 2.212035288327057758e-02 1.522171853859393721e-02 8.669247638173309053e-03 -1.084987322445813904e-02 1.143753698938626030e-02 -3.391356171743196683e+03
-1.645654338964935501e-02 2.213015021103177660e-02 1.521383218693302640e-02 8.658582233227967925e-03 -1.083310140097380227e-02 1.143125158358068369e-02 -3.395469400397512345e+03
-1.647636967327640450e-02 2.213988572895459958e-02 1.520586074997103132e-02 8.647856238405129611e-03 -1.081626367792350510e-02 1.142493809166793967e-02 -3.399581720321750709e+03
-1.649619119974711848e-02 2.214955937037835221e-02 1.519780418852870359e-02 8.637069637144034404e-03 -1.079936004657751879e-02 1.141859727695876056e-02 -3.403693130916268728e+03
-1.651600796568629057e-02 2.215917106930681904e-02 1.518966246654126009e-02 8.626222478805243080e-03 -1.078239097882260217e-02 1.141222947739911273e-02 -3.407803631566378954e+03
-1.653582288240305898e-02 2.216871375533372920e-02 1.518046530646660446e-02 8.620920986970849464e-03 -1.068438438396513215e-02 1.123018313912005177e-02 -3.411913163917810834e+03
-1.655563011724410158e-02 2.217820137121378696e-02 1.517215309562732969e-02 8.609952796851109980e-03 -1.066728481862241895e-02 1.122375996533653275e-02 -3.416021842859838216e+03
-1.657543258145494081e-02 2.218762684636820318e-02 1.516375555460811389e-02 8.598924109094239696e-03 -1.065012003738286840e-02 1.121730814060936492e-02 -3.420129610026062437e+03
-1.659523027172200155e-02 2.219699011377303591e-02 1.515527263089540624e-02 8.587834866556096763e-03 -1.063289112293330958e-02 1.121082842835399024e-02 -3.424236464818724016e+03
-1.661502318458550620e-02 2.220629110727372069e-02 1.514670425631696980e-02 8.576685033179595047e-03 -1.061559743271946535e-02 1.120431971310604201e-02 -3.428342406612266586e+03
-1.663481131664557369e-02 2.221552976093615211e-02 1.513805035450583453e-02 8.565474603729070213e-03 -1.059823967159130402e-02 1.119778132745395498e-02 -3.432447434796067682e+03
-1.665459466447168427e-02 2.222470600881254824e-02 1.512931084129368053e-02 8.554203519477138196e-03 -1.058081737823510921e-02 1.119121320905906540e-02 -3.436551548753053794e+03
-1.667437322464530858e-02 2.223381978480855684e-02 1.512048562821619209e-02 8.542871713733487735e-03 -1.056333018993713124e-02 1.118461644762931001e-02 -3.440654747871223208e+03
-1.669414699367528787e-02 2.224287102248271100e-02 1.511157461836283578e-02 8.531479132172486296e-03 -1.054577814914461377e-02 1.117799047918173472e-02 -3.444757031526752598e+03
-1.671391596813787822e-02 2.225185965435658164e-02 1.510257775166057304e-02 8.520025698842595419e-03 -1.052816055328467150e-02 1.117133657999145289e-02 -3.448858399110494247e+03
-1.673368014452548264e-02 2.226078561365857703e-02 1.509349496206041988e-02 8.508511371078992039e-03 -1.051047751658967626e-02 1.116465566728756451e-02 -3.452958849995147375e+03
-1.675343951940644685e-02 2.226964883332133160e-02 1.508432621546301235e-02 8.496936117616041978e-03 -1.049272869980688583e-02 1.115794673215069269e-02 -3.457058383568796216e+03
-1.677319408930047495e-02 2.227844924635979246e-02 1.507507147597865124e-02 8.485299914944422275e-03 -1.047491477655994666e-02 1.115121226317913536e-02 -3.461156999203572013e+03
-1.679294385079784652e-02 2.228718678505828624e-02 1.506573070270224475e-02 8.473602818103035186e-03 -1.045703503667906598e-02 1.114445047185127179e-02 -3.465254696281444922e+03
-1.681268880045322031e-02 2.229586138102485418e-02 1.505630385460366739e-02 8.461844850162703741e-03 -1.043909001574430499e-02 1.113766249069706067e-02 -3.469351474177096406e+03
-1.683242893483704108e-02 2.230447296583001546e-02 1.504679088265212933e-02 8.450026067194655460e-03 -1.042108033677759116e-02 1.113084870382533183e-02 -3.473447332269523940e+03
-1.685216425048753283e-02 2.231302147151563095e-02 1.503719173729586162e-02 8.438146488008783225e-03 -1.040300564325745240e-02 1.112400752085699294e-02 -3.477542269931273950e+03
-1.687189474398960443e-02 2.232150682982263559e-02 1.502750636823029125e-02 8.426206127520067743e-03 -1.038486697504350728e-02 1.111713924777314559e-02 -3.481636286545693110e+03
-1.689162041183746299e-02 2.232992897242105923e-02 1.501773473363425884e-02 8.414204999098418361e-03 -1.036666412977014888e-02 1.111024330906764702e-02 -3.485729381476530307e+03
-1.691134125059937099e-02 2.233828783053696393e-02 1.500787677691942448e-02 8.402143081010020678e-03 -1.034839753420307984e-02 1.110331987770363064e-02 -3.489821554103362814e+03
-1.693105725679949769e-02 2.234658333575224518e-02 1.499793244417706693e-02 8.390020356993250703e-03 -1.033006716288812840e-02 1.109636718455684137e-02 -3.493912803798995810e+03
-1.695076842690332319e-02 2.235481541978787470e-02 1.498790166151823568e-02 8.377836823781958930e-03 -1.031167317016883425e-02 1.108938570621028144e-02 -3.498003129929268198e+03
-1.697047742096527423e-02 2.236304089200198339e-02 1.497455989678877358e-02 8.367995448560459210e-03 -1.029039964128882628e-02 1.084788696811314450e-02 -3.502092474113203934e+03
-1.699018164211813300e-02 2.237116846189372843e-02 1.496216075431650895e-02 8.364009653879171668e-03 -1.018495703264685193e-02 1.064724642109419507e-02 -3.506180893468719660e+03
-1.700987828273647570e-02 2.237920987098416387e-02 1.495187019523471113e-02 8.351643162642450463e-03 -1.016637103581937047e-02 1.064018132833861353e-02 -3.510268445119754688e+03
-1.702957007312592974e-02 2.238718758337683232e-02 1.494149287737859058e-02 8.339215564505883527e-03 -1.014772033698381308e-02 1.063308833530545242e-02 -3.514355070680900099e+03
-1.704925700972112837e-02 2.239510152995238812e-02 1.493102873030576101e-02 8.326726778141594135e-03 -1.012900483956779771e-02 1.062596848215398466e-02 -3.518440769512820680e+03
-1.706893908896918097e-02 2.240295164206200160e-02 1.492047766601794015e-02 8.314176784341450674e-03 -1.011022464207855104e-02 1.061882286444263031e-02 -3.522525540976629600e+03
-1.708861908920827552e-02 2.241075735769339564e-02 1.490793069298852573e-02 8.309263345610112469e-03 -1.000087572693591532e-02 1.041560283315029305e-02 -3.526609326687813336e+03
-1.710829144317168801e-02 2.241847959280496988e-02 1.489720565060322945e-02 8.296591021708592251e-03 -9.981966178988587943e-03 1.040840610732653333e-02 -3.530692241513797399e+03
-1.712795892919616314e-02 2.242613778472863847e-02 1.488639355826215475e-02 8.283857590233863893e-03 -9.962992358822865893e-03 1.040118283634299326e-02 -3.534774227065969626e+03
-1.714762154371563679e-02 2.243373186331147975e-02 1.487549438189834754e-02 8.271063092021004037e-03 -9.943954716611221392e-03 1.039393443725607907e-02 -3.538855282698986684e+03
-1.716727928320991789e-02 2.244126175773463253e-02 1.486450806940604885e-02 8.258207543439342185e-03 -9.924853098208149052e-03 1.038665856440235645e-02 -3.542935407776427837e+03
-1.718693214412168185e-02 2.244872739732653791e-02 1.485343457262609974e-02 8.245290963306544513e-03 -9.905688190222295547e-03 1.037935617855530873e-02 -3.547014601655218939e+03
-1.720658012291094441e-02 2.245612871134583521e-02 1.484227386370536549e-02 8.232313389921636429e-03 -9.886459936418647704e-03 1.037202761822027773e-02 -3.551092863697605480e+03
-1.722622321599441217e-02 2.246346562911866532e-02 1.483102589913869347e-02 8.219274751022605588e-03 -9.867168026726174171e-03 1.036467065381529475e-02 -3.555170193258862128e+03
-1.724586141974865719e-02 2.247073808024899547e-02 1.481969064157117114e-02 8.206175024967912734e-03 -9.847813371215633285e-03 1.035728654375440635e-02 -3.559246589687516462e+03
-1.726549746297438917e-02 2.247798009422034837e-02 1.480543383542826281e-02 8.202169271176045634e-03 -9.751414923160898335e-03 1.014160325030481237e-02 -3.563321994605421878e+03
-1.728512587737057737e-02 2.248512339963306891e-02 1.479392380174062403e-02 8.188947252538525054e-03 -9.731933709658253939e-03 1.013416393794525951e-02 -3.567396522850890051e+03
-1.730474939166050038e-02 2.249220202580958991e-02 1.478232626461386916e-02 8.175664044159794766e-03 -9.712389594207818458e-03 1.012669782213142591e-02 -3.571470116029006476e+03
-1.732436800222221865e-02 2.249921590147836020e-02 1.477064114697329046e-02 8.162319581919721956e-03 -9.692782033833700212e-03 1.011920643524975502e-02 -3.575542773487765317e+03
-1.734398170548133097e-02 2.250616495504225920e-02 1.475886834547155899e-02 8.148913817105194954e-03 -9.673111042132229859e-03 1.011168766328201379e-02 -3.579614494588522575e+03
-1.736359049772227478e-02 2.251304911547818283e-02 1.474700776829348560e-02 8.135446679070509196e-03 -9.653376228503441833e-03 1.010414350995253972e-02 -3.583685278664233920e+03
-1.738319437532720446e-02 2.251986831151766427e-02 1.473505931572460098e-02 8.121918118482875093e-03 -9.633577597949059129e-03 1.009657397498972195e-02 -3.587755125070591021e+03
-1.740279333465384951e-02 2.252662247172702858e-02 1.472302291898061090e-02 8.108328132083742965e-03 -9.613715359183714129e-03 1.008897900384516863e-02 -3.591824033156519818e+03
-1.742239014440593800e-02 2.253332386438135909e-02 1.470900243129447463e-02 8.102071757640291402e-03 -9.506630419533828105e-03 9.870344209862245283e-03 -3.595891944514651641e+03
-1.744197925618536441e-02 2.253994773711277128e-02 1.469679001880077988e-02 8.088359057558093534e-03 -9.486641496826535291e-03 9.862698274429719872e-03 -3.599958973984045770e+03
-1.746156343876445124e-02 2.254650635743381260e-02 1.468448955703129631e-02 8.074585054378689494e-03 -9.466589313870812233e-03 9.855025474188630966e-03 -3.604025063171715829e+03
-1.748114268845814279e-02 2.255299965262733131e-02 1.467210101583499467e-02 8.060749767540734828e-03 -9.446474099714415387e-03 9.847327676400185331e-03 -3.608090211413988982e+03
-1.750071700160221039e-02 2.255942754933434879e-02 1.465962436834252446e-02 8.046853151071686056e-03 -9.426296077454049058e-03 9.839603664531860680e-03 -3.612154418051589801e+03
-1.752028637457691412e-02 2.256578997438000653e-02 1.464705957681677884e-02 8.032895187692483049e-03 -9.406055311443560149e-03 9.831854365965850620e-03 -3.616217682434773451e+03
-1.753985080367116700e-02 2.257208685526696651e-02 1.463440659786862524e-02 8.018875878736078655e-03 -9.385752154759598176e-03 9.824078837858110994e-03 -3.620280003892432433e+03
-1.755941028527280984e-02 2.257831811906660033e-02 1.462166537731837690e-02 8.004795215218133558e-03 -9.365386580459263838e-03 9.816277908345367662e-03 -3.624341381772861951e+03
-1.757896481568635080e-02 2.258448369307556811e-02 1.460883585157750526e-02 7.990653223431915669e-03 -9.344958471945203834e-03 9.808450592548650579e-03 -3.628401815406537025e+03
-1.759851439123197303e-02 2.259058350407091437e-02 1.459591795959993589e-02 7.976449895658216035e-03 -9.324468275324371627e-03 9.800597259656002730e-03 -3.632461304130288227e+03
-1.761805900822169951e-02 2.259661747856025332e-02 1.458291162143398809e-02 7.962185209217272075e-03 -9.303915588966357730e-03 9.792717151988450733e-03 -3.636519847283489980e+03
-1.763759866291609787e-02 2.260258554310652646e-02 1.456981675226897907e-02 7.947859109354084642e-03 -9.283300975669815311e-03 9.784812039125808866e-03 -3.640577444196716897e+03
-1.765713335159825939e-02 2.260848762420700209e-02 1.455663324839187242e-02 7.933471560120237617e-03 -9.262623948637674701e-03 9.776881811063198660e-03 -3.644634094205847759e+03
-1.767666307050931931e-02 2.261432364832050013e-02 1.454336101649373811e-02 7.919022491554539647e-03 -9.241884290990837886e-03 9.768926118264142228e-03 -3.648689796637687323e+03
-1.769618781589485379e-02 2.262009354157448401e-02 1.452999996549685785e-02 7.904511826095932461e-03 -9.221082011054934982e-03 9.760944214127360505e-03 -3.652744550822387282e+03
-1.771570758402217158e-02 2.262579722957202763e-02 1.451655001951103127e-02 7.889939523987492612e-03 -9.200217019896131734e-03 9.752937626749799346e-03 -3.656798356097766828e+03
-1.773522237106895869e-02 2.263143463798733199e-02 1.450301113999399524e-02 7.875305606178949897e-03 -9.179289337620341604e-03 9.744905997651131732e-03 -3.660851211781674010e+03
-1.775473217332499201e-02 2.263700569185628578e-02 1.448938329436102145e-02 7.860610062162879524e-03 -9.158299382319729648e-03 9.736849870683522354e-03 -3.664903117215048951e+03
-1.777423974142813140e-02 2.264253243136742436e-02 1.447339165229898604e-02 7.853817845207035353e-03 -9.045765321823349969e-03 9.508373121353873650e-03 -3.668954013964896603e+03
-1.779373956278699001e-02 2.264797055191321296e-02 1.445958579896121365e-02 7.838999103176503072e-03 -9.024650491316784512e-03 9.500267711607017843e-03 -3.673004016860291358e+03
-1.781323438813110088e-02 2.265334209315616326e-02 1.444569088730572777e-02 7.824118784983551816e-03 -9.003474144274313876e-03 9.492137863317099550e-03 -3.677053067481212565e+03
-1.783272421367329205e-02 2.265864698001597913e-02 1.443170686657437550e-02 7.809176914695275390e-03 -8.982235923274262471e-03 9.483983471292388445e-03 -3.681101165140756621e+03
-1.785220903567947756e-02 2.266388513693388257e-02 1.441763368426523736e-02 7.794173512841258769e-03 -8.960935960047379870e-03 9.475804318406931895e-03 -3.685148309166213949e+03
-1.787168885039770033e-02 2.266905648848275071e-02 1.440347127512955384e-02 7.779108594581001478e-03 -8.939574946665381980e-03 9.467600045101991213e-03 -3.689194498882676726e+03
-1.789116365403536565e-02 2.267416095951902549e-02 1.438921958713847843e-02 7.763982153972204779e-03 -8.918152258700882268e-03 9.459371146810377495e-03 -3.693239733607885228e+03
-1.791063914355683559e-02 2.267919890275994083e-02 1.437178796237696329e-02 7.760740645144792969e-03 -8.700660660647341338e-03 9.011147418710934581e-03 -3.697283897152101872e+03
-1.793010391366878578e-02 2.268416938660923129e-02 1.435735751439358963e-02 7.745491220311256399e-03 -8.679115591468986035e-03 9.002867704405470919e-03 -3.701327219851419159e+03
-1.794956366126307379e-02 2.268907276314224147e-02 1.434283758625329655e-02 7.730180256548419351e-03 -8.657509104127396674e-03 8.994562291953223099e-03 -3.705369585507110060e+03
-1.796901838250354599e-02 2.269390895622681176e-02 1.432822809840187360e-02 7.714807676832682523e-03 -8.635841211409409079e-03 8.986232380985087476e-03 -3.709410993436939862e+03
-1.798846807352867325e-02 2.269867788965725455e-02 1.431352896089321466e-02 7.699373361274538738e-03 -8.614112019454635977e-03 8.977878298416341885e-03 -3.713451442954264621e+03
-1.800791273053080344e-02 2.270337948622061161e-02 1.429874009398752858e-02 7.683877219268686089e-03 -8.592321245275005154e-03 8.969499131844686779e-03 -3.717490933383824540e+03
-1.802735234958701208e-02 2.270801366947696950e-02 1.428386141999911027e-02 7.668319207949294766e-03 -8.570468671694805168e-03 8.961097269286896067e-03 -3.721529464023863966e+03
-1.804678692686260619e-02 2.271258036231648889e-02 1.426889287721695189e-02 7.652699317922256016e-03 -8.548554594667773232e-03 8.952671372907569994e-03 -3.725567034190362847e+03
-1.806621645851072197e-02 2.271707948752030651e-02 1.425383441676588911e-02 7.637017581980068588e-03 -8.526579019949031418e-03 8.944221569916132111e-03 -3.729603643194563119e+03
-1.808564387125110792e-02 2.272149999981233973e-02 1.423767764358409814e-02 7.625882268490095234e-03 -8.399141150620299812e-03 8.717274014576968655e-03 -3.733639232590179290e+03
-1.810506330009513734e-02 2.272586375810742298e-02 1.422243920647991988e-02 7.610076979054055182e-03 -8.377043418075038814e-03 8.708776220406007351e-03 -3.737673917190876182e+03
-1.812447767174460780e-02 2.273015971712815525e-02 1.420711071672172907e-02 7.594209936008803653e-03 -8.354884886930230570e-03 8.700255812558605958e-03 -3.741707638545924965e+03
-1.814388698237500916e-02 2.273438779886442773e-02 1.419169213022273938e-02 7.578281180810539364e-03 -8.332666174973701184e-03 8.691711098891167359e-03 -3.745740395968231041e+03
-1.816329122811651681e-02 2.273854792531081540e-02 1.417618338936642124e-02 7.562290747709764921e-03 -8.310386581782770732e-03 8.683142334723337186e-03 -3.749772188762824953e+03
-1.818269040505724951e-02 2.274264001890606915e-02 1.416058443793724239e-02 7.546238663060473965e-03 -8.288046395152176907e-03 8.674549559904532609e-03 -3.753803016226951058e+03
-1.820208450930893909e-02 2.274666400179004705e-02 1.414489522834590750e-02 7.530124934892708406e-03 -8.265645792657195373e-03 8.665932339157435965e-03 -3.757832877664117859e+03
-1.822147353696196639e-02 2.275061979616125468e-02 1.412911571799243746e-02 7.513949518583759937e-03 -8.243184887595823851e-03 8.657291452706931956e-03 -3.761861772373298209e+03
-1.824085748413289618e-02 2.275450732370714116e-02 1.411324586407912245e-02 7.497712348411116057e-03 -8.220663177679797540e-03 8.648624814525385229e-03 -3.765889699660499900e+03
-1.826023634688424269e-02 2.275832650592683054e-02 1.409728561191884999e-02 7.481413414260095103e-03 -8.198081340635522685e-03 8.639935160207130177e-03 -3.769916658823639409e+03
-1.827961012124501919e-02 2.276207726432340900e-02 1.408123487539722496e-02 7.465052637504173381e-03 -8.175439276476275524e-03 8.631222802640156622e-03 -3.773942649152406375e+03
-1.829897880330625184e-02 2.276575951979575158e-02 1.406509357263999692e-02 7.448629971062855140e-03 -8.152736932535589384e-03 8.622487096164385342e-03 -3.777967669948047842e+03
-1.831834238911422830e-02 2.276937319285206318e-02 1.404886160855177250e-02 7.432145357580884418e-03 -8.129974022275105253e-03 8.613728917418137301e-03 -3.781991720500744577e+03
-1.833770087474208971e-02 2.277291820380727277e-02 1.403253888598628325e-02 7.415598755314064573e-03 -8.107151146204900558e-03 8.604948227092536900e-03 -3.786014800108824147e+03
-1.835705425621406497e-02 2.277639447333942857e-02 1.401612533279832616e-02 7.398990139606324151e-03 -8.084267882156524060e-03 8.596143476043878462e-03 -3.790036908062613293e+03
-1.837640252951202799e-02 2.277980192173868074e-02 1.399962086854845099e-02 7.382319521706082882e-03 -8.061324796934219925e-03 8.587316279253350698e-03 -3.794058043644812642e+03
-1.839574569074122271e-02 2.278314046830077003e-02 1.398302544860979997e-02 7.365586952788535924e-03 -8.038321813008449807e-03 8.578465587076230039e-03 -3.798078206163595496e+03
-1.841508373584934549e-02 2.278641003352500222e-02 1.396633901409255127e-02 7.348792526077374196e-03 -8.015259013489263798e-03 8.569590463315094817e-03 -3.802097394892174634e+03
-1.843441666087945394e-02 2.278961053763729760e-02 1.394956152088063818e-02 7.331936265511648093e-03 -7.992136168666171686e-03 8.560693090770550226e-03 -3.806115609122634396e+03
-1.845374446184256875e-02 2.279274190051833529e-02 1.393269295043492867e-02 7.315018141388979905e-03 -7.968953687276370337e-03 8.551771522379070234e-03 -3.810132848139366615e+03
-1.847306713479735657e-02 2.279580404148870768e-02 1.391573326917217197e-02 7.298038131679702480e-03 -7.945711478971754019e-03 8.542828471924588524e-03 -3.814149111238229580e+03
-1.849238467566425084e-02 2.279879688053367687e-02 1.389868244032185091e-02 7.280996219396676690e-03 -7.922409588992210955e-03 8.533863346385091656e-03 -3.818164397688627560e+03
-1.851169708048626406e-02 2.280172033707575721e-02 1.388154041332573252e-02 7.263892429372569709e-03 -7.899048356671161883e-03 8.524875815867550069e-03 -3.822178706784160113e+03
-1.853100715691997913e-02 2.280458203500098854e-02 1.386264050826289257e-02 7.252968904040868470e-03 -7.766679205443264254e-03 8.282667006143114297e-03 -3.826191980056124976e+03
-1.855030927768090004e-02 2.280736648456873489e-02 1.384531594104423426e-02 7.235741298121656229e-03 -7.743199117864181177e-03 8.273634578756216759e-03 -3.830204332284398788e+03
-1.856960625034994108e-02 2.281008130921373389e-02 1.382790001138993301e-02 7.218451790237095239e-03 -7.719660129389788530e-03 8.264579437512067570e-03 -3.834215704986583205e+03
-1.858889807097473951e-02 2.281272642688414454e-02 1.381039264518788869e-02 7.201100371562676669e-03 -7.696062418994837132e-03 8.255501702944947201e-03 -3.838226097458739787e+03
-1.860818473544487150e-02 2.281530175618428496e-02 1.379279376321668887e-02 7.183686953591250993e-03 -7.672405752257141325e-03 8.246402126413520176e-03 -3.842235508964070505e+03
-1.862746623971899343e-02 2.281780721486192237e-02 1.377510325832817691e-02 7.166211481423820535e-03 -7.648690626057479819e-03 8.237280423714587324e-03 -3.846243938780055942e+03
-1.864674257972847443e-02 2.282024272054658867e-02 1.375732102512414873e-02 7.148673959299194254e-03 -7.624916791065673716e-03 8.228135872282413971e-03 -3.850251386182161696e+03
-1.866601375139904234e-02 2.282260819061667639e-02 1.373944697225161840e-02 7.131074363744337868e-03 -7.601083977779167326e-03 8.218968336190634466e-03 -3.854257850449354464e+03
-1.868527975057919163e-02 2.282490354214168626e-02 1.372148103047235272e-02 7.113412743158476111e-03 -7.577192180296103523e-03 8.209778298699014348e-03 -3.858263330845340079e+03
-1.870454057315619478e-02 2.282712869225472091e-02 1.370342315593374785e-02 7.095689080115617775e-03 -7.553241307384721444e-03 8.200565235494495370e-03 -3.862267826641944794e+03
-1.872379621501971819e-02 2.282928355875520759e-02 1.368527330749761545e-02 7.077903354236989540e-03 -7.529231549830505722e-03 8.191329719214046623e-03 -3.866271337109350043e+03
-1.874304667204494332e-02 2.283136805948892886e-02 1.366703144712425391e-02 7.060055539684681469e-03 -7.505162665112303892e-03 8.182072425994229778e-03 -3.870273861509651397e+03
-1.876229194023634056e-02 2.283338211161101486e-02 1.364869755064569007e-02 7.042145636154326788e-03 -7.481035062057856712e-03 8.172794425530994708e-03 -3.874275399127942819e+03
-1.878153201543466405e-02 2.283532563299785906e-02 1.363027158806651498e-02 7.024173624416227800e-03 -7.456848862588716896e-03 8.163497138284262974e-03 -3.878275949210848921e+03
-1.880076689357587996e-02 2.283719854065195676e-02 1.361175351309007291e-02 7.006139554739855384e-03 -7.432604135226414908e-03 8.154178739351369831e-03 -3.882275511028838991e+03
-1.881999657055171554e-02 2.283900075075322861e-02 1.359314326935039466e-02 6.988043517656033696e-03 -7.408301472434699816e-03 8.144839347005879832e-03 -3.886274083844504730e+03
-1.883922104222704105e-02 2.284073217944906573e-02 1.357444080488976433e-02 6.969885466624559621e-03 -7.383941278175598644e-03 8.135479072031855455e-03 -3.890271666913415174e+03
-1.885844030457740211e-02 2.284239274201558742e-02 1.355564607132559232e-02 6.951665447778458511e-03 -7.359523565914972629e-03 8.126096980428118219e-03 -3.894268259514402871e+03
-1.887765435339909884e-02 2.284398235488200452e-02 1.353675900199026970e-02 6.933383437215960045e-03 -7.335048372782719019e-03 8.116691785360013664e-03 -3.898263860890088836e+03
-1.889686318454797051e-02 2.284550093379282901e-02 1.351777952740260136e-02 6.915039428224875259e-03 -7.310515805830247217e-03 8.107265420296190864e-03 -3.902258470303032482e+03
-1.891606679383189132e-02 2.284694839404766489e-02 1.349870756652989633e-02 6.896633398406823261e-03 -7.285925681333224602e-03 8.097817212183644128e-03 -3.906252087008772833e+03
-1.893526517708074217e-02 2.284832465012446787e-02 1.347954301731369743e-02 6.878165348389611751e-03 -7.261278393675216040e-03 8.088347332557675046e-03 -3.910244710267300889e+03
-1.895445833006527067e-02 2.284962961676989882e-02 1.346028578762533366e-02 6.859635164093411813e-03 -7.236573040896577408e-03 8.078855869610466339e-03 -3.914236339329023394e+03
-1.897364624858747031e-02 2.285086320846257263e-02 1.344093579657751510e-02 6.841042833820970039e-03 -7.211809770231432035e-03 8.069342379671978066e-03 -3.918226973452676248e+03
-1.899282892837858214e-02 2.285202534006125497e-02 1.342149298670611626e-02 6.822388288731971034e-03 -7.186988752042385020e-03 8.059808805199240520e-03 -3.922216611881105109e+03
-1.901200919763613995e-02 2.285313031455778535e-02 1.340016056749838112e-02 6.810013587585325191e-03 -7.047328840026903345e-03 7.804578978374557968e-03 -3.926205196116598927e+03
-1.903118138735562792e-02 2.285414927162756835e-02 1.338053190812220350e-02 6.791234598573859041e-03 -7.022391873115746593e-03 7.795004298602120803e-03 -3.930192840912287920e+03
-1.905034832570557876e-02 2.285509651439640230e-02 1.336081026702406332e-02 6.772393356129142485e-03 -6.997397587399722431e-03 7.785411190398607365e-03 -3.934179487754990078e+03
-1.906951269769446497e-02 2.285601874572244785e-02 1.333752203838633847e-02 6.758917936267205828e-03 -6.940829915729978747e-03 7.419805116226292283e-03 -3.938165078145177176e+03
-1.908867179697020314e-02 2.285685112588933116e-02 1.331474986384470136e-02 6.747452091108803798e-03 -6.830229496496588795e-03 7.112522253049194908e-03 -3.942149669081881711e+03
-1.910782295612877685e-02 2.285758271034841679e-02 1.329474905074689607e-02 6.728424311173586241e-03 -6.805064379666858274e-03 7.102869245824979666e-03 -3.946133317554841142e+03
-1.912696884708240189e-02 2.285824223523302834e-02 1.327465508726290329e-02 6.709334501840883910e-03 -6.779843134695323278e-03 7.093195615405260661e-03 -3.950115965053017590e+03
-1.914610946562086968e-02 2.285882961304163200e-02 1.325446794080739447e-02 6.690182664789010546e-03 -6.754565298414514155e-03 7.083500346519736902e-03 -3.954097610825546781e+03
-1.916524754001146594e-02 2.285937942318864990e-02 1.323112065814305467e-02 6.679454980419264470e-03 -6.629634594931133572e-03 6.818138820957463965e-03 -3.958078196361037499e+03
-1.918437760090116462e-02 2.285982224532107782e-02 1.321074699355883307e-02 6.660179153847781315e-03 -6.604244330006822650e-03 6.808401300686707687e-03 -3.962057836393273192e+03
-1.920350237657401926e-02 2.286019265862809097e-02 1.319027997272130895e-02 6.640841250345167097e-03 -6.578798107219974503e-03 6.798644253207652283e-03 -3.966036472421516009e+03
-1.922262186267173142e-02 2.286049057581185026e-02 1.316971951163776154e-02 6.621441262809314721e-03 -6.553294976243382447e-03 6.788865440515311558e-03 -3.970014103668116149e+03
-1.924173605495048053e-02 2.286071590885186897e-02 1.314906552098916298e-02 6.601979120896297321e-03 -6.527735659372833898e-03 6.779068842257428805e-03 -3.973990729378812375e+03
-1.926084494906172076e-02 2.286086857046610438e-02 1.312831789334566353e-02 6.582454831974225359e-03 -6.502120178609906501e-03 6.769251525481132133e-03 -3.977966348777690200e+03
-1.927994854069155564e-02 2.286094847309200206e-02 1.310747653536520514e-02 6.562868300158042865e-03 -6.476447848008993514e-03 6.759414811120768689e-03 -3.981940961096222509e+03
-1.929904980196420206e-02 2.286093418011318767e-02 1.308555974484579103e-02 6.546612091507302000e-03 -6.331576512279089158e-03 6.501457807852759063e-03 -3.985914507814260105e+03
-1.931814277562048446e-02 2.286086830184868093e-02 1.306453068318271481e-02 6.526900958517743885e-03 -6.305792154746355654e-03 6.491582649028136871e-03 -3.989887103664324513e+03
-1.933723043375498024e-02 2.286072940096157968e-02 1.304340768684819629e-02 6.507127485029376608e-03 -6.279951551821608136e-03 6.481689232974313999e-03 -3.993858690117310744e+03
-1.935631277204601791e-02 2.286051738847071427e-02 1.302219071843256810e-02 6.487291705312420512e-03 -6.254055495089871561e-03 6.471776598094027694e-03 -3.997829266399401604e+03
-1.937538978616122273e-02 2.286023217517103856e-02 1.300087975792342185e-02 6.467393657842534019e-03 -6.228103979130475074e-03 6.461844565850186593e-03 -4.001798831736026841e+03
-1.939446447987399486e-02 2.285984261150731875e-02 1.297838310002576677e-02 6.450354839623120319e-03 -6.090535014855799102e-03 6.191529966106034018e-03 -4.005767327601872694e+03
-1.941353083260237422e-02 2.285941072730664214e-02 1.295688406797597218e-02 6.430332435193268116e-03 -6.064472428143402247e-03 6.181559947978450612e-03 -4.009734868724809076e+03
-1.943259184805774809e-02 2.285890537210879397e-02 1.293529095528423919e-02 6.410248001469210505e-03 -6.038354913822601908e-03 6.171568900608166708e-03 -4.013701396572063459e+03
-1.945164752185845475e-02 2.285832645560093718e-02 1.291360373673936836e-02 6.390101496606166373e-03 -6.012181825657642205e-03 6.161560568517915858e-03 -4.017666910361747796e+03
-1.947069784963535027e-02 2.285767388756082194e-02 1.289182235318079434e-02 6.369892926549581245e-03 -5.985953987719129163e-03 6.151532315293312646e-03 -4.021631409311264179e+03
-1.948974282705959876e-02 2.285694757805996694e-02 1.286994672286076100e-02 6.349622291502223480e-03 -5.959671056636387139e-03 6.141484976557681948e-03 -4.025594892647367487e+03
-1.950878244967873751e-02 2.285614743805594595e-02 1.284797674907846819e-02 6.329289586387219259e-03 -5.933333163604760652e-03 6.131418951077022284e-03 -4.029557359569762866e+03
-1.952781946808682112e-02 2.285529635145028271e-02 1.282334552893197102e-02 6.316422203796005601e-03 -5.802185428458827079e-03 5.856806367487887334e-03 -4.033518751559648535e+03
-1.954685133401589878e-02 2.285433148397466793e-02 1.280003186541329128e-02 6.299793441364084749e-03 -5.662615740812168737e-03 5.590652449329340870e-03 -4.037479125564452261e+03
-1.956587486589982453e-02 2.285330931133360347e-02 1.277777830330974543e-02 6.279274327349208991e-03 -5.636114743356133820e-03 5.580532074634551171e-03 -4.041438538552388309e+03
-1.958489302529472717e-02 2.285221294688476526e-02 1.275543001747947262e-02 6.258692907015389606e-03 -5.609559135516173009e-03 5.570392835930407759e-03 -4.045396931979126748e+03
-1.960390580768038224e-02 2.285104229945896306e-02 1.273298693691968068e-02 6.238049174041005417e-03 -5.582948926484557380e-03 5.560234245196721270e-03 -4.049354305048671449e+03
-1.962291320855502619e-02 2.284979727673407124e-02 1.271044901374218834e-02 6.217343063613506998e-03 -5.556284172296618688e-03 5.550057698730349355e-03 -4.053310656967672912e+03
-1.964191522344843968e-02 2.284847778602154197e-02 1.268781621187903448e-02 6.196574583346951305e-03 -5.529565084017514474e-03 5.539863283266293140e-03 -4.057265986945636541e+03
-1.966091184786185678e-02 2.284708373488479258e-02 1.266508850650028412e-02 6.175743777157609998e-03 -5.502791386728677660e-03 5.529650361895369244e-03 -4.061220294183531678e+03
-1.967990307731508001e-02 2.284561503069922409e-02 1.264226586994862504e-02 6.154850662049589534e-03 -5.475962975615381034e-03 5.519420480396967574e-03 -4.065173577883450889e+03
-1.969888890735409584e-02 2.284407158039328950e-02 1.261934829346312605e-02 6.133895339698787648e-03 -5.449080290708237240e-03 5.509173156390312180e-03 -4.069125837250149289e+03
-1.971786933351638016e-02 2.284245329120194665e-02 1.259633574815735395e-02 6.112877856746412597e-03 -5.422143321039334801e-03 5.498908434261988616e-03 -4.073077071485736269e+03
-1.973684435128508080e-02 2.284076007024182092e-02 1.257322818344141016e-02 6.091798353717588037e-03 -5.395152593664643767e-03 5.488627204134430108e-03 -4.077027279780553272e+03
-1.975581395624948292e-02 2.283899182405441791e-02 1.255002551868831216e-02 6.070656838586888961e-03 -5.368108894466908435e-03 5.478328411990748999e-03 -4.080976461344909694e+03
-1.977477814384971319e-02 2.283714846017236705e-02 1.252672767650512588e-02 6.049453364337179992e-03 -5.341011896181627715e-03 5.468011411746941282e-03 -4.084924615356987943e+03
-1.979373985775272418e-02 2.283521524405644071e-02 1.250210017686929562e-02 6.032145782139271793e-03 -5.199197397042036421e-03 5.197273142245280309e-03 -4.088871683275171108e+03
-1.981269319719713637e-02 2.283322136741025576e-02 1.247861172199941568e-02 6.010818216168375104e-03 -5.171995143914721697e-03 5.186920834316696705e-03 -4.092817779781912577e+03
-1.983164110573382502e-02 2.283115209536878965e-02 1.245502782967140322e-02 5.989428561036224188e-03 -5.144740138025435776e-03 5.176549423489367613e-03 -4.096762846319532400e+03
-1.985058633352034321e-02 2.282903627954595976e-02 1.242851426693348041e-02 5.975799456071377233e-03 -5.012125070389609159e-03 4.894815195976515675e-03 -4.100706824328338371e+03
-1.986952336647963835e-02 2.282681593419629007e-02 1.240473927480027251e-02 5.954285442641084510e-03 -4.984765085684661999e-03 4.884410185940096273e-03 -4.104649828502519085e+03
-1.988845495466924976e-02 2.282451991006258923e-02 1.238086864183482981e-02 5.932709093384933019e-03 -4.957352245243484314e-03 4.873987673086754499e-03 -4.108591800269999112e+03
-1.990738668462673985e-02 2.282217370899886424e-02 1.235265159671681927e-02 5.923982699683629123e-03 -4.706851792767189312e-03 4.327843162291034398e-03 -4.112532623315625642e+03
-1.992630736936755464e-02 2.281972604052784001e-02 1.232858951536483158e-02 5.902281590364085416e-03 -4.679332084712287121e-03 4.317388129248188669e-03 -4.116472527822207667e+03
-1.994522259547322485e-02 2.281720240609848641e-02 1.230443164966110378e-02 5.880518115680986868e-03 -4.651758398968755363e-03 4.306917271647513895e-03 -4.120411397470174052e+03
-1.996413235840075948e-02 2.281460270998630913e-02 1.228017794025568037e-02 5.858692361314750234e-03 -4.624131822845018759e-03 4.296430561632502178e-03 -4.124349231450411025e+03
-1.998303944967544724e-02 2.281193152400639093e-02 1.225394114363827919e-02 5.842666948047507518e-03 -4.480509569116492355e-03 4.018572308095065722e-03 -4.128285971182412140e+03
-2.000193827241127098e-02 2.280917941853010528e-02 1.222949563269607257e-02 5.820716893309717949e-03 -4.452777589827357739e-03 4.008054568514328973e-03 -4.132221731343997817e+03
-2.002083161816782877e-02 2.280635096464499190e-02 1.220495415392145941e-02 5.798704795416801012e-03 -4.424993891572805496e-03 3.997520688906268903e-03 -4.136156453360264095e+03
-2.003971948236391021e-02 2.280344606588991657e-02 1.218031664861040676e-02 5.776630817085125734e-03 -4.397158822114918646e-03 3.986969878794572632e-03 -4.140090136412381980e+03
-2.005860186032571574e-02 2.280046462620369599e-02 1.215558303450120677e-02 5.754494944859410085e-03 -4.369272708592245209e-03 3.976401660717962180e-03 -4.144022779665217968e+03
-2.007748155850052826e-02 2.279741057202942095e-02 1.212899345635979134e-02 5.737855088102780318e-03 -4.219119205735305002e-03 3.702113791746097435e-03 -4.147954324551425088e+03
-2.009635295007660208e-02 2.279427576264689281e-02 1.210406740994838561e-02 5.715595288335274457e-03 -4.191131511520092626e-03 3.691511055691548780e-03 -4.151884885731370559e+03
-2.011521884140817298e-02 2.279106412405323967e-02 1.207904506891502132e-02 5.693273434628392735e-03 -4.163092974309063297e-03 3.680891548697581665e-03 -4.155814404627966724e+03
-2.013407922780145395e-02 2.278777555873543609e-02 1.205392636447426107e-02 5.670889453799798224e-03 -4.135003247564854843e-03 3.670256986598983712e-03 -4.159742880416841217e+03
-2.015293410445021319e-02 2.278440996913277949e-02 1.202871124137414906e-02 5.648443267847539674e-03 -4.106862238822195713e-03 3.659607050717221272e-03 -4.163670312248067603e+03
-2.017178642065274585e-02 2.278094602104357644e-02 1.200231635286793525e-02 5.629107982621756913e-03 -3.951076624604136188e-03 3.387501275432725899e-03 -4.167596641540767450e+03
-2.019063326867157060e-02 2.277739754741426106e-02 1.197571664497977355e-02 5.609444860380426515e-03 -3.807722610453655870e-03 3.105295764150729342e-03 -4.171521925210098743e+03
-2.020947158772052124e-02 2.277380029418927046e-02 1.195021187229273682e-02 5.586811859815910865e-03 -3.779426333376345853e-03 3.094603283235091221e-03 -4.175446220161902602e+03
-2.022830437802865255e-02 2.277012562283949049e-02 1.192461039915789812e-02 5.564116600249774391e-03 -3.751078862471458539e-03 3.083898025473473439e-03 -4.179369467795805576e+03
-2.024713437829443047e-02 2.276638984324638737e-02 1.189657096000724945e-02 5.548152873811681637e-03 -3.602968094935798168e-03 2.804917644014661132e-03 -4.183291609537945078e+03
-2.026595609709744283e-02 2.276256003862642263e-02 1.187077587007655775e-02 5.525333299615289503e-03 -3.574518089754135167e-03 2.794181397584263003e-03 -4.187212760030454774e+03
-2.028477227302092831e-02 2.275865251914551551e-02 1.184488391224140964e-02 5.502451723826168491e-03 -3.546017630100709722e-03 2.783429798079012189e-03 -4.191132860677742428e+03
-2.030358290135612573e-02 2.275466718511909986e-02 1.181889504647634474e-02 5.479508203997228953e-03 -3.517467022430663046e-03 2.772662098244340137e-03 -4.195051910639061134e+03
-2.032238797733310412e-02 2.275060393694891547e-02 1.179280923074482040e-02 5.456502837261349888e-03 -3.488866799326411673e-03 2.761878713943839107e-03 -4.198969909067151093e+03
-2.034118749612981100e-02 2.274646267478058412e-02 1.176662643056072127e-02 5.433435627400779247e-03 -3.460217388531075175e-03 2.751079123804509204e-03 -4.202886855108994496e+03
-2.035998145292986644e-02 2.274224329876510173e-02 1.174034657284342593e-02 5.410306542484140217e-03 -3.431518897740291115e-03 2.740263846048842690e-03 -4.206802747913526218e+03
-2.037876984293341548e-02 2.273794570908133778e-02 1.171396961607781145e-02 5.387115499477359258e-03 -3.402771309158024882e-03 2.729434994557574084e-03 -4.210717586630543337e+03
-2.039755266129689507e-02 2.273356980588465970e-02 1.168749551094085647e-02 5.363862482018747456e-03 -3.373974330478082470e-03 2.718591956389142597e-03 -4.214631370398416948e+03
-2.041632990328758057e-02 2.272911548826157119e-02 1.166092419486287890e-02 5.340547444041051500e-03 -3.345128135011703370e-03 2.707734468026200964e-03 -4.218544098380172727e+03
-2.043510156396515301e-02 2.272458265609916123e-02 1.163425561566686431e-02 5.317170316939561804e-03 -3.316231779201098823e-03 2.696865353072495398e-03 -4.222455769694768605e+03
-2.045386763849922282e-02 2.271997120791591218e-02 1.160748968874062738e-02 5.293731132294753582e-03 -3.287285956518165055e-03 2.685983599913292080e-03 -4.226366383490024418e+03
-2.047262812200398643e-02 2.271528104223284258e-02 1.158062630790970306e-02 5.270229883664179563e-03 -3.258290443320528782e-03 2.675088266304588135e-03 -4.230275938903445422e+03
-2.049138300956421591e-02 2.271051205778453971e-02 1.155366538622020801e-02 5.246666534271366387e-03 -3.229245403340622132e-03 2.664180720113379017e-03 -4.234184435062152261e+03
-2.051013229637204532e-02 2.270566415213761541e-02 1.152660684538515251e-02 5.223041141892079998e-03 -3.200150940374629424e-03 2.653259347539644025e-03 -4.238091871118909694e+03
-2.052887597744117165e-02 2.270073722323489446e-02 1.149945061571936225e-02 5.199353712495614899e-03 -3.171007255709705139e-03 2.642324144390102887e-03 -4.241998246189174097e+03
-2.054761404790982418e-02 2.269573116809681448e-02 1.147219664927457382e-02 5.175604245893956554e-03 -3.141814769196241142e-03 2.631375048292101254e-03 -4.245903559412839968e+03
-2.056634650287846727e-02 2.269064588347845593e-02 1.144484491576423270e-02 5.151792862036391578e-03 -3.112573141022361312e-03 2.620410776611598481e-03 -4.249807809920192085e+03
-2.058507333741255163e-02 2.268548126647319460e-02 1.141739538431308862e-02 5.127919584951175051e-03 -3.083283506172593454e-03 2.609433616339809463e-03 -4.253710996833710851e+03
-2.060379743553813689e-02 2.268022831611495385e-02 1.138843098052525447e-02 5.108204619902261337e-03 -2.929418391404438413e-03 2.331444803553082371e-03 -4.257613061554333399e+03
-2.062250995418861421e-02 2.267494515126445773e-02 1.136040319141272403e-02 5.077273742077938364e-03 -2.813424183506347837e-03 2.049509608257466236e-03 -4.261514176437878632e+03
-2.064121989803755983e-02 2.266954191549953521e-02 1.133266008425853899e-02 5.053215090910462108e-03 -2.783991187250091717e-03 2.038491766382096587e-03 -4.265414167363792330e+03
-2.065992420177772959e-02 2.266405893358522730e-02 1.130481901522981288e-02 5.029094665756375822e-03 -2.754511115908769847e-03 2.027461381212006340e-03 -4.269313091201582210e+03
-2.067862286052093643e-02 2.265849610180419374e-02 1.127687993055975779e-02 5.004912435728880310e-03 -2.724983849326817042e-03 2.016418904305773783e-03 -4.273210947082279745e+03
-2.069731863856450263e-02 2.265287767604479488e-02 1.124614617667055172e-02 4.987885700671105399e-03 -2.584466152461088132e-03 1.726101694652458236e-03 -4.277107676356127740e+03
-2.071600599235493695e-02 2.264715483414481492e-02 1.121801083877737443e-02 4.963579792392401775e-03 -2.554844027626461140e-03 1.715036076174966803e-03 -4.281003393661318114e+03
-2.073468768614405641e-02 2.264135183130385615e-02 1.118977723589994512e-02 4.939212075542945279e-03 -2.525174280236458860e-03 1.703958893806371789e-03 -4.284898040344683977e+03
-2.075336371494311896e-02 2.263546856165290361e-02 1.116144528924829793e-02 4.914782548318871562e-03 -2.495457300279818342e-03 1.692867556811116121e-03 -4.288791615534401899e+03
-2.077203683703552142e-02 2.262952411848874815e-02 1.113049696463654266e-02 4.897145731975391207e-03 -2.351346400217785380e-03 1.405384346067098996e-03 -4.292684060575985313e+03
-2.079070152056105084e-02 2.262347999913605356e-02 1.110196812414367129e-02 4.872592428608872595e-03 -2.321534729637474669e-03 1.394271168791908280e-03 -4.296575490089720006e+03
-2.080936052384134427e-02 2.261735529623792873e-02 1.107334073104963151e-02 4.847977247507800555e-03 -2.291675498170684354e-03 1.383145496711596671e-03 -4.300465845427490422e+03
-2.082801384184253604e-02 2.261114990266337166e-02 1.104461474331446327e-02 4.823300176607574902e-03 -2.261768942869666395e-03 1.372008330918255770e-03 -4.304355125700473764e+03
-2.084666146950772334e-02 2.260486371104581532e-02 1.101579013395904798e-02 4.798561316674153712e-03 -2.231815642638316968e-03 1.360859613008378504e-03 -4.308243330009428064e+03
-2.086530340186756177e-02 2.259849661350327513e-02 1.098686687456836356e-02 4.773760711662602269e-03 -2.201815685696383550e-03 1.349699861195503576e-03 -4.312130457473512251e+03
-2.088393963380998086e-02 2.259204850400324191e-02 1.095784493623520699e-02 4.748898414713268595e-03 -2.171769884560426685e-03 1.338527186867776841e-03 -4.316016507177722815e+03
-2.090257310894115192e-02 2.258550116356235204e-02 1.092739582183363187e-02 4.727454465364865424e-03 -2.021362677511605484e-03 1.055643175024436557e-03 -4.319901420483828588e+03
-2.092120089434722219e-02 2.257887044469271756e-02 1.089684538713595226e-02 4.705822265163446018e-03 -1.874174097917204011e-03 7.708943306195130451e-04 -4.323785254242138762e+03
-2.093982537235526686e-02 2.257223829313085781e-02 1.086165581418705242e-02 4.691561336260238746e-03 -1.692373782081391673e-03 5.703226443112297277e-05 -4.327667949792003128e+03
-2.095843603068260272e-02 2.256543619757190103e-02 1.083349243173120473e-02 4.653646403410427457e-03 -1.566886198048877618e-03 -2.348646514867912922e-04 -4.331549737224664568e+03
-2.097704368468082670e-02 2.255858142482064857e-02 1.080397622313161894e-02 4.628476296414441894e-03 -1.536613498705852046e-03 -2.460946931051366852e-04 -4.335430384637037605e+03
-2.099564560775400018e-02 2.255164499720516483e-02 1.077436096642487608e-02 4.603244595315739672e-03 -1.506296196265303772e-03 -2.573355299852447386e-04 -4.339309948877757961e+03
-2.101424467748009423e-02 2.254462121326335916e-02 1.074309105630193162e-02 4.582377374896251521e-03 -1.353162355387931958e-03 -5.379961879530332407e-04 -4.343188371283841661e+03
-2.103283512308714437e-02 2.253752115073189705e-02 1.071327749781894600e-02 4.557022485580623436e-03 -1.322754930855430484e-03 -5.492553895346498826e-04 -4.347065766440592597e+03
-2.105141982208080451e-02 2.253033910682860838e-02 1.068336468399926423e-02 4.531605955165836364e-03 -1.292301401550918858e-03 -5.605254189290585212e-04 -4.350942075673190629e+03
-2.107000146371569224e-02 2.252310526493108561e-02 1.065035402516571403e-02 4.512902358712022818e-03 -1.159685982194657346e-03 -8.880138887706851914e-04 -4.354817240324658087e+03
-2.108857465395340761e-02 2.251575892899461070e-02 1.062024251561915003e-02 4.487362516364091190e-03 -1.129141872438763983e-03 -8.993003680456560303e-04 -4.358691374979883221e+03
-2.110714208205208622e-02 2.250833028055979415e-02 1.059003158158450253e-02 4.461761046534619760e-03 -1.098553156913181393e-03 -9.105959029694468731e-04 -4.362564420973840242e+03
-2.112570374279325661e-02 2.250081920875262112e-02 1.055972118363167518e-02 4.436098013108487684e-03 -1.067919534723385435e-03 -9.219028500976018470e-04 -4.366436377375991469e+03
-2.114425963099713507e-02 2.249322560307636526e-02 1.052931127485363071e-02 4.410373425386872846e-03 -1.037242209535665363e-03 -9.332199334958790095e-04 -4.370307243264190220e+03
-2.116281249287680147e-02 2.248556573408868817e-02 1.049641060736405083e-02 4.391078898599378583e-03 -8.824856450156172167e-04 -1.215764192991565908e-03 -4.374176959965074275e+03
-2.118135682047289983e-02 2.247780672970305441e-02 1.046580151640495206e-02 4.365231557299984605e-03 -8.517205743122988190e-04 -1.227104867905929762e-03 -4.378045642059217244e+03
-2.119989836188380591e-02 2.246993434304896467e-02 1.043381176774155379e-02 4.341852362363791962e-03 -7.006928456517508199e-04 -1.514548837078845368e-03 -4.381913173116334292e+03
-2.121843386134829312e-02 2.246203930137402258e-02 1.040009866707290731e-02 4.323257227552924908e-03 -5.504867603126616668e-04 -1.800306259655198166e-03 -4.385779609944689582e+03
-2.123696080871316158e-02 2.245403136878156361e-02 1.036919039086996522e-02 4.297226022885767410e-03 -5.195925030824242790e-04 -1.811677163719252600e-03 -4.389645009385490994e+03
-2.125548195206104773e-02 2.244594023723348042e-02 1.033818227507169243e-02 4.271133508240844250e-03 -4.886553650778482178e-04 -1.823055917229236215e-03 -4.393509312737316577e+03
-2.127399728610276583e-02 2.243776579460679196e-02 1.030707425889629096e-02 4.244979652132161059e-03 -4.576753229427386297e-04 -1.834440850037290238e-03 -4.397372519070578164e+03
-2.129250680548435554e-02 2.242950792855283315e-02 1.027586630796942062e-02 4.218764537242491661e-03 -4.266522951846892669e-04 -1.845833828000891874e-03 -4.401234627443302088e+03
-2.131101050490340904e-02 2.242116652540037877e-02 1.024455834641450382e-02 4.192488163309446986e-03 -3.955863864861303885e-04 -1.857231985607373913e-03 -4.405095636927406304e+03
-2.132950837890211504e-02 2.241274147224750837e-02 1.021315032382672655e-02 4.166150474990209900e-03 -3.644779182838158360e-04 -1.868637898509452637e-03 -4.408955546562038762e+03
-2.134800042220190777e-02 2.240423265524164528e-02 1.018164216184118571e-02 4.139751458885275806e-03 -3.333265911124304337e-04 -1.880050580381773754e-03 -4.412814355420908214e+03
-2.136648662944478846e-02 2.239563996083003897e-02 1.015003378895270453e-02 4.113291090407872851e-03 -3.021322759268623998e-04 -1.891471366408182695e-03 -4.416672062553670912e+03
-2.138496699531136636e-02 2.238696327414336357e-02 1.011832515791838416e-02 4.086769406746511117e-03 -2.708955592237040745e-04 -1.902902232974115412e-03 -4.420528667018171291e+03
-2.140344151436299885e-02 2.237820248109766152e-02 1.008651620668531666e-02 4.060186482609355607e-03 -2.396170484431858977e-04 -1.914341966518606211e-03 -4.424384167846906166e+03
-2.142191018135422564e-02 2.236935746620815832e-02 1.005460689183980752e-02 4.033542380286066729e-03 -2.082963810907172641e-04 -1.925792320226857139e-03 -4.428238564117076749e+03
-2.144037570672402068e-02 2.236047007450583587e-02 1.001938451235485743e-02 4.011022909017473645e-03 -1.201236320596784691e-04 -2.318095581548306524e-03 -4.432091797107612365e+03
-2.145883265330281522e-02 2.235145627461816373e-02 9.987274300446711758e-03 3.984256625882477178e-03 -8.871981587095426720e-05 -2.329564978177525638e-03 -4.435943981367699962e+03
-2.147728373159714724e-02 2.234235791034611812e-02 9.955063569400771431e-03 3.957429318680373044e-03 -5.727515157430978788e-05 -2.341041972625583674e-03 -4.439795058195765705e+03
-2.149572893621840702e-02 2.233317486558757808e-02 9.922752262113927746e-03 3.930540999925591708e-03 -2.578891150343853481e-05 -2.352525644652241586e-03 -4.443645026640549077e+03
-2.151416826169564797e-02 2.232390702399449089e-02 9.890340329946682024e-03 3.903591705395887193e-03 5.737415935030990611e-06 -2.364015111396505862e-03 -4.447493885735180811e+03
-2.153260170257115941e-02 2.231455426909824055e-02 9.857827729938702793e-03 3.876581453116431566e-03 3.730397645554339411e-05 -2.375508681237066891e-03 -4.451341634518268620e+03
-2.155103200442182523e-02 2.230513649172751606e-02 9.822533819892656851e-03 3.856375873868307137e-03 1.830762723375320628e-04 -2.662211719590513743e-03 -4.455188214276764484e+03
-2.156945637306603020e-02 2.229563324014492351e-02 9.787146919492185557e-03 3.836148197564494440e-03 3.380217442535589367e-04 -2.942372002705449536e-03 -4.459033681787499518e+03
-2.158787212725398266e-02 2.228602504632207562e-02 9.754332064400128566e-03 3.808955314354549055e-03 3.697093157878471184e-04 -2.953881688622797021e-03 -4.462878093854224062e+03
-2.160628467280423237e-02 2.227635528412930110e-02 9.718560085974091781e-03 3.788049013632028162e-03 4.988724201654504229e-04 -3.284292337297195236e-03 -4.466721333983225122e+03
-2.162468860817699096e-02 2.226657621333680281e-02 9.685543369189107688e-03 3.760734259501873067e-03 5.306399184682021684e-04 -3.295815243999450535e-03 -4.470563516709460600e+03
-2.164308662587255058e-02 2.225671152693662475e-02 9.652425632849190654e-03 3.733358527882919657e-03 5.624477812626724931e-04 -3.307345491997286824e-03 -4.474404583309293230e+03
-2.166147872036059893e-02 2.224676110654038447e-02 9.619206819538020717e-03 3.705921843633251840e-03 5.942957592014853170e-04 -3.318882052053747592e-03 -4.478244532804959817e+03
-2.167986758567215858e-02 2.223676156793820760e-02 9.582790613291345544e-03 3.682508845379503949e-03 6.800014301957558191e-04 -3.711038197783277440e-03 -4.482083306482187254e+03
-2.169824781721408496e-02 2.222663932459914213e-02 9.549369462524773949e-03 3.654950469102021676e-03 7.119286987791103314e-04 -3.722590424354345513e-03 -4.485921018851274312e+03
-2.171662210893243045e-02 2.221643099156909648e-02 9.515847067637764334e-03 3.627331356624948454e-03 7.438951475855482259e-04 -3.734147963409063190e-03 -4.489757611181381435e+03
-2.173499045526266008e-02 2.220613644947492388e-02 9.482223369924339118e-03 3.599651577242781071e-03 7.759005043798891405e-04 -3.745711370320440204e-03 -4.493593082488108848e+03
-2.175335285072193051e-02 2.219575557798471668e-02 9.448498339445405431e-03 3.571911160599570197e-03 8.079445334411134404e-04 -3.757278050181795965e-03 -4.497427431802942920e+03
-2.177171211450748892e-02 2.218529941563517766e-02 9.412485489858034293e-03 3.549878708025342583e-03 9.564473896813680378e-04 -4.039485985065603517e-03 -4.501260600365130813e+03
-2.179006259139311397e-02 2.217474552322865403e-02 9.378557647830739613e-03 3.522017148331387220e-03 9.885683011515232054e-04 -4.051062101856022120e-03 -4.505092702712603568e+03
-2.180841004025401222e-02 2.216408658880574326e-02 9.343192191095375798e-03 3.497265684385711566e-03 1.147727385094251054e-03 -4.325329215433049157e-03 -4.508923622334002175e+03
-2.182674857601845514e-02 2.215335919299784781e-02 9.309061378787031674e-03 3.469283237870681141e-03 1.179923052681973840e-03 -4.336914571555344593e-03 -4.512753473751356978e+03
-2.184508113264416185e-02 2.214254486541643654e-02 9.274829025927104273e-03 3.441240362086814015e-03 1.212155941858526851e-03 -4.348504959656291496e-03 -4.516582198202913787e+03
-2.186340770446076887e-02 2.213164348491420547e-02 9.240495054722559429e-03 3.413137027503920264e-03 1.244426323032372201e-03 -4.360099760095587258e-03 -4.520409794698989572e+03
-2.188172828574718592e-02 2.212065493004531508e-02 9.206059394389738693e-03 3.384973171092634306e-03 1.276734164716543862e-03 -4.371697915960489657e-03 -4.524236262233613161e+03
-2.190004287083390996e-02 2.210957907881835188e-02 9.171521968980800299e-03 3.356748796267062379e-03 1.309079211970251783e-03 -4.383300867413042132e-03 -4.528061599810108419e+03
-2.191835145400390303e-02 2.209841580953897378e-02 9.136882726638808835e-03 3.328463852258666238e-03 1.341462241993172542e-03 -4.394905856313937459e-03 -4.531885806419256369e+03
-2.193665402960055105e-02 2.208716499938956357e-02 9.102141601303960841e-03 3.300118420372177060e-03 1.373882170390233054e-03 -4.406515385642737100e-03 -4.535708881066324466e+03
-2.195495059184204498e-02 2.207582652571628279e-02 9.067298548746841047e-03 3.271712592794513534e-03 1.406339042479240551e-03 -4.418128273063710865e-03 -4.539530822729717329e+03
-2.197324113508344889e-02 2.206440026386601722e-02 9.032353507362547718e-03 3.243246473859176266e-03 1.438832645138626029e-03 -4.429745240067135999e-03 -4.543351630415324507e+03
-2.199152565361886177e-02 2.205288608978906231e-02 8.997306443948280968e-03 3.214720130723693493e-03 1.471363090361290770e-03 -4.441366254298798576e-03 -4.547171303113300382e+03
-2.200980414171655949e-02 2.204128387979133880e-02 8.962157295751021005e-03 3.186133610536469318e-03 1.503930351492094005e-03 -4.452991410902229670e-03 -4.550989839805640258e+03
-2.202807659357847170e-02 2.202959350949431835e-02 8.926906019080901866e-03 3.157486929761518357e-03 1.536533772148362042e-03 -4.464622117574758645e-03 -4.554807239462717916e+03
-2.204634300355861817e-02 2.201781485238252581e-02 8.891552572086526204e-03 3.128780148383309388e-03 1.569172386493845580e-03 -4.476255387291418718e-03 -4.558623501094971289e+03
-2.206460634208312968e-02 2.200592506890719155e-02 8.854692367280573087e-03 3.102974707059779312e-03 1.719807861472767317e-03 -4.752203909690380298e-03 -4.562438565916698280e+03
-2.208286065061862077e-02 2.199396946361207097e-02 8.819134483168435124e-03 3.074147937260680689e-03 1.752515979615309940e-03 -4.763843317375436072e-03 -4.566252548401101194e+03
-2.210111158512015686e-02 2.198195775219463632e-02 8.780476764879091220e-03 3.049174923267745658e-03 1.839289877766670791e-03 -5.152062460375497928e-03 -4.570065332044917341e+03
-2.211935376878581064e-02 2.196982470143007266e-02 8.744714277000900302e-03 3.020228266220640820e-03 1.872067075635158988e-03 -5.163704921910277149e-03 -4.573877031286678175e+03
-2.213758988128546046e-02 2.195760273934754814e-02 8.708849381360378450e-03 2.991221589267732336e-03 1.904878822393489069e-03 -5.175347642955474732e-03 -4.577687587380353762e+03
-2.215581991663507014e-02 2.194529174012063016e-02 8.672882022947225530e-03 2.962154924478437642e-03 1.937725045590928336e-03 -5.186991156338911606e-03 -4.581496999273555957e+03
-2.217404386895695592e-02 2.193289157713793069e-02 8.636812142725130981e-03 2.933028285678212273e-03 1.970605724082363352e-03 -5.198634390917778771e-03 -4.585305265933249757e+03
-2.219226173249595063e-02 2.192040212302959895e-02 8.600639685794117875e-03 2.903841708871792316e-03 2.003520763575311874e-03 -5.210278214538428300e-03 -4.589112386349635017e+03
-2.221047350121174713e-02 2.190782325171956521e-02 8.564364593198514272e-03 2.874595238106968358e-03 2.036470873080142331e-03 -5.221925558375912005e-03 -4.592918359449545278e+03
-2.222867916936456870e-02 2.189515483376521660e-02 8.527986800322337468e-03 2.845288945994796457e-03 2.069455249017954253e-03 -5.233575193898871644e-03 -4.596723184226856574e+03
-2.224687873095854487e-02 2.188239674108148278e-02 8.491506260636695613e-03 2.815922946544034775e-03 2.102473355728107229e-03 -5.245227229647616771e-03 -4.600526859623155360e+03
-2.226507218012287875e-02 2.186954884422786030e-02 8.454922940017135444e-03 2.786497251486600400e-03 2.135525462583076975e-03 -5.256883577515732674e-03 -4.604329384605579435e+03
-2.228326226624441006e-02 2.185663123971560290e-02 8.415546575818931910e-03 2.763673842845130405e-03 2.285095716247099833e-03 -5.531611502563251077e-03 -4.608130700378846086e+03
-2.230144347277151703e-02 2.184360334653671215e-02 8.378757563192743008e-03 2.734128937695971383e-03 2.318214110912694258e-03 -5.543270835631186090e-03 -4.611930921388085153e+03
-2.231961854905376019e-02 2.183048526060322667e-02 8.341865626275975915e-03 2.704524512043543234e-03 2.351364938478103708e-03 -5.554930940917531847e-03 -4.615729988837758356e+03
-2.233778748909529682e-02 2.181727685218103410e-02 8.304870735266514994e-03 2.674860624969342595e-03 2.384547965844429490e-03 -5.566591612081208708e-03 -4.619527901681679396e+03
-2.235595028681224006e-02 2.180397799247615551e-02 8.267772856037799295e-03 2.645137346043102255e-03 2.417762114828413220e-03 -5.578249516627265675e-03 -4.623324658859503870e+03
-2.237410693606170162e-02 2.179058855289260285e-02 8.230571947987931972e-03 2.615354671589296617e-03 2.451007494174746969e-03 -5.589907283317469174e-03 -4.627120259297241319e+03
-2.239225743095881599e-02 2.177710840164709741e-02 8.193267952885208844e-03 2.585512670914401605e-03 2.484284317055919077e-03 -5.601562250429095030e-03 -4.630914701970831629e+03
-2.241040176532174688e-02 2.176353740847025708e-02 8.155860831154545382e-03 2.555611358279734607e-03 2.517592683110379814e-03 -5.613216494817420410e-03 -4.634707985789616941e+03
-2.242853993310558319e-02 2.174987544226663835e-02 8.118350524912998356e-03 2.525650710540528702e-03 2.550932873305070299e-03 -5.624870146277119454e-03 -4.638500109695880383e+03
-2.244667472159195959e-02 2.173614275980806018e-02 8.078137056483679704e-03 2.502082520021600958e-03 2.698934265439481648e-03 -5.899686687556121752e-03 -4.642291014869714672e+03
-2.246480053806347577e-02 2.172229845418126651e-02 8.040420180804629460e-03 2.472003207109389495e-03 2.732337278503116015e-03 -5.911339692356479270e-03 -4.646080815772179449e+03
-2.248292016967356685e-02 2.170836278091093502e-02 8.002599933121988529e-03 2.441864646280409584e-03 2.765771891512600923e-03 -5.922992065281348223e-03 -4.649869453550507387e+03
-2.250103361040099725e-02 2.169433560560991500e-02 7.964676254422421026e-03 2.411666891123669890e-03 2.799237560188210048e-03 -5.934644639715759735e-03 -4.653656927147812894e+03
-2.251914085418048675e-02 2.168021679391564024e-02 7.926649114812094749e-03 2.381410110596237067e-03 2.832733740349625395e-03 -5.946296379779241262e-03 -4.657443235494151850e+03
-2.253724189489523730e-02 2.166600621241305744e-02 7.888518481641765279e-03 2.351094317263230198e-03 2.866260990466664230e-03 -5.957948248062588936e-03 -4.661228377506047764e+03
-2.255533672646863746e-02 2.165170372700175871e-02 7.850284318770578418e-03 2.320719587515808306e-03 2.899817784353190750e-03 -5.969597470853921055e-03 -4.665012352109214589e+03
-2.257342534271756726e-02 2.163730920313695905e-02 7.811946579024072780e-03 2.290285910848110888e-03 2.933404173824043833e-03 -5.981245703401050565e-03 -4.668795158215962147e+03
-2.259150773751965671e-02 2.162282250555810220e-02 7.773505207229060299e-03 2.259793371924098682e-03 2.967019386717099309e-03 -5.992891148293999666e-03 -4.672576794757386779e+03
-2.260958659415318248e-02 2.160828297671802886e-02 7.731660804539057345e-03 2.233350813121669221e-03 3.056159597937708160e-03 -6.364302709341142748e-03 -4.676357202891646921e+03
-2.262765652725008680e-02 2.159361152918116977e-02 7.693012059301844625e-03 2.202740866623532391e-03 3.089832188115035957e-03 -6.375943529785545530e-03 -4.680136497024380333e+03
-2.264572022003033536e-02 2.157884750505621035e-02 7.654259586470459065e-03 2.172072264649005553e-03 3.123533541386689337e-03 -6.387582468889639944e-03 -4.683914618301701921e+03
-2.266378046030927476e-02 2.156399912438705657e-02 7.613235896730727315e-03 2.146820806659928329e-03 3.279628119912068266e-03 -6.650010575925434549e-03 -4.687691507897737210e+03
-2.268183165377190072e-02 2.154904953865771633e-02 7.574275847602624477e-03 2.116034897848557798e-03 3.313385720672185845e-03 -6.661642701084186970e-03 -4.691467280214385028e+03
-2.269987658815127152e-02 2.153400696961875471e-02 7.535211893782660722e-03 2.085190324334620579e-03 3.347171722839034202e-03 -6.673271858760414926e-03 -4.695241876404819777e+03
-2.271791525719588437e-02 2.151887128116884360e-02 7.496043955696697104e-03 2.054287146966972573e-03 3.380985711297256318e-03 -6.684896621036365630e-03 -4.699015295370913009e+03
-2.273594765459472505e-02 2.150364233582109305e-02 7.456771983131941367e-03 2.023325449260458125e-03 3.414827922241116427e-03 -6.696517502771535263e-03 -4.702787535995452345e+03
-2.275397377413277897e-02 2.148831999396906556e-02 7.417395936083469657e-03 1.992305233012489716e-03 3.448697709884760917e-03 -6.708133520446139982e-03 -4.706558597184454811e+03
-2.277199360956748062e-02 2.147290411554911641e-02 7.377915803629758740e-03 1.961226656576325802e-03 3.482594996777201458e-03 -6.719745137308670568e-03 -4.710328477842755092e+03
-2.279001281705697601e-02 2.145739478359823260e-02 7.334242567273369269e-03 1.939787967144882734e-03 3.755454866059478990e-03 -7.231068780242484555e-03 -4.714097061359950203e+03
-2.280802006535832122e-02 2.144179141638736380e-02 7.294554196965779592e-03 1.908592956738706242e-03 3.789406003128569823e-03 -7.242674773872161825e-03 -4.717864577609989283e+03
-2.282602101066326036e-02 2.142609409616724400e-02 7.254761634475039543e-03 1.877339814133318924e-03 3.823384009193587715e-03 -7.254278916370124168e-03 -4.721630909990056352e+03
-2.284401564653771796e-02 2.141030268332775113e-02 7.214864824984029527e-03 1.846028529484074632e-03 3.857388443782977169e-03 -7.265879678087603689e-03 -4.725396057376103272e+03
-2.286200396655631989e-02 2.139441703774874054e-02 7.174863720763519255e-03 1.814659133920068545e-03 3.891418658510661151e-03 -7.277477673432346424e-03 -4.729160018656552893e+03
-2.287998596420497133e-02 2.137843701955385520e-02 7.134758278744796067e-03 1.783231740824622056e-03 3.925474443347172319e-03 -7.289071059306337017e-03 -4.732922792704331187e+03
-2.289796163295554701e-02 2.136236248922504868e-02 7.094548504244807367e-03 1.751746425595891634e-03 3.959555699871665849e-03 -7.300659622096001590e-03 -4.736684378385829405e+03
-2.291593386814344893e-02 2.134617820772168745e-02 7.052714699795865211e-03 1.723606049490512306e-03 4.116805585851012091e-03 -7.556123904253920533e-03 -4.740444716847126074e+03
-2.293389685983461199e-02 2.132991423253604441e-02 7.012296065013274605e-03 1.692004981506145447e-03 4.150935956559312356e-03 -7.567698801196232061e-03 -4.744203922441759460e+03
-2.295185350325330831e-02 2.131355532510237349e-02 6.971772886598336626e-03 1.660346087508681335e-03 4.185090740410206053e-03 -7.579265577637554936e-03 -4.747961936286430500e+03
-2.296980379193948665e-02 2.129710134315111053e-02 6.931145109793116106e-03 1.628629442319575642e-03 4.219269916140805897e-03 -7.590823878423843228e-03 -4.751718757250180715e+03
-2.298774771951244897e-02 2.128055214192218006e-02 6.890412719734555214e-03 1.596855105365430679e-03 4.253473339532638786e-03 -7.602375261107453992e-03 -4.755474384214357997e+03
-2.300568527942441557e-02 2.126390757774072188e-02 6.849575687324406699e-03 1.565023125786722639e-03 4.287700924349581444e-03 -7.613920070841224096e-03 -4.759228816017522149e+03
-2.302361646526186051e-02 2.124716750556841435e-02 6.808633998484033868e-03 1.533133629381903257e-03 4.321952718117270074e-03 -7.625458565801004895e-03 -4.762982051528547345e+03
-2.304154127055309947e-02 2.123033178176995245e-02 6.767587643155591540e-03 1.501186726897877450e-03 4.356228776428806848e-03 -7.636993515841401618e-03 -4.766734089609441980e+03
-2.305945968872005411e-02 2.121340026314655000e-02 6.726436594668181584e-03 1.469182406047114852e-03 4.390528630122661827e-03 -7.648523251447274414e-03 -4.770484929106602067e+03
-2.307737171325878467e-02 2.119637280512561353e-02 6.685180813838611721e-03 1.437120688768987221e-03 4.424851889398680183e-03 -7.660049276905301144e-03 -4.774234568879754079e+03
-2.309527733752383960e-02 2.117924926317866705e-02 6.643820222781526667e-03 1.405001600490068166e-03 4.459198099874834252e-03 -7.671570797383962630e-03 -4.777983007766595620e+03
-2.311317655493193637e-02 2.116202949156644614e-02 6.602354742316604401e-03 1.372825175182032119e-03 4.493567334570998037e-03 -7.683085018820217174e-03 -4.781730244628302898e+03
-2.313106935881225484e-02 2.114471334526855234e-02 6.560784322261713035e-03 1.340591563031261289e-03 4.527958386319031782e-03 -7.694590611949350852e-03 -4.785476278308998189e+03
-2.314895574243147278e-02 2.112730068009532197e-02 6.519108927980557001e-03 1.308300878492515149e-03 4.562370856376596860e-03 -7.706088107720976930e-03 -4.789221107636824854e+03
-2.316683569904280995e-02 2.110979135107287838e-02 6.477328537167034890e-03 1.275953256055003832e-03 4.596804499167795113e-03 -7.717574872324864735e-03 -4.792964731439256866e+03
-2.318470922202270357e-02 2.109218521110725261e-02 6.435443079936837424e-03 1.243548714938993776e-03 4.631258308357848012e-03 -7.729052484948636080e-03 -4.796707148568669254e+03
-2.320257630469022697e-02 2.107448211346335532e-02 6.393452510669237789e-03 1.211087379685668987e-03 4.665732979033523214e-03 -7.740518442978061402e-03 -4.800448357856048460e+03
-2.322043694040121231e-02 2.105668191005175688e-02 6.351356815994978026e-03 1.178569257410848250e-03 4.700228769810069727e-03 -7.751974722423616605e-03 -4.804188358132122630e+03
-2.323829112251039192e-02 2.103878445147372780e-02 6.309155998471984231e-03 1.145994400457885391e-03 4.734745629836593743e-03 -7.763424519428824278e-03 -4.807927148229306113e+03
-2.325613884423614192e-02 2.102078958858893259e-02 6.266850044905618311e-03 1.113362858583039853e-03 4.769282673591238031e-03 -7.774864159474428708e-03 -4.811664726955074912e+03
-2.327398286629841009e-02 2.100271207649997626e-02 6.221883235960417105e-03 1.086828719022731949e-03 4.916172821353393188e-03 -8.027268698300111041e-03 -4.815401035398438580e+03
-2.329181764730976073e-02 2.098452195637212636e-02 6.179366952406346869e-03 1.054083838793544751e-03 4.950750761077008996e-03 -8.038693234356325545e-03 -4.819136187885743311e+03
-2.330964594789921782e-02 2.096623398443808739e-02 6.136745457240636720e-03 1.021282401360301640e-03 4.985349390935000548e-03 -8.050109618996027783e-03 -4.822870125491487670e+03
-2.332746776123209229e-02 2.094784801155841550e-02 6.094018686541614882e-03 9.884244728704755321e-04 5.019967404006064025e-03 -8.061516558420288650e-03 -4.826602847013343307e+03
-2.334528308056933732e-02 2.092936388760137378e-02 6.051186552343000395e-03 9.555101010717769426e-04 5.054604616832764422e-03 -8.072913383785426319e-03 -4.830334351270805200e+03
-2.336309189903763503e-02 2.091078146261377349e-02 6.008248956777700357e-03 9.225394324212017085e-04 5.089260897161810952e-03 -8.084300950427609003e-03 -4.834064637069603123e+03
-2.338089420975610760e-02 2.089210058538867876e-02 5.965205848316309893e-03 8.895125636171110619e-04 5.123935250755467206e-03 -8.095677061955247264e-03 -4.837793703225320314e+03
-2.339869000578026145e-02 2.087332110467523399e-02 5.922057208300588252e-03 8.564297446590055964e-04 5.158626979871436084e-03 -8.107041792865768426e-03 -4.841521548536326009e+03
-2.341648484750475517e-02 2.085447463742369847e-02 5.873838011073954403e-03 8.343361955833804126e-04 5.404888193524920968e-03 -8.631490978279149004e-03 -4.845248056285538041e+03
-2.343427044533817616e-02 2.083550224857184247e-02 5.828478789841237337e-03 8.060461161727954914e-04 5.555998607989421322e-03 -8.873850257107990247e-03 -4.848973398561383874e+03
-2.345204665582947476e-02 2.081642604372169886e-02 5.785013481478543107e-03 7.727958022869617491e-04 5.590742967451405553e-03 -8.885182757322689084e-03 -4.852697574126700601e+03
-2.346981896302887186e-02 2.079727936603077698e-02 5.738383724980490250e-03 7.433939352155253177e-04 5.677055987969047146e-03 -9.243076581685428367e-03 -4.856420466282376765e+03
-2.348758208192831820e-02 2.077800457747518842e-02 5.694707276000837877e-03 7.100320047811793395e-04 5.711833556431714434e-03 -9.254384372811091941e-03 -4.860142189313141898e+03
-2.350534416690646874e-02 2.075866302596341209e-02 5.645810637379386487e-03 6.852310843526725377e-04 5.907817267252529238e-03 -9.841273144354952679e-03 -4.863862568793726496e+03
-2.352309416670012032e-02 2.073918903424905660e-02 5.601922964369511829e-03 6.517576553350348150e-04 5.942627600307818017e-03 -9.852556131288046568e-03 -4.867581834467548106e+03
-2.354083759657018063e-02 2.071961520938578674e-02 5.557929624663810776e-03 6.182285643140176786e-04 5.977454452098055274e-03 -9.863825097489923796e-03 -4.871299869638452947e+03
-2.355857444958033703e-02 2.069994139698811200e-02 5.513830557151858450e-03 5.846440000935364473e-04 6.012296746533004124e-03 -9.875080716429314800e-03 -4.875016673093191457e+03
-2.357630471868629729e-02 2.068016744188005615e-02 5.469625700828489520e-03 5.510041054881772331e-04 6.047155155032734285e-03 -9.886324884486015832e-03 -4.878732243600698894e+03
-2.359402839682642541e-02 2.066029318832071984e-02 5.425314971570564110e-03 5.173089725299923709e-04 6.082028296787802407e-03 -9.897555817584922228e-03 -4.882446579930053304e+03
-2.361174827945173790e-02 2.064032801433957759e-02 5.378564371908446488e-03 4.891620104137616668e-04 6.226328314906090511e-03 -1.013944841582320108e-02 -4.886159623112485860e+03
-2.362946145601015069e-02 2.062028620588679181e-02 5.331108589028817242e-03 4.588176752543549086e-04 6.319155776169480161e-03 -1.048502034258964877e-02 -4.889871429667311531e+03
-2.364716531874820268e-02 2.060011011707373399e-02 5.286479954770273437e-03 4.249575930699173447e-04 6.354073961845706393e-03 -1.049621695992256423e-02 -4.893582056097121495e+03
-2.366486256210284869e-02 2.057983309972359967e-02 5.241745361813108031e-03 3.910426938228149301e-04 6.389005667562001889e-03 -1.050740089830586380e-02 -4.897291443437607086e+03
-2.368255583480584001e-02 2.055950440592247894e-02 5.193354677889928939e-03 3.576884576013896096e-04 6.453762666718984749e-03 -1.079284783262034544e-02 -4.900999532655923758e+03
-2.370023981780734409e-02 2.053902505622193578e-02 5.148408143925790707e-03 3.236640181806470207e-04 6.488720469784443022e-03 -1.080400280885668654e-02 -4.904706438057028208e+03
-2.371791715992108834e-02 2.051844430130797189e-02 5.103355616682184008e-03 2.895848158386033367e-04 6.523690229237096710e-03 -1.081514056818281937e-02 -4.908412100614811607e+03
-2.373558785402678922e-02 2.049776198104901609e-02 5.058197086392256583e-03 2.554509018966986023e-04 6.558672164436005377e-03 -1.082626227104406882e-02 -4.912116519081905608e+03
-2.375325189312639529e-02 2.047697793380895415e-02 5.012932541463292931e-03 2.212623669771346174e-04 6.593666059522770156e-03 -1.083736576701539028e-02 -4.915819692236759693e+03
-2.377090926987716207e-02 2.045609200047563553e-02 4.967561919846518945e-03 1.870193431588292260e-04 6.628671598984271079e-03 -1.084845236847030957e-02 -4.919521618783961458e+03
-2.378855997730331198e-02 2.043510401851818953e-02 4.922085156842897699e-03 1.527220093095910136e-04 6.663689220162697519e-03 -1.085952157666375886e-02 -4.923222297513043486e+03
-2.380620400806857453e-02 2.041401382872636006e-02 4.876502218495071435e-03 1.183705165231524627e-04 6.698719320631598209e-03 -1.087057653898809359e-02 -4.926921727135471883e+03
-2.382384135494347924e-02 2.039282126967337586e-02 4.830813069960267388e-03 8.396497276288638018e-05 6.733761066575579685e-03 -1.088161693102631701e-02 -4.930619906393542806e+03
-2.384147468614175938e-02 2.037156986260621125e-02 4.781279885778587889e-03 5.397820544024429487e-05 6.810427348432203203e-03 -1.121496797598371155e-02 -4.934316776294712326e+03
-2.385909864334911576e-02 2.035017208030078656e-02 4.735378150416596002e-03 1.946480829709023897e-05 6.845491667323345443e-03 -1.122598162248882557e-02 -4.938012451031632736e+03
-2.387671589470465039e-02 2.032867144223270833e-02 4.689370056498204549e-03 -1.510238281665187650e-05 6.880567069267921020e-03 -1.123698187069225446e-02 -4.941706871602336832e+03
-2.389432643287422303e-02 2.030706778320166134e-02 4.643255633826833678e-03 -4.972328497643831939e-05 6.915651899435376962e-03 -1.124796491678618782e-02 -4.945400036737176379e+03
-2.391193296431999571e-02 2.028538946030573192e-02 4.593667805253192314e-03 -7.685450692392599230e-05 7.048170179504238166e-03 -1.148304386341470092e-02 -4.949091887407586910e+03
-2.392953005386024359e-02 2.026357926412773389e-02 4.547340744994701756e-03 -1.115826946265656346e-04 7.083272559297806685e-03 -1.149399208673430352e-02 -4.952782537810357098e+03
-2.394712040807330661e-02 2.024166555082923188e-02 4.500907334928111458e-03 -1.463644082113586332e-04 7.118383089697379561e-03 -1.150492119201232226e-02 -4.956471928933007803e+03
-2.396470401953215701e-02 2.021964815460498485e-02 4.454367552747826552e-03 -1.811996175167372323e-04 7.153500883662129717e-03 -1.151582952313846830e-02 -4.960160059476157585e+03
-2.398228088088518936e-02 2.019752690780592108e-02 4.407721388790446747e-03 -2.160881022052263737e-04 7.188626264021530377e-03 -1.152671774880259688e-02 -4.963846928160331117e+03
-2.399985098470926170e-02 2.017530164372939236e-02 4.360968821163897953e-03 -2.510297326928574474e-04 7.223759577139846066e-03 -1.153758478760851490e-02 -4.967532533687930481e+03
-2.401741720522815315e-02 2.015295919827600479e-02 4.312403423614300131e-03 -2.823110527984327143e-04 7.369191419916331504e-03 -1.176222564027992572e-02 -4.971216817023362637e+03
-2.403497377174557484e-02 2.013052539932259910e-02 4.265437942127459775e-03 -3.173586248640778589e-04 7.404340368962160010e-03 -1.177305521099589365e-02 -4.974899892358039324e+03
-2.405252355846888151e-02 2.010798708281120659e-02 4.218365956641952248e-03 -3.524591045176376082e-04 7.439497177631490890e-03 -1.178386612954795444e-02 -4.978581700663668926e+03
-2.407006655779470733e-02 2.008534408312353386e-02 4.171187416507965949e-03 -3.876123029926845055e-04 7.474661426452824074e-03 -1.179466026360681367e-02 -4.982262240611371453e+03
-2.408760276235059894e-02 2.006259623159355188e-02 4.123902286775462354e-03 -4.228181522968691699e-04 7.509832254592977915e-03 -1.180543732088393943e-02 -4.985941510923163150e+03
-2.410513216439233095e-02 2.003974336064294828e-02 4.076510527069911356e-03 -4.580765768705823593e-04 7.545009511617201819e-03 -1.181619592919945158e-02 -4.989619510245531274e+03
-2.412265475649547075e-02 2.001678529777113288e-02 4.029012141698236696e-03 -4.933875246486323432e-04 7.580192236506765047e-03 -1.182693602286932419e-02 -4.993296237299447057e+03
-2.414017053095084131e-02 1.999372187226932523e-02 3.981407125632426512e-03 -5.287508293191592757e-04 7.615380392749856661e-03 -1.183765656279027467e-02 -4.996971690743842373e+03
-2.415767948013165800e-02 1.997055291215410824e-02 3.933695491824570727e-03 -5.641663780367079002e-04 7.650572322166176997e-03 -1.184835691709694959e-02 -5.000645869261109510e+03
-2.417518731144530433e-02 1.994729047241067602e-02 3.881144423075970525e-03 -5.892153571103592169e-04 7.890941660749696551e-03 -1.227991578937198854e-02 -5.004318656028067380e+03
-2.419268258721090151e-02 1.992390992383557755e-02 3.833219497397739872e-03 -6.247350183603684161e-04 7.926141058256360936e-03 -1.229057320466329928e-02 -5.007990280737315516e+03
-2.421017101473529887e-02 1.990042332084058369e-02 3.785187920161876569e-03 -6.603065978900171619e-04 7.961344056343577780e-03 -1.230120801274204798e-02 -5.011660626539979603e+03
-2.422765531794016450e-02 1.987684925656511489e-02 3.734208362612208634e-03 -6.892886497870077608e-04 8.100166952875978432e-03 -1.252075703780619609e-02 -5.015329634359602096e+03
-2.424513002597309883e-02 1.985315002533248607e-02 3.685963455410915576e-03 -7.249636798114813228e-04 8.135376225121259894e-03 -1.253134291759400339e-02 -5.018997418363053839e+03
-2.426259786271393881e-02 1.982934422238997324e-02 3.637611839937853874e-03 -7.606902629673707077e-04 8.170588273026167109e-03 -1.254190430258819364e-02 -5.022663919450964386e+03
-2.428005882065374654e-02 1.980543167358620946e-02 3.589153475835968592e-03 -7.964684095688437295e-04 8.205802964706269617e-03 -1.255244241369766513e-02 -5.026329136319369354e+03
-2.429751289190309679e-02 1.978141220676670614e-02 3.540588339790664684e-03 -8.322979927611691333e-04 8.241019825643477667e-03 -1.256295899453441743e-02 -5.029993067584745404e+03
-2.431496006875695157e-02 1.975728564724538519e-02 3.491916402309856726e-03 -8.681788399840293215e-04 8.276238941110498556e-03 -1.257345385025497760e-02 -5.033655711908481862e+03
-2.433240034343571098e-02 1.973305182008143477e-02 3.443137638127975134e-03 -9.041108018584632705e-04 8.311459819151092651e-03 -1.258392871916502558e-02 -5.037317067935910927e+03
-2.434983370811898487e-02 1.970871054907920306e-02 3.394252030784334229e-03 -9.400937813896022462e-04 8.346682455109322857e-03 -1.259438197219320960e-02 -5.040977134309785470e+03
-2.436726015502258327e-02 1.968426165532422695e-02 3.345259573822020882e-03 -9.761276209536806463e-04 8.381905871639939304e-03 -1.260481439753181193e-02 -5.044635909685291153e+03
-2.438467967620330107e-02 1.965970495992535802e-02 3.296160268822830551e-03 -1.012212167376496091e-03 8.417129566450022929e-03 -1.261522675709442209e-02 -5.048293392689950451e+03
-2.440209226368822426e-02 1.963504028362446016e-02 3.246954146078191456e-03 -1.048347358505345023e-03 8.452353145269035639e-03 -1.262561391138365512e-02 -5.051949581954009773e+03
-2.441949790948504465e-02 1.961026744647527756e-02 3.197641218567544037e-03 -1.084533054896542762e-03 8.487575602472503117e-03 -1.263597704698009652e-02 -5.055604476105763752e+03
-2.443690202770112604e-02 1.958544748043835465e-02 3.142154444239319243e-03 -1.111023097941205321e-03 8.654351911887027057e-03 -1.319914047484991443e-02 -5.059257958306890941e+03
-2.445429376642471037e-02 1.956045778146958333e-02 3.092627819491613594e-03 -1.147309458690228597e-03 8.689571724824995264e-03 -1.320944735060148971e-02 -5.062910258136230368e+03
-2.447167853977163382e-02 1.953535938234431460e-02 3.042994326950358534e-03 -1.183646082608705687e-03 8.724788688551121316e-03 -1.321972472054600695e-02 -5.066561258748987711e+03
-2.448905633978474064e-02 1.951015210398177741e-02 2.993253973782531146e-03 -1.220032773817775282e-03 8.760002999763731243e-03 -1.322997324774087373e-02 -5.070210958755169486e+03
-2.450643003038928749e-02 1.948482442754208288e-02 2.941792548528695053e-03 -1.252858557811982725e-03 8.909728512414370055e-03 -1.342768627484434464e-02 -5.073859299032251329e+03
-2.452379385988495697e-02 1.945939885070926967e-02 2.891838369599212220e-03 -1.289345033844937170e-03 8.944937403172287249e-03 -1.343788082980850764e-02 -5.077506393660075446e+03
-2.454115069222410905e-02 1.943386385258837404e-02 2.841777242644625938e-03 -1.325881231079011719e-03 8.980143798429257931e-03 -1.344805159552724463e-02 -5.081152183527950911e+03
-2.455850051927628216e-02 1.940821925242180307e-02 2.791609156786140512e-03 -1.362466946401690634e-03 9.015348202513375278e-03 -1.345819959515381740e-02 -5.084796667219356095e+03
-2.457584333299335511e-02 1.938246486697038987e-02 2.741334114583301399e-03 -1.399102024268533088e-03 9.050549448189984872e-03 -1.346832506564146076e-02 -5.088439843343846405e+03
-2.459317912518999352e-02 1.935660051287334954e-02 2.690952139055222993e-03 -1.435786301843088378e-03 9.085746954017034221e-03 -1.347842528907561115e-02 -5.092081710489774196e+03
-2.461051060519005296e-02 1.933064421306769295e-02 2.637798256184833122e-03 -1.467028210324295952e-03 9.208622900422952853e-03 -1.372396919298621461e-02 -5.095722209535380898e+03
-2.462783232993398866e-02 1.930455936229685462e-02 2.587202399934086100e-03 -1.503810592530144480e-03 9.243811072011835078e-03 -1.373401654277623708e-02 -5.099361454532392600e+03
-2.464514993249910038e-02 1.927834917717799121e-02 2.534839499087067349e-03 -1.537135128405516492e-03 9.379794140402254385e-03 -1.393035827260278442e-02 -5.102999328590196455e+03
-2.466246021420680917e-02 1.925209771438338158e-02 2.479940533764707702e-03 -1.572949110417856200e-03 9.422287993272731102e-03 -1.417031551152178603e-02 -5.106635888047142544e+03
-2.467976077625321646e-02 1.922568071929225270e-02 2.429023886468203303e-03 -1.609877819449187985e-03 9.457455493599609131e-03 -1.418027082100420388e-02 -5.110271189219537519e+03
-2.469705426760696043e-02 1.919915263554534263e-02 2.378000277022357216e-03 -1.646855028106711423e-03 9.492615436772770116e-03 -1.419019249001547689e-02 -5.113905172931622474e+03
-2.471434068006749321e-02 1.917251327527949578e-02 2.326869692692448612e-03 -1.683880634492018399e-03 9.527768053968913367e-03 -1.420008200251211133e-02 -5.117537837757785383e+03
-2.473162000552275863e-02 1.914576245057688503e-02 2.275632135915452159e-03 -1.720954402147909174e-03 9.562913249575101179e-03 -1.420994113827852429e-02 -5.121169182285450006e+03
-2.474889223571927199e-02 1.911889997417374337e-02 2.224287608313631811e-03 -1.758076260989883044e-03 9.598051316159908822e-03 -1.421977151146334301e-02 -5.124799205074827114e+03
-2.476615736235953172e-02 1.909192565778464537e-02 2.172836104585277976e-03 -1.795246062148628816e-03 9.633181780675037845e-03 -1.422957497042470244e-02 -5.128427904686710463e+03
-2.478341537700843103e-02 1.906483931407646285e-02 2.121277623089683120e-03 -1.832463637980616140e-03 9.668304426233157237e-03 -1.423934906109067949e-02 -5.132055279662034991e+03
-2.480066627138545823e-02 1.903764075260127794e-02 2.069612157949211190e-03 -1.869728825011946535e-03 9.703418517091215445e-03 -1.424909680899164380e-02 -5.135681328579270485e+03
-2.481791304124332173e-02 1.901029911187996843e-02 2.016341548381846063e-03 -1.904722688185561241e-03 9.836972657208196968e-03 -1.444123181941093029e-02 -5.139305992242938373e+03
-2.483514966994866333e-02 1.898287554314578851e-02 1.964462191203646384e-03 -1.942082620184684347e-03 9.872067255982408876e-03 -1.445091922961765779e-02 -5.142929384707817007e+03
-2.485237915316071758e-02 1.895533918135667434e-02 1.912475901459117925e-03 -1.979489779485709561e-03 9.907150967559745849e-03 -1.446057413896437681e-02 -5.146551446756566293e+03
-2.486960148236027138e-02 1.892768983225921395e-02 1.860382682405814199e-03 -2.016944001076764661e-03 9.942222890246722386e-03 -1.447019745239955420e-02 -5.150172176922144899e+03
-2.488681664906308363e-02 1.889992730124024148e-02 1.808182530248891211e-03 -2.054445122863396336e-03 9.977283475263365106e-03 -1.447978638382248218e-02 -5.153791573746666472e+03
-2.490402756913735402e-02 1.887203719065444832e-02 1.754326228220989044e-03 -2.088636814415895451e-03 1.011773394387289679e-02 -1.465775897386683083e-02 -5.157409578027644784e+03
-2.492122838546613484e-02 1.884404770972934046e-02 1.701912194536637753e-03 -2.126231312167059257e-03 1.015277028252179956e-02 -1.466727970429841307e-02 -5.161026303789205485e+03
-2.493842201373362363e-02 1.881594446100842352e-02 1.649391224007818206e-03 -2.163872280442983350e-03 1.018779448712763859e-02 -1.467676540387637292e-02 -5.164641691783604983e+03
-2.495560844556793736e-02 1.878772724754577267e-02 1.596763311325143575e-03 -2.201559578694084040e-03 1.022280569820837801e-02 -1.468621648600342867e-02 -5.168255740569751651e+03
-2.497278767228331559e-02 1.875939587600211622e-02 1.544028474657795297e-03 -2.239292995223223642e-03 1.025780416613784711e-02 -1.469563255604706443e-02 -5.171868448640129827e+03
-2.498995968534535941e-02 1.873095015113985379e-02 1.491186701703848486e-03 -2.277072445410052368e-03 1.029278896760611565e-02 -1.470501538131116157e-02 -5.175479814524091125e+03
-2.500712447611859457e-02 1.870238987800497410e-02 1.438238018644780701e-03 -2.314897770438507051e-03 1.032775947022968391e-02 -1.471436325922643659e-02 -5.179089836726769136e+03
-2.502428203605243720e-02 1.867371485955950441e-02 1.385182447038735666e-03 -2.352768815476514314e-03 1.036271522428252809e-02 -1.472367788846988025e-02 -5.182698513770091267e+03
-2.504143235638963197e-02 1.864492489848099468e-02 1.332020007716377833e-03 -2.390685325361205892e-03 1.039765471662261291e-02 -1.473295956886289809e-02 -5.186305844138826615e+03
-2.505857542860940798e-02 1.861601979428151310e-02 1.278750743867210823e-03 -2.428647124744801218e-03 1.043257879480579201e-02 -1.474220671249639944e-02 -5.189911826365872002e+03
-2.507571414583872199e-02 1.858698989891172104e-02 1.223586008151575800e-03 -2.462651469603760988e-03 1.056065550249685354e-02 -1.491703111719144825e-02 -5.193516401166989453e+03
-2.509284269555981869e-02 1.855785390505774665e-02 1.170103113393366123e-03 -2.500703385755483933e-03 1.059554708663574575e-02 -1.492620991864730684e-02 -5.197119682570213627e+03
-2.510996397072876030e-02 1.852860216292027268e-02 1.116513389163866030e-03 -2.538800200261398955e-03 1.063042210767908835e-02 -1.493535354597390168e-02 -5.200721611266612854e+03
-2.512708060298951551e-02 1.849926081313855303e-02 1.059850546361084831e-03 -2.573219803172097260e-03 1.070134021666513391e-02 -1.522180287599038916e-02 -5.204322128025439270e+03
-2.514418730279745565e-02 1.846977696384285300e-02 1.006047265088492321e-03 -2.611405958936667288e-03 1.073618056996434277e-02 -1.523086795033927986e-02 -5.207921346805705980e+03
-2.516128670165078060e-02 1.844017675654559263e-02 9.521371472751678994e-04 -2.649636444333032092e-03 1.077100333152123703e-02 -1.523989420238930186e-02 -5.211519208338753742e+03
-2.517837879058750297e-02 1.841045998814718615e-02 8.981202018441366468e-04 -2.687911162874052212e-03 1.080580740182124876e-02 -1.524888045899092971e-02 -5.215115711087692944e+03
-2.519546356097528833e-02 1.838062645359227545e-02 8.439964686490923672e-04 -2.726229950463202652e-03 1.084059129955922303e-02 -1.525782533433316622e-02 -5.218710853570519248e+03
-2.521254100373369195e-02 1.835067595254852649e-02 7.897659864558742322e-04 -2.764592639618952599e-03 1.087535457681751416e-02 -1.526673030199065910e-02 -5.222304634201117551e+03
-2.522961111006620169e-02 1.832060828094768390e-02 7.354287887494588604e-04 -2.802999038371202078e-03 1.091009638446535819e-02 -1.527559758160465173e-02 -5.225897051462294257e+03
-2.524667387106856523e-02 1.829042323388916508e-02 6.809849168298008106e-04 -2.841448935096050829e-03 1.094481735008213767e-02 -1.528442787734034594e-02 -5.229488103815690920e+03
-2.526372927770880600e-02 1.826012060517270830e-02 6.264344198741334403e-04 -2.879942125240621612e-03 1.097951722971909905e-02 -1.529322139797375905e-02 -5.233077789697867047e+03
-2.528077732118637691e-02 1.822970018503004830e-02 5.717773336022893317e-04 -2.918478397456515140e-03 1.101419563819704996e-02 -1.530197947536354568e-02 -5.236666107599048701e+03
-2.529782070874671274e-02 1.819918559907429331e-02 5.139421660204611386e-04 -2.950845558610062837e-03 1.111264000914703558e-02 -1.551918829732514687e-02 -5.240252998173115884e+03
-2.531485399862299160e-02 1.816852897341892162e-02 4.590719513077239707e-04 -2.989467503474934045e-03 1.114727493008429993e-02 -1.552787028070549621e-02 -5.243838575380409566e+03
-2.533187989808589891e-02 1.813775392829190813e-02 4.040951535697296726e-04 -3.028132112342804983e-03 1.118188876429677091e-02 -1.553651247243774056e-02 -5.247422779905301468e+03
-2.534889839786004170e-02 1.810686025393369591e-02 3.490117564678599607e-04 -3.066839206467660266e-03 1.121647921799702290e-02 -1.554511022117550240e-02 -5.251005610158341369e+03
-2.536590948899168640e-02 1.807584773805592099e-02 2.938217922723952496e-04 -3.105588597919701002e-03 1.125104590879663635e-02 -1.555366401430996644e-02 -5.254587064619418925e+03
-2.538291316209760964e-02 1.804471617118281329e-02 2.385252555580483398e-04 -3.144380053377239265e-03 1.128558724622804807e-02 -1.556216976422255226e-02 -5.258167141665943745e+03
-2.539990940806666903e-02 1.801346533922230583e-02 1.831221966256404922e-04 -3.183213383779006679e-03 1.132010296743479576e-02 -1.557063081092801247e-02 -5.261745839734834590e+03
-2.541689821769395688e-02 1.798209502987171624e-02 1.276126471824827729e-04 -3.222088398856521284e-03 1.135459197460748394e-02 -1.557904828447775544e-02 -5.265323157239310603e+03
-2.543387958178891517e-02 1.795060503182558526e-02 7.199668466807767838e-05 -3.261004959556620866e-03 1.138905433410929320e-02 -1.558742303700017505e-02 -5.268899092593946989e+03
-2.545085908206355316e-02 1.791899749696888519e-02 1.202392148762496621e-05 -3.290824370799559813e-03 1.159828953133826800e-02 -1.593179043977144271e-02 -5.272473528721006005e+03
-2.546782840369853779e-02 1.788726000011209294e-02 -4.567226527988222772e-05 -3.325525201023729963e-03 1.172013985506492086e-02 -1.608629083684976271e-02 -5.276046637272414046e+03
-2.548478737605987254e-02 1.785540965538525218e-02 -1.016071250679319543e-04 -3.364565175949011788e-03 1.175452050108683096e-02 -1.609454585676579549e-02 -5.279618416636460097e+03
-2.550173886591145661e-02 1.782343876536939681e-02 -1.576482195113875612e-04 -3.403645773455734637e-03 1.178887350622948200e-02 -1.610275754773999105e-02 -5.283188807458560404e+03
-2.551868286408292413e-02 1.779134711239157077e-02 -2.137955418423282165e-04 -3.442766851491794924e-03 1.182319886887728440e-02 -1.611092615047924476e-02 -5.286757808168161318e+03
-2.553561936095803675e-02 1.775913448182801085e-02 -2.700490881070412102e-04 -3.481928229114886805e-03 1.185749619652122673e-02 -1.611904879662722639e-02 -5.290325417100486447e+03
-2.555254834719959331e-02 1.772680065411358363e-02 -3.264089008355936026e-04 -3.521129757326761645e-03 1.189176447496221971e-02 -1.612712363704260285e-02 -5.293891632662333905e+03
-2.556947269356004554e-02 1.769434164746736676e-02 -3.847852414234439631e-04 -3.555855263762493310e-03 1.201181105549650741e-02 -1.627451712034379966e-02 -5.297456395491844887e+03
-2.558638663008116348e-02 1.766176476455727506e-02 -4.413575046717530871e-04 -3.595136476457022785e-03 1.204601820961186467e-02 -1.628249513788117969e-02 -5.301019819451297735e+03
-2.560329302734659293e-02 1.762906602348464011e-02 -4.980358695933516161e-04 -3.634457217397722879e-03 1.208019460741729251e-02 -1.629042503033435729e-02 -5.304581845140887708e+03
-2.562019187600255571e-02 1.759624520021404320e-02 -5.548202440865591554e-04 -3.673817245979671322e-03 1.211433875099020112e-02 -1.629830761007682732e-02 -5.308142470967728514e+03
-2.563708622068224321e-02 1.756326174181194535e-02 -6.131380384769028130e-04 -3.711568988202745487e-03 1.223970034301276842e-02 -1.644909093449667056e-02 -5.311701637518240204e+03
-2.565396994332013597e-02 1.753019609204731558e-02 -6.701343042556155661e-04 -3.751007229114038718e-03 1.227377763361122733e-02 -1.645688012761943944e-02 -5.315259458643516155e+03
-2.567084608879800084e-02 1.749700769572007722e-02 -7.272364214945037158e-04 -3.790484295259151544e-03 1.230782129006208550e-02 -1.646462435775781705e-02 -5.318815874975127372e+03
-2.568771464744786306e-02 1.746369633248034264e-02 -7.844443542284853296e-04 -3.829999837898976495e-03 1.234183063515885762e-02 -1.647232084569770494e-02 -5.322370884837789163e+03
-2.570457560974805447e-02 1.743026177829905612e-02 -8.417580833314818652e-04 -3.869553643205598126e-03 1.237580605201678459e-02 -1.647996927321684207e-02 -5.325924486595302369e+03
-2.572142896593717851e-02 1.739670381017275128e-02 -8.991776020393541608e-04 -3.909145323017861745e-03 1.240974661478242910e-02 -1.648756843282696977e-02 -5.329476678570839795e+03
-2.573827470632389022e-02 1.736302220362321430e-02 -9.567029111780085086e-04 -3.948774648085625477e-03 1.244365191863761738e-02 -1.649511792648524280e-02 -5.333027459102538160e+03
-2.575511282117545070e-02 1.732921673218237521e-02 -1.014333999960026532e-03 -3.988441496017064783e-03 1.247752145720395708e-02 -1.650261611525541405e-02 -5.336576826518077723e+03
-2.577194330086105337e-02 1.729528716602756269e-02 -1.072070826134542991e-03 -4.028145734190155189e-03 1.251135620741144691e-02 -1.651006555307719947e-02 -5.340124779174660944e+03
-2.578876613538691812e-02 1.726123327636172253e-02 -1.129913277266835110e-03 -4.067887183671544185e-03 1.254515439729408932e-02 -1.651746421953287358e-02 -5.343671315360761582e+03
-2.580558131492157597e-02 1.722705483263947332e-02 -1.187861261883559885e-03 -4.107665684984615831e-03 1.257891522948525152e-02 -1.652481181879510846e-02 -5.347216433397618857e+03
-2.582238882960822060e-02 1.719275160412994663e-02 -1.245914673389937437e-03 -4.147480992442127874e-03 1.261263843432359859e-02 -1.653210704016099333e-02 -5.350760131596195606e+03
-2.583918866955111499e-02 1.715832335996923461e-02 -1.304073441410138036e-03 -4.187332900654093179e-03 1.264632170838520843e-02 -1.653935046965225933e-02 -5.354302408259591175e+03
-2.585598082498924075e-02 1.712376986834164908e-02 -1.362337530004819686e-03 -4.227221211419896971e-03 1.267996503321914756e-02 -1.654654179852103196e-02 -5.357843261717902351e+03
-2.587276528596106281e-02 1.708909089988728050e-02 -1.420706931521420859e-03 -4.267145701288773546e-03 1.271356693069885385e-02 -1.655367881897099394e-02 -5.361382690247221944e+03
-2.588954204257597203e-02 1.705428622419710022e-02 -1.479181625571856021e-03 -4.307106023838160394e-03 1.274712785088210829e-02 -1.656076185262677844e-02 -5.364920692143160522e+03
-2.590631108487707196e-02 1.701935561038146749e-02 -1.537761582450127527e-03 -4.347101810915797969e-03 1.278064652204445248e-02 -1.656779096612462018e-02 -5.368457265692515648e+03
-2.592307240299378951e-02 1.698429882419667455e-02 -1.596446754652175665e-03 -4.387132660008067481e-03 1.281412330138068274e-02 -1.657476698566675774e-02 -5.371992409207657147e+03
-2.593982598666980804e-02 1.694911563384244452e-02 -1.655237083892629113e-03 -4.427198368799258738e-03 1.284755792044923843e-02 -1.658168971150682583e-02 -5.375526120929902390e+03
-2.595657471053741672e-02 1.691379337393921281e-02 -1.715780198863010994e-03 -4.463481150008762402e-03 1.296914086059946375e-02 -1.670251149952991718e-02 -5.379058341431821646e+03
-2.597331279533734300e-02 1.687835666530804191e-02 -1.774780628152055869e-03 -4.503616179391242529e-03 1.300249123405462434e-02 -1.670932832857310521e-02 -5.382589184444821512e+03
-2.599004311560251107e-02 1.684279284057451503e-02 -1.833885962254002550e-03 -4.543785761778487350e-03 1.303579906818029023e-02 -1.671609019630299758e-02 -5.386118590506835062e+03
-2.600676566113559532e-02 1.680710166141287376e-02 -1.893096096478918749e-03 -4.583989729173012888e-03 1.306906318372384919e-02 -1.672279669734929100e-02 -5.389646557874721111e+03
-2.602348042164956410e-02 1.677128288822686206e-02 -1.952410942674215940e-03 -4.624227755666572570e-03 1.310228248811315735e-02 -1.672944564534052311e-02 -5.393173084788229971e+03
-2.604018738695030796e-02 1.673533628028946868e-02 -2.011830428943764230e-03 -4.664499562636330657e-03 1.313545569004776273e-02 -1.673603564182054790e-02 -5.396698169502708879e+03
-2.605688654682168648e-02 1.669926159819502820e-02 -2.071354544881001073e-03 -4.704804815122080007e-03 1.316858196517010221e-02 -1.674256765231465355e-02 -5.400221810276478209e+03
-2.607358071701335045e-02 1.666305387688110651e-02 -2.132811702034042960e-03 -4.740615430409845892e-03 1.329086241370658686e-02 -1.685578542343471597e-02 -5.403743947589894560e+03
-2.609026716310973437e-02 1.662670392251829402e-02 -2.194095710262872461e-03 -4.777611753222525334e-03 1.340707326464137331e-02 -1.696943840457406510e-02 -5.407264637427072557e+03
-2.610694284492231024e-02 1.659024357519317192e-02 -2.253933609418238594e-03 -4.818015348354435720e-03 1.344005271214212052e-02 -1.697579429090481998e-02 -5.410783935786139409e+03
-2.612361068010641760e-02 1.655365418684951948e-02 -2.313875924374664012e-03 -4.858451097037725687e-03 1.347298287950825582e-02 -1.698209375314020317e-02 -5.414301783151030577e+03
-2.614027065815958950e-02 1.651693551581327746e-02 -2.373922545402050877e-03 -4.898918730417083957e-03 1.350586381306714823e-02 -1.698833601604218466e-02 -5.417818177719117557e+03
-2.615692276885537779e-02 1.648008731693244300e-02 -2.434073357534478725e-03 -4.939418178865452938e-03 1.353869495246529629e-02 -1.699451924912996972e-02 -5.421333117749690246e+03
-2.617356996479767300e-02 1.644308371689462422e-02 -2.495782165522607114e-03 -4.977129492797769880e-03 1.365386494738929542e-02 -1.710415964231047983e-02 -5.424846543650809508e+03
-2.619020630924967855e-02 1.640597572691474340e-02 -2.556141105389468041e-03 -5.017692207488278974e-03 1.368659567775363899e-02 -1.711022289993385445e-02 -5.428358569175709818e+03
-2.620683475486795810e-02 1.636873747042195959e-02 -2.616604017265686082e-03 -5.058286240672738195e-03 1.371927588502966019e-02 -1.711622437312928027e-02 -5.431869134744793882e+03
-2.622345795746594543e-02 1.633138870526290934e-02 -2.679737434723250197e-03 -5.095676715948214280e-03 1.377266930969256627e-02 -1.734045030887741007e-02 -5.435378180807678291e+03
-2.624007057376248966e-02 1.629388917040442211e-02 -2.740408057750447820e-03 -5.136332192852472237e-03 1.380524406914559847e-02 -1.734632538960727624e-02 -5.438885821059770933e+03
-2.625667525953291961e-02 1.625625862039014810e-02 -2.801182494076231901e-03 -5.177017817149806057e-03 1.383776495383099055e-02 -1.735213853699241887e-02 -5.442391995956983010e+03
-2.627327200396314261e-02 1.621849680535762325e-02 -2.862060681295910351e-03 -5.217733263735725539e-03 1.387023062393928120e-02 -1.735788800863940357e-02 -5.445896703660482672e+03
-2.628986079635701328e-02 1.618060347340046640e-02 -2.923042515370495240e-03 -5.258478213173555654e-03 1.390264011986955088e-02 -1.736357660569512462e-02 -5.449399942350084530e+03
-2.630644162604186057e-02 1.614257837081430752e-02 -2.984127870598232875e-03 -5.299252457416119694e-03 1.393499273873421637e-02 -1.736920238250080212e-02 -5.452901710199469562e+03
-2.632301448231001706e-02 1.610442124364449418e-02 -3.045316627571358764e-03 -5.340055764369243049e-03 1.396728736650586396e-02 -1.737476473890424422e-02 -5.456402005373632164e+03
-2.633957935453650617e-02 1.606613183767615152e-02 -3.106608628341736133e-03 -5.380887969717465177e-03 1.399952430138549052e-02 -1.738026181970581813e-02 -5.459900826058987150e+03
-2.635613890878996460e-02 1.602772956315262273e-02 -3.170523648162890291e-03 -5.418578072618057684e-03 1.404957139589397760e-02 -1.759587252898924328e-02 -5.463398112636145925e+03
-2.637268778036248526e-02 1.598917484375548051e-02 -3.232021848380174558e-03 -5.459467357632643084e-03 1.408169248801809798e-02 -1.760123899287470775e-02 -5.466893978752947078e+03
-2.638922863538931823e-02 1.595048708595126971e-02 -3.293623078566048495e-03 -5.500384665787026728e-03 1.411375593951964304e-02 -1.760653919496346295e-02 -5.470388364800466661e+03
-2.640576444957024732e-02 1.591164054533185726e-02 -3.356751248234814914e-03 -5.538468629403595599e-03 1.422243216612914529e-02 -1.770027947298673937e-02 -5.473881211195227479e+03
-2.642228923897328718e-02 1.587268593651587276e-02 -3.418558426020489212e-03 -5.579441090048968370e-03 1.425437675622112307e-02 -1.770544485476626545e-02 -5.477372631534879474e+03
-2.643880861248515055e-02 1.583365780727835279e-02 -3.485073852246813476e-03 -5.618500951228036673e-03 1.426480623728542015e-02 -1.782460324858664916e-02 -5.480862508497963972e+03
-2.645532018035306326e-02 1.579443431724469882e-02 -3.549062081913653341e-03 -5.654575049260808332e-03 1.436199683739026491e-02 -1.791886636323406987e-02 -5.484350897910661843e+03
-2.647182078878432265e-02 1.575507747813750456e-02 -3.611177385536668265e-03 -5.695627606192816411e-03 1.439375660286533638e-02 -1.792383321783469832e-02 -5.487837855669368764e+03
-2.648831331475256720e-02 1.571558603750683111e-02 -3.673395131136102283e-03 -5.736706320313022037e-03 1.442545218881997188e-02 -1.792873148126512828e-02 -5.491323322148340594e+03
-2.650479774705451902e-02 1.567595973310752927e-02 -3.735715139196662572e-03 -5.777810989575329209e-03 1.445708272907767628e-02 -1.793356073905942941e-02 -5.494807295422312563e+03
-2.652127407468923143e-02 1.563619829933096325e-02 -3.798137266803780498e-03 -5.818941328234729544e-03 1.448864657404384804e-02 -1.793831979054552953e-02 -5.498289773608059477e+03
-2.653774507315231207e-02 1.559631434381428261e-02 -3.863176733184346418e-03 -5.853776982531923648e-03 1.458598788163316222e-02 -1.802996381904954648e-02 -5.501770697065024251e+03
-2.655420515810582791e-02 1.555628186006102059e-02 -3.925802877874816181e-03 -5.894957718044523294e-03 1.461741918906008658e-02 -1.803457761084987024e-02 -5.505250179370761543e+03
-2.657065710477054740e-02 1.551611345907357581e-02 -3.988530955276295246e-03 -5.936163023981646907e-03 1.464878408793104762e-02 -1.803912148239668334e-02 -5.508728160839579687e+03
-2.658710090210755078e-02 1.547580887421889581e-02 -4.051360910023091982e-03 -5.977392540517249657e-03 1.468008286480532165e-02 -1.804359288691536126e-02 -5.512204639597690402e+03
-2.660353653872586308e-02 1.543536783813120178e-02 -4.114292661946266326e-03 -6.018646017481595924e-03 1.471131416605629162e-02 -1.804799420654295064e-02 -5.515679613694110230e+03
-2.661996400326789927e-02 1.539479007972608011e-02 -4.177326129081779423e-03 -6.059923046974524143e-03 1.474247788320409355e-02 -1.805232518897984320e-02 -5.519153081189070690e+03
-2.663638328449559334e-02 1.535407532537198805e-02 -4.240461164136904645e-03 -6.101223387164771833e-03 1.477357230218963313e-02 -1.805658341656711172e-02 -5.522625040176334551e+03
-2.665279437088613826e-02 1.531322330462843787e-02 -4.303697518855205753e-03 -6.142546813149392902e-03 1.480459660431096384e-02 -1.806077059908780744e-02 -5.526095488695479617e+03
-2.666919725101602259e-02 1.527223374519981990e-02 -4.367035020096038563e-03 -6.183893067932626740e-03 1.483554984476119151e-02 -1.806488384356058977e-02 -5.529564424808144395e+03
-2.668559191334471045e-02 1.523110637458357543e-02 -4.430473503357693077e-03 -6.225261877538201989e-03 1.486642991456391984e-02 -1.806892246835730548e-02 -5.533031846546451561e+03
-2.670198109054895685e-02 1.518986897600032443e-02 -4.497228684948656637e-03 -6.258963640678073294e-03 1.495477385512736061e-02 -1.815282125808894906e-02 -5.536497694205113476e+03
-2.671836215771536405e-02 1.514846632963869760e-02 -4.562907691665733095e-03 -6.295133755705683426e-03 1.504496485396151009e-02 -1.823036860212690416e-02 -5.539962023545751435e+03
-2.673473480967724150e-02 1.510694216286022525e-02 -4.629334189318039250e-03 -6.330591980150172826e-03 1.512528105373588290e-02 -1.835251985908911004e-02 -5.543424832674130812e+03
-2.675109648571417226e-02 1.506526079856141363e-02 -4.693175564017208756e-03 -6.372046825822275280e-03 1.515586318461621500e-02 -1.835624977578027492e-02 -5.546886177281825439e+03
-2.676744988606213557e-02 1.502344024901714446e-02 -4.757117486722705485e-03 -6.413522254902115534e-03 1.518637001014803978e-02 -1.835990463719260057e-02 -5.550345997664914648e+03
-2.678379499902063324e-02 1.498148023853114984e-02 -4.821159836687949167e-03 -6.455017870870074365e-03 1.521680133711691800e-02 -1.836348400465401959e-02 -5.553804291835965159e+03
-2.680013181278991310e-02 1.493938048861457278e-02 -4.885302516714452696e-03 -6.496533344571826449e-03 1.524715529255391173e-02 -1.836698484765873773e-02 -5.557261057774067012e+03
-2.681646031603079558e-02 1.489714071192633701e-02 -4.949545349354744425e-03 -6.538068489939674079e-03 1.527743254429796138e-02 -1.837040836228199733e-02 -5.560716293558127290e+03
-2.683278049664901757e-02 1.485476062739199930e-02 -5.013888109449166942e-03 -6.579623036101113140e-03 1.530763081941486151e-02 -1.837375344061095012e-02 -5.564169997109186625e+03
-2.684909520522787280e-02 1.481224183990883202e-02 -5.080228747972087046e-03 -6.616099355375049985e-03 1.540687964268167183e-02 -1.843453877959448997e-02 -5.567622108688819935e+03
-2.686539870542334341e-02 1.476958029036502286e-02 -5.144770768770024101e-03 -6.657691671426311554e-03 1.543691861730511414e-02 -1.843772429780908897e-02 -5.571072741774733913e+03
-2.688169384751434854e-02 1.472677758475325442e-02 -5.209412143626939405e-03 -6.699302271741640336e-03 1.546687651711148824e-02 -1.844082832847307105e-02 -5.574521836580766831e+03
-2.689798061969551554e-02 1.468383343552729335e-02 -5.274152774970904123e-03 -6.740930734234056379e-03 1.549675277537048215e-02 -1.844385030211563581e-02 -5.577969391116970655e+03
-2.691425900978971358e-02 1.464074755802498295e-02 -5.338992570969139893e-03 -6.782576556355084628e-03 1.552654574552767529e-02 -1.844679114161605279e-02 -5.581415403314079413e+03
-2.693053163185275822e-02 1.459754539501388095e-02 -5.406119566616129045e-03 -6.824503952399891583e-03 1.555645411396604574e-02 -1.858038743462456580e-02 -5.584859813377568571e+03
-2.694679600942755104e-02 1.455418432751289827e-02 -5.473522667363834963e-03 -6.860008760033019931e-03 1.564474661004543535e-02 -1.864240952825764117e-02 -5.588302676998278002e+03
-2.696304918079684559e-02 1.451067153837991806e-02 -5.538659336239775202e-03 -6.901704392768114732e-03 1.567428483974626224e-02 -1.864510277607544370e-02 -5.591744049926606749e+03
-2.697929392142874375e-02 1.446701587221729465e-02 -5.603894682171040899e-03 -6.943416016892133523e-03 1.570373800015914534e-02 -1.864771218488796636e-02 -5.595183872271487417e+03
-2.699553289374614570e-02 1.442326507364563755e-02 -5.672756016939567089e-03 -6.984099452623681280e-03 1.570345585938330915e-02 -1.876161928923241948e-02 -5.598622084273800283e+03
-2.701176073715540887e-02 1.437932276811877165e-02 -5.738188222941580964e-03 -7.025841921244996638e-03 1.573273388782073581e-02 -1.876405862749341152e-02 -5.602058799353771974e+03
-2.702798011383044860e-02 1.433523669853824060e-02 -5.803718540823516424e-03 -7.067599164940392004e-03 1.576192422655119107e-02 -1.876641221982805127e-02 -5.605493957693935045e+03
-2.704419624260926205e-02 1.429106387985939509e-02 -5.874224374488788009e-03 -7.108992611961609601e-03 1.577260809973549810e-02 -1.901751594569211362e-02 -5.608927441652826928e+03
-2.706039864870256328e-02 1.424668940041298910e-02 -5.939950273138001197e-03 -7.150778395113563390e-03 1.580162095406924261e-02 -1.901969998495063596e-02 -5.612359480201864244e+03
-2.707659255087284389e-02 1.420217027569752564e-02 -6.005773702852814852e-03 -7.192577860840828653e-03 1.583054366133714377e-02 -1.902179800823972783e-02 -5.615789955699254278e+03
-2.709277793669689904e-02 1.415750620859180034e-02 -6.071694520295138446e-03 -7.234390562938830364e-03 1.585937504590382782e-02 -1.902381017372036312e-02 -5.619218866052289741e+03
-2.710895479357252474e-02 1.411269690143966520e-02 -6.137712595928146268e-03 -7.276216093470516330e-03 1.588811286647620960e-02 -1.902573388165103643e-02 -5.622646209129394265e+03
-2.712512310928975878e-02 1.406774204933908083e-02 -6.203827791304935939e-03 -7.318054056861078398e-03 1.591675704996310323e-02 -1.902756682497732874e-02 -5.626071982884148383e+03
-2.714128287088731981e-02 1.402264135594968528e-02 -6.270039940995452386e-03 -7.359904083660252783e-03 1.594530533799001087e-02 -1.902930952832325093e-02 -5.629496185104816504e+03
-2.715743406593874865e-02 1.397739451963051806e-02 -6.336348925132756320e-03 -7.401765704851083136e-03 1.597375739104367823e-02 -1.903096115450586545e-02 -5.632918813697887344e+03
-2.717357668190721262e-02 1.393200123783766391e-02 -6.402754595659586843e-03 -7.443638474925620349e-03 1.600211247250647728e-02 -1.903252086772281096e-02 -5.636339866532114684e+03
-2.718971070614149138e-02 1.388646120561244299e-02 -6.469256735041584508e-03 -7.485521928114390218e-03 1.603037101685072033e-02 -1.903398989616233994e-02 -5.639759341439003947e+03
-2.720583612618311317e-02 1.384077411374564671e-02 -6.535855092179868910e-03 -7.527415617698739354e-03 1.605853185785257806e-02 -1.903536791960172211e-02 -5.643177236288730455e+03
-2.722195563524963668e-02 1.379496484680904980e-02 -6.605522414915381522e-03 -7.562628577654443435e-03 1.612192406561949870e-02 -1.912186083940152145e-02 -5.646593491150383670e+03
-2.723806380868177418e-02 1.374898271259190202e-02 -6.672312501436762459e-03 -7.604541404773614184e-03 1.614988906555361869e-02 -1.912305934630850399e-02 -5.650008219394968364e+03
-2.725416333963650781e-02 1.370285259521238086e-02 -6.739198165482701390e-03 -7.646463363976728142e-03 1.617775445688814095e-02 -1.912416469541018682e-02 -5.653421361103880372e+03
-2.727025983104681972e-02 1.365660908965729559e-02 -6.811382386880713603e-03 -7.674837670001906711e-03 1.630416467067145186e-02 -1.920383779607013480e-02 -5.656832798568944781e+03
-2.728634203814539819e-02 1.361018208821258499e-02 -6.878458584368662455e-03 -7.716776985933379920e-03 1.633182831690077955e-02 -1.920475567485917245e-02 -5.660242760611705307e+03
-2.730241556387014851e-02 1.356360618039664789e-02 -6.945629831310612401e-03 -7.758724274492864899e-03 1.635938784473866051e-02 -1.920557729572852992e-02 -5.663651129534072425e+03
-2.731848595805404928e-02 1.351692425996183292e-02 -7.018607124910177311e-03 -7.794527315283901296e-03 1.639784137252826152e-02 -1.930912748561108491e-02 -5.667057787666155491e+03
-2.733454208215787759e-02 1.347004959210162944e-02 -7.085967959655059718e-03 -7.836488744834987918e-03 1.642518907529772962e-02 -1.930975288950042418e-02 -5.670462963797269367e+03
-2.735058948565157605e-02 1.342302507428169006e-02 -7.153423340490303386e-03 -7.878456412372673162e-03 1.645242952189439681e-02 -1.931028152157202027e-02 -5.673866540175065893e+03
-2.736662815558691883e-02 1.337585038687376209e-02 -7.220973038769452380e-03 -7.920429850115831560e-03 1.647956345926616245e-02 -1.931071363212354813e-02 -5.677268514617539040e+03
-2.738265807874930985e-02 1.332852521119780483e-02 -7.288616789773725950e-03 -7.962408609898472683e-03 1.650658911773509110e-02 -1.931104857550343043e-02 -5.680668884871945920e+03
-2.739867924214139244e-02 1.328104922452950226e-02 -7.356354319768989777e-03 -8.004392265075968918e-03 1.653350691263596323e-02 -1.931128686178011644e-02 -5.684067648733870556e+03
-2.741469163252323316e-02 1.323342210581229285e-02 -7.424185331547984192e-03 -8.046380280756623357e-03 1.656031686496964653e-02 -1.931142626734698095e-02 -5.687464803955771458e+03
-2.743069523646701757e-02 1.318564353671414571e-02 -7.492109594515323524e-03 -8.088372432923774877e-03 1.658701746530857543e-02 -1.931146819268840867e-02 -5.690860348254605015e+03
-2.744669004102879076e-02 1.313771319298793691e-02 -7.560126930770384723e-03 -8.130368441276550687e-03 1.661360697403424513e-02 -1.931140934941215359e-02 -5.694254279462053091e+03
-2.746267603254505182e-02 1.308963075978761617e-02 -7.628237182478385218e-03 -8.172368023272754550e-03 1.664008409792627416e-02 -1.931124782368778825e-02 -5.697646595246509605e+03
-2.747865319765530057e-02 1.304139591591525413e-02 -7.696440186919713787e-03 -8.214370656977819721e-03 1.666644834699253230e-02 -1.931098517984523866e-02 -5.701037293349235370e+03
-2.749462152280038665e-02 1.299300833657837662e-02 -7.764735715744188783e-03 -8.256375657478181099e-03 1.669269675447371259e-02 -1.931061762973279583e-02 -5.704426371477888097e+03
-2.751058099476361846e-02 1.294446768752648136e-02 -7.833123553869000139e-03 -8.298382329884933586e-03 1.671882902928421497e-02 -1.931014773054738967e-02 -5.707813827429395133e+03
-2.752653159941640532e-02 1.289577364398880946e-02 -7.901603476203476056e-03 -8.340390054851350501e-03 1.674484389221844727e-02 -1.930957537527632981e-02 -5.711199658807364358e+03
-2.754247332329357034e-02 1.284692587264966122e-02 -7.970175226916590902e-03 -8.382398241643409381e-03 1.677073986360773372e-02 -1.930889951600864990e-02 -5.714583863363083765e+03
-2.755840615281413344e-02 1.279792403979426729e-02 -8.038838496367861283e-03 -8.424406531716038121e-03 1.679651781802539087e-02 -1.930811820034930570e-02 -5.717966438808591192e+03
-2.757433274701382928e-02 1.274879580258550180e-02 -8.110515287752088215e-03 -8.462055362647704845e-03 1.680250579431862706e-02 -1.943735651197397302e-02 -5.721347325061734409e+03
-2.759025320205578044e-02 1.269955058125909510e-02 -8.185261883478310574e-03 -8.495941430348864093e-03 1.683924525840069589e-02 -1.952040626453248676e-02 -5.724726519766976708e+03
-2.760615926648147395e-02 1.265008455948214185e-02 -8.254197880661446121e-03 -8.537947172128626180e-03 1.686466357246722142e-02 -1.951930659862482348e-02 -5.728104193921103615e+03
-2.762205638177942998e-02 1.260046314312269003e-02 -8.323224423966709556e-03 -8.579950972766947973e-03 1.688996096604907307e-02 -1.951810091028234953e-02 -5.731480229644740575e+03
-2.763794453397287396e-02 1.255068599842706738e-02 -8.392341286033442802e-03 -8.621952684583558679e-03 1.691513523078531575e-02 -1.951678612969485679e-02 -5.734854624582673750e+03
-2.765382370939182058e-02 1.250075278752118581e-02 -8.461548269377389478e-03 -8.663951978120816577e-03 1.694018570425374556e-02 -1.951536401168091350e-02 -5.738227376441057459e+03
-2.766969928027819894e-02 1.245072747524820188e-02 -8.536848639345770429e-03 -8.697053947762175760e-03 1.692551116016481616e-02 -1.975693144784172392e-02 -5.741598367287728252e+03
-2.768556585386331217e-02 1.240054145274608992e-02 -8.611798425630257103e-03 -8.731647249735715113e-03 1.693720427006118259e-02 -1.988816478769715387e-02 -5.744967710341409656e+03
-2.770141801406950446e-02 1.235013801007100141e-02 -8.681274178043145440e-03 -8.773635498438767805e-03 1.696187341545437460e-02 -1.988641382630709081e-02 -5.748335518659981062e+03
-2.771726409264524751e-02 1.229955324316596606e-02 -8.752219913050675315e-03 -8.812085442093744309e-03 1.703366217876600350e-02 -1.988503157362759427e-02 -5.751701616620425739e+03
-2.773310084532647907e-02 1.224885939949220230e-02 -8.824548850549122220e-03 -8.849987132028749176e-03 1.704152450347560036e-02 -1.999917123410455480e-02 -5.755066059605382179e+03
-2.774892586273039127e-02 1.219798261274704192e-02 -8.894290517944910060e-03 -8.891958486960612612e-03 1.706580382190269612e-02 -1.999708293843206405e-02 -5.758428902958090475e+03
-2.776474180430141270e-02 1.214694734928381710e-02 -8.964120217942520702e-03 -8.933923030849281327e-03 1.708995166470306942e-02 -1.999487950118295637e-02 -5.761790086535020237e+03
-2.778054865570876372e-02 1.209575326292777059e-02 -9.034037712342929405e-03 -8.975880133699742566e-03 1.711396793951619477e-02 -1.999256241256408897e-02 -5.765149607901377749e+03
-2.779634640261474665e-02 1.204440000564734395e-02 -9.104042764125007750e-03 -9.017829345049251100e-03 1.713785029308779323e-02 -1.999013213079123621e-02 -5.768507464634791177e+03
-2.781213503080250810e-02 1.199288722609920255e-02 -9.174135107269786732e-03 -9.059770367585406534e-03 1.716159834430027245e-02 -1.998758905381036594e-02 -5.771863654349233002e+03
-2.782791452553820891e-02 1.194121457687821047e-02 -9.244314527921269203e-03 -9.101703041444430403e-03 1.718520938551572688e-02 -1.998493153474906539e-02 -5.775218174556850499e+03
-2.784368768672040514e-02 1.188939232994795647e-02 -9.316773011593643128e-03 -9.137212587554529794e-03 1.725063270570879881e-02 -1.997578203399547406e-02 -5.778570965124884424e+03
-2.785944887125181221e-02 1.183739887842466879e-02 -9.387125820899577117e-03 -9.179126914147827873e-03 1.727396918460119904e-02 -1.997289069108687878e-02 -5.781922139051197519e+03
-2.787520356707117938e-02 1.178526899200338894e-02 -9.460444869879000573e-03 -9.214040664677645986e-03 1.732097273682601385e-02 -2.000716053195404284e-02 -5.785271578379769380e+03
-2.789094638288014752e-02 1.173295330638153902e-02 -9.530969625985064378e-03 -9.255933712580656850e-03 1.734402948890390386e-02 -2.000403076261686452e-02 -5.788619396197696915e+03
-2.790667999192377596e-02 1.168047596679015407e-02 -9.601579825688075914e-03 -9.297814820515197184e-03 1.736694387679684273e-02 -2.000078052979416265e-02 -5.791965532179756337e+03
-2.792240437965091276e-02 1.162783660757007141e-02 -9.672275133102595929e-03 -9.339683313437053755e-03 1.738971568189953687e-02 -1.999741036360389718e-02 -5.795309983886638292e+03
-2.793812249197465472e-02 1.157500851366564422e-02 -9.744339876789853694e-03 -9.378176467612195713e-03 1.745753529403900814e-02 -1.997661536391734383e-02 -5.798652691100202901e+03
-2.795383382817994908e-02 1.152209471497685038e-02 -9.820404822103084852e-03 -9.412396258486985245e-03 1.747739779209267139e-02 -2.000967613169512063e-02 -5.801993651303252591e+03
-2.796953046303158122e-02 1.146896712207304964e-02 -9.891353521820982556e-03 -9.454223315465160385e-03 1.749973369415377608e-02 -2.000594196879594555e-02 -5.805333035181112791e+03
-2.798521781736776695e-02 1.141567605089737619e-02 -9.962386129209965802e-03 -9.496035690056317535e-03 1.752192227179814529e-02 -2.000208674860258842e-02 -5.808670724819789939e+03
-2.800089587578066461e-02 1.136222113977884175e-02 -1.003350235436621489e-02 -9.537833057784467217e-03 1.754396272815067839e-02 -1.999810697098231352e-02 -5.812006717614856825e+03
-2.801656462329532929e-02 1.130860202039674599e-02 -1.010470192597591292e-02 -9.579615119020412975e-03 1.756585406150828685e-02 -1.999400306291482937e-02 -5.815341011049897133e+03
-2.803222404473902293e-02 1.125481832452026633e-02 -1.017598453076236191e-02 -9.621381163477795567e-03 1.758759486746733908e-02 -1.998977391999270589e-02 -5.818673602556614242e+03
-2.804787412541936975e-02 1.120086967511382293e-02 -1.024734983475406036e-02 -9.663130430019074846e-03 1.760918472135279342e-02 -1.998541866290650185e-02 -5.822004489680995903e+03
-2.806351484953203967e-02 1.114675570501685864e-02 -1.031879745558764508e-02 -9.704862016264078489e-03 1.763062209905361458e-02 -1.998093734714316214e-02 -5.825333669738758545e+03
-2.807914620191974409e-02 1.109247603478251062e-02 -1.039032696701305651e-02 -9.746574926294370236e-03 1.765190662837549593e-02 -1.997633090259875663e-02 -5.828661140209615041e+03
-2.809476816722478176e-02 1.103803028656864631e-02 -1.046193793979931577e-02 -9.788268362765388184e-03 1.767303425324985577e-02 -1.997159528455539831e-02 -5.831986898525054130e+03
-2.811038347104776250e-02 1.098342719544841486e-02 -1.053582644185064969e-02 -9.824149749030361076e-03 1.771011165639291632e-02 -1.999035944092495201e-02 -5.835310884317020282e+03
-2.812598965184556071e-02 1.092860834789587988e-02 -1.060753277683299488e-02 -9.865727732378599957e-03 1.789312352499151590e-02 -1.990184602146153475e-02 -5.838633152750857334e+03
-2.814158336262663485e-02 1.087366209294009581e-02 -1.067938577886701212e-02 -9.907359252424589174e-03 1.791377434894069268e-02 -1.989672204877458023e-02 -5.841953758951482996e+03
-2.815716762440971174e-02 1.081854823622312341e-02 -1.075131880603400966e-02 -9.948969027554968939e-03 1.793426424746315251e-02 -1.989146497163637312e-02 -5.845272642604640168e+03
-2.817274512111819090e-02 1.076329134773275527e-02 -1.082586390450327937e-02 -9.986433785066637855e-03 1.792771313155841484e-02 -1.997049385756547585e-02 -5.848589743342243310e+03
-2.818831601678314577e-02 1.070785414416424927e-02 -1.090214285824879503e-02 -1.001515384107609132e-02 1.801609104965422661e-02 -1.990007361449394954e-02 -5.851905058493000979e+03
-2.820387469917359086e-02 1.065223648569601708e-02 -1.097611839958899035e-02 -1.005095519396155372e-02 1.806938041649230886e-02 -1.985766583861013276e-02 -5.855218700889874526e+03
-2.821942363103685861e-02 1.059648154008157282e-02 -1.105089337545032968e-02 -1.009148785757817655e-02 1.804978387141131790e-02 -1.988841277336525146e-02 -5.858530610163956226e+03
-2.823496041270619900e-02 1.054052391535547153e-02 -1.112322189532296765e-02 -1.013298045060825707e-02 1.806945880841096669e-02 -1.988249462324257269e-02 -5.861840841423177153e+03
-2.825048765087560115e-02 1.048439636880354499e-02 -1.119562829031969797e-02 -1.017444739187790305e-02 1.808896580351419814e-02 -1.987644320822901794e-02 -5.865149334254795576e+03
-2.826600805490605758e-02 1.042813424153819259e-02 -1.127114880242139142e-02 -1.021105853724890884e-02 1.806858786349089738e-02 -1.995129482122603645e-02 -5.868456028192340455e+03
-2.828151615734530652e-02 1.037166567393719811e-02 -1.134370933060782453e-02 -1.025247164927880518e-02 1.808775200894528062e-02 -1.994496740714617189e-02 -5.871761036037526537e+03
-2.829701466775767782e-02 1.031502599864631171e-02 -1.141634625450840476e-02 -1.029385659876247416e-02 1.810674334560291587e-02 -1.993850009742742513e-02 -5.875064297352762878e+03
-2.831250637190799863e-02 1.025821436192307125e-02 -1.149090109175997763e-02 -1.032931033885647193e-02 1.815920110536338797e-02 -1.988812526468728900e-02 -5.878365751717832609e+03
-2.832798565031402482e-02 1.020123127151174869e-02 -1.156368977916257153e-02 -1.037063674978017276e-02 1.817784275406723535e-02 -1.988137353444337924e-02 -5.881665511907741347e+03
-2.834345528824903579e-02 1.014407587859140689e-02 -1.163655387645405083e-02 -1.041193294308184573e-02 1.819630986900750563e-02 -1.987448427853485619e-02 -5.884963517390587185e+03
-2.835891526979993776e-02 1.008674777665497131e-02 -1.170949307399712230e-02 -1.045319841544958134e-02 1.821460172658722482e-02 -1.986745622076110593e-02 -5.888259765511366822e+03
-2.837436826844129401e-02 1.002926770681728322e-02 -1.178491226910506270e-02 -1.049036381757446727e-02 1.819882944865288191e-02 -1.993155807398392862e-02 -5.891554195713644731e+03
-2.838981434109922111e-02 9.971636118342426872e-03 -1.186319749487014553e-02 -1.051955192474799371e-02 1.820215350444267036e-02 -1.994912758826393809e-02 -5.894846805271877201e+03
-2.840524525436352588e-02 9.913787470666353407e-03 -1.193635954522630736e-02 -1.056072190796975702e-02 1.821991032167118163e-02 -1.994167713458954924e-02 -5.898137764654868988e+03
-2.842066644503690037e-02 9.855764493461953088e-03 -1.200959489431848923e-02 -1.060185868159208879e-02 1.823748555119552792e-02 -1.993408336292808170e-02 -5.901426955604531031e+03
-2.843608053692050705e-02 9.797626418239025262e-03 -1.208722135182722056e-02 -1.064032134453498334e-02 1.818940644176283983e-02 -1.990579015855968928e-02 -5.904714317565855708e+03
-2.845148491281984313e-02 9.739295563544008577e-03 -1.216352756670948006e-02 -1.068006735922172497e-02 1.814699192784572507e-02 -1.991354470096830254e-02 -5.907999905540603322e+03
-2.846688235371256509e-02 9.680780460208671459e-03 -1.224190406433450957e-02 -1.071430022085164031e-02 1.812653303386829381e-02 -1.985097845216915458e-02 -5.911283658909926089e+03
-2.848226448672756816e-02 9.622056029448673026e-03 -1.231542725492501718e-02 -1.075529330743356035e-02 1.814335950073703643e-02 -1.984279357938620661e-02 -5.914565748178065405e+03
-2.849763681322455347e-02 9.563155195729356600e-03 -1.238902137943718486e-02 -1.079624811579393481e-02 1.815999640056167180e-02 -1.983445827906459707e-02 -5.917846054954871761e+03
-2.851299931651092925e-02 9.504077538029927566e-03 -1.246268601082480866e-02 -1.083716418070067994e-02 1.817644292253547608e-02 -1.982597761726189248e-02 -5.921124576450984932e+03
-2.852835480625753872e-02 9.444820088312190498e-03 -1.253816284401382784e-02 -1.087222694392813056e-02 1.821844063035396241e-02 -1.975748863102393810e-02 -5.924401252043135173e+03
-2.854370021680879138e-02 9.385417147135281454e-03 -1.261439475179932691e-02 -1.091192267923975570e-02 1.818136866669764137e-02 -1.976711369894119594e-02 -5.927676136643778591e+03
-2.855903589253263805e-02 9.325818621121161056e-03 -1.269047440064898988e-02 -1.094652135561101879e-02 1.820161029860274671e-02 -1.974684123499479901e-02 -5.930949227354165487e+03
-2.857435893231490692e-02 9.266029451474925432e-03 -1.276441678272407718e-02 -1.098727771223743065e-02 1.821728591346125775e-02 -1.973775809124790961e-02 -5.934220579155641644e+03
-2.858967206293467483e-02 9.206061347715248713e-03 -1.283842732608904066e-02 -1.102799226681191319e-02 1.823276382166199791e-02 -1.972852035426470377e-02 -5.937490131290292084e+03
-2.860497526727288908e-02 9.145913876027462683e-03 -1.291250544852206965e-02 -1.106866367038898333e-02 1.824804211436652918e-02 -1.971912900219140521e-02 -5.940757880917695729e+03
-2.862026852794156626e-02 9.085586603418158852e-03 -1.298665054553018415e-02 -1.110929059565854589e-02 1.826311885675815233e-02 -1.970958272848547660e-02 -5.944023825135809602e+03
-2.863555182725801423e-02 9.025079097510480680e-03 -1.306086211685494186e-02 -1.114987189076399078e-02 1.827799182274839063e-02 -1.969988236182823593e-02 -5.947287960982001096e+03
-2.865082514788317575e-02 8.964390915265626342e-03 -1.313513963674719197e-02 -1.119040676616688511e-02 1.829265892693438672e-02 -1.969002404449184465e-02 -5.950550285585093661e+03
-2.866608847188812162e-02 8.903521622007491698e-03 -1.320948258057440781e-02 -1.123089454928958598e-02 1.830712038830204988e-02 -1.968000815673278531e-02 -5.953810795945042628e+03
-2.868134456292249085e-02 8.842473830102563076e-03 -1.328579853931344951e-02 -1.126488652664618846e-02 1.834512709219079940e-02 -1.959855462303301821e-02 -5.957069431414492101e+03
-2.869658784127826837e-02 8.781240996181072581e-03 -1.336027089029653316e-02 -1.130527838574045367e-02 1.835917591224699510e-02 -1.958822003354642599e-02 -5.960326304536047246e+03
-2.871182107007532944e-02 8.719825736909268474e-03 -1.343480733671719579e-02 -1.134562147812505362e-02 1.837301722483850389e-02 -1.957772375523660069e-02 -5.963581354536706385e+03
-2.872704423178237473e-02 8.658227606816573663e-03 -1.350940738554246359e-02 -1.138591507158742862e-02 1.838664901122774586e-02 -1.956706606094346310e-02 -5.966834578507427977e+03
-2.874225730813929208e-02 8.596446167742063937e-03 -1.358407049523880847e-02 -1.142615819484490633e-02 1.840007107165507125e-02 -1.955624631482781248e-02 -5.970085973387901504e+03
-2.875746028132887197e-02 8.534480970594868904e-03 -1.365879609781366945e-02 -1.146634966117903408e-02 1.841327882543525654e-02 -1.954526611877988734e-02 -5.973335536216080982e+03
-2.877265313322243875e-02 8.472331564510620153e-03 -1.373358352738254275e-02 -1.150648829943059538e-02 1.842626928892261359e-02 -1.953412528503864140e-02 -5.976583263966118466e+03
-2.878783584529871070e-02 8.409997497708777622e-03 -1.380843205919542530e-02 -1.154657303244162672e-02 1.843904006723207437e-02 -1.952282175602263609e-02 -5.979829153548028444e+03
-2.880300839992422715e-02 8.347478301635272505e-03 -1.388334101936180773e-02 -1.158660274558374025e-02 1.845158995633014790e-02 -1.951135229883580943e-02 -5.983073202081980526e+03
-2.881817077811915304e-02 8.284773527799977819e-03 -1.395830981596839736e-02 -1.162657653911164032e-02 1.846391766861195036e-02 -1.949971398416962959e-02 -5.986315406377451836e+03
-2.883332577148386283e-02 8.221882014740502023e-03 -1.403507169083253320e-02 -1.166034590172952343e-02 1.849544005204980732e-02 -1.940425634736555119e-02 -5.989555705655153361e+03
-2.884846774182227985e-02 8.158804712875753623e-03 -1.411015857979826781e-02 -1.170020519314990404e-02 1.850732327917484904e-02 -1.939227648898350642e-02 -5.992794212325032277e+03
-2.886360247161021478e-02 8.095513118621860960e-03 -1.418656390211667229e-02 -1.173595420927144722e-02 1.852868887473775941e-02 -1.929926019864509901e-02 -5.996030807886137154e+03
-2.887872684361279113e-02 8.032049132106837061e-03 -1.426328157449972649e-02 -1.177037761750355550e-02 1.854969708242278428e-02 -1.920383575183447558e-02 -5.999265546877048109e+03
-2.889383806451301107e-02 7.968409598124248996e-03 -1.433854199551263219e-02 -1.181005947144485486e-02 1.856090752912112687e-02 -1.919134814681632689e-02 -6.002498484047154307e+03
-2.890894737176279150e-02 7.904623397410099131e-03 -1.442061760728735771e-02 -1.183639939407795348e-02 1.850275430730092749e-02 -1.903351760262428360e-02 -6.005729385237653332e+03
-2.892403799957037058e-02 7.840606717139590731e-03 -1.449599069296104818e-02 -1.187595861671243702e-02 1.851350213530891797e-02 -1.902069098263815816e-02 -6.008958593860960718e+03
-2.893911830210629116e-02 7.776400757419740795e-03 -1.457141893964069429e-02 -1.191545481140204692e-02 1.852401428665626654e-02 -1.900769104721753908e-02 -6.012185933416583794e+03
-2.895418826088505537e-02 7.712005031641452554e-03 -1.464690160776405473e-02 -1.195488680049782738e-02 1.853428960097625380e-02 -1.899451730829308099e-02 -6.015411400876884727e+03
-2.896924785647284409e-02 7.647419069029359404e-03 -1.472243805521806538e-02 -1.199425330966862047e-02 1.854432651649160976e-02 -1.898116632259479533e-02 -6.018634992986395446e+03
-2.898429706979124831e-02 7.582642393245335281e-03 -1.479802763108753298e-02 -1.203355319462492967e-02 1.855412514729002857e-02 -1.896763694550787638e-02 -6.021856706582401785e+03
-2.899933588146201210e-02 7.517674530305746596e-03 -1.487366974013960320e-02 -1.207278530179869795e-02 1.856368554219104544e-02 -1.895392639039132979e-02 -6.025076538443755453e+03
-2.901436427289209863e-02 7.452514993178841612e-03 -1.494936387432150085e-02 -1.211194871027620329e-02 1.857300724871151568e-02 -1.894003766480572767e-02 -6.028294485498706308e+03
-2.902938506294002602e-02 7.387169367098308202e-03 -1.502701289427813176e-02 -1.214425968628180669e-02 1.858754027293761657e-02 -1.883227950661618341e-02 -6.031510486637240319e+03
-2.904439255521490404e-02 7.321625058408753536e-03 -1.510280935164492327e-02 -1.218328356652172845e-02 1.859637575002632756e-02 -1.881803026379638005e-02 -6.034724654195113544e+03
-2.905939222510863992e-02 7.255937790235986520e-03 -1.518211316200477126e-02 -1.221991266267160973e-02 1.852478943427356139e-02 -1.875549226931130103e-02 -6.037936869448471953e+03
-2.907438690445158722e-02 7.190063646818038376e-03 -1.526485909251931554e-02 -1.224219681377886754e-02 1.843650848954963076e-02 -1.867567608706038190e-02 -6.041147071341081755e+03
-2.908936290202318586e-02 7.123938510663748933e-03 -1.534080364977971622e-02 -1.228100499218244893e-02 1.844459618327233888e-02 -1.866088451761712536e-02 -6.044355545459219684e+03
-2.910433122770077555e-02 7.057609255303621404e-03 -1.541834601121896443e-02 -1.231400454998053846e-02 1.845494129602493275e-02 -1.854686754659030240e-02 -6.047562057419812845e+03
-2.911928613003913341e-02 6.991094420312734051e-03 -1.549438544659107256e-02 -1.235266244723013523e-02 1.846252083454646975e-02 -1.853170886845591225e-02 -6.050766719491015465e+03
-2.913423045500657463e-02 6.924383988734928233e-03 -1.557047127865892125e-02 -1.239124317490572849e-02 1.846984584508089278e-02 -1.851636188895813134e-02 -6.053969470616936633e+03
-2.914916683858042104e-02 6.857518973695343918e-03 -1.564951174553972160e-02 -1.242772582647169548e-02 1.839516489137942024e-02 -1.846450932210884355e-02 -6.057170249666402015e+03
-2.916408994856667727e-02 6.790415863114090782e-03 -1.572568835312462832e-02 -1.246614858617332323e-02 1.840197523374522207e-02 -1.844878497617401247e-02 -6.060369168908802749e+03
-2.917900516327204957e-02 6.723148939961028255e-03 -1.580448076887086550e-02 -1.249951530475753268e-02 1.835487767419590951e-02 -1.844364056236457231e-02 -6.063566109412645346e+03
-2.919391222515852966e-02 6.655709586476360635e-03 -1.588497380651389401e-02 -1.253532123540117629e-02 1.823538879130632770e-02 -1.836047071457235294e-02 -6.066761067877767346e+03
-2.920880336135122518e-02 6.588013677382695277e-03 -1.596128104581257673e-02 -1.257350104230738064e-02 1.824141457056131094e-02 -1.834417322302179382e-02 -6.069954214192960535e+03
-2.922368908035005361e-02 6.520185680524960559e-03 -1.604236891233050064e-02 -1.260862282172161078e-02 1.810168499638794073e-02 -1.825818867194604206e-02 -6.073145313899790381e+03
-2.923855879984819245e-02 6.452092017840594870e-03 -1.611875962342868701e-02 -1.264663515670252925e-02 1.810717201634057943e-02 -1.824150618903451829e-02 -6.076334594785383160e+03
-2.925341777982395919e-02 6.383798704656351922e-03 -1.619519078066677248e-02 -1.268456161339573049e-02 1.811238941175600387e-02 -1.822463425878332460e-02 -6.079521937780025837e+03
-2.926826599978081533e-02 6.315305218211661638e-03 -1.627166163672635890e-02 -1.272240090891796349e-02 1.811733429843141382e-02 -1.820756902447258699e-02 -6.082707339497404973e+03
-2.928310343886165665e-02 6.246611042593443533e-03 -1.634817146312488728e-02 -1.276015172041030689e-02 1.812200549442374506e-02 -1.819030920988155484e-02 -6.085890796477543518e+03
-2.929793286462474902e-02 6.177737306249582970e-03 -1.642720076678932245e-02 -1.278947606495498338e-02 1.812129363983942462e-02 -1.806720969682009889e-02 -6.089072247603907272e+03
-2.931275140809475738e-02 6.108657326617436198e-03 -1.650740473261607180e-02 -1.282507999716954103e-02 1.803546363966621047e-02 -1.783988158826662826e-02 -6.092251747029697071e+03
-2.932756177908992304e-02 6.039421736386241593e-03 -1.658950596564802427e-02 -1.285185223801622000e-02 1.790837312742834045e-02 -1.781734016096819459e-02 -6.095429233673210547e+03
-2.934235588530467384e-02 5.969919573041955647e-03 -1.666616307883159870e-02 -1.288923823144045265e-02 1.791192954281578889e-02 -1.779927380125622544e-02 -6.098604877205661069e+03
-2.935713910607644014e-02 5.900214082528498771e-03 -1.674285504715949946e-02 -1.292653006420145349e-02 1.791520176255660679e-02 -1.778100674547309842e-02 -6.101778558723546666e+03
-2.937191141964136040e-02 5.830304741137625792e-03 -1.681958105480474766e-02 -1.296372655322638491e-02 1.791818927250228219e-02 -1.776253328230102679e-02 -6.104950274571478985e+03
-2.938667280532384490e-02 5.760191004748891827e-03 -1.689634022700895605e-02 -1.300082615478249069e-02 1.792089067577080225e-02 -1.774386031726661248e-02 -6.108120021340892890e+03
-2.940142324140666147e-02 5.689872339517055427e-03 -1.697313173421709231e-02 -1.303782746398955000e-02 1.792330254251832400e-02 -1.772498929679735408e-02 -6.111287795406619807e+03
-2.941616270638763506e-02 5.619348199621326985e-03 -1.704995469336764713e-02 -1.307472940364272536e-02 1.792542254477286212e-02 -1.770591600145312791e-02 -6.114453593227625788e+03
-2.943089117833680435e-02 5.548618043557768456e-03 -1.712680818438734598e-02 -1.311153091884398846e-02 1.792724820417586351e-02 -1.768663622993295673e-02 -6.117617411180426643e+03
-2.944560863609410606e-02 5.477681317355343263e-03 -1.720369129303025643e-02 -1.314823093416206054e-02 1.792877861692071875e-02 -1.766714827348079414e-02 -6.120779245826674014e+03
-2.946031505703767400e-02 5.406537489218604317e-03 -1.728060304800033836e-02 -1.318482801628398891e-02 1.793001103542982838e-02 -1.764744794092228466e-02 -6.123939093384316038e+03
-2.947501320672041292e-02 5.335195660388364694e-03 -1.735951731216078819e-02 -1.321382593374230072e-02 1.792787677278531722e-02 -1.750067643604678869e-02 -6.127096892566771203e+03
-2.948969748885504200e-02 5.263635961493141197e-03 -1.743648362476101291e-02 -1.325021282618680379e-02 1.792850848011843731e-02 -1.748054876227689292e-02 -6.130252755256898126e+03
-2.950437066848414155e-02 5.191867494444072674e-03 -1.751347588258951246e-02 -1.328649223969256311e-02 1.792883690947951261e-02 -1.746020637846499440e-02 -6.133406620003129319e+03
-2.951903272381105336e-02 5.119889693201197696e-03 -1.759049327601117790e-02 -1.332266268523547674e-02 1.792886041335557332e-02 -1.743965104819251294e-02 -6.136558483198923568e+03
-2.953368363235588448e-02 5.047702003514033947e-03 -1.766753489200723407e-02 -1.335872294721802966e-02 1.792857646823115339e-02 -1.741888534615483250e-02 -6.139708341100779762e+03
-2.954832337214466711e-02 4.975303858067819419e-03 -1.774459970093877556e-02 -1.339467188387007818e-02 1.792798184284015439e-02 -1.739790736487013129e-02 -6.142856190089475604e+03
-2.956295192070956812e-02 4.902694689646745936e-03 -1.782168666364223122e-02 -1.343050836340340184e-02 1.792707456412794345e-02 -1.737671686123353626e-02 -6.146002026456144449e+03
-2.957757206836518840e-02 4.829885005441917657e-03 -1.790087630638525357e-02 -1.345844201183434528e-02 1.790869657614225716e-02 -1.722855729181388754e-02 -6.149145788651838302e+03
-2.959218081156632721e-02 4.756905540352806411e-03 -1.798167580850849531e-02 -1.349096622095694378e-02 1.780758462753368604e-02 -1.711487450339859925e-02 -6.152287530727539888e+03
-2.960677830278101233e-02 4.683704789485008957e-03 -1.806179970789573153e-02 -1.352397623689950007e-02 1.771418195071128993e-02 -1.701665660512764397e-02 -6.155427248886956477e+03
-2.962136484780891060e-02 4.610216357203505803e-03 -1.813869109056668455e-02 -1.355743314856255530e-02 1.783037703286294642e-02 -1.680012800269793313e-02 -6.158564939424808472e+03
-2.963593709781146140e-02 4.536543521496631988e-03 -1.821587405515082136e-02 -1.359268662880317412e-02 1.782787891244188780e-02 -1.677783178534751965e-02 -6.161700656292995518e+03
-2.965050067417004248e-02 4.462674737220421670e-03 -1.829509403417140315e-02 -1.362304143827889821e-02 1.776568586680032577e-02 -1.673024203779957184e-02 -6.164834280106957522e+03
-2.966505296555698584e-02 4.388608016320149664e-03 -1.837514392930564983e-02 -1.365220707392350921e-02 1.768102995908040626e-02 -1.668739524848543085e-02 -6.167965864937420520e+03
-2.967959116065193095e-02 4.314290002158476661e-03 -1.845237235987240779e-02 -1.368709110722621074e-02 1.767754844564580624e-02 -1.666442393521129842e-02 -6.171095464582284876e+03
-2.969412069136507723e-02 4.239772473525011028e-03 -1.853192821320164690e-02 -1.371426805206672761e-02 1.763482184988577825e-02 -1.655467386784680375e-02 -6.174222959742819512e+03
-2.970863308281129767e-02 4.165044669811818548e-03 -1.861066180211753962e-02 -1.375296038826187214e-02 1.746651850635448644e-02 -1.645274620497445828e-02 -6.177348519782218318e+03
-2.972313963672689255e-02 4.090139688854015944e-03 -1.869259545311058660e-02 -1.378318842832700411e-02 1.734488144093605799e-02 -1.630770021410454795e-02 -6.180471909800322464e+03
-2.973763209864066503e-02 4.014953178065338441e-03 -1.876986935413450103e-02 -1.381756212685775718e-02 1.734006099322588090e-02 -1.628382298374414505e-02 -6.183593299197204942e+03
-2.975211857426350928e-02 3.939582771094293084e-03 -1.885071876316269518e-02 -1.384320440108513864e-02 1.724055047263597928e-02 -1.604532740528675366e-02 -6.186712510793113324e+03
-2.976659085254267437e-02 3.863969764519030632e-03 -1.892985695766397081e-02 -1.386967182359906056e-02 1.722460073906969397e-02 -1.587454887825872837e-02 -6.189829713852533132e+03
-2.978104876441320728e-02 3.788125597707845717e-03 -1.900715398806688411e-02 -1.390364609368130618e-02 1.721875177390518041e-02 -1.584997039219435827e-02 -6.192944904464450701e+03
-2.979549511177054591e-02 3.712060983592852664e-03 -1.908445633581759213e-02 -1.393748343100527712e-02 1.721255455149814373e-02 -1.582515353424464311e-02 -6.196058020964068419e+03
-2.980993802602484311e-02 3.635840398759356690e-03 -1.916887170752424457e-02 -1.394913322868166806e-02 1.707240914118076866e-02 -1.552837436453506463e-02 -6.199168886020119317e+03
-2.982436414713683301e-02 3.559308088013130814e-03 -1.924723411924313468e-02 -1.397780846497539628e-02 1.705019070443853507e-02 -1.535209443868720651e-02 -6.202277784419417912e+03
-2.983877565512702348e-02 3.482578448308176235e-03 -1.932454496882675399e-02 -1.401122611380887541e-02 1.704293386506427338e-02 -1.532656701198966374e-02 -6.205384654416811827e+03
-2.985317550110389712e-02 3.405625903188440502e-03 -1.940185638991605635e-02 -1.404450114863258978e-02 1.703532105348293940e-02 -1.530080383119349595e-02 -6.208489434180803983e+03
-2.986756647011751600e-02 3.328458628954523296e-03 -1.948102157727034725e-02 -1.406991521359856820e-02 1.700986796528159220e-02 -1.512353997424408653e-02 -6.211592061943724730e+03
-2.988194291795384303e-02 3.251058417262183819e-03 -1.955833090138808447e-02 -1.410290019250223445e-02 1.700153430700706431e-02 -1.509729926075387661e-02 -6.214692649066843842e+03
-2.989631043470094424e-02 3.173449037488963384e-03 -1.963779387597161530e-02 -1.412734636595106355e-02 1.696710153528415213e-02 -1.492494808495391581e-02 -6.217791076079348386e+03
-2.991066338499634436e-02 3.095598626815336801e-03 -1.971509641130881479e-02 -1.416003439564682623e-02 1.695803602884226116e-02 -1.489821417301100126e-02 -6.220887454333247661e+03
-2.992500737830503313e-02 3.017513900485915748e-03 -1.979372909968082905e-02 -1.418619561597869033e-02 1.693591495659356808e-02 -1.471300798792987696e-02 -6.223981664204497065e+03
-2.993933942676353654e-02 2.939230707303721376e-03 -1.987299528085573891e-02 -1.421363022640923998e-02 1.685225011860973579e-02 -1.464404072779384482e-02 -6.227073759172827522e+03
-2.995365957616800273e-02 2.860724958130010914e-03 -1.995191833709775153e-02 -1.424453596804505819e-02 1.676210975622409449e-02 -1.453366782141270186e-02 -6.230163735262580303e+03
-2.996796522896084253e-02 2.781966452524460478e-03 -2.002919058828631776e-02 -1.427660745534543689e-02 1.675155092904748177e-02 -1.450594270740196423e-02 -6.233251645942907089e+03
-2.998225899370402306e-02 2.702979317266182395e-03 -2.010645213769131356e-02 -1.430852064463730179e-02 1.674061353157382109e-02 -1.447797164959963370e-02 -6.236337429248913395e+03
-2.999654353041243671e-02 2.623782108301509104e-03 -2.018606504023302134e-02 -1.433213583527805438e-02 1.668912043980894794e-02 -1.434026877821179165e-02 -6.239421023355972466e+03
-3.001081344211663920e-02 2.544335773913799364e-03 -2.026330176870096839e-02 -1.436372752363295445e-02 1.667741499674876837e-02 -1.431179447301766071e-02 -6.242502539287761465e+03
-3.002507419573681446e-02 2.464663885001760861e-03 -2.034231217960985258e-02 -1.438744004076624589e-02 1.663904540687782818e-02 -1.412504349520936342e-02 -6.245581857526346539e+03
-3.003932274921908979e-02 2.384782992899491579e-03 -2.042029078590225713e-02 -1.441862871965431808e-02 1.665760043676006025e-02 -1.397966904896680643e-02 -6.248659031419978419e+03
-3.005355668667767863e-02 2.304642914194077186e-03 -2.049748023370610850e-02 -1.444972463362477824e-02 1.664472609082469703e-02 -1.395042555764347721e-02 -6.251734114460726232e+03
-3.006778137184568100e-02 2.224283742672810479e-03 -2.057661190641847312e-02 -1.447239209538063280e-02 1.661000357366958224e-02 -1.375806110194112246e-02 -6.254806986888784195e+03
-3.008199119527139517e-02 2.143677814979362290e-03 -2.065376207719056903e-02 -1.450314791720964600e-02 1.659633916376246701e-02 -1.372830093694404723e-02 -6.257877759730388789e+03
-3.009618892201987306e-02 2.062837947822557510e-03 -2.073089029031598141e-02 -1.453373044672783519e-02 1.658227332623452011e-02 -1.369828155593425315e-02 -6.260946370961619323e+03
-3.011037452559960428e-02 1.981763464493394803e-03 -2.080799532622453971e-02 -1.456413783128993923e-02 1.656780312911054417e-02 -1.366800281452694096e-02 -6.264012816280012885e+03
-3.012454518592723104e-02 1.900444635521652929e-03 -2.088447121769164763e-02 -1.460311762071048874e-02 1.650189604872221924e-02 -1.348199949015911267e-02 -6.267077149021954938e+03
-3.013870646186057184e-02 1.818898912109006378e-03 -2.096152637166916535e-02 -1.463316947175641834e-02 1.648660848227189238e-02 -1.345118983679151684e-02 -6.270139249167181333e+03
-3.015285843836665661e-02 1.737104519654079264e-03 -2.103978418515223964e-02 -1.465675944636665728e-02 1.644270064298761561e-02 -1.325070241900205663e-02 -6.273199112435803727e+03
-3.016699814824779641e-02 1.655075330480691850e-03 -2.111803408274222013e-02 -1.467998498040275560e-02 1.640284292964223206e-02 -1.304743723392511219e-02 -6.276256792019830755e+03
-3.018112273019749742e-02 1.572817589451381811e-03 -2.119500333790278260e-02 -1.470948898330992280e-02 1.638631737648503506e-02 -1.301583179906896925e-02 -6.279312341247946279e+03
-3.019523785719421122e-02 1.490320471685838448e-03 -2.127339986916425285e-02 -1.473159858383364142e-02 1.634577787721439718e-02 -1.281065988740809694e-02 -6.282365640089861699e+03
-3.020934361049957759e-02 1.407569184486293220e-03 -2.135296320678647941e-02 -1.474730898307046074e-02 1.626688464824081401e-02 -1.243543662074385499e-02 -6.285416684091518619e+03
-3.022343125170838529e-02 1.324593125590306161e-03 -2.142983141721887044e-02 -1.477624802782613773e-02 1.624909470756788141e-02 -1.240302544271406140e-02 -6.288465641878534370e+03
-3.023750652425260393e-02 1.241376202072702736e-03 -2.150666284418285834e-02 -1.480499402004724872e-02 1.623087295240400324e-02 -1.237033687890139178e-02 -6.291512393550129673e+03
-3.025157228049828867e-02 1.157902538583145029e-03 -2.158324692966319056e-02 -1.482992683480312789e-02 1.631415869300649121e-02 -1.210400217086119411e-02 -6.294556876632889725e+03
-3.026562273079196758e-02 1.074201783687197924e-03 -2.166000077437018126e-02 -1.485828009394252538e-02 1.629506962594511402e-02 -1.207075902057552948e-02 -6.297599202211806187e+03
-3.027966072710148310e-02 9.902580548604479355e-04 -2.173671362357890852e-02 -1.488643383566148892e-02 1.627554473000196456e-02 -1.203723674903714458e-02 -6.300639307683512925e+03
-3.029368624208363808e-02 9.060706126694967636e-04 -2.181338371165143786e-02 -1.491438612467923391e-02 1.625558246513585450e-02 -1.200343805199595264e-02 -6.303677188626544194e+03
-3.030769940653813346e-02 8.215839450590581078e-04 -2.188936159004471402e-02 -1.493888106465406616e-02 1.623477208251496162e-02 -1.158001749349417235e-02 -6.306712840242988932e+03
-3.032170252821387441e-02 7.369411305519563615e-04 -2.196807787940787196e-02 -1.496403049108933556e-02 1.610724123366265650e-02 -1.144300404968306463e-02 -6.309746200124547613e+03
-3.033569042627268231e-02 6.520182120771282966e-04 -2.204460849659000896e-02 -1.499136781798383368e-02 1.608594733736283880e-02 -1.140837335908756293e-02 -6.312777379056972677e+03
-3.034966850027625423e-02 5.668514337815869827e-04 -2.212269567206227860e-02 -1.501153151005027615e-02 1.601042652677522188e-02 -1.124791652915250670e-02 -6.315806256942852087e+03
-3.036363117593516084e-02 4.814344907317451554e-04 -2.219912418275630725e-02 -1.503844908208490025e-02 1.598823826575444806e-02 -1.121275310437006359e-02 -6.318832944425351343e+03
-3.037758119752912225e-02 3.957694245544884329e-04 -2.227549992144506330e-02 -1.506514954577064559e-02 1.596557351311691381e-02 -1.117726248209710040e-02 -6.321857378975978463e+03
-3.039152150204943101e-02 3.098276460888396960e-04 -2.235142762015331769e-02 -1.508882439919776233e-02 1.603576379617032907e-02 -1.090529094525539804e-02 -6.324879498076513300e+03
-3.040544888560534759e-02 2.236737532679534631e-04 -2.242940225908314142e-02 -1.510771417868773253e-02 1.596314016341633321e-02 -1.073640487721330868e-02 -6.327899354568564377e+03
-3.041936345054565421e-02 1.372801462256323379e-04 -2.250788499360218547e-02 -1.512518140567155160e-02 1.588829068104067460e-02 -1.056803301167567703e-02 -6.330916943900887418e+03
-3.043326255746385198e-02 5.061512098948650515e-05 -2.258403065869305643e-02 -1.515099974268502986e-02 1.586377369293550180e-02 -1.053138756194165609e-02 -6.333932318675647366e+03
-3.044714886132820347e-02 -3.630178884511610403e-05 -2.266011381478125197e-02 -1.517659279102795411e-02 1.583878318667566315e-02 -1.049445325117416908e-02 -6.336945416353499240e+03
-3.046102783132701580e-02 -1.234383482947232148e-04 -2.274042804370548024e-02 -1.518460256921097193e-02 1.571247576853015276e-02 -1.015019974774280728e-02 -6.339956116518572344e+03
-3.047488843862805608e-02 -2.108613286730337620e-04 -2.281638079353832949e-02 -1.520973754985572961e-02 1.568652636635548339e-02 -1.011267514023079205e-02 -6.342964645190580995e+03
-3.048873615290346312e-02 -2.985385280108744373e-04 -2.289226554538100616e-02 -1.523463928186560498e-02 1.566009493694289073e-02 -1.007485682538982255e-02 -6.345970882102047653e+03
-3.050257374375398012e-02 -3.864553933993150354e-04 -2.297001778629982963e-02 -1.525046240393359773e-02 1.559532041146601163e-02 -9.856287659261980111e-03 -6.348974764359686560e+03
-3.051639557869598521e-02 -4.746433371410816154e-04 -2.304576087232618198e-02 -1.527488927046231383e-02 1.556791621514687363e-02 -9.817869088872136982e-03 -6.351976402478272576e+03
-3.053020702898246591e-02 -5.630536212410502386e-04 -2.312375091515541173e-02 -1.529596224164809712e-02 1.542282350989990052e-02 -9.668665028705785910e-03 -6.354975675899493581e+03
-3.054400286096727382e-02 -6.517554439193146750e-04 -2.319934479722566764e-02 -1.531990472833499178e-02 1.539443662546057488e-02 -9.629642853329985555e-03 -6.357972695216059947e+03
-3.055778564430243482e-02 -7.407153796629306229e-04 -2.327486098958691726e-02 -1.534360178519386490e-02 1.536554961991368380e-02 -9.590315300701247186e-03 -6.360967397371821789e+03
-3.057155534879968384e-02 -8.299342541884846590e-04 -2.335029734015360223e-02 -1.536705105033397967e-02 1.533615815011914012e-02 -9.550683123919035539e-03 -6.363959777538384515e+03
-3.058531463113619772e-02 -9.193752683748811824e-04 -2.342773374946406292e-02 -1.538772917298775883e-02 1.519530912180465029e-02 -9.393365486578311371e-03 -6.366949772624081561e+03
-3.059906353304197787e-02 -1.009086963895137285e-03 -2.350493751461745981e-02 -1.540256970013968545e-02 1.514376514076794245e-02 -9.017907971231505296e-03 -6.369937377649248447e+03
-3.061279381012019588e-02 -1.099087447051094388e-03 -2.358012176845104141e-02 -1.542525921814531624e-02 1.511284794435679632e-02 -8.977366029044095766e-03 -6.372922760544601260e+03
-3.062651088127183938e-02 -1.189350103942886025e-03 -2.365521788148867988e-02 -1.544768986068657639e-02 1.508141840789288535e-02 -8.936513658508817015e-03 -6.375905800685236500e+03
-3.064021756299119270e-02 -1.279873662983517426e-03 -2.373155949547568755e-02 -1.546216568466677113e-02 1.501515590515167461e-02 -8.700240859025144130e-03 -6.378886435042004450e+03
-3.065391076199808912e-02 -1.370633026450230685e-03 -2.380896436684580217e-02 -1.547724931771393177e-02 1.488107746288975033e-02 -8.580594251679379142e-03 -6.381864716155559108e+03
-3.066758802037288997e-02 -1.461687099229475040e-03 -2.388378319206918218e-02 -1.549888744038269497e-02 1.484808012662952592e-02 -8.538792763039922823e-03 -6.384840696427479088e+03
-3.068125486818230191e-02 -1.553029879820542417e-03 -2.395816630900986927e-02 -1.551661030622505065e-02 1.489578605302635701e-02 -8.254169169498077469e-03 -6.387814255161776600e+03
-3.069490542161948041e-02 -1.644615706548638269e-03 -2.403278925234545588e-02 -1.553770676787127707e-02 1.486172684404970037e-02 -8.211735097834934119e-03 -6.390785502362207808e+03
-3.070854257362027814e-02 -1.736468678910513220e-03 -2.410731080979608074e-02 -1.555852808753504721e-02 1.482713155544911066e-02 -8.168990436860850551e-03 -6.393754375069397611e+03
-3.072216629120167602e-02 -1.828589645940444834e-03 -2.418172859527081830e-02 -1.557907140485407203e-02 1.479199750621669994e-02 -8.125931735518291538e-03 -6.396720867933170666e+03
-3.073577654088781655e-02 -1.920979450646384317e-03 -2.425604032116698491e-02 -1.559933390533246519e-02 1.475632172141633919e-02 -8.082557009207739368e-03 -6.399684975460938404e+03
-3.074937573100193500e-02 -2.013608198949304578e-03 -2.433210759652356184e-02 -1.561664263601746788e-02 1.461187003501719997e-02 -7.927546059231075498e-03 -6.402646638510915182e+03
-3.076295913511395072e-02 -2.106535852978832189e-03 -2.440634603838030131e-02 -1.563612665749952377e-02 1.456663425559784515e-02 -7.874816900853847876e-03 -6.405605954813574499e+03
-3.077653159018435905e-02 -2.199733924952531391e-03 -2.448170011562102524e-02 -1.564750469178154829e-02 1.449355176419437306e-02 -7.630380742260547272e-03 -6.408562815788493936e+03
-3.079008763048604949e-02 -2.293207666196659701e-03 -2.455556418940888982e-02 -1.566661546494686058e-02 1.445566525890368964e-02 -7.585694138406377969e-03 -6.411517327165853203e+03
-3.080363003390606744e-02 -2.386954573373031938e-03 -2.462931043451078994e-02 -1.568543069514669736e-02 1.441721901402003535e-02 -7.540681229840725912e-03 -6.414469425903683259e+03
-3.081716138295294977e-02 -2.480937416763182458e-03 -2.470528757990312144e-02 -1.570045110382735365e-02 1.425721698691281153e-02 -7.367039037385688001e-03 -6.417419048123356333e+03
-3.083068191638166713e-02 -2.575188429928303852e-03 -2.478300694732436804e-02 -1.570103691488993272e-02 1.408419308626653564e-02 -7.035874947891537952e-03 -6.420366189025869971e+03
-3.084418602655631877e-02 -2.669768338390288761e-03 -2.485622103427457749e-02 -1.571397018731402612e-02 1.412910041842100478e-02 -6.738449080551253689e-03 -6.423310957818041061e+03
-3.085767902091560155e-02 -2.764600385853020412e-03 -2.493104475489204414e-02 -1.572023510834695201e-02 1.408086810306711720e-02 -6.365111728109857682e-03 -6.426253233480664676e+03
-3.087115271737749314e-02 -2.859726312050230642e-03 -2.500416372007835050e-02 -1.573752723660233610e-02 1.403955778046643912e-02 -6.318455231515428087e-03 -6.429193183823199433e+03
-3.088461534172877790e-02 -2.955107920582252575e-03 -2.507909169925064824e-02 -1.574585718576430871e-02 1.393745462035658744e-02 -6.122827637086662896e-03 -6.432130629479202980e+03
-3.089806682350191430e-02 -3.050754733851647124e-03 -2.515577950338495142e-02 -1.574538616441302150e-02 1.376281443229144391e-02 -5.782680692375674267e-03 -6.435065564984482990e+03
-3.091150148853367627e-02 -3.146696809414667277e-03 -2.522856932249438813e-02 -1.576172732070666577e-02 1.373643140024436403e-02 -5.570619048803755920e-03 -6.437998099931643992e+03
-3.092492227190022508e-02 -3.242921068216384969e-03 -2.530292462641717602e-02 -1.577171957155387369e-02 1.359029965404441598e-02 -5.438509827946808560e-03 -6.440928170863616288e+03
-3.093833194174062245e-02 -3.339438102502675747e-03 -2.537712719936377828e-02 -1.578017565381363910e-02 1.349138924170215081e-02 -5.011965149450127791e-03 -6.443855714051275754e+03
-3.095172465275195656e-02 -3.436212847149447067e-03 -2.545148875584804515e-02 -1.579226706511540831e-02 1.332495299683537915e-02 -4.834600217116864947e-03 -6.446780839132923575e+03
-3.096510285106155239e-02 -3.533283587317674872e-03 -2.552518330442288957e-02 -1.580224989679442082e-02 1.319828810095628052e-02 -4.717065908295847709e-03 -6.449703494194016457e+03
-3.097846810498348577e-02 -3.630642930403824627e-03 -2.559932337641872627e-02 -1.580639723869598293e-02 1.308429334915888788e-02 -4.451359669428616925e-03 -6.452623638149163526e+03
-3.099181862999104628e-02 -3.728306305802847696e-03 -2.567114703851139726e-02 -1.581561995710127969e-02 1.310435670081749535e-02 -4.199208556075801138e-03 -6.455541300212576061e+03
-3.100515775649579156e-02 -3.826224121873127507e-03 -2.574618628585791449e-02 -1.581455851086347592e-02 1.290408156984927668e-02 -3.863329472425403466e-03 -6.458456404755113908e+03
-3.101847715373388589e-02 -3.924464068556792959e-03 -2.581768947410545759e-02 -1.582821737171030696e-02 1.285613462021553341e-02 -3.812908253922766763e-03 -6.461369119298282385e+03
-3.103178505665507916e-02 -4.022966785240707742e-03 -2.589125791840884636e-02 -1.583218867511659161e-02 1.273227322911621093e-02 -3.616063938905483399e-03 -6.464279264285221871e+03
-3.104507591882559731e-02 -4.121785111947214725e-03 -2.596243049257601285e-02 -1.584514303439261626e-02 1.268307102169147736e-02 -3.564937763488778503e-03 -6.467186949117854056e+03
-3.105835245654048338e-02 -4.220894076782362794e-03 -2.603343339445591403e-02 -1.585773950645951932e-02 1.263323242388747492e-02 -3.513458335503501402e-03 -6.470092109936190354e+03
-3.107161740556715901e-02 -4.320295366222131651e-03 -2.610408741091468920e-02 -1.586521842691771683e-02 1.264910486234238629e-02 -3.250660848828921916e-03 -6.472994682997756172e+03
-3.108486518004003468e-02 -4.419988571621218804e-03 -2.617474150155637419e-02 -1.587708725041810098e-02 1.259797893184827315e-02 -3.198477989488054778e-03 -6.475894777360706030e+03
-3.109809851532191818e-02 -4.519975371048615305e-03 -2.624521625213178944e-02 -1.588858694976709104e-02 1.254620366259986616e-02 -3.145944695721648605e-03 -6.478792329132773375e+03
-3.111131737293210478e-02 -4.620256763565274045e-03 -2.631550842275158508e-02 -1.589971444136369441e-02 1.249377497102046458e-02 -3.093055078448305514e-03 -6.481687332097787476e+03
-3.112452171359945952e-02 -4.720833734847398010e-03 -2.638561475217739150e-02 -1.591046643864185706e-02 1.244068981314983870e-02 -3.039806159920501252e-03 -6.484579779850449086e+03
-3.113771429658549264e-02 -4.821708920307773635e-03 -2.645549737617848216e-02 -1.591481999781250989e-02 1.246309578835828706e-02 -2.736492453342466956e-03 -6.487469608441493619e+03
-3.115089504391399186e-02 -4.922860403668791358e-03 -2.652827603170456253e-02 -1.591048433514823807e-02 1.224529734600353012e-02 -2.388601790831912722e-03 -6.490356811314457445e+03
-3.116405294591145791e-02 -5.024351634705378350e-03 -2.659814743815372765e-02 -1.592263161580976735e-02 1.203026521932670789e-02 -2.085237438477460705e-03 -6.493241613239444632e+03
-3.117719882348873525e-02 -5.126120906810743318e-03 -2.666747955329032069e-02 -1.593184100573634410e-02 1.197451215375927927e-02 -2.030525780472433248e-03 -6.496123776802180146e+03
-3.119033817427581401e-02 -5.228121954497864064e-03 -2.674249842296760535e-02 -1.591578962898492280e-02 1.165878260948171978e-02 -1.580430270607097133e-03 -6.499003179884504789e+03
-3.120345457931279071e-02 -5.330493498891711313e-03 -2.681142279732401379e-02 -1.592420341200075085e-02 1.160167039866748066e-02 -1.525003299503378731e-03 -6.501880162461416148e+03
-3.121655898546284516e-02 -5.433164995195118030e-03 -2.688142294537447866e-02 -1.592364474026462112e-02 1.149447948878891401e-02 -1.263324468305412592e-03 -6.504754486984504183e+03
-3.122964575679650426e-02 -5.536142979758329995e-03 -2.694992552487278023e-02 -1.593124765321940819e-02 1.143598047942939212e-02 -1.207164329325301991e-03 -6.507626262531785869e+03
-3.124271765014072222e-02 -5.639425756397367477e-03 -2.701821212793908272e-02 -1.593843955370328677e-02 1.137678012087378447e-02 -1.150625820707124394e-03 -6.510495424731736421e+03
-3.125577462325548894e-02 -5.743014348630474594e-03 -2.708627934248913904e-02 -1.594521613754614278e-02 1.131687676893778673e-02 -1.093706572646265755e-03 -6.513361966757284790e+03
-3.126882238014771359e-02 -5.846933045295368489e-03 -2.715461641656954569e-02 -1.593953472398143556e-02 1.126889646172603288e-02 -5.526318624232355158e-04 -6.516225766443135399e+03
-3.128185200351021183e-02 -5.951102087946433770e-03 -2.722418159187137837e-02 -1.594184222917232122e-02 1.107780781199542430e-02 -3.636729741106451710e-04 -6.519086990290695212e+03
-3.129486396550795746e-02 -6.055614467676777475e-03 -2.729156859545550304e-02 -1.594734579108639944e-02 1.101578508668542115e-02 -3.056351423728465955e-04 -6.521945631661737025e+03
-3.130786083974533562e-02 -6.160436937874070977e-03 -2.735872103983571363e-02 -1.595241679860620251e-02 1.095304399305516325e-02 -2.472265234099276713e-04 -6.524801625963013976e+03
-3.132084258294860757e-02 -6.265570568795826231e-03 -2.742563512127537545e-02 -1.595705077470100514e-02 1.088957501380657077e-02 -1.884476300463275083e-04 -6.527654966138667987e+03
-3.133380915362006525e-02 -6.371016488111943404e-03 -2.749230731631917279e-02 -1.596124326417569864e-02 1.082537022898384139e-02 -1.292919922966698470e-04 -6.530505645616887705e+03
-3.134676318705579418e-02 -6.476756648263137794e-03 -2.756021187726395011e-02 -1.595877997181515198e-02 1.065602499466270815e-02 2.305230278858192252e-05 -6.533353599466512605e+03
-3.135970216837256214e-02 -6.582848130604164287e-03 -2.762591893449627134e-02 -1.595726793260810253e-02 1.065583711280129742e-02 3.377634873976100493e-04 -6.536198878589040760e+03
-3.137262295941299628e-02 -6.689237424738266047e-03 -2.769184233920061328e-02 -1.596010987877553508e-02 1.058941006215347209e-02 3.980737939496499294e-04 -6.539041533656257343e+03
-3.138553128659588715e-02 -6.795955831141418935e-03 -2.775701570459196410e-02 -1.595741837220708559e-02 1.059392036729300650e-02 7.190685591386319951e-04 -6.541881442175616030e+03
-3.139842405959428900e-02 -6.902951254367973785e-03 -2.782470554000562521e-02 -1.594930484978151347e-02 1.044321660251353381e-02 9.318428586480434006e-04 -6.544718654751553913e+03
-3.141130420762779096e-02 -7.010291930103624419e-03 -2.788913928494309025e-02 -1.594546249661075651e-02 1.044543780572494175e-02 1.408176087408970168e-03 -6.547553106651015696e+03
-3.142416619652842191e-02 -7.117953094594564600e-03 -2.795519860242015250e-02 -1.593777138455268472e-02 1.031369735219139598e-02 1.672862066746452553e-03 -6.550384905993705615e+03
-3.143701518931039940e-02 -7.225888600929025914e-03 -2.802209155729794288e-02 -1.592837932957105046e-02 1.015806261202962212e-02 2.082379162906439294e-03 -6.553213930287425683e+03
-3.144984322996920156e-02 -7.334194822849220662e-03 -2.808640632741679632e-02 -1.592839500633696712e-02 1.008706911571237083e-02 2.144990323425237811e-03 -6.556040345353416342e+03
-3.146265856891544699e-02 -7.442837646580514714e-03 -2.815112577270221725e-02 -1.592062503533523549e-02 9.961974727373578212e-03 2.418632088959853359e-03 -6.558863970730963956e+03
-3.147545533182188882e-02 -7.551792030368779420e-03 -2.821487087545896527e-02 -1.591966040476737801e-02 9.889420151782117585e-03 2.482028906388834485e-03 -6.561684914497722275e+03
-3.148823912551692444e-02 -7.661040412738991459e-03 -2.828036301661285626e-02 -1.591094533391948854e-02 9.690240354302003672e-03 2.627355015164208919e-03 -6.564503053824209928e+03
-3.150100442561161451e-02 -7.770647568338655102e-03 -2.834352019036692413e-02 -1.590898196212536808e-02 9.616105518762990689e-03 2.691544817870670635e-03 -6.567318496643742947e+03
-3.151375392575520712e-02 -7.880582889918739953e-03 -2.840637655621298246e-02 -1.590651156793495072e-02 9.541171935746637495e-03 2.756129340056084811e-03 -6.570131178074854688e+03
-3.152648757759935610e-02 -7.990847525133322818e-03 -2.846892765649391283e-02 -1.590352870580191008e-02 9.465434308817547923e-03 2.821102217430395114e-03 -6.572941090205709770e+03
-3.153920533487673122e-02 -8.101442710582704154e-03 -2.853116890669802480e-02 -1.590002749975534188e-02 9.388887007453706329e-03 2.886462842789965216e-03 -6.575748225699825525e+03
-3.155191008742169734e-02 -8.212387724090639690e-03 -2.859249827498839408e-02 -1.589109689018819091e-02 9.373150962212984869e-03 3.207767009373248962e-03 -6.578552519235968248e+03
-3.156459591255168090e-02 -8.323647642027677540e-03 -2.865410615731383073e-02 -1.588654292171693544e-02 9.294968031076971532e-03 3.273913914243514051e-03 -6.581354078496160582e+03
-3.157726856177909408e-02 -8.435244370930754590e-03 -2.871638275828152995e-02 -1.587299358257708917e-02 9.153671655918120542e-03 3.543863520790192182e-03 -6.584152780384528342e+03
-3.158992226146268428e-02 -8.547173867976688710e-03 -2.877733782148756206e-02 -1.586736860072040720e-02 9.073826864993013094e-03 3.610815984217005063e-03 -6.586948732514767471e+03
-3.160256266916953299e-02 -8.659437928251547539e-03 -2.883896885332534743e-02 -1.585250147245961458e-02 8.937897850177907444e-03 3.885271479624728859e-03 -6.589741811787099323e+03
-3.161518926957580106e-02 -8.771977624190130385e-03 -2.890136459052384740e-02 -1.584006879439168666e-02 8.716393215339131306e-03 4.234913958563245144e-03 -6.592532010360480854e+03
-3.162779441575297446e-02 -8.884920665463817008e-03 -2.896130294740639419e-02 -1.583279594411734353e-02 8.634024419497274283e-03 4.303071821210409896e-03 -6.595319493397491897e+03
-3.164038327907681136e-02 -8.998204052096480873e-03 -2.902089231704498007e-02 -1.582496144548941122e-02 8.550808378025149398e-03 4.371622702998036007e-03 -6.598104137600222202e+03
-3.165295580910142820e-02 -9.111829048403026488e-03 -2.908012765974116523e-02 -1.581655934449962761e-02 8.466735759083396373e-03 4.440571489020769119e-03 -6.600885934871279460e+03
-3.166551195621091636e-02 -9.225796948268437381e-03 -2.913900377725461149e-02 -1.580758443742058886e-02 8.381799166292036238e-03 4.509919645002280139e-03 -6.603664877353749034e+03
-3.167805686498508660e-02 -9.340031492165879606e-03 -2.920044799087007786e-02 -1.579140675072618349e-02 8.149257167155508214e-03 4.894272138979546480e-03 -6.606440841420318066e+03
-3.169058009248084534e-02 -9.454688983994551793e-03 -2.925858967680699738e-02 -1.578127139772605991e-02 8.062562873695236498e-03 4.964440940219830463e-03 -6.609214049672565125e+03
-3.170308944177627208e-02 -9.569660825558662029e-03 -2.931791273273328183e-02 -1.576691011781641144e-02 7.837014546513611929e-03 5.157952831318958486e-03 -6.611984321101889691e+03
-3.171557954475744817e-02 -9.685013083877818882e-03 -2.937529838221687034e-02 -1.575559163933199294e-02 7.748561210453442163e-03 5.228928831512517569e-03 -6.614751762597238667e+03
-3.172805586121325155e-02 -9.800711811726084063e-03 -2.943339907049067825e-02 -1.573458646006863776e-02 7.591744050827467331e-03 5.498248685610794551e-03 -6.617516250512042461e+03
-3.174051263215765112e-02 -9.916764022837393222e-03 -2.949000652507028503e-02 -1.572205760471379055e-02 7.501500988061829758e-03 5.570038877864212992e-03 -6.620277891949213881e+03
-3.175295265895778513e-02 -1.003316819870972779e-02 -2.954621623288208876e-02 -1.570891385239300136e-02 7.410355073689360583e-03 5.642232669446051174e-03 -6.623036620858355491e+03
-3.176537851126840645e-02 -1.014989072369257457e-02 -2.960373966570067905e-02 -1.569109767215704290e-02 7.183176383177326992e-03 5.842277294554240261e-03 -6.625792370952573037e+03
-3.177778489090130054e-02 -1.026700283426225033e-02 -2.965913655035791116e-02 -1.567670751744871735e-02 7.090198669109959960e-03 5.915286759927967410e-03 -6.628545249427398630e+03
-3.179017727715400393e-02 -1.038448074776834353e-02 -2.971471029869937261e-02 -1.565383013247284572e-02 6.938417394460572388e-03 6.194738405302505080e-03 -6.631295131940983083e+03
-3.180255252927075699e-02 -1.050227686682438447e-02 -2.977137677347400924e-02 -1.562774207183402833e-02 6.755549370679211733e-03 6.413258442210289026e-03 -6.634042067882842275e+03
-3.181491365772583235e-02 -1.062046016373180066e-02 -2.982637958063799610e-02 -1.559629399267571312e-02 6.631853916093287220e-03 6.874208512164017501e-03 -6.636785990666437101e+03
-3.182725209295917540e-02 -1.073900435967663040e-02 -2.988008026021879079e-02 -1.557933734371207482e-02 6.535152960706964304e-03 6.948856890089020501e-03 -6.639527064864732893e+03
-3.183957340489285137e-02 -1.085791000046413060e-02 -2.993334176737120697e-02 -1.556172164623502961e-02 6.437506864160593735e-03 7.023918872427387800e-03 -6.642265166143531133e+03
-3.185187753891710605e-02 -1.097717848117701900e-02 -2.998615757946677257e-02 -1.554343998936445238e-02 6.338909345136948745e-03 7.099394458620059654e-03 -6.645000285759536382e+03
-3.186416487249813662e-02 -1.109680605368716828e-02 -3.003882567770555304e-02 -1.552325730316612626e-02 6.218750690873405679e-03 7.187557927401335214e-03 -6.647732405464923431e+03
-3.187643946337342937e-02 -1.121674378109747787e-02 -3.009370004828712877e-02 -1.549356991080374016e-02 5.874963168275048817e-03 7.449316097053047987e-03 -6.650461428740274641e+03
-3.188869172770508048e-02 -1.133710914602244386e-02 -3.014513979600731697e-02 -1.547325215412669389e-02 5.773470437378976951e-03 7.526004730102377194e-03 -6.653187549558971114e+03
-3.190093201726713901e-02 -1.145779052717205322e-02 -3.019914517788647307e-02 -1.543874310722674961e-02 5.448363818590484797e-03 7.867491147149848624e-03 -6.655910537337859751e+03
-3.191314941732143612e-02 -1.157889428713083924e-02 -3.024963483886700805e-02 -1.541703351205977492e-02 5.344908281731995149e-03 7.945005382514764430e-03 -6.658630613994027954e+03
-3.192535215326993553e-02 -1.170037661005886818e-02 -3.029903865238921939e-02 -1.538855810764267959e-02 5.304974946261620770e-03 8.273221788373967545e-03 -6.661347596875510135e+03
-3.193753717705100775e-02 -1.182220521291691730e-02 -3.034984010553600647e-02 -1.535858186209399304e-02 5.074272126970250617e-03 8.425788059896898233e-03 -6.664061534465786281e+03
-3.194970456629285527e-02 -1.194439281018188151e-02 -3.040083466196634096e-02 -1.532680296312571855e-02 4.838580131891027057e-03 8.580263651913378614e-03 -6.666772417429810048e+03
-3.196185153922825872e-02 -1.206699070264335288e-02 -3.044934373454410981e-02 -1.530222286171204794e-02 4.731134896613023964e-03 8.659424883200098760e-03 -6.669480294422274710e+03
-3.197398075959986125e-02 -1.218996581588440396e-02 -3.049733971183319139e-02 -1.527690695255680235e-02 4.622673175530910873e-03 8.738989950093801334e-03 -6.672185098275635937e+03
-3.198609216647475134e-02 -1.231331959757582875e-02 -3.054481532966666496e-02 -1.525084782251754159e-02 4.513186764180603973e-03 8.818958593780993130e-03 -6.674886819234442555e+03
-3.199818771724124294e-02 -1.243703488809556369e-02 -3.059156522430490910e-02 -1.522297751373567071e-02 4.399720695336621808e-03 9.014631001141928945e-03 -6.677585403086098268e+03
-3.201026390957916606e-02 -1.256114498154471681e-02 -3.063792002836783143e-02 -1.519509578816909470e-02 4.287296108427443575e-03 9.129424938176885704e-03 -6.680280916301810066e+03
-3.202232428349570392e-02 -1.268563138384828752e-02 -3.068499933991171436e-02 -1.515756049055094756e-02 4.090490886369713315e-03 9.350957722894565408e-03 -6.682973273361993051e+03
-3.203436937678950241e-02 -1.281048810047469635e-02 -3.073265036076904683e-02 -1.511175845936551729e-02 3.783945590319523662e-03 9.691659818904810320e-03 -6.685662451314884493e+03
-3.204639354969252008e-02 -1.293573104754942339e-02 -3.077881232848702492e-02 -1.507461833612072817e-02 3.548384195289727878e-03 9.846283273905562239e-03 -6.688348555512779967e+03
-3.205839939926006382e-02 -1.306135597544847392e-02 -3.082318968096883771e-02 -1.504171754797920500e-02 3.428522313214819785e-03 1.007973742667198080e-02 -6.691031518617815891e+03
-3.207038703214449421e-02 -1.318736760538891974e-02 -3.086835426256400935e-02 -1.500595940334600170e-02 3.175787304553985557e-03 1.028021969463460000e-02 -6.693711330451735193e+03
-3.208235900309291261e-02 -1.331375384680411403e-02 -3.091285062360555821e-02 -1.496433170590507483e-02 2.925623984450685493e-03 1.058601937259515124e-02 -6.696387923449130540e+03
-3.209430732573177042e-02 -1.344058423695963095e-02 -3.095530584097220400e-02 -1.493123004567905796e-02 2.806638206986535738e-03 1.066966350012310029e-02 -6.699061460668982363e+03
-3.210623721210525278e-02 -1.356780865701682180e-02 -3.099716351779029794e-02 -1.489730494420121211e-02 2.686565723195634588e-03 1.075371257749701062e-02 -6.701731816180446003e+03
-3.211815124728412130e-02 -1.369537933441079651e-02 -3.104087603786297514e-02 -1.485733472319112659e-02 2.417127521706996431e-03 1.097277631202884379e-02 -6.704398922586980916e+03
-3.213004937389452725e-02 -1.382329170554844056e-02 -3.108701465549433898e-02 -1.481078316190204310e-02 1.988783931359765396e-03 1.133430472218956847e-02 -6.707062769089969152e+03
-3.214192356566757808e-02 -1.395170800493532141e-02 -3.112702932805779671e-02 -1.477433697524183076e-02 1.865414269852832705e-03 1.141955718374908051e-02 -6.709723518581441567e+03
-3.215377906027645089e-02 -1.408052481454194309e-02 -3.116641282286584588e-02 -1.473703325001032849e-02 1.740921906916603323e-03 1.150521208918667791e-02 -6.712381045039998753e+03
-3.216561595984088889e-02 -1.420976988075929245e-02 -3.120437185840506389e-02 -1.469384997188528073e-02 1.505387299153973252e-03 1.206097326162753128e-02 -6.715035338579393283e+03
-3.217743386161771302e-02 -1.433939264668912181e-02 -3.124246717480788638e-02 -1.465480427672957546e-02 1.378638441528636308e-03 1.214743010340068805e-02 -6.717686387768930217e+03
-3.218923553148989036e-02 -1.446938745691324357e-02 -3.128117041828864381e-02 -1.461085387511163944e-02 1.115276717223865266e-03 1.234225445609399632e-02 -6.720334124524192703e+03
-3.220101557085553595e-02 -1.459982279450950174e-02 -3.131794081097107052e-02 -1.457003000641650392e-02 9.862444521768875660e-04 1.242948503146371932e-02 -6.722978653693460728e+03
-3.221277657582682918e-02 -1.473066692197491992e-02 -3.135403466192967364e-02 -1.452830289204755376e-02 8.560620766213384962e-04 1.251710663428322844e-02 -6.725619906475641073e+03
-3.222452124243321836e-02 -1.486189975011514841e-02 -3.139086338193847886e-02 -1.447559701419781977e-02 6.417474154926702378e-04 1.273397088495492428e-02 -6.728257814129251528e+03
-3.223624397096101074e-02 -1.499356656530249736e-02 -3.142557647179067271e-02 -1.443203557130882074e-02 5.092482126460127915e-04 1.282238963232000019e-02 -6.730892481319860053e+03
-3.224794745732512125e-02 -1.512564729653204793e-02 -3.145958532855327311e-02 -1.438754252605222231e-02 3.755771530565335786e-04 1.291120021688743451e-02 -6.733523839375080570e+03
-3.225963695977596135e-02 -1.525810620157153422e-02 -3.149405041501093100e-02 -1.432950353968539745e-02 1.177815190810792430e-04 1.315847848435206316e-02 -6.736151761354853079e+03
-3.227130174919792815e-02 -1.539101991455199200e-02 -3.152662163090586001e-02 -1.428311894488608694e-02 -1.826643049684486858e-05 1.324804703799956941e-02 -6.738776467491550648e+03
-3.228294708029069010e-02 -1.552435264662799241e-02 -3.155845872997392609e-02 -1.423577477473786553e-02 -1.555211306487913094e-04 1.333797020358269171e-02 -6.741397830024297946e+03
-3.229457558431372138e-02 -1.565809200851188063e-02 -3.158961901064313155e-02 -1.417960781945480815e-02 -2.555249466814427930e-04 1.359212540763998778e-02 -6.744015780895731041e+03
-3.230618459030354384e-02 -1.579225346817063336e-02 -3.162101276663734778e-02 -1.412080529932380549e-02 -4.784593505404767261e-04 1.380729443979458737e-02 -6.746630365624730985e+03
-3.231777111747862613e-02 -1.592685412192670902e-02 -3.165058492569840926e-02 -1.407051514349018199e-02 -6.193282700807155403e-04 1.389837913190355469e-02 -6.749241630398977577e+03
-3.232933789794651541e-02 -1.606188103145499493e-02 -3.167938198325410959e-02 -1.401922257425182276e-02 -7.614157467885770362e-04 1.398984313028096317e-02 -6.751849506486640166e+03
-3.234088485361991810e-02 -1.619733585187434211e-02 -3.170739357242741141e-02 -1.396691794836332941e-02 -9.047364578988797892e-04 1.408167862563958900e-02 -6.754453981141982695e+03
-3.235241191363755903e-02 -1.633322053112197872e-02 -3.173460858019538228e-02 -1.391359159037020704e-02 -1.049305406542363518e-03 1.417386972887112705e-02 -6.757055043543759894e+03
-3.236391899981004572e-02 -1.646953681384057816e-02 -3.176101574768702002e-02 -1.385923310620310392e-02 -1.195132236932372385e-03 1.426641516007052385e-02 -6.759652681062842930e+03
-3.237540884386800460e-02 -1.660627563032083739e-02 -3.178764704300925809e-02 -1.379343192482347137e-02 -1.409016919613696739e-03 1.452666169458363514e-02 -6.762246823978037355e+03
-3.238687575536060292e-02 -1.674346079241728971e-02 -3.181240387874994385e-02 -1.373697253026172176e-02 -1.557358330790655073e-03 1.461992117007526390e-02 -6.764837576356575482e+03
-3.239832513019749033e-02 -1.688106820833454313e-02 -3.183599006938539477e-02 -1.367460601688946786e-02 -1.702964342554832760e-03 1.481302759747422926e-02 -6.767424809424911473e+03
-3.240975155311462408e-02 -1.701912958502013740e-02 -3.185905147719990393e-02 -1.361599862888685994e-02 -1.853838288717971202e-03 1.490700677514360598e-02 -6.770008627091817289e+03
-3.242116035582024575e-02 -1.715761515985183422e-02 -3.188249181564825618e-02 -1.354622747218050399e-02 -2.091719766601060539e-03 1.511627355888168524e-02 -6.772588901394568893e+03
-3.243254867845582479e-02 -1.729654169446874848e-02 -3.190346960295389889e-02 -1.348036224396820422e-02 -2.233206739295562435e-03 1.530332453455117425e-02 -6.775165677874761968e+03
-3.244391378187250208e-02 -1.743593161617003340e-02 -3.192390035015767874e-02 -1.341845506039881890e-02 -2.387977882520478465e-03 1.539833096259714783e-02 -6.777739001069005099e+03
-3.245525828597850548e-02 -1.757576825612378740e-02 -3.194342944789127503e-02 -1.335542423958216950e-02 -2.544061589869890151e-03 1.549366573772824329e-02 -6.780308800959663131e+03
-3.246658210859215687e-02 -1.771605353952728293e-02 -3.196204440268635150e-02 -1.329125584272082376e-02 -2.701457059600123004e-03 1.558932650312321207e-02 -6.782875064516919338e+03
-3.247789336845737646e-02 -1.785674538215632420e-02 -3.198014189783051492e-02 -1.320634989276399038e-02 -2.943746844822352823e-03 1.597332138947728936e-02 -6.785437605844324025e+03
-3.248917558129004596e-02 -1.799793383318568085e-02 -3.199689115196113764e-02 -1.313986870607472372e-02 -3.103787555720424751e-03 1.606964142859624786e-02 -6.787996758278387460e+03
-3.250044224286111061e-02 -1.813954225187293379e-02 -3.201209861711199617e-02 -1.306275590836904199e-02 -3.231670191484132225e-03 1.644172442615974422e-02 -6.790552220029663658e+03
-3.251168251274089843e-02 -1.828164171325984827e-02 -3.202693050408898096e-02 -1.299391801634194876e-02 -3.394399521800989337e-03 1.653869466765946206e-02 -6.793104208954221576e+03
-3.252290433427416916e-02 -1.842416149651291551e-02 -3.204223905437808551e-02 -1.291901729722796932e-02 -3.697215478849026193e-03 1.672331592670329992e-02 -6.795652538747587641e+03
-3.253410496956884307e-02 -1.856715213826269639e-02 -3.205466685102616176e-02 -1.284574604201066568e-02 -3.866064743919861262e-03 1.693524282133277922e-02 -6.798197253280713085e+03
-3.254528440574519510e-02 -1.871059488930181328e-02 -3.206773393753472451e-02 -1.276888700411302896e-02 -4.167666713499952255e-03 1.711621624154181093e-02 -6.800738339735111367e+03
-3.255644254333038556e-02 -1.885452723459767749e-02 -3.207948957982892368e-02 -1.268545281947726366e-02 -4.415008553042731182e-03 1.732221321328112143e-02 -6.803275783749617403e+03
-3.256757646888191332e-02 -1.899893974897115881e-02 -3.208929026679871455e-02 -1.261048949454399853e-02 -4.584598920002479205e-03 1.742065407255748849e-02 -6.805809629921640408e+03
-3.257869151455759782e-02 -1.914378429546314403e-02 -3.209934897042068802e-02 -1.252951564746456956e-02 -4.892025786553408709e-03 1.760101922372962757e-02 -6.808339748516784312e+03
-3.258978228739835975e-02 -1.928913634741381833e-02 -3.210703815208709039e-02 -1.245201336460045015e-02 -5.064404537655191850e-03 1.770003763566892208e-02 -6.810866241200462355e+03
-3.260085406503179795e-02 -1.943492665397971927e-02 -3.211462735616628372e-02 -1.236901103973172059e-02 -5.372434066150485847e-03 1.787367358620382124e-02 -6.813388978121859509e+03
-3.261190690152736965e-02 -1.958121390294455255e-02 -3.212039315193628702e-02 -1.227159354775878009e-02 -5.569027421463735271e-03 1.827504701652470781e-02 -6.815907946239560260e+03
-3.262293490042899452e-02 -1.972795547827404378e-02 -3.212485481957018385e-02 -1.218714358942043705e-02 -5.752523669592957307e-03 1.847851917197294858e-02 -6.818423245555531139e+03
-3.263394096627533075e-02 -1.987519438814091752e-02 -3.212719308960829134e-02 -1.210318670700528780e-02 -5.937337980154926836e-03 1.868163069405800666e-02 -6.820934804346941746e+03
-3.264492494698297692e-02 -2.002291518352470462e-02 -3.212837985740527036e-02 -1.201786901433721938e-02 -6.122482528852095200e-03 1.888401558348954193e-02 -6.823442608118436510e+03
-3.265588409295404337e-02 -2.017113693601778335e-02 -3.212937408748548634e-02 -1.193240135972056630e-02 -6.303449754322587931e-03 1.898453210857794365e-02 -6.825946699492477819e+03
-3.266682487893807219e-02 -2.031981725074218439e-02 -3.212902190024381072e-02 -1.183625790915743270e-02 -6.450582694189684746e-03 1.926921994610781425e-02 -6.828446922895556781e+03
-3.267774344487922589e-02 -2.046896107944130849e-02 -3.212751119969435576e-02 -1.174359743943434800e-02 -6.642483685088574653e-03 1.952515112751935719e-02 -6.830943341631715157e+03
-3.268863819702900325e-02 -2.061861476326097911e-02 -3.212582735284470054e-02 -1.164965477383417616e-02 -6.958646016359809963e-03 1.969399554520106024e-02 -6.833435977282897511e+03
-3.269951569427437948e-02 -2.076868815649600061e-02 -3.212475884744182136e-02 -1.154227505349850538e-02 -7.409626045771048296e-03 1.999135478196162677e-02 -6.835924667885678900e+03
-3.271036256571304562e-02 -2.091936141107380784e-02 -3.211973358011860347e-02 -1.144976210637367250e-02 -7.597971487947824745e-03 2.009290200973923302e-02 -6.838409686431446971e+03
-3.272118669317953393e-02 -2.107053183973824420e-02 -3.211345292821690678e-02 -1.135579369341336783e-02 -7.787811232705763032e-03 2.019464192396095911e-02 -6.840890845602720219e+03
-3.273198797214277311e-02 -2.122220149664926295e-02 -3.210589967079659213e-02 -1.126035557676925355e-02 -7.979149857894914447e-03 2.029655842177072178e-02 -6.843368128587418141e+03
-3.274277168915273178e-02 -2.137428773048335659e-02 -3.210019216663264480e-02 -1.115328944100019322e-02 -8.455655190072856181e-03 2.053841114742835719e-02 -6.845841404492996844e+03
-3.275352959028957761e-02 -2.152689876902231028e-02 -3.209345889800303137e-02 -1.104771254817010599e-02 -8.801497427727499392e-03 2.076082365891634279e-02 -6.848310830624614027e+03
-3.276426172354399841e-02 -2.168008015073028330e-02 -3.208197982439079526e-02 -1.094776432590852631e-02 -8.997366720053693451e-03 2.086319471582365540e-02 -6.850776391586434329e+03
-3.277497060344165131e-02 -2.183377008073854667e-02 -3.206915570108032770e-02 -1.084627463524259761e-02 -9.194808566365307578e-03 2.096570936929559661e-02 -6.853238012779789642e+03
-3.278565612910810945e-02 -2.198797107418418509e-02 -3.205496657109484226e-02 -1.074322893085083615e-02 -9.393799140775744780e-03 2.106833434680802086e-02 -6.855695678960614714e+03
-3.279631819192843634e-02 -2.214268532864277841e-02 -3.203939356988618620e-02 -1.063861210244061196e-02 -9.594340366464400305e-03 2.117107428528301402e-02 -6.858149372842882258e+03
-3.280695668818055938e-02 -2.229791530614014597e-02 -3.202241738772482194e-02 -1.053240823360324964e-02 -9.796437036083219599e-03 2.127393049129738117e-02 -6.860599078558202564e+03
-3.281757150931100681e-02 -2.245366334012718207e-02 -3.200401836602209671e-02 -1.042459983535976714e-02 -1.000009169438361226e-02 2.137689599426634626e-02 -6.863044779070733057e+03
-3.282816254733397776e-02 -2.260993188304629212e-02 -3.198417637362959559e-02 -1.031516696193168076e-02 -1.020530596852622755e-02 2.147994994472116406e-02 -6.865486457573100779e+03
-3.283873240620305972e-02 -2.276670027625702850e-02 -3.196382995019559498e-02 -1.019612775369239076e-02 -1.052988270713349148e-02 2.159157159537274454e-02 -6.867924039274543247e+03
-3.284927828827299140e-02 -2.292399026977654311e-02 -3.194208328185894202e-02 -1.007527095288561665e-02 -1.085460696465284647e-02 2.170259489417935422e-02 -6.870357565098989653e+03
-3.285979732453075258e-02 -2.308183517787590691e-02 -3.191778624187080471e-02 -9.960846677489020376e-03 -1.106461827332094403e-02 2.180573982476337672e-02 -6.872787075152625221e+03
-3.287029735332157310e-02 -2.324012143522303717e-02 -3.189438147122450329e-02 -9.835029854913258582e-03 -1.142255942416471083e-02 2.206660677327551903e-02 -6.875212379142757527e+03
-3.288077053076467887e-02 -2.339899370771651721e-02 -3.186796364573887819e-02 -9.712557715866968269e-03 -1.176709614520416239e-02 2.221485081468142428e-02 -6.877633632032632704e+03
-3.289122188447205636e-02 -2.355839311917206497e-02 -3.183782879147041556e-02 -9.585237737443200179e-03 -1.196650015842405483e-02 2.244161059331252137e-02 -6.880050701582588772e+03
-3.290164334647976280e-02 -2.371837464814242208e-02 -3.180729243242187004e-02 -9.463905426052854342e-03 -1.218294436907292264e-02 2.254482097908546215e-02 -6.882463742771731631e+03
-3.291204541299484060e-02 -2.387879783797349637e-02 -3.177949906957810988e-02 -9.328457846285486202e-03 -1.269591761721809535e-02 2.277516175643062857e-02 -6.884872506617866748e+03
-3.292241739452635846e-02 -2.403986292407427755e-02 -3.174570634664143631e-02 -9.203548036660120016e-03 -1.291565177715237045e-02 2.287824391331542279e-02 -6.887277204682030060e+03
-3.293276446307683014e-02 -2.420147384737715221e-02 -3.171025007122918460e-02 -9.076821022218822810e-03 -1.313703958242093406e-02 2.298125477184165960e-02 -6.889677704910707689e+03
-3.294308649405041506e-02 -2.436363299214138259e-02 -3.167310682280365108e-02 -8.948257635494888743e-03 -1.336007138378393633e-02 2.308420189264197633e-02 -6.892073987520969240e+03
-3.295338598780549189e-02 -2.452628561593028084e-02 -3.163710311191623298e-02 -8.810896601044384754e-03 -1.373838177408025045e-02 2.326184133901481807e-02 -6.894465975828103183e+03
-3.296365758364077497e-02 -2.468954924983238902e-02 -3.159651367924932314e-02 -8.678594616662751657e-03 -1.396471508475955955e-02 2.336457757364091697e-02 -6.896853767805694588e+03
-3.297390907066231197e-02 -2.485330169455728447e-02 -3.155473110017720934e-02 -8.533215948177472546e-03 -1.439040432917698675e-02 2.353420536684938322e-02 -6.899237168984713207e+03
-3.298412974014446747e-02 -2.501768048341669604e-02 -3.151059399549999140e-02 -8.397085911487960075e-03 -1.462010242971083576e-02 2.363662712047000930e-02 -6.901616393185525340e+03
-3.299432743197738133e-02 -2.518257198183419462e-02 -3.146646538737842003e-02 -8.253348209885736156e-03 -1.498614765114379861e-02 2.379009017641616278e-02 -6.903991246258154206e+03
-3.300449943334628211e-02 -2.534805101605857799e-02 -3.141960822965599032e-02 -8.105155558836127719e-03 -1.533905896214065451e-02 2.387402168135835390e-02 -6.906361766197853285e+03
-3.301464565293724812e-02 -2.551414239565027997e-02 -3.136623316694071850e-02 -7.964410826172050803e-03 -1.557649218277640073e-02 2.415635100975804805e-02 -6.908727934859971356e+03
-3.302476294705616183e-02 -2.568078368373243395e-02 -3.131468669540742045e-02 -7.820366272908378658e-03 -1.581294952307234908e-02 2.425795395664581341e-02 -6.911089787338361020e+03
-3.303485677228756162e-02 -2.584796618408187127e-02 -3.126190814818190222e-02 -7.669753857376289397e-03 -1.617864790781824852e-02 2.438056504236336616e-02 -6.913447189995554254e+03
-3.304492160587261390e-02 -2.601575551065859332e-02 -3.120649291178592688e-02 -7.521610246167729184e-03 -1.641853468701421834e-02 2.448160990068815046e-02 -6.915800236860694895e+03
-3.305496001075701462e-02 -2.618412309700163601e-02 -3.114910024950011055e-02 -7.371381364588071305e-03 -1.666014688093414575e-02 2.458234159739343741e-02 -6.918148850221993598e+03
-3.306497185055040644e-02 -2.635307166067913515e-02 -3.108970114189832379e-02 -7.219044068770059074e-03 -1.690348445525580862e-02 2.468273377766909762e-02 -6.920493008761090096e+03
-3.307495698762940445e-02 -2.652260396424071034e-02 -3.102826644596916317e-02 -7.064575187192139415e-03 -1.714854592763784269e-02 2.478277532314952791e-02 -6.922832691108286781e+03
-3.308491528467870368e-02 -2.669272286685049275e-02 -3.096476666116203258e-02 -6.907950496511141604e-03 -1.739533140422707541e-02 2.488245313156110458e-02 -6.925167876100129433e+03
-3.309484660519351751e-02 -2.686343137824523386e-02 -3.089917086845190772e-02 -6.749143604058907044e-03 -1.764385026616447152e-02 2.498172578198737392e-02 -6.927498542798390190e+03
-3.310475080843625767e-02 -2.703473237901151197e-02 -3.083144768057771712e-02 -6.588127167300845966e-03 -1.789411206373787283e-02 2.508055091635519665e-02 -6.929824669200346761e+03
-3.311463045095024149e-02 -2.720661108099180908e-02 -3.076092298078422077e-02 -6.419180747776853484e-03 -1.812979569704374627e-02 2.518758534498551777e-02 -6.932146174622987019e+03
-3.312447999492711126e-02 -2.737910586331181867e-02 -3.068884943591560638e-02 -6.253667663418093978e-03 -1.838355914802676169e-02 2.528542839521368685e-02 -6.934463154692508397e+03
-3.313430467472002622e-02 -2.755218566139583380e-02 -3.061382817327265235e-02 -6.080396856446695746e-03 -1.861942359033514141e-02 2.539704847458204573e-02 -6.936775469742072346e+03
-3.314410158961163255e-02 -2.772582052460475371e-02 -3.054078147530793486e-02 -5.902443696731293592e-03 -1.903105121328414751e-02 2.555863246884931481e-02 -6.939083155023289692e+03
-3.315387064624094465e-02 -2.790008516113242146e-02 -3.046229448361110342e-02 -5.725602741137254641e-03 -1.929367078800800148e-02 2.568881894101986141e-02 -6.941386187714272637e+03
-3.316361186942073935e-02 -2.807497493672981084e-02 -3.038201300670953509e-02 -5.542453887823002752e-03 -1.966148371022019906e-02 2.574777207547239086e-02 -6.943684546166781729e+03
-3.317332219706284335e-02 -2.825050572667898649e-02 -3.029848507752069819e-02 -5.365235406938937725e-03 -1.992402173242750762e-02 2.584270178607118648e-02 -6.945978262954132333e+03
-3.318300963268864395e-02 -2.842660200637618650e-02 -3.021250137198477209e-02 -5.175537347781145915e-03 -2.028236475142723705e-02 2.595283883493837082e-02 -6.948267141969366094e+03
-3.319266869655953384e-02 -2.860332334041259389e-02 -3.012414434314249559e-02 -4.980898848459676745e-03 -2.060383094013216315e-02 2.612892187706328598e-02 -6.950551275196731694e+03
-3.320229367805344056e-02 -2.878071219277355750e-02 -3.003332152744938796e-02 -4.796320724884237455e-03 -2.087168145940850039e-02 2.622173188298904459e-02 -6.952830753319527503e+03
-3.321188989799168934e-02 -2.895872663045059511e-02 -2.993999291912175301e-02 -4.609229854681725844e-03 -2.114128714353484192e-02 2.631374412723497605e-02 -6.955105437371093103e+03
-3.322145719434593109e-02 -2.913736959354487621e-02 -2.984412029970815589e-02 -4.419595864152079008e-03 -2.141265833593081550e-02 2.640491003805628401e-02 -6.957375301618465528e+03
-3.323099819300893293e-02 -2.931662785293407542e-02 -2.974605630101308934e-02 -4.219898093834593446e-03 -2.179257237422866159e-02 2.644726347574671149e-02 -6.959640264690214281e+03
-3.324050716722614512e-02 -2.949653784495210804e-02 -2.964497763218086959e-02 -4.025087824554047546e-03 -2.206750582149328080e-02 2.653666297758340564e-02 -6.961900417151813599e+03
-3.324998673051789838e-02 -2.967708591209658117e-02 -2.954123690345101735e-02 -3.827643289590687298e-03 -2.234421428527553349e-02 2.662511638623045115e-02 -6.964155674891424496e+03
-3.325943671444143990e-02 -2.985827516139281934e-02 -2.943479433609592910e-02 -3.627532342630329643e-03 -2.262267664214607024e-02 2.671257829414692975e-02 -6.966406012030795864e+03
-3.326885695089727701e-02 -3.004010880894549679e-02 -2.932560806547872614e-02 -3.424722701816838421e-03 -2.290289041032678163e-02 2.679900822549055942e-02 -6.968651402686848087e+03
-3.327825001188979698e-02 -3.022258039789037232e-02 -2.921290291046095208e-02 -3.211228879406261786e-03 -2.312228528330558669e-02 2.694159656007073453e-02 -6.970891764029582191e+03
-3.328761295330776721e-02 -3.040567007533539340e-02 -2.909923754542690852e-02 -2.997646572620417307e-03 -2.352182896942820248e-02 2.701953233442466046e-02 -6.973127127300453139e+03
-3.329694292704171721e-02 -3.058945698214375966e-02 -2.898155814502376484e-02 -2.786545416149408417e-03 -2.380734526478054530e-02 2.710256982074692872e-02 -6.975357522200726635e+03
-3.330624246022537149e-02 -3.077390134968204308e-02 -2.886096099932920420e-02 -2.572612771165213880e-03 -2.409460792081975430e-02 2.718437657059188939e-02 -6.977582864041042740e+03
-3.331551137387470107e-02 -3.095900641901403599e-02 -2.873740192866637566e-02 -2.355814037444358289e-03 -2.438360882584048733e-02 2.726491630961123958e-02 -6.979803125294273741e+03
-3.332475230592093357e-02 -3.114476947903485962e-02 -2.860975717332110702e-02 -2.128981770973777284e-03 -2.460410804514388469e-02 2.741085657558034461e-02 -6.982018221510295007e+03
-3.333396226577482746e-02 -3.133120266445781066e-02 -2.847903733303006751e-02 -1.899260218432959708e-03 -2.483063064904138945e-02 2.754796206703316250e-02 -6.984228182186542654e+03
-3.334314087540807270e-02 -3.151826025338792803e-02 -2.834815665465548890e-02 -1.667422877387474090e-03 -2.524711926025765760e-02 2.762526942213389819e-02 -6.986432977365007901e+03
-3.335228549342057758e-02 -3.170604220875059692e-02 -2.821226747889947137e-02 -1.438810863525266485e-03 -2.554305277102619093e-02 2.770015203901951550e-02 -6.988632638529669748e+03
-3.336140121235510458e-02 -3.189447092471910800e-02 -2.807246805486966409e-02 -1.204273809671588952e-03 -2.582270406898122539e-02 2.777253192788387698e-02 -6.990827019105918225e+03
-3.337048255044493955e-02 -3.208361115807083913e-02 -2.793012325669728263e-02 -9.695364824770125612e-04 -2.612205980740208572e-02 2.784427906941555272e-02 -6.993016206117701586e+03
-3.337953195911033677e-02 -3.227343569090884018e-02 -2.778447144123780826e-02 -7.316811423147549006e-04 -2.642311566541194826e-02 2.791434314782622814e-02 -6.995200111610640306e+03
-3.338854924388317408e-02 -3.246394809178032581e-02 -2.763545868086303425e-02 -4.906682339062432095e-04 -2.672585255319569544e-02 2.798264119743464062e-02 -6.997378706053358655e+03
-3.339753681665242474e-02 -3.265508776731081836e-02 -2.748609887593893991e-02 -2.389182870946016102e-04 -2.715582443348188782e-02 2.807716046622424355e-02 -6.999551900706625020e+03
-3.340648925431249222e-02 -3.284698616685563510e-02 -2.733020541717233118e-02 8.526605334185567871e-06 -2.746188418523179062e-02 2.814178534443277646e-02 -7.001719781666314702e+03
-3.341541431523922800e-02 -3.303953730516639986e-02 -2.716906543595017445e-02 2.674261356692890328e-04 -2.771811052810965390e-02 2.816030890098085090e-02 -7.003882142646947614e+03
-3.342430371466814654e-02 -3.323277199310532837e-02 -2.700907041406704068e-02 5.288954188991657184e-04 -2.815359971104507489e-02 2.823578704985222482e-02 -7.006039127419074248e+03
-3.343315734412560108e-02 -3.342677517598031250e-02 -2.684243668469793107e-02 7.862873127966096744e-04 -2.846457691342510130e-02 2.829433415561891790e-02 -7.008190702411986422e+03
-3.344198311850735822e-02 -3.362144768488673635e-02 -2.667042369604639279e-02 1.057548548719391274e-03 -2.868494579611215178e-02 2.836524575611312424e-02 -7.010336663038219740e+03
-3.345077789536965440e-02 -3.381680864733024872e-02 -2.649271973559801444e-02 1.328737173174776142e-03 -2.896576800888866696e-02 2.858086681106715085e-02 -7.012477033534015391e+03
-3.345953081320560824e-02 -3.401294821872395679e-02 -2.631481469659580075e-02 1.596451343812301145e-03 -2.928150611404827311e-02 2.863269199709510271e-02 -7.014612012357739331e+03
-3.346824972184116870e-02 -3.420980674508398989e-02 -2.613302926300176826e-02 1.867690062057133062e-03 -2.959878146694559092e-02 2.868209721964129835e-02 -7.016741391586566351e+03
-3.347693703265203907e-02 -3.440732620028198047e-02 -2.595024484466780870e-02 2.149940256044912193e-03 -3.004499998257762275e-02 2.872953403589213403e-02 -7.018865082842619813e+03
-3.348559535456285124e-02 -3.460550968586533632e-02 -2.576474059672605177e-02 2.448825600307885392e-03 -3.069575796326372633e-02 2.861982037903559178e-02 -7.020982990288973269e+03
-3.349421090076062923e-02 -3.480454739424065219e-02 -2.557092504557385154e-02 2.730910968577644760e-03 -3.101755391695838748e-02 2.866147303911391678e-02 -7.023095369973825655e+03
-3.350279331411621514e-02 -3.500430721442192306e-02 -2.537228949518786913e-02 3.020152016364741066e-03 -3.131085387255396618e-02 2.866826890889780446e-02 -7.025201976457451565e+03
-3.351133977347333509e-02 -3.520480902076980612e-02 -2.516974829051127696e-02 3.311587110134166494e-03 -3.161908947054712510e-02 2.868664139276530523e-02 -7.027302826647204711e+03
-3.351985256845833872e-02 -3.540603769658307032e-02 -2.496253519758730860e-02 3.610949538898941980e-03 -3.190398722602324350e-02 2.865366539797314580e-02 -7.029397831649777800e+03
-3.352832703613938675e-02 -3.560803049553263461e-02 -2.475172945399645510e-02 3.908135374170826348e-03 -3.223144672133027022e-02 2.868360380481914731e-02 -7.031487048467961358e+03
-3.353676563434548202e-02 -3.581077128835371409e-02 -2.453649650960087678e-02 4.209216104961109248e-03 -3.256024145335825043e-02 2.871036329255919478e-02 -7.033570384303761784e+03
-3.354516811609991461e-02 -3.601426364165998678e-02 -2.431676223991157890e-02 4.514240495525305777e-03 -3.289032914095068455e-02 2.873381272769837819e-02 -7.035647801661672929e+03
-3.355353422504944033e-02 -3.621851069396275075e-02 -2.409245170347356843e-02 4.823256205684812656e-03 -3.322168247402605690e-02 2.875384139500395883e-02 -7.037719260489699991e+03
-3.356186642399421050e-02 -3.642348230805100839e-02 -2.386385500410117752e-02 5.140848216872950967e-03 -3.364168744828707064e-02 2.870721441409123179e-02 -7.039784666237580495e+03
-3.357016418647713885e-02 -3.662913240694320310e-02 -2.363334142206452784e-02 5.469728489820802932e-03 -3.394562215988776444e-02 2.874844350071686927e-02 -7.041843978467703892e+03
-3.357842755020797737e-02 -3.683555608581084301e-02 -2.339480425980230982e-02 5.802337328235720147e-03 -3.431024444934755585e-02 2.864894975541606992e-02 -7.043897159462360833e+03
-3.358664830744272772e-02 -3.704282562505954030e-02 -2.315188173891957399e-02 6.132545883343405030e-03 -3.474231846444982702e-02 2.857997354542362797e-02 -7.045944342119491921e+03
-3.359482867452586591e-02 -3.725090114798149110e-02 -2.290348983850649250e-02 6.462286988629223003e-03 -3.507941557693653595e-02 2.858113853720805828e-02 -7.047985425405802744e+03
-3.360297109846770852e-02 -3.745975387673249751e-02 -2.265002773906699476e-02 6.796331513880875426e-03 -3.541753137608559532e-02 2.857814926869512231e-02 -7.050020315719185419e+03
-3.361107528947616940e-02 -3.766938633052295538e-02 -2.239141132561331751e-02 7.134731887452222879e-03 -3.575659376641837639e-02 2.857084138897110145e-02 -7.052048966873933750e+03
-3.361914097213430930e-02 -3.787980240170872592e-02 -2.212755096522315071e-02 7.477545485589190757e-03 -3.609654997800371135e-02 2.855906562082381403e-02 -7.054071338208716952e+03
-3.362716785915731421e-02 -3.809100541340851298e-02 -2.185835591403492012e-02 7.824825555113204198e-03 -3.643736390461469604e-02 2.854268658641812700e-02 -7.056087386074649658e+03
-3.363516612078888690e-02 -3.830282556032573588e-02 -2.158525769423379898e-02 8.194078436724632625e-03 -3.677065630944351821e-02 2.835649557119567302e-02 -7.058096837600789513e+03
-3.364312000521813006e-02 -3.851556333739160343e-02 -2.130421890070800794e-02 8.559989619469403344e-03 -3.713226744244713801e-02 2.817319435946196923e-02 -7.060099993255840673e+03
-3.365103399829091207e-02 -3.872903398204310954e-02 -2.102201711360422026e-02 8.933256957050814129e-03 -3.755440632884846086e-02 2.806827261516884470e-02 -7.062096696354077721e+03
-3.365890277205918490e-02 -3.894342057770031756e-02 -2.073052444238474706e-02 9.298970133450037631e-03 -3.789794432748922609e-02 2.803188911927520510e-02 -7.064087013418008610e+03
-3.366673126817503608e-02 -3.915861220285144634e-02 -2.043320774051820762e-02 9.669439549985975324e-03 -3.824202768723743845e-02 2.799007161559392484e-02 -7.066070786837879496e+03
-3.367451916470659556e-02 -3.937461150468612309e-02 -2.012996454869864227e-02 1.004472066335120040e-02 -3.858654294588317185e-02 2.794263443392732554e-02 -7.068047966847235330e+03
-3.368226888642604500e-02 -3.959139839048944620e-02 -1.981919672646444489e-02 1.042639920916705806e-02 -3.887775182904862348e-02 2.783491827128022414e-02 -7.070018450371897416e+03
-3.368997463688318261e-02 -3.980902362265619637e-02 -1.950378139362656665e-02 1.081149138743545818e-02 -3.922287654587917199e-02 2.777568198868842278e-02 -7.071982303578810388e+03
-3.369764150032775185e-02 -4.002741629563154324e-02 -1.918368035905828814e-02 1.120735985557030218e-02 -3.965573680835066117e-02 2.764092765151712761e-02 -7.073939363497462182e+03
-3.370526657459128883e-02 -4.024665955639303294e-02 -1.885466629163850064e-02 1.160796353551547117e-02 -3.994143820137269901e-02 2.747393133370866145e-02 -7.075889636556607911e+03
-3.371284664689253724e-02 -4.046674887269869486e-02 -1.852015325397294437e-02 1.200822859511236143e-02 -4.028678450676079215e-02 2.739547902483291733e-02 -7.077833135996970668e+03
-3.372039207188799737e-02 -4.068756679925789044e-02 -1.817826407022697308e-02 1.242787048353570858e-02 -4.072954678476520957e-02 2.715831232906770407e-02 -7.079769573526195927e+03
-3.372788664788972657e-02 -4.090931385877780158e-02 -1.783043613512353201e-02 1.283856814670908397e-02 -4.107457889307124244e-02 2.706600067445182056e-02 -7.081699248294542485e+03
-3.373534587995272865e-02 -4.113175268153877739e-02 -1.747629762206947754e-02 1.326629666690595614e-02 -4.127959672343359254e-02 2.680622089740256064e-02 -7.083621762313572617e+03
-3.374275355189094300e-02 -4.135517031125421350e-02 -1.711465902070375203e-02 1.368768692958453707e-02 -4.162380830832235895e-02 2.669902950736134650e-02 -7.085537406288794955e+03
-3.375011997638258793e-02 -4.157940738437065908e-02 -1.674421456340153755e-02 1.411558670240669472e-02 -4.190613982582765823e-02 2.651547782811064166e-02 -7.087445896363779866e+03
-3.375745530878460771e-02 -4.180426398081184269e-02 -1.636847214952198704e-02 1.457230107915812728e-02 -4.205459642815833482e-02 2.600022911544700929e-02 -7.089346945483948730e+03
-3.376472986342828747e-02 -4.203020893051084839e-02 -1.598514411510766620e-02 1.501022248940485533e-02 -4.239664511832363925e-02 2.586889397208921512e-02 -7.091241137548538063e+03
-3.377195929251201878e-02 -4.225700239083732268e-02 -1.559431250076362754e-02 1.545379152733550483e-02 -4.273767820267541928e-02 2.572893897078712064e-02 -7.093128070096312513e+03
-3.377914576921010187e-02 -4.248460062598631570e-02 -1.519600903259879336e-02 1.590742913114223667e-02 -4.302732355029569022e-02 2.550162353429122342e-02 -7.095007624432039847e+03
-3.378628905836610768e-02 -4.271299677606786582e-02 -1.479041028658297126e-02 1.637017585829919283e-02 -4.325885676385334000e-02 2.523191264960252325e-02 -7.096879743240334392e+03
-3.379338070556023310e-02 -4.294234794216798823e-02 -1.437621921569349516e-02 1.683108530019987101e-02 -4.359591070615435188e-02 2.506440954218665945e-02 -7.098744540481507102e+03
-3.380043093151006289e-02 -4.317246896308755966e-02 -1.395359319034021779e-02 1.730483524054125463e-02 -4.380959650179858805e-02 2.473395100776005356e-02 -7.100601729256429280e+03
-3.380743131086234865e-02 -4.340348709965070190e-02 -1.352362285880662728e-02 1.778219500778717432e-02 -4.409404412007307539e-02 2.446875100660595576e-02 -7.102451421765391387e+03
-3.381438671313029276e-02 -4.363531013738232434e-02 -1.308631216066946483e-02 1.827026448036474932e-02 -4.431288209852175114e-02 2.417198816044503762e-02 -7.104293435626250357e+03
-3.382129432781991879e-02 -4.386804108523254669e-02 -1.263667368099312405e-02 1.875882456255933625e-02 -4.450642231876149324e-02 2.381907753773920833e-02 -7.106127772599082164e+03
-3.382815593721320846e-02 -4.410156344754787711e-02 -1.218069637205173271e-02 1.926083089050654312e-02 -4.465654926542169528e-02 2.337529644152894215e-02 -7.107954306004460705e+03
-3.383496609454014065e-02 -4.433602137654964193e-02 -1.171394472741676442e-02 1.976270649421742534e-02 -4.484536245480311850e-02 2.298603103305619719e-02 -7.109773090375128049e+03
-3.384172417295597257e-02 -4.457136926694339751e-02 -1.123974952810648763e-02 2.026969688795095953e-02 -4.510474017890296616e-02 2.267163471418663298e-02 -7.111584058673838626e+03
-3.384843240197248776e-02 -4.480760008305405967e-02 -1.075533126465744345e-02 2.078213267393012528e-02 -4.534942065243793147e-02 2.232111004046798824e-02 -7.113387084135473742e+03
-3.385509567956520444e-02 -4.504462386062897672e-02 -1.026031297042039915e-02 2.130635286642566101e-02 -4.544883384130681686e-02 2.178435772611508198e-02 -7.115181990774560290e+03
-3.386170282423409117e-02 -4.528259523339111386e-02 -9.756855283883446306e-03 2.183156172092946476e-02 -4.568228490017599286e-02 2.141719491387215901e-02 -7.116968936565760487e+03
-3.386826118575968214e-02 -4.552137002603507537e-02 -9.245595478942785286e-03 2.236987153198290515e-02 -4.586289391183685782e-02 2.096115908508566772e-02 -7.118747676327316185e+03
-3.387476517483478666e-02 -4.576107911225044816e-02 -8.722783805181001313e-03 2.290918690992746476e-02 -4.609320172252033554e-02 2.055204896822034402e-02 -7.120518255573784700e+03
-3.388121417857843654e-02 -4.600170074684994254e-02 -8.190360995377177211e-03 2.345250413220074590e-02 -4.639097656909645789e-02 2.022796930714586619e-02 -7.122280610270854595e+03
-3.388761307943588541e-02 -4.624317352426581679e-02 -7.646385422785653176e-03 2.400745638703108420e-02 -4.659341344622179582e-02 1.976244058583936578e-02 -7.124034540216340247e+03
-3.389395582826960907e-02 -4.648553634856236738e-02 -7.092968571992831414e-03 2.456448605079805669e-02 -4.688085002707510773e-02 1.940768044928321487e-02 -7.125780091184441517e+03
-3.390024464123241738e-02 -4.672877000135230302e-02 -6.528731100495937384e-03 2.512847756870942306e-02 -4.716256990827115414e-02 1.903678680268589690e-02 -7.127517132593361566e+03
-3.390648156550760128e-02 -4.697282762724980243e-02 -5.953438411257387652e-03 2.570299919139166361e-02 -4.737089536603533713e-02 1.854726145705404630e-02 -7.129245525464627462e+03
-3.391266343967817148e-02 -4.721774705168875486e-02 -5.367225326339493396e-03 2.628478235610895788e-02 -4.757383529742013201e-02 1.804949095383802729e-02 -7.130965251041704505e+03
-3.391879493892207414e-02 -4.746343479569988671e-02 -4.769668776362004543e-03 2.688031547571300209e-02 -4.760627032605587589e-02 1.736456765452820336e-02 -7.132676110623274326e+03
-3.392487031973481088e-02 -4.770998280819366277e-02 -4.160712683976356026e-03 2.748362915935537165e-02 -4.764159199960617264e-02 1.664897174211339703e-02 -7.134378146614878460e+03
-3.393088331726345358e-02 -4.795750551977998738e-02 -3.538205815958772333e-03 2.808504502440686487e-02 -4.780721580489451922e-02 1.610587795098594385e-02 -7.136071396210038984e+03
-3.393683887780474945e-02 -4.820586316220411283e-02 -2.905419242662319289e-03 2.869681230433505578e-02 -4.798418662645671101e-02 1.553820403255424219e-02 -7.137755654870628859e+03
-3.394273631277784642e-02 -4.845508076060529856e-02 -2.259129193216372501e-03 2.931456974925896949e-02 -4.813673479663069937e-02 1.493440153503457733e-02 -7.139430824659045356e+03
-3.394858269311151061e-02 -4.870497748981402614e-02 -1.603271426932713220e-03 2.995419264049951902e-02 -4.807226425016396243e-02 1.403918610525893562e-02 -7.141096669490291788e+03
-3.395437239724396344e-02 -4.895571236634685408e-02 -9.308958059927234605e-04 3.059904767042791185e-02 -4.788139188537308966e-02 1.299843991535614210e-02 -7.142753204032874237e+03
-3.396008877082801886e-02 -4.920750719198940110e-02 -2.456225878801480186e-04 3.123589841468368475e-02 -4.808036144964208947e-02 1.243263652748225097e-02 -7.144400683784011562e+03
-3.396575491562355692e-02 -4.945997853834156049e-02 4.550910683406182906e-04 3.189045978189815334e-02 -4.792389988914268900e-02 1.141063224446691761e-02 -7.146038518910933817e+03
-3.397135679495462413e-02 -4.971328610061026554e-02 1.167708007285612809e-03 3.255131967463961717e-02 -4.784576609910559664e-02 1.050680152765681719e-02 -7.147666873811666846e+03
-3.397688880522083815e-02 -4.996754938520924644e-02 1.894459105521472883e-03 3.321125651677488827e-02 -4.799435809810874420e-02 9.852008453406627120e-03 -7.149285794467159576e+03
-3.398236216999867693e-02 -5.022254755824154954e-02 2.635939441948214040e-03 3.388357170186915429e-02 -4.797803847644466907e-02 8.988715388217802943e-03 -7.150894903929291104e+03
-3.398776685809179465e-02 -5.047842416195418708e-02 3.391614853390871251e-03 3.455851315187547651e-02 -4.811202389426544324e-02 8.297879628518576786e-03 -7.152494315372386154e+03
-3.399311224324421538e-02 -5.073499997839178710e-02 4.162928114348768069e-03 3.524689736951971963e-02 -4.804999974214470976e-02 7.361222335759564847e-03 -7.154083721193559541e+03
-3.399838684316866533e-02 -5.099242060112038621e-02 4.949064814080354757e-03 3.593748765414227220e-02 -4.815356293440332947e-02 6.614288730141569886e-03 -7.155663238799436840e+03
-3.400359752808108232e-02 -5.125056741504142865e-02 5.751125201343638103e-03 3.663679757241157520e-02 -4.814664626440069706e-02 5.747421617189251916e-03 -7.157232606672198017e+03
-3.400874080472097299e-02 -5.150949393605084442e-02 6.567246241477081928e-03 3.734542421415920632e-02 -4.812479645680953211e-02 4.837573334567681245e-03 -7.158791759911616282e+03
-3.401381382394371572e-02 -5.176927858663316756e-02 7.400308922878209156e-03 3.805766382996842584e-02 -4.816667435399651920e-02 3.993575851721887539e-03 -7.160340595334389945e+03
-3.401881843350626489e-02 -5.202981393736430538e-02 8.250578681724627869e-03 3.877782566618170196e-02 -4.818375150441633892e-02 3.117212468610078540e-03 -7.161878918761078239e+03
-3.402375332831970856e-02 -5.229103018620664262e-02 9.118304882283836954e-03 3.950603572144355258e-02 -4.817671106265412895e-02 2.209412869685576167e-03 -7.163406718053983241e+03
-3.402861701999696648e-02 -5.255286041367985411e-02 1.000327195934731447e-02 4.024215717638085499e-02 -4.814901241374251739e-02 1.269697949327974057e-03 -7.164923955566013319e+03
-3.403340827468059188e-02 -5.281527378309562593e-02 1.090553296981140036e-02 4.098605889293606419e-02 -4.810307918094865187e-02 2.963102715782489713e-04 -7.166430584462194020e+03
-3.403812606550135622e-02 -5.307825047909526389e-02 1.182532936837081376e-02 4.173759891327279148e-02 -4.803896054085810691e-02 -7.133207927060356132e-04 -7.167926488733734004e+03
-3.404276947021767780e-02 -5.334179001766001238e-02 1.276309051763943776e-02 4.249651362975825908e-02 -4.795424447208829904e-02 -1.762199121087486275e-03 -7.169411528577081299e+03
-3.404733744449568722e-02 -5.360590167211556206e-02 1.371951543081597648e-02 4.326228329511674908e-02 -4.784288966104786878e-02 -2.853304278106922123e-03 -7.170885492838016944e+03
-3.405182929669431369e-02 -5.387063316205450286e-02 1.469546887254619474e-02 4.403462082531233585e-02 -4.769572961697638586e-02 -3.990343027736553000e-03 -7.172348206657986339e+03
-3.405624422218203606e-02 -5.413593705946681545e-02 1.569045297956825694e-02 4.481355696447712061e-02 -4.750722459221697752e-02 -5.168384992808683180e-03 -7.173799519611256983e+03
-3.406058044044563832e-02 -5.440172617649232517e-02 1.670515547416339536e-02 4.559926977978279866e-02 -4.728382580186642897e-02 -6.388129227702099566e-03 -7.175239431650685219e+03
-3.406483650860330642e-02 -5.466794491846557053e-02 1.773971682674537961e-02 4.639118965747614926e-02 -4.702280463197164306e-02 -7.652553254739095576e-03 -7.176667789478269697e+03
-3.406901118960578567e-02 -5.493456699416005007e-02 1.879457671417834527e-02 4.718922270137033970e-02 -4.672255631211010701e-02 -8.964184082960771974e-03 -7.178084539057770598e+03
-3.407310308224578005e-02 -5.520152918537912096e-02 1.986999533679777510e-02 4.799307012559852342e-02 -4.638111724434700739e-02 -1.032366660301631614e-02 -7.179489510206822160e+03
-3.407711073239963473e-02 -5.546878379239661427e-02 2.096630272954089561e-02 4.880241544657955288e-02 -4.599582129867502145e-02 -1.173173643524980103e-02 -7.180882588408168886e+03
-3.408103262339545053e-02 -5.573627529205439635e-02 2.208375362472002335e-02 4.961688734300667009e-02 -4.556389453935639350e-02 -1.318967787184623965e-02 -7.182263655306274813e+03
-3.408486718738582000e-02 -5.600395349722513821e-02 2.322267608116223778e-02 5.043609930508290845e-02 -4.508251951748739467e-02 -1.469887808436875706e-02 -7.183632629148952219e+03
-3.408861276011088126e-02 -5.627173692367130886e-02 2.438319117888672338e-02 5.125952400716305563e-02 -4.454893338516372620e-02 -1.626038136204345161e-02 -7.184989343086736881e+03
-3.409226761752626872e-02 -5.653955450158960200e-02 2.556549507202862670e-02 5.208665739973454556e-02 -4.395996203916095746e-02 -1.787519892380707090e-02 -7.186333682562708418e+03
-3.409582994670624229e-02 -5.680732600357003143e-02 2.676972692791197012e-02 5.291692089976713503e-02 -4.331230953624452124e-02 -1.954411870354340330e-02 -7.187665527457937060e+03
-3.409929785859786705e-02 -5.707495099715769599e-02 2.799587540234361321e-02 5.374962565747475746e-02 -4.260266845326977914e-02 -2.126770624743987842e-02 -7.188984715708532349e+03
-3.410266933765310204e-02 -5.734237040578223782e-02 2.924425080815058059e-02 5.458418656665016411e-02 -4.182702398396893201e-02 -2.304702604556466833e-02 -7.190291249312529544e+03
-3.410594229416872430e-02 -5.760943894109662317e-02 3.051448757310417162e-02 5.541965700943143197e-02 -4.098202269631542188e-02 -2.488185365033401472e-02 -7.191584877657806828e+03
-3.410911450559721975e-02 -5.787604944134783214e-02 3.180650969773962666e-02 5.625517745226244620e-02 -4.006360698327607328e-02 -2.677234326044275470e-02 -7.192865511330289337e+03
-3.411218366312752243e-02 -5.814206906578495843e-02 3.312002966395832110e-02 5.708977772413209584e-02 -3.906762270707239693e-02 -2.871813459599953031e-02 -7.194133014826136787e+03
-3.411514730301248161e-02 -5.840734856582914525e-02 3.445460054460373900e-02 5.792234058965350235e-02 -3.799005215737979307e-02 -3.071840031829644810e-02 -7.195387240163904607e+03
-3.411800278558952543e-02 -5.867175351618257595e-02 3.580988306631045781e-02 5.875171271996092182e-02 -3.682615514422998143e-02 -3.277232279692839784e-02 -7.196628141537588817e+03
-3.412074740406551010e-02 -5.893508684568752459e-02 3.718496862577337636e-02 5.957650982332689249e-02 -3.557185920814651819e-02 -3.487782578405385775e-02 -7.197855513259024519e+03
-3.412337830025211072e-02 -5.919714595005922536e-02 3.857888004561905310e-02 6.039524149560967364e-02 -3.422261876891669052e-02 -3.703252554146713865e-02 -7.199069190837573842e+03
-3.412589247405502929e-02 -5.945770140944792170e-02 3.999034398948572711e-02 6.120626139566207047e-02 -3.277457025327737417e-02 -3.923305543417472674e-02 -7.200268980696076142e+03
-3.412828654292314468e-02 -5.971656002970322091e-02 4.141835072571609794e-02 6.200788947366495107e-02 -3.122232675027725515e-02 -4.147627168230893363e-02 -7.201454913807286175e+03
-3.413055750186608922e-02 -5.997336574826195310e-02 4.286041727551783559e-02 6.279794251059388210e-02 -2.956344169051692075e-02 -4.375622419555679626e-02 -7.202626485725057137e+03
-3.413270154921039384e-02 -6.022788641581051233e-02 4.431507265106267301e-02 6.357446996817089913e-02 -2.779239176534683761e-02 -4.606852774076276857e-02 -7.203783783620000577e+03
-3.413471532353002519e-02 -6.047973167744351980e-02 4.577937491703240602e-02 6.433493437931844805e-02 -2.590725455367100249e-02 -4.840566544082788858e-02 -7.204926377670370130e+03
-3.413659475510037039e-02 -6.072857557491769670e-02 4.725086592483997150e-02 6.507687157123298594e-02 -2.390391915447558427e-02 -5.076053496349781230e-02 -7.206054252122597973e+03
-3.413833677062690086e-02 -6.097389319322476381e-02 4.872523554442239474e-02 6.579731372548359991e-02 -2.178282202171746146e-02 -5.312303698526348039e-02 -7.207166661241482871e+03
-3.413993720539678506e-02 -6.121526393362620999e-02 5.019907479904429232e-02 6.649323908346552181e-02 -1.954160223541292346e-02 -5.548433818436544762e-02 -7.208263495364464688e+03
-3.414139298326511474e-02 -6.145209254863184811e-02 5.166734774789120965e-02 6.716123820387200072e-02 -1.718221406313594560e-02 -5.783298070322782924e-02 -7.209343999747004091e+03
-3.414270076758756794e-02 -6.168378340410696908e-02 5.312501977280749410e-02 6.779775370524497580e-02 -1.470589132513301124e-02 -6.015829744801511059e-02 -7.210407609923579002e+03
-3.414385847698401394e-02 -6.190961117918010459e-02 5.456591708214333231e-02 6.839895897554690296e-02 -1.211845581559522177e-02 -6.244808535173835412e-02 -7.211453238346278340e+03
-3.414486305564848334e-02 -6.212889839110073698e-02 5.598443747822789279e-02 6.896074297375984208e-02 -9.422467976160760206e-03 -6.469180529782815603e-02 -7.212480377277337539e+03
-3.414573469284394591e-02 -6.234023016700309533e-02 5.735841309368218399e-02 6.950139479612951754e-02 -6.204428855063863144e-03 -6.691016054489792864e-02 -7.213486355455190278e+03
-3.414646183688101189e-02 -6.254309058541719646e-02 5.869537557412575490e-02 7.000991661985038472e-02 -2.825680186156211658e-03 -6.969154174296190996e-02 -7.214470196348764148e+03
-3.414707121109501059e-02 -6.273590153466883368e-02 5.996855457632280229e-02 7.049738404387097257e-02 1.389507317574763040e-03 -7.229271151604042822e-02 -7.215429319322556694e+03
-3.414756414383610106e-02 -6.291777965547772078e-02 6.118627529311963797e-02 7.092629681061531077e-02 6.983529672168134993e-03 -7.405599009132114718e-02 -7.216360470011624784e+03
-3.414793725411017361e-02 -6.308802719895409417e-02 6.235472144297293101e-02 7.130699906477799832e-02 1.275452415738505783e-02 -7.638660045402320686e-02 -7.217259609972639737e+03
-3.414819743207978681e-02 -6.324573537352054520e-02 6.346748980326046008e-02 7.159225577540172247e-02 1.898928330914442103e-02 -7.795383063717770122e-02 -7.218123049472297680e+03
-3.414836096487439826e-02 -6.338992330532651487e-02 6.451975363923632967e-02 7.179652330126250204e-02 2.546668767896010516e-02 -7.852396221479875094e-02 -7.218945222102681328e+03
-3.414844292031089107e-02 -6.351996247957125696e-02 6.550201824082947655e-02 7.196242800117784444e-02 3.190989973078475067e-02 -7.892492898925153322e-02 -7.219719038818241643e+03
-3.414847118987913294e-02 -6.363488952101478691e-02 6.639731658457921626e-02 7.204750321038359828e-02 3.888162853919843731e-02 -7.764275409728089994e-02 -7.220437894030734242e+03
-3.414843475999257416e-02 -6.373447194478874811e-02 6.717719628858294378e-02 7.210625115480101543e-02 4.519040906558705745e-02 -7.547702874395947892e-02 -7.221090242692790525e+03
-3.414842456483487693e-02 -6.381721295711027808e-02 6.784011302344714056e-02 7.213001448826603101e-02 5.338796371688524223e-02 -7.318390090571429141e-02 -7.221668885837460948e+03
-3.414842093286323682e-02 -6.388413185173690001e-02 6.840225879110468921e-02 7.211340661329931900e-02 6.147577028517721420e-02 -7.133972632319074414e-02 -7.222163333006213179e+03
-3.414847048526190726e-02 -6.393576074738116510e-02 6.887040296974482334e-02 7.212705147670969708e-02 7.011988037216843050e-02 -6.888791675099040224e-02 -7.222564439609826877e+03
-3.414846880470980006e-02 -6.397330982538623756e-02 6.921755702666762544e-02 7.211747498708662163e-02 7.587931050804103128e-02 -6.783368891667294898e-02 -7.222868037762536915e+03
-3.414846188589855391e-02 -6.399728135912878535e-02 6.944021710378428525e-02 7.210833904282130946e-02 7.947443341190611743e-02 -6.727364052171772024e-02 -7.223063697387772663e+03
-3.414845870619603180e-02 -6.400829804149343882e-02 6.954254578462147618e-02 7.210414042374227450e-02 8.112665724635327591e-02 -6.701625690912418887e-02 -7.223153617371995097e+03
-3.414844329773222137e-02 -6.401177744629453492e-02 6.957133827210645882e-02 7.209404438727400055e-02 8.129829375270004876e-02 -6.701819071949609297e-02 -7.223183431993126760e+03
-3.414837097362837665e-02 -6.402810904420563887e-02 6.970648418226202403e-02 7.204665574639138037e-02 8.210392145697989474e-02 -6.702727378073196352e-02 -7.223323375584007408e+03
-3.414823943610376111e-02 -6.405781170001424718e-02 6.995227718481583645e-02 7.196046891631582842e-02 8.356913440331104059e-02 -6.704379190298920266e-02 -7.223577894237630971e+03
-3.414802280087394365e-02 -6.409974576599507257e-02 7.029201879036385547e-02 7.178915877862421246e-02 8.544790210182583168e-02 -6.696625592582666764e-02 -7.223954673245247250e+03
-3.414770833715251308e-02 -6.415305883704806866e-02 7.071554174456035069e-02 7.149775429012707184e-02 8.778124811564337604e-02 -6.663624900318740329e-02 -7.224459492584304826e+03
-3.414727463577593713e-02 -6.421614379880408174e-02 7.120705040728463053e-02 7.101152889757537945e-02 9.084100976246908821e-02 -6.569507628029118418e-02 -7.225104305088804722e+03
-3.414669352184600271e-02 -6.428778397518231102e-02 7.176006544542869181e-02 7.023835844901729630e-02 9.474481058067150963e-02 -6.395339547725810425e-02 -7.225902154728631103e+03
-3.414593579940976287e-02 -6.436682797527448763e-02 7.237898825065086639e-02 6.904801993968745499e-02 9.964270550741768928e-02 -6.128332701792443132e-02 -7.226869800840174321e+03
-3.414497166750013468e-02 -6.445231583806830533e-02 7.308825063141499712e-02 6.726602733070712048e-02 1.057934142168226455e-01 -5.767715930168036687e-02 -7.228028168907245345e+03
-3.414380166007120049e-02 -6.454382805401176482e-02 7.394863847897839570e-02 6.467072564439864391e-02 1.136396049781881329e-01 -5.316150352945800406e-02 -7.229397221881604310e+03
-3.414246453547931798e-02 -6.464070107647658381e-02 7.504287960016135794e-02 6.093129573537286320e-02 1.238100621130852619e-01 -4.721764282572812887e-02 -7.230993180890740405e+03
-3.414105920518201859e-02 -6.474054662792601278e-02 7.646662767784630221e-02 5.513974304423789607e-02 1.373609222164919597e-01 -3.660582530569907872e-02 -7.232832938436519726e+03
-3.413979930516604366e-02 -6.483679036097646231e-02 7.834381960568871650e-02 4.403109364678425841e-02 1.601654842153479308e-01 6.931598847089322050e-03 -7.234925584111058015e+03
-3.413760782485944500e-02 -6.490779750184745567e-02 8.223530301784522101e-02 2.265632957326337363e-02 2.042525832974998456e-01 1.585695599739469219e-01 -7.237242068700256823e+03
-3.413500494602351998e-02 -6.502878545794506249e-02 8.592863816150538014e-02 5.466944602346732879e-03 2.159789117811651282e-01 2.100446862699500150e-01 -7.239801453851582664e+03
-3.413145326222806475e-02 -6.520164893851286558e-02 9.010434105288181450e-02 -1.028593166717369639e-02 2.080509207579200603e-01 2.274220813557373544e-01 -7.242584013462943403e+03
-3.412744885340830009e-02 -6.541850340637092587e-02 9.489362965872015498e-02 -2.672252841959380648e-02 1.796560001563744513e-01 2.206994519764556850e-01 -7.245570091457454510e+03
-3.412340659860575720e-02 -6.567788419719122750e-02 9.954658659709687829e-02 -4.064893664118821026e-02 1.511309946015501060e-01 1.964864146849326365e-01 -7.248748824688826062e+03
-3.411992468569444159e-02 -6.596724926764503671e-02 1.037197042920816326e-01 -5.023277128161305477e-02 1.415101177474007987e-01 1.713048768613149864e-01 -7.252105628890059052e+03
-3.411705594871068670e-02 -6.625774832272603165e-02 1.080807812338599183e-01 -6.046287185077598575e-02 1.330462641632831344e-01 1.563482444482597600e-01 -7.255651137135494537e+03
-3.411507022446871179e-02 -6.653384199810921662e-02 1.128768695525493443e-01 -7.235800160338183573e-02 1.334467939958744187e-01 1.540051751128036772e-01 -7.259409434333706486e+03
-3.411218853076947166e-02 -6.673269648976576374e-02 1.207899263223035646e-01 -1.024241946818073706e-01 1.126998388630468806e-01 1.706974979690845107e-01 -7.263365369151225423e+03
-3.410714513696064265e-02 -6.696920783124447885e-02 1.289216503298592775e-01 -1.283239784591374000e-01 9.407108234435514194e-02 1.795480623689402755e-01 -7.267505531336639251e+03
-3.410124599877507878e-02 -6.728573568673361371e-02 1.368149680379591726e-01 -1.525846088724813476e-01 4.045771413329980748e-02 1.362741942867164990e-01 -7.271829790542991759e+03
-3.409560244747745356e-02 -6.766665803622624875e-02 1.435220455765079117e-01 -1.700801136330065133e-01 2.339645371820785105e-03 7.798050748611053129e-02 -7.276321686842346026e+03
-3.409130666701129520e-02 -6.806599214080244487e-02 1.495191010172508550e-01 -1.832791077212999886e-01 -1.262525284614305666e-02 4.007043152562396460e-02 -7.280975404844223704e+03
-3.408846886920795932e-02 -6.843081170896862797e-02 1.561390779057533484e-01 -1.990688851569923368e-01 -1.271553290361479051e-02 3.047391328316752593e-02 -7.285840980154188401e+03
-3.408386151973533812e-02 -6.867294879558155651e-02 1.672007881455175871e-01 -2.359310122652576447e-01 -5.751337870741581038e-02 -1.452344230765163606e-02 -7.290896544067548348e+03
-3.407734161117182553e-02 -6.901571400217632046e-02 1.773562888753487388e-01 -2.653318529547922244e-01 -1.087522927391761235e-01 -6.114824857583466000e-02 -7.296145928334211021e+03
-3.407058404464663459e-02 -6.946199271965075583e-02 1.860240763706283440e-01 -2.879646315043546401e-01 -1.637740709601994415e-01 -1.457452620423804468e-01 -7.301558082568657483e+03
-3.406536676281445714e-02 -6.994528125765323012e-02 1.932733685019434045e-01 -3.029390269987267681e-01 -1.791383145523562370e-01 -1.875038118785551100e-01 -7.307122129452430272e+03
-3.406179032156427672e-02 -7.035575088580492409e-02 2.020947497615804556e-01 -3.255268576205010977e-01 -1.881327217013254727e-01 -2.192643492993135712e-01 -7.312900261264332585e+03
5.334451008168673434e+04 2.312703919576337285e+03 1.253550419897469510e+02 5.307367260949605026e+01 2.395776981692062435e+01 2.090115959604577967e+01 nan
7.985868923462997675e+08 7.245418343295617960e+05 1.071060964050484017e+03 2.070377910933588055e+02 7.586659761738630436e+00 3.146593934149902516e+00 nan
