2.236067903864847120e-02 3.396900884415299943e-02 3.396900884415299943e-02 1.029378442497876946e-03 1.692383277351500756e-04
2.236067903864313519e-02 9.340360790736461361e-03 9.340360790736461361e-03 -7.624307163303150822e-04 1.692383277351500756e-04
2.236067903864936285e-02 -7.390432425300387954e-04 -7.390432425300387954e-04 -3.529623798212953053e-04 1.692383277351500756e-04
2.236067903864936285e-02 -7.390432425593340465e-04 -7.390432425593340465e-04 -3.529623798381742732e-04 1.692383277351500756e-04
2.236067903864936285e-02 -7.390432425557502162e-04 -7.390432425557502162e-04 -3.529623798354573710e-04 1.692383277351500756e-04
2.236067903864936285e-02 -7.390432425514696776e-04 -7.390432425514696776e-04 -3.529623798336199735e-04 1.692383277351500756e-04
2.236067903864936285e-02 -7.390432425527674676e-04 -7.390432425527674676e-04 -3.529623798363432183e-04 1.692383277351500756e-04
2.236067903864936285e-02 -7.390432425524249681e-04 -7.390432425524249681e-04 -3.529623798307603903e-04 1.692383277351500756e-04
2.236067903864936285e-02 -7.390432425523134037e-04 -7.390432425523134037e-04 -3.529623798359287821e-04 1.692383277351500756e-04
2.236067903864936285e-02 -7.390432425524270281e-04 -7.390432425524270281e-04 -3.529623798336689253e-04 1.692383277351500756e-04
2.236067903864936285e-02 -7.390432425524169451e-04 -7.390432425524169451e-04 -3.529623798324366753e-04 1.692383277351500756e-04
2.236067903864936285e-02 -7.390432425524131503e-04 -7.390432425524131503e-04 -3.529623798339643161e-04 1.692383277351500756e-04
2.236067903864936285e-02 -7.390432425524126082e-04 -7.390432425524126082e-04 -3.529623798310364282e-04 1.692383277351500756e-04
2.236067903864936285e-02 -7.390432425524131503e-04 -7.390432425524131503e-04 -3.529623798345157414e-04 1.692383277351500756e-04
2.236067903864936285e-02 -7.390432425524131503e-04 -7.390432425524131503e-04 -3.529623798338522096e-04 1.692383277351500756e-04
2.236067903864936285e-02 -7.390432425524131503e-04 -7.390432425524131503e-04 -3.529623798340127800e-04 1.692383277351500756e-04
2.236067903864936285e-02 -7.390432425524131503e-04 -7.390432425524131503e-04 -3.529623798339510347e-04 1.692383277351500756e-04
2.236067903864936285e-02 -7.390432425524131503e-04 -7.390432425524131503e-04 -3.529623798341821324e-04 1.692383277351500756e-04
2.236067903864936285e-02 -7.390432425524131503e-04 -7.390432425524131503e-04 -3.529623798341562199e-04 1.692383277351500756e-04
2.236067903864936285e-02 -7.390432425524131503e-04 -7.390432425524131503e-04 -3.529623798342136284e-04 1.692383277351500756e-04
2.236067903864936285e-02 -7.390432425524131503e-04 -7.390432425524131503e-04 -3.529623798342120021e-04 1.692383277351500756e-04
2.236067903864936285e-02 -7.390432425524131503e-04 -7.390432425524131503e-04 -3.529623798342109179e-04 1.692383277351500756e-04
2.236067903864936285e-02 -7.390432425524131503e-04 -7.390432425524131503e-04 -3.529623798342092374e-04 1.692383277351500756e-04
2.236067903864936285e-02 -7.390432425524131503e-04 -7.390432425524131503e-04 -3.529623798342094543e-04 1.692383277351500756e-04
2.236067903864936285e-02 -7.390432425524131503e-04 -7.390432425524131503e-04 -3.529623798342078822e-04 1.692383277351500756e-04
2.236067903864936285e-02 -7.390432425524131503e-04 -7.390432425524131503e-04 -3.529623798342088579e-04 1.692383277351500756e-04
2.236067903864936285e-02 -7.390432425524131503e-04 -7.390432425524131503e-04 -3.529623798342085869e-04 1.692383277351500756e-04
2.236067903864936285e-02 -7.390432425524131503e-04 -7.390432425524131503e-04 -3.529623798342088579e-04 1.692383277351500756e-04
2.236067903864936285e-02 -7.390432425524131503e-04 -7.390432425524131503e-04 -3.529623798342088579e-04 1.692383277351500756e-04
2.236067903864936285e-02 -7.390432425524131503e-04 -7.390432425524131503e-04 -3.529623798342088579e-04 1.692383277351500756e-04
2.236067903864936285e-02 -7.390432425524131503e-04 -7.390432425524131503e-04 -3.529623798342088579e-04 1.692383277351500756e-04
2.236067903864936285e-02 -7.390432425524131503e-04 -7.390432425524131503e-04 -3.529623798342088579e-04 1.692383277351500756e-04
2.236067903864936285e-02 -7.390432425524131503e-04 -7.390432425524131503e-04 -3.529623798342088579e-04 1.692383277351500756e-04
2.236067903864936285e-02 -7.390432425524131503e-04 -7.390432425524131503e-04 -3.529623798342088579e-04 1.692383277351500756e-04
2.236067903864936285e-02 -7.390432425524131503e-04 -7.390432425524131503e-04 -3.529623798342088579e-04 1.692383277351500756e-04
2.236067903864936285e-02 -7.390432425524131503e-04 -7.390432425524131503e-04 -3.529623798342088579e-04 1.692383277351500756e-04
2.236067903864936285e-02 -7.390432425524131503e-04 -7.390432425524131503e-04 -3.529623798342088579e-04 1.692383277351500756e-04
2.236067903864936285e-02 -7.390432425524131503e-04 -7.390432425524131503e-04 -3.529623798342088579e-04 1.692383277351500756e-04
2.236067903864936285e-02 -7.390432425524131503e-04 -7.390432425524131503e-04 -3.529623798342088579e-04 1.692383277351500756e-04
2.236067903864936285e-02 -7.390432425524131503e-04 -7.390432425524131503e-04 -3.529623798342088579e-04 1.692383277351500756e-04
2.236067903864936285e-02 -7.390432425524131503e-04 -7.390432425524131503e-04 -3.529623798342088579e-04 1.692383277351500756e-04
2.236067903864936285e-02 -7.390432425524131503e-04 -7.390432425524131503e-04 -3.529623798342088579e-04 1.692383277351500756e-04
2.236067903864936285e-02 -7.390432425524131503e-04 -7.390432425524131503e-04 -3.529623798342088579e-04 1.692383277351500756e-04
2.236067903864936285e-02 -7.390432425524131503e-04 -7.390432425524131503e-04 -3.529623798342088579e-04 1.692383277351500756e-04
2.236067903864936285e-02 -7.390432425524131503e-04 -7.390432425524131503e-04 -3.529623798342088579e-04 1.692383277351500756e-04
2.236067903864936285e-02 -7.390432425524131503e-04 -7.390432425524131503e-04 -3.529623798342088579e-04 1.692383277351500756e-04
2.236067903864936285e-02 -7.390432425524131503e-04 -7.390432425524131503e-04 -3.529623798342088579e-04 1.692383277351500756e-04
2.236067903864936285e-02 -7.390432425524131503e-04 -7.390432425524131503e-04 -3.529623798342088579e-04 1.692383277351500756e-04
2.236067903864936285e-02 -7.390432425524131503e-04 -7.390432425524131503e-04 -3.529623798342088579e-04 1.692383277351500756e-04
2.236067903864936285e-02 -7.390432425524131503e-04 -7.390432425524131503e-04 -3.529623798342088579e-04 1.692383277351500756e-04
2.236067903864936285e-02 -7.390432425524131503e-04 -7.390432425524131503e-04 -3.529623798342088579e-04 1.692383277351500756e-04
2.236067903864936285e-02 -7.390432425524131503e-04 -7.390432425524131503e-04 -3.529623798342088579e-04 1.692383277351500756e-04
2.236067903864936285e-02 -7.390432425524131503e-04 -7.390432425524131503e-04 -3.529623798342088579e-04 1.692383277351500756e-04
2.236067903864936285e-02 -7.390432425524131503e-04 -7.390432425524131503e-04 -3.529623798342088579e-04 1.692383277351500756e-04
2.236067903864936285e-02 -7.390432425524131503e-04 -7.390432425524131503e-04 -3.529623798342088579e-04 1.692383277351500756e-04
2.236067903864936285e-02 -7.390432425524131503e-04 -7.390432425524131503e-04 -3.529623798342088579e-04 1.692383277351500756e-04
2.236067903864936285e-02 -7.390432425524131503e-04 -7.390432425524131503e-04 -3.529623798342088579e-04 1.692383277351500756e-04
2.236067903864936285e-02 -7.390432425524131503e-04 -7.390432425524131503e-04 -3.529623798342088579e-04 1.692383277351500756e-04
2.236067903864936285e-02 -7.390432425524131503e-04 -7.390432425524131503e-04 -3.529623798342088579e-04 1.692383277351500756e-04
2.236067903864936285e-02 -7.390432425524131503e-04 -7.390432425524131503e-04 -3.529623798342088579e-04 1.692383277351500756e-04
2.236067903864936285e-02 -7.390432425524131503e-04 -7.390432425524131503e-04 -3.529623798342088579e-04 1.692383277351500756e-04
2.236067903864936285e-02 -7.390432425524131503e-04 -7.390432425524131503e-04 -3.529623798342088579e-04 1.692383277351500756e-04
2.236067903864936285e-02 -7.390432425524131503e-04 -7.390432425524131503e-04 -3.529623798342088579e-04 1.692383277351500756e-04
2.236067903864936285e-02 -7.390432425524131503e-04 -7.390432425524131503e-04 -3.529623798342088579e-04 1.692383277351500756e-04
2.236067903864936285e-02 -7.390432425524131503e-04 -7.390432425524131503e-04 -3.529623798342088579e-04 1.692383277351500756e-04
2.236067903864936285e-02 -7.390432425524131503e-04 -7.390432425524131503e-04 -3.529623798342088579e-04 1.692383277351500756e-04
2.236067903864936285e-02 -7.390432425524131503e-04 -7.390432425524131503e-04 -3.529623798342088579e-04 1.692383277351500756e-04
2.236067903864936285e-02 -7.390432425524131503e-04 -7.390432425524131503e-04 -3.529623798342088579e-04 1.692383277351500756e-04
2.236067903864936285e-02 -7.390432425524131503e-04 -7.390432425524131503e-04 -3.529623798342088579e-04 1.692383277351500756e-04
2.236067903864936285e-02 -7.390432425524131503e-04 -7.390432425524131503e-04 -3.529623798342088579e-04 1.692383277351500756e-04
2.236067903864936285e-02 -7.390432425524131503e-04 -7.390432425524131503e-04 -3.529623798342088579e-04 1.692383277351500756e-04
2.236067903864936285e-02 -7.390432425524131503e-04 -7.390432425524131503e-04 -3.529623798342088579e-04 1.692383277351500756e-04
2.236067903864936285e-02 -7.390432425524131503e-04 -7.390432425524131503e-04 -3.529623798342088579e-04 1.692383277351500756e-04
2.236067903864936285e-02 -7.390432425524131503e-04 -7.390432425524131503e-04 -3.529623798342088579e-04 1.692383277351500756e-04
2.236067903864936285e-02 -7.390432425524131503e-04 -7.390432425524131503e-04 -3.529623798342088579e-04 1.692383277351500756e-04
2.236067903864936285e-02 -7.390432425524131503e-04 -7.390432425524131503e-04 -3.529623798342088579e-04 1.692383277351500756e-04
2.236067903864936285e-02 -7.390432425524131503e-04 -7.390432425524131503e-04 -3.529623798342088579e-04 1.692383277351500756e-04
2.236067903864936285e-02 -7.390432425524131503e-04 -7.390432425524131503e-04 -3.529623798342088579e-04 1.692383277351500756e-04
2.236067903864936285e-02 -7.390432425524131503e-04 -7.390432425524131503e-04 -3.529623798342088579e-04 1.692383277351500756e-04
2.236067903864936285e-02 -7.390432425524131503e-04 -7.390432425524131503e-04 -3.529623798342088579e-04 1.692383277351500756e-04
2.236067903864936285e-02 -7.390432425524131503e-04 -7.390432425524131503e-04 -3.529623798342088579e-04 1.692383277351500756e-04
2.236067903864936285e-02 -7.390432425524131503e-04 -7.390432425524131503e-04 -3.529623798342088579e-04 1.692383277351500756e-04
2.236067903864936285e-02 -7.390432425524131503e-04 -7.390432425524131503e-04 -3.529623798342088579e-04 1.692383277351500756e-04
2.236067903864936285e-02 -7.390432425524131503e-04 -7.390432425524131503e-04 -3.529623798342088579e-04 1.692383277351500756e-04
2.236067903864936285e-02 -7.390432425524131503e-04 -7.390432425524131503e-04 -3.529623798342088579e-04 1.692383277351500756e-04
2.236067903864936285e-02 -7.390432425524131503e-04 -7.390432425524131503e-04 -3.529623798342088579e-04 1.692383277351500756e-04
2.236067903864936285e-02 -7.390432425524131503e-04 -7.390432425524131503e-04 -3.529623798342088579e-04 1.692383277351500756e-04
2.236067903864936285e-02 -7.390432425524131503e-04 -7.390432425524131503e-04 -3.529623798342088579e-04 1.692383277351500756e-04
2.236067903864936285e-02 -7.390432425524131503e-04 -7.390432425524131503e-04 -3.529623798342088579e-04 1.692383277351500756e-04
2.236067903864936285e-02 -7.390432425524131503e-04 -7.390432425524131503e-04 -3.529623798342088579e-04 1.692383277351500756e-04
2.236067903864936285e-02 -7.390432425524131503e-04 -7.390432425524131503e-04 -3.529623798342088579e-04 1.692383277351500756e-04
2.236067903864936285e-02 -7.390432425524131503e-04 -7.390432425524131503e-04 -3.529623798342088579e-04 1.692383277351500756e-04
2.236067903864936285e-02 -7.390432425524131503e-04 -7.390432425524131503e-04 -3.529623798342088579e-04 1.692383277351500756e-04
2.236067903864936285e-02 -7.390432425524131503e-04 -7.390432425524131503e-04 -3.529623798342088579e-04 1.692383277351500756e-04
2.236067903864936285e-02 -7.390432425524131503e-04 -7.390432425524131503e-04 -3.529623798342088579e-04 1.692383277351500756e-04
2.236067903864936285e-02 -7.390432425524131503e-04 -7.390432425524131503e-04 -3.529623798342088579e-04 1.692383277351500756e-04
2.236067903864936285e-02 -7.390432425524131503e-04 -7.390432425524131503e-04 -3.529623798342088579e-04 1.692383277351500756e-04
2.236067903864936285e-02 -7.390432425524131503e-04 -7.390432425524131503e-04 -3.529623798342088579e-04 1.692383277351500756e-04
2.236067903864936285e-02 -7.390432425524131503e-04 -7.390432425524131503e-04 -3.529623798342088579e-04 1.692383277351500756e-04
2.236067903864936285e-02 -7.390432425524131503e-04 -7.390432425524131503e-04 -3.529623798342088579e-04 1.692383277351500756e-04
2.236067903864936285e-02 -7.390432425524131503e-04 -7.390432425524131503e-04 -3.529623798342088579e-04 1.692383277351500756e-04
2.236067903864936285e-02 -7.390432425524131503e-04 -7.390432425524131503e-04 -3.529623798342088579e-04 1.692383277351500756e-04
2.236067903864936285e-02 -7.390432425524131503e-04 -7.390432425524131503e-04 -3.529623798342088579e-04 1.692383277351500756e-04
2.236067903864936285e-02 -7.390432425524131503e-04 -7.390432425524131503e-04 -3.529623798342088579e-04 1.692383277351500756e-04
2.236067903864936285e-02 -7.390432425524131503e-04 -7.390432425524131503e-04 -3.529623798342088579e-04 1.692383277351500756e-04
2.236067903864936285e-02 -7.390432425524131503e-04 -7.390432425524131503e-04 -3.529623798342088579e-04 1.692383277351500756e-04
2.236067903864936285e-02 -7.390432425524131503e-04 -7.390432425524131503e-04 -3.529623798342088579e-04 1.692383277351500756e-04
2.236067903864936285e-02 -7.390432425524131503e-04 -7.390432425524131503e-04 -3.529623798342088579e-04 1.692383277351500756e-04
2.236067903864936285e-02 -7.390432425524131503e-04 -7.390432425524131503e-04 -3.529623798342088579e-04 1.692383277351500756e-04
2.236067903864936285e-02 -7.390432425524131503e-04 -7.390432425524131503e-04 -3.529623798342088579e-04 1.692383277351500756e-04
2.236067903864936285e-02 -7.390432425524131503e-04 -7.390432425524131503e-04 -3.529623798342088579e-04 1.692383277351500756e-04
2.236067903864936285e-02 -7.390432425524131503e-04 -7.390432425524131503e-04 -3.529623798342088579e-04 1.692383277351500756e-04
2.236067903864936285e-02 -7.390432425524131503e-04 -7.390432425524131503e-04 -3.529623798342088579e-04 1.692383277351500756e-04
2.236067903864936285e-02 -7.390432425524131503e-04 -7.390432425524131503e-04 -3.529623798342088579e-04 1.692383277351500756e-04
2.236067903864936285e-02 -7.390432425524131503e-04 -7.390432425524131503e-04 -3.529623798342088579e-04 1.692383277351500756e-04
2.236067903864936285e-02 -7.390432425524131503e-04 -7.390432425524131503e-04 -3.529623798342088579e-04 1.692383277351500756e-04
2.236067903864936285e-02 -7.390432425524131503e-04 -7.390432425524131503e-04 -3.529623798342088579e-04 1.692383277351500756e-04
2.236067903864936285e-02 -7.390432425524131503e-04 -7.390432425524131503e-04 -3.529623798342088579e-04 1.692383277351500756e-04
2.236067903864936285e-02 -7.390432425524131503e-04 -7.390432425524131503e-04 -3.529623798342088579e-04 1.692383277351500756e-04
2.236067903864936285e-02 -7.390432425524131503e-04 -7.390432425524131503e-04 -3.529623798342088579e-04 1.692383277351500756e-04
2.236067903864936285e-02 -7.390432425524131503e-04 -7.390432425524131503e-04 -3.529623798342088579e-04 1.692383277351500756e-04
2.236067903864936285e-02 -7.390432425524131503e-04 -7.390432425524131503e-04 -3.529623798342088579e-04 1.692383277351500756e-04
2.236067903864936285e-02 -7.390432425524131503e-04 -7.390432425524131503e-04 -3.529623798342088579e-04 1.692383277351500756e-04
2.236067903864936285e-02 -7.390432425524131503e-04 -7.390432425524131503e-04 -3.529623798342088579e-04 1.692383277351500756e-04
2.236067903864936285e-02 -7.390432425524131503e-04 -7.390432425524131503e-04 -3.529623798342088579e-04 1.692383277351500756e-04
2.236067903864936285e-02 -7.390432425524131503e-04 -7.390432425524131503e-04 -3.529623798342088579e-04 1.692383277351500756e-04
2.236067903864936285e-02 -7.390432425524131503e-04 -7.390432425524131503e-04 -3.529623798342088579e-04 1.692383277351500756e-04
2.236067903864936285e-02 -7.390432425524131503e-04 -7.390432425524131503e-04 -3.529623798342088579e-04 1.692383277351500756e-04
2.236067903864936285e-02 -7.390432425524131503e-04 -7.390432425524131503e-04 -3.529623798342088579e-04 1.692383277351500756e-04
2.236067903864936285e-02 -7.390432425524131503e-04 -7.390432425524131503e-04 -3.529623798342088579e-04 1.692383277351500756e-04
2.236067903864936285e-02 -7.390432425524131503e-04 -7.390432425524131503e-04 -3.529623798342088579e-04 1.692383277351500756e-04
2.236067903864936285e-02 -7.390432425524131503e-04 -7.390432425524131503e-04 -3.529623798342088579e-04 1.692383277351500756e-04
2.236067903864936285e-02 -7.390432425524131503e-04 -7.390432425524131503e-04 -3.529623798342088579e-04 1.692383277351500756e-04
2.236067903864936285e-02 -7.390432425524131503e-04 -7.390432425524131503e-04 -3.529623798342088579e-04 1.692383277351500756e-04
2.236067903864936285e-02 -7.390432425524131503e-04 -7.390432425524131503e-04 -3.529623798342088579e-04 1.692383277351500756e-04
2.236067903864936285e-02 -7.390432425524131503e-04 -7.390432425524131503e-04 -3.529623798342088579e-04 1.692383277351500756e-04
2.236067903864936285e-02 -7.390432425524131503e-04 -7.390432425524131503e-04 -3.529623798342088579e-04 1.692383277351500756e-04
2.236067903864936285e-02 -7.390432425524131503e-04 -7.390432425524131503e-04 -3.529623798342088579e-04 1.692383277351500756e-04
2.236067903864936285e-02 -7.390432425524131503e-04 -7.390432425524131503e-04 -3.529623798342088579e-04 1.692383277351500756e-04
2.236067903864936285e-02 -7.390432425524131503e-04 -7.390432425524131503e-04 -3.529623798342088579e-04 1.692383277351500756e-04
2.236067903864936285e-02 -7.390432425524131503e-04 -7.390432425524131503e-04 -3.529623798342088579e-04 1.692383277351500756e-04
2.236067903864936285e-02 -7.390432425524131503e-04 -7.390432425524131503e-04 -3.529623798342088579e-04 1.692383277351500756e-04
2.236067903864936285e-02 -7.390432425524131503e-04 -7.390432425524131503e-04 -3.529623798342088579e-04 1.692383277351500756e-04
2.236067903864936285e-02 -7.390432425524131503e-04 -7.390432425524131503e-04 -3.529623798342088579e-04 1.692383277351500756e-04
2.236067903864936285e-02 -7.390432425524131503e-04 -7.390432425524131503e-04 -3.529623798342088579e-04 1.692383277351500756e-04
2.236067903864936285e-02 -7.390432425524131503e-04 -7.390432425524131503e-04 -3.529623798342088579e-04 1.692383277351500756e-04
2.236067903864936285e-02 -7.390432425524131503e-04 -7.390432425524131503e-04 -3.529623798342088579e-04 1.692383277351500756e-04
2.236067903864936285e-02 -7.390432425524131503e-04 -7.390432425524131503e-04 -3.529623798342088579e-04 1.692383277351500756e-04
2.236067903864936285e-02 -7.390432425524131503e-04 -7.390432425524131503e-04 -3.529623798342088579e-04 1.692383277351500756e-04
2.236067903864936285e-02 -7.390432425524131503e-04 -7.390432425524131503e-04 -3.529623798342088579e-04 1.692383277351500756e-04
2.236067903864936285e-02 -7.390432425524131503e-04 -7.390432425524131503e-04 -3.529623798342088579e-04 1.692383277351500756e-04
2.236067903864936285e-02 -7.390432425524131503e-04 -7.390432425524131503e-04 -3.529623798342088579e-04 1.692383277351500756e-04
2.236067903864936285e-02 -7.390432425524131503e-04 -7.390432425524131503e-04 -3.529623798342088579e-04 1.692383277351500756e-04
2.236067903864936285e-02 -7.390432425524131503e-04 -7.390432425524131503e-04 -3.529623798342088579e-04 1.692383277351500756e-04
2.236067903864936285e-02 -7.390432425524131503e-04 -7.390432425524131503e-04 -3.529623798342088579e-04 1.692383277351500756e-04
2.236067903864936285e-02 -7.390432425524131503e-04 -7.390432425524131503e-04 -3.529623798342088579e-04 1.692383277351500756e-04
2.236067903864936285e-02 -7.390432425524131503e-04 -7.390432425524131503e-04 -3.529623798342088579e-04 1.692383277351500756e-04
2.236067903864936285e-02 -7.390432425524131503e-04 -7.390432425524131503e-04 -3.529623798342088579e-04 1.692383277351500756e-04
2.236067903864936285e-02 -7.390432425524131503e-04 -7.390432425524131503e-04 -3.529623798342088579e-04 1.692383277351500756e-04
2.236067903864936285e-02 -7.390432425524131503e-04 -7.390432425524131503e-04 -3.529623798342088579e-04 1.692383277351500756e-04
2.236067903864936285e-02 -7.390432425524131503e-04 -7.390432425524131503e-04 -3.529623798342088579e-04 1.692383277351500756e-04
2.236067903864936285e-02 -7.390432425524131503e-04 -7.390432425524131503e-04 -3.529623798342088579e-04 1.692383277351500756e-04
2.236067903864936285e-02 -7.390432425524131503e-04 -7.390432425524131503e-04 -3.529623798342088579e-04 1.692383277351500756e-04
2.236067903864936285e-02 -7.390432425524131503e-04 -7.390432425524131503e-04 -3.529623798342088579e-04 1.692383277351500756e-04
2.236067903864936285e-02 -7.390432425524131503e-04 -7.390432425524131503e-04 -3.529623798342088579e-04 1.692383277351500756e-04
2.236067903864936285e-02 -7.390432425524131503e-04 -7.390432425524131503e-04 -3.529623798342088579e-04 1.692383277351500756e-04
2.236067903864936285e-02 -7.390432425524131503e-04 -7.390432425524131503e-04 -3.529623798342088579e-04 1.692383277351500756e-04
2.236067903864936285e-02 -7.390432425524131503e-04 -7.390432425524131503e-04 -3.529623798342088579e-04 1.692383277351500756e-04
2.236067903864936285e-02 -7.390432425524131503e-04 -7.390432425524131503e-04 -3.529623798342088579e-04 1.692383277351500756e-04
2.236067903864936285e-02 -7.390432425524131503e-04 -7.390432425524131503e-04 -3.529623798342088579e-04 1.692383277351500756e-04
2.236067903864936285e-02 -7.390432425524131503e-04 -7.390432425524131503e-04 -3.529623798342088579e-04 1.692383277351500756e-04
2.236067903864936285e-02 -7.390432425524131503e-04 -7.390432425524131503e-04 -3.529623798342088579e-04 1.692383277351500756e-04
2.236067903864936285e-02 -7.390432425524131503e-04 -7.390432425524131503e-04 -3.529623798342088579e-04 1.692383277351500756e-04
2.236067903864936285e-02 -7.390432425524131503e-04 -7.390432425524131503e-04 -3.529623798342088579e-04 1.692383277351500756e-04
2.236067903864936285e-02 -7.390432425524131503e-04 -7.390432425524131503e-04 -3.529623798342088579e-04 1.692383277351500756e-04
2.236067903864936285e-02 -7.390432425524131503e-04 -7.390432425524131503e-04 -3.529623798342088579e-04 1.692383277351500756e-04
2.236067903864936285e-02 -7.390432425524131503e-04 -7.390432425524131503e-04 -3.529623798342088579e-04 1.692383277351500756e-04
2.236067903864936285e-02 -7.390432425524131503e-04 -7.390432425524131503e-04 -3.529623798342088579e-04 1.692383277351500756e-04
2.236067903864936285e-02 -7.390432425524131503e-04 -7.390432425524131503e-04 -3.529623798342088579e-04 1.692383277351500756e-04
2.236067903864936285e-02 -7.390432425524131503e-04 -7.390432425524131503e-04 -3.529623798342088579e-04 1.692383277351500756e-04
2.236067903864936285e-02 -7.390432425524131503e-04 -7.390432425524131503e-04 -3.529623798342088579e-04 1.692383277351500756e-04
2.236067903864936285e-02 -7.390432425524131503e-04 -7.390432425524131503e-04 -3.529623798342088579e-04 1.692383277351500756e-04
2.236067903864936285e-02 -7.390432425524131503e-04 -7.390432425524131503e-04 -3.529623798342088579e-04 1.692383277351500756e-04
2.236067903864936285e-02 -7.390432425524131503e-04 -7.390432425524131503e-04 -3.529623798342088579e-04 1.692383277351500756e-04
2.236067903864936285e-02 -7.390432425524131503e-04 -7.390432425524131503e-04 -3.529623798342088579e-04 1.692383277351500756e-04
2.236067903864936285e-02 -7.390432425524131503e-04 -7.390432425524131503e-04 -3.529623798342088579e-04 1.692383277351500756e-04
2.236067903864936285e-02 -7.390432425524131503e-04 -7.390432425524131503e-04 -3.529623798342088579e-04 1.692383277351500756e-04
2.236067903864936285e-02 -7.390432425524131503e-04 -7.390432425524131503e-04 -3.529623798342088579e-04 1.692383277351500756e-04
2.236067903864936285e-02 -7.390432425524131503e-04 -7.390432425524131503e-04 -3.529623798342088579e-04 1.692383277351500756e-04
2.236067903864936285e-02 -7.390432425524131503e-04 -7.390432425524131503e-04 -3.529623798342088579e-04 1.692383277351500756e-04
2.236067903864936285e-02 -7.390432425524131503e-04 -7.390432425524131503e-04 -3.529623798342088579e-04 1.692383277351500756e-04
2.236067903864936285e-02 -7.390432425524131503e-04 -7.390432425524131503e-04 -3.529623798342088579e-04 1.692383277351500756e-04
2.236067903864936285e-02 -7.390432425524131503e-04 -7.390432425524131503e-04 -3.529623798342088579e-04 1.692383277351500756e-04
2.236067903864936285e-02 -7.390432425524131503e-04 -7.390432425524131503e-04 -3.529623798342088579e-04 1.692383277351500756e-04
2.236067903864936285e-02 -7.390432425524131503e-04 -7.390432425524131503e-04 -3.529623798342088579e-04 1.692383277351500756e-04
2.236067903864936285e-02 -7.390432425524131503e-04 -7.390432425524131503e-04 -3.529623798342088579e-04 1.692383277351500756e-04
2.236067903864936285e-02 -7.390432425524131503e-04 -7.390432425524131503e-04 -3.529623798342088579e-04 1.692383277351500756e-04
2.236067903864936285e-02 -7.390432425524131503e-04 -7.390432425524131503e-04 -3.529623798342088579e-04 1.692383277351500756e-04
2.236067903864936285e-02 -7.390432425524131503e-04 -7.390432425524131503e-04 -3.529623798342088579e-04 1.692383277351500756e-04
2.236067903864936285e-02 -7.390432425524131503e-04 -7.390432425524131503e-04 -3.529623798342088579e-04 1.692383277351500756e-04
2.236067903864936285e-02 -7.390432425524131503e-04 -7.390432425524131503e-04 -3.529623798342088579e-04 1.692383277351500756e-04
2.236067903864936285e-02 -7.390432425524131503e-04 -7.390432425524131503e-04 -3.529623798342088579e-04 1.692383277351500756e-04
2.236067903864936285e-02 -7.390432425524131503e-04 -7.390432425524131503e-04 -3.529623798342088579e-04 1.692383277351500756e-04
2.236067903864936285e-02 -7.390432425524131503e-04 -7.390432425524131503e-04 -3.529623798342088579e-04 1.692383277351500756e-04
2.236067903864936285e-02 -7.390432425524131503e-04 -7.390432425524131503e-04 -3.529623798342088579e-04 1.692383277351500756e-04
2.236067903864936285e-02 -7.390432425524131503e-04 -7.390432425524131503e-04 -3.529623798342088579e-04 1.692383277351500756e-04
2.236067903864936285e-02 -7.390432425524131503e-04 -7.390432425524131503e-04 -3.529623798342088579e-04 1.692383277351500756e-04
2.236067903864936285e-02 -7.390432425524131503e-04 -7.390432425524131503e-04 -3.529623798342088579e-04 1.692383277351500756e-04
2.236067903864936285e-02 -7.390432425524131503e-04 -7.390432425524131503e-04 -3.529623798342088579e-04 1.692383277351500756e-04
2.236067903864936285e-02 -7.390432425524131503e-04 -7.390432425524131503e-04 -3.529623798342088579e-04 1.692383277351500756e-04
2.236067903864936285e-02 -7.390432425524131503e-04 -7.390432425524131503e-04 -3.529623798342088579e-04 1.692383277351500756e-04
2.236067903864936285e-02 -7.390432425524131503e-04 -7.390432425524131503e-04 -3.529623798342088579e-04 1.692383277351500756e-04
2.236067903864936285e-02 -7.390432425524131503e-04 -7.390432425524131503e-04 -3.529623798342088579e-04 1.692383277351500756e-04
2.236067903864936285e-02 -7.390432425524131503e-04 -7.390432425524131503e-04 -3.529623798342088579e-04 1.692383277351500756e-04
2.236067903864936285e-02 -7.390432425524131503e-04 -7.390432425524131503e-04 -3.529623798342088579e-04 1.692383277351500756e-04
2.236067903864936285e-02 -7.390432425524131503e-04 -7.390432425524131503e-04 -3.529623798342088579e-04 1.692383277351500756e-04
2.236067903864936285e-02 -7.390432425524131503e-04 -7.390432425524131503e-04 -3.529623798342088579e-04 1.692383277351500756e-04
2.236067903864936285e-02 -7.390432425524131503e-04 -7.390432425524131503e-04 -3.529623798342088579e-04 1.692383277351500756e-04
2.236067903864936285e-02 -7.390432425524131503e-04 -7.390432425524131503e-04 -3.529623798342088579e-04 1.692383277351500756e-04
2.236067903864936285e-02 -7.390432425524131503e-04 -7.390432425524131503e-04 -3.529623798342088579e-04 1.692383277351500756e-04
2.236067903864936285e-02 -7.390432425524131503e-04 -7.390432425524131503e-04 -3.529623798342088579e-04 1.692383277351500756e-04
2.236067903864936285e-02 -7.390432425524131503e-04 -7.390432425524131503e-04 -3.529623798342088579e-04 1.692383277351500756e-04
2.236067903864936285e-02 -7.390432425524131503e-04 -7.390432425524131503e-04 -3.529623798342088579e-04 1.692383277351500756e-04
2.236067903864936285e-02 -7.390432425524131503e-04 -7.390432425524131503e-04 -3.529623798342088579e-04 1.692383277351500756e-04
2.236067903864936285e-02 -7.390432425524131503e-04 -7.390432425524131503e-04 -3.529623798342088579e-04 1.692383277351500756e-04
2.236067903864936285e-02 -7.390432425524131503e-04 -7.390432425524131503e-04 -3.529623798342088579e-04 1.692383277351500756e-04
2.236067903864936285e-02 -7.390432425524131503e-04 -7.390432425524131503e-04 -3.529623798342088579e-04 1.692383277351500756e-04
2.236067903864936285e-02 -7.390432425524131503e-04 -7.390432425524131503e-04 -3.529623798342088579e-04 1.692383277351500756e-04
2.236067903864936285e-02 -7.390432425524131503e-04 -7.390432425524131503e-04 -3.529623798342088579e-04 1.692383277351500756e-04
2.236067903864936285e-02 -7.390432425524131503e-04 -7.390432425524131503e-04 -3.529623798342088579e-04 1.692383277351500756e-04
2.236067903864936285e-02 -7.390432425524131503e-04 -7.390432425524131503e-04 -3.529623798342088579e-04 1.692383277351500756e-04
2.236067903864936285e-02 -7.390432425524131503e-04 -7.390432425524131503e-04 -3.529623798342088579e-04 1.692383277351500756e-04
2.236067903864936285e-02 -7.390432425524131503e-04 -7.390432425524131503e-04 -3.529623798342088579e-04 1.692383277351500756e-04
2.236067903864936285e-02 -7.390432425524131503e-04 -7.390432425524131503e-04 -3.529623798342088579e-04 1.692383277351500756e-04
2.236067903864936285e-02 -7.390432425524131503e-04 -7.390432425524131503e-04 -3.529623798342088579e-04 1.692383277351500756e-04
2.236067903864936285e-02 -7.390432425524131503e-04 -7.390432425524131503e-04 -3.529623798342088579e-04 1.692383277351500756e-04
2.236067903864936285e-02 -7.390432425524131503e-04 -7.390432425524131503e-04 -3.529623798342088579e-04 1.692383277351500756e-04
2.236067903864936285e-02 -7.390432425524131503e-04 -7.390432425524131503e-04 -3.529623798342088579e-04 1.692383277351500756e-04
2.236067903864936285e-02 -7.390432425524131503e-04 -7.390432425524131503e-04 -3.529623798342088579e-04 1.692383277351500756e-04
2.236067903864936285e-02 -7.390432425524131503e-04 -7.390432425524131503e-04 -3.529623798342088579e-04 1.692383277351500756e-04
2.236067903864936285e-02 -7.390432425524131503e-04 -7.390432425524131503e-04 -3.529623798342088579e-04 1.692383277351500756e-04
2.236067903864936285e-02 -7.390432425524131503e-04 -7.390432425524131503e-04 -3.529623798342088579e-04 1.692383277351500756e-04
2.236067903864936285e-02 -7.390432425524131503e-04 -7.390432425524131503e-04 -3.529623798342088579e-04 1.692383277351500756e-04
2.236067903864936285e-02 -7.390432425524131503e-04 -7.390432425524131503e-04 -3.529623798342088579e-04 1.692383277351500756e-04
2.236067903864936285e-02 -7.390432425524131503e-04 -7.390432425524131503e-04 -3.529623798342088579e-04 1.692383277351500756e-04
2.236067903864936285e-02 -7.390432425524131503e-04 -7.390432425524131503e-04 -3.529623798342088579e-04 1.692383277351500756e-04
2.236067903864936285e-02 -7.390432425524131503e-04 -7.390432425524131503e-04 -3.529623798342088579e-04 1.692383277351500756e-04
2.236067903864936285e-02 -7.390432425524131503e-04 -7.390432425524131503e-04 -3.529623798342088579e-04 1.692383277351500756e-04
2.236067903864936285e-02 -7.390432425524131503e-04 -7.390432425524131503e-04 -3.529623798342088579e-04 1.692383277351500756e-04
2.236067903864936285e-02 -7.390432425524131503e-04 -7.390432425524131503e-04 -3.529623798342088579e-04 1.692383277351500756e-04
2.236067903864936285e-02 -7.390432425524131503e-04 -7.390432425524131503e-04 -3.529623798342088579e-04 1.692383277351500756e-04
2.236067903864936285e-02 -7.390432425524131503e-04 -7.390432425524131503e-04 -3.529623798342088579e-04 1.692383277351500756e-04
2.236067903864936285e-02 -7.390432425524131503e-04 -7.390432425524131503e-04 -3.529623798342088579e-04 1.692383277351500756e-04
2.236067903864936285e-02 -7.390432425524131503e-04 -7.390432425524131503e-04 -3.529623798342088579e-04 1.692383277351500756e-04
2.236067903864936285e-02 -7.390432425524131503e-04 -7.390432425524131503e-04 -3.529623798342088579e-04 1.692383277351500756e-04
2.236067903864936285e-02 -7.390432425524131503e-04 -7.390432425524131503e-04 -3.529623798342088579e-04 1.692383277351500756e-04
2.236067903864936285e-02 -7.390432425524131503e-04 -7.390432425524131503e-04 -3.529623798342088579e-04 1.692383277351500756e-04
2.236067903864936285e-02 -7.390432425524131503e-04 -7.390432425524131503e-04 -3.529623798342088579e-04 1.692383277351500756e-04
2.236067903864936285e-02 -7.390432425524131503e-04 -7.390432425524131503e-04 -3.529623798342088579e-04 1.692383277351500756e-04
2.236067903864936285e-02 -7.390432425524131503e-04 -7.390432425524131503e-04 -3.529623798342088579e-04 1.692383277351500756e-04
2.236067903864936285e-02 -7.390432425524131503e-04 -7.390432425524131503e-04 -3.529623798342088579e-04 1.692383277351500756e-04
2.236067903864936285e-02 -7.390432425524131503e-04 -7.390432425524131503e-04 -3.529623798342088579e-04 1.692383277351500756e-04
2.236067903864936285e-02 -7.390432425524131503e-04 -7.390432425524131503e-04 -3.529623798342088579e-04 1.692383277351500756e-04
2.236067903864936285e-02 -7.390432425524131503e-04 -7.390432425524131503e-04 -3.529623798342088579e-04 1.692383277351500756e-04
2.236067903864936285e-02 -7.390432425524131503e-04 -7.390432425524131503e-04 -3.529623798342088579e-04 1.692383277351500756e-04
2.236067903864936285e-02 -7.390432425524131503e-04 -7.390432425524131503e-04 -3.529623798342088579e-04 1.692383277351500756e-04
2.236067903864936285e-02 -7.390432425524131503e-04 -7.390432425524131503e-04 -3.529623798342088579e-04 1.692383277351500756e-04
2.236067903864936285e-02 -7.390432425524131503e-04 -7.390432425524131503e-04 -3.529623798342088579e-04 1.692383277351500756e-04
2.236067903864936285e-02 -7.390432425524131503e-04 -7.390432425524131503e-04 -3.529623798342088579e-04 1.692383277351500756e-04
2.236067903864936285e-02 -7.390432425524131503e-04 -7.390432425524131503e-04 -3.529623798342088579e-04 1.692383277351500756e-04
2.236067903864936285e-02 -7.390432425524131503e-04 -7.390432425524131503e-04 -3.529623798342088579e-04 1.692383277351500756e-04
2.236067903864936285e-02 -7.390432425524131503e-04 -7.390432425524131503e-04 -3.529623798342088579e-04 1.692383277351500756e-04
2.236067903864936285e-02 -7.390432425524131503e-04 -7.390432425524131503e-04 -3.529623798342088579e-04 1.692383277351500756e-04
2.236067903864936285e-02 -7.390432425524131503e-04 -7.390432425524131503e-04 -3.529623798342088579e-04 1.692383277351500756e-04
2.236067903864936285e-02 -7.390432425524131503e-04 -7.390432425524131503e-04 -3.529623798342088579e-04 1.692383277351500756e-04
2.236067903864936285e-02 -7.390432425524131503e-04 -7.390432425524131503e-04 -3.529623798342088579e-04 1.692383277351500756e-04
2.236067903864936285e-02 -7.390432425524131503e-04 -7.390432425524131503e-04 -3.529623798342088579e-04 1.692383277351500756e-04
2.236067903864936285e-02 -7.390432425524131503e-04 -7.390432425524131503e-04 -3.529623798342088579e-04 1.692383277351500756e-04
2.236067903864936285e-02 -7.390432425524131503e-04 -7.390432425524131503e-04 -3.529623798342088579e-04 1.692383277351500756e-04
2.236067903864936285e-02 -7.390432425524131503e-04 -7.390432425524131503e-04 -3.529623798342088579e-04 1.692383277351500756e-04
2.236067903864936285e-02 -7.390432425524131503e-04 -7.390432425524131503e-04 -3.529623798342088579e-04 1.692383277351500756e-04
2.236067903864936285e-02 -7.390432425524131503e-04 -7.390432425524131503e-04 -3.529623798342088579e-04 1.692383277351500756e-04
2.236067903864936285e-02 -7.390432425524131503e-04 -7.390432425524131503e-04 -3.529623798342088579e-04 1.692383277351500756e-04
2.236067903864936285e-02 -7.390432425524131503e-04 -7.390432425524131503e-04 -3.529623798342088579e-04 1.692383277351500756e-04
2.236067903864936285e-02 -7.390432425524131503e-04 -7.390432425524131503e-04 -3.529623798342088579e-04 1.692383277351500756e-04
2.236067903864936285e-02 -7.390432425524131503e-04 -7.390432425524131503e-04 -3.529623798342088579e-04 1.692383277351500756e-04
2.236067903864936285e-02 -7.390432425524131503e-04 -7.390432425524131503e-04 -3.529623798342088579e-04 1.692383277351500756e-04
2.236067903864936285e-02 -7.390432425524131503e-04 -7.390432425524131503e-04 -3.529623798342088579e-04 1.692383277351500756e-04
2.236067903864936285e-02 -7.390432425524131503e-04 -7.390432425524131503e-04 -3.529623798342088579e-04 1.692383277351500756e-04
2.236067903864936285e-02 -7.390432425524131503e-04 -7.390432425524131503e-04 -3.529623798342088579e-04 1.692383277351500756e-04
2.236067903864936285e-02 -7.390432425524131503e-04 -7.390432425524131503e-04 -3.529623798342088579e-04 1.692383277351500756e-04
2.236067903864936285e-02 -7.390432425524131503e-04 -7.390432425524131503e-04 -3.529623798342088579e-04 1.692383277351500756e-04
2.236067903864936285e-02 -7.390432425524131503e-04 -7.390432425524131503e-04 -3.529623798342088579e-04 1.692383277351500756e-04
2.236067903864936285e-02 -7.390432425524131503e-04 -7.390432425524131503e-04 -3.529623798342088579e-04 1.692383277351500756e-04
2.236067903864936285e-02 -7.390432425524131503e-04 -7.390432425524131503e-04 -3.529623798342088579e-04 1.692383277351500756e-04
2.236067903864936285e-02 -7.390432425524131503e-04 -7.390432425524131503e-04 -3.529623798342088579e-04 1.692383277351500756e-04
2.236067903864936285e-02 -7.390432425524131503e-04 -7.390432425524131503e-04 -3.529623798342088579e-04 1.692383277351500756e-04
2.236067903864936285e-02 -7.390432425524131503e-04 -7.390432425524131503e-04 -3.529623798342088579e-04 1.692383277351500756e-04
2.236067903864936285e-02 -7.390432425524131503e-04 -7.390432425524131503e-04 -3.529623798342088579e-04 1.692383277351500756e-04
2.236067903864936285e-02 -7.390432425524131503e-04 -7.390432425524131503e-04 -3.529623798342088579e-04 1.692383277351500756e-04
2.236067903864936285e-02 -7.390432425524131503e-04 -7.390432425524131503e-04 -3.529623798342088579e-04 1.692383277351500756e-04
2.236067903864936285e-02 -7.390432425524131503e-04 -7.390432425524131503e-04 -3.529623798342088579e-04 1.692383277351500756e-04
2.236067903864936285e-02 -7.390432425524131503e-04 -7.390432425524131503e-04 -3.529623798342088579e-04 1.692383277351500756e-04
2.236067903864936285e-02 -7.390432425524131503e-04 -7.390432425524131503e-04 -3.529623798342088579e-04 1.692383277351500756e-04
2.236067903864936285e-02 -7.390432425524131503e-04 -7.390432425524131503e-04 -3.529623798342088579e-04 1.692383277351500756e-04
2.236067903864936285e-02 -7.390432425524131503e-04 -7.390432425524131503e-04 -3.529623798342088579e-04 1.692383277351500756e-04
2.236067903864936285e-02 -7.390432425524131503e-04 -7.390432425524131503e-04 -3.529623798342088579e-04 1.692383277351500756e-04
2.236067903864936285e-02 -7.390432425524131503e-04 -7.390432425524131503e-04 -3.529623798342088579e-04 1.692383277351500756e-04
2.236067903864936285e-02 -7.390432425524131503e-04 -7.390432425524131503e-04 -3.529623798342088579e-04 1.692383277351500756e-04
2.236067903864936285e-02 -7.390432425524131503e-04 -7.390432425524131503e-04 -3.529623798342088579e-04 1.692383277351500756e-04
2.236067903864936285e-02 -7.390432425524131503e-04 -7.390432425524131503e-04 -3.529623798342088579e-04 1.692383277351500756e-04
2.236067903864936285e-02 -7.390432425524131503e-04 -7.390432425524131503e-04 -3.529623798342088579e-04 1.692383277351500756e-04
2.236067903864936285e-02 -7.390432425524131503e-04 -7.390432425524131503e-04 -3.529623798342088579e-04 1.692383277351500756e-04
2.236067903864936285e-02 -7.390432425524131503e-04 -7.390432425524131503e-04 -3.529623798342088579e-04 1.692383277351500756e-04
2.236067903864936285e-02 -7.390432425524131503e-04 -7.390432425524131503e-04 -3.529623798342088579e-04 1.692383277351500756e-04
2.236067903864936285e-02 -7.390432425524131503e-04 -7.390432425524131503e-04 -3.529623798342088579e-04 1.692383277351500756e-04
2.236067903864936285e-02 -7.390432425524131503e-04 -7.390432425524131503e-04 -3.529623798342088579e-04 1.692383277351500756e-04
2.236067903864936285e-02 -7.390432425524131503e-04 -7.390432425524131503e-04 -3.529623798342088579e-04 1.692383277351500756e-04
2.236067903864936285e-02 -7.390432425524131503e-04 -7.390432425524131503e-04 -3.529623798342088579e-04 1.692383277351500756e-04
2.236067903864936285e-02 -7.390432425524131503e-04 -7.390432425524131503e-04 -3.529623798342088579e-04 1.692383277351500756e-04
2.236067903864936285e-02 -7.390432425524131503e-04 -7.390432425524131503e-04 -3.529623798342088579e-04 1.692383277351500756e-04
2.236067903864936285e-02 -7.390432425524131503e-04 -7.390432425524131503e-04 -3.529623798342088579e-04 1.692383277351500756e-04
2.236067903864936285e-02 -7.390432425524131503e-04 -7.390432425524131503e-04 -3.529623798342088579e-04 1.692383277351500756e-04
2.236067903864936285e-02 -7.390432425524131503e-04 -7.390432425524131503e-04 -3.529623798342088579e-04 1.692383277351500756e-04
2.236067903864936285e-02 -7.390432425524131503e-04 -7.390432425524131503e-04 -3.529623798342088579e-04 1.692383277351500756e-04
2.236067903864936285e-02 -7.390432425524131503e-04 -7.390432425524131503e-04 -3.529623798342088579e-04 1.692383277351500756e-04
2.236067903864936285e-02 -7.390432425524131503e-04 -7.390432425524131503e-04 -3.529623798342088579e-04 1.692383277351500756e-04
2.236067903864936285e-02 -7.390432425524131503e-04 -7.390432425524131503e-04 -3.529623798342088579e-04 1.692383277351500756e-04
2.236067903864936285e-02 -7.390432425524131503e-04 -7.390432425524131503e-04 -3.529623798342088579e-04 1.692383277351500756e-04
2.236067903864936285e-02 -7.390432425524131503e-04 -7.390432425524131503e-04 -3.529623798342088579e-04 1.692383277351500756e-04
2.236067903864936285e-02 -7.390432425524131503e-04 -7.390432425524131503e-04 -3.529623798342088579e-04 1.692383277351500756e-04
2.236067903864936285e-02 -7.390432425524131503e-04 -7.390432425524131503e-04 -3.529623798342088579e-04 1.692383277351500756e-04
2.236067903864936285e-02 -7.390432425524131503e-04 -7.390432425524131503e-04 -3.529623798342088579e-04 1.692383277351500756e-04
2.236067903864936285e-02 -7.390432425524131503e-04 -7.390432425524131503e-04 -3.529623798342088579e-04 1.692383277351500756e-04
2.236067903864936285e-02 -7.390432425524131503e-04 -7.390432425524131503e-04 -3.529623798342088579e-04 1.692383277351500756e-04
2.236067903864936285e-02 -7.390432425524131503e-04 -7.390432425524131503e-04 -3.529623798342088579e-04 1.692383277351500756e-04
2.236067903864936285e-02 -7.390432425524131503e-04 -7.390432425524131503e-04 -3.529623798342088579e-04 1.692383277351500756e-04
2.236067903864936285e-02 -7.390432425524131503e-04 -7.390432425524131503e-04 -3.529623798342088579e-04 1.692383277351500756e-04
2.236067903864936285e-02 -7.390432425524131503e-04 -7.390432425524131503e-04 -3.529623798342088579e-04 1.692383277351500756e-04
2.236067903864936285e-02 -7.390432425524131503e-04 -7.390432425524131503e-04 -3.529623798342088579e-04 1.692383277351500756e-04
2.236067903864936285e-02 -7.390432425524131503e-04 -7.390432425524131503e-04 -3.529623798342088579e-04 1.692383277351500756e-04
2.236067903864936285e-02 -7.390432425524131503e-04 -7.390432425524131503e-04 -3.529623798342088579e-04 1.692383277351500756e-04
2.236067903864936285e-02 -7.390432425524131503e-04 -7.390432425524131503e-04 -3.529623798342088579e-04 1.692383277351500756e-04
2.236067903864936285e-02 -7.390432425524131503e-04 -7.390432425524131503e-04 -3.529623798342088579e-04 1.692383277351500756e-04
2.236067903864936285e-02 -7.390432425524131503e-04 -7.390432425524131503e-04 -3.529623798342088579e-04 1.692383277351500756e-04
2.236067903864936285e-02 -7.390432425524131503e-04 -7.390432425524131503e-04 -3.529623798342088579e-04 1.692383277351500756e-04
2.236067903864936285e-02 -7.390432425524131503e-04 -7.390432425524131503e-04 -3.529623798342088579e-04 1.692383277351500756e-04
2.236067903864936285e-02 -7.390432425524131503e-04 -7.390432425524131503e-04 -3.529623798342088579e-04 1.692383277351500756e-04
2.236067903864936285e-02 -7.390432425524131503e-04 -7.390432425524131503e-04 -3.529623798342088579e-04 1.692383277351500756e-04
2.236067903864936285e-02 -7.390432425524131503e-04 -7.390432425524131503e-04 -3.529623798342088579e-04 1.692383277351500756e-04
2.236067903864936285e-02 -7.390432425524131503e-04 -7.390432425524131503e-04 -3.529623798342088579e-04 1.692383277351500756e-04
2.236067903864936285e-02 -7.390432425524131503e-04 -7.390432425524131503e-04 -3.529623798342088579e-04 1.692383277351500756e-04
2.236067903864936285e-02 -7.390432425524131503e-04 -7.390432425524131503e-04 -3.529623798342088579e-04 1.692383277351500756e-04
2.236067903864936285e-02 -7.390432425524131503e-04 -7.390432425524131503e-04 -3.529623798342088579e-04 1.692383277351500756e-04
2.236067903864936285e-02 -7.390432425524131503e-04 -7.390432425524131503e-04 -3.529623798342088579e-04 1.692383277351500756e-04
2.236067903864936285e-02 -7.390432425524131503e-04 -7.390432425524131503e-04 -3.529623798342088579e-04 1.692383277351500756e-04
2.236067903864936285e-02 -7.390432425524131503e-04 -7.390432425524131503e-04 -3.529623798342088579e-04 1.692383277351500756e-04
2.236067903864936285e-02 -7.390432425524131503e-04 -7.390432425524131503e-04 -3.529623798342088579e-04 1.692383277351500756e-04
2.236067903864936285e-02 -7.390432425524131503e-04 -7.390432425524131503e-04 -3.529623798342088579e-04 1.692383277351500756e-04
2.236067903864936285e-02 -7.390432425524131503e-04 -7.390432425524131503e-04 -3.529623798342088579e-04 1.692383277351500756e-04
2.236067903864936285e-02 -7.390432425524131503e-04 -7.390432425524131503e-04 -3.529623798342088579e-04 1.692383277351500756e-04
2.236067903864936285e-02 -7.390432425524131503e-04 -7.390432425524131503e-04 -3.529623798342088579e-04 1.692383277351500756e-04
2.236067903864936285e-02 -7.390432425524131503e-04 -7.390432425524131503e-04 -3.529623798342088579e-04 1.692383277351500756e-04
2.236067903864936285e-02 -7.390432425524131503e-04 -7.390432425524131503e-04 -3.529623798342088579e-04 1.692383277351500756e-04
2.236067903864936285e-02 -7.390432425524131503e-04 -7.390432425524131503e-04 -3.529623798342088579e-04 1.692383277351500756e-04
2.236067903864936285e-02 -7.390432425524131503e-04 -7.390432425524131503e-04 -3.529623798342088579e-04 1.692383277351500756e-04
2.236067903864936285e-02 -7.390432425524131503e-04 -7.390432425524131503e-04 -3.529623798342088579e-04 1.692383277351500756e-04
2.236067903864936285e-02 -7.390432425524131503e-04 -7.390432425524131503e-04 -3.529623798342088579e-04 1.692383277351500756e-04
2.236067903864936285e-02 -7.390432425524131503e-04 -7.390432425524131503e-04 -3.529623798342088579e-04 1.692383277351500756e-04
2.236067903864936285e-02 -7.390432425524131503e-04 -7.390432425524131503e-04 -3.529623798342088579e-04 1.692383277351500756e-04
2.236067903864936285e-02 -7.390432425524131503e-04 -7.390432425524131503e-04 -3.529623798342088579e-04 1.692383277351500756e-04
2.236067903864936285e-02 -7.390432425524131503e-04 -7.390432425524131503e-04 -3.529623798342088579e-04 1.692383277351500756e-04
2.236067903864936285e-02 -7.390432425524131503e-04 -7.390432425524131503e-04 -3.529623798342088579e-04 1.692383277351500756e-04
2.236067903864936285e-02 -7.390432425524131503e-04 -7.390432425524131503e-04 -3.529623798342088579e-04 1.692383277351500756e-04
2.236067903864936285e-02 -7.390432425524131503e-04 -7.390432425524131503e-04 -3.529623798342088579e-04 1.692383277351500756e-04
2.236067903864936285e-02 -7.390432425524131503e-04 -7.390432425524131503e-04 -3.529623798342088579e-04 1.692383277351500756e-04
2.236067903864936285e-02 -7.390432425524131503e-04 -7.390432425524131503e-04 -3.529623798342088579e-04 1.692383277351500756e-04
2.236067903864936285e-02 -7.390432425524131503e-04 -7.390432425524131503e-04 -3.529623798342088579e-04 1.692383277351500756e-04
2.236067903864936285e-02 -7.390432425524131503e-04 -7.390432425524131503e-04 -3.529623798342088579e-04 1.692383277351500756e-04
2.236067903864936285e-02 -7.390432425524131503e-04 -7.390432425524131503e-04 -3.529623798342088579e-04 1.692383277351500756e-04
2.236067903864936285e-02 -7.390432425524131503e-04 -7.390432425524131503e-04 -3.529623798342088579e-04 1.692383277351500756e-04
2.236067903864936285e-02 -7.390432425524131503e-04 -7.390432425524131503e-04 -3.529623798342088579e-04 1.692383277351500756e-04
2.236067903864936285e-02 -7.390432425524131503e-04 -7.390432425524131503e-04 -3.529623798342088579e-04 1.692383277351500756e-04
2.236067903864936285e-02 -7.390432425524131503e-04 -7.390432425524131503e-04 -3.529623798342088579e-04 1.692383277351500756e-04
2.236067903864936285e-02 -7.390432425524131503e-04 -7.390432425524131503e-04 -3.529623798342088579e-04 1.692383277351500756e-04
2.236067903864936285e-02 -7.390432425524131503e-04 -7.390432425524131503e-04 -3.529623798342088579e-04 1.692383277351500756e-04
2.236067903864936285e-02 -7.390432425524131503e-04 -7.390432425524131503e-04 -3.529623798342088579e-04 1.692383277351500756e-04
2.236067903864936285e-02 -7.390432425524131503e-04 -7.390432425524131503e-04 -3.529623798342088579e-04 1.692383277351500756e-04
2.236067903864936285e-02 -7.390432425524131503e-04 -7.390432425524131503e-04 -3.529623798342088579e-04 1.692383277351500756e-04
2.236067903864936285e-02 -7.390432425524131503e-04 -7.390432425524131503e-04 -3.529623798342088579e-04 1.692383277351500756e-04
2.236067903864936285e-02 -7.390432425524131503e-04 -7.390432425524131503e-04 -3.529623798342088579e-04 1.692383277351500756e-04
2.236067903864936285e-02 -7.390432425524131503e-04 -7.390432425524131503e-04 -3.529623798342088579e-04 1.692383277351500756e-04
2.236067903864936285e-02 -7.390432425524131503e-04 -7.390432425524131503e-04 -3.529623798342088579e-04 1.692383277351500756e-04
2.236067903864936285e-02 -7.390432425524131503e-04 -7.390432425524131503e-04 -3.529623798342088579e-04 1.692383277351500756e-04
2.236067903864936285e-02 -7.390432425524131503e-04 -7.390432425524131503e-04 -3.529623798342088579e-04 1.692383277351500756e-04
2.236067903864936285e-02 -7.390432425524131503e-04 -7.390432425524131503e-04 -3.529623798342088579e-04 1.692383277351500756e-04
2.236067903864936285e-02 -7.390432425524131503e-04 -7.390432425524131503e-04 -3.529623798342088579e-04 1.692383277351500756e-04
2.236067903864936285e-02 -7.390432425524131503e-04 -7.390432425524131503e-04 -3.529623798342088579e-04 1.692383277351500756e-04
2.236067903864936285e-02 -7.390432425524131503e-04 -7.390432425524131503e-04 -3.529623798342088579e-04 1.692383277351500756e-04
2.236067903864936285e-02 -7.390432425524131503e-04 -7.390432425524131503e-04 -3.529623798342088579e-04 1.692383277351500756e-04
2.236067903864936285e-02 -7.390432425524131503e-04 -7.390432425524131503e-04 -3.529623798342088579e-04 1.692383277351500756e-04
2.236067903864936285e-02 -7.390432425524131503e-04 -7.390432425524131503e-04 -3.529623798342088579e-04 1.692383277351500756e-04
2.236067903864936285e-02 -7.390432425524131503e-04 -7.390432425524131503e-04 -3.529623798342088579e-04 1.692383277351500756e-04
2.236067903864936285e-02 -7.390432425524131503e-04 -7.390432425524131503e-04 -3.529623798342088579e-04 1.692383277351500756e-04
2.236067903864936285e-02 -7.390432425524131503e-04 -7.390432425524131503e-04 -3.529623798342088579e-04 1.692383277351500756e-04
2.236067903864936285e-02 -7.390432425524131503e-04 -7.390432425524131503e-04 -3.529623798342088579e-04 1.692383277351500756e-04
2.236067903864936285e-02 -7.390432425524131503e-04 -7.390432425524131503e-04 -3.529623798342088579e-04 1.692383277351500756e-04
2.236067903864936285e-02 -7.390432425524131503e-04 -7.390432425524131503e-04 -3.529623798342088579e-04 1.692383277351500756e-04
2.236067903864936285e-02 -7.390432425524131503e-04 -7.390432425524131503e-04 -3.529623798342088579e-04 1.692383277351500756e-04
2.236067903864936285e-02 -7.390432425524131503e-04 -7.390432425524131503e-04 -3.529623798342088579e-04 1.692383277351500756e-04
2.236067903864936285e-02 -7.390432425524131503e-04 -7.390432425524131503e-04 -3.529623798342088579e-04 1.692383277351500756e-04
2.236067903864936285e-02 -7.390432425524131503e-04 -7.390432425524131503e-04 -3.529623798342088579e-04 1.692383277351500756e-04
2.236067903864936285e-02 -7.390432425524131503e-04 -7.390432425524131503e-04 -3.529623798342088579e-04 1.692383277351500756e-04
2.236067903864936285e-02 -7.390432425524131503e-04 -7.390432425524131503e-04 -3.529623798342088579e-04 1.692383277351500756e-04
2.236067903864936285e-02 -7.390432425524131503e-04 -7.390432425524131503e-04 -3.529623798342088579e-04 1.692383277351500756e-04
2.236067903864936285e-02 -7.390432425524131503e-04 -7.390432425524131503e-04 -3.529623798342088579e-04 1.692383277351500756e-04
2.236067903864936285e-02 -7.390432425524131503e-04 -7.390432425524131503e-04 -3.529623798342088579e-04 1.692383277351500756e-04
2.236067903864936285e-02 -7.390432425524131503e-04 -7.390432425524131503e-04 -3.529623798342088579e-04 1.692383277351500756e-04
2.236067903864936285e-02 -7.390432425524131503e-04 -7.390432425524131503e-04 -3.529623798342088579e-04 1.692383277351500756e-04
2.236067903864936285e-02 -7.390432425524131503e-04 -7.390432425524131503e-04 -3.529623798342088579e-04 1.692383277351500756e-04
2.236067903864936285e-02 -7.390432425524131503e-04 -7.390432425524131503e-04 -3.529623798342088579e-04 1.692383277351500756e-04
2.236067903864936285e-02 -7.390432425524131503e-04 -7.390432425524131503e-04 -3.529623798342088579e-04 1.692383277351500756e-04
2.236067903864936285e-02 -7.390432425524131503e-04 -7.390432425524131503e-04 -3.529623798342088579e-04 1.692383277351500756e-04
2.236067903864936285e-02 -7.390432425524131503e-04 -7.390432425524131503e-04 -3.529623798342088579e-04 1.692383277351500756e-04
2.236067903864936285e-02 -7.390432425524131503e-04 -7.390432425524131503e-04 -3.529623798342088579e-04 1.692383277351500756e-04
2.236067903864936285e-02 -7.390432425524131503e-04 -7.390432425524131503e-04 -3.529623798342088579e-04 1.692383277351500756e-04
2.236067903864936285e-02 -7.390432425524131503e-04 -7.390432425524131503e-04 -3.529623798342088579e-04 1.692383277351500756e-04
2.236067903864936285e-02 -7.390432425524131503e-04 -7.390432425524131503e-04 -3.529623798342088579e-04 1.692383277351500756e-04
2.236067903864936285e-02 -7.390432425524131503e-04 -7.390432425524131503e-04 -3.529623798342088579e-04 1.692383277351500756e-04
2.236067903864936285e-02 -7.390432425524131503e-04 -7.390432425524131503e-04 -3.529623798342088579e-04 1.692383277351500756e-04
2.236067903864936285e-02 -7.390432425524131503e-04 -7.390432425524131503e-04 -3.529623798342088579e-04 1.692383277351500756e-04
2.236067903864936285e-02 -7.390432425524131503e-04 -7.390432425524131503e-04 -3.529623798342088579e-04 1.692383277351500756e-04
2.236067903864936285e-02 -7.390432425524131503e-04 -7.390432425524131503e-04 -3.529623798342088579e-04 1.692383277351500756e-04
2.236067903864936285e-02 -7.390432425524131503e-04 -7.390432425524131503e-04 -3.529623798342088579e-04 1.692383277351500756e-04
2.236067903864936285e-02 -7.390432425524131503e-04 -7.390432425524131503e-04 -3.529623798342088579e-04 1.692383277351500756e-04
2.236067903864936285e-02 -7.390432425524131503e-04 -7.390432425524131503e-04 -3.529623798342088579e-04 1.692383277351500756e-04
2.236067903864936285e-02 -7.390432425524131503e-04 -7.390432425524131503e-04 -3.529623798342088579e-04 1.692383277351500756e-04
2.236067903864936285e-02 -7.390432425524131503e-04 -7.390432425524131503e-04 -3.529623798342088579e-04 1.692383277351500756e-04
2.236067903864936285e-02 -7.390432425524131503e-04 -7.390432425524131503e-04 -3.529623798342088579e-04 1.692383277351500756e-04
2.236067903864936285e-02 -7.390432425524131503e-04 -7.390432425524131503e-04 -3.529623798342088579e-04 1.692383277351500756e-04
2.236067903864936285e-02 -7.390432425524131503e-04 -7.390432425524131503e-04 -3.529623798342088579e-04 1.692383277351500756e-04
2.236067903864936285e-02 -7.390432425524131503e-04 -7.390432425524131503e-04 -3.529623798342088579e-04 1.692383277351500756e-04
2.236067903864936285e-02 -7.390432425524131503e-04 -7.390432425524131503e-04 -3.529623798342088579e-04 1.692383277351500756e-04
2.236067903864936285e-02 -7.390432425524131503e-04 -7.390432425524131503e-04 -3.529623798342088579e-04 1.692383277351500756e-04
2.236067903864936285e-02 -7.390432425524131503e-04 -7.390432425524131503e-04 -3.529623798342088579e-04 1.692383277351500756e-04
2.236067903864936285e-02 -7.390432425524131503e-04 -7.390432425524131503e-04 -3.529623798342088579e-04 1.692383277351500756e-04
2.236067903864936285e-02 -7.390432425524131503e-04 -7.390432425524131503e-04 -3.529623798342088579e-04 1.692383277351500756e-04
2.236067903864936285e-02 -7.390432425524131503e-04 -7.390432425524131503e-04 -3.529623798342088579e-04 1.692383277351500756e-04
2.236067903864936285e-02 -7.390432425524131503e-04 -7.390432425524131503e-04 -3.529623798342088579e-04 1.692383277351500756e-04
2.236067903864936285e-02 -7.390432425524131503e-04 -7.390432425524131503e-04 -3.529623798342088579e-04 1.692383277351500756e-04
2.236067903864936285e-02 -7.390432425524131503e-04 -7.390432425524131503e-04 -3.529623798342088579e-04 1.692383277351500756e-04
2.236067903864936285e-02 -7.390432425524131503e-04 -7.390432425524131503e-04 -3.529623798342088579e-04 1.692383277351500756e-04
2.236067903864936285e-02 -7.390432425524131503e-04 -7.390432425524131503e-04 -3.529623798342088579e-04 1.692383277351500756e-04
2.236067903864936285e-02 -7.390432425524131503e-04 -7.390432425524131503e-04 -3.529623798342088579e-04 1.692383277351500756e-04
2.236067903864936285e-02 -7.390432425524131503e-04 -7.390432425524131503e-04 -3.529623798342088579e-04 1.692383277351500756e-04
2.236067903864936285e-02 -7.390432425524131503e-04 -7.390432425524131503e-04 -3.529623798342088579e-04 1.692383277351500756e-04
2.236067903864936285e-02 -7.390432425524131503e-04 -7.390432425524131503e-04 -3.529623798342088579e-04 1.692383277351500756e-04
2.236067903864936285e-02 -7.390432425524131503e-04 -7.390432425524131503e-04 -3.529623798342088579e-04 1.692383277351500756e-04
2.236067903864936285e-02 -7.390432425524131503e-04 -7.390432425524131503e-04 -3.529623798342088579e-04 1.692383277351500756e-04
2.236067903864936285e-02 -7.390432425524131503e-04 -7.390432425524131503e-04 -3.529623798342088579e-04 1.692383277351500756e-04
2.236067903864936285e-02 -7.390432425524131503e-04 -7.390432425524131503e-04 -3.529623798342088579e-04 1.692383277351500756e-04
2.236067903864936285e-02 -7.390432425524131503e-04 -7.390432425524131503e-04 -3.529623798342088579e-04 1.692383277351500756e-04
2.236067903864936285e-02 -7.390432425524131503e-04 -7.390432425524131503e-04 -3.529623798342088579e-04 1.692383277351500756e-04
2.236067903864936285e-02 -7.390432425524131503e-04 -7.390432425524131503e-04 -3.529623798342088579e-04 1.692383277351500756e-04
2.236067903864936285e-02 -7.390432425524131503e-04 -7.390432425524131503e-04 -3.529623798342088579e-04 1.692383277351500756e-04
2.236067903864936285e-02 -7.390432425524131503e-04 -7.390432425524131503e-04 -3.529623798342088579e-04 1.692383277351500756e-04
2.236067903864936285e-02 -7.390432425524131503e-04 -7.390432425524131503e-04 -3.529623798342088579e-04 1.692383277351500756e-04
2.236067903864936285e-02 -7.390432425524131503e-04 -7.390432425524131503e-04 -3.529623798342088579e-04 1.692383277351500756e-04
2.236067903864936285e-02 -7.390432425524131503e-04 -7.390432425524131503e-04 -3.529623798342088579e-04 1.692383277351500756e-04
2.236067903864936285e-02 -7.390432425524131503e-04 -7.390432425524131503e-04 -3.529623798342088579e-04 1.692383277351500756e-04
2.236067903864936285e-02 -7.390432425524131503e-04 -7.390432425524131503e-04 -3.529623798342088579e-04 1.692383277351500756e-04
2.236067903864936285e-02 -7.390432425524131503e-04 -7.390432425524131503e-04 -3.529623798342088579e-04 1.692383277351500756e-04
2.236067903864936285e-02 -7.390432425524131503e-04 -7.390432425524131503e-04 -3.529623798342088579e-04 1.692383277351500756e-04
2.236067903864936285e-02 -7.390432425524131503e-04 -7.390432425524131503e-04 -3.529623798342088579e-04 1.692383277351500756e-04
2.236067903864936285e-02 -7.390432425524131503e-04 -7.390432425524131503e-04 -3.529623798342088579e-04 1.692383277351500756e-04
2.236067903864936285e-02 -7.390432425524131503e-04 -7.390432425524131503e-04 -3.529623798342088579e-04 1.692383277351500756e-04
2.236067903864936285e-02 -7.390432425524131503e-04 -7.390432425524131503e-04 -3.529623798342088579e-04 1.692383277351500756e-04
2.236067903864936285e-02 -7.390432425524131503e-04 -7.390432425524131503e-04 -3.529623798342088579e-04 1.692383277351500756e-04
2.236067903864936285e-02 -7.390432425524131503e-04 -7.390432425524131503e-04 -3.529623798342088579e-04 1.692383277351500756e-04
2.236067903864936285e-02 -7.390432425524131503e-04 -7.390432425524131503e-04 -3.529623798342088579e-04 1.692383277351500756e-04
2.236067903864936285e-02 -7.390432425524131503e-04 -7.390432425524131503e-04 -3.529623798342088579e-04 1.692383277351500756e-04
2.236067903864936285e-02 -7.390432425524131503e-04 -7.390432425524131503e-04 -3.529623798342088579e-04 1.692383277351500756e-04
2.236067903864936285e-02 -7.390432425524131503e-04 -7.390432425524131503e-04 -3.529623798342088579e-04 1.692383277351500756e-04
2.236067903864936285e-02 -7.390432425524131503e-04 -7.390432425524131503e-04 -3.529623798342088579e-04 1.692383277351500756e-04
2.236067903864936285e-02 -7.390432425524131503e-04 -7.390432425524131503e-04 -3.529623798342088579e-04 1.692383277351500756e-04
2.236067903864936285e-02 -7.390432425524131503e-04 -7.390432425524131503e-04 -3.529623798342088579e-04 1.692383277351500756e-04
2.236067903864936285e-02 -7.390432425524131503e-04 -7.390432425524131503e-04 -3.529623798342088579e-04 1.692383277351500756e-04
2.236067903864936285e-02 -7.390432425524131503e-04 -7.390432425524131503e-04 -3.529623798342088579e-04 1.692383277351500756e-04
2.236067903864936285e-02 -7.390432425524131503e-04 -7.390432425524131503e-04 -3.529623798342088579e-04 1.692383277351500756e-04
2.236067903864936285e-02 -7.390432425524131503e-04 -7.390432425524131503e-04 -3.529623798342088579e-04 1.692383277351500756e-04
2.236067903864936285e-02 -7.390432425524131503e-04 -7.390432425524131503e-04 -3.529623798342088579e-04 1.692383277351500756e-04
2.236067903864936285e-02 -7.390432425524131503e-04 -7.390432425524131503e-04 -3.529623798342088579e-04 1.692383277351500756e-04
2.236067903864936285e-02 -7.390432425524131503e-04 -7.390432425524131503e-04 -3.529623798342088579e-04 1.692383277351500756e-04
2.236067903864936285e-02 -7.390432425524131503e-04 -7.390432425524131503e-04 -3.529623798342088579e-04 1.692383277351500756e-04
2.236067903864936285e-02 -7.390432425524131503e-04 -7.390432425524131503e-04 -3.529623798342088579e-04 1.692383277351500756e-04
2.236067903864936285e-02 -7.390432425524131503e-04 -7.390432425524131503e-04 -3.529623798342088579e-04 1.692383277351500756e-04
2.236067903864936285e-02 -7.390432425524131503e-04 -7.390432425524131503e-04 -3.529623798342088579e-04 1.692383277351500756e-04
2.236067903864936285e-02 -7.390432425524131503e-04 -7.390432425524131503e-04 -3.529623798342088579e-04 1.692383277351500756e-04
2.236067903864936285e-02 -7.390432425524131503e-04 -7.390432425524131503e-04 -3.529623798342088579e-04 1.692383277351500756e-04
2.236067903864936285e-02 -7.390432425524131503e-04 -7.390432425524131503e-04 -3.529623798342088579e-04 1.692383277351500756e-04
2.236067903864936285e-02 -7.390432425524131503e-04 -7.390432425524131503e-04 -3.529623798342088579e-04 1.692383277351500756e-04
2.236067903864936285e-02 -7.390432425524131503e-04 -7.390432425524131503e-04 -3.529623798342088579e-04 1.692383277351500756e-04
2.236067903864936285e-02 -7.390432425524131503e-04 -7.390432425524131503e-04 -3.529623798342088579e-04 1.692383277351500756e-04
2.236067903864936285e-02 -7.390432425524131503e-04 -7.390432425524131503e-04 -3.529623798342088579e-04 1.692383277351500756e-04
2.236067903864936285e-02 -7.390432425524131503e-04 -7.390432425524131503e-04 -3.529623798342088579e-04 1.692383277351500756e-04
2.236067903864936285e-02 -7.390432425524131503e-04 -7.390432425524131503e-04 -3.529623798342088579e-04 1.692383277351500756e-04
2.236067903864936285e-02 -7.390432425524131503e-04 -7.390432425524131503e-04 -3.529623798342088579e-04 1.692383277351500756e-04
2.236067903864936285e-02 -7.390432425524131503e-04 -7.390432425524131503e-04 -3.529623798342088579e-04 1.692383277351500756e-04
2.236067903864936285e-02 -7.390432425524131503e-04 -7.390432425524131503e-04 -3.529623798342088579e-04 1.692383277351500756e-04
2.236067903864936285e-02 -7.390432425524131503e-04 -7.390432425524131503e-04 -3.529623798342088579e-04 1.692383277351500756e-04
2.236067903864936285e-02 -7.390432425524131503e-04 -7.390432425524131503e-04 -3.529623798342088579e-04 1.692383277351500756e-04
2.236067903864936285e-02 -7.390432425524131503e-04 -7.390432425524131503e-04 -3.529623798342088579e-04 1.692383277351500756e-04
2.236067903864936285e-02 -7.390432425524131503e-04 -7.390432425524131503e-04 -3.529623798342088579e-04 1.692383277351500756e-04
2.236067903864936285e-02 -7.390432425524131503e-04 -7.390432425524131503e-04 -3.529623798342088579e-04 1.692383277351500756e-04
2.236067903864936285e-02 -7.390432425524131503e-04 -7.390432425524131503e-04 -3.529623798342088579e-04 1.692383277351500756e-04
2.236067903864936285e-02 -7.390432425524131503e-04 -7.390432425524131503e-04 -3.529623798342088579e-04 1.692383277351500756e-04
2.236067903864936285e-02 -7.390432425524131503e-04 -7.390432425524131503e-04 -3.529623798342088579e-04 1.692383277351500756e-04
2.236067903864936285e-02 -7.390432425524131503e-04 -7.390432425524131503e-04 -3.529623798342088579e-04 1.692383277351500756e-04
2.236067903864936285e-02 -7.390432425524131503e-04 -7.390432425524131503e-04 -3.529623798342088579e-04 1.692383277351500756e-04
2.236067903864936285e-02 -7.390432425524131503e-04 -7.390432425524131503e-04 -3.529623798342088579e-04 1.692383277351500756e-04
2.236067903864936285e-02 -7.390432425524131503e-04 -7.390432425524131503e-04 -3.529623798342088579e-04 1.692383277351500756e-04
2.236067903864936285e-02 -7.390432425524131503e-04 -7.390432425524131503e-04 -3.529623798342088579e-04 1.692383277351500756e-04
2.236067903864936285e-02 -7.390432425524131503e-04 -7.390432425524131503e-04 -3.529623798342088579e-04 1.692383277351500756e-04
2.236067903864936285e-02 -7.390432425524131503e-04 -7.390432425524131503e-04 -3.529623798342088579e-04 1.692383277351500756e-04
2.236067903864936285e-02 -7.390432425524131503e-04 -7.390432425524131503e-04 -3.529623798342088579e-04 1.692383277351500756e-04
2.236067903864936285e-02 -7.390432425524131503e-04 -7.390432425524131503e-04 -3.529623798342088579e-04 1.692383277351500756e-04
2.236067903864936285e-02 -7.390432425524131503e-04 -7.390432425524131503e-04 -3.529623798342088579e-04 1.692383277351500756e-04
2.236067903864936285e-02 -7.390432425524131503e-04 -7.390432425524131503e-04 -3.529623798342088579e-04 1.692383277351500756e-04
2.236067903864936285e-02 -7.390432425524131503e-04 -7.390432425524131503e-04 -3.529623798342088579e-04 1.692383277351500756e-04
2.236067903864936285e-02 -7.390432425524131503e-04 -7.390432425524131503e-04 -3.529623798342088579e-04 1.692383277351500756e-04
2.236067903864936285e-02 -7.390432425524131503e-04 -7.390432425524131503e-04 -3.529623798342088579e-04 1.692383277351500756e-04
2.236067903864936285e-02 -7.390432425524131503e-04 -7.390432425524131503e-04 -3.529623798342088579e-04 1.692383277351500756e-04
2.236067903864936285e-02 -7.390432425524131503e-04 -7.390432425524131503e-04 -3.529623798342088579e-04 1.692383277351500756e-04
2.236067903864936285e-02 -7.390432425524131503e-04 -7.390432425524131503e-04 -3.529623798342088579e-04 1.692383277351500756e-04
2.236067903864936285e-02 -7.390432425524131503e-04 -7.390432425524131503e-04 -3.529623798342088579e-04 1.692383277351500756e-04
2.236067903864936285e-02 -7.390432425524131503e-04 -7.390432425524131503e-04 -3.529623798342088579e-04 1.692383277351500756e-04
2.236067903864936285e-02 -7.390432425524131503e-04 -7.390432425524131503e-04 -3.529623798342088579e-04 1.692383277351500756e-04
2.236067903864936285e-02 -7.390432425524131503e-04 -7.390432425524131503e-04 -3.529623798342088579e-04 1.692383277351500756e-04
2.236067903864936285e-02 -7.390432425524131503e-04 -7.390432425524131503e-04 -3.529623798342088579e-04 1.692383277351500756e-04
2.236067903864936285e-02 -7.390432425524131503e-04 -7.390432425524131503e-04 -3.529623798342088579e-04 1.692383277351500756e-04
2.236067903864936285e-02 -7.390432425524131503e-04 -7.390432425524131503e-04 -3.529623798342088579e-04 1.692383277351500756e-04
2.236067903864936285e-02 -7.390432425524131503e-04 -7.390432425524131503e-04 -3.529623798342088579e-04 1.692383277351500756e-04
2.236067903864936285e-02 -7.390432425524131503e-04 -7.390432425524131503e-04 -3.529623798342088579e-04 1.692383277351500756e-04
2.236067903864936285e-02 -7.390432425524131503e-04 -7.390432425524131503e-04 -3.529623798342088579e-04 1.692383277351500756e-04
2.236067903864936285e-02 -7.390432425524131503e-04 -7.390432425524131503e-04 -3.529623798342088579e-04 1.692383277351500756e-04
2.236067903864936285e-02 -7.390432425524131503e-04 -7.390432425524131503e-04 -3.529623798342088579e-04 1.692383277351500756e-04
2.236067903864936285e-02 -7.390432425524131503e-04 -7.390432425524131503e-04 -3.529623798342088579e-04 1.692383277351500756e-04
2.236067903864936285e-02 -7.390432425524131503e-04 -7.390432425524131503e-04 -3.529623798342088579e-04 1.692383277351500756e-04
2.236067903864936285e-02 -7.390432425524131503e-04 -7.390432425524131503e-04 -3.529623798342088579e-04 1.692383277351500756e-04
2.236067903864936285e-02 -7.390432425524131503e-04 -7.390432425524131503e-04 -3.529623798342088579e-04 1.692383277351500756e-04
2.236067903864936285e-02 -7.390432425524131503e-04 -7.390432425524131503e-04 -3.529623798342088579e-04 1.692383277351500756e-04
2.236067903864936285e-02 -7.390432425524131503e-04 -7.390432425524131503e-04 -3.529623798342088579e-04 1.692383277351500756e-04
2.236067903864936285e-02 -7.390432425524131503e-04 -7.390432425524131503e-04 -3.529623798342088579e-04 1.692383277351500756e-04
2.236067903864936285e-02 -7.390432425524131503e-04 -7.390432425524131503e-04 -3.529623798342088579e-04 1.692383277351500756e-04
2.236067903864936285e-02 -7.390432425524131503e-04 -7.390432425524131503e-04 -3.529623798342088579e-04 1.692383277351500756e-04
2.236067903864936285e-02 -7.390432425524131503e-04 -7.390432425524131503e-04 -3.529623798342088579e-04 1.692383277351500756e-04
2.236067903864936285e-02 -7.390432425524131503e-04 -7.390432425524131503e-04 -3.529623798342088579e-04 1.692383277351500756e-04
2.236067903864936285e-02 -7.390432425524131503e-04 -7.390432425524131503e-04 -3.529623798342088579e-04 1.692383277351500756e-04
2.236067903864936285e-02 -7.390432425524131503e-04 -7.390432425524131503e-04 -3.529623798342088579e-04 1.692383277351500756e-04
2.236067903864936285e-02 -7.390432425524131503e-04 -7.390432425524131503e-04 -3.529623798342088579e-04 1.692383277351500756e-04
2.236067903864936285e-02 -7.390432425524131503e-04 -7.390432425524131503e-04 -3.529623798342088579e-04 1.692383277351500756e-04
2.236067903864936285e-02 -7.390432425524131503e-04 -7.390432425524131503e-04 -3.529623798342088579e-04 1.692383277351500756e-04
2.236067903864936285e-02 -7.390432425524131503e-04 -7.390432425524131503e-04 -3.529623798342088579e-04 1.692383277351500756e-04
2.236067903864936285e-02 -7.390432425524131503e-04 -7.390432425524131503e-04 -3.529623798342088579e-04 1.692383277351500756e-04
2.236067903864936285e-02 -7.390432425524131503e-04 -7.390432425524131503e-04 -3.529623798342088579e-04 1.692383277351500756e-04
2.236067903864936285e-02 -7.390432425524131503e-04 -7.390432425524131503e-04 -3.529623798342088579e-04 1.692383277351500756e-04
2.236067903864936285e-02 -7.390432425524131503e-04 -7.390432425524131503e-04 -3.529623798342088579e-04 1.692383277351500756e-04
2.236067903864936285e-02 -7.390432425524131503e-04 -7.390432425524131503e-04 -3.529623798342088579e-04 1.692383277351500756e-04
2.236067903864936285e-02 -7.390432425524131503e-04 -7.390432425524131503e-04 -3.529623798342088579e-04 1.692383277351500756e-04
2.236067903864936285e-02 -7.390432425524131503e-04 -7.390432425524131503e-04 -3.529623798342088579e-04 1.692383277351500756e-04
2.236067903864936285e-02 -7.390432425524131503e-04 -7.390432425524131503e-04 -3.529623798342088579e-04 1.692383277351500756e-04
2.236067903864936285e-02 -7.390432425524131503e-04 -7.390432425524131503e-04 -3.529623798342088579e-04 1.692383277351500756e-04
2.236067903864936285e-02 -7.390432425524131503e-04 -7.390432425524131503e-04 -3.529623798342088579e-04 1.692383277351500756e-04
2.236067903864936285e-02 -7.390432425524131503e-04 -7.390432425524131503e-04 -3.529623798342088579e-04 1.692383277351500756e-04
2.236067903864936285e-02 -7.390432425524131503e-04 -7.390432425524131503e-04 -3.529623798342088579e-04 1.692383277351500756e-04
2.236067903864936285e-02 -7.390432425524131503e-04 -7.390432425524131503e-04 -3.529623798342088579e-04 1.692383277351500756e-04
2.236067903864936285e-02 -7.390432425524131503e-04 -7.390432425524131503e-04 -3.529623798342088579e-04 1.692383277351500756e-04
2.236067903864936285e-02 -7.390432425524131503e-04 -7.390432425524131503e-04 -3.529623798342088579e-04 1.692383277351500756e-04
2.236067903864936285e-02 -7.390432425524131503e-04 -7.390432425524131503e-04 -3.529623798342088579e-04 1.692383277351500756e-04
2.236067903864936285e-02 -7.390432425524131503e-04 -7.390432425524131503e-04 -3.529623798342088579e-04 1.692383277351500756e-04
2.236067903864936285e-02 -7.390432425524131503e-04 -7.390432425524131503e-04 -3.529623798342088579e-04 1.692383277351500756e-04
2.236067903864936285e-02 -7.390432425524131503e-04 -7.390432425524131503e-04 -3.529623798342088579e-04 1.692383277351500756e-04
2.236067903864936285e-02 -7.390432425524131503e-04 -7.390432425524131503e-04 -3.529623798342088579e-04 1.692383277351500756e-04
2.236067903864936285e-02 -7.390432425524131503e-04 -7.390432425524131503e-04 -3.529623798342088579e-04 1.692383277351500756e-04
2.236067903864936285e-02 -7.390432425524131503e-04 -7.390432425524131503e-04 -3.529623798342088579e-04 1.692383277351500756e-04
2.236067903864936285e-02 -7.390432425524131503e-04 -7.390432425524131503e-04 -3.529623798342088579e-04 1.692383277351500756e-04
2.236067903864936285e-02 -7.390432425524131503e-04 -7.390432425524131503e-04 -3.529623798342088579e-04 1.692383277351500756e-04
2.236067903864936285e-02 -7.390432425524131503e-04 -7.390432425524131503e-04 -3.529623798342088579e-04 1.692383277351500756e-04
2.236067903864936285e-02 -7.390432425524131503e-04 -7.390432425524131503e-04 -3.529623798342088579e-04 1.692383277351500756e-04
2.236067903864936285e-02 -7.390432425524131503e-04 -7.390432425524131503e-04 -3.529623798342088579e-04 1.692383277351500756e-04
2.236067903864936285e-02 -7.390432425524131503e-04 -7.390432425524131503e-04 -3.529623798342088579e-04 1.692383277351500756e-04
2.236067903864936285e-02 -7.390432425524131503e-04 -7.390432425524131503e-04 -3.529623798342088579e-04 1.692383277351500756e-04
2.236067903864936285e-02 -7.390432425524131503e-04 -7.390432425524131503e-04 -3.529623798342088579e-04 1.692383277351500756e-04
2.236067903864936285e-02 -7.390432425524131503e-04 -7.390432425524131503e-04 -3.529623798342088579e-04 1.692383277351500756e-04
2.236067903864936285e-02 -7.390432425524131503e-04 -7.390432425524131503e-04 -3.529623798342088579e-04 1.692383277351500756e-04
2.236067903864936285e-02 -7.390432425524131503e-04 -7.390432425524131503e-04 -3.529623798342088579e-04 1.692383277351500756e-04
2.236067903864936285e-02 -7.390432425524131503e-04 -7.390432425524131503e-04 -3.529623798342088579e-04 1.692383277351500756e-04
2.236067903864936285e-02 -7.390432425524131503e-04 -7.390432425524131503e-04 -3.529623798342088579e-04 1.692383277351500756e-04
2.236067903864936285e-02 -7.390432425524131503e-04 -7.390432425524131503e-04 -3.529623798342088579e-04 1.692383277351500756e-04
2.236067903864936285e-02 -7.390432425524131503e-04 -7.390432425524131503e-04 -3.529623798342088579e-04 1.692383277351500756e-04
2.236067903864936285e-02 -7.390432425524131503e-04 -7.390432425524131503e-04 -3.529623798342088579e-04 1.692383277351500756e-04
2.236067903864936285e-02 -7.390432425524131503e-04 -7.390432425524131503e-04 -3.529623798342088579e-04 1.692383277351500756e-04
2.236067903864936285e-02 -7.390432425524131503e-04 -7.390432425524131503e-04 -3.529623798342088579e-04 1.692383277351500756e-04
2.236067903864936285e-02 -7.390432425524131503e-04 -7.390432425524131503e-04 -3.529623798342088579e-04 1.692383277351500756e-04
2.236067903864936285e-02 -7.390432425524131503e-04 -7.390432425524131503e-04 -3.529623798342088579e-04 1.692383277351500756e-04
2.236067903864936285e-02 -7.390432425524131503e-04 -7.390432425524131503e-04 -3.529623798342088579e-04 1.692383277351500756e-04
2.236067903864936285e-02 -7.390432425524131503e-04 -7.390432425524131503e-04 -3.529623798342088579e-04 1.692383277351500756e-04
2.236067903864936285e-02 -7.390432425524131503e-04 -7.390432425524131503e-04 -3.529623798342088579e-04 1.692383277351500756e-04
2.236067903864936285e-02 -7.390432425524131503e-04 -7.390432425524131503e-04 -3.529623798342088579e-04 1.692383277351500756e-04
2.236067903864936285e-02 -7.390432425524131503e-04 -7.390432425524131503e-04 -3.529623798342088579e-04 1.692383277351500756e-04
2.236067903864936285e-02 -7.390432425524131503e-04 -7.390432425524131503e-04 -3.529623798342088579e-04 1.692383277351500756e-04
2.236067903864936285e-02 -7.390432425524131503e-04 -7.390432425524131503e-04 -3.529623798342088579e-04 1.692383277351500756e-04
2.236067903864936285e-02 -7.390432425524131503e-04 -7.390432425524131503e-04 -3.529623798342088579e-04 1.692383277351500756e-04
2.236067903864936285e-02 -7.390432425524131503e-04 -7.390432425524131503e-04 -3.529623798342088579e-04 1.692383277351500756e-04
2.236067903864936285e-02 -7.390432425524131503e-04 -7.390432425524131503e-04 -3.529623798342088579e-04 1.692383277351500756e-04
2.236067903864936285e-02 -7.390432425524131503e-04 -7.390432425524131503e-04 -3.529623798342088579e-04 1.692383277351500756e-04
2.236067903864936285e-02 -7.390432425524131503e-04 -7.390432425524131503e-04 -3.529623798342088579e-04 1.692383277351500756e-04
2.236067903864936285e-02 -7.390432425524131503e-04 -7.390432425524131503e-04 -3.529623798342088579e-04 1.692383277351500756e-04
2.236067903864936285e-02 -7.390432425524131503e-04 -7.390432425524131503e-04 -3.529623798342088579e-04 1.692383277351500756e-04
2.236067903864936285e-02 -7.390432425524131503e-04 -7.390432425524131503e-04 -3.529623798342088579e-04 1.692383277351500756e-04
2.236067903864936285e-02 -7.390432425524131503e-04 -7.390432425524131503e-04 -3.529623798342088579e-04 1.692383277351500756e-04
2.236067903864936285e-02 -7.390432425524131503e-04 -7.390432425524131503e-04 -3.529623798342088579e-04 1.692383277351500756e-04
2.236067903864936285e-02 -7.390432425524131503e-04 -7.390432425524131503e-04 -3.529623798342088579e-04 1.692383277351500756e-04
2.236067903864936285e-02 -7.390432425524131503e-04 -7.390432425524131503e-04 -3.529623798342088579e-04 1.692383277351500756e-04
2.236067903864936285e-02 -7.390432425524131503e-04 -7.390432425524131503e-04 -3.529623798342088579e-04 1.692383277351500756e-04
2.236067903864936285e-02 -7.390432425524131503e-04 -7.390432425524131503e-04 -3.529623798342088579e-04 1.692383277351500756e-04
2.236067903864936285e-02 -7.390432425524131503e-04 -7.390432425524131503e-04 -3.529623798342088579e-04 1.692383277351500756e-04
2.236067903864936285e-02 -7.390432425524131503e-04 -7.390432425524131503e-04 -3.529623798342088579e-04 1.692383277351500756e-04
2.236067903864936285e-02 -7.390432425524131503e-04 -7.390432425524131503e-04 -3.529623798342088579e-04 1.692383277351500756e-04
2.236067903864936285e-02 -7.390432425524131503e-04 -7.390432425524131503e-04 -3.529623798342088579e-04 1.692383277351500756e-04
2.236067903864936285e-02 -7.390432425524131503e-04 -7.390432425524131503e-04 -3.529623798342088579e-04 1.692383277351500756e-04
2.236067903864936285e-02 -7.390432425524131503e-04 -7.390432425524131503e-04 -3.529623798342088579e-04 1.692383277351500756e-04
2.236067903864936285e-02 -7.390432425524131503e-04 -7.390432425524131503e-04 -3.529623798342088579e-04 1.692383277351500756e-04
2.236067903864936285e-02 -7.390432425524131503e-04 -7.390432425524131503e-04 -3.529623798342088579e-04 1.692383277351500756e-04
2.236067903864936285e-02 -7.390432425524131503e-04 -7.390432425524131503e-04 -3.529623798342088579e-04 1.692383277351500756e-04
2.236067903864936285e-02 -7.390432425524131503e-04 -7.390432425524131503e-04 -3.529623798342088579e-04 1.692383277351500756e-04
2.236067903864936285e-02 -7.390432425524131503e-04 -7.390432425524131503e-04 -3.529623798342088579e-04 1.692383277351500756e-04
2.236067903864936285e-02 -7.390432425524131503e-04 -7.390432425524131503e-04 -3.529623798342088579e-04 1.692383277351500756e-04
2.236067903864936285e-02 -7.390432425524131503e-04 -7.390432425524131503e-04 -3.529623798342088579e-04 1.692383277351500756e-04
2.236067903864936285e-02 -7.390432425524131503e-04 -7.390432425524131503e-04 -3.529623798342088579e-04 1.692383277351500756e-04
2.236067903864936285e-02 -7.390432425524131503e-04 -7.390432425524131503e-04 -3.529623798342088579e-04 1.692383277351500756e-04
2.236067903864936285e-02 -7.390432425524131503e-04 -7.390432425524131503e-04 -3.529623798342088579e-04 1.692383277351500756e-04
2.236067903864936285e-02 -7.390432425524131503e-04 -7.390432425524131503e-04 -3.529623798342088579e-04 1.692383277351500756e-04
2.236067903864936285e-02 -7.390432425524131503e-04 -7.390432425524131503e-04 -3.529623798342088579e-04 1.692383277351500756e-04
2.236067903864936285e-02 -7.390432425524131503e-04 -7.390432425524131503e-04 -3.529623798342088579e-04 1.692383277351500756e-04
2.236067903864936285e-02 -7.390432425524131503e-04 -7.390432425524131503e-04 -3.529623798342088579e-04 1.692383277351500756e-04
2.236067903864936285e-02 -7.390432425524131503e-04 -7.390432425524131503e-04 -3.529623798342088579e-04 1.692383277351500756e-04
2.236067903864936285e-02 -7.390432425524131503e-04 -7.390432425524131503e-04 -3.529623798342088579e-04 1.692383277351500756e-04
2.236067903864936285e-02 -7.390432425524131503e-04 -7.390432425524131503e-04 -3.529623798342088579e-04 1.692383277351500756e-04
2.236067903864936285e-02 -7.390432425524131503e-04 -7.390432425524131503e-04 -3.529623798342088579e-04 1.692383277351500756e-04
2.236067903864936285e-02 -7.390432425524131503e-04 -7.390432425524131503e-04 -3.529623798342088579e-04 1.692383277351500756e-04
2.236067903864936285e-02 -7.390432425524131503e-04 -7.390432425524131503e-04 -3.529623798342088579e-04 1.692383277351500756e-04
2.236067903864936285e-02 -7.390432425524131503e-04 -7.390432425524131503e-04 -3.529623798342088579e-04 1.692383277351500756e-04
2.236067903864936285e-02 -7.390432425524131503e-04 -7.390432425524131503e-04 -3.529623798342088579e-04 1.692383277351500756e-04
2.236067903864936285e-02 -7.390432425524131503e-04 -7.390432425524131503e-04 -3.529623798342088579e-04 1.692383277351500756e-04
2.236067903864936285e-02 -7.390432425524131503e-04 -7.390432425524131503e-04 -3.529623798342088579e-04 1.692383277351500756e-04
2.236067903864936285e-02 -7.390432425524131503e-04 -7.390432425524131503e-04 -3.529623798342088579e-04 1.692383277351500756e-04
2.236067903864936285e-02 -7.390432425524131503e-04 -7.390432425524131503e-04 -3.529623798342088579e-04 1.692383277351500756e-04
2.236067903864936285e-02 -7.390432425524131503e-04 -7.390432425524131503e-04 -3.529623798342088579e-04 1.692383277351500756e-04
2.236067903864936285e-02 -7.390432425524131503e-04 -7.390432425524131503e-04 -3.529623798342088579e-04 1.692383277351500756e-04
2.236067903864936285e-02 -7.390432425524131503e-04 -7.390432425524131503e-04 -3.529623798342088579e-04 1.692383277351500756e-04
2.236067903864936285e-02 -7.390432425524131503e-04 -7.390432425524131503e-04 -3.529623798342088579e-04 1.692383277351500756e-04
2.236067903864936285e-02 -7.390432425524131503e-04 -7.390432425524131503e-04 -3.529623798342088579e-04 1.692383277351500756e-04
2.236067903864936285e-02 -7.390432425524131503e-04 -7.390432425524131503e-04 -3.529623798342088579e-04 1.692383277351500756e-04
2.236067903864936285e-02 -7.390432425524131503e-04 -7.390432425524131503e-04 -3.529623798342088579e-04 1.692383277351500756e-04
2.236067903864936285e-02 -7.390432425524131503e-04 -7.390432425524131503e-04 -3.529623798342088579e-04 1.692383277351500756e-04
2.236067903864936285e-02 -7.390432425524131503e-04 -7.390432425524131503e-04 -3.529623798342088579e-04 1.692383277351500756e-04
2.236067903864936285e-02 -7.390432425524131503e-04 -7.390432425524131503e-04 -3.529623798342088579e-04 1.692383277351500756e-04
2.236067903864936285e-02 -7.390432425524131503e-04 -7.390432425524131503e-04 -3.529623798342088579e-04 1.692383277351500756e-04
2.236067903864936285e-02 -7.390432425524131503e-04 -7.390432425524131503e-04 -3.529623798342088579e-04 1.692383277351500756e-04
2.236067903864936285e-02 -7.390432425524131503e-04 -7.390432425524131503e-04 -3.529623798342088579e-04 1.692383277351500756e-04
2.236067903864936285e-02 -7.390432425524131503e-04 -7.390432425524131503e-04 -3.529623798342088579e-04 1.692383277351500756e-04
2.236067903864936285e-02 -7.390432425524131503e-04 -7.390432425524131503e-04 -3.529623798342088579e-04 1.692383277351500756e-04
2.236067903864936285e-02 -7.390432425524131503e-04 -7.390432425524131503e-04 -3.529623798342088579e-04 1.692383277351500756e-04
2.236067903864936285e-02 -7.390432425524131503e-04 -7.390432425524131503e-04 -3.529623798342088579e-04 1.692383277351500756e-04
2.236067903864936285e-02 -7.390432425524131503e-04 -7.390432425524131503e-04 -3.529623798342088579e-04 1.692383277351500756e-04
2.236067903864936285e-02 -7.390432425524131503e-04 -7.390432425524131503e-04 -3.529623798342088579e-04 1.692383277351500756e-04
2.236067903864936285e-02 -7.390432425524131503e-04 -7.390432425524131503e-04 -3.529623798342088579e-04 1.692383277351500756e-04
2.236067903864936285e-02 -7.390432425524131503e-04 -7.390432425524131503e-04 -3.529623798342088579e-04 1.692383277351500756e-04
2.236067903864936285e-02 -7.390432425524131503e-04 -7.390432425524131503e-04 -3.529623798342088579e-04 1.692383277351500756e-04
2.236067903864936285e-02 -7.390432425524131503e-04 -7.390432425524131503e-04 -3.529623798342088579e-04 1.692383277351500756e-04
2.236067903864936285e-02 -7.390432425524131503e-04 -7.390432425524131503e-04 -3.529623798342088579e-04 1.692383277351500756e-04
2.236067903864936285e-02 -7.390432425524131503e-04 -7.390432425524131503e-04 -3.529623798342088579e-04 1.692383277351500756e-04
2.236067903864936285e-02 -7.390432425524131503e-04 -7.390432425524131503e-04 -3.529623798342088579e-04 1.692383277351500756e-04
2.236067903864936285e-02 -7.390432425524131503e-04 -7.390432425524131503e-04 -3.529623798342088579e-04 1.692383277351500756e-04
2.236067903864936285e-02 -7.390432425524131503e-04 -7.390432425524131503e-04 -3.529623798342088579e-04 1.692383277351500756e-04
2.236067903864936285e-02 -7.390432425524131503e-04 -7.390432425524131503e-04 -3.529623798342088579e-04 1.692383277351500756e-04
2.236067903864936285e-02 -7.390432425524131503e-04 -7.390432425524131503e-04 -3.529623798342088579e-04 1.692383277351500756e-04
2.236067903864936285e-02 -7.390432425524131503e-04 -7.390432425524131503e-04 -3.529623798342088579e-04 1.692383277351500756e-04
2.236067903864936285e-02 -7.390432425524131503e-04 -7.390432425524131503e-04 -3.529623798342088579e-04 1.692383277351500756e-04
2.236067903864936285e-02 -7.390432425524131503e-04 -7.390432425524131503e-04 -3.529623798342088579e-04 1.692383277351500756e-04
2.236067903864936285e-02 -7.390432425524131503e-04 -7.390432425524131503e-04 -3.529623798342088579e-04 1.692383277351500756e-04
2.236067903864936285e-02 -7.390432425524131503e-04 -7.390432425524131503e-04 -3.529623798342088579e-04 1.692383277351500756e-04
2.236067903864936285e-02 -7.390432425524131503e-04 -7.390432425524131503e-04 -3.529623798342088579e-04 1.692383277351500756e-04
2.236067903864936285e-02 -7.390432425524131503e-04 -7.390432425524131503e-04 -3.529623798342088579e-04 1.692383277351500756e-04
2.236067903864936285e-02 -7.390432425524131503e-04 -7.390432425524131503e-04 -3.529623798342088579e-04 1.692383277351500756e-04
2.236067903864936285e-02 -7.390432425524131503e-04 -7.390432425524131503e-04 -3.529623798342088579e-04 1.692383277351500756e-04
2.236067903864936285e-02 -7.390432425524131503e-04 -7.390432425524131503e-04 -3.529623798342088579e-04 1.692383277351500756e-04
2.236067903864936285e-02 -7.390432425524131503e-04 -7.390432425524131503e-04 -3.529623798342088579e-04 1.692383277351500756e-04
2.236067903864936285e-02 -7.390432425524131503e-04 -7.390432425524131503e-04 -3.529623798342088579e-04 1.692383277351500756e-04
2.236067903864936285e-02 -7.390432425524131503e-04 -7.390432425524131503e-04 -3.529623798342088579e-04 1.692383277351500756e-04
2.236067903864936285e-02 -7.390432425524131503e-04 -7.390432425524131503e-04 -3.529623798342088579e-04 1.692383277351500756e-04
2.236067903864936285e-02 -7.390432425524131503e-04 -7.390432425524131503e-04 -3.529623798342088579e-04 1.692383277351500756e-04
2.236067903864936285e-02 -7.390432425524131503e-04 -7.390432425524131503e-04 -3.529623798342088579e-04 1.692383277351500756e-04
2.236067903864936285e-02 -7.390432425524131503e-04 -7.390432425524131503e-04 -3.529623798342088579e-04 1.692383277351500756e-04
2.236067903864936285e-02 -7.390432425524131503e-04 -7.390432425524131503e-04 -3.529623798342088579e-04 1.692383277351500756e-04
2.236067903864936285e-02 -7.390432425524131503e-04 -7.390432425524131503e-04 -3.529623798342088579e-04 1.692383277351500756e-04
2.236067903864936285e-02 -7.390432425524131503e-04 -7.390432425524131503e-04 -3.529623798342088579e-04 1.692383277351500756e-04
2.236067903864936285e-02 -7.390432425524131503e-04 -7.390432425524131503e-04 -3.529623798342088579e-04 1.692383277351500756e-04
2.236067903864936285e-02 -7.390432425524131503e-04 -7.390432425524131503e-04 -3.529623798342088579e-04 1.692383277351500756e-04
2.236067903864936285e-02 -7.390432425524131503e-04 -7.390432425524131503e-04 -3.529623798342088579e-04 1.692383277351500756e-04
2.236067903864936285e-02 -7.390432425524131503e-04 -7.390432425524131503e-04 -3.529623798342088579e-04 1.692383277351500756e-04
2.236067903864936285e-02 -7.390432425524131503e-04 -7.390432425524131503e-04 -3.529623798342088579e-04 1.692383277351500756e-04
2.236067903864936285e-02 -7.390432425524131503e-04 -7.390432425524131503e-04 -3.529623798342088579e-04 1.692383277351500756e-04
2.236067903864936285e-02 -7.390432425524131503e-04 -7.390432425524131503e-04 -3.529623798342088579e-04 1.692383277351500756e-04
2.236067903864936285e-02 -7.390432425524131503e-04 -7.390432425524131503e-04 -3.529623798342088579e-04 1.692383277351500756e-04
2.236067903864936285e-02 -7.390432425524131503e-04 -7.390432425524131503e-04 -3.529623798342088579e-04 1.692383277351500756e-04
2.236067903864936285e-02 -7.390432425524131503e-04 -7.390432425524131503e-04 -3.529623798342088579e-04 1.692383277351500756e-04
2.236067903864936285e-02 -7.390432425524131503e-04 -7.390432425524131503e-04 -3.529623798342088579e-04 1.692383277351500756e-04
2.236067903864936285e-02 -7.390432425524131503e-04 -7.390432425524131503e-04 -3.529623798342088579e-04 1.692383277351500756e-04
2.236067903864936285e-02 -7.390432425524131503e-04 -7.390432425524131503e-04 -3.529623798342088579e-04 1.692383277351500756e-04
2.236067903864936285e-02 -7.390432425524131503e-04 -7.390432425524131503e-04 -3.529623798342088579e-04 1.692383277351500756e-04
2.236067903864936285e-02 -7.390432425524131503e-04 -7.390432425524131503e-04 -3.529623798342088579e-04 1.692383277351500756e-04
2.236067903864936285e-02 -7.390432425524131503e-04 -7.390432425524131503e-04 -3.529623798342088579e-04 1.692383277351500756e-04
2.236067903864936285e-02 -7.390432425524131503e-04 -7.390432425524131503e-04 -3.529623798342088579e-04 1.692383277351500756e-04
2.236067903864936285e-02 -7.390432425524131503e-04 -7.390432425524131503e-04 -3.529623798342088579e-04 1.692383277351500756e-04
2.236067903864936285e-02 -7.390432425524131503e-04 -7.390432425524131503e-04 -3.529623798342088579e-04 1.692383277351500756e-04
2.236067903864936285e-02 -7.390432425524131503e-04 -7.390432425524131503e-04 -3.529623798342088579e-04 1.692383277351500756e-04
2.236067903864936285e-02 -7.390432425524131503e-04 -7.390432425524131503e-04 -3.529623798342088579e-04 1.692383277351500756e-04
2.236067903864936285e-02 -7.390432425524131503e-04 -7.390432425524131503e-04 -3.529623798342088579e-04 1.692383277351500756e-04
2.236067903864936285e-02 -7.390432425524131503e-04 -7.390432425524131503e-04 -3.529623798342088579e-04 1.692383277351500756e-04
2.236067903864936285e-02 -7.390432425524131503e-04 -7.390432425524131503e-04 -3.529623798342088579e-04 1.692383277351500756e-04
2.236067903864936285e-02 -7.390432425524131503e-04 -7.390432425524131503e-04 -3.529623798342088579e-04 1.692383277351500756e-04
2.236067903864936285e-02 -7.390432425524131503e-04 -7.390432425524131503e-04 -3.529623798342088579e-04 1.692383277351500756e-04
2.236067903864936285e-02 -7.390432425524131503e-04 -7.390432425524131503e-04 -3.529623798342088579e-04 1.692383277351500756e-04
2.236067903864936285e-02 -7.390432425524131503e-04 -7.390432425524131503e-04 -3.529623798342088579e-04 1.692383277351500756e-04
2.236067903864936285e-02 -7.390432425524131503e-04 -7.390432425524131503e-04 -3.529623798342088579e-04 1.692383277351500756e-04
2.236067903864936285e-02 -7.390432425524131503e-04 -7.390432425524131503e-04 -3.529623798342088579e-04 1.692383277351500756e-04
2.236067903864936285e-02 -7.390432425524131503e-04 -7.390432425524131503e-04 -3.529623798342088579e-04 1.692383277351500756e-04
2.236067903864936285e-02 -7.390432425524131503e-04 -7.390432425524131503e-04 -3.529623798342088579e-04 1.692383277351500756e-04
2.236067903864936285e-02 -7.390432425524131503e-04 -7.390432425524131503e-04 -3.529623798342088579e-04 1.692383277351500756e-04
2.236067903864936285e-02 -7.390432425524131503e-04 -7.390432425524131503e-04 -3.529623798342088579e-04 1.692383277351500756e-04
2.236067903864936285e-02 -7.390432425524131503e-04 -7.390432425524131503e-04 -3.529623798342088579e-04 1.692383277351500756e-04
2.236067903864936285e-02 -7.390432425524131503e-04 -7.390432425524131503e-04 -3.529623798342088579e-04 1.692383277351500756e-04
2.236067903864936285e-02 -7.390432425524131503e-04 -7.390432425524131503e-04 -3.529623798342088579e-04 1.692383277351500756e-04
2.236067903864936285e-02 -7.390432425524131503e-04 -7.390432425524131503e-04 -3.529623798342088579e-04 1.692383277351500756e-04
2.236067903864936285e-02 -7.390432425524131503e-04 -7.390432425524131503e-04 -3.529623798342088579e-04 1.692383277351500756e-04
2.236067903864936285e-02 -7.390432425524131503e-04 -7.390432425524131503e-04 -3.529623798342088579e-04 1.692383277351500756e-04
2.236067903864936285e-02 -7.390432425524131503e-04 -7.390432425524131503e-04 -3.529623798342088579e-04 1.692383277351500756e-04
2.236067903864936285e-02 -7.390432425524131503e-04 -7.390432425524131503e-04 -3.529623798342088579e-04 1.692383277351500756e-04
2.236067903864936285e-02 -7.390432425524131503e-04 -7.390432425524131503e-04 -3.529623798342088579e-04 1.692383277351500756e-04
2.236067903864936285e-02 -7.390432425524131503e-04 -7.390432425524131503e-04 -3.529623798342088579e-04 1.692383277351500756e-04
2.236067903864936285e-02 -7.390432425524131503e-04 -7.390432425524131503e-04 -3.529623798342088579e-04 1.692383277351500756e-04
2.236067903864936285e-02 -7.390432425524131503e-04 -7.390432425524131503e-04 -3.529623798342088579e-04 1.692383277351500756e-04
2.236067903864936285e-02 -7.390432425524131503e-04 -7.390432425524131503e-04 -3.529623798342088579e-04 1.692383277351500756e-04
2.236067903864936285e-02 -7.390432425524131503e-04 -7.390432425524131503e-04 -3.529623798342088579e-04 1.692383277351500756e-04
2.236067903864936285e-02 -7.390432425524131503e-04 -7.390432425524131503e-04 -3.529623798342088579e-04 1.692383277351500756e-04
2.236067903864936285e-02 -7.390432425524131503e-04 -7.390432425524131503e-04 -3.529623798342088579e-04 1.692383277351500756e-04
2.236067903864936285e-02 -7.390432425524131503e-04 -7.390432425524131503e-04 -3.529623798342088579e-04 1.692383277351500756e-04
2.236067903864936285e-02 -7.390432425524131503e-04 -7.390432425524131503e-04 -3.529623798342088579e-04 1.692383277351500756e-04
2.236067903864936285e-02 -7.390432425524131503e-04 -7.390432425524131503e-04 -3.529623798342088579e-04 1.692383277351500756e-04
2.236067903864936285e-02 -7.390432425524131503e-04 -7.390432425524131503e-04 -3.529623798342088579e-04 1.692383277351500756e-04
2.236067903864936285e-02 -7.390432425524131503e-04 -7.390432425524131503e-04 -3.529623798342088579e-04 1.692383277351500756e-04
2.236067903864936285e-02 -7.390432425524131503e-04 -7.390432425524131503e-04 -3.529623798342088579e-04 1.692383277351500756e-04
2.236067903864936285e-02 -7.390432425524131503e-04 -7.390432425524131503e-04 -3.529623798342088579e-04 1.692383277351500756e-04
2.236067903864936285e-02 -7.390432425524131503e-04 -7.390432425524131503e-04 -3.529623798342088579e-04 1.692383277351500756e-04
2.236067903864936285e-02 -7.390432425524131503e-04 -7.390432425524131503e-04 -3.529623798342088579e-04 1.692383277351500756e-04
2.236067903864936285e-02 -7.390432425524131503e-04 -7.390432425524131503e-04 -3.529623798342088579e-04 1.692383277351500756e-04
2.236067903864936285e-02 -7.390432425524131503e-04 -7.390432425524131503e-04 -3.529623798342088579e-04 1.692383277351500756e-04
2.236067903864936285e-02 -7.390432425524131503e-04 -7.390432425524131503e-04 -3.529623798342088579e-04 1.692383277351500756e-04
2.236067903864936285e-02 -7.390432425524131503e-04 -7.390432425524131503e-04 -3.529623798342088579e-04 1.692383277351500756e-04
2.236067903864936285e-02 -7.390432425524131503e-04 -7.390432425524131503e-04 -3.529623798342088579e-04 1.692383277351500756e-04
2.236067903864936285e-02 -7.390432425524131503e-04 -7.390432425524131503e-04 -3.529623798342088579e-04 1.692383277351500756e-04
2.236067903864936285e-02 -7.390432425524131503e-04 -7.390432425524131503e-04 -3.529623798342088579e-04 1.692383277351500756e-04
2.236067903864936285e-02 -7.390432425524131503e-04 -7.390432425524131503e-04 -3.529623798342088579e-04 1.692383277351500756e-04
2.236067903864936285e-02 -7.390432425524131503e-04 -7.390432425524131503e-04 -3.529623798342088579e-04 1.692383277351500756e-04
2.236067903864936285e-02 -7.390432425524131503e-04 -7.390432425524131503e-04 -3.529623798342088579e-04 1.692383277351500756e-04
2.236067903864936285e-02 -7.390432425524131503e-04 -7.390432425524131503e-04 -3.529623798342088579e-04 1.692383277351500756e-04
2.236067903864936285e-02 -7.390432425524131503e-04 -7.390432425524131503e-04 -3.529623798342088579e-04 1.692383277351500756e-04
2.236067903864936285e-02 -7.390432425524131503e-04 -7.390432425524131503e-04 -3.529623798342088579e-04 1.692383277351500756e-04
2.236067903864936285e-02 -7.390432425524131503e-04 -7.390432425524131503e-04 -3.529623798342088579e-04 1.692383277351500756e-04
2.236067903864936285e-02 -7.390432425524131503e-04 -7.390432425524131503e-04 -3.529623798342088579e-04 1.692383277351500756e-04
2.236067903864936285e-02 -7.390432425524131503e-04 -7.390432425524131503e-04 -3.529623798342088579e-04 1.692383277351500756e-04
2.236067903864936285e-02 -7.390432425524131503e-04 -7.390432425524131503e-04 -3.529623798342088579e-04 1.692383277351500756e-04
2.236067903864936285e-02 -7.390432425524131503e-04 -7.390432425524131503e-04 -3.529623798342088579e-04 1.692383277351500756e-04
2.236067903864936285e-02 -7.390432425524131503e-04 -7.390432425524131503e-04 -3.529623798342088579e-04 1.692383277351500756e-04
2.236067903864936285e-02 -7.390432425524131503e-04 -7.390432425524131503e-04 -3.529623798342088579e-04 1.692383277351500756e-04
2.236067903864936285e-02 -7.390432425524131503e-04 -7.390432425524131503e-04 -3.529623798342088579e-04 1.692383277351500756e-04
2.236067903864936285e-02 -7.390432425524131503e-04 -7.390432425524131503e-04 -3.529623798342088579e-04 1.692383277351500756e-04
2.236067903864936285e-02 -7.390432425524131503e-04 -7.390432425524131503e-04 -3.529623798342088579e-04 1.692383277351500756e-04
2.236067903864936285e-02 -7.390432425524131503e-04 -7.390432425524131503e-04 -3.529623798342088579e-04 1.692383277351500756e-04
2.236067903864936285e-02 -7.390432425524131503e-04 -7.390432425524131503e-04 -3.529623798342088579e-04 1.692383277351500756e-04
2.236067903864936285e-02 -7.390432425524131503e-04 -7.390432425524131503e-04 -3.529623798342088579e-04 1.692383277351500756e-04
2.236067903864936285e-02 -7.390432425524131503e-04 -7.390432425524131503e-04 -3.529623798342088579e-04 1.692383277351500756e-04
2.236067903864936285e-02 -7.390432425524131503e-04 -7.390432425524131503e-04 -3.529623798342088579e-04 1.692383277351500756e-04
2.236067903864936285e-02 -7.390432425524131503e-04 -7.390432425524131503e-04 -3.529623798342088579e-04 1.692383277351500756e-04
2.236067903864936285e-02 -7.390432425524131503e-04 -7.390432425524131503e-04 -3.529623798342088579e-04 1.692383277351500756e-04
2.236067903864936285e-02 -7.390432425524131503e-04 -7.390432425524131503e-04 -3.529623798342088579e-04 1.692383277351500756e-04
2.236067903864936285e-02 -7.390432425524131503e-04 -7.390432425524131503e-04 -3.529623798342088579e-04 1.692383277351500756e-04
2.236067903864936285e-02 -7.390432425524131503e-04 -7.390432425524131503e-04 -3.529623798342088579e-04 1.692383277351500756e-04
2.236067903864936285e-02 -7.390432425524131503e-04 -7.390432425524131503e-04 -3.529623798342088579e-04 1.692383277351500756e-04
2.236067903864936285e-02 -7.390432425524131503e-04 -7.390432425524131503e-04 -3.529623798342088579e-04 1.692383277351500756e-04
2.236067903864936285e-02 -7.390432425524131503e-04 -7.390432425524131503e-04 -3.529623798342088579e-04 1.692383277351500756e-04
2.236067903864936285e-02 -7.390432425524131503e-04 -7.390432425524131503e-04 -3.529623798342088579e-04 1.692383277351500756e-04
2.236067903864936285e-02 -7.390432425524131503e-04 -7.390432425524131503e-04 -3.529623798342088579e-04 1.692383277351500756e-04
2.236067903864936285e-02 -7.390432425524131503e-04 -7.390432425524131503e-04 -3.529623798342088579e-04 1.692383277351500756e-04
2.236067903864936285e-02 -7.390432425524131503e-04 -7.390432425524131503e-04 -3.529623798342088579e-04 1.692383277351500756e-04
2.236067903864936285e-02 -7.390432425524131503e-04 -7.390432425524131503e-04 -3.529623798342088579e-04 1.692383277351500756e-04
2.236067903864936285e-02 -7.390432425524131503e-04 -7.390432425524131503e-04 -3.529623798342088579e-04 1.692383277351500756e-04
2.236067903864936285e-02 -7.390432425524131503e-04 -7.390432425524131503e-04 -3.529623798342088579e-04 1.692383277351500756e-04
2.236067903864936285e-02 -7.390432425524131503e-04 -7.390432425524131503e-04 -3.529623798342088579e-04 1.692383277351500756e-04
2.236067903864936285e-02 -7.390432425524131503e-04 -7.390432425524131503e-04 -3.529623798342088579e-04 1.692383277351500756e-04
2.236067903864936285e-02 -7.390432425524131503e-04 -7.390432425524131503e-04 -3.529623798342088579e-04 1.692383277351500756e-04
2.236067903864936285e-02 -7.390432425524131503e-04 -7.390432425524131503e-04 -3.529623798342088579e-04 1.692383277351500756e-04
2.236067903864936285e-02 -7.390432425524131503e-04 -7.390432425524131503e-04 -3.529623798342088579e-04 1.692383277351500756e-04
2.236067903864936285e-02 -7.390432425524131503e-04 -7.390432425524131503e-04 -3.529623798342088579e-04 1.692383277351500756e-04
2.236067903864936285e-02 -7.390432425524131503e-04 -7.390432425524131503e-04 -3.529623798342088579e-04 1.692383277351500756e-04
2.236067903864936285e-02 -7.390432425524131503e-04 -7.390432425524131503e-04 -3.529623798342088579e-04 1.692383277351500756e-04
2.236067903864936285e-02 -7.390432425524131503e-04 -7.390432425524131503e-04 -3.529623798342088579e-04 1.692383277351500756e-04
2.236067903864936285e-02 -7.390432425524131503e-04 -7.390432425524131503e-04 -3.529623798342088579e-04 1.692383277351500756e-04
2.236067903864936285e-02 -7.390432425524131503e-04 -7.390432425524131503e-04 -3.529623798342088579e-04 1.692383277351500756e-04
2.236067903864936285e-02 -7.390432425524131503e-04 -7.390432425524131503e-04 -3.529623798342088579e-04 1.692383277351500756e-04
2.236067903864936285e-02 -7.390432425524131503e-04 -7.390432425524131503e-04 -3.529623798342088579e-04 1.692383277351500756e-04
2.236067903864936285e-02 -7.390432425524131503e-04 -7.390432425524131503e-04 -3.529623798342088579e-04 1.692383277351500756e-04
2.236067903864936285e-02 -7.390432425524131503e-04 -7.390432425524131503e-04 -3.529623798342088579e-04 1.692383277351500756e-04
2.236067903864936285e-02 -7.390432425524131503e-04 -7.390432425524131503e-04 -3.529623798342088579e-04 1.692383277351500756e-04
2.236067903864936285e-02 -7.390432425524131503e-04 -7.390432425524131503e-04 -3.529623798342088579e-04 1.692383277351500756e-04
2.236067903864936285e-02 -7.390432425524131503e-04 -7.390432425524131503e-04 -3.529623798342088579e-04 1.692383277351500756e-04
2.236067903864936285e-02 -7.390432425524131503e-04 -7.390432425524131503e-04 -3.529623798342088579e-04 1.692383277351500756e-04
2.236067903864936285e-02 -7.390432425524131503e-04 -7.390432425524131503e-04 -3.529623798342088579e-04 1.692383277351500756e-04
2.236067903864936285e-02 -7.390432425524131503e-04 -7.390432425524131503e-04 -3.529623798342088579e-04 1.692383277351500756e-04
2.236067903864936285e-02 -7.390432425524131503e-04 -7.390432425524131503e-04 -3.529623798342088579e-04 1.692383277351500756e-04
2.236067903864936285e-02 -7.390432425524131503e-04 -7.390432425524131503e-04 -3.529623798342088579e-04 1.692383277351500756e-04
2.236067903864936285e-02 -7.390432425524131503e-04 -7.390432425524131503e-04 -3.529623798342088579e-04 1.692383277351500756e-04
2.236067903864936285e-02 -7.390432425524131503e-04 -7.390432425524131503e-04 -3.529623798342088579e-04 1.692383277351500756e-04
2.236067903864936285e-02 -7.390432425524131503e-04 -7.390432425524131503e-04 -3.529623798342088579e-04 1.692383277351500756e-04
2.236067903864936285e-02 -7.390432425524131503e-04 -7.390432425524131503e-04 -3.529623798342088579e-04 1.692383277351500756e-04
2.236067903864936285e-02 -7.390432425524131503e-04 -7.390432425524131503e-04 -3.529623798342088579e-04 1.692383277351500756e-04
2.236067903864936285e-02 -7.390432425524131503e-04 -7.390432425524131503e-04 -3.529623798342088579e-04 1.692383277351500756e-04
2.236067903864936285e-02 -7.390432425524131503e-04 -7.390432425524131503e-04 -3.529623798342088579e-04 1.692383277351500756e-04
2.236067903864936285e-02 -7.390432425524131503e-04 -7.390432425524131503e-04 -3.529623798342088579e-04 1.692383277351500756e-04
2.236067903864936285e-02 -7.390432425524131503e-04 -7.390432425524131503e-04 -3.529623798342088579e-04 1.692383277351500756e-04
2.236067903864936285e-02 -7.390432425524131503e-04 -7.390432425524131503e-04 -3.529623798342088579e-04 1.692383277351500756e-04
2.236067903864936285e-02 -7.390432425524131503e-04 -7.390432425524131503e-04 -3.529623798342088579e-04 1.692383277351500756e-04
2.236067903864936285e-02 -7.390432425524131503e-04 -7.390432425524131503e-04 -3.529623798342088579e-04 1.692383277351500756e-04
2.236067903864936285e-02 -7.390432425524131503e-04 -7.390432425524131503e-04 -3.529623798342088579e-04 1.692383277351500756e-04
2.236067903864936285e-02 -7.390432425524131503e-04 -7.390432425524131503e-04 -3.529623798342088579e-04 1.692383277351500756e-04
2.236067903864936285e-02 -7.390432425524131503e-04 -7.390432425524131503e-04 -3.529623798342088579e-04 1.692383277351500756e-04
2.236067903864936285e-02 -7.390432425524131503e-04 -7.390432425524131503e-04 -3.529623798342088579e-04 1.692383277351500756e-04
2.236067903864936285e-02 -7.390432425524131503e-04 -7.390432425524131503e-04 -3.529623798342088579e-04 1.692383277351500756e-04
2.236067903864936285e-02 -7.390432425524131503e-04 -7.390432425524131503e-04 -3.529623798342088579e-04 1.692383277351500756e-04
2.236067903864936285e-02 -7.390432425524131503e-04 -7.390432425524131503e-04 -3.529623798342088579e-04 1.692383277351500756e-04
2.236067903864936285e-02 -7.390432425524131503e-04 -7.390432425524131503e-04 -3.529623798342088579e-04 1.692383277351500756e-04
2.236067903864936285e-02 -7.390432425524131503e-04 -7.390432425524131503e-04 -3.529623798342088579e-04 1.692383277351500756e-04
2.236067903864936285e-02 -7.390432425524131503e-04 -7.390432425524131503e-04 -3.529623798342088579e-04 1.692383277351500756e-04
2.236067903864936285e-02 -7.390432425524131503e-04 -7.390432425524131503e-04 -3.529623798342088579e-04 1.692383277351500756e-04
2.236067903864936285e-02 -7.390432425524131503e-04 -7.390432425524131503e-04 -3.529623798342088579e-04 1.692383277351500756e-04
2.236067903864936285e-02 -7.390432425524131503e-04 -7.390432425524131503e-04 -3.529623798342088579e-04 1.692383277351500756e-04
2.236067903864936285e-02 -7.390432425524131503e-04 -7.390432425524131503e-04 -3.529623798342088579e-04 1.692383277351500756e-04
2.236067903864936285e-02 -7.390432425524131503e-04 -7.390432425524131503e-04 -3.529623798342088579e-04 1.692383277351500756e-04
2.236067903864936285e-02 -7.390432425524131503e-04 -7.390432425524131503e-04 -3.529623798342088579e-04 1.692383277351500756e-04
2.236067903864936285e-02 -7.390432425524131503e-04 -7.390432425524131503e-04 -3.529623798342088579e-04 1.692383277351500756e-04
2.236067903864936285e-02 -7.390432425524131503e-04 -7.390432425524131503e-04 -3.529623798342088579e-04 1.692383277351500756e-04
2.236067903864936285e-02 -7.390432425524131503e-04 -7.390432425524131503e-04 -3.529623798342088579e-04 1.692383277351500756e-04
2.236067903864936285e-02 -7.390432425524131503e-04 -7.390432425524131503e-04 -3.529623798342088579e-04 1.692383277351500756e-04
2.236067903864936285e-02 -7.390432425524131503e-04 -7.390432425524131503e-04 -3.529623798342088579e-04 1.692383277351500756e-04
2.236067903864936285e-02 -7.390432425524131503e-04 -7.390432425524131503e-04 -3.529623798342088579e-04 1.692383277351500756e-04
2.236067903864936285e-02 -7.390432425524131503e-04 -7.390432425524131503e-04 -3.529623798342088579e-04 1.692383277351500756e-04
2.236067903864936285e-02 -7.390432425524131503e-04 -7.390432425524131503e-04 -3.529623798342088579e-04 1.692383277351500756e-04
2.236067903864936285e-02 -7.390432425524131503e-04 -7.390432425524131503e-04 -3.529623798342088579e-04 1.692383277351500756e-04
2.236067903864936285e-02 -7.390432425524131503e-04 -7.390432425524131503e-04 -3.529623798342088579e-04 1.692383277351500756e-04
2.236067903864936285e-02 -7.390432425524131503e-04 -7.390432425524131503e-04 -3.529623798342088579e-04 1.692383277351500756e-04
2.236067903864936285e-02 -7.390432425524131503e-04 -7.390432425524131503e-04 -3.529623798342088579e-04 1.692383277351500756e-04
2.236067903864936285e-02 -7.390432425524131503e-04 -7.390432425524131503e-04 -3.529623798342088579e-04 1.692383277351500756e-04
2.236067903864936285e-02 -7.390432425524131503e-04 -7.390432425524131503e-04 -3.529623798342088579e-04 1.692383277351500756e-04
2.236067903864936285e-02 -7.390432425524131503e-04 -7.390432425524131503e-04 -3.529623798342088579e-04 1.692383277351500756e-04
2.236067903864936285e-02 -7.390432425524131503e-04 -7.390432425524131503e-04 -3.529623798342088579e-04 1.692383277351500756e-04
2.236067903864936285e-02 -7.390432425524131503e-04 -7.390432425524131503e-04 -3.529623798342088579e-04 1.692383277351500756e-04
2.236067903864936285e-02 -7.390432425524131503e-04 -7.390432425524131503e-04 -3.529623798342088579e-04 1.692383277351500756e-04
2.236067903864936285e-02 -7.390432425524131503e-04 -7.390432425524131503e-04 -3.529623798342088579e-04 1.692383277351500756e-04
2.236067903864936285e-02 -7.390432425524131503e-04 -7.390432425524131503e-04 -3.529623798342088579e-04 1.692383277351500756e-04
2.236067903864936285e-02 -7.390432425524131503e-04 -7.390432425524131503e-04 -3.529623798342088579e-04 1.692383277351500756e-04
2.236067903864936285e-02 -7.390432425524131503e-04 -7.390432425524131503e-04 -3.529623798342088579e-04 1.692383277351500756e-04
2.236067903864936285e-02 -7.390432425524131503e-04 -7.390432425524131503e-04 -3.529623798342088579e-04 1.692383277351500756e-04
2.236067903864936285e-02 -7.390432425524131503e-04 -7.390432425524131503e-04 -3.529623798342088579e-04 1.692383277351500756e-04
2.236067903864936285e-02 -7.390432425524131503e-04 -7.390432425524131503e-04 -3.529623798342088579e-04 1.692383277351500756e-04
2.236067903864936285e-02 -7.390432425524131503e-04 -7.390432425524131503e-04 -3.529623798342088579e-04 1.692383277351500756e-04
2.236067903864936285e-02 -7.390432425524131503e-04 -7.390432425524131503e-04 -3.529623798342088579e-04 1.692383277351500756e-04
2.236067903864936285e-02 -7.390432425524131503e-04 -7.390432425524131503e-04 -3.529623798342088579e-04 1.692383277351500756e-04
2.236067903864936285e-02 -7.390432425524131503e-04 -7.390432425524131503e-04 -3.529623798342088579e-04 1.692383277351500756e-04
2.236067903864936285e-02 -7.390432425524131503e-04 -7.390432425524131503e-04 -3.529623798342088579e-04 1.692383277351500756e-04
2.236067903864936285e-02 -7.390432425524131503e-04 -7.390432425524131503e-04 -3.529623798342088579e-04 1.692383277351500756e-04
2.236067903864936285e-02 -7.390432425524131503e-04 -7.390432425524131503e-04 -3.529623798342088579e-04 1.692383277351500756e-04
2.236067903864936285e-02 -7.390432425524131503e-04 -7.390432425524131503e-04 -3.529623798342088579e-04 1.692383277351500756e-04
2.236067903864936285e-02 -7.390432425524131503e-04 -7.390432425524131503e-04 -3.529623798342088579e-04 1.692383277351500756e-04
2.236067903864936285e-02 -7.390432425524131503e-04 -7.390432425524131503e-04 -3.529623798342088579e-04 1.692383277351500756e-04
2.236067903864936285e-02 -7.390432425524131503e-04 -7.390432425524131503e-04 -3.529623798342088579e-04 1.692383277351500756e-04
2.236067903864936285e-02 -7.390432425524131503e-04 -7.390432425524131503e-04 -3.529623798342088579e-04 1.692383277351500756e-04
2.236067903864936285e-02 -7.390432425524131503e-04 -7.390432425524131503e-04 -3.529623798342088579e-04 1.692383277351500756e-04
2.236067903864936285e-02 -7.390432425524131503e-04 -7.390432425524131503e-04 -3.529623798342088579e-04 1.692383277351500756e-04
2.236067903864936285e-02 -7.390432425524131503e-04 -7.390432425524131503e-04 -3.529623798342088579e-04 1.692383277351500756e-04
2.236067903864936285e-02 -7.390432425524131503e-04 -7.390432425524131503e-04 -3.529623798342088579e-04 1.692383277351500756e-04
2.236067903864936285e-02 -7.390432425524131503e-04 -7.390432425524131503e-04 -3.529623798342088579e-04 1.692383277351500756e-04
2.236067903864936285e-02 -7.390432425524131503e-04 -7.390432425524131503e-04 -3.529623798342088579e-04 1.692383277351500756e-04
2.236067903864936285e-02 -7.390432425524131503e-04 -7.390432425524131503e-04 -3.529623798342088579e-04 1.692383277351500756e-04
2.236067903864936285e-02 -7.390432425524131503e-04 -7.390432425524131503e-04 -3.529623798342088579e-04 1.692383277351500756e-04
2.236067903864936285e-02 -7.390432425524131503e-04 -7.390432425524131503e-04 -3.529623798342088579e-04 1.692383277351500756e-04
2.236067903864936285e-02 -7.390432425524131503e-04 -7.390432425524131503e-04 -3.529623798342088579e-04 1.692383277351500756e-04
2.236067903864936285e-02 -7.390432425524131503e-04 -7.390432425524131503e-04 -3.529623798342088579e-04 1.692383277351500756e-04
2.236067903864936285e-02 -7.390432425524131503e-04 -7.390432425524131503e-04 -3.529623798342088579e-04 1.692383277351500756e-04
2.236067903864936285e-02 -7.390432425524131503e-04 -7.390432425524131503e-04 -3.529623798342088579e-04 1.692383277351500756e-04
2.236067903864936285e-02 -7.390432425524131503e-04 -7.390432425524131503e-04 -3.529623798342088579e-04 1.692383277351500756e-04
2.236067903864936285e-02 -7.390432425524131503e-04 -7.390432425524131503e-04 -3.529623798342088579e-04 1.692383277351500756e-04
2.236067903864936285e-02 -7.390432425524131503e-04 -7.390432425524131503e-04 -3.529623798342088579e-04 1.692383277351500756e-04
2.236067903864936285e-02 -7.390432425524131503e-04 -7.390432425524131503e-04 -3.529623798342088579e-04 1.692383277351500756e-04
2.236067903864936285e-02 -7.390432425524131503e-04 -7.390432425524131503e-04 -3.529623798342088579e-04 1.692383277351500756e-04
2.236067903864936285e-02 -7.390432425524131503e-04 -7.390432425524131503e-04 -3.529623798342088579e-04 1.692383277351500756e-04
2.236067903864936285e-02 -7.390432425524131503e-04 -7.390432425524131503e-04 -3.529623798342088579e-04 1.692383277351500756e-04
2.236067903864936285e-02 -7.390432425524131503e-04 -7.390432425524131503e-04 -3.529623798342088579e-04 1.692383277351500756e-04
2.236067903864936285e-02 -7.390432425524131503e-04 -7.390432425524131503e-04 -3.529623798342088579e-04 1.692383277351500756e-04
2.236067903864936285e-02 -7.390432425524131503e-04 -7.390432425524131503e-04 -3.529623798342088579e-04 1.692383277351500756e-04
2.236067903864936285e-02 -7.390432425524131503e-04 -7.390432425524131503e-04 -3.529623798342088579e-04 1.692383277351500756e-04
2.236067903864936285e-02 -7.390432425524131503e-04 -7.390432425524131503e-04 -3.529623798342088579e-04 1.692383277351500756e-04
2.236067903864936285e-02 -7.390432425524131503e-04 -7.390432425524131503e-04 -3.529623798342088579e-04 1.692383277351500756e-04
2.236067903864936285e-02 -7.390432425524131503e-04 -7.390432425524131503e-04 -3.529623798342088579e-04 1.692383277351500756e-04
2.236067903864936285e-02 -7.390432425524131503e-04 -7.390432425524131503e-04 -3.529623798342088579e-04 1.692383277351500756e-04
2.236067903864936285e-02 -7.390432425524131503e-04 -7.390432425524131503e-04 -3.529623798342088579e-04 1.692383277351500756e-04
2.236067903864936285e-02 -7.390432425524131503e-04 -7.390432425524131503e-04 -3.529623798342088579e-04 1.692383277351500756e-04
2.236067903864936285e-02 -7.390432425524131503e-04 -7.390432425524131503e-04 -3.529623798342088579e-04 1.692383277351500756e-04
2.236067903864936285e-02 -7.390432425524131503e-04 -7.390432425524131503e-04 -3.529623798342088579e-04 1.692383277351500756e-04
2.236067903864936285e-02 -7.390432425524131503e-04 -7.390432425524131503e-04 -3.529623798342088579e-04 1.692383277351500756e-04
2.236067903864936285e-02 -7.390432425524131503e-04 -7.390432425524131503e-04 -3.529623798342088579e-04 1.692383277351500756e-04
2.236067903864936285e-02 -7.390432425524131503e-04 -7.390432425524131503e-04 -3.529623798342088579e-04 1.692383277351500756e-04
2.236067903864936285e-02 -7.390432425524131503e-04 -7.390432425524131503e-04 -3.529623798342088579e-04 1.692383277351500756e-04
2.236067903864936285e-02 -7.390432425524131503e-04 -7.390432425524131503e-04 -3.529623798342088579e-04 1.692383277351500756e-04
2.236067903864936285e-02 -7.390432425524131503e-04 -7.390432425524131503e-04 -3.529623798342088579e-04 1.692383277351500756e-04
2.236067903864936285e-02 -7.390432425524131503e-04 -7.390432425524131503e-04 -3.529623798342088579e-04 1.692383277351500756e-04
2.236067903864936285e-02 -7.390432425524131503e-04 -7.390432425524131503e-04 -3.529623798342088579e-04 1.692383277351500756e-04
2.236067903864936285e-02 -7.390432425524131503e-04 -7.390432425524131503e-04 -3.529623798342088579e-04 1.692383277351500756e-04
2.236067903864936285e-02 -7.390432425524131503e-04 -7.390432425524131503e-04 -3.529623798342088579e-04 1.692383277351500756e-04
2.236067903864936285e-02 -7.390432425524131503e-04 -7.390432425524131503e-04 -3.529623798342088579e-04 1.692383277351500756e-04
2.236067903864936285e-02 -7.390432425524131503e-04 -7.390432425524131503e-04 -3.529623798342088579e-04 1.692383277351500756e-04
2.236067903864936285e-02 -7.390432425524131503e-04 -7.390432425524131503e-04 -3.529623798342088579e-04 1.692383277351500756e-04
2.236067903864936285e-02 -7.390432425524131503e-04 -7.390432425524131503e-04 -3.529623798342088579e-04 1.692383277351500756e-04
2.236067903864936285e-02 -7.390432425524131503e-04 -7.390432425524131503e-04 -3.529623798342088579e-04 1.692383277351500756e-04
2.236067903864936285e-02 -7.390432425524131503e-04 -7.390432425524131503e-04 -3.529623798342088579e-04 1.692383277351500756e-04
2.236067903864936285e-02 -7.390432425524131503e-04 -7.390432425524131503e-04 -3.529623798342088579e-04 1.692383277351500756e-04
2.236067903864936285e-02 -7.390432425524131503e-04 -7.390432425524131503e-04 -3.529623798342088579e-04 1.692383277351500756e-04
2.236067903864936285e-02 -7.390432425524131503e-04 -7.390432425524131503e-04 -3.529623798342088579e-04 1.692383277351500756e-04
2.236067903864936285e-02 -7.390432425524131503e-04 -7.390432425524131503e-04 -3.529623798342088579e-04 1.692383277351500756e-04
2.236067903864936285e-02 -7.390432425524131503e-04 -7.390432425524131503e-04 -3.529623798342088579e-04 1.692383277351500756e-04
2.236067903864936285e-02 -7.390432425524131503e-04 -7.390432425524131503e-04 -3.529623798342088579e-04 1.692383277351500756e-04
2.236067903864936285e-02 -7.390432425524131503e-04 -7.390432425524131503e-04 -3.529623798342088579e-04 1.692383277351500756e-04
2.236067903864936285e-02 -7.390432425524131503e-04 -7.390432425524131503e-04 -3.529623798342088579e-04 1.692383277351500756e-04
2.236067903864936285e-02 -7.390432425524131503e-04 -7.390432425524131503e-04 -3.529623798342088579e-04 1.692383277351500756e-04
2.236067903864936285e-02 -7.390432425524131503e-04 -7.390432425524131503e-04 -3.529623798342088579e-04 1.692383277351500756e-04
2.236067903864936285e-02 -7.390432425524131503e-04 -7.390432425524131503e-04 -3.529623798342088579e-04 1.692383277351500756e-04
2.236067903864936285e-02 -7.390432425524131503e-04 -7.390432425524131503e-04 -3.529623798342088579e-04 1.692383277351500756e-04
2.236067903864936285e-02 -7.390432425524131503e-04 -7.390432425524131503e-04 -3.529623798342088579e-04 1.692383277351500756e-04
2.236067903864936285e-02 -7.390432425524131503e-04 -7.390432425524131503e-04 -3.529623798342088579e-04 1.692383277351500756e-04
2.236067903864936285e-02 -7.390432425524131503e-04 -7.390432425524131503e-04 -3.529623798342088579e-04 1.692383277351500756e-04
2.236067903864936285e-02 -7.390432425524131503e-04 -7.390432425524131503e-04 -3.529623798342088579e-04 1.692383277351500756e-04
2.236067903864936285e-02 -7.390432425524131503e-04 -7.390432425524131503e-04 -3.529623798342088579e-04 1.692383277351500756e-04
2.236067903864936285e-02 -7.390432425524131503e-04 -7.390432425524131503e-04 -3.529623798342088579e-04 1.692383277351500756e-04
2.236067903864936285e-02 -7.390432425524131503e-04 -7.390432425524131503e-04 -3.529623798342088579e-04 1.692383277351500756e-04
2.236067903864936285e-02 -7.390432425524131503e-04 -7.390432425524131503e-04 -3.529623798342088579e-04 1.692383277351500756e-04
2.236067903864936285e-02 -7.390432425524131503e-04 -7.390432425524131503e-04 -3.529623798342088579e-04 1.692383277351500756e-04
2.236067903864936285e-02 -7.390432425524131503e-04 -7.390432425524131503e-04 -3.529623798342088579e-04 1.692383277351500756e-04
2.236067903864936285e-02 -7.390432425524131503e-04 -7.390432425524131503e-04 -3.529623798342088579e-04 1.692383277351500756e-04
2.236067903864936285e-02 -7.390432425524131503e-04 -7.390432425524131503e-04 -3.529623798342088579e-04 1.692383277351500756e-04
2.236067903864936285e-02 -7.390432425524131503e-04 -7.390432425524131503e-04 -3.529623798342088579e-04 1.692383277351500756e-04
2.236067903864936285e-02 -7.390432425524131503e-04 -7.390432425524131503e-04 -3.529623798342088579e-04 1.692383277351500756e-04
2.236067903864936285e-02 -7.390432425524131503e-04 -7.390432425524131503e-04 -3.529623798342088579e-04 1.692383277351500756e-04
2.236067903864936285e-02 -7.390432425524131503e-04 -7.390432425524131503e-04 -3.529623798342088579e-04 1.692383277351500756e-04
2.236067903864936285e-02 -7.390432425524131503e-04 -7.390432425524131503e-04 -3.529623798342088579e-04 1.692383277351500756e-04
2.236067903864936285e-02 -7.390432425524131503e-04 -7.390432425524131503e-04 -3.529623798342088579e-04 1.692383277351500756e-04
2.236067903864936285e-02 -7.390432425524131503e-04 -7.390432425524131503e-04 -3.529623798342088579e-04 1.692383277351500756e-04
2.236067903864936285e-02 -7.390432425524131503e-04 -7.390432425524131503e-04 -3.529623798342088579e-04 1.692383277351500756e-04
2.236067903864936285e-02 -7.390432425524131503e-04 -7.390432425524131503e-04 -3.529623798342088579e-04 1.692383277351500756e-04
2.236067903864936285e-02 -7.390432425524131503e-04 -7.390432425524131503e-04 -3.529623798342088579e-04 1.692383277351500756e-04
2.236067903864936285e-02 -7.390432425524131503e-04 -7.390432425524131503e-04 -3.529623798342088579e-04 1.692383277351500756e-04
2.236067903864936285e-02 -7.390432425524131503e-04 -7.390432425524131503e-04 -3.529623798342088579e-04 1.692383277351500756e-04
2.236067903864936285e-02 -7.390432425524131503e-04 -7.390432425524131503e-04 -3.529623798342088579e-04 1.692383277351500756e-04
2.236067903864936285e-02 -7.390432425524131503e-04 -7.390432425524131503e-04 -3.529623798342088579e-04 1.692383277351500756e-04
2.236067903864936285e-02 -7.390432425524131503e-04 -7.390432425524131503e-04 -3.529623798342088579e-04 1.692383277351500756e-04
2.236067903864936285e-02 -7.390432425524131503e-04 -7.390432425524131503e-04 -3.529623798342088579e-04 1.692383277351500756e-04
2.236067903864936285e-02 -7.390432425524131503e-04 -7.390432425524131503e-04 -3.529623798342088579e-04 1.692383277351500756e-04
2.236067903864936285e-02 -7.390432425524131503e-04 -7.390432425524131503e-04 -3.529623798342088579e-04 1.692383277351500756e-04
2.236067903864936285e-02 -7.390432425524131503e-04 -7.390432425524131503e-04 -3.529623798342088579e-04 1.692383277351500756e-04
2.236067903864936285e-02 -7.390432425524131503e-04 -7.390432425524131503e-04 -3.529623798342088579e-04 1.692383277351500756e-04
2.236067903864936285e-02 -7.390432425524131503e-04 -7.390432425524131503e-04 -3.529623798342088579e-04 1.692383277351500756e-04
2.236067903864936285e-02 -7.390432425524131503e-04 -7.390432425524131503e-04 -3.529623798342088579e-04 1.692383277351500756e-04
2.236067903864936285e-02 -7.390432425524131503e-04 -7.390432425524131503e-04 -3.529623798342088579e-04 1.692383277351500756e-04
2.236067903864936285e-02 -7.390432425524131503e-04 -7.390432425524131503e-04 -3.529623798342088579e-04 1.692383277351500756e-04
2.236067903864936285e-02 -7.390432425524131503e-04 -7.390432425524131503e-04 -3.529623798342088579e-04 1.692383277351500756e-04
2.236067903864936285e-02 -7.390432425524131503e-04 -7.390432425524131503e-04 -3.529623798342088579e-04 1.692383277351500756e-04
2.236067903864936285e-02 -7.390432425524131503e-04 -7.390432425524131503e-04 -3.529623798342088579e-04 1.692383277351500756e-04
2.236067903864936285e-02 -7.390432425524131503e-04 -7.390432425524131503e-04 -3.529623798342088579e-04 1.692383277351500756e-04
2.236067903864936285e-02 -7.390432425524131503e-04 -7.390432425524131503e-04 -3.529623798342088579e-04 1.692383277351500756e-04
2.236067903864936285e-02 -7.390432425524131503e-04 -7.390432425524131503e-04 -3.529623798342088579e-04 1.692383277351500756e-04
2.236067903864936285e-02 -7.390432425524131503e-04 -7.390432425524131503e-04 -3.529623798342088579e-04 1.692383277351500756e-04
2.236067903864936285e-02 -7.390432425524131503e-04 -7.390432425524131503e-04 -3.529623798342088579e-04 1.692383277351500756e-04
2.236067903864936285e-02 -7.390432425524131503e-04 -7.390432425524131503e-04 -3.529623798342088579e-04 1.692383277351500756e-04
2.236067903864936285e-02 -7.390432425524131503e-04 -7.390432425524131503e-04 -3.529623798342088579e-04 1.692383277351500756e-04
2.236067903864936285e-02 -7.390432425524131503e-04 -7.390432425524131503e-04 -3.529623798342088579e-04 1.692383277351500756e-04
2.236067903864936285e-02 -7.390432425524131503e-04 -7.390432425524131503e-04 -3.529623798342088579e-04 1.692383277351500756e-04
2.236067903864936285e-02 -7.390432425524131503e-04 -7.390432425524131503e-04 -3.529623798342088579e-04 1.692383277351500756e-04
2.236067903864936285e-02 -7.390432425524131503e-04 -7.390432425524131503e-04 -3.529623798342088579e-04 1.692383277351500756e-04
2.236067903864936285e-02 -7.390432425524131503e-04 -7.390432425524131503e-04 -3.529623798342088579e-04 1.692383277351500756e-04
2.236067903864936285e-02 -7.390432425524131503e-04 -7.390432425524131503e-04 -3.529623798342088579e-04 1.692383277351500756e-04
2.236067903864936285e-02 -7.390432425524131503e-04 -7.390432425524131503e-04 -3.529623798342088579e-04 1.692383277351500756e-04
2.236067903864936285e-02 -7.390432425524131503e-04 -7.390432425524131503e-04 -3.529623798342088579e-04 1.692383277351500756e-04
2.236067903864936285e-02 -7.390432425524131503e-04 -7.390432425524131503e-04 -3.529623798342088579e-04 1.692383277351500756e-04
2.236067903864936285e-02 -7.390432425524131503e-04 -7.390432425524131503e-04 -3.529623798342088579e-04 1.692383277351500756e-04
2.236067903864936285e-02 -7.390432425524131503e-04 -7.390432425524131503e-04 -3.529623798342088579e-04 1.692383277351500756e-04
2.236067903864936285e-02 -7.390432425524131503e-04 -7.390432425524131503e-04 -3.529623798342088579e-04 1.692383277351500756e-04
2.236067903864936285e-02 -7.390432425524131503e-04 -7.390432425524131503e-04 -3.529623798342088579e-04 1.692383277351500756e-04
2.236067903864936285e-02 -7.390432425524131503e-04 -7.390432425524131503e-04 -3.529623798342088579e-04 1.692383277351500756e-04
2.236067903864936285e-02 -7.390432425524131503e-04 -7.390432425524131503e-04 -3.529623798342088579e-04 1.692383277351500756e-04
2.236067903864936285e-02 -7.390432425524131503e-04 -7.390432425524131503e-04 -3.529623798342088579e-04 1.692383277351500756e-04
2.236067903864936285e-02 -7.390432425524131503e-04 -7.390432425524131503e-04 -3.529623798342088579e-04 1.692383277351500756e-04
2.236067903864936285e-02 -7.390432425524131503e-04 -7.390432425524131503e-04 -3.529623798342088579e-04 1.692383277351500756e-04
2.236067903864936285e-02 -7.390432425524131503e-04 -7.390432425524131503e-04 -3.529623798342088579e-04 1.692383277351500756e-04
2.236067903864936285e-02 -7.390432425524131503e-04 -7.390432425524131503e-04 -3.529623798342088579e-04 1.692383277351500756e-04
2.236067903864936285e-02 -7.390432425524131503e-04 -7.390432425524131503e-04 -3.529623798342088579e-04 1.692383277351500756e-04
2.236067903864936285e-02 -7.390432425524131503e-04 -7.390432425524131503e-04 -3.529623798342088579e-04 1.692383277351500756e-04
2.236067903864936285e-02 -7.390432425524131503e-04 -7.390432425524131503e-04 -3.529623798342088579e-04 1.692383277351500756e-04
2.236067903864936285e-02 -7.390432425524131503e-04 -7.390432425524131503e-04 -3.529623798342088579e-04 1.692383277351500756e-04
2.236067903864936285e-02 -7.390432425524131503e-04 -7.390432425524131503e-04 -3.529623798342088579e-04 1.692383277351500756e-04
2.236067903864936285e-02 -7.390432425524131503e-04 -7.390432425524131503e-04 -3.529623798342088579e-04 1.692383277351500756e-04
2.236067903864936285e-02 -7.390432425524131503e-04 -7.390432425524131503e-04 -3.529623798342088579e-04 1.692383277351500756e-04
2.236067903864936285e-02 -7.390432425524131503e-04 -7.390432425524131503e-04 -3.529623798342088579e-04 1.692383277351500756e-04
2.236067903864936285e-02 -7.390432425524131503e-04 -7.390432425524131503e-04 -3.529623798342088579e-04 1.692383277351500756e-04
2.236067903864936285e-02 -7.390432425524131503e-04 -7.390432425524131503e-04 -3.529623798342088579e-04 1.692383277351500756e-04
2.236067903864936285e-02 -7.390432425524131503e-04 -7.390432425524131503e-04 -3.529623798342088579e-04 1.692383277351500756e-04
2.236067903864936285e-02 -7.390432425524131503e-04 -7.390432425524131503e-04 -3.529623798342088579e-04 1.692383277351500756e-04
2.236067903864936285e-02 -7.390432425524131503e-04 -7.390432425524131503e-04 -3.529623798342088579e-04 1.692383277351500756e-04
2.236067903864936285e-02 -7.390432425524131503e-04 -7.390432425524131503e-04 -3.529623798342088579e-04 1.692383277351500756e-04
2.236067903864936285e-02 -7.390432425524131503e-04 -7.390432425524131503e-04 -3.529623798342088579e-04 1.692383277351500756e-04
2.236067903864936285e-02 -7.390432425524131503e-04 -7.390432425524131503e-04 -3.529623798342088579e-04 1.692383277351500756e-04
2.236067903864936285e-02 -7.390432425524131503e-04 -7.390432425524131503e-04 -3.529623798342088579e-04 1.692383277351500756e-04
2.236067903864936285e-02 -7.390432425524131503e-04 -7.390432425524131503e-04 -3.529623798342088579e-04 1.692383277351500756e-04
2.236067903864936285e-02 -7.390432425524131503e-04 -7.390432425524131503e-04 -3.529623798342088579e-04 1.692383277351500756e-04
2.236067903864936285e-02 -7.390432425524131503e-04 -7.390432425524131503e-04 -3.529623798342088579e-04 1.692383277351500756e-04
2.236067903864936285e-02 -7.390432425524131503e-04 -7.390432425524131503e-04 -3.529623798342088579e-04 1.692383277351500756e-04
2.236067903864936285e-02 -7.390432425524131503e-04 -7.390432425524131503e-04 -3.529623798342088579e-04 1.692383277351500756e-04
2.236067903864936285e-02 -7.390432425524131503e-04 -7.390432425524131503e-04 -3.529623798342088579e-04 1.692383277351500756e-04
2.236067903864936285e-02 -7.390432425524131503e-04 -7.390432425524131503e-04 -3.529623798342088579e-04 1.692383277351500756e-04
2.236067903864936285e-02 -7.390432425524131503e-04 -7.390432425524131503e-04 -3.529623798342088579e-04 1.692383277351500756e-04
2.236067903864936285e-02 -7.390432425524131503e-04 -7.390432425524131503e-04 -3.529623798342088579e-04 1.692383277351500756e-04
2.236067903864936285e-02 -7.390432425524131503e-04 -7.390432425524131503e-04 -3.529623798342088579e-04 1.692383277351500756e-04
2.236067903864936285e-02 -7.390432425524131503e-04 -7.390432425524131503e-04 -3.529623798342088579e-04 1.692383277351500756e-04
2.236067903864936285e-02 -7.390432425524131503e-04 -7.390432425524131503e-04 -3.529623798342088579e-04 1.692383277351500756e-04
2.236067903864936285e-02 -7.390432425524131503e-04 -7.390432425524131503e-04 -3.529623798342088579e-04 1.692383277351500756e-04
2.236067903864936285e-02 -7.390432425524131503e-04 -7.390432425524131503e-04 -3.529623798342088579e-04 1.692383277351500756e-04
2.236067903864936285e-02 -7.390432425524131503e-04 -7.390432425524131503e-04 -3.529623798342088579e-04 1.692383277351500756e-04
2.236067903864936285e-02 -7.390432425524131503e-04 -7.390432425524131503e-04 -3.529623798342088579e-04 1.692383277351500756e-04
2.236067903864936285e-02 -7.390432425524131503e-04 -7.390432425524131503e-04 -3.529623798342088579e-04 1.692383277351500756e-04
2.236067903864936285e-02 -7.390432425524131503e-04 -7.390432425524131503e-04 -3.529623798342088579e-04 1.692383277351500756e-04
2.236067903864936285e-02 -7.390432425524131503e-04 -7.390432425524131503e-04 -3.529623798342088579e-04 1.692383277351500756e-04
2.236067903864936285e-02 -7.390432425524131503e-04 -7.390432425524131503e-04 -3.529623798342088579e-04 1.692383277351500756e-04
2.236067903864936285e-02 -7.390432425524131503e-04 -7.390432425524131503e-04 -3.529623798342088579e-04 1.692383277351500756e-04
2.236067903864936285e-02 -7.390432425524131503e-04 -7.390432425524131503e-04 -3.529623798342088579e-04 1.692383277351500756e-04
2.236067903864936285e-02 -7.390432425524131503e-04 -7.390432425524131503e-04 -3.529623798342088579e-04 1.692383277351500756e-04
2.236067903864936285e-02 -7.390432425524131503e-04 -7.390432425524131503e-04 -3.529623798342088579e-04 1.692383277351500756e-04
2.236067903864936285e-02 -7.390432425524131503e-04 -7.390432425524131503e-04 -3.529623798342088579e-04 1.692383277351500756e-04
2.236067903864936285e-02 -7.390432425524131503e-04 -7.390432425524131503e-04 -3.529623798342088579e-04 1.692383277351500756e-04
2.236067903864936285e-02 -7.390432425524131503e-04 -7.390432425524131503e-04 -3.529623798342088579e-04 1.692383277351500756e-04
2.236067903864936285e-02 -7.390432425524131503e-04 -7.390432425524131503e-04 -3.529623798342088579e-04 1.692383277351500756e-04
2.236067903864936285e-02 -7.390432425524131503e-04 -7.390432425524131503e-04 -3.529623798342088579e-04 1.692383277351500756e-04
2.236067903864936285e-02 -7.390432425524131503e-04 -7.390432425524131503e-04 -3.529623798342088579e-04 1.692383277351500756e-04
2.236067903864936285e-02 -7.390432425524131503e-04 -7.390432425524131503e-04 -3.529623798342088579e-04 1.692383277351500756e-04
2.236067903864936285e-02 -7.390432425524131503e-04 -7.390432425524131503e-04 -3.529623798342088579e-04 1.692383277351500756e-04
2.236067903864936285e-02 -7.390432425524131503e-04 -7.390432425524131503e-04 -3.529623798342088579e-04 1.692383277351500756e-04
2.236067903864936285e-02 -7.390432425524131503e-04 -7.390432425524131503e-04 -3.529623798342088579e-04 1.692383277351500756e-04
2.236067903864936285e-02 -7.390432425524131503e-04 -7.390432425524131503e-04 -3.529623798342088579e-04 1.692383277351500756e-04
2.236067903864936285e-02 -7.390432425524131503e-04 -7.390432425524131503e-04 -3.529623798342088579e-04 1.692383277351500756e-04
2.236067903864936285e-02 -7.390432425524131503e-04 -7.390432425524131503e-04 -3.529623798342088579e-04 1.692383277351500756e-04
2.236067903864936285e-02 -7.390432425524131503e-04 -7.390432425524131503e-04 -3.529623798342088579e-04 1.692383277351500756e-04
2.236067903864936285e-02 -7.390432425524131503e-04 -7.390432425524131503e-04 -3.529623798342088579e-04 1.692383277351500756e-04
2.236067903864936285e-02 -7.390432425524131503e-04 -7.390432425524131503e-04 -3.529623798342088579e-04 1.692383277351500756e-04
2.236067903864936285e-02 -7.390432425524131503e-04 -7.390432425524131503e-04 -3.529623798342088579e-04 1.692383277351500756e-04
2.236067903864936285e-02 -7.390432425524131503e-04 -7.390432425524131503e-04 -3.529623798342088579e-04 1.692383277351500756e-04
2.236067903864936285e-02 -7.390432425524131503e-04 -7.390432425524131503e-04 -3.529623798342088579e-04 1.692383277351500756e-04
2.236067903864936285e-02 -7.390432425524131503e-04 -7.390432425524131503e-04 -3.529623798342088579e-04 1.692383277351500756e-04
2.236067903864936285e-02 -7.390432425524131503e-04 -7.390432425524131503e-04 -3.529623798342088579e-04 1.692383277351500756e-04
2.236067903864936285e-02 -7.390432425524131503e-04 -7.390432425524131503e-04 -3.529623798342088579e-04 1.692383277351500756e-04
2.236067903864936285e-02 -7.390432425524131503e-04 -7.390432425524131503e-04 -3.529623798342088579e-04 1.692383277351500756e-04
2.236067903864936285e-02 -7.390432425524131503e-04 -7.390432425524131503e-04 -3.529623798342088579e-04 1.692383277351500756e-04
2.236067903864936285e-02 -7.390432425524131503e-04 -7.390432425524131503e-04 -3.529623798342088579e-04 1.692383277351500756e-04
2.236067903864936285e-02 -7.390432425524131503e-04 -7.390432425524131503e-04 -3.529623798342088579e-04 1.692383277351500756e-04
2.236067903864936285e-02 -7.390432425524131503e-04 -7.390432425524131503e-04 -3.529623798342088579e-04 1.692383277351500756e-04
2.236067903864936285e-02 -7.390432425524131503e-04 -7.390432425524131503e-04 -3.529623798342088579e-04 1.692383277351500756e-04
2.236067903864936285e-02 -7.390432425524131503e-04 -7.390432425524131503e-04 -3.529623798342088579e-04 1.692383277351500756e-04
2.236067903864936285e-02 -7.390432425524131503e-04 -7.390432425524131503e-04 -3.529623798342088579e-04 1.692383277351500756e-04
2.236067903864936285e-02 -7.390432425524131503e-04 -7.390432425524131503e-04 -3.529623798342088579e-04 1.692383277351500756e-04
2.236067903864936285e-02 -7.390432425524131503e-04 -7.390432425524131503e-04 -3.529623798342088579e-04 1.692383277351500756e-04
2.236067903864936285e-02 -7.390432425524131503e-04 -7.390432425524131503e-04 -3.529623798342088579e-04 1.692383277351500756e-04
2.236067903864936285e-02 -7.390432425524131503e-04 -7.390432425524131503e-04 -3.529623798342088579e-04 1.692383277351500756e-04
2.236067903864936285e-02 -7.390432425524131503e-04 -7.390432425524131503e-04 -3.529623798342088579e-04 1.692383277351500756e-04
2.236067903864936285e-02 -7.390432425524131503e-04 -7.390432425524131503e-04 -3.529623798342088579e-04 1.692383277351500756e-04
2.236067903864936285e-02 -7.390432425524131503e-04 -7.390432425524131503e-04 -3.529623798342088579e-04 1.692383277351500756e-04
2.236067903864936285e-02 -7.390432425524131503e-04 -7.390432425524131503e-04 -3.529623798342088579e-04 1.692383277351500756e-04
2.236067903864936285e-02 -7.390432425524131503e-04 -7.390432425524131503e-04 -3.529623798342088579e-04 1.692383277351500756e-04
2.236067903864936285e-02 -7.390432425524131503e-04 -7.390432425524131503e-04 -3.529623798342088579e-04 1.692383277351500756e-04
2.236067903864936285e-02 -7.390432425524131503e-04 -7.390432425524131503e-04 -3.529623798342088579e-04 1.692383277351500756e-04
2.236067903864936285e-02 -7.390432425524131503e-04 -7.390432425524131503e-04 -3.529623798342088579e-04 1.692383277351500756e-04
2.236067903864936285e-02 -7.390432425524131503e-04 -7.390432425524131503e-04 -3.529623798342088579e-04 1.692383277351500756e-04
2.236067903864936285e-02 -7.390432425524131503e-04 -7.390432425524131503e-04 -3.529623798342088579e-04 1.692383277351500756e-04
2.236067903864936285e-02 -7.390432425524131503e-04 -7.390432425524131503e-04 -3.529623798342088579e-04 1.692383277351500756e-04
2.236067903864936285e-02 -7.390432425524131503e-04 -7.390432425524131503e-04 -3.529623798342088579e-04 1.692383277351500756e-04
2.236067903864936285e-02 -7.390432425524131503e-04 -7.390432425524131503e-04 -3.529623798342088579e-04 1.692383277351500756e-04
2.236067903864936285e-02 -7.390432425524131503e-04 -7.390432425524131503e-04 -3.529623798342088579e-04 1.692383277351500756e-04
2.236067903864936285e-02 -7.390432425524131503e-04 -7.390432425524131503e-04 -3.529623798342088579e-04 1.692383277351500756e-04
2.236067903864936285e-02 -7.390432425524131503e-04 -7.390432425524131503e-04 -3.529623798342088579e-04 1.692383277351500756e-04
2.236067903864936285e-02 -7.390432425524131503e-04 -7.390432425524131503e-04 -3.529623798342088579e-04 1.692383277351500756e-04
2.236067903864936285e-02 -7.390432425524131503e-04 -7.390432425524131503e-04 -3.529623798342088579e-04 1.692383277351500756e-04
2.236067903864936285e-02 -7.390432425524131503e-04 -7.390432425524131503e-04 -3.529623798342088579e-04 1.692383277351500756e-04
2.236067903864936285e-02 -7.390432425524131503e-04 -7.390432425524131503e-04 -3.529623798342088579e-04 1.692383277351500756e-04
2.236067903864936285e-02 -7.390432425524131503e-04 -7.390432425524131503e-04 -3.529623798342088579e-04 1.692383277351500756e-04
2.236067903864936285e-02 -7.390432425524131503e-04 -7.390432425524131503e-04 -3.529623798342088579e-04 1.692383277351500756e-04
2.236067903864936285e-02 -7.390432425524131503e-04 -7.390432425524131503e-04 -3.529623798342088579e-04 1.692383277351500756e-04
2.236067903864936285e-02 -7.390432425524131503e-04 -7.390432425524131503e-04 -3.529623798342088579e-04 1.692383277351500756e-04
2.236067903864936285e-02 -7.390432425524131503e-04 -7.390432425524131503e-04 -3.529623798342088579e-04 1.692383277351500756e-04
2.236067903864936285e-02 -7.390432425524131503e-04 -7.390432425524131503e-04 -3.529623798342088579e-04 1.692383277351500756e-04
2.236067903864936285e-02 -7.390432425524131503e-04 -7.390432425524131503e-04 -3.529623798342088579e-04 1.692383277351500756e-04
2.236067903864936285e-02 -7.390432425524131503e-04 -7.390432425524131503e-04 -3.529623798342088579e-04 1.692383277351500756e-04
2.236067903864936285e-02 -7.390432425524131503e-04 -7.390432425524131503e-04 -3.529623798342088579e-04 1.692383277351500756e-04
2.236067903864936285e-02 -7.390432425524131503e-04 -7.390432425524131503e-04 -3.529623798342088579e-04 1.692383277351500756e-04
2.236067903864936285e-02 -7.390432425524131503e-04 -7.390432425524131503e-04 -3.529623798342088579e-04 1.692383277351500756e-04
2.236067903864936285e-02 -7.390432425524131503e-04 -7.390432425524131503e-04 -3.529623798342088579e-04 1.692383277351500756e-04
2.236067903864936285e-02 -7.390432425524131503e-04 -7.390432425524131503e-04 -3.529623798342088579e-04 1.692383277351500756e-04
2.236067903864936285e-02 -7.390432425524131503e-04 -7.390432425524131503e-04 -3.529623798342088579e-04 1.692383277351500756e-04
2.236067903864936285e-02 -7.390432425524131503e-04 -7.390432425524131503e-04 -3.529623798342088579e-04 1.692383277351500756e-04
2.236067903864936285e-02 -7.390432425524131503e-04 -7.390432425524131503e-04 -3.529623798342088579e-04 1.692383277351500756e-04
2.236067903864936285e-02 -7.390432425524131503e-04 -7.390432425524131503e-04 -3.529623798342088579e-04 1.692383277351500756e-04
2.236067903864936285e-02 -7.390432425524131503e-04 -7.390432425524131503e-04 -3.529623798342088579e-04 1.692383277351500756e-04
2.236067903864936285e-02 -7.390432425524131503e-04 -7.390432425524131503e-04 -3.529623798342088579e-04 1.692383277351500756e-04
2.236067903864936285e-02 -7.390432425524131503e-04 -7.390432425524131503e-04 -3.529623798342088579e-04 1.692383277351500756e-04
2.236067903864936285e-02 -7.390432425524131503e-04 -7.390432425524131503e-04 -3.529623798342088579e-04 1.692383277351500756e-04
2.236067903864936285e-02 -7.390432425524131503e-04 -7.390432425524131503e-04 -3.529623798342088579e-04 1.692383277351500756e-04
2.236067903864936285e-02 -7.390432425524131503e-04 -7.390432425524131503e-04 -3.529623798342088579e-04 1.692383277351500756e-04
2.236067903864936285e-02 -7.390432425524131503e-04 -7.390432425524131503e-04 -3.529623798342088579e-04 1.692383277351500756e-04
2.236067903864936285e-02 -7.390432425524131503e-04 -7.390432425524131503e-04 -3.529623798342088579e-04 1.692383277351500756e-04
2.236067903864936285e-02 -7.390432425524131503e-04 -7.390432425524131503e-04 -3.529623798342088579e-04 1.692383277351500756e-04
2.236067903864936285e-02 -7.390432425524131503e-04 -7.390432425524131503e-04 -3.529623798342088579e-04 1.692383277351500756e-04
2.236067903864936285e-02 -7.390432425524131503e-04 -7.390432425524131503e-04 -3.529623798342088579e-04 1.692383277351500756e-04
2.236067903864936285e-02 -7.390432425524131503e-04 -7.390432425524131503e-04 -3.529623798342088579e-04 1.692383277351500756e-04
2.236067903864936285e-02 -7.390432425524131503e-04 -7.390432425524131503e-04 -3.529623798342088579e-04 1.692383277351500756e-04
2.236067903864936285e-02 -7.390432425524131503e-04 -7.390432425524131503e-04 -3.529623798342088579e-04 1.692383277351500756e-04
2.236067903864936285e-02 -7.390432425524131503e-04 -7.390432425524131503e-04 -3.529623798342088579e-04 1.692383277351500756e-04
2.236067903864936285e-02 -7.390432425524131503e-04 -7.390432425524131503e-04 -3.529623798342088579e-04 1.692383277351500756e-04
2.236067903864936285e-02 -7.390432425524131503e-04 -7.390432425524131503e-04 -3.529623798342088579e-04 1.692383277351500756e-04
2.236067903864936285e-02 -7.390432425524131503e-04 -7.390432425524131503e-04 -3.529623798342088579e-04 1.692383277351500756e-04
2.236067903864936285e-02 -7.390432425524131503e-04 -7.390432425524131503e-04 -3.529623798342088579e-04 1.692383277351500756e-04
2.236067903864936285e-02 -7.390432425524131503e-04 -7.390432425524131503e-04 -3.529623798342088579e-04 1.692383277351500756e-04
2.236067903864936285e-02 -7.390432425524131503e-04 -7.390432425524131503e-04 -3.529623798342088579e-04 1.692383277351500756e-04
2.236067903864936285e-02 -7.390432425524131503e-04 -7.390432425524131503e-04 -3.529623798342088579e-04 1.692383277351500756e-04
2.236067903864936285e-02 -7.390432425524131503e-04 -7.390432425524131503e-04 -3.529623798342088579e-04 1.692383277351500756e-04
2.236067903864936285e-02 -7.390432425524131503e-04 -7.390432425524131503e-04 -3.529623798342088579e-04 1.692383277351500756e-04
2.236067903864936285e-02 -7.390432425524131503e-04 -7.390432425524131503e-04 -3.529623798342088579e-04 1.692383277351500756e-04
2.236067903864936285e-02 -7.390432425524131503e-04 -7.390432425524131503e-04 -3.529623798342088579e-04 1.692383277351500756e-04
2.236067903864936285e-02 -7.390432425524131503e-04 -7.390432425524131503e-04 -3.529623798342088579e-04 1.692383277351500756e-04
2.236067903864936285e-02 -7.390432425524131503e-04 -7.390432425524131503e-04 -3.529623798342088579e-04 1.692383277351500756e-04
2.236067903864936285e-02 -7.390432425524131503e-04 -7.390432425524131503e-04 -3.529623798342088579e-04 1.692383277351500756e-04
2.236067903864936285e-02 -7.390432425524131503e-04 -7.390432425524131503e-04 -3.529623798342088579e-04 1.692383277351500756e-04
2.236067903864936285e-02 -7.390432425524131503e-04 -7.390432425524131503e-04 -3.529623798342088579e-04 1.692383277351500756e-04
2.236067903864936285e-02 -7.390432425524131503e-04 -7.390432425524131503e-04 -3.529623798342088579e-04 1.692383277351500756e-04
2.236067903864936285e-02 -7.390432425524131503e-04 -7.390432425524131503e-04 -3.529623798342088579e-04 1.692383277351500756e-04
2.236067903864936285e-02 -7.390432425524131503e-04 -7.390432425524131503e-04 -3.529623798342088579e-04 1.692383277351500756e-04
2.236067903864936285e-02 -7.390432425524131503e-04 -7.390432425524131503e-04 -3.529623798342088579e-04 1.692383277351500756e-04
2.236067903864936285e-02 -7.390432425524131503e-04 -7.390432425524131503e-04 -3.529623798342088579e-04 1.692383277351500756e-04
2.236067903864936285e-02 -7.390432425524131503e-04 -7.390432425524131503e-04 -3.529623798342088579e-04 1.692383277351500756e-04
2.236067903864936285e-02 -7.390432425524131503e-04 -7.390432425524131503e-04 -3.529623798342088579e-04 1.692383277351500756e-04
2.236067903864936285e-02 -7.390432425524131503e-04 -7.390432425524131503e-04 -3.529623798342088579e-04 1.692383277351500756e-04
2.236067903864936285e-02 -7.390432425524131503e-04 -7.390432425524131503e-04 -3.529623798342088579e-04 1.692383277351500756e-04
2.236067903864936285e-02 -7.390432425524131503e-04 -7.390432425524131503e-04 -3.529623798342088579e-04 1.692383277351500756e-04
2.236067903864936285e-02 -7.390432425524131503e-04 -7.390432425524131503e-04 -3.529623798342088579e-04 1.692383277351500756e-04
2.236067903864936285e-02 -7.390432425524131503e-04 -7.390432425524131503e-04 -3.529623798342088579e-04 1.692383277351500756e-04
2.236067903864936285e-02 -7.390432425524131503e-04 -7.390432425524131503e-04 -3.529623798342088579e-04 1.692383277351500756e-04
2.236067903864936285e-02 -7.390432425524131503e-04 -7.390432425524131503e-04 -3.529623798342088579e-04 1.692383277351500756e-04
2.236067903864936285e-02 -7.390432425524131503e-04 -7.390432425524131503e-04 -3.529623798342088579e-04 1.692383277351500756e-04
2.236067903864936285e-02 -7.390432425524131503e-04 -7.390432425524131503e-04 -3.529623798342088579e-04 1.692383277351500756e-04
2.236067903864936285e-02 -7.390432425524131503e-04 -7.390432425524131503e-04 -3.529623798342088579e-04 1.692383277351500756e-04
2.236067903864936285e-02 -7.390432425524131503e-04 -7.390432425524131503e-04 -3.529623798342088579e-04 1.692383277351500756e-04
2.236067903864936285e-02 -7.390432425524131503e-04 -7.390432425524131503e-04 -3.529623798342088579e-04 1.692383277351500756e-04
2.236067903864936285e-02 -7.390432425524131503e-04 -7.390432425524131503e-04 -3.529623798342088579e-04 1.692383277351500756e-04
2.236067903864936285e-02 -7.390432425524131503e-04 -7.390432425524131503e-04 -3.529623798342088579e-04 1.692383277351500756e-04
2.236067903864936285e-02 -7.390432425524131503e-04 -7.390432425524131503e-04 -3.529623798342088579e-04 1.692383277351500756e-04
2.236067903864936285e-02 -7.390432425524131503e-04 -7.390432425524131503e-04 -3.529623798342088579e-04 1.692383277351500756e-04
2.236067903864936285e-02 -7.390432425524131503e-04 -7.390432425524131503e-04 -3.529623798342088579e-04 1.692383277351500756e-04
2.236067903864936285e-02 -7.390432425524131503e-04 -7.390432425524131503e-04 -3.529623798342088579e-04 1.692383277351500756e-04
2.236067903864936285e-02 -7.390432425524131503e-04 -7.390432425524131503e-04 -3.529623798342088579e-04 1.692383277351500756e-04
2.236067903864936285e-02 -7.390432425524131503e-04 -7.390432425524131503e-04 -3.529623798342088579e-04 1.692383277351500756e-04
2.236067903864936285e-02 -7.390432425524131503e-04 -7.390432425524131503e-04 -3.529623798342088579e-04 1.692383277351500756e-04
2.236067903864936285e-02 -7.390432425524131503e-04 -7.390432425524131503e-04 -3.529623798342088579e-04 1.692383277351500756e-04
2.236067903864936285e-02 -7.390432425524131503e-04 -7.390432425524131503e-04 -3.529623798342088579e-04 1.692383277351500756e-04
2.236067903864936285e-02 -7.390432425524131503e-04 -7.390432425524131503e-04 -3.529623798342088579e-04 1.692383277351500756e-04
2.236067903864936285e-02 -7.390432425524131503e-04 -7.390432425524131503e-04 -3.529623798342088579e-04 1.692383277351500756e-04
2.236067903864936285e-02 -7.390432425524131503e-04 -7.390432425524131503e-04 -3.529623798342088579e-04 1.692383277351500756e-04
2.236067903864936285e-02 -7.390432425524131503e-04 -7.390432425524131503e-04 -3.529623798342088579e-04 1.692383277351500756e-04
2.236067903864936285e-02 -7.390432425524131503e-04 -7.390432425524131503e-04 -3.529623798342088579e-04 1.692383277351500756e-04
2.236067903864936285e-02 -7.390432425524131503e-04 -7.390432425524131503e-04 -3.529623798342088579e-04 1.692383277351500756e-04
2.236067903864936285e-02 -7.390432425524131503e-04 -7.390432425524131503e-04 -3.529623798342088579e-04 1.692383277351500756e-04
2.236067903864936285e-02 -7.390432425524131503e-04 -7.390432425524131503e-04 -3.529623798342088579e-04 1.692383277351500756e-04
2.236067903864936285e-02 -7.390432425524131503e-04 -7.390432425524131503e-04 -3.529623798342088579e-04 1.692383277351500756e-04
2.236067903864936285e-02 -7.390432425524131503e-04 -7.390432425524131503e-04 -3.529623798342088579e-04 1.692383277351500756e-04
2.236067903864936285e-02 -7.390432425524131503e-04 -7.390432425524131503e-04 -3.529623798342088579e-04 1.692383277351500756e-04
2.236067903864936285e-02 -7.390432425524131503e-04 -7.390432425524131503e-04 -3.529623798342088579e-04 1.692383277351500756e-04
2.236067903864936285e-02 -7.390432425524131503e-04 -7.390432425524131503e-04 -3.529623798342088579e-04 1.692383277351500756e-04
2.236067903864936285e-02 -7.390432425524131503e-04 -7.390432425524131503e-04 -3.529623798342088579e-04 1.692383277351500756e-04
2.236067903864936285e-02 -7.390432425524131503e-04 -7.390432425524131503e-04 -3.529623798342088579e-04 1.692383277351500756e-04
2.236067903864936285e-02 -7.390432425524131503e-04 -7.390432425524131503e-04 -3.529623798342088579e-04 1.692383277351500756e-04
2.236067903864936285e-02 -7.390432425524131503e-04 -7.390432425524131503e-04 -3.529623798342088579e-04 1.692383277351500756e-04
2.236067903864936285e-02 -7.390432425524131503e-04 -7.390432425524131503e-04 -3.529623798342088579e-04 1.692383277351500756e-04
2.236067903864936285e-02 -7.390432425524131503e-04 -7.390432425524131503e-04 -3.529623798342088579e-04 1.692383277351500756e-04
2.236067903864936285e-02 -7.390432425524131503e-04 -7.390432425524131503e-04 -3.529623798342088579e-04 1.692383277351500756e-04
2.236067903864936285e-02 -7.390432425524131503e-04 -7.390432425524131503e-04 -3.529623798342088579e-04 1.692383277351500756e-04
2.236067903864936285e-02 -7.390432425524131503e-04 -7.390432425524131503e-04 -3.529623798342088579e-04 1.692383277351500756e-04
2.236067903864936285e-02 -7.390432425524131503e-04 -7.390432425524131503e-04 -3.529623798342088579e-04 1.692383277351500756e-04
2.236067903864936285e-02 -7.390432425524131503e-04 -7.390432425524131503e-04 -3.529623798342088579e-04 1.692383277351500756e-04
2.236067903864936285e-02 -7.390432425524131503e-04 -7.390432425524131503e-04 -3.529623798342088579e-04 1.692383277351500756e-04
2.236067903864936285e-02 -7.390432425524131503e-04 -7.390432425524131503e-04 -3.529623798342088579e-04 1.692383277351500756e-04
2.236067903864936285e-02 -7.390432425524131503e-04 -7.390432425524131503e-04 -3.529623798342088579e-04 1.692383277351500756e-04
2.236067903864936285e-02 -7.390432425524131503e-04 -7.390432425524131503e-04 -3.529623798342088579e-04 1.692383277351500756e-04
2.236067903864936285e-02 -7.390432425524131503e-04 -7.390432425524131503e-04 -3.529623798342088579e-04 1.692383277351500756e-04
2.236067903864936285e-02 -7.390432425524131503e-04 -7.390432425524131503e-04 -3.529623798342088579e-04 1.692383277351500756e-04
2.236067903864936285e-02 -7.390432425524131503e-04 -7.390432425524131503e-04 -3.529623798342088579e-04 1.692383277351500756e-04
2.236067903864936285e-02 -7.390432425524131503e-04 -7.390432425524131503e-04 -3.529623798342088579e-04 1.692383277351500756e-04
2.236067903864936285e-02 -7.390432425524131503e-04 -7.390432425524131503e-04 -3.529623798342088579e-04 1.692383277351500756e-04
2.236067903864936285e-02 -7.390432425524131503e-04 -7.390432425524131503e-04 -3.529623798342088579e-04 1.692383277351500756e-04
2.236067903864936285e-02 -7.390432425524131503e-04 -7.390432425524131503e-04 -3.529623798342088579e-04 1.692383277351500756e-04
2.236067903864936285e-02 -7.390432425524131503e-04 -7.390432425524131503e-04 -3.529623798342088579e-04 1.692383277351500756e-04
2.236067903864936285e-02 -7.390432425524131503e-04 -7.390432425524131503e-04 -3.529623798342088579e-04 1.692383277351500756e-04
2.236067903864936285e-02 -7.390432425524131503e-04 -7.390432425524131503e-04 -3.529623798342088579e-04 1.692383277351500756e-04
2.236067903864936285e-02 -7.390432425524131503e-04 -7.390432425524131503e-04 -3.529623798342088579e-04 1.692383277351500756e-04
2.236067903864936285e-02 -7.390432425524131503e-04 -7.390432425524131503e-04 -3.529623798342088579e-04 1.692383277351500756e-04
2.236067903864936285e-02 -7.390432425524131503e-04 -7.390432425524131503e-04 -3.529623798342088579e-04 1.692383277351500756e-04
2.236067903864936285e-02 -7.390432425524131503e-04 -7.390432425524131503e-04 -3.529623798342088579e-04 1.692383277351500756e-04
2.236067903864936285e-02 -7.390432425524131503e-04 -7.390432425524131503e-04 -3.529623798342088579e-04 1.692383277351500756e-04
2.236067903864936285e-02 -7.390432425524131503e-04 -7.390432425524131503e-04 -3.529623798342088579e-04 1.692383277351500756e-04
2.236067903864936285e-02 -7.390432425524131503e-04 -7.390432425524131503e-04 -3.529623798342088579e-04 1.692383277351500756e-04
2.236067903864936285e-02 -7.390432425524131503e-04 -7.390432425524131503e-04 -3.529623798342088579e-04 1.692383277351500756e-04
2.236067903864936285e-02 -7.390432425524131503e-04 -7.390432425524131503e-04 -3.529623798342088579e-04 1.692383277351500756e-04
2.236067903864936285e-02 -7.390432425524131503e-04 -7.390432425524131503e-04 -3.529623798342088579e-04 1.692383277351500756e-04
2.236067903864936285e-02 -7.390432425524131503e-04 -7.390432425524131503e-04 -3.529623798342088579e-04 1.692383277351500756e-04
2.236067903864936285e-02 -7.390432425524131503e-04 -7.390432425524131503e-04 -3.529623798342088579e-04 1.692383277351500756e-04
2.236067903864936285e-02 -7.390432425524131503e-04 -7.390432425524131503e-04 -3.529623798342088579e-04 1.692383277351500756e-04
2.236067903864936285e-02 -7.390432425524131503e-04 -7.390432425524131503e-04 -3.529623798342088579e-04 1.692383277351500756e-04
2.236067903864936285e-02 -7.390432425524131503e-04 -7.390432425524131503e-04 -3.529623798342088579e-04 1.692383277351500756e-04
2.236067903864936285e-02 -7.390432425524131503e-04 -7.390432425524131503e-04 -3.529623798342088579e-04 1.692383277351500756e-04
2.236067903864936285e-02 -7.390432425524131503e-04 -7.390432425524131503e-04 -3.529623798342088579e-04 1.692383277351500756e-04
2.236067903864936285e-02 -7.390432425524131503e-04 -7.390432425524131503e-04 -3.529623798342088579e-04 1.692383277351500756e-04
2.236067903864936285e-02 -7.390432425524131503e-04 -7.390432425524131503e-04 -3.529623798342088579e-04 1.692383277351500756e-04
2.236067903864936285e-02 -7.390432425524131503e-04 -7.390432425524131503e-04 -3.529623798342088579e-04 1.692383277351500756e-04
2.236067903864936285e-02 -7.390432425524131503e-04 -7.390432425524131503e-04 -3.529623798342088579e-04 1.692383277351500756e-04
2.236067903864936285e-02 -7.390432425524131503e-04 -7.390432425524131503e-04 -3.529623798342088579e-04 1.692383277351500756e-04
2.236067903864936285e-02 -7.390432425524131503e-04 -7.390432425524131503e-04 -3.529623798342088579e-04 1.692383277351500756e-04
2.236067903864936285e-02 -7.390432425524131503e-04 -7.390432425524131503e-04 -3.529623798342088579e-04 1.692383277351500756e-04
2.236067903864936285e-02 -7.390432425524131503e-04 -7.390432425524131503e-04 -3.529623798342088579e-04 1.692383277351500756e-04
2.236067903864936285e-02 -7.390432425524131503e-04 -7.390432425524131503e-04 -3.529623798342088579e-04 1.692383277351500756e-04
2.236067903864936285e-02 -7.390432425524131503e-04 -7.390432425524131503e-04 -3.529623798342088579e-04 1.692383277351500756e-04
2.236067903864936285e-02 -7.390432425524131503e-04 -7.390432425524131503e-04 -3.529623798342088579e-04 1.692383277351500756e-04
2.236067903864936285e-02 -7.390432425524131503e-04 -7.390432425524131503e-04 -3.529623798342088579e-04 1.692383277351500756e-04
2.236067903864936285e-02 -7.390432425524131503e-04 -7.390432425524131503e-04 -3.529623798342088579e-04 1.692383277351500756e-04
2.236067903864936285e-02 -7.390432425524131503e-04 -7.390432425524131503e-04 -3.529623798342088579e-04 1.692383277351500756e-04
2.236067903864936285e-02 -7.390432425524131503e-04 -7.390432425524131503e-04 -3.529623798342088579e-04 1.692383277351500756e-04
2.236067903864936285e-02 -7.390432425524131503e-04 -7.390432425524131503e-04 -3.529623798342088579e-04 1.692383277351500756e-04
2.236067903864936285e-02 -7.390432425524131503e-04 -7.390432425524131503e-04 -3.529623798342088579e-04 1.692383277351500756e-04
2.236067903864936285e-02 -7.390432425524131503e-04 -7.390432425524131503e-04 -3.529623798342088579e-04 1.692383277351500756e-04
2.236067903864936285e-02 -7.390432425524131503e-04 -7.390432425524131503e-04 -3.529623798342088579e-04 1.692383277351500756e-04
2.236067903864936285e-02 -7.390432425524131503e-04 -7.390432425524131503e-04 -3.529623798342088579e-04 1.692383277351500756e-04
2.236067903864936285e-02 -7.390432425524131503e-04 -7.390432425524131503e-04 -3.529623798342088579e-04 1.692383277351500756e-04
2.236067903864936285e-02 -7.390432425524131503e-04 -7.390432425524131503e-04 -3.529623798342088579e-04 1.692383277351500756e-04
2.236067903864936285e-02 -7.390432425524131503e-04 -7.390432425524131503e-04 -3.529623798342088579e-04 1.692383277351500756e-04
2.236067903864936285e-02 -7.390432425524131503e-04 -7.390432425524131503e-04 -3.529623798342088579e-04 1.692383277351500756e-04
2.236067903864936285e-02 -7.390432425524131503e-04 -7.390432425524131503e-04 -3.529623798342088579e-04 1.692383277351500756e-04
2.236067903864936285e-02 -7.390432425524131503e-04 -7.390432425524131503e-04 -3.529623798342088579e-04 1.692383277351500756e-04
2.236067903864936285e-02 -7.390432425524131503e-04 -7.390432425524131503e-04 -3.529623798342088579e-04 1.692383277351500756e-04
2.236067903864936285e-02 -7.390432425524131503e-04 -7.390432425524131503e-04 -3.529623798342088579e-04 1.692383277351500756e-04
2.236067903864936285e-02 -7.390432425524131503e-04 -7.390432425524131503e-04 -3.529623798342088579e-04 1.692383277351500756e-04
2.236067903864936285e-02 -7.390432425524131503e-04 -7.390432425524131503e-04 -3.529623798342088579e-04 1.692383277351500756e-04
2.236067903864936285e-02 -7.390432425524131503e-04 -7.390432425524131503e-04 -3.529623798342088579e-04 1.692383277351500756e-04
2.236067903864936285e-02 -7.390432425524131503e-04 -7.390432425524131503e-04 -3.529623798342088579e-04 1.692383277351500756e-04
2.236067903864936285e-02 -7.390432425524131503e-04 -7.390432425524131503e-04 -3.529623798342088579e-04 1.692383277351500756e-04
2.236067903864936285e-02 -7.390432425524131503e-04 -7.390432425524131503e-04 -3.529623798342088579e-04 1.692383277351500756e-04
2.236067903864936285e-02 -7.390432425524131503e-04 -7.390432425524131503e-04 -3.529623798342088579e-04 1.692383277351500756e-04
2.236067903864936285e-02 -7.390432425524131503e-04 -7.390432425524131503e-04 -3.529623798342088579e-04 1.692383277351500756e-04
2.236067903864936285e-02 -7.390432425524131503e-04 -7.390432425524131503e-04 -3.529623798342088579e-04 1.692383277351500756e-04
2.236067903864936285e-02 -7.390432425524131503e-04 -7.390432425524131503e-04 -3.529623798342088579e-04 1.692383277351500756e-04
2.236067903864936285e-02 -7.390432425524131503e-04 -7.390432425524131503e-04 -3.529623798342088579e-04 1.692383277351500756e-04
2.236067903864936285e-02 -7.390432425524131503e-04 -7.390432425524131503e-04 -3.529623798342088579e-04 1.692383277351500756e-04
2.236067903864936285e-02 -7.390432425524131503e-04 -7.390432425524131503e-04 -3.529623798342088579e-04 1.692383277351500756e-04
2.236067903864936285e-02 -7.390432425524131503e-04 -7.390432425524131503e-04 -3.529623798342088579e-04 1.692383277351500756e-04
2.236067903864936285e-02 -7.390432425524131503e-04 -7.390432425524131503e-04 -3.529623798342088579e-04 1.692383277351500756e-04
2.236067903864936285e-02 -7.390432425524131503e-04 -7.390432425524131503e-04 -3.529623798342088579e-04 1.692383277351500756e-04
2.236067903864936285e-02 -7.390432425524131503e-04 -7.390432425524131503e-04 -3.529623798342088579e-04 1.692383277351500756e-04
2.236067903864936285e-02 -7.390432425524131503e-04 -7.390432425524131503e-04 -3.529623798342088579e-04 1.692383277351500756e-04
2.236067903864936285e-02 -7.390432425524131503e-04 -7.390432425524131503e-04 -3.529623798342088579e-04 1.692383277351500756e-04
2.236067903864936285e-02 -7.390432425524131503e-04 -7.390432425524131503e-04 -3.529623798342088579e-04 1.692383277351500756e-04
2.236067903864936285e-02 -7.390432425524131503e-04 -7.390432425524131503e-04 -3.529623798342088579e-04 1.692383277351500756e-04
2.236067903864936285e-02 -7.390432425524131503e-04 -7.390432425524131503e-04 -3.529623798342088579e-04 1.692383277351500756e-04
2.236067903864936285e-02 -7.390432425524131503e-04 -7.390432425524131503e-04 -3.529623798342088579e-04 1.692383277351500756e-04
2.236067903864936285e-02 -7.390432425524131503e-04 -7.390432425524131503e-04 -3.529623798342088579e-04 1.692383277351500756e-04
2.236067903864936285e-02 -7.390432425524131503e-04 -7.390432425524131503e-04 -3.529623798342088579e-04 1.692383277351500756e-04
2.236067903864936285e-02 -7.390432425524131503e-04 -7.390432425524131503e-04 -3.529623798342088579e-04 1.692383277351500756e-04
2.236067903864936285e-02 -7.390432425524131503e-04 -7.390432425524131503e-04 -3.529623798342088579e-04 1.692383277351500756e-04
2.236067903864936285e-02 -7.390432425524131503e-04 -7.390432425524131503e-04 -3.529623798342088579e-04 1.692383277351500756e-04
2.236067903864936285e-02 -7.390432425524131503e-04 -7.390432425524131503e-04 -3.529623798342088579e-04 1.692383277351500756e-04
2.236067903864936285e-02 -7.390432425524131503e-04 -7.390432425524131503e-04 -3.529623798342088579e-04 1.692383277351500756e-04
2.236067903864936285e-02 -7.390432425524131503e-04 -7.390432425524131503e-04 -3.529623798342088579e-04 1.692383277351500756e-04
2.236067903864936285e-02 -7.390432425524131503e-04 -7.390432425524131503e-04 -3.529623798342088579e-04 1.692383277351500756e-04
2.236067903864936285e-02 -7.390432425524131503e-04 -7.390432425524131503e-04 -3.529623798342088579e-04 1.692383277351500756e-04
2.236067903864936285e-02 -7.390432425524131503e-04 -7.390432425524131503e-04 -3.529623798342088579e-04 1.692383277351500756e-04
2.236067903864936285e-02 -7.390432425524131503e-04 -7.390432425524131503e-04 -3.529623798342088579e-04 1.692383277351500756e-04
2.236067903864936285e-02 -7.390432425524131503e-04 -7.390432425524131503e-04 -3.529623798342088579e-04 1.692383277351500756e-04
2.236067903864936285e-02 -7.390432425524131503e-04 -7.390432425524131503e-04 -3.529623798342088579e-04 1.692383277351500756e-04
2.236067903864936285e-02 -7.390432425524131503e-04 -7.390432425524131503e-04 -3.529623798342088579e-04 1.692383277351500756e-04
2.236067903864936285e-02 -7.390432425524131503e-04 -7.390432425524131503e-04 -3.529623798342088579e-04 1.692383277351500756e-04
2.236067903864936285e-02 -7.390432425524131503e-04 -7.390432425524131503e-04 -3.529623798342088579e-04 1.692383277351500756e-04
2.236067903864936285e-02 -7.390432425524131503e-04 -7.390432425524131503e-04 -3.529623798342088579e-04 1.692383277351500756e-04
2.236067903864936285e-02 -7.390432425524131503e-04 -7.390432425524131503e-04 -3.529623798342088579e-04 1.692383277351500756e-04
2.236067903864936285e-02 -7.390432425524131503e-04 -7.390432425524131503e-04 -3.529623798342088579e-04 1.692383277351500756e-04
2.236067903864936285e-02 -7.390432425524131503e-04 -7.390432425524131503e-04 -3.529623798342088579e-04 1.692383277351500756e-04
2.236067903864936285e-02 -7.390432425524131503e-04 -7.390432425524131503e-04 -3.529623798342088579e-04 1.692383277351500756e-04
2.236067903864936285e-02 -7.390432425524131503e-04 -7.390432425524131503e-04 -3.529623798342088579e-04 1.692383277351500756e-04
2.236067903864936285e-02 -7.390432425524131503e-04 -7.390432425524131503e-04 -3.529623798342088579e-04 1.692383277351500756e-04
2.236067903864936285e-02 -7.390432425524131503e-04 -7.390432425524131503e-04 -3.529623798342088579e-04 1.692383277351500756e-04
2.236067903864936285e-02 -7.390432425524131503e-04 -7.390432425524131503e-04 -3.529623798342088579e-04 1.692383277351500756e-04
2.236067903864936285e-02 -7.390432425524131503e-04 -7.390432425524131503e-04 -3.529623798342088579e-04 1.692383277351500756e-04
2.236067903864936285e-02 -7.390432425524131503e-04 -7.390432425524131503e-04 -3.529623798342088579e-04 1.692383277351500756e-04
2.236067903864936285e-02 -7.390432425524131503e-04 -7.390432425524131503e-04 -3.529623798342088579e-04 1.692383277351500756e-04
2.236067903864936285e-02 -7.390432425524131503e-04 -7.390432425524131503e-04 -3.529623798342088579e-04 1.692383277351500756e-04
2.236067903864936285e-02 -7.390432425524131503e-04 -7.390432425524131503e-04 -3.529623798342088579e-04 1.692383277351500756e-04
2.236067903864936285e-02 -7.390432425524131503e-04 -7.390432425524131503e-04 -3.529623798342088579e-04 1.692383277351500756e-04
2.236067903864936285e-02 -7.390432425524131503e-04 -7.390432425524131503e-04 -3.529623798342088579e-04 1.692383277351500756e-04
2.236067903864936285e-02 -7.390432425524131503e-04 -7.390432425524131503e-04 -3.529623798342088579e-04 1.692383277351500756e-04
2.236067903864936285e-02 -7.390432425524131503e-04 -7.390432425524131503e-04 -3.529623798342088579e-04 1.692383277351500756e-04
2.236067903864936285e-02 -7.390432425524131503e-04 -7.390432425524131503e-04 -3.529623798342088579e-04 1.692383277351500756e-04
2.236067903864936285e-02 -7.390432425524131503e-04 -7.390432425524131503e-04 -3.529623798342088579e-04 1.692383277351500756e-04
2.236067903864936285e-02 -7.390432425524131503e-04 -7.390432425524131503e-04 -3.529623798342088579e-04 1.692383277351500756e-04
2.236067903864936285e-02 -7.390432425524131503e-04 -7.390432425524131503e-04 -3.529623798342088579e-04 1.692383277351500756e-04
2.236067903864936285e-02 -7.390432425524131503e-04 -7.390432425524131503e-04 -3.529623798342088579e-04 1.692383277351500756e-04
2.236067903864936285e-02 -7.390432425524131503e-04 -7.390432425524131503e-04 -3.529623798342088579e-04 1.692383277351500756e-04
2.236067903864936285e-02 -7.390432425524131503e-04 -7.390432425524131503e-04 -3.529623798342088579e-04 1.692383277351500756e-04
2.236067903864936285e-02 -7.390432425524131503e-04 -7.390432425524131503e-04 -3.529623798342088579e-04 1.692383277351500756e-04
2.236067903864936285e-02 -7.390432425524131503e-04 -7.390432425524131503e-04 -3.529623798342088579e-04 1.692383277351500756e-04
2.236067903864936285e-02 -7.390432425524131503e-04 -7.390432425524131503e-04 -3.529623798342088579e-04 1.692383277351500756e-04
2.236067903864936285e-02 -7.390432425524131503e-04 -7.390432425524131503e-04 -3.529623798342088579e-04 1.692383277351500756e-04
2.236067903864936285e-02 -7.390432425524131503e-04 -7.390432425524131503e-04 -3.529623798342088579e-04 1.692383277351500756e-04
2.236067903864936285e-02 -7.390432425524131503e-04 -7.390432425524131503e-04 -3.529623798342088579e-04 1.692383277351500756e-04
2.236067903864936285e-02 -7.390432425524131503e-04 -7.390432425524131503e-04 -3.529623798342088579e-04 1.692383277351500756e-04
2.236067903864936285e-02 -7.390432425524131503e-04 -7.390432425524131503e-04 -3.529623798342088579e-04 1.692383277351500756e-04
2.236067903864936285e-02 -7.390432425524131503e-04 -7.390432425524131503e-04 -3.529623798342088579e-04 1.692383277351500756e-04
2.236067903864936285e-02 -7.390432425524131503e-04 -7.390432425524131503e-04 -3.529623798342088579e-04 1.692383277351500756e-04
2.236067903864936285e-02 -7.390432425524131503e-04 -7.390432425524131503e-04 -3.529623798342088579e-04 1.692383277351500756e-04
2.236067903864936285e-02 -7.390432425524131503e-04 -7.390432425524131503e-04 -3.529623798342088579e-04 1.692383277351500756e-04
2.236067903864936285e-02 -7.390432425524131503e-04 -7.390432425524131503e-04 -3.529623798342088579e-04 1.692383277351500756e-04
2.236067903864936285e-02 -7.390432425524131503e-04 -7.390432425524131503e-04 -3.529623798342088579e-04 1.692383277351500756e-04
2.236067903864936285e-02 -7.390432425524131503e-04 -7.390432425524131503e-04 -3.529623798342088579e-04 1.692383277351500756e-04
2.236067903864936285e-02 -7.390432425524131503e-04 -7.390432425524131503e-04 -3.529623798342088579e-04 1.692383277351500756e-04
2.236067903864936285e-02 -7.390432425524131503e-04 -7.390432425524131503e-04 -3.529623798342088579e-04 1.692383277351500756e-04
2.236067903864936285e-02 -7.390432425524131503e-04 -7.390432425524131503e-04 -3.529623798342088579e-04 1.692383277351500756e-04
2.236067903864936285e-02 -7.390432425524131503e-04 -7.390432425524131503e-04 -3.529623798342088579e-04 1.692383277351500756e-04
2.236067903864936285e-02 -7.390432425524131503e-04 -7.390432425524131503e-04 -3.529623798342088579e-04 1.692383277351500756e-04
2.236067903864936285e-02 -7.390432425524131503e-04 -7.390432425524131503e-04 -3.529623798342088579e-04 1.692383277351500756e-04
2.236067903864936285e-02 -7.390432425524131503e-04 -7.390432425524131503e-04 -3.529623798342088579e-04 1.692383277351500756e-04
2.236067903864936285e-02 -7.390432425524131503e-04 -7.390432425524131503e-04 -3.529623798342088579e-04 1.692383277351500756e-04
2.236067903864936285e-02 -7.390432425524131503e-04 -7.390432425524131503e-04 -3.529623798342088579e-04 1.692383277351500756e-04
2.236067903864936285e-02 -7.390432425524131503e-04 -7.390432425524131503e-04 -3.529623798342088579e-04 1.692383277351500756e-04
2.236067903864936285e-02 -7.390432425524131503e-04 -7.390432425524131503e-04 -3.529623798342088579e-04 1.692383277351500756e-04
2.236067903864936285e-02 -7.390432425524131503e-04 -7.390432425524131503e-04 -3.529623798342088579e-04 1.692383277351500756e-04
2.236067903864936285e-02 -7.390432425524131503e-04 -7.390432425524131503e-04 -3.529623798342088579e-04 1.692383277351500756e-04
2.236067903864936285e-02 -7.390432425524131503e-04 -7.390432425524131503e-04 -3.529623798342088579e-04 1.692383277351500756e-04
2.236067903864936285e-02 -7.390432425524131503e-04 -7.390432425524131503e-04 -3.529623798342088579e-04 1.692383277351500756e-04
2.236067903864936285e-02 -7.390432425524131503e-04 -7.390432425524131503e-04 -3.529623798342088579e-04 1.692383277351500756e-04
2.236067903864936285e-02 -7.390432425524131503e-04 -7.390432425524131503e-04 -3.529623798342088579e-04 1.692383277351500756e-04
2.236067903864936285e-02 -7.390432425524131503e-04 -7.390432425524131503e-04 -3.529623798342088579e-04 1.692383277351500756e-04
2.236067903864936285e-02 -7.390432425524131503e-04 -7.390432425524131503e-04 -3.529623798342088579e-04 1.692383277351500756e-04
2.236067903864936285e-02 -7.390432425524131503e-04 -7.390432425524131503e-04 -3.529623798342088579e-04 1.692383277351500756e-04
2.236067903864936285e-02 -7.390432425524131503e-04 -7.390432425524131503e-04 -3.529623798342088579e-04 1.692383277351500756e-04
2.236067903864936285e-02 -7.390432425524131503e-04 -7.390432425524131503e-04 -3.529623798342088579e-04 1.692383277351500756e-04
2.236067903864936285e-02 -7.390432425524131503e-04 -7.390432425524131503e-04 -3.529623798342088579e-04 1.692383277351500756e-04
2.236067903864936285e-02 -7.390432425524131503e-04 -7.390432425524131503e-04 -3.529623798342088579e-04 1.692383277351500756e-04
2.236067903864936285e-02 -7.390432425524131503e-04 -7.390432425524131503e-04 -3.529623798342088579e-04 1.692383277351500756e-04
2.236067903864936285e-02 -7.390432425524131503e-04 -7.390432425524131503e-04 -3.529623798342088579e-04 1.692383277351500756e-04
2.236067903864936285e-02 -7.390432425524131503e-04 -7.390432425524131503e-04 -3.529623798342088579e-04 1.692383277351500756e-04
2.236067903864936285e-02 -7.390432425524131503e-04 -7.390432425524131503e-04 -3.529623798342088579e-04 1.692383277351500756e-04
2.236067903864936285e-02 -7.390432425524131503e-04 -7.390432425524131503e-04 -3.529623798342088579e-04 1.692383277351500756e-04
2.236067903864936285e-02 -7.390432425524131503e-04 -7.390432425524131503e-04 -3.529623798342088579e-04 1.692383277351500756e-04
2.236067903864936285e-02 -7.390432425524131503e-04 -7.390432425524131503e-04 -3.529623798342088579e-04 1.692383277351500756e-04
2.236067903864936285e-02 -7.390432425524131503e-04 -7.390432425524131503e-04 -3.529623798342088579e-04 1.692383277351500756e-04
2.236067903864936285e-02 -7.390432425524131503e-04 -7.390432425524131503e-04 -3.529623798342088579e-04 1.692383277351500756e-04
2.236067903864936285e-02 -7.390432425524131503e-04 -7.390432425524131503e-04 -3.529623798342088579e-04 1.692383277351500756e-04
2.236067903864936285e-02 -7.390432425524131503e-04 -7.390432425524131503e-04 -3.529623798342088579e-04 1.692383277351500756e-04
2.236067903864936285e-02 -7.390432425524131503e-04 -7.390432425524131503e-04 -3.529623798342088579e-04 1.692383277351500756e-04
2.236067903864936285e-02 -7.390432425524131503e-04 -7.390432425524131503e-04 -3.529623798342088579e-04 1.692383277351500756e-04
2.236067903864936285e-02 -7.390432425524131503e-04 -7.390432425524131503e-04 -3.529623798342088579e-04 1.692383277351500756e-04
2.236067903864936285e-02 -7.390432425524131503e-04 -7.390432425524131503e-04 -3.529623798342088579e-04 1.692383277351500756e-04
2.236067903864936285e-02 -7.390432425524131503e-04 -7.390432425524131503e-04 -3.529623798342088579e-04 1.692383277351500756e-04
2.236067903864936285e-02 -7.390432425524131503e-04 -7.390432425524131503e-04 -3.529623798342088579e-04 1.692383277351500756e-04
2.236067903864936285e-02 -7.390432425524131503e-04 -7.390432425524131503e-04 -3.529623798342088579e-04 1.692383277351500756e-04
2.236067903864936285e-02 -7.390432425524131503e-04 -7.390432425524131503e-04 -3.529623798342088579e-04 1.692383277351500756e-04
2.236067903864936285e-02 -7.390432425524131503e-04 -7.390432425524131503e-04 -3.529623798342088579e-04 1.692383277351500756e-04
2.236067903864936285e-02 -7.390432425524131503e-04 -7.390432425524131503e-04 -3.529623798342088579e-04 1.692383277351500756e-04
2.236067903864936285e-02 -7.390432425524131503e-04 -7.390432425524131503e-04 -3.529623798342088579e-04 1.692383277351500756e-04
2.236067903864936285e-02 -7.390432425524131503e-04 -7.390432425524131503e-04 -3.529623798342088579e-04 1.692383277351500756e-04
2.236067903864936285e-02 -7.390432425524131503e-04 -7.390432425524131503e-04 -3.529623798342088579e-04 1.692383277351500756e-04
2.236067903864936285e-02 -7.390432425524131503e-04 -7.390432425524131503e-04 -3.529623798342088579e-04 1.692383277351500756e-04
2.236067903864936285e-02 -7.390432425524131503e-04 -7.390432425524131503e-04 -3.529623798342088579e-04 1.692383277351500756e-04
2.236067903864936285e-02 -7.390432425524131503e-04 -7.390432425524131503e-04 -3.529623798342088579e-04 1.692383277351500756e-04
2.236067903864936285e-02 -7.390432425524131503e-04 -7.390432425524131503e-04 -3.529623798342088579e-04 1.692383277351500756e-04
2.236067903864936285e-02 -7.390432425524131503e-04 -7.390432425524131503e-04 -3.529623798342088579e-04 1.692383277351500756e-04
2.236067903864936285e-02 -7.390432425524131503e-04 -7.390432425524131503e-04 -3.529623798342088579e-04 1.692383277351500756e-04
2.236067903864936285e-02 -7.390432425524131503e-04 -7.390432425524131503e-04 -3.529623798342088579e-04 1.692383277351500756e-04
2.236067903864936285e-02 -7.390432425524131503e-04 -7.390432425524131503e-04 -3.529623798342088579e-04 1.692383277351500756e-04
2.236067903864936285e-02 -7.390432425524131503e-04 -7.390432425524131503e-04 -3.529623798342088579e-04 1.692383277351500756e-04
2.236067903864936285e-02 -7.390432425524131503e-04 -7.390432425524131503e-04 -3.529623798342088579e-04 1.692383277351500756e-04
2.236067903864936285e-02 -7.390432425524131503e-04 -7.390432425524131503e-04 -3.529623798342088579e-04 1.692383277351500756e-04
2.236067903864936285e-02 -7.390432425524131503e-04 -7.390432425524131503e-04 -3.529623798342088579e-04 1.692383277351500756e-04
2.236067903864936285e-02 -7.390432425524131503e-04 -7.390432425524131503e-04 -3.529623798342088579e-04 1.692383277351500756e-04
2.236067903864936285e-02 -7.390432425524131503e-04 -7.390432425524131503e-04 -3.529623798342088579e-04 1.692383277351500756e-04
2.236067903864936285e-02 -7.390432425524131503e-04 -7.390432425524131503e-04 -3.529623798342088579e-04 1.692383277351500756e-04
2.236067903864936285e-02 -7.390432425524131503e-04 -7.390432425524131503e-04 -3.529623798342088579e-04 1.692383277351500756e-04
2.236067903864936285e-02 -7.390432425524131503e-04 -7.390432425524131503e-04 -3.529623798342088579e-04 1.692383277351500756e-04
2.236067903864936285e-02 -7.390432425524131503e-04 -7.390432425524131503e-04 -3.529623798342088579e-04 1.692383277351500756e-04
2.236067903864936285e-02 -7.390432425524131503e-04 -7.390432425524131503e-04 -3.529623798342088579e-04 1.692383277351500756e-04
2.236067903864936285e-02 -7.390432425524131503e-04 -7.390432425524131503e-04 -3.529623798342088579e-04 1.692383277351500756e-04
2.236067903864936285e-02 -7.390432425524131503e-04 -7.390432425524131503e-04 -3.529623798342088579e-04 1.692383277351500756e-04
2.236067903864936285e-02 -7.390432425524131503e-04 -7.390432425524131503e-04 -3.529623798342088579e-04 1.692383277351500756e-04
2.236067903864936285e-02 -7.390432425524131503e-04 -7.390432425524131503e-04 -3.529623798342088579e-04 1.692383277351500756e-04
2.236067903864936285e-02 -7.390432425524131503e-04 -7.390432425524131503e-04 -3.529623798342088579e-04 1.692383277351500756e-04
2.236067903864936285e-02 -7.390432425524131503e-04 -7.390432425524131503e-04 -3.529623798342088579e-04 1.692383277351500756e-04
2.236067903864936285e-02 -7.390432425524131503e-04 -7.390432425524131503e-04 -3.529623798342088579e-04 1.692383277351500756e-04
2.236067903864936285e-02 -7.390432425524131503e-04 -7.390432425524131503e-04 -3.529623798342088579e-04 1.692383277351500756e-04
2.236067903864936285e-02 -7.390432425524131503e-04 -7.390432425524131503e-04 -3.529623798342088579e-04 1.692383277351500756e-04
2.236067903864936285e-02 -7.390432425524131503e-04 -7.390432425524131503e-04 -3.529623798342088579e-04 1.692383277351500756e-04
2.236067903864936285e-02 -7.390432425524131503e-04 -7.390432425524131503e-04 -3.529623798342088579e-04 1.692383277351500756e-04
2.236067903864936285e-02 -7.390432425524131503e-04 -7.390432425524131503e-04 -3.529623798342088579e-04 1.692383277351500756e-04
2.236067903864936285e-02 -7.390432425524131503e-04 -7.390432425524131503e-04 -3.529623798342088579e-04 1.692383277351500756e-04
2.236067903864936285e-02 -7.390432425524131503e-04 -7.390432425524131503e-04 -3.529623798342088579e-04 1.692383277351500756e-04
2.236067903864936285e-02 -7.390432425524131503e-04 -7.390432425524131503e-04 -3.529623798342088579e-04 1.692383277351500756e-04
2.236067903864936285e-02 -7.390432425524131503e-04 -7.390432425524131503e-04 -3.529623798342088579e-04 1.692383277351500756e-04
2.236067903864936285e-02 -7.390432425524131503e-04 -7.390432425524131503e-04 -3.529623798342088579e-04 1.692383277351500756e-04
2.236067903864936285e-02 -7.390432425524131503e-04 -7.390432425524131503e-04 -3.529623798342088579e-04 1.692383277351500756e-04
2.236067903864936285e-02 -7.390432425524131503e-04 -7.390432425524131503e-04 -3.529623798342088579e-04 1.692383277351500756e-04
2.236067903864936285e-02 -7.390432425524131503e-04 -7.390432425524131503e-04 -3.529623798342088579e-04 1.692383277351500756e-04
2.236067903864936285e-02 -7.390432425524131503e-04 -7.390432425524131503e-04 -3.529623798342088579e-04 1.692383277351500756e-04
2.236067903864936285e-02 -7.390432425524131503e-04 -7.390432425524131503e-04 -3.529623798342088579e-04 1.692383277351500756e-04
2.236067903864936285e-02 -7.390432425524131503e-04 -7.390432425524131503e-04 -3.529623798342088579e-04 1.692383277351500756e-04
2.236067903864936285e-02 -7.390432425524131503e-04 -7.390432425524131503e-04 -3.529623798342088579e-04 1.692383277351500756e-04
2.236067903864936285e-02 -7.390432425524131503e-04 -7.390432425524131503e-04 -3.529623798342088579e-04 1.692383277351500756e-04
2.236067903864936285e-02 -7.390432425524131503e-04 -7.390432425524131503e-04 -3.529623798342088579e-04 1.692383277351500756e-04
2.236067903864936285e-02 -7.390432425524131503e-04 -7.390432425524131503e-04 -3.529623798342088579e-04 1.692383277351500756e-04
2.236067903864936285e-02 -7.390432425524131503e-04 -7.390432425524131503e-04 -3.529623798342088579e-04 1.692383277351500756e-04
2.236067903864936285e-02 -7.390432425524131503e-04 -7.390432425524131503e-04 -3.529623798342088579e-04 1.692383277351500756e-04
2.236067903864936285e-02 -7.390432425524131503e-04 -7.390432425524131503e-04 -3.529623798342088579e-04 1.692383277351500756e-04
2.236067903864936285e-02 -7.390432425524131503e-04 -7.390432425524131503e-04 -3.529623798342088579e-04 1.692383277351500756e-04
2.236067903864936285e-02 -7.390432425524131503e-04 -7.390432425524131503e-04 -3.529623798342088579e-04 1.692383277351500756e-04
2.236067903864936285e-02 -7.390432425524131503e-04 -7.390432425524131503e-04 -3.529623798342088579e-04 1.692383277351500756e-04
2.236067903864936285e-02 -7.390432425524131503e-04 -7.390432425524131503e-04 -3.529623798342088579e-04 1.692383277351500756e-04
2.236067903864936285e-02 -7.390432425524131503e-04 -7.390432425524131503e-04 -3.529623798342088579e-04 1.692383277351500756e-04
2.236067903864936285e-02 -7.390432425524131503e-04 -7.390432425524131503e-04 -3.529623798342088579e-04 1.692383277351500756e-04
2.236067903864936285e-02 -7.390432425524131503e-04 -7.390432425524131503e-04 -3.529623798342088579e-04 1.692383277351500756e-04
2.236067903864936285e-02 -7.390432425524131503e-04 -7.390432425524131503e-04 -3.529623798342088579e-04 1.692383277351500756e-04
2.236067903864936285e-02 -7.390432425524131503e-04 -7.390432425524131503e-04 -3.529623798342088579e-04 1.692383277351500756e-04
2.236067903864936285e-02 -7.390432425524131503e-04 -7.390432425524131503e-04 -3.529623798342088579e-04 1.692383277351500756e-04
2.236067903864936285e-02 -7.390432425524131503e-04 -7.390432425524131503e-04 -3.529623798342088579e-04 1.692383277351500756e-04
2.236067903864936285e-02 -7.390432425524131503e-04 -7.390432425524131503e-04 -3.529623798342088579e-04 1.692383277351500756e-04
2.236067903864936285e-02 -7.390432425524131503e-04 -7.390432425524131503e-04 -3.529623798342088579e-04 1.692383277351500756e-04
2.236067903864936285e-02 -7.390432425524131503e-04 -7.390432425524131503e-04 -3.529623798342088579e-04 1.692383277351500756e-04
2.236067903864936285e-02 -7.390432425524131503e-04 -7.390432425524131503e-04 -3.529623798342088579e-04 1.692383277351500756e-04
2.236067903864936285e-02 -7.390432425524131503e-04 -7.390432425524131503e-04 -3.529623798342088579e-04 1.692383277351500756e-04
2.236067903864936285e-02 -7.390432425524131503e-04 -7.390432425524131503e-04 -3.529623798342088579e-04 1.692383277351500756e-04
2.236067903864936285e-02 -7.390432425524131503e-04 -7.390432425524131503e-04 -3.529623798342088579e-04 1.692383277351500756e-04
2.236067903864936285e-02 -7.390432425524131503e-04 -7.390432425524131503e-04 -3.529623798342088579e-04 1.692383277351500756e-04
2.236067903864936285e-02 -7.390432425524131503e-04 -7.390432425524131503e-04 -3.529623798342088579e-04 1.692383277351500756e-04
2.236067903864936285e-02 -7.390432425524131503e-04 -7.390432425524131503e-04 -3.529623798342088579e-04 1.692383277351500756e-04
2.236067903864936285e-02 -7.390432425524131503e-04 -7.390432425524131503e-04 -3.529623798342088579e-04 1.692383277351500756e-04
2.236067903864936285e-02 -7.390432425524131503e-04 -7.390432425524131503e-04 -3.529623798342088579e-04 1.692383277351500756e-04
2.236067903864936285e-02 -7.390432425524131503e-04 -7.390432425524131503e-04 -3.529623798342088579e-04 1.692383277351500756e-04
2.236067903864936285e-02 -7.390432425524131503e-04 -7.390432425524131503e-04 -3.529623798342088579e-04 1.692383277351500756e-04
2.236067903864936285e-02 -7.390432425524131503e-04 -7.390432425524131503e-04 -3.529623798342088579e-04 1.692383277351500756e-04
2.236067903864936285e-02 -7.390432425524131503e-04 -7.390432425524131503e-04 -3.529623798342088579e-04 1.692383277351500756e-04
2.236067903864936285e-02 -7.390432425524131503e-04 -7.390432425524131503e-04 -3.529623798342088579e-04 1.692383277351500756e-04
2.236067903864936285e-02 -7.390432425524131503e-04 -7.390432425524131503e-04 -3.529623798342088579e-04 1.692383277351500756e-04
2.236067903864936285e-02 -7.390432425524131503e-04 -7.390432425524131503e-04 -3.529623798342088579e-04 1.692383277351500756e-04
2.236067903864936285e-02 -7.390432425524131503e-04 -7.390432425524131503e-04 -3.529623798342088579e-04 1.692383277351500756e-04
2.236067903864936285e-02 -7.390432425524131503e-04 -7.390432425524131503e-04 -3.529623798342088579e-04 1.692383277351500756e-04
2.236067903864936285e-02 -7.390432425524131503e-04 -7.390432425524131503e-04 -3.529623798342088579e-04 1.692383277351500756e-04
2.236067903864936285e-02 -7.390432425524131503e-04 -7.390432425524131503e-04 -3.529623798342088579e-04 1.692383277351500756e-04
2.236067903864936285e-02 -7.390432425524131503e-04 -7.390432425524131503e-04 -3.529623798342088579e-04 1.692383277351500756e-04
2.236067903864936285e-02 -7.390432425524131503e-04 -7.390432425524131503e-04 -3.529623798342088579e-04 1.692383277351500756e-04
2.236067903864936285e-02 -7.390432425524131503e-04 -7.390432425524131503e-04 -3.529623798342088579e-04 1.692383277351500756e-04
2.236067903864936285e-02 -7.390432425524131503e-04 -7.390432425524131503e-04 -3.529623798342088579e-04 1.692383277351500756e-04
2.236067903864936285e-02 -7.390432425524131503e-04 -7.390432425524131503e-04 -3.529623798342088579e-04 1.692383277351500756e-04
2.236067903864936285e-02 -7.390432425524131503e-04 -7.390432425524131503e-04 -3.529623798342088579e-04 1.692383277351500756e-04
2.236067903864936285e-02 -7.390432425524131503e-04 -7.390432425524131503e-04 -3.529623798342088579e-04 1.692383277351500756e-04
2.236067903864936285e-02 -7.390432425524131503e-04 -7.390432425524131503e-04 -3.529623798342088579e-04 1.692383277351500756e-04
2.236067903864936285e-02 -7.390432425524131503e-04 -7.390432425524131503e-04 -3.529623798342088579e-04 1.692383277351500756e-04
2.236067903864936285e-02 -7.390432425524131503e-04 -7.390432425524131503e-04 -3.529623798342088579e-04 1.692383277351500756e-04
2.236067903864936285e-02 -7.390432425524131503e-04 -7.390432425524131503e-04 -3.529623798342088579e-04 1.692383277351500756e-04
2.236067903864936285e-02 -7.390432425524131503e-04 -7.390432425524131503e-04 -3.529623798342088579e-04 1.692383277351500756e-04
2.236067903864936285e-02 -7.390432425524131503e-04 -7.390432425524131503e-04 -3.529623798342088579e-04 1.692383277351500756e-04
2.236067903864936285e-02 -7.390432425524131503e-04 -7.390432425524131503e-04 -3.529623798342088579e-04 1.692383277351500756e-04
2.236067903864936285e-02 -7.390432425524131503e-04 -7.390432425524131503e-04 -3.529623798342088579e-04 1.692383277351500756e-04
2.236067903864936285e-02 -7.390432425524131503e-04 -7.390432425524131503e-04 -3.529623798342088579e-04 1.692383277351500756e-04
2.236067903864936285e-02 -7.390432425524131503e-04 -7.390432425524131503e-04 -3.529623798342088579e-04 1.692383277351500756e-04
2.236067903864936285e-02 -7.390432425524131503e-04 -7.390432425524131503e-04 -3.529623798342088579e-04 1.692383277351500756e-04
2.236067903864936285e-02 -7.390432425524131503e-04 -7.390432425524131503e-04 -3.529623798342088579e-04 1.692383277351500756e-04
2.236067903864936285e-02 -7.390432425524131503e-04 -7.390432425524131503e-04 -3.529623798342088579e-04 1.692383277351500756e-04
2.236067903864936285e-02 -7.390432425524131503e-04 -7.390432425524131503e-04 -3.529623798342088579e-04 1.692383277351500756e-04
2.236067903864936285e-02 -7.390432425524131503e-04 -7.390432425524131503e-04 -3.529623798342088579e-04 1.692383277351500756e-04
2.236067903864936285e-02 -7.390432425524131503e-04 -7.390432425524131503e-04 -3.529623798342088579e-04 1.692383277351500756e-04
2.236067903864936285e-02 -7.390432425524131503e-04 -7.390432425524131503e-04 -3.529623798342088579e-04 1.692383277351500756e-04
2.236067903864936285e-02 -7.390432425524131503e-04 -7.390432425524131503e-04 -3.529623798342088579e-04 1.692383277351500756e-04
2.236067903864936285e-02 -7.390432425524131503e-04 -7.390432425524131503e-04 -3.529623798342088579e-04 1.692383277351500756e-04
2.236067903864936285e-02 -7.390432425524131503e-04 -7.390432425524131503e-04 -3.529623798342088579e-04 1.692383277351500756e-04
2.236067903864936285e-02 -7.390432425524131503e-04 -7.390432425524131503e-04 -3.529623798342088579e-04 1.692383277351500756e-04
2.236067903864936285e-02 -7.390432425524131503e-04 -7.390432425524131503e-04 -3.529623798342088579e-04 1.692383277351500756e-04
2.236067903864936285e-02 -7.390432425524131503e-04 -7.390432425524131503e-04 -3.529623798342088579e-04 1.692383277351500756e-04
2.236067903864936285e-02 -7.390432425524131503e-04 -7.390432425524131503e-04 -3.529623798342088579e-04 1.692383277351500756e-04
2.236067903864936285e-02 -7.390432425524131503e-04 -7.390432425524131503e-04 -3.529623798342088579e-04 1.692383277351500756e-04
2.236067903864936285e-02 -7.390432425524131503e-04 -7.390432425524131503e-04 -3.529623798342088579e-04 1.692383277351500756e-04
2.236067903864936285e-02 -7.390432425524131503e-04 -7.390432425524131503e-04 -3.529623798342088579e-04 1.692383277351500756e-04
2.236067903864936285e-02 -7.390432425524131503e-04 -7.390432425524131503e-04 -3.529623798342088579e-04 1.692383277351500756e-04
2.236067903864936285e-02 -7.390432425524131503e-04 -7.390432425524131503e-04 -3.529623798342088579e-04 1.692383277351500756e-04
2.236067903864936285e-02 -7.390432425524131503e-04 -7.390432425524131503e-04 -3.529623798342088579e-04 1.692383277351500756e-04
2.236067903864936285e-02 -7.390432425524131503e-04 -7.390432425524131503e-04 -3.529623798342088579e-04 1.692383277351500756e-04
2.236067903864936285e-02 -7.390432425524131503e-04 -7.390432425524131503e-04 -3.529623798342088579e-04 1.692383277351500756e-04
2.236067903864936285e-02 -7.390432425524131503e-04 -7.390432425524131503e-04 -3.529623798342088579e-04 1.692383277351500756e-04
2.236067903864936285e-02 -7.390432425524131503e-04 -7.390432425524131503e-04 -3.529623798342088579e-04 1.692383277351500756e-04
2.236067903864936285e-02 -7.390432425524131503e-04 -7.390432425524131503e-04 -3.529623798342088579e-04 1.692383277351500756e-04
2.236067903864936285e-02 -7.390432425524131503e-04 -7.390432425524131503e-04 -3.529623798342088579e-04 1.692383277351500756e-04
2.236067903864936285e-02 -7.390432425524131503e-04 -7.390432425524131503e-04 -3.529623798342088579e-04 1.692383277351500756e-04
2.236067903864936285e-02 -7.390432425524131503e-04 -7.390432425524131503e-04 -3.529623798342088579e-04 1.692383277351500756e-04
2.236067903864936285e-02 -7.390432425524131503e-04 -7.390432425524131503e-04 -3.529623798342088579e-04 1.692383277351500756e-04
2.236067903864936285e-02 -7.390432425524131503e-04 -7.390432425524131503e-04 -3.529623798342088579e-04 1.692383277351500756e-04
2.236067903864936285e-02 -7.390432425524131503e-04 -7.390432425524131503e-04 -3.529623798342088579e-04 1.692383277351500756e-04
2.236067903864936285e-02 -7.390432425524131503e-04 -7.390432425524131503e-04 -3.529623798342088579e-04 1.692383277351500756e-04
2.236067903864936285e-02 -7.390432425524131503e-04 -7.390432425524131503e-04 -3.529623798342088579e-04 1.692383277351500756e-04
2.236067903864936285e-02 -7.390432425524131503e-04 -7.390432425524131503e-04 -3.529623798342088579e-04 1.692383277351500756e-04
2.236067903864936285e-02 -7.390432425524131503e-04 -7.390432425524131503e-04 -3.529623798342088579e-04 1.692383277351500756e-04
2.236067903864936285e-02 -7.390432425524131503e-04 -7.390432425524131503e-04 -3.529623798342088579e-04 1.692383277351500756e-04
2.236067903864936285e-02 -7.390432425524131503e-04 -7.390432425524131503e-04 -3.529623798342088579e-04 1.692383277351500756e-04
2.236067903864936285e-02 -7.390432425524131503e-04 -7.390432425524131503e-04 -3.529623798342088579e-04 1.692383277351500756e-04
2.236067903864936285e-02 -7.390432425524131503e-04 -7.390432425524131503e-04 -3.529623798342088579e-04 1.692383277351500756e-04
2.236067903864936285e-02 -7.390432425524131503e-04 -7.390432425524131503e-04 -3.529623798342088579e-04 1.692383277351500756e-04
2.236067903864936285e-02 -7.390432425524131503e-04 -7.390432425524131503e-04 -3.529623798342088579e-04 1.692383277351500756e-04
2.236067903864936285e-02 -7.390432425524131503e-04 -7.390432425524131503e-04 -3.529623798342088579e-04 1.692383277351500756e-04
2.236067903864936285e-02 -7.390432425524131503e-04 -7.390432425524131503e-04 -3.529623798342088579e-04 1.692383277351500756e-04
2.236067903864936285e-02 -7.390432425524131503e-04 -7.390432425524131503e-04 -3.529623798342088579e-04 1.692383277351500756e-04
2.236067903864936285e-02 -7.390432425524131503e-04 -7.390432425524131503e-04 -3.529623798342088579e-04 1.692383277351500756e-04
2.236067903864936285e-02 -7.390432425524131503e-04 -7.390432425524131503e-04 -3.529623798342088579e-04 1.692383277351500756e-04
2.236067903864936285e-02 -7.390432425524131503e-04 -7.390432425524131503e-04 -3.529623798342088579e-04 1.692383277351500756e-04
2.236067903864936285e-02 -7.390432425524131503e-04 -7.390432425524131503e-04 -3.529623798342088579e-04 1.692383277351500756e-04
2.236067903864936285e-02 -7.390432425524131503e-04 -7.390432425524131503e-04 -3.529623798342088579e-04 1.692383277351500756e-04
2.236067903864936285e-02 -7.390432425524131503e-04 -7.390432425524131503e-04 -3.529623798342088579e-04 1.692383277351500756e-04
2.236067903864936285e-02 -7.390432425524131503e-04 -7.390432425524131503e-04 -3.529623798342088579e-04 1.692383277351500756e-04
2.236067903864936285e-02 -7.390432425524131503e-04 -7.390432425524131503e-04 -3.529623798342088579e-04 1.692383277351500756e-04
2.236067903864936285e-02 -7.390432425524131503e-04 -7.390432425524131503e-04 -3.529623798342088579e-04 1.692383277351500756e-04
2.236067903864936285e-02 -7.390432425524131503e-04 -7.390432425524131503e-04 -3.529623798342088579e-04 1.692383277351500756e-04
2.236067903864936285e-02 -7.390432425524131503e-04 -7.390432425524131503e-04 -3.529623798342088579e-04 1.692383277351500756e-04
2.236067903864936285e-02 -7.390432425524131503e-04 -7.390432425524131503e-04 -3.529623798342088579e-04 1.692383277351500756e-04
2.236067903864936285e-02 -7.390432425524131503e-04 -7.390432425524131503e-04 -3.529623798342088579e-04 1.692383277351500756e-04
2.236067903864936285e-02 -7.390432425524131503e-04 -7.390432425524131503e-04 -3.529623798342088579e-04 1.692383277351500756e-04
2.236067903864936285e-02 -7.390432425524131503e-04 -7.390432425524131503e-04 -3.529623798342088579e-04 1.692383277351500756e-04
2.236067903864936285e-02 -7.390432425524131503e-04 -7.390432425524131503e-04 -3.529623798342088579e-04 1.692383277351500756e-04
2.236067903864936285e-02 -7.390432425524131503e-04 -7.390432425524131503e-04 -3.529623798342088579e-04 1.692383277351500756e-04
2.236067903864936285e-02 -7.390432425524131503e-04 -7.390432425524131503e-04 -3.529623798342088579e-04 1.692383277351500756e-04
2.236067903864936285e-02 -7.390432425524131503e-04 -7.390432425524131503e-04 -3.529623798342088579e-04 1.692383277351500756e-04
2.236067903864936285e-02 -7.390432425524131503e-04 -7.390432425524131503e-04 -3.529623798342088579e-04 1.692383277351500756e-04
2.236067903864936285e-02 -7.390432425524131503e-04 -7.390432425524131503e-04 -3.529623798342088579e-04 1.692383277351500756e-04
2.236067903864936285e-02 -7.390432425524131503e-04 -7.390432425524131503e-04 -3.529623798342088579e-04 1.692383277351500756e-04
2.236067903864936285e-02 -7.390432425524131503e-04 -7.390432425524131503e-04 -3.529623798342088579e-04 1.692383277351500756e-04
2.236067903864936285e-02 -7.390432425524131503e-04 -7.390432425524131503e-04 -3.529623798342088579e-04 1.692383277351500756e-04
2.236067903864936285e-02 -7.390432425524131503e-04 -7.390432425524131503e-04 -3.529623798342088579e-04 1.692383277351500756e-04
2.236067903864936285e-02 -7.390432425524131503e-04 -7.390432425524131503e-04 -3.529623798342088579e-04 1.692383277351500756e-04
2.236067903864936285e-02 -7.390432425524131503e-04 -7.390432425524131503e-04 -3.529623798342088579e-04 1.692383277351500756e-04
2.236067903864936285e-02 -7.390432425524131503e-04 -7.390432425524131503e-04 -3.529623798342088579e-04 1.692383277351500756e-04
2.236067903864936285e-02 -7.390432425524131503e-04 -7.390432425524131503e-04 -3.529623798342088579e-04 1.692383277351500756e-04
2.236067903864936285e-02 -7.390432425524131503e-04 -7.390432425524131503e-04 -3.529623798342088579e-04 1.692383277351500756e-04
2.236067903864936285e-02 -7.390432425524131503e-04 -7.390432425524131503e-04 -3.529623798342088579e-04 1.692383277351500756e-04
2.236067903864936285e-02 -7.390432425524131503e-04 -7.390432425524131503e-04 -3.529623798342088579e-04 1.692383277351500756e-04
2.236067903864936285e-02 -7.390432425524131503e-04 -7.390432425524131503e-04 -3.529623798342088579e-04 1.692383277351500756e-04
2.236067903864936285e-02 -7.390432425524131503e-04 -7.390432425524131503e-04 -3.529623798342088579e-04 1.692383277351500756e-04
2.236067903864936285e-02 -7.390432425524131503e-04 -7.390432425524131503e-04 -3.529623798342088579e-04 1.692383277351500756e-04
2.236067903864936285e-02 -7.390432425524131503e-04 -7.390432425524131503e-04 -3.529623798342088579e-04 1.692383277351500756e-04
2.236067903864936285e-02 -7.390432425524131503e-04 -7.390432425524131503e-04 -3.529623798342088579e-04 1.692383277351500756e-04
2.236067903864936285e-02 -7.390432425524131503e-04 -7.390432425524131503e-04 -3.529623798342088579e-04 1.692383277351500756e-04
2.236067903864936285e-02 -7.390432425524131503e-04 -7.390432425524131503e-04 -3.529623798342088579e-04 1.692383277351500756e-04
2.236067903864936285e-02 -7.390432425524131503e-04 -7.390432425524131503e-04 -3.529623798342088579e-04 1.692383277351500756e-04
2.236067903864936285e-02 -7.390432425524131503e-04 -7.390432425524131503e-04 -3.529623798342088579e-04 1.692383277351500756e-04
2.236067903864936285e-02 -7.390432425524131503e-04 -7.390432425524131503e-04 -3.529623798342088579e-04 1.692383277351500756e-04
2.236067903864936285e-02 -7.390432425524131503e-04 -7.390432425524131503e-04 -3.529623798342088579e-04 1.692383277351500756e-04
2.236067903864936285e-02 -7.390432425524131503e-04 -7.390432425524131503e-04 -3.529623798342088579e-04 1.692383277351500756e-04
2.236067903864936285e-02 -7.390432425524131503e-04 -7.390432425524131503e-04 -3.529623798342088579e-04 1.692383277351500756e-04
2.236067903864936285e-02 -7.390432425524131503e-04 -7.390432425524131503e-04 -3.529623798342088579e-04 1.692383277351500756e-04
2.236067903864936285e-02 -7.390432425524131503e-04 -7.390432425524131503e-04 -3.529623798342088579e-04 1.692383277351500756e-04
2.236067903864936285e-02 -7.390432425524131503e-04 -7.390432425524131503e-04 -3.529623798342088579e-04 1.692383277351500756e-04
2.236067903864936285e-02 -7.390432425524131503e-04 -7.390432425524131503e-04 -3.529623798342088579e-04 1.692383277351500756e-04
2.236067903864936285e-02 -7.390432425524131503e-04 -7.390432425524131503e-04 -3.529623798342088579e-04 1.692383277351500756e-04
2.236067903864936285e-02 -7.390432425524131503e-04 -7.390432425524131503e-04 -3.529623798342088579e-04 1.692383277351500756e-04
2.236067903864936285e-02 -7.390432425524131503e-04 -7.390432425524131503e-04 -3.529623798342088579e-04 1.692383277351500756e-04
2.236067903864936285e-02 -7.390432425524131503e-04 -7.390432425524131503e-04 -3.529623798342088579e-04 1.692383277351500756e-04
2.236067903864936285e-02 -7.390432425524131503e-04 -7.390432425524131503e-04 -3.529623798342088579e-04 1.692383277351500756e-04
2.236067903864936285e-02 -7.390432425524131503e-04 -7.390432425524131503e-04 -3.529623798342088579e-04 1.692383277351500756e-04
2.236067903864936285e-02 -7.390432425524131503e-04 -7.390432425524131503e-04 -3.529623798342088579e-04 1.692383277351500756e-04
2.236067903864936285e-02 -7.390432425524131503e-04 -7.390432425524131503e-04 -3.529623798342088579e-04 1.692383277351500756e-04
2.236067903864936285e-02 -7.390432425524131503e-04 -7.390432425524131503e-04 -3.529623798342088579e-04 1.692383277351500756e-04
2.236067903864936285e-02 -7.390432425524131503e-04 -7.390432425524131503e-04 -3.529623798342088579e-04 1.692383277351500756e-04
2.236067903864936285e-02 -7.390432425524131503e-04 -7.390432425524131503e-04 -3.529623798342088579e-04 1.692383277351500756e-04
2.236067903864936285e-02 -7.390432425524131503e-04 -7.390432425524131503e-04 -3.529623798342088579e-04 1.692383277351500756e-04
2.236067903864936285e-02 -7.390432425524131503e-04 -7.390432425524131503e-04 -3.529623798342088579e-04 1.692383277351500756e-04
2.236067903864936285e-02 -7.390432425524131503e-04 -7.390432425524131503e-04 -3.529623798342088579e-04 1.692383277351500756e-04
2.236067903864936285e-02 -7.390432425524131503e-04 -7.390432425524131503e-04 -3.529623798342088579e-04 1.692383277351500756e-04
2.236067903864936285e-02 -7.390432425524131503e-04 -7.390432425524131503e-04 -3.529623798342088579e-04 1.692383277351500756e-04
2.236067903864936285e-02 -7.390432425524131503e-04 -7.390432425524131503e-04 -3.529623798342088579e-04 1.692383277351500756e-04
2.236067903864936285e-02 -7.390432425524131503e-04 -7.390432425524131503e-04 -3.529623798342088579e-04 1.692383277351500756e-04
2.236067903864936285e-02 -7.390432425524131503e-04 -7.390432425524131503e-04 -3.529623798342088579e-04 1.692383277351500756e-04
2.236067903864936285e-02 -7.390432425524131503e-04 -7.390432425524131503e-04 -3.529623798342088579e-04 1.692383277351500756e-04
2.236067903864936285e-02 -7.390432425524131503e-04 -7.390432425524131503e-04 -3.529623798342088579e-04 1.692383277351500756e-04
2.236067903864936285e-02 -7.390432425524131503e-04 -7.390432425524131503e-04 -3.529623798342088579e-04 1.692383277351500756e-04
2.236067903864936285e-02 -7.390432425524131503e-04 -7.390432425524131503e-04 -3.529623798342088579e-04 1.692383277351500756e-04
2.236067903864936285e-02 -7.390432425524131503e-04 -7.390432425524131503e-04 -3.529623798342088579e-04 1.692383277351500756e-04
2.236067903864936285e-02 -7.390432425524131503e-04 -7.390432425524131503e-04 -3.529623798342088579e-04 1.692383277351500756e-04
2.236067903864936285e-02 -7.390432425524131503e-04 -7.390432425524131503e-04 -3.529623798342088579e-04 1.692383277351500756e-04
2.236067903864936285e-02 -7.390432425524131503e-04 -7.390432425524131503e-04 -3.529623798342088579e-04 1.692383277351500756e-04
2.236067903864936285e-02 -7.390432425524131503e-04 -7.390432425524131503e-04 -3.529623798342088579e-04 1.692383277351500756e-04
2.236067903864936285e-02 -7.390432425524131503e-04 -7.390432425524131503e-04 -3.529623798342088579e-04 1.692383277351500756e-04
2.236067903864936285e-02 -7.390432425524131503e-04 -7.390432425524131503e-04 -3.529623798342088579e-04 1.692383277351500756e-04
2.236067903864936285e-02 -7.390432425524131503e-04 -7.390432425524131503e-04 -3.529623798342088579e-04 1.692383277351500756e-04
2.236067903864936285e-02 -7.390432425524131503e-04 -7.390432425524131503e-04 -3.529623798342088579e-04 1.692383277351500756e-04
2.236067903864936285e-02 -7.390432425524131503e-04 -7.390432425524131503e-04 -3.529623798342088579e-04 1.692383277351500756e-04
2.236067903864936285e-02 -7.390432425524131503e-04 -7.390432425524131503e-04 -3.529623798342088579e-04 1.692383277351500756e-04
2.236067903864936285e-02 -7.390432425524131503e-04 -7.390432425524131503e-04 -3.529623798342088579e-04 1.692383277351500756e-04
2.236067903864936285e-02 -7.390432425524131503e-04 -7.390432425524131503e-04 -3.529623798342088579e-04 1.692383277351500756e-04
2.236067903864936285e-02 -7.390432425524131503e-04 -7.390432425524131503e-04 -3.529623798342088579e-04 1.692383277351500756e-04
2.236067903864936285e-02 -7.390432425524131503e-04 -7.390432425524131503e-04 -3.529623798342088579e-04 1.692383277351500756e-04
2.236067903864936285e-02 -7.390432425524131503e-04 -7.390432425524131503e-04 -3.529623798342088579e-04 1.692383277351500756e-04
2.236067903864936285e-02 -7.390432425524131503e-04 -7.390432425524131503e-04 -3.529623798342088579e-04 1.692383277351500756e-04
2.236067903864936285e-02 -7.390432425524131503e-04 -7.390432425524131503e-04 -3.529623798342088579e-04 1.692383277351500756e-04
2.236067903864936285e-02 -7.390432425524131503e-04 -7.390432425524131503e-04 -3.529623798342088579e-04 1.692383277351500756e-04
2.236067903864936285e-02 -7.390432425524131503e-04 -7.390432425524131503e-04 -3.529623798342088579e-04 1.692383277351500756e-04
2.236067903864936285e-02 -7.390432425524131503e-04 -7.390432425524131503e-04 -3.529623798342088579e-04 1.692383277351500756e-04
2.236067903864936285e-02 -7.390432425524131503e-04 -7.390432425524131503e-04 -3.529623798342088579e-04 1.692383277351500756e-04
2.236067903864936285e-02 -7.390432425524131503e-04 -7.390432425524131503e-04 -3.529623798342088579e-04 1.692383277351500756e-04
2.236067903864936285e-02 -7.390432425524131503e-04 -7.390432425524131503e-04 -3.529623798342088579e-04 1.692383277351500756e-04
2.236067903864936285e-02 -7.390432425524131503e-04 -7.390432425524131503e-04 -3.529623798342088579e-04 1.692383277351500756e-04
2.236067903864936285e-02 -7.390432425524131503e-04 -7.390432425524131503e-04 -3.529623798342088579e-04 1.692383277351500756e-04
2.236067903864936285e-02 -7.390432425524131503e-04 -7.390432425524131503e-04 -3.529623798342088579e-04 1.692383277351500756e-04
2.236067903864936285e-02 -7.390432425524131503e-04 -7.390432425524131503e-04 -3.529623798342088579e-04 1.692383277351500756e-04
2.236067903864936285e-02 -7.390432425524131503e-04 -7.390432425524131503e-04 -3.529623798342088579e-04 1.692383277351500756e-04
2.236067903864936285e-02 -7.390432425524131503e-04 -7.390432425524131503e-04 -3.529623798342088579e-04 1.692383277351500756e-04
2.236067903864936285e-02 -7.390432425524131503e-04 -7.390432425524131503e-04 -3.529623798342088579e-04 1.692383277351500756e-04
2.236067903864936285e-02 -7.390432425524131503e-04 -7.390432425524131503e-04 -3.529623798342088579e-04 1.692383277351500756e-04
2.236067903864936285e-02 -7.390432425524131503e-04 -7.390432425524131503e-04 -3.529623798342088579e-04 1.692383277351500756e-04
2.236067903864936285e-02 -7.390432425524131503e-04 -7.390432425524131503e-04 -3.529623798342088579e-04 1.692383277351500756e-04
2.236067903864936285e-02 -7.390432425524131503e-04 -7.390432425524131503e-04 -3.529623798342088579e-04 1.692383277351500756e-04
2.236067903864936285e-02 -7.390432425524131503e-04 -7.390432425524131503e-04 -3.529623798342088579e-04 1.692383277351500756e-04
2.236067903864936285e-02 -7.390432425524131503e-04 -7.390432425524131503e-04 -3.529623798342088579e-04 1.692383277351500756e-04
2.236067903864936285e-02 -7.390432425524131503e-04 -7.390432425524131503e-04 -3.529623798342088579e-04 1.692383277351500756e-04
2.236067903864936285e-02 -7.390432425524131503e-04 -7.390432425524131503e-04 -3.529623798342088579e-04 1.692383277351500756e-04
2.236067903864936285e-02 -7.390432425524131503e-04 -7.390432425524131503e-04 -3.529623798342088579e-04 1.692383277351500756e-04
2.236067903864936285e-02 -7.390432425524131503e-04 -7.390432425524131503e-04 -3.529623798342088579e-04 1.692383277351500756e-04
2.236067903864936285e-02 -7.390432425524131503e-04 -7.390432425524131503e-04 -3.529623798342088579e-04 1.692383277351500756e-04
2.236067903864936285e-02 -7.390432425524131503e-04 -7.390432425524131503e-04 -3.529623798342088579e-04 1.692383277351500756e-04
2.236067903864936285e-02 -7.390432425524131503e-04 -7.390432425524131503e-04 -3.529623798342088579e-04 1.692383277351500756e-04
2.236067903864936285e-02 -7.390432425524131503e-04 -7.390432425524131503e-04 -3.529623798342088579e-04 1.692383277351500756e-04
2.236067903864936285e-02 -7.390432425524131503e-04 -7.390432425524131503e-04 -3.529623798342088579e-04 1.692383277351500756e-04
2.236067903864936285e-02 -7.390432425524131503e-04 -7.390432425524131503e-04 -3.529623798342088579e-04 1.692383277351500756e-04
2.236067903864936285e-02 -7.390432425524131503e-04 -7.390432425524131503e-04 -3.529623798342088579e-04 1.692383277351500756e-04
2.236067903864936285e-02 -7.390432425524131503e-04 -7.390432425524131503e-04 -3.529623798342088579e-04 1.692383277351500756e-04
2.236067903864936285e-02 -7.390432425524131503e-04 -7.390432425524131503e-04 -3.529623798342088579e-04 1.692383277351500756e-04
2.236067903864936285e-02 -7.390432425524131503e-04 -7.390432425524131503e-04 -3.529623798342088579e-04 1.692383277351500756e-04
2.236067903864936285e-02 -7.390432425524131503e-04 -7.390432425524131503e-04 -3.529623798342088579e-04 1.692383277351500756e-04
2.236067903864936285e-02 -7.390432425524131503e-04 -7.390432425524131503e-04 -3.529623798342088579e-04 1.692383277351500756e-04
2.236067903864936285e-02 -7.390432425524131503e-04 -7.390432425524131503e-04 -3.529623798342088579e-04 1.692383277351500756e-04
2.236067903864936285e-02 -7.390432425524131503e-04 -7.390432425524131503e-04 -3.529623798342088579e-04 1.692383277351500756e-04
2.236067903864936285e-02 -7.390432425524131503e-04 -7.390432425524131503e-04 -3.529623798342088579e-04 1.692383277351500756e-04
2.236067903864936285e-02 -7.390432425524131503e-04 -7.390432425524131503e-04 -3.529623798342088579e-04 1.692383277351500756e-04
2.236067903864936285e-02 -7.390432425524131503e-04 -7.390432425524131503e-04 -3.529623798342088579e-04 1.692383277351500756e-04
2.236067903864936285e-02 -7.390432425524131503e-04 -7.390432425524131503e-04 -3.529623798342088579e-04 1.692383277351500756e-04
2.236067903864936285e-02 -7.390432425524131503e-04 -7.390432425524131503e-04 -3.529623798342088579e-04 1.692383277351500756e-04
2.236067903864936285e-02 -7.390432425524131503e-04 -7.390432425524131503e-04 -3.529623798342088579e-04 1.692383277351500756e-04
2.236067903864936285e-02 -7.390432425524131503e-04 -7.390432425524131503e-04 -3.529623798342088579e-04 1.692383277351500756e-04
2.236067903864936285e-02 -7.390432425524131503e-04 -7.390432425524131503e-04 -3.529623798342088579e-04 1.692383277351500756e-04
2.236067903864936285e-02 -7.390432425524131503e-04 -7.390432425524131503e-04 -3.529623798342088579e-04 1.692383277351500756e-04
2.236067903864936285e-02 -7.390432425524131503e-04 -7.390432425524131503e-04 -3.529623798342088579e-04 1.692383277351500756e-04
2.236067903864936285e-02 -7.390432425524131503e-04 -7.390432425524131503e-04 -3.529623798342088579e-04 1.692383277351500756e-04
2.236067903864936285e-02 -7.390432425524131503e-04 -7.390432425524131503e-04 -3.529623798342088579e-04 1.692383277351500756e-04
2.236067903864936285e-02 -7.390432425524131503e-04 -7.390432425524131503e-04 -3.529623798342088579e-04 1.692383277351500756e-04
2.236067903864936285e-02 -7.390432425524131503e-04 -7.390432425524131503e-04 -3.529623798342088579e-04 1.692383277351500756e-04
2.236067903864936285e-02 -7.390432425524131503e-04 -7.390432425524131503e-04 -3.529623798342088579e-04 1.692383277351500756e-04
2.236067903864936285e-02 -7.390432425524131503e-04 -7.390432425524131503e-04 -3.529623798342088579e-04 1.692383277351500756e-04
2.236067903864936285e-02 -7.390432425524131503e-04 -7.390432425524131503e-04 -3.529623798342088579e-04 1.692383277351500756e-04
2.236067903864936285e-02 -7.390432425524131503e-04 -7.390432425524131503e-04 -3.529623798342088579e-04 1.692383277351500756e-04
2.236067903864936285e-02 -7.390432425524131503e-04 -7.390432425524131503e-04 -3.529623798342088579e-04 1.692383277351500756e-04
2.236067903864936285e-02 -7.390432425524131503e-04 -7.390432425524131503e-04 -3.529623798342088579e-04 1.692383277351500756e-04
2.236067903864936285e-02 -7.390432425524131503e-04 -7.390432425524131503e-04 -3.529623798342088579e-04 1.692383277351500756e-04
2.236067903864936285e-02 -7.390432425524131503e-04 -7.390432425524131503e-04 -3.529623798342088579e-04 1.692383277351500756e-04
2.236067903864936285e-02 -7.390432425524131503e-04 -7.390432425524131503e-04 -3.529623798342088579e-04 1.692383277351500756e-04
2.236067903864936285e-02 -7.390432425524131503e-04 -7.390432425524131503e-04 -3.529623798342088579e-04 1.692383277351500756e-04
2.236067903864936285e-02 -7.390432425524131503e-04 -7.390432425524131503e-04 -3.529623798342088579e-04 1.692383277351500756e-04
2.236067903864936285e-02 -7.390432425524131503e-04 -7.390432425524131503e-04 -3.529623798342088579e-04 1.692383277351500756e-04
2.236067903864936285e-02 -7.390432425524131503e-04 -7.390432425524131503e-04 -3.529623798342088579e-04 1.692383277351500756e-04
2.236067903864936285e-02 -7.390432425524131503e-04 -7.390432425524131503e-04 -3.529623798342088579e-04 1.692383277351500756e-04
2.236067903864936285e-02 -7.390432425524131503e-04 -7.390432425524131503e-04 -3.529623798342088579e-04 1.692383277351500756e-04
2.236067903864936285e-02 -7.390432425524131503e-04 -7.390432425524131503e-04 -3.529623798342088579e-04 1.692383277351500756e-04
2.236067903864936285e-02 -7.390432425524131503e-04 -7.390432425524131503e-04 -3.529623798342088579e-04 1.692383277351500756e-04
2.236067903864936285e-02 -7.390432425524131503e-04 -7.390432425524131503e-04 -3.529623798342088579e-04 1.692383277351500756e-04
2.236067903864936285e-02 -7.390432425524131503e-04 -7.390432425524131503e-04 -3.529623798342088579e-04 1.692383277351500756e-04
2.236067903864936285e-02 -7.390432425524131503e-04 -7.390432425524131503e-04 -3.529623798342088579e-04 1.692383277351500756e-04
2.236067903864936285e-02 -7.390432425524131503e-04 -7.390432425524131503e-04 -3.529623798342088579e-04 1.692383277351500756e-04
2.236067903864936285e-02 -7.390432425524131503e-04 -7.390432425524131503e-04 -3.529623798342088579e-04 1.692383277351500756e-04
2.236067903864936285e-02 -7.390432425524131503e-04 -7.390432425524131503e-04 -3.529623798342088579e-04 1.692383277351500756e-04
2.236067903864936285e-02 -7.390432425524131503e-04 -7.390432425524131503e-04 -3.529623798342088579e-04 1.692383277351500756e-04
2.236067903864936285e-02 -7.390432425524131503e-04 -7.390432425524131503e-04 -3.529623798342088579e-04 1.692383277351500756e-04
2.236067903864936285e-02 -7.390432425524131503e-04 -7.390432425524131503e-04 -3.529623798342088579e-04 1.692383277351500756e-04
2.236067903864936285e-02 -7.390432425524131503e-04 -7.390432425524131503e-04 -3.529623798342088579e-04 1.692383277351500756e-04
2.236067903864936285e-02 -7.390432425524131503e-04 -7.390432425524131503e-04 -3.529623798342088579e-04 1.692383277351500756e-04
2.236067903864936285e-02 -7.390432425524131503e-04 -7.390432425524131503e-04 -3.529623798342088579e-04 1.692383277351500756e-04
2.236067903864936285e-02 -7.390432425524131503e-04 -7.390432425524131503e-04 -3.529623798342088579e-04 1.692383277351500756e-04
2.236067903864936285e-02 -7.390432425524131503e-04 -7.390432425524131503e-04 -3.529623798342088579e-04 1.692383277351500756e-04
2.236067903864936285e-02 -7.390432425524131503e-04 -7.390432425524131503e-04 -3.529623798342088579e-04 1.692383277351500756e-04
2.236067903864936285e-02 -7.390432425524131503e-04 -7.390432425524131503e-04 -3.529623798342088579e-04 1.692383277351500756e-04
2.236067903864936285e-02 -7.390432425524131503e-04 -7.390432425524131503e-04 -3.529623798342088579e-04 1.692383277351500756e-04
2.236067903864936285e-02 -7.390432425524131503e-04 -7.390432425524131503e-04 -3.529623798342088579e-04 1.692383277351500756e-04
2.236067903864936285e-02 -7.390432425524131503e-04 -7.390432425524131503e-04 -3.529623798342088579e-04 1.692383277351500756e-04
2.236067903864936285e-02 -7.390432425524131503e-04 -7.390432425524131503e-04 -3.529623798342088579e-04 1.692383277351500756e-04
2.236067903864936285e-02 -7.390432425524131503e-04 -7.390432425524131503e-04 -3.529623798342088579e-04 1.692383277351500756e-04
2.236067903864936285e-02 -7.390432425524131503e-04 -7.390432425524131503e-04 -3.529623798342088579e-04 1.692383277351500756e-04
2.236067903864936285e-02 -7.390432425524131503e-04 -7.390432425524131503e-04 -3.529623798342088579e-04 1.692383277351500756e-04
2.236067903864936285e-02 -7.390432425524131503e-04 -7.390432425524131503e-04 -3.529623798342088579e-04 1.692383277351500756e-04
2.236067903864936285e-02 -7.390432425524131503e-04 -7.390432425524131503e-04 -3.529623798342088579e-04 1.692383277351500756e-04
2.236067903864936285e-02 -7.390432425524131503e-04 -7.390432425524131503e-04 -3.529623798342088579e-04 1.692383277351500756e-04
2.236067903864936285e-02 -7.390432425524131503e-04 -7.390432425524131503e-04 -3.529623798342088579e-04 1.692383277351500756e-04
2.236067903864936285e-02 -7.390432425524131503e-04 -7.390432425524131503e-04 -3.529623798342088579e-04 1.692383277351500756e-04
2.236067903864936285e-02 -7.390432425524131503e-04 -7.390432425524131503e-04 -3.529623798342088579e-04 1.692383277351500756e-04
2.236067903864936285e-02 -7.390432425524131503e-04 -7.390432425524131503e-04 -3.529623798342088579e-04 1.692383277351500756e-04
2.236067903864936285e-02 -7.390432425524131503e-04 -7.390432425524131503e-04 -3.529623798342088579e-04 1.692383277351500756e-04
2.236067903864936285e-02 -7.390432425524131503e-04 -7.390432425524131503e-04 -3.529623798342088579e-04 1.692383277351500756e-04
2.236067903864936285e-02 -7.390432425524131503e-04 -7.390432425524131503e-04 -3.529623798342088579e-04 1.692383277351500756e-04
2.236067903864936285e-02 -7.390432425524131503e-04 -7.390432425524131503e-04 -3.529623798342088579e-04 1.692383277351500756e-04
2.236067903864936285e-02 -7.390432425524131503e-04 -7.390432425524131503e-04 -3.529623798342088579e-04 1.692383277351500756e-04
2.236067903864936285e-02 -7.390432425524131503e-04 -7.390432425524131503e-04 -3.529623798342088579e-04 1.692383277351500756e-04
2.236067903864936285e-02 -7.390432425524131503e-04 -7.390432425524131503e-04 -3.529623798342088579e-04 1.692383277351500756e-04
2.236067903864936285e-02 -7.390432425524131503e-04 -7.390432425524131503e-04 -3.529623798342088579e-04 1.692383277351500756e-04
2.236067903864936285e-02 -7.390432425524131503e-04 -7.390432425524131503e-04 -3.529623798342088579e-04 1.692383277351500756e-04
2.236067903864936285e-02 -7.390432425524131503e-04 -7.390432425524131503e-04 -3.529623798342088579e-04 1.692383277351500756e-04
2.236067903864936285e-02 -7.390432425524131503e-04 -7.390432425524131503e-04 -3.529623798342088579e-04 1.692383277351500756e-04
2.236067903864936285e-02 -7.390432425524131503e-04 -7.390432425524131503e-04 -3.529623798342088579e-04 1.692383277351500756e-04
2.236067903864936285e-02 -7.390432425524131503e-04 -7.390432425524131503e-04 -3.529623798342088579e-04 1.692383277351500756e-04
2.236067903864936285e-02 -7.390432425524131503e-04 -7.390432425524131503e-04 -3.529623798342088579e-04 1.692383277351500756e-04
2.236067903864936285e-02 -7.390432425524131503e-04 -7.390432425524131503e-04 -3.529623798342088579e-04 1.692383277351500756e-04
2.236067903864936285e-02 -7.390432425524131503e-04 -7.390432425524131503e-04 -3.529623798342088579e-04 1.692383277351500756e-04
2.236067903864936285e-02 -7.390432425524131503e-04 -7.390432425524131503e-04 -3.529623798342088579e-04 1.692383277351500756e-04
2.236067903864936285e-02 -7.390432425524131503e-04 -7.390432425524131503e-04 -3.529623798342088579e-04 1.692383277351500756e-04
2.236067903864936285e-02 -7.390432425524131503e-04 -7.390432425524131503e-04 -3.529623798342088579e-04 1.692383277351500756e-04
2.236067903864936285e-02 -7.390432425524131503e-04 -7.390432425524131503e-04 -3.529623798342088579e-04 1.692383277351500756e-04
2.236067903864936285e-02 -7.390432425524131503e-04 -7.390432425524131503e-04 -3.529623798342088579e-04 1.692383277351500756e-04
2.236067903864936285e-02 -7.390432425524131503e-04 -7.390432425524131503e-04 -3.529623798342088579e-04 1.692383277351500756e-04
2.236067903864936285e-02 -7.390432425524131503e-04 -7.390432425524131503e-04 -3.529623798342088579e-04 1.692383277351500756e-04
2.236067903864936285e-02 -7.390432425524131503e-04 -7.390432425524131503e-04 -3.529623798342088579e-04 1.692383277351500756e-04
2.236067903864936285e-02 -7.390432425524131503e-04 -7.390432425524131503e-04 -3.529623798342088579e-04 1.692383277351500756e-04
2.236067903864936285e-02 -7.390432425524131503e-04 -7.390432425524131503e-04 -3.529623798342088579e-04 1.692383277351500756e-04
2.236067903864936285e-02 -7.390432425524131503e-04 -7.390432425524131503e-04 -3.529623798342088579e-04 1.692383277351500756e-04
2.236067903864936285e-02 -7.390432425524131503e-04 -7.390432425524131503e-04 -3.529623798342088579e-04 1.692383277351500756e-04
2.236067903864936285e-02 -7.390432425524131503e-04 -7.390432425524131503e-04 -3.529623798342088579e-04 1.692383277351500756e-04
2.236067903864936285e-02 -7.390432425524131503e-04 -7.390432425524131503e-04 -3.529623798342088579e-04 1.692383277351500756e-04
2.236067903864936285e-02 -7.390432425524131503e-04 -7.390432425524131503e-04 -3.529623798342088579e-04 1.692383277351500756e-04
2.236067903864936285e-02 -7.390432425524131503e-04 -7.390432425524131503e-04 -3.529623798342088579e-04 1.692383277351500756e-04
2.236067903864936285e-02 -7.390432425524131503e-04 -7.390432425524131503e-04 -3.529623798342088579e-04 1.692383277351500756e-04
2.236067903864936285e-02 -7.390432425524131503e-04 -7.390432425524131503e-04 -3.529623798342088579e-04 1.692383277351500756e-04
2.236067903864936285e-02 -7.390432425524131503e-04 -7.390432425524131503e-04 -3.529623798342088579e-04 1.692383277351500756e-04
2.236067903864936285e-02 -7.390432425524131503e-04 -7.390432425524131503e-04 -3.529623798342088579e-04 1.692383277351500756e-04
2.236067903864936285e-02 -7.390432425524131503e-04 -7.390432425524131503e-04 -3.529623798342088579e-04 1.692383277351500756e-04
2.236067903864936285e-02 -7.390432425524131503e-04 -7.390432425524131503e-04 -3.529623798342088579e-04 1.692383277351500756e-04
2.236067903864936285e-02 -7.390432425524131503e-04 -7.390432425524131503e-04 -3.529623798342088579e-04 1.692383277351500756e-04
2.236067903864936285e-02 -7.390432425524131503e-04 -7.390432425524131503e-04 -3.529623798342088579e-04 1.692383277351500756e-04
2.236067903864936285e-02 -7.390432425524131503e-04 -7.390432425524131503e-04 -3.529623798342088579e-04 1.692383277351500756e-04
2.236067903864936285e-02 -7.390432425524131503e-04 -7.390432425524131503e-04 -3.529623798342088579e-04 1.692383277351500756e-04
2.236067903864936285e-02 -7.390432425524131503e-04 -7.390432425524131503e-04 -3.529623798342088579e-04 1.692383277351500756e-04
2.236067903864936285e-02 -7.390432425524131503e-04 -7.390432425524131503e-04 -3.529623798342088579e-04 1.692383277351500756e-04
2.236067903864936285e-02 -7.390432425524131503e-04 -7.390432425524131503e-04 -3.529623798342088579e-04 1.692383277351500756e-04
2.236067903864936285e-02 -7.390432425524131503e-04 -7.390432425524131503e-04 -3.529623798342088579e-04 1.692383277351500756e-04
2.236067903864936285e-02 -7.390432425524131503e-04 -7.390432425524131503e-04 -3.529623798342088579e-04 1.692383277351500756e-04
2.236067903864936285e-02 -7.390432425524131503e-04 -7.390432425524131503e-04 -3.529623798342088579e-04 1.692383277351500756e-04
2.236067903864936285e-02 -7.390432425524131503e-04 -7.390432425524131503e-04 -3.529623798342088579e-04 1.692383277351500756e-04
2.236067903864936285e-02 -7.390432425524131503e-04 -7.390432425524131503e-04 -3.529623798342088579e-04 1.692383277351500756e-04
2.236067903864936285e-02 -7.390432425524131503e-04 -7.390432425524131503e-04 -3.529623798342088579e-04 1.692383277351500756e-04
2.236067903864936285e-02 -7.390432425524131503e-04 -7.390432425524131503e-04 -3.529623798342088579e-04 1.692383277351500756e-04
2.236067903864936285e-02 -7.390432425524131503e-04 -7.390432425524131503e-04 -3.529623798342088579e-04 1.692383277351500756e-04
2.236067903864936285e-02 -7.390432425524131503e-04 -7.390432425524131503e-04 -3.529623798342088579e-04 1.692383277351500756e-04
2.236067903864936285e-02 -7.390432425524131503e-04 -7.390432425524131503e-04 -3.529623798342088579e-04 1.692383277351500756e-04
2.236067903864936285e-02 -7.390432425524131503e-04 -7.390432425524131503e-04 -3.529623798342088579e-04 1.692383277351500756e-04
2.236067903864936285e-02 -7.390432425524131503e-04 -7.390432425524131503e-04 -3.529623798342088579e-04 1.692383277351500756e-04
2.236067903864936285e-02 -7.390432425524131503e-04 -7.390432425524131503e-04 -3.529623798342088579e-04 1.692383277351500756e-04
2.236067903864936285e-02 -7.390432425524131503e-04 -7.390432425524131503e-04 -3.529623798342088579e-04 1.692383277351500756e-04
2.236067903864936285e-02 -7.390432425524131503e-04 -7.390432425524131503e-04 -3.529623798342088579e-04 1.692383277351500756e-04
2.236067903864936285e-02 -7.390432425524131503e-04 -7.390432425524131503e-04 -3.529623798342088579e-04 1.692383277351500756e-04
2.236067903864936285e-02 -7.390432425524131503e-04 -7.390432425524131503e-04 -3.529623798342088579e-04 1.692383277351500756e-04
2.236067903864936285e-02 -7.390432425524131503e-04 -7.390432425524131503e-04 -3.529623798342088579e-04 1.692383277351500756e-04
2.236067903864936285e-02 -7.390432425524131503e-04 -7.390432425524131503e-04 -3.529623798342088579e-04 1.692383277351500756e-04
2.236067903864936285e-02 -7.390432425524131503e-04 -7.390432425524131503e-04 -3.529623798342088579e-04 1.692383277351500756e-04
2.236067903864936285e-02 -7.390432425524131503e-04 -7.390432425524131503e-04 -3.529623798342088579e-04 1.692383277351500756e-04
2.236067903864936285e-02 -7.390432425524131503e-04 -7.390432425524131503e-04 -3.529623798342088579e-04 1.692383277351500756e-04
2.236067903864936285e-02 -7.390432425524131503e-04 -7.390432425524131503e-04 -3.529623798342088579e-04 1.692383277351500756e-04
2.236067903864936285e-02 -7.390432425524131503e-04 -7.390432425524131503e-04 -3.529623798342088579e-04 1.692383277351500756e-04
2.236067903864936285e-02 -7.390432425524131503e-04 -7.390432425524131503e-04 -3.529623798342088579e-04 1.692383277351500756e-04
2.236067903864936285e-02 -7.390432425524131503e-04 -7.390432425524131503e-04 -3.529623798342088579e-04 1.692383277351500756e-04
2.236067903864936285e-02 -7.390432425524131503e-04 -7.390432425524131503e-04 -3.529623798342088579e-04 1.692383277351500756e-04
2.236067903864936285e-02 -7.390432425524131503e-04 -7.390432425524131503e-04 -3.529623798342088579e-04 1.692383277351500756e-04
2.236067903864936285e-02 -7.390432425524131503e-04 -7.390432425524131503e-04 -3.529623798342088579e-04 1.692383277351500756e-04
2.236067903864936285e-02 -7.390432425524131503e-04 -7.390432425524131503e-04 -3.529623798342088579e-04 1.692383277351500756e-04
2.236067903864936285e-02 -7.390432425524131503e-04 -7.390432425524131503e-04 -3.529623798342088579e-04 1.692383277351500756e-04
2.236067903864936285e-02 -7.390432425524131503e-04 -7.390432425524131503e-04 -3.529623798342088579e-04 1.692383277351500756e-04
2.236067903864936285e-02 -7.390432425524131503e-04 -7.390432425524131503e-04 -3.529623798342088579e-04 1.692383277351500756e-04
2.236067903864936285e-02 -7.390432425524131503e-04 -7.390432425524131503e-04 -3.529623798342088579e-04 1.692383277351500756e-04
2.236067903864936285e-02 -7.390432425524131503e-04 -7.390432425524131503e-04 -3.529623798342088579e-04 1.692383277351500756e-04
2.236067903864936285e-02 -7.390432425524131503e-04 -7.390432425524131503e-04 -3.529623798342088579e-04 1.692383277351500756e-04
2.236067903864936285e-02 -7.390432425524131503e-04 -7.390432425524131503e-04 -3.529623798342088579e-04 1.692383277351500756e-04
2.236067903864936285e-02 -7.390432425524131503e-04 -7.390432425524131503e-04 -3.529623798342088579e-04 1.692383277351500756e-04
2.236067903864936285e-02 -7.390432425524131503e-04 -7.390432425524131503e-04 -3.529623798342088579e-04 1.692383277351500756e-04
2.236067903864936285e-02 -7.390432425524131503e-04 -7.390432425524131503e-04 -3.529623798342088579e-04 1.692383277351500756e-04
2.236067903864936285e-02 -7.390432425524131503e-04 -7.390432425524131503e-04 -3.529623798342088579e-04 1.692383277351500756e-04
2.236067903864936285e-02 -7.390432425524131503e-04 -7.390432425524131503e-04 -3.529623798342088579e-04 1.692383277351500756e-04
2.236067903864936285e-02 -7.390432425524131503e-04 -7.390432425524131503e-04 -3.529623798342088579e-04 1.692383277351500756e-04
2.236067903864936285e-02 -7.390432425524131503e-04 -7.390432425524131503e-04 -3.529623798342088579e-04 1.692383277351500756e-04
2.236067903864936285e-02 -7.390432425524131503e-04 -7.390432425524131503e-04 -3.529623798342088579e-04 1.692383277351500756e-04
2.236067903864936285e-02 -7.390432425524131503e-04 -7.390432425524131503e-04 -3.529623798342088579e-04 1.692383277351500756e-04
2.236067903864936285e-02 -7.390432425524131503e-04 -7.390432425524131503e-04 -3.529623798342088579e-04 1.692383277351500756e-04
2.236067903864936285e-02 -7.390432425524131503e-04 -7.390432425524131503e-04 -3.529623798342088579e-04 1.692383277351500756e-04
2.236067903864936285e-02 -7.390432425524131503e-04 -7.390432425524131503e-04 -3.529623798342088579e-04 1.692383277351500756e-04
2.236067903864936285e-02 -7.390432425524131503e-04 -7.390432425524131503e-04 -3.529623798342088579e-04 1.692383277351500756e-04
2.236067903864936285e-02 -7.390432425524131503e-04 -7.390432425524131503e-04 -3.529623798342088579e-04 1.692383277351500756e-04
2.236067903864936285e-02 -7.390432425524131503e-04 -7.390432425524131503e-04 -3.529623798342088579e-04 1.692383277351500756e-04
2.236067903864936285e-02 -7.390432425524131503e-04 -7.390432425524131503e-04 -3.529623798342088579e-04 1.692383277351500756e-04
2.236067903864936285e-02 -7.390432425524131503e-04 -7.390432425524131503e-04 -3.529623798342088579e-04 1.692383277351500756e-04
2.236067903864936285e-02 -7.390432425524131503e-04 -7.390432425524131503e-04 -3.529623798342088579e-04 1.692383277351500756e-04
2.236067903864936285e-02 -7.390432425524131503e-04 -7.390432425524131503e-04 -3.529623798342088579e-04 1.692383277351500756e-04
2.236067903864936285e-02 -7.390432425524131503e-04 -7.390432425524131503e-04 -3.529623798342088579e-04 1.692383277351500756e-04
2.236067903864936285e-02 -7.390432425524131503e-04 -7.390432425524131503e-04 -3.529623798342088579e-04 1.692383277351500756e-04
2.236067903864936285e-02 -7.390432425524131503e-04 -7.390432425524131503e-04 -3.529623798342088579e-04 1.692383277351500756e-04
2.236067903864936285e-02 -7.390432425524131503e-04 -7.390432425524131503e-04 -3.529623798342088579e-04 1.692383277351500756e-04
2.236067903864936285e-02 -7.390432425524131503e-04 -7.390432425524131503e-04 -3.529623798342088579e-04 1.692383277351500756e-04
2.236067903864936285e-02 -7.390432425524131503e-04 -7.390432425524131503e-04 -3.529623798342088579e-04 1.692383277351500756e-04
2.236067903864936285e-02 -7.390432425524131503e-04 -7.390432425524131503e-04 -3.529623798342088579e-04 1.692383277351500756e-04
2.236067903864936285e-02 -7.390432425524131503e-04 -7.390432425524131503e-04 -3.529623798342088579e-04 1.692383277351500756e-04
2.236067903864936285e-02 -7.390432425524131503e-04 -7.390432425524131503e-04 -3.529623798342088579e-04 1.692383277351500756e-04
2.236067903864936285e-02 -7.390432425524131503e-04 -7.390432425524131503e-04 -3.529623798342088579e-04 1.692383277351500756e-04
2.236067903864936285e-02 -7.390432425524131503e-04 -7.390432425524131503e-04 -3.529623798342088579e-04 1.692383277351500756e-04
2.236067903864936285e-02 -7.390432425524131503e-04 -7.390432425524131503e-04 -3.529623798342088579e-04 1.692383277351500756e-04
2.236067903864936285e-02 -7.390432425524131503e-04 -7.390432425524131503e-04 -3.529623798342088579e-04 1.692383277351500756e-04
2.236067903864936285e-02 -7.390432425524131503e-04 -7.390432425524131503e-04 -3.529623798342088579e-04 1.692383277351500756e-04
2.236067903864936285e-02 -7.390432425524131503e-04 -7.390432425524131503e-04 -3.529623798342088579e-04 1.692383277351500756e-04
2.236067903864936285e-02 -7.390432425524131503e-04 -7.390432425524131503e-04 -3.529623798342088579e-04 1.692383277351500756e-04
2.236067903864936285e-02 -7.390432425524131503e-04 -7.390432425524131503e-04 -3.529623798342088579e-04 1.692383277351500756e-04
2.236067903864936285e-02 -7.390432425524131503e-04 -7.390432425524131503e-04 -3.529623798342088579e-04 1.692383277351500756e-04
2.236067903864936285e-02 -7.390432425524131503e-04 -7.390432425524131503e-04 -3.529623798342088579e-04 1.692383277351500756e-04
2.236067903864936285e-02 -7.390432425524131503e-04 -7.390432425524131503e-04 -3.529623798342088579e-04 1.692383277351500756e-04
2.236067903864936285e-02 -7.390432425524131503e-04 -7.390432425524131503e-04 -3.529623798342088579e-04 1.692383277351500756e-04
2.236067903864936285e-02 -7.390432425524131503e-04 -7.390432425524131503e-04 -3.529623798342088579e-04 1.692383277351500756e-04
2.236067903864936285e-02 -7.390432425524131503e-04 -7.390432425524131503e-04 -3.529623798342088579e-04 1.692383277351500756e-04
2.236067903864936285e-02 -7.390432425524131503e-04 -7.390432425524131503e-04 -3.529623798342088579e-04 1.692383277351500756e-04
2.236067903864936285e-02 -7.390432425524131503e-04 -7.390432425524131503e-04 -3.529623798342088579e-04 1.692383277351500756e-04
2.236067903864936285e-02 -7.390432425524131503e-04 -7.390432425524131503e-04 -3.529623798342088579e-04 1.692383277351500756e-04
2.236067903864936285e-02 -7.390432425524131503e-04 -7.390432425524131503e-04 -3.529623798342088579e-04 1.692383277351500756e-04
2.236067903864936285e-02 -7.390432425524131503e-04 -7.390432425524131503e-04 -3.529623798342088579e-04 1.692383277351500756e-04
2.236067903864936285e-02 -7.390432425524131503e-04 -7.390432425524131503e-04 -3.529623798342088579e-04 1.692383277351500756e-04
2.236067903864936285e-02 -7.390432425524131503e-04 -7.390432425524131503e-04 -3.529623798342088579e-04 1.692383277351500756e-04
2.236067903864936285e-02 -7.390432425524131503e-04 -7.390432425524131503e-04 -3.529623798342088579e-04 1.692383277351500756e-04
2.236067903864936285e-02 -7.390432425524131503e-04 -7.390432425524131503e-04 -3.529623798342088579e-04 1.692383277351500756e-04
2.236067903864936285e-02 -7.390432425524131503e-04 -7.390432425524131503e-04 -3.529623798342088579e-04 1.692383277351500756e-04
2.236067903864936285e-02 -7.390432425524131503e-04 -7.390432425524131503e-04 -3.529623798342088579e-04 1.692383277351500756e-04
2.236067903864936285e-02 -7.390432425524131503e-04 -7.390432425524131503e-04 -3.529623798342088579e-04 1.692383277351500756e-04
2.236067903864936285e-02 -7.390432425524131503e-04 -7.390432425524131503e-04 -3.529623798342088579e-04 1.692383277351500756e-04
2.236067903864936285e-02 -7.390432425524131503e-04 -7.390432425524131503e-04 -3.529623798342088579e-04 1.692383277351500756e-04
2.236067903864936285e-02 -7.390432425524131503e-04 -7.390432425524131503e-04 -3.529623798342088579e-04 1.692383277351500756e-04
2.236067903864936285e-02 -7.390432425524131503e-04 -7.390432425524131503e-04 -3.529623798342088579e-04 1.692383277351500756e-04
2.236067903864936285e-02 -7.390432425524131503e-04 -7.390432425524131503e-04 -3.529623798342088579e-04 1.692383277351500756e-04
2.236067903864936285e-02 -7.390432425524131503e-04 -7.390432425524131503e-04 -3.529623798342088579e-04 1.692383277351500756e-04
2.236067903864936285e-02 -7.390432425524131503e-04 -7.390432425524131503e-04 -3.529623798342088579e-04 1.692383277351500756e-04
2.236067903864936285e-02 -7.390432425524131503e-04 -7.390432425524131503e-04 -3.529623798342088579e-04 1.692383277351500756e-04
2.236067903864936285e-02 -7.390432425524131503e-04 -7.390432425524131503e-04 -3.529623798342088579e-04 1.692383277351500756e-04
2.236067903864936285e-02 -7.390432425524131503e-04 -7.390432425524131503e-04 -3.529623798342088579e-04 1.692383277351500756e-04
2.236067903864936285e-02 -7.390432425524131503e-04 -7.390432425524131503e-04 -3.529623798342088579e-04 1.692383277351500756e-04
2.236067903864936285e-02 -7.390432425524131503e-04 -7.390432425524131503e-04 -3.529623798342088579e-04 1.692383277351500756e-04
2.236067903864936285e-02 -7.390432425524131503e-04 -7.390432425524131503e-04 -3.529623798342088579e-04 1.692383277351500756e-04
2.236067903864936285e-02 -7.390432425524131503e-04 -7.390432425524131503e-04 -3.529623798342088579e-04 1.692383277351500756e-04
2.236067903864936285e-02 -7.390432425524131503e-04 -7.390432425524131503e-04 -3.529623798342088579e-04 1.692383277351500756e-04
2.236067903864936285e-02 -7.390432425524131503e-04 -7.390432425524131503e-04 -3.529623798342088579e-04 1.692383277351500756e-04
2.236067903864936285e-02 -7.390432425524131503e-04 -7.390432425524131503e-04 -3.529623798342088579e-04 1.692383277351500756e-04
2.236067903864936285e-02 -7.390432425524131503e-04 -7.390432425524131503e-04 -3.529623798342088579e-04 1.692383277351500756e-04
2.236067903864936285e-02 -7.390432425524131503e-04 -7.390432425524131503e-04 -3.529623798342088579e-04 1.692383277351500756e-04
2.236067903864936285e-02 -7.390432425524131503e-04 -7.390432425524131503e-04 -3.529623798342088579e-04 1.692383277351500756e-04
2.236067903864936285e-02 -7.390432425524131503e-04 -7.390432425524131503e-04 -3.529623798342088579e-04 1.692383277351500756e-04
2.236067903864936285e-02 -7.390432425524131503e-04 -7.390432425524131503e-04 -3.529623798342088579e-04 1.692383277351500756e-04
2.236067903864936285e-02 -7.390432425524131503e-04 -7.390432425524131503e-04 -3.529623798342088579e-04 1.692383277351500756e-04
2.236067903864936285e-02 -7.390432425524131503e-04 -7.390432425524131503e-04 -3.529623798342088579e-04 1.692383277351500756e-04
2.236067903864936285e-02 -7.390432425524131503e-04 -7.390432425524131503e-04 -3.529623798342088579e-04 1.692383277351500756e-04
2.236067903864936285e-02 -7.390432425524131503e-04 -7.390432425524131503e-04 -3.529623798342088579e-04 1.692383277351500756e-04
2.236067903864936285e-02 -7.390432425524131503e-04 -7.390432425524131503e-04 -3.529623798342088579e-04 1.692383277351500756e-04
2.236067903864936285e-02 -7.390432425524131503e-04 -7.390432425524131503e-04 -3.529623798342088579e-04 1.692383277351500756e-04
2.236067903864936285e-02 -7.390432425524131503e-04 -7.390432425524131503e-04 -3.529623798342088579e-04 1.692383277351500756e-04
2.236067903864936285e-02 -7.390432425524131503e-04 -7.390432425524131503e-04 -3.529623798342088579e-04 1.692383277351500756e-04
2.236067903864936285e-02 -7.390432425524131503e-04 -7.390432425524131503e-04 -3.529623798342088579e-04 1.692383277351500756e-04
2.236067903864936285e-02 -7.390432425524131503e-04 -7.390432425524131503e-04 -3.529623798342088579e-04 1.692383277351500756e-04
2.236067903864936285e-02 -7.390432425524131503e-04 -7.390432425524131503e-04 -3.529623798342088579e-04 1.692383277351500756e-04
2.236067903864936285e-02 -7.390432425524131503e-04 -7.390432425524131503e-04 -3.529623798342088579e-04 1.692383277351500756e-04
2.236067903864936285e-02 -7.390432425524131503e-04 -7.390432425524131503e-04 -3.529623798342088579e-04 1.692383277351500756e-04
2.236067903864936285e-02 -7.390432425524131503e-04 -7.390432425524131503e-04 -3.529623798342088579e-04 1.692383277351500756e-04
2.236067903864936285e-02 -7.390432425524131503e-04 -7.390432425524131503e-04 -3.529623798342088579e-04 1.692383277351500756e-04
2.236067903864936285e-02 -7.390432425524131503e-04 -7.390432425524131503e-04 -3.529623798342088579e-04 1.692383277351500756e-04
2.236067903864936285e-02 -7.390432425524131503e-04 -7.390432425524131503e-04 -3.529623798342088579e-04 1.692383277351500756e-04
2.236067903864936285e-02 -7.390432425524131503e-04 -7.390432425524131503e-04 -3.529623798342088579e-04 1.692383277351500756e-04
2.236067903864936285e-02 -7.390432425524131503e-04 -7.390432425524131503e-04 -3.529623798342088579e-04 1.692383277351500756e-04
2.236067903864936285e-02 -7.390432425524131503e-04 -7.390432425524131503e-04 -3.529623798342088579e-04 1.692383277351500756e-04
2.236067903864936285e-02 -7.390432425524131503e-04 -7.390432425524131503e-04 -3.529623798342088579e-04 1.692383277351500756e-04
2.236067903864936285e-02 -7.390432425524131503e-04 -7.390432425524131503e-04 -3.529623798342088579e-04 1.692383277351500756e-04
2.236067903864936285e-02 -7.390432425524131503e-04 -7.390432425524131503e-04 -3.529623798342088579e-04 1.692383277351500756e-04
2.236067903864936285e-02 -7.390432425524131503e-04 -7.390432425524131503e-04 -3.529623798342088579e-04 1.692383277351500756e-04
2.236067903864936285e-02 -7.390432425524131503e-04 -7.390432425524131503e-04 -3.529623798342088579e-04 1.692383277351500756e-04
2.236067903864936285e-02 -7.390432425524131503e-04 -7.390432425524131503e-04 -3.529623798342088579e-04 1.692383277351500756e-04
2.236067903864936285e-02 -7.390432425524131503e-04 -7.390432425524131503e-04 -3.529623798342088579e-04 1.692383277351500756e-04
2.236067903864936285e-02 -7.390432425524131503e-04 -7.390432425524131503e-04 -3.529623798342088579e-04 1.692383277351500756e-04
2.236067903864936285e-02 -7.390432425524131503e-04 -7.390432425524131503e-04 -3.529623798342088579e-04 1.692383277351500756e-04
2.236067903864936285e-02 -7.390432425524131503e-04 -7.390432425524131503e-04 -3.529623798342088579e-04 1.692383277351500756e-04
2.236067903864936285e-02 -7.390432425524131503e-04 -7.390432425524131503e-04 -3.529623798342088579e-04 1.692383277351500756e-04
2.236067903864936285e-02 -7.390432425524131503e-04 -7.390432425524131503e-04 -3.529623798342088579e-04 1.692383277351500756e-04
2.236067903864936285e-02 -7.390432425524131503e-04 -7.390432425524131503e-04 -3.529623798342088579e-04 1.692383277351500756e-04
2.236067903864936285e-02 -7.390432425524131503e-04 -7.390432425524131503e-04 -3.529623798342088579e-04 1.692383277351500756e-04
2.236067903864936285e-02 -7.390432425524131503e-04 -7.390432425524131503e-04 -3.529623798342088579e-04 1.692383277351500756e-04
2.236067903864936285e-02 -7.390432425524131503e-04 -7.390432425524131503e-04 -3.529623798342088579e-04 1.692383277351500756e-04
2.236067903864936285e-02 -7.390432425524131503e-04 -7.390432425524131503e-04 -3.529623798342088579e-04 1.692383277351500756e-04
2.236067903864936285e-02 -7.390432425524131503e-04 -7.390432425524131503e-04 -3.529623798342088579e-04 1.692383277351500756e-04
2.236067903864936285e-02 -7.390432425524131503e-04 -7.390432425524131503e-04 -3.529623798342088579e-04 1.692383277351500756e-04
2.236067903864936285e-02 -7.390432425524131503e-04 -7.390432425524131503e-04 -3.529623798342088579e-04 1.692383277351500756e-04
2.236067903864936285e-02 -7.390432425524131503e-04 -7.390432425524131503e-04 -3.529623798342012685e-04 1.692383277351500756e-04
2.236067903864936285e-02 -7.390432425524131503e-04 -7.390432425524131503e-04 -3.529623798342022985e-04 1.692383277351500756e-04
2.236067903864936285e-02 -7.390432425524131503e-04 -7.390432425524131503e-04 -3.529623798342022985e-04 1.692383277351500756e-04
2.236067903864936285e-02 -7.390432425524131503e-04 -7.390432425524131503e-04 -3.529623798342022443e-04 1.692383277351500756e-04
2.236067903864936285e-02 -7.390432425524131503e-04 -7.390432425524131503e-04 -3.529623798342022443e-04 1.692383277351500756e-04
2.236067903864936285e-02 -7.390432425524131503e-04 -7.390432425524131503e-04 -3.529623798342021359e-04 1.692383277351500756e-04
2.236067903864936285e-02 -7.390432425524131503e-04 -7.390432425524131503e-04 -3.529623798342021359e-04 1.692383277351500756e-04
2.236067903864936285e-02 -7.390432425524131503e-04 -7.390432425524131503e-04 -3.529623798342021359e-04 1.692383277351500756e-04
2.236067903864936285e-02 -7.390432425524131503e-04 -7.390432425524131503e-04 -3.529623798342022443e-04 1.692383277351500756e-04
2.236067903864936285e-02 -7.390432425524131503e-04 -7.390432425524131503e-04 -3.529623798342022443e-04 1.692383277351500756e-04
2.236067903864936285e-02 -7.390432425524131503e-04 -7.390432425524131503e-04 -3.529623798342022443e-04 1.692383277351500756e-04
2.236067903864936285e-02 -7.390432425524131503e-04 -7.390432425524131503e-04 -3.529623798342022443e-04 1.692383277351500756e-04
2.236067903864936285e-02 -7.390432425524131503e-04 -7.390432425524131503e-04 -3.529623798342022443e-04 1.692383277351500756e-04
2.236067903864936285e-02 -7.390432425524131503e-04 -7.390432425524131503e-04 -3.529623798342022443e-04 1.692383277351500756e-04
2.236067903864936285e-02 -7.390432425524131503e-04 -7.390432425524131503e-04 -3.529623798342022443e-04 1.692383277351500756e-04
2.236067903864936285e-02 -7.390432425524131503e-04 -7.390432425524131503e-04 -3.529623798342022443e-04 1.692383277351500756e-04
2.236067903864936285e-02 -7.390432425524131503e-04 -7.390432425524131503e-04 -3.529623798342022443e-04 1.692383277351500756e-04
2.236067903864936285e-02 -7.390432425524131503e-04 -7.390432425524131503e-04 -3.529623798342022443e-04 1.692383277351500756e-04
2.236067903864936285e-02 -7.390432425524131503e-04 -7.390432425524131503e-04 -3.529623798342022443e-04 1.692383277351500756e-04
2.236067903864936285e-02 -7.390432425524131503e-04 -7.390432425524131503e-04 -3.529623798342022443e-04 1.692383277351500756e-04
2.236067903864936285e-02 -7.390432425524131503e-04 -7.390432425524131503e-04 -3.529623798342022443e-04 1.692383277351500756e-04
2.236067903864936285e-02 -7.390432425524131503e-04 -7.390432425524131503e-04 -3.529623798342022443e-04 1.692383277351500756e-04
2.236067903864936285e-02 -7.390432425524131503e-04 -7.390432425524131503e-04 -3.529623798342022443e-04 1.692383277351500756e-04
2.236067903864936285e-02 -7.390432425524131503e-04 -7.390432425524131503e-04 -3.529623798342022443e-04 1.692383277351500756e-04
2.236067903864936285e-02 -7.390432425524131503e-04 -7.390432425524131503e-04 -3.529623798342022443e-04 1.692383277351500756e-04
2.236067903864936285e-02 -7.390432425524131503e-04 -7.390432425524131503e-04 -3.529623798342022443e-04 1.692383277351500756e-04
2.236067903864936285e-02 -7.390432425524131503e-04 -7.390432425524131503e-04 -3.529623798342022443e-04 1.692383277351500756e-04
2.236067903864936285e-02 -7.390432425524131503e-04 -7.390432425524131503e-04 -3.529623798342022443e-04 1.692383277351500756e-04
2.236067903864936285e-02 -7.390432425524131503e-04 -7.390432425524131503e-04 -3.529623798342022443e-04 1.692383277351500756e-04
2.236067903864936285e-02 -7.390432425524131503e-04 -7.390432425524131503e-04 -3.529623798342022443e-04 1.692383277351500756e-04
2.236067910739938588e-02 5.386509014374196713e-02 5.386509014374196713e-02 3.913570760712908880e-01 1.692383282544302240e-04
2.236067943009597755e-02 2.130602642382815326e-01 2.130602642382815326e-01 1.960075718058543193e-02 1.692383306918042300e-04
2.236068001699697758e-02 -1.416713639469419361e-01 -1.416713639469419361e-01 -1.914106990812117493e-01 1.692383351247133208e-04
2.236068086809689381e-02 3.702848840021941701e-01 3.702848840021941701e-01 3.299844227222175630e-01 1.692383415531600443e-04
2.236068198339801957e-02 -1.521532091912438933e-01 -1.521532091912438933e-01 -1.484914048519247465e-01 1.692383499771395487e-04
2.236068336289921341e-02 -2.049136300883654116e-01 -2.049136300883654116e-01 3.265578138607329595e-01 1.692383603966570382e-04
2.236068500660139818e-02 1.105670543876150110e-02 1.105670543876150110e-02 -1.058054399686898100e-01 1.692383728117103714e-04
2.236068691450477514e-02 6.801389764434624674e-02 6.801389764434624674e-02 5.711028375521437495e-02 1.692383872222967566e-04
2.236068908660804322e-02 -2.028124129371793039e-01 -2.028124129371793039e-01 -8.061165709655204736e-02 1.692384036284201240e-04
2.236069152291252776e-02 -7.781992561784482898e-02 -7.781992561784482898e-02 -2.107775174316471045e-01 1.692384220300785220e-04
2.236069422341876306e-02 9.959468945663196848e-02 9.959468945663196848e-02 4.778995407017667951e-02 1.692384424272736041e-04
2.236069718812384172e-02 1.606445567212212155e-01 1.606445567212212155e-01 1.408846438985262017e-01 1.692384648200050178e-04
2.236070041703056357e-02 2.654613852601175328e-01 2.654613852601175328e-01 -3.641810060564015794e-01 1.692384892082695648e-04
2.236070391013906741e-02 -1.414891027217137498e-01 -1.414891027217137498e-01 7.147278096662285085e-02 1.692385155920666758e-04
2.236070766744686217e-02 6.437941558519061358e-02 6.437941558519061358e-02 1.890590070001529621e-01 1.692385439714031001e-04
2.236071168895588379e-02 1.417812746134918256e-01 1.417812746134918256e-01 -5.154438644090402616e-02 1.692385743462755307e-04
2.236071597466655902e-02 5.769991822461656428e-02 5.769991822461656428e-02 4.491160691508154501e-02 1.692386067166839407e-04
2.236072052457739948e-02 1.307286185854197036e-01 1.307286185854197036e-01 -2.538852968587160253e-02 1.692386410826259989e-04
2.236072533868898454e-02 -7.731545839886813654e-02 -7.731545839886813654e-02 1.471572736675131055e-01 1.692386774441016783e-04
2.236073041700166464e-02 1.386629528232437847e-01 1.386629528232437847e-01 -1.342934529980027991e-01 1.692387158011158577e-04
2.236073575951405198e-02 1.620947275616331507e-02 1.620947275616331507e-02 1.940411496175721562e-01 1.692387561536641191e-04
2.236074136622879377e-02 4.654145737770326585e-02 4.654145737770326585e-02 1.133472524500345052e-01 1.692387985017486851e-04
2.236074723714264606e-02 7.873384917583199638e-02 7.873384917583199638e-02 8.627382098432008484e-03 1.692388428453689864e-04
2.236075337225854054e-02 6.603055114172182161e-02 6.603055114172182161e-02 7.556595856412688661e-02 1.692388891845245894e-04
2.236075977157443023e-02 -5.772309628817902383e-02 -5.772309628817902383e-02 -1.918382450505381198e-01 1.692389375192161988e-04
2.236076643509194578e-02 9.535227949153278482e-02 9.535227949153278482e-02 6.450118032700860593e-02 1.692389878494424051e-04
2.236077336280976532e-02 1.188408529711081907e-01 1.188408529711081907e-01 -1.155242339207887027e-02 1.692390401752056478e-04
2.236078055472821152e-02 9.091818073852417359e-02 9.091818073852417359e-02 8.024955817964417315e-02 1.692390944965028912e-04
2.236078801084809969e-02 9.363822910594796212e-02 9.363822910594796212e-02 6.132738417654441838e-03 1.692391508133375504e-04
2.236079573116741409e-02 -3.683241436985596612e-02 -3.683241436985596612e-02 -5.391265086533665596e-02 1.692392091257053971e-04
2.236080371568923211e-02 6.965650795905781179e-02 6.965650795905781179e-02 4.914292728569290974e-02 1.692392694336086539e-04
2.236081196441028554e-02 5.122161858399808254e-02 5.122161858399808254e-02 -9.402965728402438994e-02 1.692393317370525249e-04
7.568560523538139274e-03 6.135208115909320404e-11 6.135208115909320404e-11 6.705203463319188428e-12 nan
2.292879539130759459e-05 1.818822429893494535e-20 1.818822429893494535e-20 5.047523711357075744e-21 nan
