0.000000000000000000e+00 0.000000000000000000e+00 0.000000000000000000e+00 0.000000000000000000e+00 0.000000000000000000e+00 0.000000000000000000e+00 0.000000000000000000e+00
-2.276983718269795395e-05 4.394956064873321768e-05 -4.479083769277384736e-05 -4.008468747487243736e-05 5.263914369551283390e-05 -4.639100725343970087e-05 -7.802816658070562461e+00
-4.553652610384682000e-05 8.786608642951625593e-05 -8.952738114058393605e-05 -8.010444800811932203e-05 1.051860065534235403e-04 -9.266634093672779379e-05 -1.560460974351083685e+01
-6.830006546970102414e-05 1.317495572164703273e-04 -1.342095891123028467e-04 -1.200596209183535954e-04 1.576385732162347160e-04 -1.388419977386040919e-04 -2.340537885246365946e+01
-9.106045396892976170e-05 1.755999528972232015e-04 -1.788374239356275378e-04 -1.599500219422652367e-04 2.099977463879871577e-04 -1.849129869218066693e-04 -3.120512357623684707e+01
-1.138176902866857334e-04 2.194172532056464626e-04 -2.234108437730270111e-04 -1.997755847769709778e-04 2.622636601823576672e-04 -2.308796565814306870e-04 -3.900384350661412469e+01
-1.365717730885590618e-04 2.632014378476771311e-04 -2.679298069107883791e-04 -2.395362414726246293e-04 3.144365058591489176e-04 -2.767425645999334436e-04 -4.680153823056372175e+01
-1.593227010566213009e-04 3.069524864192162508e-04 -3.123942712027285868e-04 -2.792319320418606933e-04 3.665163366010240707e-04 -3.225020738874067824e-04 -5.459820734179741919e+01
-1.820704728531664224e-04 3.506703785091327573e-04 -3.568041931289392269e-04 -3.188626004241618302e-04 4.185032205987738682e-04 -3.681584820331679328e-04 -6.239385042782160440e+01
-2.048150871479132449e-04 3.943550935961183650e-04 -4.011595320036824802e-04 -3.584281995224087311e-04 4.703971349648335284e-04 -4.137126014096463664e-04 -7.018846707891394487e+01
-2.275565426035064116e-04 4.380066110332999740e-04 -4.454602501794412443e-04 -3.979287004688217559e-04 5.221981476181440304e-04 -4.591645727146460767e-04 -7.798205688251644574e+01
-2.502948378950892758e-04 4.816249099434510958e-04 -4.897063142006290734e-04 -4.373640852715205123e-04 5.739063176848965137e-04 -5.045143037297068192e-04 -8.577461942946342788e+01
-2.730299716843705973e-04 5.252099693671443944e-04 -5.338976980946147496e-04 -4.767343534863685193e-04 6.255216165711641099e-04 -5.497615360998622672e-04 -9.356615430454316140e+01
-2.957619426607726990e-04 5.687617681167027144e-04 -5.780343839282600085e-04 -5.160395512053387885e-04 6.770438880728461666e-04 -5.949059553543009421e-04 -1.013566610993996875e+02
-3.184907495077761506e-04 6.122802849242517127e-04 -6.221163597042837518e-04 -5.552797158124183393e-04 7.284729942651529304e-04 -6.399460268033914986e-04 -1.091461394014913253e+02
-3.412163909105955946e-04 6.557654985371044959e-04 -6.661436136313336883e-04 -5.944548842662083360e-04 7.798087461301966882e-04 -6.848832750081814379e-04 -1.169345887980962857e+02
-3.639388655441710150e-04 6.992173877121125479e-04 -7.101161296771951997e-04 -6.335650648115496780e-04 8.310510168231806209e-04 -7.297159147623605074e-04 -1.247220088720451940e+02
-3.866581721140224803e-04 7.426359311732784116e-04 -7.540338862584843342e-04 -6.726102460762356950e-04 8.821996843920283616e-04 -7.744431123034344402e-04 -1.325083992170574447e+02
-4.093743092870267631e-04 7.860211077977391882e-04 -7.978968638323974101e-04 -7.115904350716630586e-04 9.332543786786226449e-04 -8.190660705530885665e-04 -1.402937594141094451e+02
-4.320872757439253044e-04 8.293728965202141730e-04 -8.417050392656882409e-04 -7.505056129804478114e-04 9.842150575848957091e-04 -8.635825346888822539e-04 -1.480780890492553397e+02
-4.547970701696363804e-04 8.726912764091919591e-04 -8.854583883503982719e-04 -7.893557538999624711e-04 1.035081451283910393e-03 -9.079926377950148708e-04 -1.558613877110593364e+02
-4.775036912278443299e-04 9.159762266010848877e-04 -9.291568826668356647e-04 -8.281408598129807921e-04 1.085853443705277720e-03 -9.522965138983262821e-04 -1.636436549806825269e+02
-5.002071376021445396e-04 9.592277261800802573e-04 -9.728004916910084482e-04 -8.668609023920238483e-04 1.136531074058220363e-03 -9.964943286769941538e-04 -1.714248904463038059e+02
-5.229074079523315021e-04 1.002445754350627348e-03 -1.016389183209208359e-03 -9.055158597272088775e-04 1.187114310384815036e-03 -1.040586629013691422e-03 -1.792050936896808935e+02
-5.456045009404017791e-04 1.045630290471430629e-03 -1.059922920435000821e-03 -9.441056742316878293e-04 1.237603237223531931e-03 -1.084572592741418241e-03 -1.869842642950104619e+02
-5.682984152315116765e-04 1.088781313866424424e-03 -1.103401664414832345e-03 -9.826303001045982519e-04 1.287997993544997286e-03 -1.128453518742533052e-03 -1.947624018484824546e+02
-5.909891494706283549e-04 1.131898803855612822e-03 -1.146825374114658711e-03 -1.021089677762628553e-03 1.338298832113082350e-03 -1.172230833658463676e-03 -2.025395059299940783e+02
-6.136767023175576912e-04 1.174982739682146025e-03 -1.190194004894775011e-03 -1.059483745240453936e-03 1.388505500557932508e-03 -1.215904210739041091e-03 -2.103155761255057428e+02
-6.363610724090282104e-04 1.218033100587789059e-03 -1.233507511764285035e-03 -1.097812409768407016e-03 1.438618616528453088e-03 -1.259474330018154524e-03 -2.180906120141973190e+02
-6.590422583859905379e-04 1.261049865729823314e-03 -1.276765850636011083e-03 -1.136075608418344847e-03 1.488638070773103551e-03 -1.302942281963936867e-03 -2.258646131772618162e+02
-6.817202589035886977e-04 1.304033014078507472e-03 -1.319968976907934027e-03 -1.174273279038702284e-03 1.538564104630553864e-03 -1.346307778449570575e-03 -2.336375792007923451e+02
-7.043950725787808970e-04 1.346982524534104560e-03 -1.363116852293246549e-03 -1.212405350269874036e-03 1.588396718166212645e-03 -1.389571577044137769e-03 -2.414095096578697621e+02
-7.270666980663696363e-04 1.389898375697084642e-03 -1.406209441588800093e-03 -1.250471799201608282e-03 1.638135847495561992e-03 -1.432732950001456987e-03 -2.491804041338540401e+02
-7.497351340075817955e-04 1.432780545950036949e-03 -1.449246717408790748e-03 -1.288472642403702207e-03 1.687781580080970198e-03 -1.475792127411349993e-03 -2.569502622066642630e+02
-7.724003790613208700e-04 1.475629013508388205e-03 -1.492228658517982072e-03 -1.326407922976752468e-03 1.737333515011561368e-03 -1.518748503390103576e-03 -2.647190834588440111e+02
-7.950624318707545700e-04 1.518443756598158436e-03 -1.535155251539645953e-03 -1.364277686903570810e-03 1.786791562968442727e-03 -1.561602056208693558e-03 -2.724868674654705956e+02
-8.177212911020505454e-04 1.561224753389985759e-03 -1.578026484799812225e-03 -1.402081944550618393e-03 1.836155804719019190e-03 -1.604351978275330055e-03 -2.802536138081065928e+02
-8.403769554106737443e-04 1.603971982075522076e-03 -1.620842346165295373e-03 -1.439820722216983125e-03 1.885426192265287617e-03 -1.646996190323838684e-03 -2.880193220640034042e+02
-8.630294234601269560e-04 1.646685420853206180e-03 -1.663602817667544052e-03 -1.477494011431129683e-03 1.934602081545897315e-03 -1.689535196831425763e-03 -2.957839918127421015e+02
-8.856786939031619128e-04 1.689365048038729425e-03 -1.706307876226983771e-03 -1.515101818037056965e-03 1.983683754516340006e-03 -1.731968785808880602e-03 -3.035476226311690198e+02
-9.083247653925162523e-04 1.732010842158133133e-03 -1.748957499615080846e-03 -1.552644107813822699e-03 2.032670477350068637e-03 -1.774296003041130792e-03 -3.113102140979947308e+02
-9.309676365708434475e-04 1.774622781724943896e-03 -1.791551663637417106e-03 -1.590120889074004510e-03 2.081562699898226523e-03 -1.816516655731636098e-03 -3.190717657890081114e+02
-9.536073060911225878e-04 1.817200845290811023e-03 -1.834090339403147323e-03 -1.627532156477249888e-03 2.130359953232237140e-03 -1.858631373749122274e-03 -3.268322772844131237e+02
-9.762437725876709329e-04 1.859745011411137114e-03 -1.876573494142424114e-03 -1.664877904006139197e-03 2.179062175956558624e-03 -1.900639724316643096e-03 -3.345917481576101977e+02
-9.988770347117890101e-04 1.902255258715062443e-03 -1.919001090772400270e-03 -1.702158118973470455e-03 2.227669243084820765e-03 -1.942542533945746351e-03 -3.423501779891091132e+02
-1.021507091080975718e-03 1.944731565974230263e-03 -1.961373092084794413e-03 -1.739372739332339371e-03 2.276181456859033194e-03 -1.984340776473349395e-03 -3.501075663487143288e+02
-1.044133940341971213e-03 1.987173911976537755e-03 -2.003689460175204270e-03 -1.776521728377985186e-03 2.324598957316645429e-03 -2.026034730220926169e-03 -3.578639128177811699e+02
-1.066757581110170392e-03 2.029582275460480641e-03 -2.045950154904438607e-03 -1.813605037215675238e-03 2.372921674544873575e-03 -2.067622815027321103e-03 -3.656192169671933812e+02
-1.089378012010997886e-03 2.071956635161717290e-03 -2.088155131224886385e-03 -1.850622557790176361e-03 2.421150018546445147e-03 -2.109109767514243203e-03 -3.733734783715141248e+02
-1.111995231669103993e-03 2.114296969825338410e-03 -2.130304341604123859e-03 -1.887574232845096005e-03 2.469283781558773497e-03 -2.150492359263532927e-03 -3.811266966050496876e+02
-1.134609238708827843e-03 2.156603258041696076e-03 -2.172397742325928981e-03 -1.924459997121768292e-03 2.517323413411969284e-03 -2.191772098950582354e-03 -3.888788712416487101e+02
-1.157220031744497259e-03 2.198875478247038200e-03 -2.214435291286110958e-03 -1.961279751793923790e-03 2.565268797601595336e-03 -2.232950468810222452e-03 -3.966300018526881672e+02
-1.179827609390231031e-03 2.241113608704852454e-03 -2.256416950232783322e-03 -1.998033528543849500e-03 2.613120003503807947e-03 -2.274025205806391725e-03 -4.043800880100484392e+02
-1.202431970257157503e-03 2.283317627410837245e-03 -2.298342684231290643e-03 -2.034721237092287395e-03 2.660877099647625515e-03 -2.314999106592294763e-03 -4.121291292855477195e+02
-1.225033112957804506e-03 2.325487512144318487e-03 -2.340212465643078717e-03 -2.071342901578727795e-03 2.708540025174219212e-03 -2.355867897657056963e-03 -4.198771252502285733e+02
-1.247631036118097359e-03 2.367623240585362086e-03 -2.382026271133362485e-03 -2.107898513140402975e-03 2.756108222862368919e-03 -2.396633369080547818e-03 -4.276240754776166568e+02
-1.270225738351234580e-03 2.409724790376633740e-03 -2.423784084144994366e-03 -2.144388066631465212e-03 2.803582166889844168e-03 -2.437296369469867715e-03 -4.353699795357906055e+02
-1.292817218281500438e-03 2.451792139255203670e-03 -2.465485891790655110e-03 -2.180811584951184226e-03 2.850961585183813245e-03 -2.477855506470660711e-03 -4.431148369951751533e+02
-1.315405474538321575e-03 2.493825264959485637e-03 -2.507131680288442015e-03 -2.217169082651538562e-03 2.898245831043210190e-03 -2.518308229731800341e-03 -4.508586474258567023e+02
-1.337990505756238594e-03 2.535824145294203642e-03 -2.548721429643732803e-03 -2.253460547128061271e-03 2.945435347031126645e-03 -2.558657029202140911e-03 -4.586014103998851397e+02
-1.360572310554453027e-03 2.577788758161789987e-03 -2.590255117664245609e-03 -2.289686018617505519e-03 2.992529916370601645e-03 -2.598900224540089121e-03 -4.663431254849038510e+02
-1.383150887561412261e-03 2.619719081567049510e-03 -2.631732718953764052e-03 -2.325845499572572542e-03 3.039529301208317418e-03 -2.639038342393561221e-03 -4.740837922530084256e+02
-1.405726235388742506e-03 2.661615093476980918e-03 -2.673154206366281337e-03 -2.361938974518035337e-03 3.086433506013064754e-03 -2.679071268345996348e-03 -4.818234102703991653e+02
-1.428298352655133548e-03 2.703476771793604516e-03 -2.714519549987355011e-03 -2.397966445574236435e-03 3.133242455444609168e-03 -2.718997383476358647e-03 -4.895619791063710409e+02
-1.450867237985686278e-03 2.745304094495060708e-03 -2.755828719191014565e-03 -2.433927947705198831e-03 3.179956046689766912e-03 -2.758819669313186066e-03 -4.972994983326868805e+02
-1.473432889977873729e-03 2.787097039727569423e-03 -2.797081679102488526e-03 -2.469823437374700590e-03 3.226574070523030840e-03 -2.798534570564531476e-03 -5.050359675116810081e+02
-1.495995307251089118e-03 2.828855585658764018e-03 -2.838278394322905560e-03 -2.505652891899327970e-03 3.273096908136339644e-03 -2.838144998789865828e-03 -5.127713862129636482e+02
-1.518554488419154381e-03 2.870579710435020113e-03 -2.879418823809122389e-03 -2.541416305155982849e-03 3.319524095498793247e-03 -2.877652038423364391e-03 -5.205057540043690096e+02
-1.541110432082451681e-03 2.912269392180808110e-03 -2.920502923847590609e-03 -2.577113552349586008e-03 3.365856058907855993e-03 -2.917056351632845573e-03 -5.282390704506228758e+02
-1.563663136829405087e-03 2.953924608969188143e-03 -2.961530651685542314e-03 -2.612744647962655931e-03 3.412092600838908391e-03 -2.956354930932097048e-03 -5.359713351134780623e+02
-1.586212601275045417e-03 2.995545338723820759e-03 -3.002501961111358770e-03 -2.648309472230415094e-03 3.458234328044147970e-03 -2.995549507363609153e-03 -5.437025475656845401e+02
-1.608758823993022315e-03 3.037131559286682710e-03 -3.043416812848543426e-03 -2.683807946479901257e-03 3.504280833062370197e-03 -3.034640445184930927e-03 -5.514327073657572100e+02
-1.631301803574649678e-03 3.078683248477593996e-03 -3.084275167699709625e-03 -2.719240064595777016e-03 3.550232424919493208e-03 -3.073628224326822433e-03 -5.591618140786482627e+02
-1.653841538605858993e-03 3.120200383990362567e-03 -3.125076991283764344e-03 -2.754605712963177026e-03 3.596088905505409692e-03 -3.112512336426166010e-03 -5.668898672682397546e+02
-1.676378027674242958e-03 3.161682943336507727e-03 -3.165822248633001334e-03 -2.789904834554191547e-03 3.641850392000303173e-03 -3.151291793443729197e-03 -5.746168665002395528e+02
-1.698911269348387341e-03 3.203130903922202059e-03 -3.206510908758155622e-03 -2.825137368398271225e-03 3.687516640424615307e-03 -3.189968925353937629e-03 -5.823428113332458906e+02
-1.721441262212813515e-03 3.244544242978439266e-03 -3.247142943625724604e-03 -2.860303313317023172e-03 3.733088164080736703e-03 -3.228546331283624338e-03 -5.900677013304274396e+02
-1.743968004853993546e-03 3.285922937759721153e-03 -3.287718327567515451e-03 -2.895402653918461525e-03 3.778563857636486542e-03 -3.267018218380774840e-03 -5.977915360541999235e+02
-1.766491495856014260e-03 3.327266965473636966e-03 -3.328237040205731054e-03 -2.930435394594713572e-03 3.823944796452471376e-03 -3.305385419678993474e-03 -6.055143150645045580e+02
-1.789011733828491752e-03 3.368576303365506622e-03 -3.368699063896972521e-03 -2.965401603886032213e-03 3.869230434259962603e-03 -3.343649859364437437e-03 -6.132360379273216040e+02
-1.811528717358598271e-03 3.409850928766861890e-03 -3.409104379385951081e-03 -3.000301255475682199e-03 3.914420535329849078e-03 -3.381810551553400893e-03 -6.209567041995137515e+02
-1.834042445052964671e-03 3.451090819079047616e-03 -3.449452965482868554e-03 -3.035134393612316014e-03 3.959515690345111194e-03 -3.419867886461431215e-03 -6.286763134449157633e+02
-1.856552915509943925e-03 3.492295951705124291e-03 -3.489744797257117014e-03 -3.069901049698739361e-03 4.004514786184976312e-03 -3.457816543821881031e-03 -6.363948652244639561e+02
-1.879060127320789650e-03 3.533466304076780112e-03 -3.529979847534749776e-03 -3.104601221092806191e-03 4.049418518832059721e-03 -3.495661223806811792e-03 -6.441123590960718275e+02
-1.901564079089810124e-03 3.574601853564546902e-03 -3.570158085145244079e-03 -3.139234997390666013e-03 4.094226297027173979e-03 -3.533402730527120290e-03 -6.518287946225842688e+02
-1.924064769400314146e-03 3.615702577657381716e-03 -3.610279483573620041e-03 -3.173802316437831107e-03 4.138938571952370006e-03 -3.571036656962161410e-03 -6.595441713600857838e+02
-1.946562196845355109e-03 3.656768453750334526e-03 -3.650344008908743346e-03 -3.208303252115562391e-03 4.183554537530088935e-03 -3.608567431962869144e-03 -6.672584888696062535e+02
-1.969056360005258521e-03 3.697799459216985930e-03 -3.690351622451583467e-03 -3.242737733845930514e-03 4.228074552853024713e-03 -3.645991826251741407e-03 -6.749717467091059007e+02
-1.991547257449584416e-03 3.738795571326979702e-03 -3.730302282370257828e-03 -3.277105709303372322e-03 4.272498769544223057e-03 -3.683308926837326226e-03 -6.826839444334653990e+02
-2.014034887765466658e-03 3.779756767359863587e-03 -3.770195949559249863e-03 -3.311407153607310184e-03 4.316826727199280130e-03 -3.720521688651349124e-03 -6.903950816053817334e+02
-2.036519249505022201e-03 3.820683024662999572e-03 -3.810032586972944297e-03 -3.345641980031347201e-03 4.361058516425557821e-03 -3.757630324560828385e-03 -6.981051577766744458e+02
-2.059000341235469635e-03 3.861574320578762751e-03 -3.849812153078043062e-03 -3.379810084614182433e-03 4.405194180359248667e-03 -3.794633235664769764e-03 -7.058141725053834534e+02
-2.081478161512938761e-03 3.902430632460919275e-03 -3.889534605553101633e-03 -3.413911386423822570e-03 4.449233904944265711e-03 -3.831533746351452677e-03 -7.135221253464645770e+02
-2.103952708894631877e-03 3.943251937539493136e-03 -3.929199907421456958e-03 -3.447945809521524903e-03 4.493177872529447239e-03 -3.868332788305735726e-03 -7.212290158550692922e+02
-2.126423981936596819e-03 3.984038212994839290e-03 -3.968808018416068034e-03 -3.481913269730647215e-03 4.537025975070284149e-03 -3.905025795674147999e-03 -7.289348435864621933e+02
-2.148891979186170944e-03 4.024789435968340393e-03 -4.008358905165428782e-03 -3.515813676705096917e-03 4.580778553304256338e-03 -3.941618196963562679e-03 -7.366396080947196197e+02
-2.171356699182393560e-03 4.065505583490927090e-03 -4.047852529869500060e-03 -3.549646961236707903e-03 4.624435167136918545e-03 -3.978107369076138398e-03 -7.443433089314038398e+02
-2.193818140475931391e-03 4.106186632384409112e-03 -4.087288857140023574e-03 -3.583413134351360902e-03 4.667996358822025689e-03 -4.014494130625679072e-03 -7.520459456506368952e+02
-2.216276301628746382e-03 4.146832559365123266e-03 -4.126667858433491487e-03 -3.617112165701352831e-03 4.711462259520889616e-03 -4.050779456196321182e-03 -7.597475178073340203e+02
-2.238731181194155914e-03 4.187443341074403858e-03 -4.165989506751831620e-03 -3.650744098766143305e-03 4.754832338757804429e-03 -4.086960472223509153e-03 -7.674480249504018730e+02
-2.261182777747810634e-03 4.228018954254785487e-03 -4.205253784106059538e-03 -3.684308925962025659e-03 4.798106694006520553e-03 -4.123037804402483394e-03 -7.751474666340310478e+02
-2.283631089870459974e-03 4.268559375724689103e-03 -4.244460669518311698e-03 -3.717806765391525482e-03 4.841285169295645938e-03 -4.159011033568051768e-03 -7.828458424117721961e+02
-2.306076116134823766e-03 4.309064582238060319e-03 -4.283610143178520450e-03 -3.751237663845157812e-03 4.884367600111363082e-03 -4.194879996915900841e-03 -7.905431518341973742e+02
-2.328517855114251543e-03 4.349534550572567090e-03 -4.322702182503379911e-03 -3.784601639898057136e-03 4.927353992321293480e-03 -4.230643756691683348e-03 -7.982393944532060459e+02
-2.350956305374749759e-03 4.389969257514021034e-03 -4.361736759578214301e-03 -3.817898710148815312e-03 4.970244212657019128e-03 -4.266301386919772384e-03 -8.059345698198254695e+02
-2.373391465484691893e-03 4.430368679773240802e-03 -4.400713846949673262e-03 -3.851128957363226992e-03 5.013037938104208599e-03 -4.301853155563558143e-03 -8.136286774873933609e+02
-2.395823333993876876e-03 4.470732794022439643e-03 -4.439633416324048273e-03 -3.884292314724876061e-03 5.055735214922957473e-03 -4.337298384976337115e-03 -8.213217170035510435e+02
-2.418251909464119200e-03 4.511061576786310791e-03 -4.478495438552661939e-03 -3.917388852557509779e-03 5.098335946719399769e-03 -4.372638402702181369e-03 -8.290136879211712539e+02
-2.440677190423198081e-03 4.551355004660235723e-03 -4.517299874969140337e-03 -3.950418473317446680e-03 5.140839766332898526e-03 -4.407874499890596792e-03 -8.367045897827630370e+02
-2.463099175437109996e-03 4.591613054289880348e-03 -4.556046690047364095e-03 -3.983381135404362450e-03 5.183246871114453001e-03 -4.443002936808814266e-03 -8.443944221455813022e+02
-2.485517863028283408e-03 4.631835702358458665e-03 -4.594735840457787532e-03 -4.016276732869685125e-03 5.225556865670685433e-03 -4.478027316857403906e-03 -8.520831845517888041e+02
-2.507933251733410543e-03 4.672022925571725667e-03 -4.633367288021559942e-03 -4.049105227651709875e-03 5.267769738343655583e-03 -4.512948471143825475e-03 -8.597708765489882126e+02
-2.530345340094376522e-03 4.712174700735822196e-03 -4.671940991327024235e-03 -4.081866505060620029e-03 5.309886479363304032e-03 -4.547766625904657925e-03 -8.674574976882969395e+02
-2.552754126620248101e-03 4.752291004734478068e-03 -4.710456911798646153e-03 -4.114560472766564357e-03 5.351906462619588495e-03 -4.582479117796432744e-03 -8.751430475099699606e+02
-2.575159609852250338e-03 4.792371814292112168e-03 -4.748915009530306486e-03 -4.147187057934635483e-03 5.393829637341987504e-03 -4.617092936271339695e-03 -8.828275255657713387e+02
-2.597561788300918433e-03 4.832417105988568926e-03 -4.787315238651931003e-03 -4.179746183898665202e-03 5.435656431253511715e-03 -4.651599676501406294e-03 -8.905109313963896511e+02
-2.619960660486985587e-03 4.872426856473746973e-03 -4.825657559928655214e-03 -4.212237760353206364e-03 5.477387575972002091e-03 -4.686004383434533814e-03 -8.981932645459525020e+02
-2.642356224948188333e-03 4.912401042428089955e-03 -4.863941934796995117e-03 -4.244661715298076246e-03 5.519022614338718949e-03 -4.720307333481462905e-03 -9.058745245639557879e+02
-2.664748480186134982e-03 4.952339640311795819e-03 -4.902168325121932999e-03 -4.277018036645258495e-03 5.560561326357788339e-03 -4.754508249890375925e-03 -9.135547109857266150e+02
-2.687137424749560643e-03 4.992242626201685157e-03 -4.940336700223421813e-03 -4.309306764599219602e-03 5.602004592560310553e-03 -4.788605589887074548e-03 -9.212338233621685504e+02
-2.709523057160379868e-03 5.032109976059883846e-03 -4.978447032816931024e-03 -4.341527896971505290e-03 5.643351217563964684e-03 -4.822599896441417955e-03 -9.289118612326693665e+02
-2.731905375964163198e-03 5.071941665825255123e-03 -5.016499300289734703e-03 -4.373681490852751597e-03 5.684601424827794534e-03 -4.856488739874390871e-03 -9.365888241431971437e+02
-2.754284379700222725e-03 5.111737671587632606e-03 -5.054493483131354548e-03 -4.405767704651120109e-03 5.725755107213454168e-03 -4.890274450701955801e-03 -9.442647116360149084e+02
-2.776660066907996310e-03 5.151497969438950664e-03 -5.092429562680975477e-03 -4.437786509652858966e-03 5.766812558819875423e-03 -4.923953069307399240e-03 -9.519395232531395550e+02
-2.799032436127744505e-03 5.191222535535440323e-03 -5.130307512966047860e-03 -4.469737969820298390e-03 5.807773003270148490e-03 -4.957526889083899678e-03 -9.596132585376650468e+02
-2.821401485894174145e-03 5.230911345953382675e-03 -5.168127315844438935e-03 -4.501622062651991496e-03 5.848636335817883856e-03 -4.990998295679460912e-03 -9.672859170334163537e+02
-2.843767214731120121e-03 5.270564376654496806e-03 -5.205888944222141976e-03 -4.533438874679935129e-03 5.889402551602641346e-03 -5.024361503588172656e-03 -9.749574982808879895e+02
-2.866129621153104025e-03 5.310181603552855886e-03 -5.243592370155977095e-03 -4.565188287426688758e-03 5.930071602482598833e-03 -5.057619296484340728e-03 -9.826280018183551874e+02
-2.888488703694997058e-03 5.349763002518609020e-03 -5.281237557544150862e-03 -4.596870315152056657e-03 5.970643753249832604e-03 -5.090773383139790553e-03 -9.902974271921602849e+02
-2.910844460859412803e-03 5.389308549541088622e-03 -5.318824474466101598e-03 -4.628484976599604554e-03 6.011117646068480681e-03 -5.123825262540155669e-03 -9.979657739371536991e+02
-2.933196891157718693e-03 5.428818220722608778e-03 -5.356353081146243700e-03 -4.660032114551185961e-03 6.051494543788567271e-03 -5.156771266399641160e-03 -1.005633041592393511e+03
-2.955545993100712303e-03 5.468291992123181476e-03 -5.393823337866387492e-03 -4.691511810845672495e-03 6.091773642132739322e-03 -5.189607829111306248e-03 -1.013299229696922794e+03
-2.977891765202503229e-03 5.507729839874411608e-03 -5.431235206370675292e-03 -4.722923799886183729e-03 6.131954919788887640e-03 -5.222347420821013900e-03 -1.020964337791168987e+03
-3.000234205952195029e-03 5.547131740301427215e-03 -5.468588639422381284e-03 -4.754268167357847061e-03 6.172039609865549378e-03 -5.254979165461025857e-03 -1.028628365408292439e+03
-3.022573313857173510e-03 5.586497669650720456e-03 -5.505883600456729088e-03 -4.785544766129984189e-03 6.212026520079558245e-03 -5.287508958348364867e-03 -1.036291312085962772e+03
-3.044909087418549987e-03 5.625827604098901022e-03 -5.543120043968052628e-03 -4.816753455209329439e-03 6.251916398529680334e-03 -5.319938391928090426e-03 -1.043953177360624295e+03
-3.067241525122991596e-03 5.665121519716549703e-03 -5.580297918512741248e-03 -4.847894245243049120e-03 6.291710508174101595e-03 -5.352257300596494766e-03 -1.051613960765440424e+03
-3.089570625470793030e-03 5.704379392567839220e-03 -5.617417186830713643e-03 -4.878966999731481832e-03 6.331407272058537858e-03 -5.384472824709795637e-03 -1.059273661838912858e+03
-3.111896386939765231e-03 5.743601198716569330e-03 -5.654477809543090316e-03 -4.909971574376447399e-03 6.371007802568337021e-03 -5.416593118565549668e-03 -1.066932280111937644e+03
-3.134218808029372392e-03 5.782786913867804177e-03 -5.691479748927814018e-03 -4.940908092475261755e-03 6.410512429422816905e-03 -5.448603324075809370e-03 -1.074589815122106302e+03
-3.156537887233520651e-03 5.821936513532860111e-03 -5.728422976102820474e-03 -4.971776526353789347e-03 6.449919527258443641e-03 -5.480510237473984990e-03 -1.082246266404023118e+03
-3.178853623043164951e-03 5.861049972982627747e-03 -5.765307459262982576e-03 -5.002576982973640750e-03 6.489229508115812450e-03 -5.512317576216348158e-03 -1.089901633489521828e+03
-3.201166013964382683e-03 5.900127267377407343e-03 -5.802133175212938893e-03 -5.033309424825582398e-03 6.528443321618898273e-03 -5.544015436530093550e-03 -1.097555915913979334e+03
-3.223475058499371531e-03 5.939168371988481562e-03 -5.838900105544217629e-03 -5.063973951654836790e-03 6.567559205043575592e-03 -5.575615148797979058e-03 -1.105209113210323039e+03
-3.245780755159851077e-03 5.978173262248550821e-03 -5.875608229605411119e-03 -5.094570704696902048e-03 6.606578539298166991e-03 -5.607111746950660738e-03 -1.112861224914726108e+03
-3.268083102447622186e-03 6.017141913669856075e-03 -5.912257531256303461e-03 -5.125099551033258233e-03 6.645499775085199172e-03 -5.638504018109932736e-03 -1.120512250560027496e+03
-3.290382098855788688e-03 6.056074301751752757e-03 -5.948847985076269849e-03 -5.155560555600062489e-03 6.684322641456099529e-03 -5.669794642506670833e-03 -1.128162189675452737e+03
-3.312677742890155191e-03 6.094970401781038029e-03 -5.985379566503130737e-03 -5.185953780260002532e-03 6.723048708926125834e-03 -5.700976496042784933e-03 -1.135811041795036090e+03
-3.334970033037307300e-03 6.133830188977164484e-03 -6.021852238699851832e-03 -5.216279096163359275e-03 6.761675942840965868e-03 -5.732055764519780605e-03 -1.143458806447671350e+03
-3.357258967788611520e-03 6.172653638578483662e-03 -6.058265969550004695e-03 -5.246536608050650190e-03 6.800205827805117127e-03 -5.763027938365324239e-03 -1.151105483165831401e+03
-3.379544545626023480e-03 6.211440725998703359e-03 -6.094620726198551192e-03 -5.276726256872176120e-03 6.838637027316001732e-03 -5.793889793742537826e-03 -1.158751071478311815e+03
-3.401826765023529923e-03 6.250191426753961589e-03 -6.130916471263726970e-03 -5.306847987863030913e-03 6.876970239444960865e-03 -5.824654765051665538e-03 -1.166395570910412061e+03
-3.424105624486192996e-03 6.288905716307392757e-03 -6.167153163009976048e-03 -5.336901725749803801e-03 6.915206197971176041e-03 -5.855312567101861668e-03 -1.174038980997673661e+03
-3.446381122473324114e-03 6.327583570230916644e-03 -6.203330756837612502e-03 -5.366887349724658827e-03 6.953343009721851646e-03 -5.885863124937308621e-03 -1.181681301261327917e+03
-3.468653257457312775e-03 6.366224964138443750e-03 -6.239449207835287385e-03 -5.396804814149539289e-03 6.991382671900423298e-03 -5.916311443607198337e-03 -1.189322531230348204e+03
-3.490922027900421592e-03 6.404829873643870693e-03 -6.275508475169285817e-03 -5.426653972415180528e-03 7.029324919548303810e-03 -5.946653412157767646e-03 -1.196962670430420985e+03
-3.513187432274791130e-03 6.443398274266113647e-03 -6.311508515668961920e-03 -5.456434808346369465e-03 7.067169976302600277e-03 -5.976890302858399277e-03 -1.204601718391347731e+03
-3.535449469019862415e-03 6.481930141500602365e-03 -6.347449279392809902e-03 -5.486147126149931025e-03 7.104917260157059614e-03 -6.007027203100304656e-03 -1.212239674633417735e+03
-3.557708136607107274e-03 6.520425450662280763e-03 -6.383330722558091912e-03 -5.515790877668376793e-03 7.142568304513248999e-03 -6.037061722063381992e-03 -1.219876538687936545e+03
-3.579963433482636313e-03 6.558884177046976974e-03 -6.419152808378963612e-03 -5.545366150331984198e-03 7.180121469374881223e-03 -6.066991556888424141e-03 -1.227512310077627944e+03
-3.602215358106216746e-03 6.597306295805492778e-03 -6.454915502215123960e-03 -5.574872745287270948e-03 7.217577807581040429e-03 -6.096818788005454667e-03 -1.235146988330073327e+03
-3.624463908920661902e-03 6.635691781784501704e-03 -6.490618774251066987e-03 -5.604310837241854339e-03 7.254936466382921022e-03 -6.126546502251906806e-03 -1.242780572964343264e+03
-3.646709084413030967e-03 6.674040609443068935e-03 -6.526262591838765184e-03 -5.633680414023982050e-03 7.292197917645844990e-03 -6.156169630767056172e-03 -1.250413063511701012e+03
-3.668950883043402538e-03 6.712352753243470624e-03 -6.561846933505178191e-03 -5.662981556152596289e-03 7.329361550587470964e-03 -6.185689438217362862e-03 -1.258044459491806492e+03
-3.691189303288696343e-03 6.750628187791461905e-03 -6.597371781144562540e-03 -5.692214420126325350e-03 7.366426954016523469e-03 -6.215114590123920098e-03 -1.265674760429320713e+03
-3.713424343617063514e-03 6.788866887920441337e-03 -6.632837112945394291e-03 -5.721378911332560685e-03 7.403394301478734979e-03 -6.244429497650958762e-03 -1.273303965846606388e+03
-3.735656002515575815e-03 6.827068828441147652e-03 -6.668242906321879097e-03 -5.750475161809716351e-03 7.440263089493464634e-03 -6.273642270090827588e-03 -1.280932075271600525e+03
-3.757884278438621516e-03 6.865233984049142618e-03 -6.703589137568829841e-03 -5.779503129815206398e-03 7.477033562473191404e-03 -6.302756085070958594e-03 -1.288559088220172498e+03
-3.780109169861008318e-03 6.903362329306666698e-03 -6.738875771414925067e-03 -5.808462790231738032e-03 7.513705880327052437e-03 -6.331753721867308844e-03 -1.296185004215729805e+03
-3.802330675244968480e-03 6.941453838875158780e-03 -6.774102779468838161e-03 -5.837354221066166568e-03 7.550279386538945835e-03 -6.360649751232093363e-03 -1.303809822778955095e+03
-3.824548793034232563e-03 6.979508487492991874e-03 -6.809270128276575205e-03 -5.866177231297091052e-03 7.586753312628255648e-03 -6.389439500705836397e-03 -1.311433543426949882e+03
-3.846763521692308715e-03 7.017526249995203851e-03 -6.844377781525239936e-03 -5.894931975124141112e-03 7.623129357438932809e-03 -6.418121598238085528e-03 -1.319056165684634379e+03
-3.868974859650954005e-03 7.055507101233988131e-03 -6.879425698906002293e-03 -5.923618306725991246e-03 7.659406937330209657e-03 -6.446694807733632793e-03 -1.326677689064558081e+03
-3.891182805364350270e-03 7.093451015904498821e-03 -6.914413841998464337e-03 -5.952236066662439963e-03 7.695586560460914577e-03 -6.475168186961146113e-03 -1.334298113087997763e+03
-3.913387357271395570e-03 7.131357968870984804e-03 -6.949342166675967145e-03 -5.980785200240516623e-03 7.731666963171656901e-03 -6.503536584471871808e-03 -1.341917437272750931e+03
-3.935588513792960715e-03 7.169227935069942721e-03 -6.984210629330933964e-03 -6.009265588187806366e-03 7.767649786131857262e-03 -6.531794773437688516e-03 -1.349535661133193571e+03
-3.957786273372391160e-03 7.207060889386126754e-03 -7.019019186515555210e-03 -6.037677096193832388e-03 7.803534472390423644e-03 -6.559958849868126676e-03 -1.357152784193057414e+03
-3.979980634414158509e-03 7.244856806754394231e-03 -7.053767792333827738e-03 -6.066019785708066936e-03 7.839321620850761216e-03 -6.588015928297989710e-03 -1.364768805962530678e+03
-4.002171595347759486e-03 7.282615661996222692e-03 -7.088456395457384644e-03 -6.094293427102152015e-03 7.875010759136741312e-03 -6.615975925812935497e-03 -1.372383725960066840e+03
-4.024359154597055566e-03 7.320337429868837252e-03 -7.123084953003009853e-03 -6.122498068196506257e-03 7.910602350356650894e-03 -6.643826777688007119e-03 -1.379997543700689448e+03
-4.046543310585047799e-03 7.358022085037584266e-03 -7.157653432260745359e-03 -6.150633687435215491e-03 7.946096138138498619e-03 -6.671580600098839416e-03 -1.387610258698784946e+03
-4.068724061748447626e-03 7.395669601790927535e-03 -7.192161792304275873e-03 -6.178700334747291162e-03 7.981492180220529226e-03 -6.699235725027695432e-03 -1.395221870472928913e+03
-4.090901406512578026e-03 7.433279954067077179e-03 -7.226610009501263990e-03 -6.206697985570970924e-03 8.016789372785651166e-03 -6.726788892777139581e-03 -1.402832378535103544e+03
-4.113075343311500646e-03 7.470853115502168115e-03 -7.260998055744230691e-03 -6.234626844747820362e-03 8.051989073836819319e-03 -6.754237106023974931e-03 -1.410441782398771920e+03
-4.135245870580622415e-03 7.508389059852567209e-03 -7.295325906269715596e-03 -6.262486838569259438e-03 8.087089776689343479e-03 -6.781582746857355883e-03 -1.418050081576527418e+03
-4.157412986779240004e-03 7.545887761056768207e-03 -7.329593538781207715e-03 -6.290278072385674553e-03 8.122091260597428738e-03 -6.808827623376055571e-03 -1.425657275588213679e+03
-4.179576690318984218e-03 7.583349193322617976e-03 -7.363800926174134120e-03 -6.318000589323631393e-03 8.156994285168348013e-03 -6.835960842006771898e-03 -1.433263363937415534e+03
-4.201736979650845874e-03 7.620773330827841641e-03 -7.397948037834403689e-03 -6.345654367460156105e-03 8.191797895553621506e-03 -6.862988566593495633e-03 -1.440868346140471203e+03
-4.223893853216623487e-03 7.658160147647223234e-03 -7.432034846889313574e-03 -6.373239411559921720e-03 8.226502512125699607e-03 -6.889912639381122472e-03 -1.448472221710207577e+03
-4.246047309438710955e-03 7.695509617750341015e-03 -7.466061321900317564e-03 -6.400755644015978726e-03 8.261108003979016415e-03 -6.916729210349388014e-03 -1.456074990155771275e+03
-4.268198990624088793e-03 7.732844899871542735e-03 -7.499836567255414692e-03 -6.441790480665772999e-03 8.389371228545923140e-03 -7.469579273494748178e-03 -1.463676593232544519e+03
-4.290345607405016137e-03 7.770119598484509157e-03 -7.533742297247143088e-03 -6.469169008664389826e-03 8.423779022830301180e-03 -7.496188056602918516e-03 -1.471277145958901201e+03
-4.312488802073069158e-03 7.807356872416148542e-03 -7.567587598068709759e-03 -6.496478586794370014e-03 8.458088294762794793e-03 -7.522685536787074301e-03 -1.478876590086744045e+03
-4.334628573042869325e-03 7.844556695686946343e-03 -7.601372438965884812e-03 -6.523719105325213700e-03 8.492297792595330727e-03 -7.549084101019874066e-03 -1.486474925125836535e+03
-4.356764918725015284e-03 7.881719042456564878e-03 -7.635096771660160320e-03 -6.550890542837928439e-03 8.526409398114659713e-03 -7.575376147254704075e-03 -1.494072150585656118e+03
-4.378897837527630232e-03 7.918843887042609567e-03 -7.668760546859481469e-03 -6.577992807719501046e-03 8.560420557381957438e-03 -7.601572594342203941e-03 -1.501668265975500162e+03
-4.401027327841449364e-03 7.955931203787278139e-03 -7.702363722050414516e-03 -6.605025811137510069e-03 8.594334668640379524e-03 -7.627659527950415332e-03 -1.509263270799560360e+03
-4.423153388059945269e-03 7.992980967035594186e-03 -7.735906249424785372e-03 -6.631989557170045804e-03 8.628149092406505946e-03 -7.653647340587373810e-03 -1.516857164564844425e+03
-4.445276016578047704e-03 8.029993151021722064e-03 -7.769388078716747865e-03 -6.658883970674395886e-03 8.661865590298993209e-03 -7.679537227986145756e-03 -1.524449946777906916e+03
-4.467395211781637239e-03 8.066967729675149704e-03 -7.802809171302141703e-03 -6.685709006611305870e-03 8.695483468287716275e-03 -7.705325370492209676e-03 -1.532041616941960228e+03
-4.489510972084764621e-03 8.103904676643522778e-03 -7.836169483044866726e-03 -6.712464646802447990e-03 8.729003396244695845e-03 -7.731006659340294504e-03 -1.539632174569618428e+03
-4.511623295860819546e-03 8.140803965549810520e-03 -7.869468975992794518e-03 -6.739150831004966404e-03 8.762424086063102385e-03 -7.756581565181780956e-03 -1.547221619157989153e+03
-4.533732181514396782e-03 8.177665569853321409e-03 -7.902707623961771274e-03 -6.765767656027332939e-03 8.795745944971166200e-03 -7.782062096763543539e-03 -1.554809950214232458e+03
-4.555837627443972727e-03 8.214489462873550418e-03 -7.935885389570657145e-03 -6.792315201317014432e-03 8.828968752550349700e-03 -7.807438822977840268e-03 -1.562397167242183968e+03
-4.577939632039847162e-03 8.251275617852917021e-03 -7.969002241514710344e-03 -6.818793512434975605e-03 8.862092841743522340e-03 -7.832706642586364371e-03 -1.569983269741997674e+03
-4.600038193720229832e-03 8.288024008002724957e-03 -8.002058150809936848e-03 -6.845202550200835297e-03 8.895117949675873659e-03 -7.857866767841722305e-03 -1.577568257223687624e+03
-4.622133310864809212e-03 8.324734606636350828e-03 -8.035053094190214990e-03 -6.871542344222901499e-03 8.928042944123691302e-03 -7.882931416123638291e-03 -1.585152129182243016e+03
-4.644224981879228713e-03 8.361407387059602639e-03 -8.067987045597288520e-03 -6.897812855910745618e-03 8.960869780868060963e-03 -7.907890364564141780e-03 -1.592734885121989237e+03
-4.666313205160611648e-03 8.398042322674699120e-03 -8.100859982644231794e-03 -6.924014044460475269e-03 8.993596557918509538e-03 -7.932739918875494206e-03 -1.600316524543793321e+03
-4.688397979100748791e-03 8.434639386813970463e-03 -8.133671876684497870e-03 -6.950145791341176202e-03 9.026224858821672858e-03 -7.957483156645064545e-03 -1.607897046947265380e+03
-4.710479302095363537e-03 8.471198552754591327e-03 -8.166422702238263637e-03 -6.976208138593733080e-03 9.058752914368514708e-03 -7.982125055899744540e-03 -1.615476451835822445e+03
-4.732557172517864660e-03 8.507719793855979609e-03 -8.199112433158406432e-03 -7.002201052672753744e-03 9.091181006089856312e-03 -8.006664226079983002e-03 -1.623054738706105809e+03
-4.754631588744038379e-03 8.544203083538178325e-03 -8.231741024126403017e-03 -7.028124466940029354e-03 9.123509820752240609e-03 -8.031102663728339683e-03 -1.630631907056322916e+03
-4.776702549148592776e-03 8.580648395259763903e-03 -8.264308441556214926e-03 -7.053978600451322155e-03 9.155738740802150596e-03 -8.055435291347987081e-03 -1.638207956383929741e+03
-4.798770052129769197e-03 8.617055702409047793e-03 -8.296814638337935907e-03 -7.079763257132386765e-03 9.187867404019296053e-03 -8.079662802195625507e-03 -1.645782886193438571e+03
-4.820834096035083068e-03 8.653424978473739371e-03 -8.329259569637054855e-03 -7.105478334840337022e-03 9.219897349752328997e-03 -8.103787610523943349e-03 -1.653356695973430760e+03
-4.842894679247111180e-03 8.689756196812900915e-03 -8.361643191184613480e-03 -7.131123869781538088e-03 9.251828204607169884e-03 -8.127810351554036819e-03 -1.660929385225660326e+03
-4.864951800131623455e-03 8.726049330841758114e-03 -8.393965456897977545e-03 -7.156699780532066804e-03 9.283659297877477554e-03 -8.151731971357873210e-03 -1.668500953448121436e+03
-4.887005457042599768e-03 8.762304353979960200e-03 -8.426226323106753360e-03 -7.182205929375870199e-03 9.315390782096042224e-03 -8.175547731317178712e-03 -1.676071400135064096e+03
-4.909055648328129740e-03 8.798521239605366917e-03 -8.458425742388944041e-03 -7.207642364113091456e-03 9.347024144751046870e-03 -8.199253630020704106e-03 -1.683640724777049854e+03
-4.931102372373060046e-03 8.834699960793977042e-03 -8.490563662139717638e-03 -7.233009035720184936e-03 9.378557954502477964e-03 -8.222870433979964991e-03 -1.691208926877213344e+03
-4.953145627514589713e-03 8.870840490525088926e-03 -8.522640041178360798e-03 -7.258305948477196574e-03 9.409992587968221689e-03 -8.246383423366624235e-03 -1.698776005923755520e+03
-4.975185412110671133e-03 8.906942801665597778e-03 -8.554654849348577658e-03 -7.283533035968159028e-03 9.441327475710477313e-03 -8.269783812807341566e-03 -1.706341961411381362e+03
-4.997221724515172291e-03 8.943006867059222903e-03 -8.586608051557493432e-03 -7.308690241056573639e-03 9.472564187851540904e-03 -8.293083445945715823e-03 -1.713906792832479823e+03
-5.019254563101430838e-03 8.979032659355776214e-03 -8.618499621015424800e-03 -7.333777676862426008e-03 9.503700555989863866e-03 -8.316288015287522789e-03 -1.721470499685075538e+03
-5.041283926210229742e-03 9.015020151098073614e-03 -8.650329530687389870e-03 -7.358795116091972413e-03 9.534739265682044482e-03 -8.339382867943221853e-03 -1.729033081454583680e+03
-5.063309812211358278e-03 9.050969314715681321e-03 -8.682097749386271518e-03 -7.383742796327616258e-03 9.565677371368239840e-03 -8.362379785569784216e-03 -1.736594537634895232e+03
-5.085332219470449326e-03 9.086880122889060343e-03 -8.713804258267879646e-03 -7.408620515733344361e-03 9.596515386064784214e-03 -8.385267565251885297e-03 -1.744154867717679963e+03
-5.107351146342852324e-03 9.122752548368365938e-03 -8.745449027754009785e-03 -7.433428406147278740e-03 9.627253410906746675e-03 -8.408054924618537859e-03 -1.751714071191076300e+03
-5.129366591202929281e-03 9.158586563817471687e-03 -8.777032024731202045e-03 -7.458166431337552062e-03 9.657891288740184585e-03 -8.430737453682992863e-03 -1.759272147550267164e+03
-5.151378552389057966e-03 9.194382142000818298e-03 -8.808553215618885809e-03 -7.482834591576567086e-03 9.688430076698678270e-03 -8.453321997345410871e-03 -1.766829096279235500e+03
-5.173387028258062334e-03 9.230139255480490981e-03 -8.840012574695499045e-03 -7.507432942361572104e-03 9.718867354129105338e-03 -8.475795386991526875e-03 -1.774384916870244979e+03
-5.195392017156080441e-03 9.265857876706475385e-03 -8.871410072363966962e-03 -7.531961488248680413e-03 9.749204420175964364e-03 -8.498162267318780036e-03 -1.781939608811806238e+03
-5.217393517416633701e-03 9.301537978085786321e-03 -8.902745666775855118e-03 -7.556420301121958422e-03 9.779441283428245979e-03 -8.520432541363911691e-03 -1.789493171588660061e+03
-5.239391527394810476e-03 9.337179532006122454e-03 -8.934019319222904695e-03 -7.580809177953838282e-03 9.809577508567196916e-03 -8.542597703048847302e-03 -1.797045604692722691e+03
-5.261386045421506674e-03 9.372782511119373897e-03 -8.965230989094831460e-03 -7.605128264668067038e-03 9.839614260201134943e-03 -8.564652853761274207e-03 -1.804596907606688319e+03
-5.283377069842064115e-03 9.408346888167492400e-03 -8.996380619848295956e-03 -7.629377343751514787e-03 9.869550291690528873e-03 -8.586613226633524332e-03 -1.812147079819912506e+03
-5.305364598981327125e-03 9.443872635974548055e-03 -9.027468164298042483e-03 -7.653556454426393811e-03 9.899385353467508863e-03 -8.608464297058422698e-03 -1.819696120817791325e+03
-5.327348631148198788e-03 9.479359727166477775e-03 -9.058493578597231685e-03 -7.677665445255914788e-03 9.929121924833566454e-03 -8.630220808745849015e-03 -1.827244030081797291e+03
-5.349329164685677311e-03 9.514808134101626971e-03 -9.089456811169526612e-03 -7.701704320725696190e-03 9.958760020836940341e-03 -8.651866784165143653e-03 -1.834790807104748637e+03
-5.371306197897428650e-03 9.550217829241048825e-03 -9.120357826344432928e-03 -7.725672883097798281e-03 9.988296094093679703e-03 -8.673408063226991857e-03 -1.842336451363270271e+03
-5.393279729112533324e-03 9.585588784990644456e-03 -9.151196584022285724e-03 -7.749571130132719074e-03 1.001773456883559531e-02 -8.694851092917711688e-03 -1.849880962342898556e+03
-5.415249756646243508e-03 9.620920973740421447e-03 -9.181973037249385391e-03 -7.773398976626122794e-03 1.004707269990551266e-02 -8.716188009883359469e-03 -1.857424339525191726e+03
-5.437216278824911000e-03 9.656214367763989170e-03 -9.212687160817292428e-03 -7.797156371015314356e-03 1.007631238079991116e-02 -8.737433001417589315e-03 -1.864966582394165243e+03
-5.459179293960488531e-03 9.691468939338985025e-03 -9.243338915212879689e-03 -7.820843432838453513e-03 1.010545188967150454e-02 -8.758566818009315413e-03 -1.872507690428376236e+03
-5.481138800390274873e-03 9.726684660452103795e-03 -9.273928276715194888e-03 -7.844460029510381266e-03 1.013449207654193787e-02 -8.779606326796189630e-03 -1.880047663113538420e+03
-5.503094796425158503e-03 9.761861502901451534e-03 -9.304455208157749388e-03 -7.868006244887671211e-03 1.016343150319806536e-02 -8.800539614026983357e-03 -1.887586499925544786e+03
-5.525047280397054478e-03 9.796999438531548560e-03 -9.334919684128844403e-03 -7.891482304475770995e-03 1.019227160056438222e-02 -8.821364391813059369e-03 -1.895124200348769364e+03
-5.546996250621316453e-03 9.832098439265196319e-03 -9.365321674331806776e-03 -7.914888073767235507e-03 1.022100871123856301e-02 -8.842093826575638318e-03 -1.902660763860490533e+03
-5.568941705421721032e-03 9.867158476774060341e-03 -9.395661149851656721e-03 -7.938223467300815558e-03 1.024964749417542169e-02 -8.862718274585007841e-03 -1.910196189940931617e+03
-5.590883643113188188e-03 9.902179522819449728e-03 -9.425938078456532962e-03 -7.961488731494364285e-03 1.027818397840473200e-02 -8.883239470341161223e-03 -1.917730478067752983e+03
-5.612822062016090130e-03 9.937161549003835359e-03 -9.456152431470922146e-03 -7.984683630234414367e-03 1.030661790819817347e-02 -8.903649298566310155e-03 -1.925263627720263003e+03
-5.634756960435502275e-03 9.972104526870858437e-03 -9.486304178185463870e-03 -8.007808466300184169e-03 1.033495310730667138e-02 -8.923962726507988011e-03 -1.932795638374070222e+03
-5.656688336688853007e-03 1.000700842798925815e-02 -9.516393277193625419e-03 -8.030863066953929444e-03 1.036318609784571583e-02 -8.944167498528301369e-03 -1.940326509510190817e+03
-5.678616189062530434e-03 1.004187322403907526e-02 -9.546419694275467410e-03 -8.053847346600669435e-03 1.039131808859885403e-02 -8.964272476936790968e-03 -1.947856240600153797e+03
-5.700540515868796933e-03 1.007669888684035835e-02 -9.576383382219902374e-03 -8.076761423982727409e-03 1.041935011853427177e-02 -8.984267372269807636e-03 -1.955384831124334823e+03
-5.722461315412068726e-03 1.011148538836902436e-02 -9.606284292451404763e-03 -8.099605008035637432e-03 1.044728203374864321e-02 -9.004164232164714801e-03 -1.962912280558978182e+03
-5.744378585980751406e-03 1.014623270054070513e-02 -9.636122378246571654e-03 -8.122378144546105530e-03 1.047511204671847107e-02 -9.023958891184596931e-03 -1.970438588376143571e+03
-5.766292325860353576e-03 1.018094079521236761e-02 -9.665897600049206187e-03 -8.145080550091221561e-03 1.050284258452018407e-02 -9.043653253176480236e-03 -1.977963754047987777e+03
-5.788202533344899599e-03 1.021560964416228130e-02 -9.695609910055703537e-03 -8.167712352559083205e-03 1.053047284510219388e-02 -9.063239821270453397e-03 -1.985487777050119121e+03
-5.810109206724569687e-03 1.025023921932315292e-02 -9.725259264138745585e-03 -8.190273359692117755e-03 1.055800405499603828e-02 -9.082729124706092130e-03 -1.993010656855980187e+03
-5.832012344286703447e-03 1.028482949270921425e-02 -9.754845614121833083e-03 -8.212763519653235034e-03 1.058543542070511032e-02 -9.102110885050154754e-03 -2.000532392936809401e+03
-5.853911944316082631e-03 1.031938043618797415e-02 -9.784368917817335906e-03 -8.235182916415145771e-03 1.061276657019536752e-02 -9.121408748254410809e-03 -2.008052984764660096e+03
-5.875808005075983630e-03 1.035389202133525297e-02 -9.813829136087786481e-03 -8.257531473443425335e-03 1.063999794959658539e-02 -9.140583411717740497e-03 -2.015572431805738916e+03
-5.897700524855265664e-03 1.038836421968495835e-02 -9.843226236224834891e-03 -8.279809112409651853e-03 1.066712951689966285e-02 -9.159663576182150782e-03 -2.023090733534934998e+03
-5.919589501932175785e-03 1.042279700257816612e-02 -9.872560182420209857e-03 -8.302015980805757187e-03 1.069416052193541793e-02 -9.178647547036709181e-03 -2.030607889422355129e+03
-5.941474934592528775e-03 1.045719034108484602e-02 -9.901830949419985692e-03 -8.324152132150069994e-03 1.072109078532943946e-02 -9.197517014376953293e-03 -2.038123898938862567e+03
-5.963356821112144809e-03 1.049154420610631626e-02 -9.931038509155819607e-03 -8.346217594541587362e-03 1.074791875681948769e-02 -9.216291728012806009e-03 -2.045638761550723757e+03
-5.985235159773938211e-03 1.052585856841030745e-02 -9.960182827774435518e-03 -8.368212490793659059e-03 1.077464623417681046e-02 -9.234963045936836479e-03 -2.053152476725808810e+03
-6.007109948861702811e-03 1.056013339875448015e-02 -9.989263881122090183e-03 -8.390136554171879688e-03 1.080127233303853664e-02 -9.253529191576164575e-03 -2.060665043933001925e+03
-6.028981186656555760e-03 1.059436866776554582e-02 -1.001828163376895613e-02 -8.411990055618517870e-03 1.082779682940226279e-02 -9.271990062598116714e-03 -2.068176462642552451e+03
-6.050848871429556283e-03 1.062856434614598347e-02 -1.004723605329315393e-02 -8.433772650287779324e-03 1.085421645363694385e-02 -9.290352066344442078e-03 -2.075686732320604278e+03
-6.072713001444737975e-03 1.066272040459163850e-02 -1.007612711199943473e-02 -8.455484689488878408e-03 1.088053973332397083e-02 -9.308612479616857477e-03 -2.083195852428997568e+03
-6.094573575000161898e-03 1.069683681389587034e-02 -1.010495476907481011e-02 -8.477125871453704622e-03 1.090675831951014307e-02 -9.326761862317872742e-03 -2.090703822441432749e+03
-6.116430590349659739e-03 1.073091354513615488e-02 -1.013371899219635969e-02 -8.498696282155361603e-03 1.093287683548199024e-02 -9.344805232453633898e-03 -2.098210641816727730e+03
-6.138284045766310808e-03 1.076495056944258046e-02 -1.016241973435359942e-02 -8.520195989044606136e-03 1.095889448444156006e-02 -9.362755089608995954e-03 -2.105716310021418849e+03
-6.160133939511982896e-03 1.079894785806427733e-02 -1.019105694785110532e-02 -8.541624682247459313e-03 1.098480950082887479e-02 -9.380603352350594393e-03 -2.113220826517970181e+03
-6.181980269865075713e-03 1.083290538212728672e-02 -1.021963057555853177e-02 -8.562982372767917461e-03 1.101062496851181599e-02 -9.398344233807299358e-03 -2.120724190773604278e+03
-6.203823035060600927e-03 1.086682311282283556e-02 -1.024814058075758892e-02 -8.584269082620775079e-03 1.103633983656254931e-02 -9.415991975466865560e-03 -2.128226402244156816e+03
-6.225662233360798430e-03 1.090070102130091291e-02 -1.027658691255271470e-02 -8.605484753416287741e-03 1.106195475617374399e-02 -9.433529018980965630e-03 -2.135727460396751667e+03
-6.247497863008186908e-03 1.093453907879653013e-02 -1.030496952641775550e-02 -8.626629203125331033e-03 1.108746867206652359e-02 -9.450965562794585648e-03 -2.143227364691763341e+03
-6.269329922246138533e-03 1.096833725661721000e-02 -1.033328837242470516e-02 -8.647702474073388351e-03 1.111288189263676986e-02 -9.468306130794482134e-03 -2.150726114590286215e+03
-6.291158409298672899e-03 1.100209552603958855e-02 -1.036154340293508891e-02 -8.668704579721383044e-03 1.113819662275313330e-02 -9.485525483196092372e-03 -2.158223709546423834e+03
-6.312983322429265021e-03 1.103581385795642661e-02 -1.038973458378954565e-02 -8.689635440675368833e-03 1.116340865245982368e-02 -9.502664763597070199e-03 -2.165720149029644745e+03
-6.334804659850586800e-03 1.106949222307748379e-02 -1.041786187909104697e-02 -8.710495146093507474e-03 1.118852064451574153e-02 -9.519684012507224902e-03 -2.173215432491692354e+03
-6.356622419802872292e-03 1.110313059172284879e-02 -1.044592526406028059e-02 -8.731283534866117815e-03 1.121353161352637261e-02 -9.536614407643565286e-03 -2.180709559391788389e+03
-6.378436600528979324e-03 1.113672893391239732e-02 -1.047392471006711526e-02 -8.752000738899768859e-03 1.123844076019566741e-02 -9.553437224174997702e-03 -2.188202529190198675e+03
-6.400247200269269451e-03 1.117028721950621972e-02 -1.050186019505787265e-02 -8.772646791852196924e-03 1.126324746254418752e-02 -9.570156560302786608e-03 -2.195694341344850727e+03
-6.422054217266185035e-03 1.120380541838455167e-02 -1.052973167906683973e-02 -8.793221576591087746e-03 1.128795229851046328e-02 -9.586786823938348023e-03 -2.203184995311752118e+03
-6.443857649763938718e-03 1.123728350034968425e-02 -1.055753913782639039e-02 -8.813725057500625473e-03 1.131255630054446744e-02 -9.603301471244959572e-03 -2.210674490546363813e+03
-6.465657496007520301e-03 1.127072143528109853e-02 -1.058528253726448085e-02 -8.834157409929035629e-03 1.133705841581405908e-02 -9.619719420456534706e-03 -2.218162826504662462e+03
-6.487453754235874941e-03 1.130411919305080934e-02 -1.061296183861871328e-02 -8.854518475568728952e-03 1.136145764240569823e-02 -9.636032972976660282e-03 -2.225650002640703406e+03
-6.509246422708342937e-03 1.133747674360209741e-02 -1.064057700639450474e-02 -8.874808346195799114e-03 1.138575582933978522e-02 -9.652245088608292847e-03 -2.233136018414570572e+03
-6.531035499651428877e-03 1.137079405717560804e-02 -1.066812799659238968e-02 -8.895026976882863118e-03 1.140995087714975070e-02 -9.668358210955969867e-03 -2.240620873274880068e+03
-6.552820983302272938e-03 1.140407110406918209e-02 -1.069561477600413681e-02 -8.915174485514260408e-03 1.143404469649104450e-02 -9.684361330666808876e-03 -2.248104566676014656e+03
-6.574602871887739661e-03 1.143730785463231182e-02 -1.072303728833817402e-02 -8.935250666043970461e-03 1.145803765810521867e-02 -9.700266864799005767e-03 -2.255587098070290267e+03
-6.596381163630839900e-03 1.147050427919814666e-02 -1.075039549155388033e-02 -8.955255582986142507e-03 1.148192870278913306e-02 -9.716066342306907411e-03 -2.263068466910310235e+03
-6.618155856754690328e-03 1.150366034807151841e-02 -1.077768933569041472e-02 -8.975189217648532614e-03 1.150571827833030657e-02 -9.731755963421963654e-03 -2.270548672649043965e+03
-6.639926949465095943e-03 1.153677603174036240e-02 -1.080491876739385695e-02 -8.995051431002069539e-03 1.152940694009935325e-02 -9.747349676958970421e-03 -2.278027714736126200e+03
-6.661694439960198603e-03 1.156985130082640104e-02 -1.083208374379983699e-02 -9.014842187736765711e-03 1.155299511801524855e-02 -9.762838659542886696e-03 -2.285505592620030257e+03
-6.683458326441776148e-03 1.160288612577742122e-02 -1.085918421822186508e-02 -9.034561582136757182e-03 1.157648160557612355e-02 -9.778235173134031122e-03 -2.292982305749514126e+03
-6.705218607129060336e-03 1.163588047699568376e-02 -1.088622015225674568e-02 -9.054209251166784114e-03 1.159986786796297735e-02 -9.793522119235877066e-03 -2.300457853580443043e+03
-6.726975280192353315e-03 1.166883432474398116e-02 -1.091319151322557926e-02 -9.073785289775711249e-03 1.162315312175207262e-02 -9.808707853640319732e-03 -2.307932235551609665e+03
-6.748728343846660191e-03 1.170174763895628044e-02 -1.094009825648284764e-02 -9.093289482061214790e-03 1.164633560486447866e-02 -9.823797043657170325e-03 -2.315405451117852408e+03
-6.770477796278196597e-03 1.173462038928047707e-02 -1.096694035880031726e-02 -9.112721916083955931e-03 1.166941690636765817e-02 -9.838780688784484404e-03 -2.322877499723879737e+03
-6.792223635693724233e-03 1.176745254524748548e-02 -1.099371778560269929e-02 -9.132082626045220572e-03 1.169239731958465582e-02 -9.853665479529786705e-03 -2.330348380818736587e+03
-6.813965860280720745e-03 1.180024407624172961e-02 -1.102043050626121470e-02 -9.151371593841526458e-03 1.171527460176736458e-02 -9.868450410727111141e-03 -2.337818093842075086e+03
-6.835704468262904752e-03 1.183299495135047182e-02 -1.104707848885697237e-02 -9.170588815216944648e-03 1.173805079798470423e-02 -9.883133603509355880e-03 -2.345286638245136146e+03
-6.857439457836890691e-03 1.186570513952647961e-02 -1.107366169847657372e-02 -9.189734357106016382e-03 1.176072445895730116e-02 -9.897710302041935401e-03 -2.352754013468636458e+03
-6.879170827213738036e-03 1.189837460965863063e-02 -1.110018010252605825e-02 -9.208808167383437590e-03 1.178329643866310797e-02 -9.912196712463624410e-03 -2.360220218958301757e+03
-6.900898574595783208e-03 1.193100333076573157e-02 -1.112663365539104908e-02 -9.227810358634399440e-03 1.180576632769198865e-02 -9.926577063456660729e-03 -2.367685254155576331e+03
-6.922622698204706528e-03 1.196359127188750468e-02 -1.115302232211238739e-02 -9.246740950724266495e-03 1.182813398686825661e-02 -9.940849300518462411e-03 -2.375149118509330037e+03
-6.944343196220230559e-03 1.199613840227055535e-02 -1.117934605707427732e-02 -9.265599973933263261e-03 1.185039810955115791e-02 -9.955020197028372972e-03 -2.382611811455148199e+03
-6.966060066850250643e-03 1.202864469127891238e-02 -1.120560481364420678e-02 -9.284387371804050937e-03 1.187256068403760856e-02 -9.969090255263731923e-03 -2.390073332439728347e+03
-6.987773308281513239e-03 1.206111010847307416e-02 -1.123179854471883544e-02 -9.303103295381413840e-03 1.189462120014550713e-02 -9.983057984850277761e-03 -2.397533680905418350e+03
-7.009482918684276261e-03 1.209353462344811905e-02 -1.125792721354619379e-02 -9.321747553155245586e-03 1.191657874563353120e-02 -9.996918339558005448e-03 -2.404992856290215968e+03
-7.031188896228398634e-03 1.212591820556552409e-02 -1.128399077136119782e-02 -9.340320159375510231e-03 1.193843517710692359e-02 -1.001067866406904136e-02 -2.412450858031791086e+03
-7.052891239095853727e-03 1.215826082425386194e-02 -1.130998917578511336e-02 -9.358821071841889883e-03 1.196018875393244779e-02 -1.002433756385689989e-02 -2.419907685572878563e+03
-7.074589945455766679e-03 1.219056244907743697e-02 -1.133592238873660021e-02 -9.377249970300084031e-03 1.198184125897309125e-02 -1.003789000905448009e-02 -2.427363338352220126e+03
-7.096285013469756479e-03 1.222282304962460375e-02 -1.136179037231120972e-02 -9.395606988644857743e-03 1.200339117785950878e-02 -1.005135291077406852e-02 -2.434817815806361978e+03
-7.117976441314662582e-03 1.225504259549019259e-02 -1.138759308803750057e-02 -9.413891860097561501e-03 1.202484079918903805e-02 -1.006470145476204107e-02 -2.442271117375793438e+03
-7.139664227130422536e-03 1.228722105632381982e-02 -1.141333049305823591e-02 -9.432104636069440357e-03 1.204618697649627139e-02 -1.007795353104853041e-02 -2.449723242489097174e+03
-7.161348369104409903e-03 1.231935840159263836e-02 -1.143900254144851122e-02 -9.450245127716633622e-03 1.206743323968158602e-02 -1.009110935346984456e-02 -2.457174190590948001e+03
-7.183028865385404985e-03 1.235145460055050472e-02 -1.146460919679162527e-02 -9.468313441047229023e-03 1.208857600996230720e-02 -1.010416060655553588e-02 -2.464623961112127290e+03
-7.204705714127147657e-03 1.238350962201603157e-02 -1.149015041654292274e-02 -9.486309507481156117e-03 1.210961828614478750e-02 -1.011711738496501138e-02 -2.472072553487633741e+03
-7.226378913493187658e-03 1.241552343458945940e-02 -1.151562617413729936e-02 -9.504233408324999632e-03 1.213055890820296211e-02 -1.012996582929466712e-02 -2.479519967154029928e+03
-7.248048461631295680e-03 1.244749600670373886e-02 -1.154103642525830878e-02 -9.522085167449536452e-03 1.215139675788268550e-02 -1.014272509631311721e-02 -2.486966201537927645e+03
-7.269714356716939010e-03 1.247942730646681153e-02 -1.156638114832831896e-02 -9.539864782322429390e-03 1.217213281569929327e-02 -1.015537233024734615e-02 -2.494411256076128211e+03
-7.291376596920127497e-03 1.251131730190031127e-02 -1.159166029584571093e-02 -9.557572339376598294e-03 1.219276546131345396e-02 -1.016791948371696501e-02 -2.501855130202947294e+03
-7.313035180406198509e-03 1.254316596106192297e-02 -1.161687382535907601e-02 -9.575207953215713469e-03 1.221329667972560415e-02 -1.018036963003598680e-02 -2.509297823350587350e+03
-7.334690105320983318e-03 1.257497325225102706e-02 -1.164202169397603182e-02 -9.592771607236285497e-03 1.223372423840247969e-02 -1.019271220621171051e-02 -2.516739334945741120e+03
-7.356341369828127939e-03 1.260673914371366125e-02 -1.166710385544148486e-02 -9.610263317064791921e-03 1.225404933621670155e-02 -1.020495019222166129e-02 -2.524179664423371378e+03
-7.377988972069189286e-03 1.263846360378240163e-02 -1.169212026812950674e-02 -9.627683103530026293e-03 1.227427116463224513e-02 -1.021708727149206290e-02 -2.531618811211476896e+03
-7.399632910197714679e-03 1.267014660080274975e-02 -1.171707088517547762e-02 -9.645030792201062311e-03 1.229439053533924221e-02 -1.022913286092582905e-02 -2.539056774741807203e+03
-7.421273182350806262e-03 1.270178810334544016e-02 -1.174195568402887184e-02 -9.662306274021988106e-03 1.231440725969287948e-02 -1.024106313122382685e-02 -2.546493554441413380e+03
-7.442909786663507062e-03 1.273338807989927990e-02 -1.176677462917958758e-02 -9.679509621201563482e-03 1.233431949704782808e-02 -1.025290098040574499e-02 -2.553929149736552972e+03
-7.464542721287393753e-03 1.276494649892992266e-02 -1.179152767912164217e-02 -9.696640694969786006e-03 1.235412903964194092e-02 -1.026463465789721925e-02 -2.561363560058345684e+03
-7.486171984354364310e-03 1.279646332911655270e-02 -1.181621479464620324e-02 -9.713699412934042113e-03 1.237383689130392740e-02 -1.027626629483677570e-02 -2.568796784831532023e+03
-7.507797573993089252e-03 1.282793853945733871e-02 -1.184083592834539109e-02 -9.730685691200230067e-03 1.239344319796643716e-02 -1.028779695307999176e-02 -2.576228823479850689e+03
-7.529419488340553628e-03 1.285937209876734239e-02 -1.186539103382689905e-02 -9.747599632202716413e-03 1.241294496697028203e-02 -1.029922394012264264e-02 -2.583659675431290907e+03
-7.551037725521079873e-03 1.289076397582082124e-02 -1.188988006883794600e-02 -9.764440910451295183e-03 1.243234692818105842e-02 -1.031055520576566742e-02 -2.591089340110631383e+03
-7.572652283651307333e-03 1.292211413926266060e-02 -1.191430298226176139e-02 -9.781209823194574049e-03 1.245164708177828872e-02 -1.032178228919087941e-02 -2.598517816939514432e+03
-7.594263160850875556e-03 1.295342255757443023e-02 -1.193865972999281870e-02 -9.797906088617891127e-03 1.247084519121406665e-02 -1.033290044768721966e-02 -2.605945105341356339e+03
-7.615870355235906074e-03 1.298468919907900046e-02 -1.196295027466397556e-02 -9.814529717532501085e-03 1.248994047671096036e-02 -1.034393603544262602e-02 -2.613371204739626592e+03
-7.637473864905240835e-03 1.301591403181631690e-02 -1.198717457245068556e-02 -9.831080812764710422e-03 1.250893450302573498e-02 -1.035485888228593158e-02 -2.620796114552995732e+03
-7.659073687984243976e-03 1.304709702344672081e-02 -1.201133259114386780e-02 -9.847559438912842356e-03 1.252782453538779477e-02 -1.036568921346675554e-02 -2.628219834207895929e+03
-7.680669822570856259e-03 1.307823814143166744e-02 -1.203542428529879617e-02 -9.863965572114673924e-03 1.254661297383295390e-02 -1.037641871323955432e-02 -2.635642363118339290e+03
-7.702262266792525222e-03 1.310933735281301013e-02 -1.205944962365916411e-02 -9.880299270063593389e-03 1.256530060940021405e-02 -1.038704402213417970e-02 -2.643063700709335990e+03
-7.723851018766642214e-03 1.314039462458547504e-02 -1.208340856900781343e-02 -9.896560608035781872e-03 1.258388351649908886e-02 -1.039757064753995576e-02 -2.650483846401696610e+03
-7.745436076600980407e-03 1.317140992395391362e-02 -1.210730107639451311e-02 -9.912749513924054567e-03 1.260236376836655972e-02 -1.040799533258105966e-02 -2.657902799611555565e+03
-7.767017438416262687e-03 1.320238321821418266e-02 -1.213112711459497957e-02 -9.928865990442625744e-03 1.262073924654953834e-02 -1.041831902431299833e-02 -2.665320559759008120e+03
-7.788595102321930162e-03 1.323331447471481036e-02 -1.215488664434681738e-02 -9.944909886921515438e-03 1.263901138745224945e-02 -1.042854541619205738e-02 -2.672737126259622528e+03
-7.810169066442694714e-03 1.326420366075945281e-02 -1.217857962601978823e-02 -9.960881112939757795e-03 1.265718052050443000e-02 -1.043866198132968257e-02 -2.680152498533842845e+03
-7.831739328888072046e-03 1.329505074396930553e-02 -1.220220602311040091e-02 -9.976779609530339252e-03 1.267524599900182389e-02 -1.044867618545815800e-02 -2.687566675997563379e+03
-7.853305887748570496e-03 1.332585569215180045e-02 -1.222576578454723402e-02 -9.992605371189461003e-03 1.269320760197266591e-02 -1.045859486748014835e-02 -2.694979658062195540e+03
-7.874868741127782554e-03 1.335661847297048115e-02 -1.224925888611934181e-02 -1.000835851189355724e-02 1.271106679509974129e-02 -1.046841240374646320e-02 -2.702391444145454898e+03
-7.896427887116292885e-03 1.338733905410567464e-02 -1.227268526782737158e-02 -1.002403897316710493e-02 1.272882138973532341e-02 -1.047812761825061070e-02 -2.709802033659123936e+03
-7.917983323818104241e-03 1.341801740335028803e-02 -1.229604489083684429e-02 -1.003964671409385105e-02 1.274647523638939781e-02 -1.048773540698157841e-02 -2.717211426019805913e+03
-7.939535049317934454e-03 1.344865348867609056e-02 -1.231933770207856681e-02 -1.005518178387431079e-02 1.276402361352473383e-02 -1.049724682823581154e-02 -2.724619620639772165e+03
-7.961083061684373630e-03 1.347924727801541600e-02 -1.234256366511624070e-02 -1.007064401365106478e-02 1.278147295031599462e-02 -1.050665675389717175e-02 -2.732026616926535553e+03
-7.982627359020760122e-03 1.350979873907162676e-02 -1.236572270453586281e-02 -1.008603351429927450e-02 1.279881928853072309e-02 -1.051596897685076748e-02 -2.739432414300688379e+03
-8.004167939376473709e-03 1.354030783963944100e-02 -1.238881479755704618e-02 -1.010135001593311446e-02 1.281606215415885715e-02 -1.052518361124383725e-02 -2.746837012164795851e+03
-8.025704800825719798e-03 1.357077454731063677e-02 -1.241183988870099737e-02 -1.011659384751456212e-02 1.283320304703140444e-02 -1.053429364814694250e-02 -2.754240409931316208e+03
-8.047237941422147323e-03 1.360119882957753698e-02 -1.243479794796040379e-02 -1.013176456967782024e-02 1.285024168908814601e-02 -1.054330388000316795e-02 -2.761642607007976494e+03
-8.068767359232084310e-03 1.363158065333226060e-02 -1.245768893067605680e-02 -1.014686242810107844e-02 1.286717832463031216e-02 -1.055221031875733066e-02 -2.769043602806594663e+03
-8.090293052305783106e-03 1.366191998489591462e-02 -1.248051281435491079e-02 -1.016188727641903489e-02 1.288401007047508366e-02 -1.056102996605452586e-02 -2.776443396730203858e+03
-8.111815018742229641e-03 1.369221679034602658e-02 -1.250326956615964782e-02 -1.017683925914297446e-02 1.290074009199949565e-02 -1.056975059904870055e-02 -2.783841988193958059e+03
-8.133333256604220046e-03 1.372247103590931890e-02 -1.252595915570963413e-02 -1.019171826857673789e-02 1.291736676192338160e-02 -1.057836668474854656e-02 -2.791239376597987757e+03
-8.154847763994912263e-03 1.375268268793507914e-02 -1.254858154696033776e-02 -1.020652424019979736e-02 1.293388975179384816e-02 -1.058687369407190076e-02 -2.798635561355329173e+03
-8.176358538973617363e-03 1.378285171291358281e-02 -1.257113669637936922e-02 -1.022125715767999675e-02 1.295030934896536715e-02 -1.059529382168731410e-02 -2.806030541863195594e+03
-8.197865579629945096e-03 1.381297807727398068e-02 -1.259362455284148904e-02 -1.023591698602117558e-02 1.296662523483623278e-02 -1.060360968578105516e-02 -2.813424317532510941e+03
-8.219368884023329699e-03 1.384306174752069490e-02 -1.261604508317333041e-02 -1.025050373658657060e-02 1.298283673055612361e-02 -1.061181899110797897e-02 -2.820816887763712202e+03
-8.240868450223034353e-03 1.387310269015660201e-02 -1.263839822442663213e-02 -1.026501731958141643e-02 1.299894371540242198e-02 -1.061992941235431059e-02 -2.828208251961621954e+03
-8.262364276276990341e-03 1.390310087197773985e-02 -1.266068393845869687e-02 -1.027945783879144134e-02 1.301494647583579210e-02 -1.062794049502882761e-02 -2.835598409526164687e+03
-8.283856360261920154e-03 1.393305625957378530e-02 -1.268290217442327381e-02 -1.029382543223450810e-02 1.303084665497200763e-02 -1.063585016854531017e-02 -2.842987359868659951e+03
-8.305344700195897018e-03 1.396296881968854889e-02 -1.270505289499804930e-02 -1.030812000479029190e-02 1.304664248249444609e-02 -1.064364995975467312e-02 -2.850375102380055523e+03
-8.326829294140527041e-03 1.399283851904630643e-02 -1.272713604621341851e-02 -1.032234161527145234e-02 1.306233408271180625e-02 -1.065135651918053088e-02 -2.857761636465895663e+03
-8.348310140141061361e-03 1.402266532449536647e-02 -1.274915158004060953e-02 -1.033649049379936971e-02 1.307792264975709065e-02 -1.065895817019968037e-02 -2.865146961526964787e+03
-8.369787236223513033e-03 1.405244920296904940e-02 -1.277109944869123971e-02 -1.035056601556896307e-02 1.309340932515033577e-02 -1.066646774253609403e-02 -2.872531076959216989e+03
-8.391260580432194707e-03 1.408219012128363729e-02 -1.279297961280320348e-02 -1.036456857150336482e-02 1.310879315237499336e-02 -1.067387131871749481e-02 -2.879913982165352991e+03
-8.412730170779097669e-03 1.411188804631328952e-02 -1.281479202215776193e-02 -1.037849781771062012e-02 1.312407438384276259e-02 -1.068117194303096901e-02 -2.887295676538633415e+03
-8.434196005297028148e-03 1.414154294476155024e-02 -1.283653664503210667e-02 -1.039235378965755116e-02 1.313925183470093273e-02 -1.068839054301149762e-02 -2.894676159480000024e+03
-8.455658082005528681e-03 1.417115478316321141e-02 -1.285821344717230814e-02 -1.040613632223134737e-02 1.315432659360963111e-02 -1.069548990071713702e-02 -2.902055430385709315e+03
-8.477116398919347026e-03 1.420072352776923473e-02 -1.287982240358652615e-02 -1.041984535535505491e-02 1.316929887723966228e-02 -1.070250374140778622e-02 -2.909433488646803653e+03
-8.498570954083422072e-03 1.423024914424780678e-02 -1.290136348136076798e-02 -1.043348094886076792e-02 1.318416803964191433e-02 -1.070942071255270855e-02 -2.916810333662303037e+03
-8.520021745518642498e-03 1.425973159817308863e-02 -1.292283665303880190e-02 -1.044704287351073783e-02 1.319893470556639595e-02 -1.071622750195672449e-02 -2.924185964822059759e+03
-8.541468771272315089e-03 1.428917085499551570e-02 -1.294424186602290659e-02 -1.046053135635087623e-02 1.321359742480138211e-02 -1.072295163584705002e-02 -2.931560381523260730e+03
-8.562912029378762224e-03 1.431856688011023428e-02 -1.296557908445610842e-02 -1.047394656297700663e-02 1.322815712524025300e-02 -1.072955713533028065e-02 -2.938933583158186138e+03
-8.584351517854854965e-03 1.434791963881554798e-02 -1.298684825515572863e-02 -1.048728812120448134e-02 1.324261174109315001e-02 -1.073608506826808327e-02 -2.946305569114624177e+03
-8.605787234753442538e-03 1.437722909648156931e-02 -1.300804933451588617e-02 -1.050055622596469430e-02 1.325696192944846377e-02 -1.074248882451304433e-02 -2.953676338795088668e+03
-8.627219178065130556e-03 1.440649521894788246e-02 -1.302918226074458764e-02 -1.051375100987094781e-02 1.327120745680112138e-02 -1.074879756788831540e-02 -2.961045891581429714e+03
-8.648647345814891238e-03 1.443571797184029122e-02 -1.305024698682668259e-02 -1.052687235679820518e-02 1.328535008558917943e-02 -1.075501459021091163e-02 -2.968414226866854278e+03
-8.670071736008928831e-03 1.446489732074003436e-02 -1.307124345267848299e-02 -1.053992028201178321e-02 1.329938745499679477e-02 -1.076112884399782130e-02 -2.975781344039683518e+03
-8.691492346660792401e-03 1.449403323100719593e-02 -1.309217161853373085e-02 -1.055289490961399193e-02 1.331331973908266020e-02 -1.076714202778774818e-02 -2.983147242492405439e+03
-8.712909175754861638e-03 1.452312566808418651e-02 -1.311303143353645222e-02 -1.056579630197385274e-02 1.332714609219906761e-02 -1.077304892735743078e-02 -2.990511921607749173e+03
-8.734322221311209902e-03 1.455217459748874009e-02 -1.313382287684916258e-02 -1.057862445350658646e-02 1.334087140211937493e-02 -1.077886396713301394e-02 -2.997875380780510113e+03
-8.755731481309945996e-03 1.458117998511597978e-02 -1.315454588868891946e-02 -1.059137921649569609e-02 1.335449064761085568e-02 -1.078457344141178255e-02 -3.005237619390502005e+03
-8.777136953765696248e-03 1.461014179675896620e-02 -1.317520042911262540e-02 -1.060406037891669165e-02 1.336800814568024631e-02 -1.079018465599823444e-02 -3.012598636830524811e+03
-8.798538636655134706e-03 1.463905999822011361e-02 -1.319578646931356646e-02 -1.061666817383726501e-02 1.338142228624213115e-02 -1.079569848543408990e-02 -3.019958432478764280e+03
-8.819936527985666047e-03 1.466793455542965592e-02 -1.321630396494669762e-02 -1.062920215691555599e-02 1.339473211008702577e-02 -1.080111697237665265e-02 -3.027317005723618422e+03
-8.841330625734566268e-03 1.469676543436806114e-02 -1.323675288831102637e-02 -1.064166230341108063e-02 1.340794028460182315e-02 -1.080642786081020476e-02 -3.034674355945215666e+03
-8.862720927888359176e-03 1.472555260087288556e-02 -1.325713320564542337e-02 -1.065404855992041315e-02 1.342104494636954352e-02 -1.081164578614311061e-02 -3.042030482527396543e+03
-8.884107432421562561e-03 1.475429602058319148e-02 -1.327744487131649921e-02 -1.066636075041325384e-02 1.343404881152748982e-02 -1.081675356186344306e-02 -3.049385384849093498e+03
-8.905490137335898143e-03 1.478299565864184782e-02 -1.329768786124335862e-02 -1.067859904469138817e-02 1.344694740471856324e-02 -1.082176803922159022e-02 -3.056739062299359830e+03
-8.926869040581352985e-03 1.481165147970947039e-02 -1.331786211832792881e-02 -1.069076342945059904e-02 1.345974306479790113e-02 -1.082670371412362484e-02 -3.064091514249825195e+03
-8.948244140148007078e-03 1.484026344818932183e-02 -1.333796760633098634e-02 -1.070285406004213222e-02 1.347243416748169186e-02 -1.083152111819470770e-02 -3.071442740086049071e+03
-8.969615434018633759e-03 1.486883152849346849e-02 -1.335800427535072457e-02 -1.071487079376956010e-02 1.348502032163294458e-02 -1.083625316316096619e-02 -3.078792739188666019e+03
-8.990982920165941500e-03 1.489735568504965690e-02 -1.337797206665721460e-02 -1.072681370927412205e-02 1.349750183216557459e-02 -1.084087809847183656e-02 -3.086141510932951860e+03
-9.012346596568944490e-03 1.492583588232115205e-02 -1.339787092062269709e-02 -1.073868302394309811e-02 1.350988169694496664e-02 -1.084540414283830315e-02 -3.093489054699019107e+03
-9.033706461187944459e-03 1.495427208502298280e-02 -1.341770079332037409e-02 -1.075047841020349525e-02 1.352215226660972817e-02 -1.084983340339035554e-02 -3.100835369862348671e+03
-9.055062512002495095e-03 1.498266425760702222e-02 -1.343746162582217483e-02 -1.076220032436569010e-02 1.353431952790308188e-02 -1.085416460486800239e-02 -3.108180455804098074e+03
-9.076414746978891598e-03 1.501101236425308842e-02 -1.345715337147820878e-02 -1.077384829054817486e-02 1.354638332992684664e-02 -1.085838233828884287e-02 -3.115524311900337580e+03
-9.097763164064714969e-03 1.503931636920339751e-02 -1.347677599150808730e-02 -1.078542250417787764e-02 1.355834226656329154e-02 -1.086252517077951861e-02 -3.122866937522121134e+03
-9.119107761223885569e-03 1.506757623677863062e-02 -1.349632944679303621e-02 -1.079692310453670215e-02 1.357019475665984659e-02 -1.086654970049782086e-02 -3.130208332044354393e+03
-9.140448536415799602e-03 1.509579193134396972e-02 -1.351581369916568347e-02 -1.080834983843730057e-02 1.358194278885381523e-02 -1.087047655517471914e-02 -3.137548494839311843e+03
-9.161785487613491666e-03 1.512396341753020380e-02 -1.353522871972363643e-02 -1.081970276265843342e-02 1.359358814956513131e-02 -1.087430285590059754e-02 -3.144887425283197445e+03
-9.183118612779596693e-03 1.515209066027333601e-02 -1.355457447170769700e-02 -1.083098172994272947e-02 1.360513177400678175e-02 -1.087803332725105487e-02 -3.152225122747464866e+03
-9.204447909856659782e-03 1.518017362455126827e-02 -1.357385091111250851e-02 -1.084218672741263899e-02 1.361656796862240233e-02 -1.088167041433171778e-02 -3.159561586597919359e+03
-9.225773376806660139e-03 1.520821227540887499e-02 -1.359305800032786435e-02 -1.085331750732479450e-02 1.362790335522551244e-02 -1.088519809731957645e-02 -3.166896816211040459e+03
-9.247095011547827245e-03 1.523620657806484813e-02 -1.361219569672141722e-02 -1.086437423495223258e-02 1.363913511925118373e-02 -1.088862378417234517e-02 -3.174230810951309650e+03
-9.268412812010478133e-03 1.526415649745902110e-02 -1.363126396382456813e-02 -1.087535664277227386e-02 1.365026360079665477e-02 -1.089195601148107082e-02 -3.181563570190934570e+03
-9.289726776112599421e-03 1.529206199819472915e-02 -1.365026275494379999e-02 -1.088626474391596842e-02 1.366128802559511517e-02 -1.089519406970723171e-02 -3.188895093296927371e+03
-9.311036901777196284e-03 1.531992304466017578e-02 -1.366919203085000846e-02 -1.089709841610518246e-02 1.367220851331676403e-02 -1.089834236093206385e-02 -3.196225379634958244e+03
-9.332343186945772986e-03 1.534773960081979062e-02 -1.368805173425457697e-02 -1.090785795888659683e-02 1.368302451395859293e-02 -1.090138574943225885e-02 -3.203554428577425824e+03
-9.353645629532945580e-03 1.537551163025270909e-02 -1.370684182236084868e-02 -1.091854340366622995e-02 1.369373850022026148e-02 -1.090433748139172168e-02 -3.210882239487072638e+03
-9.374944227462874563e-03 1.540323909625049108e-02 -1.372556224800410701e-02 -1.092915465231112521e-02 1.370434406159680776e-02 -1.090718257377244760e-02 -3.218208811728125056e+03
-9.396238978666184016e-03 1.543092196205208579e-02 -1.374421294701461474e-02 -1.093969187541393023e-02 1.371484609273197416e-02 -1.090994371202022237e-02 -3.225534144666176417e+03
-9.417529881086461607e-03 1.545856019093753628e-02 -1.376279387070650576e-02 -1.095015483350841520e-02 1.372524440609230664e-02 -1.091259435973084523e-02 -3.232858237671433926e+03
-9.438816932623179251e-03 1.548615374636533662e-02 -1.378130496864634832e-02 -1.096054372325139421e-02 1.373553691390029530e-02 -1.091515881098212293e-02 -3.240181090098588811e+03
-9.460100131215993732e-03 1.551370259168681140e-02 -1.379974620074201838e-02 -1.097085848597857335e-02 1.374572368037792723e-02 -1.091761140119334485e-02 -3.247502701313267153e+03
-9.481379474798061827e-03 1.554120669009489107e-02 -1.381811751021307273e-02 -1.098109892170569604e-02 1.375580578848906860e-02 -1.091996543554835282e-02 -3.254823070678239219e+03
-9.502654961289184674e-03 1.556866600471081864e-02 -1.383641887387416190e-02 -1.099126500954840033e-02 1.376578258167051282e-02 -1.092221485716542498e-02 -3.262142197551084337e+03
-9.523926588615406683e-03 1.559608049868264901e-02 -1.385465024282825711e-02 -1.100135701489563314e-02 1.377565597931252987e-02 -1.092436563250841208e-02 -3.269460081291906135e+03
-9.545194354686014834e-03 1.562345013536545028e-02 -1.387281158821057452e-02 -1.101137478273580585e-02 1.378542453623692043e-02 -1.092642444002469085e-02 -3.276776721258003818e+03
-9.566458257423342965e-03 1.565077487832333344e-02 -1.389090287585560690e-02 -1.102131820932553824e-02 1.379508744428966163e-02 -1.092839398647369592e-02 -3.284092116813003486e+03
-9.587718294718874587e-03 1.567805469138008542e-02 -1.390892405920395210e-02 -1.103118753016418471e-02 1.380464869099929867e-02 -1.093025114370597441e-02 -3.291406267311350803e+03
-9.608974464476493019e-03 1.570528953847981010e-02 -1.392687510634551921e-02 -1.104098222020612544e-02 1.381410568801669583e-02 -1.093200796415242336e-02 -3.298719172113487730e+03
-9.630226764555374283e-03 1.573247938375473692e-02 -1.394475596425935257e-02 -1.105070276460626451e-02 1.382345701052761951e-02 -1.093367144457657938e-02 -3.306030830566319310e+03
-9.651475192869877692e-03 1.575962419122949390e-02 -1.396256658919669234e-02 -1.106034867347530787e-02 1.383270421119991295e-02 -1.093524913694096136e-02 -3.313341242037646225e+03
-9.672719747272575178e-03 1.578672392517412038e-02 -1.398030692989474418e-02 -1.106991996614153408e-02 1.384184996907049554e-02 -1.093671680872536703e-02 -3.320650405874254375e+03
-9.693960425634667866e-03 1.581377854941748776e-02 -1.399797694212473985e-02 -1.107941665475534881e-02 1.385088854337652824e-02 -1.093808876116451195e-02 -3.327958321429128318e+03
-9.715197225859062424e-03 1.584078802715982448e-02 -1.401557657159688275e-02 -1.108883881048809694e-02 1.385982388982440888e-02 -1.093937393262213800e-02 -3.335264988065434409e+03
-9.736430145776879194e-03 1.586775232139610303e-02 -1.403310578042364989e-02 -1.109818645749470825e-02 1.386865436540912246e-02 -1.094055320786974615e-02 -3.342570405120257419e+03
-9.757659183307735434e-03 1.589467139466314155e-02 -1.405056452296291059e-02 -1.110745938807005534e-02 1.387737956984578906e-02 -1.094165343852379103e-02 -3.349874571960017420e+03
-9.778884336310255526e-03 1.592154520925221500e-02 -1.406795273822568880e-02 -1.111665789305178904e-02 1.388600116768850916e-02 -1.094263303370921619e-02 -3.357177487926346203e+03
-9.800105602678242309e-03 1.594837372728653141e-02 -1.408527039568874782e-02 -1.112578195565465389e-02 1.389451882316576278e-02 -1.094353717743060117e-02 -3.364479152370864995e+03
-9.821322980316724016e-03 1.597515691079328531e-02 -1.410251742572908237e-02 -1.113483139296287186e-02 1.390292786825999757e-02 -1.094431983308393266e-02 -3.371779564647549250e+03
-9.842536467083929513e-03 1.600189472219930992e-02 -1.411969378862165843e-02 -1.114380609625950126e-02 1.391123578225549745e-02 -1.094500961134095215e-02 -3.379078724094421432e+03
-9.863746060876981900e-03 1.602858712392865245e-02 -1.413679942958558436e-02 -1.115270601181780723e-02 1.391943858914858334e-02 -1.094560890944683805e-02 -3.386376630063641642e+03
-9.884951759582701752e-03 1.605523407814092238e-02 -1.415383432186276789e-02 -1.116153140560881621e-02 1.392753210341299980e-02 -1.094610258703943365e-02 -3.393673281905423210e+03
-9.906153561066725205e-03 1.608183554679131627e-02 -1.417079841704832477e-02 -1.117028210416663378e-02 1.393552447712724691e-02 -1.094650772841727557e-02 -3.400968678964737137e+03
-9.927351463174324472e-03 1.610839149167174814e-02 -1.418769168606327791e-02 -1.117895805468738755e-02 1.394341190068172469e-02 -1.094680646534513212e-02 -3.408262820581145206e+03
-9.948545463775656378e-03 1.613490187480856597e-02 -1.420451408886743046e-02 -1.118755953380980335e-02 1.395119222200386609e-02 -1.094699790952441062e-02 -3.415555706105618356e+03
-9.969735560706766142e-03 1.616136665874006242e-02 -1.422126557873011274e-02 -1.119608648719827571e-02 1.395886963632422123e-02 -1.094711423612907374e-02 -3.422847334877614230e+03
-9.990921751822994315e-03 1.618778580628506270e-02 -1.423794612403502489e-02 -1.120453878168408378e-02 1.396644238751380829e-02 -1.094710910512386969e-02 -3.430137706243135199e+03
-1.001210403496397353e-02 1.621415928044044746e-02 -1.425455566493915270e-02 -1.121291652435981757e-02 1.397390904343938714e-02 -1.094702216067653527e-02 -3.437426819542573412e+03
-1.003328240796685922e-02 1.624048704429051707e-02 -1.427109415455575687e-02 -1.122121942644936123e-02 1.398127115487455586e-02 -1.094685083275961750e-02 -3.444714674119336905e+03
-1.005445686864799015e-02 1.626676906092051553e-02 -1.428756153817568701e-02 -1.122944768324404125e-02 1.398852880488536676e-02 -1.094655951003422473e-02 -3.452001269310961106e+03
-1.007562741485291957e-02 1.629300529325156122e-02 -1.430395778291899955e-02 -1.123760094343342897e-02 1.399568245155655144e-02 -1.094619192372439827e-02 -3.459286604462824016e+03
-1.009679404439428434e-02 1.631919570399379543e-02 -1.432028281664238234e-02 -1.124567931100860403e-02 1.400273005058374869e-02 -1.094570794717583673e-02 -3.466570678906943613e+03
-1.011795675512866706e-02 1.634534025551680550e-02 -1.433653661256075081e-02 -1.125368255929716857e-02 1.400967259506611870e-02 -1.094514211973142415e-02 -3.473853491990080784e+03
-1.013911554486331829e-02 1.637143890975295904e-02 -1.435271912372001156e-02 -1.126161098680008611e-02 1.401651192286940302e-02 -1.094447039611779089e-02 -3.481135043037983451e+03
-1.016027041146271188e-02 1.639749162824741258e-02 -1.436883030160432916e-02 -1.126946427019858386e-02 1.402324771450484849e-02 -1.094371332601020916e-02 -3.488415331395663998e+03
-1.018142135274749741e-02 1.642349837238363600e-02 -1.438487010404003452e-02 -1.127724259222281922e-02 1.402987712743049634e-02 -1.094285051381393460e-02 -3.495694356392386908e+03
-1.020256836655416416e-02 1.644945910329917438e-02 -1.440083847000369829e-02 -1.128494606833417915e-02 1.403640306126951315e-02 -1.094189004580574040e-02 -3.502972117363670350e+03
-1.022371145070758401e-02 1.647537378208323300e-02 -1.441673534775389683e-02 -1.129257447633487572e-02 1.404282387879410808e-02 -1.094084217674269610e-02 -3.510248613642258533e+03
-1.024485060305350102e-02 1.650124236960263946e-02 -1.443256069971793863e-02 -1.130012779116685781e-02 1.404913924937437573e-02 -1.093969811719303943e-02 -3.517523844569277117e+03
-1.026598582138814851e-02 1.652706482687217940e-02 -1.444831447735761727e-02 -1.130760589125744467e-02 1.405534902929020391e-02 -1.093843871491299684e-02 -3.524797809468272590e+03
-1.028711710353980707e-02 1.655284111476875569e-02 -1.446399665623586406e-02 -1.131500912065592883e-02 1.406145522152583809e-02 -1.093710085984729401e-02 -3.532070507674077362e+03
-1.030824444732689887e-02 1.657857119407145016e-02 -1.447960718707689241e-02 -1.132233714373093517e-02 1.406745367657569364e-02 -1.093566210180704247e-02 -3.539341938518464303e+03
-1.032936785054261800e-02 1.660425502560543623e-02 -1.449514603137528300e-02 -1.132959053794220169e-02 1.407334780430054971e-02 -1.093413265493446175e-02 -3.546612101327336859e+03
-1.035048731101845601e-02 1.662989257036382243e-02 -1.451061313992349500e-02 -1.133676879070372179e-02 1.407913670963377266e-02 -1.093249057159946351e-02 -3.553880995442538733e+03
-1.037160282651263324e-02 1.665548378986624750e-02 -1.452600846762826942e-02 -1.134387233958178247e-02 1.408482002603565590e-02 -1.093075744058026252e-02 -3.561148620180074431e+03
-1.039271439483350004e-02 1.668102864571650856e-02 -1.454133196955965761e-02 -1.135090095589830900e-02 1.409039860616503881e-02 -1.092893999112500014e-02 -3.568414974871993763e+03
-1.041382201377540929e-02 1.670652709971181746e-02 -1.455658359223055247e-02 -1.135785463648212625e-02 1.409586837925729148e-02 -1.092700865577525375e-02 -3.575680058844650830e+03
-1.043492568111786291e-02 1.673197911371826843e-02 -1.457176329396764163e-02 -1.136473329778681964e-02 1.410123531868054045e-02 -1.092499818272640172e-02 -3.582943871420805408e+03
-1.045602539467238926e-02 1.675738464967891847e-02 -1.458687101267907953e-02 -1.137153668225956461e-02 1.410649734421823981e-02 -1.092286433635391261e-02 -3.590206411934248536e+03
-1.047712115220416490e-02 1.678274366964939424e-02 -1.460190670078744674e-02 -1.137826477737349101e-02 1.411165323628163493e-02 -1.092065128253010171e-02 -3.597467679699972905e+03
-1.049821295150476889e-02 1.680805613534503903e-02 -1.461687031012569304e-02 -1.138491755270091936e-02 1.411670745663433715e-02 -1.091834304226129218e-02 -3.604727674042461786e+03
-1.051930079035046442e-02 1.683332200813585089e-02 -1.463176178832345346e-02 -1.139149496964569561e-02 1.412165530264483486e-02 -1.091594200714965032e-02 -3.611986394282666879e+03
-1.054038466653372912e-02 1.685854124891193739e-02 -1.464658109729316364e-02 -1.139799682639104812e-02 1.412649919659987076e-02 -1.091342958508848514e-02 -3.619243839747690799e+03
-1.056146457780422071e-02 1.688371381836222332e-02 -1.466132818840439923e-02 -1.140442356435205154e-02 1.413123724346159252e-02 -1.091083873711554651e-02 -3.626500009748775028e+03
-1.058254052196554336e-02 1.690883967633210333e-02 -1.467600302989349563e-02 -1.141077471182999972e-02 1.413587275035970738e-02 -1.090815007646063310e-02 -3.633754903616869797e+03
-1.060361249676656896e-02 1.693391878256236133e-02 -1.469060556112023776e-02 -1.141705054788946967e-02 1.414040201630117725e-02 -1.090537049274093416e-02 -3.641008520661987404e+03
-1.062468049999915239e-02 1.695895109660690292e-02 -1.470513575624509198e-02 -1.142325087075728510e-02 1.414482663989272485e-02 -1.090248568707252903e-02 -3.648260860209696148e+03
-1.064574452941384648e-02 1.698393657820836469e-02 -1.471959355213982301e-02 -1.142937586792073558e-02 1.414914390604000635e-02 -1.089951218826417344e-02 -3.655511921571939638e+03
-1.066680458278415622e-02 1.700887518726478323e-02 -1.473397891105391808e-02 -1.143542545395975427e-02 1.415335914676811233e-02 -1.089643479208278823e-02 -3.662761704068642302e+03
-1.068786065787131687e-02 1.703376688354546128e-02 -1.474829177830491202e-02 -1.144139969178676122e-02 1.415746519275802411e-02 -1.089328403205199608e-02 -3.670010207014393472e+03
-1.070891275244556518e-02 1.705861162659767435e-02 -1.476253212049104951e-02 -1.144729864027063844e-02 1.416146782187650138e-02 -1.089001275333615487e-02 -3.677257429726523696e+03
-1.072996086425403485e-02 1.708340937610030100e-02 -1.477669989681418446e-02 -1.145312237093042140e-02 1.416536328862273882e-02 -1.088665778487218211e-02 -3.684503371516553216e+03
-1.075100499105581878e-02 1.710816009210137240e-02 -1.479079505451354540e-02 -1.145887096112073282e-02 1.416915435037971113e-02 -1.088320979734159685e-02 -3.691748031701921718e+03
-1.077204513058155344e-02 1.713286373511405808e-02 -1.480481755507344170e-02 -1.146454433488117153e-02 1.417283592868165062e-02 -1.087964717195749782e-02 -3.698991409588126317e+03
-1.079308128060151376e-02 1.715752026549867762e-02 -1.481876734130774600e-02 -1.147014247022848550e-02 1.417641489528811104e-02 -1.087600162102632384e-02 -3.706233504492607153e+03
-1.081411343886251944e-02 1.718212964386361605e-02 -1.483264436022823859e-02 -1.147566532792078028e-02 1.417988661264152871e-02 -1.087224960969677620e-02 -3.713474315726782606e+03
-1.083514160308670857e-02 1.720669183106159419e-02 -1.484644856013248894e-02 -1.148111259766782140e-02 1.418325495967821294e-02 -1.086839973585318302e-02 -3.720713842596708673e+03
-1.085616577098429299e-02 1.723120678806457431e-02 -1.486017987283669468e-02 -1.148648439066460997e-02 1.418651751959943211e-02 -1.086446462126552243e-02 -3.727952084404852485e+03
-1.087718594031536652e-02 1.725567447578972916e-02 -1.487383824532326898e-02 -1.149178039543885706e-02 1.418967384749754597e-02 -1.086042289854701436e-02 -3.735189040469948395e+03
-1.089820210878934478e-02 1.728009485477901772e-02 -1.488742363138936473e-02 -1.149700075844459213e-02 1.419272572494070274e-02 -1.085630686051859695e-02 -3.742424710093107933e+03
-1.091921427412064806e-02 1.730446788504340014e-02 -1.490093599171441949e-02 -1.150214527901395091e-02 1.419567471774693841e-02 -1.085207492663010052e-02 -3.749659092578561285e+03
-1.094022243405235600e-02 1.732879352597730890e-02 -1.491437529791617318e-02 -1.150721402394550529e-02 1.419851767733001230e-02 -1.084778521511860910e-02 -3.756892187242568070e+03
-1.096122658625168361e-02 1.735307173678244178e-02 -1.492774151837230820e-02 -1.151220705570381829e-02 1.420125684198869816e-02 -1.084336889931012890e-02 -3.764123993372677887e+03
-1.098222672848159567e-02 1.737730247599544170e-02 -1.494103459380165602e-02 -1.151712425335010490e-02 1.420389089037785851e-02 -1.083887682804976667e-02 -3.771354510289424525e+03
-1.100322285843350484e-02 1.740148570212107088e-02 -1.495425449162087091e-02 -1.152196593735538288e-02 1.420641870940314577e-02 -1.083428658799393332e-02 -3.778583737285095594e+03
-1.102421497383002970e-02 1.742562137360348720e-02 -1.496740115002431933e-02 -1.152673172153318402e-02 1.420884127883769235e-02 -1.082959677990836048e-02 -3.785811673662850808e+03
-1.104520307241683465e-02 1.744970944887789394e-02 -1.498047451502365277e-02 -1.153142179553142202e-02 1.421116008274989420e-02 -1.082481562897784008e-02 -3.793038318733662891e+03
-1.106618715186708998e-02 1.747374988664133003e-02 -1.499347455497501876e-02 -1.153603627318735420e-02 1.421337279776298257e-02 -1.081993269330264532e-02 -3.800263671783553946e+03
-1.108716720992801961e-02 1.749774264545713234e-02 -1.500640121862982686e-02 -1.154057497054016002e-02 1.421547730299262645e-02 -1.081497116353543828e-02 -3.807487732123124260e+03
-1.110814324430002206e-02 1.752168768406547547e-02 -1.501925446107286836e-02 -1.154503819654826256e-02 1.421747791723304219e-02 -1.080989107559955642e-02 -3.814710499046376299e+03
-1.112911525269357979e-02 1.754558496132891873e-02 -1.503203425396164479e-02 -1.154942591485864055e-02 1.421936902017364307e-02 -1.080472407801247488e-02 -3.821931971854885887e+03
-1.115008323278591541e-02 1.756943443644341449e-02 -1.504474051710599607e-02 -1.155373801760487852e-02 1.422115654592525161e-02 -1.079945400963713310e-02 -3.829152149839942467e+03
-1.117104718227379147e-02 1.759323606846927707e-02 -1.505737321640162642e-02 -1.155797445755545570e-02 1.422283789597010920e-02 -1.079410685429777958e-02 -3.836371032297608963e+03
-1.119200709884797008e-02 1.761698981638479267e-02 -1.506993229926522834e-02 -1.156213551748515832e-02 1.422441213598918397e-02 -1.078864759269773481e-02 -3.843588618522357137e+03
-1.121296298019644824e-02 1.764069563960509249e-02 -1.508241769014164596e-02 -1.156622076556791147e-02 1.422588272520667121e-02 -1.078310036377647801e-02 -3.850804907811051635e+03
-1.123391482398317619e-02 1.766435349785917472e-02 -1.509482932732614073e-02 -1.157023033315079767e-02 1.422724428557343296e-02 -1.077745624495332621e-02 -3.858019899454907318e+03
-1.125486262785720115e-02 1.768796335091853827e-02 -1.510716717782677534e-02 -1.157416379022148042e-02 1.422850362172806658e-02 -1.077173042026700889e-02 -3.865233592741650682e+03
-1.127580638951327686e-02 1.771152515811171696e-02 -1.511943117156674433e-02 -1.157802111354491389e-02 1.422965664309297495e-02 -1.076589905940878410e-02 -3.872445986973747949e+03
-1.129674780042630965e-02 1.773504933754108462e-02 -1.513169154334002321e-02 -1.158771702558361594e-02 1.422949599021949320e-02 -1.070337108224542200e-02 -3.879657023683710577e+03
-1.131768347060316954e-02 1.775851492944289720e-02 -1.514380773084511751e-02 -1.159142220394271221e-02 1.423044084019043851e-02 -1.069736702536899092e-02 -3.886866817660626566e+03
-1.133861509154148080e-02 1.778193235101769437e-02 -1.515584996412490046e-02 -1.159505119413921717e-02 1.423128138273710257e-02 -1.069124874561028400e-02 -3.894075310444068236e+03
-1.135954266091872798e-02 1.780530155987176261e-02 -1.516781820750015379e-02 -1.159860420876663613e-02 1.423201543091740656e-02 -1.068505110168354276e-02 -3.901282501327377304e+03
-1.138046617637735076e-02 1.782862251348693236e-02 -1.517971241342547066e-02 -1.160208114177059373e-02 1.423264465159285348e-02 -1.067876129439768867e-02 -3.908488389589616872e+03
-1.140138563559693965e-02 1.785189516906646526e-02 -1.519153254194082446e-02 -1.160548211203850551e-02 1.423316803243851458e-02 -1.067238008755732985e-02 -3.915692974519899053e+03
-1.142230103624859369e-02 1.787511948413319368e-02 -1.520327851480317641e-02 -1.160880687887612568e-02 1.423358712533034399e-02 -1.066589709616636017e-02 -3.922896255405033116e+03
-1.144321237598013713e-02 1.789829541628585111e-02 -1.521495029472297832e-02 -1.161205581220699744e-02 1.423389960088230523e-02 -1.065932701535567476e-02 -3.930098231525740630e+03
-1.146411965246128990e-02 1.792142292327695424e-02 -1.522654783151694557e-02 -1.161522882885750521e-02 1.423410778001288346e-02 -1.065265101980354331e-02 -3.937298902170456586e+03
-1.148502286333027284e-02 1.794450196271241485e-02 -1.523807107594049755e-02 -1.161832571854704878e-02 1.423420537612017471e-02 -1.064590182834191691e-02 -3.944498266614250042e+03
-1.150592200625459929e-02 1.796753249202503316e-02 -1.524951999650174181e-02 -1.162134700728153711e-02 1.423419884166803560e-02 -1.063903792875208441e-02 -3.951696324144396385e+03
-1.152681707887642792e-02 1.799051446888623451e-02 -1.526089453877667139e-02 -1.162429215102685556e-02 1.423408586825522688e-02 -1.063208952379771782e-02 -3.958893074041829550e+03
-1.154770807881491841e-02 1.801344785092832967e-02 -1.527219464692586813e-02 -1.162716142264428980e-02 1.423386592294375273e-02 -1.062503749750824851e-02 -3.966088515581703177e+03
-1.156859500369823018e-02 1.803633259577570522e-02 -1.528342025493150888e-02 -1.162995495201420149e-02 1.423354031203228655e-02 -1.061790440766454020e-02 -3.973282648042877554e+03
-1.158947785114303013e-02 1.805916866124679040e-02 -1.529457131260197889e-02 -1.163267220522125160e-02 1.423310868885977951e-02 -1.061066872304911556e-02 -3.980475470702829625e+03
-1.161035661877720879e-02 1.808195600542804662e-02 -1.530564775102214586e-02 -1.163531379008377054e-02 1.423257296073154182e-02 -1.060334290397546737e-02 -3.987666982843428286e+03
-1.163123130421423596e-02 1.810469458652914573e-02 -1.531664950646932297e-02 -1.163787897758876942e-02 1.423192960216923542e-02 -1.059592289960601362e-02 -3.994857183740185974e+03
-1.165210190505245290e-02 1.812738436278904172e-02 -1.532757654784575041e-02 -1.164036779316302873e-02 1.423118014819590819e-02 -1.058840857214122903e-02 -4.002046072662223651e+03
-1.167296841891109042e-02 1.815002529190997554e-02 -1.533842883181571644e-02 -1.164278016730734347e-02 1.423032765500293652e-02 -1.058080287447404899e-02 -4.009233648885370258e+03
-1.169383084339992163e-02 1.817261733137894367e-02 -1.534920632723468618e-02 -1.164511617223394982e-02 1.422936939220644827e-02 -1.057310741494839855e-02 -4.016419911681527083e+03
-1.171468917613963101e-02 1.819516043827267004e-02 -1.535990898058040184e-02 -1.164737570949503191e-02 1.422830712445307191e-02 -1.056531659900103622e-02 -4.023604860327385268e+03
-1.173554341473096070e-02 1.821765456940147715e-02 -1.537053676937668971e-02 -1.164955889312340766e-02 1.422714073374789674e-02 -1.055743830784697072e-02 -4.030788494093114423e+03
-1.175639355675803417e-02 1.824009968151540928e-02 -1.538108964173153480e-02 -1.165166569976264742e-02 1.422586888098698391e-02 -1.054946570472049469e-02 -4.037970812242368083e+03
-1.177723959986415152e-02 1.826249573084061037e-02 -1.539156755395851110e-02 -1.165369623069776976e-02 1.422449033774910061e-02 -1.054140391565150207e-02 -4.045151814055409432e+03
-1.179808154164049654e-02 1.828484267387032666e-02 -1.540197044012984323e-02 -1.165565042548502225e-02 1.422300562630851757e-02 -1.053325875133044251e-02 -4.052331498791567356e+03
-1.181891937970170822e-02 1.830714046709519538e-02 -1.541229825835875589e-02 -1.165752840185769329e-02 1.422141638376425016e-02 -1.052500977005193898e-02 -4.059509865721652204e+03
-1.183975311163400213e-02 1.832938906689565717e-02 -1.542255094328506132e-02 -1.165932997182361763e-02 1.421971904744517151e-02 -1.051667630482325082e-02 -4.066686914110357520e+03
-1.186058273503408020e-02 1.835158842950334809e-02 -1.543272847551688774e-02 -1.166105530132886640e-02 1.421791605605011652e-02 -1.050824604335476135e-02 -4.073862643226118507e+03
-1.188140824747764557e-02 1.837373851112653750e-02 -1.544283078717509361e-02 -1.166270437559973130e-02 1.421600849962854213e-02 -1.049971763250173544e-02 -4.081037052329982089e+03
-1.190222964656474994e-02 1.839583926771800812e-02 -1.545285784188081026e-02 -1.166427729435431764e-02 1.421399099634507689e-02 -1.049109271995342894e-02 -4.088210140692536697e+03
-1.192304692985383767e-02 1.841789065551935334e-02 -1.546280957301348138e-02 -1.166577400549792011e-02 1.421187091424668848e-02 -1.048237778015403444e-02 -4.095381907568896622e+03
-1.194386009494727285e-02 1.843989263063071718e-02 -1.547268594720844700e-02 -1.166719458336922845e-02 1.420964218124010081e-02 -1.047357771271606973e-02 -4.102552352229121425e+03
-1.196466913939403694e-02 1.846184514935556367e-02 -1.548248687786950815e-02 -1.166853878164261782e-02 1.420730678619618569e-02 -1.046466751529996284e-02 -4.109721473926137151e+03
-1.198547406077061887e-02 1.848374816806338042e-02 -1.549221231055683372e-02 -1.166980675640846669e-02 1.420486800599564912e-02 -1.045567283435915214e-02 -4.116889271924362220e+03
-1.200627485662130942e-02 1.850560164346741823e-02 -1.550186219044933852e-02 -1.167099803057836289e-02 1.420232303213809881e-02 -1.044658786008827341e-02 -4.124055745478874996e+03
-1.202707152449973733e-02 1.852740553227674378e-02 -1.551143646738122224e-02 -1.167211293846198358e-02 1.419967066645888218e-02 -1.043740586743046109e-02 -4.131220893849325876e+03
-1.204786406194337765e-02 1.854915979129794640e-02 -1.552093510394437006e-02 -1.167315100722379068e-02 1.419691497195539609e-02 -1.042813840965619090e-02 -4.138384716288962409e+03
-1.206865246653446126e-02 1.857086437705662493e-02 -1.553035804872808685e-02 -1.167411256792261730e-02 1.419405184105265380e-02 -1.041877902760887653e-02 -4.145547212065006534e+03
-1.208943673579240471e-02 1.859251924591017249e-02 -1.553970525281593573e-02 -1.167499720008341110e-02 1.419108593873300538e-02 -1.040933249859492087e-02 -4.152708380419428977e+03
-1.211021686729265440e-02 1.861412435360471421e-02 -1.554897668897253435e-02 -1.167580531827387864e-02 1.418801246725249869e-02 -1.039979088603830600e-02 -4.159868220612357618e+03
-1.213099285858418308e-02 1.863567965564837461e-02 -1.555817229668534675e-02 -1.167653670174653713e-02 1.418483536145789814e-02 -1.039016891857395125e-02 -4.167026731897580248e+03
-1.215176470719540013e-02 1.865718510739456173e-02 -1.556729205431812459e-02 -1.167719158716217821e-02 1.418155110561612753e-02 -1.038045790168962493e-02 -4.174183913522678267e+03
-1.217253241068276190e-02 1.867864066396410228e-02 -1.557633589338053466e-02 -1.167776991487730689e-02 1.417816561115551634e-02 -1.037065520384172594e-02 -4.181339764743941487e+03
-1.219329596656855766e-02 1.870004628065877889e-02 -1.558530377616705077e-02 -1.167827168597151445e-02 1.417466980123192194e-02 -1.036074839186888925e-02 -4.188494284806543874e+03
-1.221405537240087547e-02 1.872140191240541374e-02 -1.559419564565699134e-02 -1.167869692956553102e-02 1.417106763974878419e-02 -1.035075672641638626e-02 -4.195647472965229099e+03
-1.223481062571200179e-02 1.874270751417482506e-02 -1.560301145733185117e-02 -1.167904540454492435e-02 1.416736557513657326e-02 -1.034067438031260368e-02 -4.202799328468320709e+03
-1.225556172401943630e-02 1.876396304061913115e-02 -1.561175116573213298e-02 -1.167931741273628768e-02 1.416355116429068861e-02 -1.033049873433949072e-02 -4.209949850557421996e+03
-1.227630866486825560e-02 1.878516844641559339e-02 -1.562041472907397220e-02 -1.167951302544904986e-02 1.415963227570541348e-02 -1.032022577045531818e-02 -4.217099038483897857e+03
-1.229705144577271196e-02 1.880632368623213688e-02 -1.562900209622570397e-02 -1.167963199658975798e-02 1.415560514980790906e-02 -1.030985398477960065e-02 -4.224246891488478468e+03
-1.231779006427045041e-02 1.882742871453044545e-02 -1.563751319015668773e-02 -1.167967422446586877e-02 1.415147302677422989e-02 -1.029940397644753258e-02 -4.231393408820437799e+03
-1.233852451786821014e-02 1.884848348597123469e-02 -1.564594796687794609e-02 -1.167963997279314325e-02 1.414723675074659737e-02 -1.028883944898053085e-02 -4.238538589722299548e+03
-1.235925480404566693e-02 1.886948795569727902e-02 -1.565430634936939083e-02 -1.167952909088223155e-02 1.414289130379969839e-02 -1.027819868977524267e-02 -4.245682433429465163e+03
-1.237998092033238025e-02 1.889044207905758027e-02 -1.566258827727786199e-02 -1.167934142165464456e-02 1.413843971591618141e-02 -1.026748584846566385e-02 -4.252824939196501873e+03
-1.240070286418710512e-02 1.891134581160161879e-02 -1.567079369960085525e-02 -1.167907710091278632e-02 1.413388547891149954e-02 -1.025665973734269168e-02 -4.259966106251401470e+03
-1.242142063311351373e-02 1.893219910887102703e-02 -1.567892255642902230e-02 -1.167873593111594735e-02 1.412922334124294341e-02 -1.024574340994426416e-02 -4.267105933836927761e+03
-1.244213422459250137e-02 1.895300192633127614e-02 -1.568697480676308625e-02 -1.167831804749126269e-02 1.412445428180911233e-02 -1.023475909796717209e-02 -4.274244421189114291e+03
-1.246284363612442173e-02 1.897375421863856451e-02 -1.569495040544553743e-02 -1.167782304452861727e-02 1.411958135231008646e-02 -1.022368256689651193e-02 -4.281381567549467036e+03
-1.248354886517992132e-02 1.899445594010842550e-02 -1.570284930040772089e-02 -1.167725103136159868e-02 1.411460318903253255e-02 -1.021249697143078623e-02 -4.288517372148787217e+03
-1.250424990926392310e-02 1.901510704493579451e-02 -1.571067145775022558e-02 -1.167660259916042560e-02 1.410951923741371287e-02 -1.020124325317305763e-02 -4.295651834231240173e+03
-1.252494676583314377e-02 1.903570748752531766e-02 -1.571841685507559955e-02 -1.167587687199311483e-02 1.410433183885222153e-02 -1.018988164458771092e-02 -4.302784953022300215e+03
-1.254563943239308914e-02 1.905625722186497784e-02 -1.572608544361471863e-02 -1.167507437079244419e-02 1.409903993640583726e-02 -1.017843807879454526e-02 -4.309916727763842573e+03
-1.256632790639906731e-02 1.907675620221178231e-02 -1.573367718003070709e-02 -1.167419507569108714e-02 1.409364120610012011e-02 -1.016690897856274006e-02 -4.317047157680121927e+03
-1.258701218533803123e-02 1.909720438220877461e-02 -1.574119201411576865e-02 -1.167323874802208943e-02 1.408813530436882171e-02 -1.015528476467134414e-02 -4.324176242007350993e+03
-1.260769226667167800e-02 1.911760171530696439e-02 -1.574862989106187369e-02 -1.167220565331501640e-02 1.408252437562572054e-02 -1.014355701548761389e-02 -4.331303979971914487e+03
-1.262836814787967124e-02 1.913794815472866229e-02 -1.575599077248736324e-02 -1.167109551693216139e-02 1.407680867637760985e-02 -1.013175402878991813e-02 -4.338430370804937411e+03
-1.264903982642404980e-02 1.915824365379418734e-02 -1.576327460763901969e-02 -1.166990835156125027e-02 1.407098408481480267e-02 -1.011985629483174234e-02 -4.345555413731227418e+03
-1.266970729980226688e-02 1.917848816545788052e-02 -1.577048132626731464e-02 -1.166864438776221181e-02 1.406505265903939053e-02 -1.010786275495407539e-02 -4.352679107988504256e+03
-1.269037056544421692e-02 1.919868164302993355e-02 -1.577761086024201398e-02 -1.166730376135738032e-02 1.405901568237768844e-02 -1.009578469617917335e-02 -4.359801452790971780e+03
-1.271102962082309475e-02 1.921882403985480589e-02 -1.578466314386837988e-02 -1.166588621420372104e-02 1.405287149199229563e-02 -1.008362089692281874e-02 -4.366922447370631744e+03
-1.273168446338138020e-02 1.923891530965278138e-02 -1.579163811211297189e-02 -1.166439185770270191e-02 1.404662176566186943e-02 -1.007135216825570320e-02 -4.374042090952590115e+03
-1.275233509052989961e-02 1.925895540638848658e-02 -1.579853570810756114e-02 -1.166282094596275687e-02 1.404026397850272924e-02 -1.005900445529847066e-02 -4.381160382754610509e+03
-1.277298149969447599e-02 1.927894428383632175e-02 -1.580535586767470996e-02 -1.166117278619747087e-02 1.403380185750476537e-02 -1.004657219608145156e-02 -4.388277322000098138e+03
-1.279362368828503883e-02 1.929888189568289281e-02 -1.581209854419625069e-02 -1.165944786223870565e-02 1.402723350693863870e-02 -1.003405664643846999e-02 -4.395392907907404151e+03
-1.281426165374187007e-02 1.931876819538504500e-02 -1.581876368994522900e-02 -1.165764569238332549e-02 1.402056235473179285e-02 -1.002143662573262012e-02 -4.402507139702272070e+03
-1.283489539349452063e-02 1.933860313617127499e-02 -1.582535125181972618e-02 -1.165576662900334216e-02 1.401378259167908313e-02 -1.000872889049426138e-02 -4.409620016603684235e+03
-1.285552490495509015e-02 1.935838667129912913e-02 -1.583186120451530315e-02 -1.165381016145613201e-02 1.400690097134061132e-02 -9.995949104447766909e-03 -4.416731537823740837e+03
-1.287615018554367184e-02 1.937811875414855584e-02 -1.583829350223163804e-02 -1.165177650407850721e-02 1.399991350376218226e-02 -9.983074310962925316e-03 -4.423841702580864876e+03
-1.289677123266937293e-02 1.939779933803447570e-02 -1.584464811862539360e-02 -1.164966579817532967e-02 1.399281990507467849e-02 -9.970094092381443299e-03 -4.430950510089792260e+03
-1.291738804375842757e-02 1.941742837605189148e-02 -1.585092502354724583e-02 -1.164747771265400161e-02 1.398562344304051484e-02 -9.957046637431231709e-03 -4.438057959570380262e+03
-1.293800061622439428e-02 1.943700582098033952e-02 -1.585712417482158798e-02 -1.164521256712785884e-02 1.397831670776376357e-02 -9.943894783859319464e-03 -4.445164050235072864e+03
-1.295860894746484089e-02 1.945653162525301863e-02 -1.586324551582329878e-02 -1.164286966819843075e-02 1.397090737950558090e-02 -9.930661748437158085e-03 -4.452268781289149047e+03
-1.297921303491826606e-02 1.947600574088535763e-02 -1.586928897664087457e-02 -1.164044986769322866e-02 1.396339265685643538e-02 -9.917342292069650581e-03 -4.459372151952755303e+03
-1.299981287597956094e-02 1.949542812003538655e-02 -1.587525450537781435e-02 -1.163795285046581238e-02 1.395576861872178595e-02 -9.903936890954929961e-03 -4.466474161429672677e+03
-1.302040846807440630e-02 1.951479871439685057e-02 -1.588114203535411287e-02 -1.163537887428742895e-02 1.394803895235036117e-02 -9.890438079071289107e-03 -4.473574808934057728e+03
-1.304099980859953212e-02 1.953411747553120831e-02 -1.588695151118445573e-02 -1.163272784557617921e-02 1.394020195614713471e-02 -9.876850326496553270e-03 -4.480674093672902927e+03
-1.306158689494228524e-02 1.955338435500314498e-02 -1.589268286158290397e-02 -1.163000005592485300e-02 1.393225936797263392e-02 -9.863167029956224074e-03 -4.487772014851845597e+03
-1.308216972450582626e-02 1.957259930428458666e-02 -1.589833602322910516e-02 -1.162719515977373753e-02 1.392421100932982395e-02 -9.849399357013909756e-03 -4.494868571684391100e+03
-1.310274829464785733e-02 1.959176227525312800e-02 -1.590391095080622222e-02 -1.162431339576841180e-02 1.391605481595488240e-02 -9.835542691938422427e-03 -4.501963763371071764e+03
-1.312332260272651083e-02 1.961087321993644147e-02 -1.590940757265387612e-02 -1.162135465337031312e-02 1.390779427331019502e-02 -9.821598124648939568e-03 -4.509057589113082940e+03
-1.314389264610753803e-02 1.962993209035475417e-02 -1.591482583925742794e-02 -1.161831861272380993e-02 1.389942713026062066e-02 -9.807566413357390184e-03 -4.516150048114406673e+03
-1.316445842216352503e-02 1.964893883847394773e-02 -1.592016570112220197e-02 -1.161520529406600243e-02 1.389095599895227851e-02 -9.793444676444832547e-03 -4.523241139583878976e+03
-1.318501992821084420e-02 1.966789341658105317e-02 -1.592542710927228114e-02 -1.161201473747639455e-02 1.388237868664623544e-02 -9.779237875102590738e-03 -4.530330862711444752e+03
-1.320557716161521906e-02 1.968679577684386353e-02 -1.593061001115308323e-02 -1.160874668554000982e-02 1.387369782822391734e-02 -9.764942069729744961e-03 -4.537419216701304322e+03
-1.322613011974184058e-02 1.970564587147276975e-02 -1.593571436931491558e-02 -1.160540099895002696e-02 1.386490969471327814e-02 -9.750568123755552069e-03 -4.544506200754333804e+03
-1.324667879994229774e-02 1.972444365267399941e-02 -1.594074015674432770e-02 -1.160197790873719430e-02 1.385601786581777510e-02 -9.736096656535783711e-03 -4.551591814063825041e+03
-1.326722319957534570e-02 1.974318907277847895e-02 -1.594568733721126591e-02 -1.159847709171612715e-02 1.384701979092305135e-02 -9.721538824222400454e-03 -4.558676055827577329e+03
-1.328776331597630693e-02 1.976188208400955076e-02 -1.595055586543365003e-02 -1.159489897728383477e-02 1.383791669738439548e-02 -9.706914048391164854e-03 -4.565758925236998948e+03
-1.330829914651779876e-02 1.978052263785437179e-02 -1.595534568100515083e-02 -1.159124332305070358e-02 1.382870650851857931e-02 -9.692189152716790962e-03 -4.572840421495176997e+03
-1.332883068853690789e-02 1.979911068524921325e-02 -1.596005671860225086e-02 -1.158751048393668465e-02 1.381939066676704693e-02 -9.677377238075792615e-03 -4.579920543790313786e+03
-1.334935793938702223e-02 1.981764617676332052e-02 -1.596468892222459995e-02 -1.158370012721102703e-02 1.380997205942008366e-02 -9.662457511730169687e-03 -4.586999291317544703e+03
-1.336988089638214972e-02 1.983612906243225477e-02 -1.596924224031023853e-02 -1.157981276303226940e-02 1.380044261383536926e-02 -9.647477375616072756e-03 -4.594076663257446853e+03
-1.339039955691454301e-02 1.985455929177911555e-02 -1.597371661042181618e-02 -1.157584811874078252e-02 1.379080974811646917e-02 -9.632412879849630571e-03 -4.601152658816565236e+03
-1.341091391829779371e-02 1.987293681457241376e-02 -1.597811199574443800e-02 -1.157180596781125226e-02 1.378107121276659491e-02 -9.617246418354683662e-03 -4.608227277175180461e+03
-1.343142397785733119e-02 1.989126158061930993e-02 -1.598242831836398092e-02 -1.156768722776993150e-02 1.377122341094391862e-02 -9.601991703611619314e-03 -4.615300517519968707e+03
-1.345192973293976926e-02 1.990953353970523199e-02 -1.598666552891389592e-02 -1.156349091653814318e-02 1.376127169610199055e-02 -9.586646403922691184e-03 -4.622372379049311348e+03
-1.347243118078904692e-02 1.992775264208446195e-02 -1.599082357188682038e-02 -1.155921753810032829e-02 1.375121332519330282e-02 -9.571204448812773227e-03 -4.629442860929084418e+03
-1.349292831874904404e-02 1.994591883789694972e-02 -1.599490237307187035e-02 -1.155486677074015790e-02 1.374104745912880197e-02 -9.555699472887712459e-03 -4.636511962361994847e+03
-1.351342114408165401e-02 1.996403207795309845e-02 -1.599890189307904068e-02 -1.155043835097588865e-02 1.373077858361322970e-02 -9.540101813313031989e-03 -4.643579682520532515e+03
-1.353390965408270141e-02 1.998209231317951001e-02 -1.600282207402211124e-02 -1.154593249214426291e-02 1.372040361239608257e-02 -9.524397356873633494e-03 -4.650646020588867032e+03
-1.355439384604955472e-02 2.000009949473322349e-02 -1.600666286085498935e-02 -1.154134878346451884e-02 1.370992231455669084e-02 -9.508634257340600401e-03 -4.657710975751348997e+03
-1.357487371723976009e-02 2.001805357384169384e-02 -1.601042420389737000e-02 -1.153668751956988571e-02 1.369933763318586378e-02 -9.492776532384830310e-03 -4.664774547176455599e+03
-1.359534926495868136e-02 2.003595450148505652e-02 -1.601410604852434791e-02 -1.153194875530999357e-02 1.368864675570114278e-02 -9.476839620125101366e-03 -4.671836734048632024e+03
-1.361582048650885994e-02 2.005380222878334895e-02 -1.601770835599163403e-02 -1.152713209208145947e-02 1.367785189137057413e-02 -9.460816247514125879e-03 -4.678897535550407156e+03
-1.363628737916002670e-02 2.007159670686546604e-02 -1.602123106620615550e-02 -1.152223788101314206e-02 1.366695187048855634e-02 -9.444716565465522198e-03 -4.685956950856209005e+03
-1.365674994016313239e-02 2.008933788603264534e-02 -1.602467413448278519e-02 -1.151726649636236437e-02 1.365594207988920367e-02 -9.428505141535545656e-03 -4.693014979132976805e+03
-1.367720816683242087e-02 2.010702571570708447e-02 -1.602803753115483038e-02 -1.151221726391078726e-02 1.364483208254858339e-02 -9.412241891367882293e-03 -4.700071619565748733e+03
-1.369766205643654575e-02 2.012466014469929329e-02 -1.603132119124165214e-02 -1.150709053635169850e-02 1.363361330938997820e-02 -9.395867083135580472e-03 -4.707126871320821010e+03
-1.371811160626984841e-02 2.014224112149634593e-02 -1.603452507216475767e-02 -1.150188628751171172e-02 1.362229331082526716e-02 -9.379404274527845808e-03 -4.714180733574623446e+03
-1.373855681360261830e-02 2.015976859415122627e-02 -1.603764912769576473e-02 -1.149660468603439650e-02 1.361086230835237797e-02 -9.362873246963086121e-03 -4.721233205495939728e+03
-1.375899767572044338e-02 2.017724251075672659e-02 -1.604069330771840107e-02 -1.149124563019998657e-02 1.359932911923641616e-02 -9.346233325310973269e-03 -4.728284286259630790e+03
-1.377943418986454088e-02 2.019466281967280744e-02 -1.604365754590481724e-02 -1.148580883354107830e-02 1.358768567060430164e-02 -9.329526559195625013e-03 -4.735333975027790075e+03
-1.379986635331733290e-02 2.021202946885430896e-02 -1.604654180164722527e-02 -1.148029494085112470e-02 1.357593790628323742e-02 -9.312711992766951538e-03 -4.742382270979267560e+03
-1.382029416329845842e-02 2.022934240676055317e-02 -1.604934599856286392e-02 -1.147470314165294561e-02 1.356408381248697982e-02 -9.295836872504091575e-03 -4.749429173269742023e+03
-1.384071761708279870e-02 2.024660158191846082e-02 -1.605207007067095334e-02 -1.146903385834506517e-02 1.355212581459900797e-02 -9.278857220639957423e-03 -4.756474681074298132e+03
-1.386113671185679533e-02 2.026380694374673580e-02 -1.605471395091814801e-02 -1.146328692489902157e-02 1.354006029280445216e-02 -9.261795123438304467e-03 -4.763518793540280967e+03
-1.388155144488034849e-02 2.028095844197673470e-02 -1.605727758228109661e-02 -1.145746249915494640e-02 1.352788965530433291e-02 -9.244654096147306849e-03 -4.770561509845452747e+03
-1.390196181333005002e-02 2.029805602664830691e-02 -1.605976089921455283e-02 -1.145156038511328279e-02 1.351561299847074682e-02 -9.227443212201934947e-03 -4.777602829140655558e+03
-1.392236781441088395e-02 2.031509964749264249e-02 -1.606216383660305155e-02 -1.144558063678200420e-02 1.350323109559759503e-02 -9.210139209420334372e-03 -4.784642750586996044e+03
-1.394276944533288064e-02 2.033208925393051314e-02 -1.606448636228390708e-02 -1.143952329456515531e-02 1.349074687834526075e-02 -9.192746599325219564e-03 -4.791681273343289831e+03
-1.396316670334285699e-02 2.034902479517616825e-02 -1.606672839951046178e-02 -1.143338820471690581e-02 1.347815526515788731e-02 -9.175294199492601763e-03 -4.798718396574845428e+03
-1.398355958563767508e-02 2.036590622038070980e-02 -1.606888991757926891e-02 -1.142717543771869758e-02 1.346545966645177131e-02 -9.157727768841281493e-03 -4.805754119430156607e+03
-1.400394808943063868e-02 2.038273347835636851e-02 -1.607097087350077211e-02 -1.142088486770747972e-02 1.345265970425517377e-02 -9.140060319749621076e-03 -4.812788441066904852e+03
-1.402433221193150406e-02 2.039950651711854371e-02 -1.607297122974111689e-02 -1.141451634244828456e-02 1.343975306404362677e-02 -9.122345891693889319e-03 -4.819821360640617968e+03
-1.404471195033707952e-02 2.041622528437218170e-02 -1.607489095743494176e-02 -1.140807008749296358e-02 1.342674288415816528e-02 -9.104535057401955123e-03 -4.826852877300654654e+03
-1.406508730190455733e-02 2.043288972733024733e-02 -1.607672999485436002e-02 -1.140154592750794275e-02 1.341362801441093461e-02 -9.086646192402495284e-03 -4.833882990216797225e+03
-1.408545826379748248e-02 2.044949979302970039e-02 -1.607848831081521226e-02 -1.139494406719388127e-02 1.340040490519067012e-02 -9.068660375846606531e-03 -4.840911698524439998e+03
-1.410582483324260283e-02 2.046605542772075848e-02 -1.608016585163397905e-02 -1.138826468753573705e-02 1.338707545498373473e-02 -9.050600255573878691e-03 -4.847939001378899775e+03
-1.412618700745061490e-02 2.048255657815218483e-02 -1.608176254989335252e-02 -1.138150723120768919e-02 1.337363999596170513e-02 -9.032453331257126947e-03 -4.854964897928513892e+03
-1.414654478361517149e-02 2.049900319125552012e-02 -1.608327835324494318e-02 -1.137467218452895695e-02 1.336010061151668947e-02 -9.014221669178123716e-03 -4.861989387318848458e+03
-1.416689815893589638e-02 2.051539521391559234e-02 -1.608471319693943399e-02 -1.136775947512855267e-02 1.334645313332528775e-02 -8.995907978581060838e-03 -4.869012468703956984e+03
-1.418724713056097181e-02 2.053173259341079318e-02 -1.608606698715529457e-02 -1.136076918598787934e-02 1.333270012133609510e-02 -8.977519733759889431e-03 -4.876034141221899517e+03
-1.420759169564462729e-02 2.054801527708917386e-02 -1.608733965314499206e-02 -1.135370118140645312e-02 1.331884513927742049e-02 -8.959015455577198223e-03 -4.883054404015625551e+03
-1.422793185132875324e-02 2.056424321270920383e-02 -1.608853112617532680e-02 -1.134655570112408883e-02 1.330488091295162212e-02 -8.940467067662471665e-03 -4.890073256225395198e+03
-1.424826759478561682e-02 2.058041634834647735e-02 -1.608964137277185333e-02 -1.133933268409036306e-02 1.329081447506994321e-02 -8.921789609241483066e-03 -4.897090697002590787e+03
-1.426859892310447173e-02 2.059653463226593720e-02 -1.609067031975814147e-02 -1.133203200372834285e-02 1.327664320420329433e-02 -8.903082483495109931e-03 -4.904106725469477169e+03
-1.428892583346393422e-02 2.061259801183407125e-02 -1.609161793528581658e-02 -1.132465348205692612e-02 1.326236422275051466e-02 -8.884257150130386860e-03 -4.911121340779625825e+03
-1.430924832297918864e-02 2.062860643444602501e-02 -1.609248416249776936e-02 -1.131719697961537999e-02 1.324798358119019977e-02 -8.865349997409172414e-03 -4.918134542061154207e+03
-1.432956638882510077e-02 2.064455984722034579e-02 -1.609326893558157487e-02 -1.130966233393426203e-02 1.323349665817738843e-02 -8.846396185165290513e-03 -4.925146328462358724e+03
-1.434988002809901853e-02 2.066045819741758188e-02 -1.609397221334755296e-02 -1.130205012455516057e-02 1.321890672185965093e-02 -8.827328979531376754e-03 -4.932156699105031294e+03
-1.437018923796098448e-02 2.067630143194578232e-02 -1.609459396523498648e-02 -1.129435942008885640e-02 1.320421169678642585e-02 -8.808194962611263362e-03 -4.939165653133684827e+03
-1.439049401553692958e-02 2.069208949748779433e-02 -1.609513414791901090e-02 -1.128659073008471923e-02 1.318940833502942576e-02 -8.788966998468440359e-03 -4.946173189675777394e+03
-1.441079435798428565e-02 2.070782234023449409e-02 -1.609559272146195499e-02 -1.127874413926124343e-02 1.317450154083722562e-02 -8.769668717031555219e-03 -4.953179307866569616e+03
-1.443109026244189519e-02 2.072349990602437644e-02 -1.609596963757579588e-02 -1.127081949284729039e-02 1.315949000589366341e-02 -8.750267233360430746e-03 -4.960184006832972955e+03
-1.445138172607625220e-02 2.073912214002579524e-02 -1.609626485103779828e-02 -1.126281691547091103e-02 1.314437057341989561e-02 -8.730813568350483458e-03 -4.967187285714670907e+03
-1.447166874597996533e-02 2.075468898741545526e-02 -1.609647828350662530e-02 -1.125473651984486116e-02 1.312914652906808748e-02 -8.711254833198824044e-03 -4.974189143627075282e+03
-1.449195131929556860e-02 2.077020039337475893e-02 -1.609660987640510951e-02 -1.124657843427065082e-02 1.311381733511257988e-02 -8.691635201749732878e-03 -4.981189579706297081e+03
-1.451222944314166374e-02 2.078565630340295858e-02 -1.609665956511246998e-02 -1.123834274133641078e-02 1.309838237664999981e-02 -8.671902553866754973e-03 -4.988188593079798011e+03
-1.453250311460752703e-02 2.080105666274261259e-02 -1.609662727556362277e-02 -1.123002939760610330e-02 1.308284477748429715e-02 -8.652104789747367200e-03 -4.995186182866277704e+03
-1.455277233077510030e-02 2.081640141680822509e-02 -1.609651294442553462e-02 -1.122163836789192085e-02 1.306720230228316723e-02 -8.632212552957551494e-03 -5.002182348183459908e+03
-1.457303708875149623e-02 2.083169051089627313e-02 -1.609631650600762409e-02 -1.121316966580951542e-02 1.305144952521496496e-02 -8.612259254252080040e-03 -5.009177088160368839e+03
-1.459329738560284466e-02 2.084692389098764462e-02 -1.609603792034666053e-02 -1.120462317472890185e-02 1.303559455320271038e-02 -8.592215105428983521e-03 -5.016170401915148432e+03
-1.461355321837958660e-02 2.086210150308752398e-02 -1.609567713061047997e-02 -1.119599872264802169e-02 1.301963759693356218e-02 -8.572063347155337021e-03 -5.023162288563519724e+03
-1.463380458415468842e-02 2.087722329317911671e-02 -1.609523407741338466e-02 -1.118729643502893931e-02 1.300357337206115536e-02 -8.551857747491006106e-03 -5.030152747230929890e+03
-1.465405147994305532e-02 2.089228920717323135e-02 -1.609470871675976189e-02 -1.117851594717534855e-02 1.298740391701986435e-02 -8.531582147275080380e-03 -5.037141777017261120e+03
-1.467429390286789301e-02 2.090729919047746785e-02 -1.609410096450354308e-02 -1.116965717367133376e-02 1.297113400686968239e-02 -8.511209725995479494e-03 -5.044129377055719488e+03
-1.469453184998054975e-02 2.092225318891700533e-02 -1.609341078432773367e-02 -1.116072061069330913e-02 1.295475395695473882e-02 -8.490768840799991363e-03 -5.051115546452070703e+03
-1.471476531835070635e-02 2.093715114818057652e-02 -1.609263810509098391e-02 -1.115170539806246627e-02 1.293827182103553415e-02 -8.470246475360567601e-03 -5.058100284320967148e+03
-1.473499430505099961e-02 2.095199301362218533e-02 -1.609178289168591847e-02 -1.114261235782859627e-02 1.292168454840358915e-02 -8.449622758261719421e-03 -5.065083589779819704e+03
-1.475521880710226053e-02 2.096677873053388180e-02 -1.609084510243562194e-02 -1.113344113684227796e-02 1.290499336240881652e-02 -8.428952066783313227e-03 -5.072065461926594253e+03
-1.477543882158717341e-02 2.098150824327289429e-02 -1.608982469367679566e-02 -1.112419184447005494e-02 1.288819623114242051e-02 -8.408187179024752614e-03 -5.079045899879075478e+03
-1.479565434558669131e-02 2.099618149544157236e-02 -1.608872161509246335e-02 -1.111486499185053781e-02 1.287129447202335457e-02 -8.387350315382721688e-03 -5.086024902750304136e+03
-1.481586537616019425e-02 2.101079843025280280e-02 -1.608753582387459358e-02 -1.110546007974779446e-02 1.285428763619067896e-02 -8.366412398459683805e-03 -5.093002469646742611e+03
-1.483607191033103727e-02 2.102535899122823931e-02 -1.608626724844266359e-02 -1.109597750032593859e-02 1.283717538807038240e-02 -8.345398768282464089e-03 -5.099978599663990281e+03
-1.485627394516939731e-02 2.103986312203313599e-02 -1.608491583208655415e-02 -1.108641664773269905e-02 1.281996109142613700e-02 -8.324313785685879055e-03 -5.106953291913598150e+03
-1.487647147770281703e-02 2.105431076619530481e-02 -1.608348152611933923e-02 -1.107677825613173628e-02 1.280263764345611517e-02 -8.303138712446854822e-03 -5.113926545493206504e+03
-1.489666450496526795e-02 2.106870186692206409e-02 -1.608196426511009774e-02 -1.106706205691838918e-02 1.278521172535976649e-02 -8.281877161764098633e-03 -5.120898359508468275e+03
-1.491685302395588317e-02 2.108303636742404896e-02 -1.608036398565073494e-02 -1.105726780802087153e-02 1.276768005421155018e-02 -8.260537298631659420e-03 -5.127868733056220663e+03
-1.493703703166671982e-02 2.109731421123507700e-02 -1.607868062420049135e-02 -1.104739567983302299e-02 1.275004406559400623e-02 -8.239137012848410380e-03 -5.134837665232224936e+03
-1.495721652510801150e-02 2.111153534266908827e-02 -1.607691412398928529e-02 -1.103744537359419194e-02 1.273230313580749583e-02 -8.217640647296832468e-03 -5.141805155139583803e+03
-1.497739150126171231e-02 2.112569970622203003e-02 -1.607506441397510769e-02 -1.102741711885140558e-02 1.271445664184404391e-02 -8.196090674460010037e-03 -5.148771201872114943e+03
-1.499756195709341274e-02 2.113980724653080276e-02 -1.607313142941239545e-02 -1.101731083509993776e-02 1.269651046902155363e-02 -8.174432723745180679e-03 -5.155735804519170415e+03
-1.501772788960694521e-02 2.115385790783707795e-02 -1.607111509887010695e-02 -1.100712626965636050e-02 1.267845526368859520e-02 -8.152705180136237198e-03 -5.162698962181035313e+03
-1.503788929578269568e-02 2.116785163415413687e-02 -1.606901536638716960e-02 -1.099686364334776650e-02 1.266029812922454291e-02 -8.130904115769905377e-03 -5.169660673948453223e+03
-1.505804617259353523e-02 2.118178836935182691e-02 -1.606683216747611248e-02 -1.098652323369537186e-02 1.264203582728021420e-02 -8.109025723903529742e-03 -5.176620938911772100e+03
-1.507819851700852205e-02 2.119566805722517336e-02 -1.606456544775902370e-02 -1.097610433797908437e-02 1.262367242015829776e-02 -8.087082139092396232e-03 -5.183579756159971112e+03
-1.509834632601022089e-02 2.120949064110855264e-02 -1.606221517687215702e-02 -1.096560737730420572e-02 1.260520267164054464e-02 -8.065042146995819727e-03 -5.190537124783511899e+03
-1.511848959657269113e-02 2.122325606366848305e-02 -1.605978132714801915e-02 -1.095503252117906515e-02 1.258662532742733757e-02 -8.042924206816307042e-03 -5.197493043864327774e+03
-1.513862832573045249e-02 2.123696426689530500e-02 -1.605726386392516622e-02 -1.094437944105452164e-02 1.256794631145492086e-02 -8.020715072065408638e-03 -5.204447512501223173e+03
-1.515876251043162849e-02 2.125061519275192948e-02 -1.605466273311180123e-02 -1.093364845936459218e-02 1.254916248918230837e-02 -7.998444350640327924e-03 -5.211400529763694067e+03
-1.517889214767917556e-02 2.126420878284980207e-02 -1.605197788383702986e-02 -1.092283937884159541e-02 1.253027388648445158e-02 -7.976093507768410723e-03 -5.218352094743234375e+03
-1.519901723444807597e-02 2.127774497860871264e-02 -1.604920926397196065e-02 -1.091195221791829706e-02 1.251128412769373158e-02 -7.953662140657253438e-03 -5.225302206522621418e+03
-1.521913776768850021e-02 2.129122372179527087e-02 -1.604635681881149203e-02 -1.090098675387123420e-02 1.249218420385269333e-02 -7.931154419552343543e-03 -5.232250864175652168e+03
-1.523925374437537852e-02 2.130464495384423035e-02 -1.604342048441778981e-02 -1.088994346527191563e-02 1.247297909951693151e-02 -7.908572697420316808e-03 -5.239198066786743766e+03
-1.525936516143127329e-02 2.131800861629009128e-02 -1.604040018558740982e-02 -1.087882235240955099e-02 1.245367332338724771e-02 -7.885901396493597351e-03 -5.246143813426810084e+03
-1.527947201579957573e-02 2.133131465080904607e-02 -1.603729584515078618e-02 -1.086762294928037692e-02 1.243425938862975644e-02 -7.863162270081656621e-03 -5.253088103178683923e+03
-1.529957430438704316e-02 2.134456299983547925e-02 -1.603410739023410428e-02 -1.085634553495153608e-02 1.241474655098739714e-02 -7.840343682734115388e-03 -5.260030935116856199e+03
-1.531967202406603508e-02 2.135775360630818784e-02 -1.603083474245011950e-02 -1.084499075516117197e-02 1.239513017444438675e-02 -7.817437046165940859e-03 -5.266972308306778359e+03
-1.533976517174631508e-02 2.137088641281992274e-02 -1.602747783813239513e-02 -1.083355741971065746e-02 1.237540619839319969e-02 -7.794461604565300523e-03 -5.273912221828984002e+03
-1.535985374430144830e-02 2.138396136176161713e-02 -1.602403663052183458e-02 -1.082204646723010366e-02 1.235558327188395270e-02 -7.771420846322020515e-03 -5.280850674747103767e+03
-1.537993773865289036e-02 2.139697839521545117e-02 -1.602051105432733547e-02 -1.081045722388314714e-02 1.233565175729100551e-02 -7.748291392312009300e-03 -5.287787666137104679e+03
-1.540001715169734761e-02 2.140993745526271336e-02 -1.601690104071109427e-02 -1.079879000124821763e-02 1.231561853650840754e-02 -7.725096210720221526e-03 -5.294723195065991604e+03
-1.542009198030527654e-02 2.142283848399468768e-02 -1.601320655916137897e-02 -1.078704443090731761e-02 1.229548239551534264e-02 -7.701809146564947244e-03 -5.301657260590113765e+03
-1.544016222143753878e-02 2.143568142266055396e-02 -1.600942754334650983e-02 -1.077522067003571990e-02 1.227524165075637684e-02 -7.678455634763605223e-03 -5.308589861796201149e+03
-1.546022787195069047e-02 2.144846621238348516e-02 -1.600556399141246297e-02 -1.076331878693821166e-02 1.225489678171052046e-02 -7.655018045459428301e-03 -5.315520997728775910e+03
-1.548028892877787929e-02 2.146119279341910865e-02 -1.600161586305571051e-02 -1.075133826093762832e-02 1.223444629877694367e-02 -7.631525494346670484e-03 -5.322450667455585062e+03
-1.550034538883022714e-02 2.147386110590737696e-02 -1.599758311868966845e-02 -1.073927980886501404e-02 1.221389058839984255e-02 -7.607942584795656694e-03 -5.329378870035323416e+03
-1.552039724904490450e-02 2.148647108975304185e-02 -1.599346569858079922e-02 -1.072714296712521873e-02 1.219323317219264333e-02 -7.584282063199233523e-03 -5.336305604538623811e+03
-1.554044450627327552e-02 2.149902268495456140e-02 -1.598926353100800848e-02 -1.071492797562389500e-02 1.217247153211430642e-02 -7.560540337872775907e-03 -5.343230870008029342e+03
-1.556048715744500453e-02 2.151151583109027834e-02 -1.598497656265248507e-02 -1.070263502351519701e-02 1.215160548705264930e-02 -7.536739246136508509e-03 -5.350154665516257410e+03
-1.558052519941536922e-02 2.152395046824016195e-02 -1.598060473011568908e-02 -1.069026416624595764e-02 1.213063550911808175e-02 -7.512845667009260958e-03 -5.357076990111591840e+03
-1.560055862905882634e-02 2.153632653602849389e-02 -1.597614793717866064e-02 -1.067781531633899862e-02 1.210956324831372923e-02 -7.488883024102159502e-03 -5.363997842855961608e+03
-1.562058744316268365e-02 2.154864397425978670e-02 -1.597160614326075673e-02 -1.066528865209068026e-02 1.208838662571276069e-02 -7.464844939624790295e-03 -5.370917222786503771e+03
-1.564061163859178580e-02 2.156090272268104333e-02 -1.596697925455871359e-02 -1.065268415390765132e-02 1.206710838496088435e-02 -7.440714524543667364e-03 -5.377835128972492384e+03
-1.566063121212139461e-02 2.157310272221207859e-02 -1.596226722547431157e-02 -1.064000162406785605e-02 1.204572471278934388e-02 -7.416523228093679747e-03 -5.384751560451275509e+03
-1.568064616056809996e-02 2.158524391356064775e-02 -1.595746995413692068e-02 -1.062724130222609566e-02 1.202424023417301459e-02 -7.392262477273712877e-03 -5.391666516273699926e+03
-1.570065648073906694e-02 2.159732623725998599e-02 -1.595258741870636196e-02 -1.061440302478952429e-02 1.200264934063712680e-02 -7.367902499201163871e-03 -5.398579995482379672e+03
-1.572066216951365988e-02 2.160934963352504484e-02 -1.594761955004292756e-02 -1.060148652141343004e-02 1.198095452193055806e-02 -7.343503888906688197e-03 -5.405491997140282365e+03
-1.574066322365942280e-02 2.162131404291200640e-02 -1.594256629148960852e-02 -1.058849160295793380e-02 1.195915664113098367e-02 -7.319014843268619418e-03 -5.412402520271357389e+03
-1.576065964001392705e-02 2.163321940543255079e-02 -1.593742759198391382e-02 -1.057541849401651829e-02 1.193725629663190679e-02 -7.294467178680499875e-03 -5.419311563924868096e+03
-1.578065141539835778e-02 2.164506566058985518e-02 -1.593220339047880796e-02 -1.056226702545035902e-02 1.191525370536386345e-02 -7.269836231157727514e-03 -5.426219127142818252e+03
-1.580063854662215606e-02 2.165685274735776669e-02 -1.592689367435962816e-02 -1.054903721956312532e-02 1.189314671688495445e-02 -7.245123818491713656e-03 -5.433125208957640098e+03
-1.582062103055606114e-02 2.166858060425403201e-02 -1.592149837271837273e-02 -1.053572881577280983e-02 1.187093314603651639e-02 -7.220327751729206135e-03 -5.440029808422696988e+03
-1.584059886399401609e-02 2.168024916971448765e-02 -1.591601745067980703e-02 -1.052234243520228790e-02 1.184861939756971794e-02 -7.195486046821866766e-03 -5.446932924560909669e+03
-1.586057204377950419e-02 2.169185838195777233e-02 -1.591045086318590429e-02 -1.050887799076400883e-02 1.182620273727552802e-02 -7.170552258514834715e-03 -5.453834556416593841e+03
-1.588054056671435801e-02 2.170340817909242534e-02 -1.590479854357877351e-02 -1.049533548395768269e-02 1.180368132350851675e-02 -7.145546587164058709e-03 -5.460734703025053022e+03
-1.590050442956167376e-02 2.171489849885871459e-02 -1.589906041929525782e-02 -1.048171510010184777e-02 1.178105791268101686e-02 -7.120453673949389897e-03 -5.467633363411669052e+03
-1.592046362914818422e-02 2.172632927873587028e-02 -1.589323645882623204e-02 -1.046801643770414736e-02 1.175833298184170844e-02 -7.095308781223529267e-03 -5.474530536624318302e+03
-1.594041816221019453e-02 2.173770045665950404e-02 -1.588732656838173080e-02 -1.045424030760907542e-02 1.173550387534438161e-02 -7.070087827025816826e-03 -5.481426221679194896e+03
-1.596036802552500827e-02 2.174901197032531180e-02 -1.588133071665250029e-02 -1.044038617760636826e-02 1.171257260457180503e-02 -7.044785508546885615e-03 -5.488320417611282210e+03
-1.598031321582991937e-02 2.176026375794274520e-02 -1.587524879467879652e-02 -1.042645402399968932e-02 1.168953823870904317e-02 -7.019407626568311201e-03 -5.495213123444983466e+03
-1.600025372984477043e-02 2.177145575820159731e-02 -1.586908074812731773e-02 -1.041244425345404061e-02 1.166639945542256515e-02 -6.993968860209536995e-03 -5.502104338197985271e+03
-1.602018956435329045e-02 2.178258790945168319e-02 -1.586282652900728243e-02 -1.039835626868886899e-02 1.164315674213639747e-02 -6.968451124650702593e-03 -5.508994060911672022e+03
-1.604012071604177594e-02 2.179366015058312525e-02 -1.585648605350146664e-02 -1.038419044937554693e-02 1.161981188035057788e-02 -6.942858549969023116e-03 -5.515882290591424862e+03
-1.606004718166059372e-02 2.180467242003171838e-02 -1.585005925577833222e-02 -1.036994636364602443e-02 1.159636332240445745e-02 -6.917183717093313040e-03 -5.522769026259885322e+03
-1.607996895793839531e-02 2.181562465629180436e-02 -1.584354607473674112e-02 -1.035562400465503755e-02 1.157281136852446844e-02 -6.891454731868387924e-03 -5.529654266933200233e+03
-1.609988604164126758e-02 2.182651679747345252e-02 -1.583694645944973278e-02 -1.034122345185066461e-02 1.154916029260530386e-02 -6.865639749931293917e-03 -5.536538011642759557e+03
-1.611979842943931512e-02 2.183734878115387371e-02 -1.583026033493232371e-02 -1.032674444285122325e-02 1.152540408157180091e-02 -6.839778876232072494e-03 -5.543420259384454766e+03
-1.613970611810813111e-02 2.184812054389772065e-02 -1.582348768013007098e-02 -1.031218723624899129e-02 1.150154432480557203e-02 -6.813829239444089102e-03 -5.550301009188031458e+03
-1.615960910437514927e-02 2.185883202211068993e-02 -1.581662844801591875e-02 -1.029755157103274914e-02 1.147758566774476074e-02 -6.787808628384641406e-03 -5.557180260066601477e+03
-1.617950738497378818e-02 2.186948315213094185e-02 -1.580968259798298803e-02 -1.028283783270374924e-02 1.145351956555737231e-02 -6.761716151279953055e-03 -5.564058011035657728e+03
-1.619940095658212870e-02 2.188007387037783219e-02 -1.580265008718033728e-02 -1.026804598618268061e-02 1.142935739327991494e-02 -6.735542008292983232e-03 -5.570934261092813358e+03
-1.621928981597066041e-02 2.189060411267363185e-02 -1.579553085804395740e-02 -1.025317613933221517e-02 1.140509169298567320e-02 -6.709321987523094409e-03 -5.577809009267381043e+03
-1.623917395982165876e-02 2.190107381514575999e-02 -1.578832484714921131e-02 -1.023822831044310898e-02 1.138072036725436102e-02 -6.683004167671667550e-03 -5.584682254553759776e+03
-1.625905338486409099e-02 2.191148291377935028e-02 -1.578103200025834582e-02 -1.022320262102170176e-02 1.135624697164342237e-02 -6.656621571067470808e-03 -5.591553995961350665e+03
-1.627892808779091496e-02 2.192183134432485261e-02 -1.577365224650385117e-02 -1.020809929115056545e-02 1.133167343550894185e-02 -6.630181013791218783e-03 -5.598424232490899158e+03
-1.629879806533383879e-02 2.193211904237775747e-02 -1.576618554036261083e-02 -1.019291800605740504e-02 1.130699536477073469e-02 -6.603664689523319059e-03 -5.605292963164131834e+03
-1.631866331408582393e-02 2.194234594424668977e-02 -1.575863179895421046e-02 -1.017765933662667655e-02 1.128221338701468346e-02 -6.577075856992373702e-03 -5.612160186958977647e+03
-1.633852383071966036e-02 2.195251198658770136e-02 -1.575099094988505893e-02 -1.016232258850062291e-02 1.125732961946685796e-02 -6.550403003821052630e-03 -5.619025902882603077e+03
-1.635837961187796077e-02 2.196261710599238179e-02 -1.574326291692568908e-02 -1.014690795088126624e-02 1.123234396663252629e-02 -6.523663423443628977e-03 -5.625890109933542590e+03
-1.637823065417746971e-02 2.197266123887095524e-02 -1.573544762947551995e-02 -1.013141520350943625e-02 1.120725795292050984e-02 -6.496852446465297033e-03 -5.632752807100303471e+03
-1.639807695429965767e-02 2.198264432131376289e-02 -1.572754500260141811e-02 -1.011584444549365122e-02 1.118206665570482990e-02 -6.469990882333885758e-03 -5.639613993389917596e+03
-1.641791850883995985e-02 2.199256628960142082e-02 -1.571955497841840202e-02 -1.010019540472979586e-02 1.115677619365205292e-02 -6.443041063278840547e-03 -5.646473667782423036e+03
-1.643775531444761559e-02 2.200242707933729863e-02 -1.571147751769448250e-02 -1.008446835492580670e-02 1.113138418220815246e-02 -6.416034809065605457e-03 -5.653331829278964506e+03
-1.645758736774624240e-02 2.201222662576153566e-02 -1.570331257809736564e-02 -1.006866261770312902e-02 1.110588982977016477e-02 -6.388954614434205412e-03 -5.660188476870840532e+03
-1.647741466533790555e-02 2.202196486368408063e-02 -1.569506011366755133e-02 -1.005277874762453526e-02 1.108029233594964164e-02 -6.361796566495311889e-03 -5.667043609539839963e+03
-1.649723720390452314e-02 2.203164172745476421e-02 -1.568672006646607345e-02 -1.003681654551803921e-02 1.105459881235321823e-02 -6.334586611443373053e-03 -5.673897226286146179e+03
-1.651705498007634623e-02 2.204125715174891018e-02 -1.567829240981732236e-02 -1.002077627811176486e-02 1.102880048585909434e-02 -6.307305908822938810e-03 -5.680749326084947825e+03
-1.653686799052226861e-02 2.205081107084989195e-02 -1.566977706097952283e-02 -1.000465806853344936e-02 1.100289655620136434e-02 -6.279948743436890649e-03 -5.687599907928874927e+03
-1.655667623187699958e-02 2.206030341900686031e-02 -1.566117398084822948e-02 -9.988461845367075514e-03 1.097689418478976081e-02 -6.252525481707117867e-03 -5.694448970799610834e+03
-1.657647970075099356e-02 2.206973413022587580e-02 -1.565248312514024714e-02 -9.972188174346760872e-03 1.095078791988707799e-02 -6.225048421086108209e-03 -5.701296513669348315e+03
-1.659627839384320361e-02 2.207910313787092224e-02 -1.564370442324859375e-02 -9.955836791427990010e-03 1.092458330040125061e-02 -6.197487504917920630e-03 -5.708142535541507641e+03
-1.661607230770157165e-02 2.208841037597624249e-02 -1.563483782586228693e-02 -9.939407609721628151e-03 1.089827345479658580e-02 -6.169849715919631557e-03 -5.714987035373216713e+03
-1.663586143892341676e-02 2.209765577852537688e-02 -1.562588326859355725e-02 -9.922901108775361578e-03 1.087186509267346578e-02 -6.142163065363051740e-03 -5.721830012146506306e+03
-1.665564578406229443e-02 2.210683927966038825e-02 -1.561684067231567177e-02 -9.906316841380422011e-03 1.084535335387648222e-02 -6.114380467548014182e-03 -5.728671464832252241e+03
-1.667542533968273746e-02 2.211596081346322087e-02 -1.560770995734425508e-02 -9.889654781248711016e-03 1.081873851357293900e-02 -6.086539950590968105e-03 -5.735511392409957807e+03
-1.669520010228340429e-02 2.212502031394402921e-02 -1.559849106416819238e-02 -9.872914988884116949e-03 1.079202597412072875e-02 -6.058623560403104957e-03 -5.742349793839685844e+03
-1.671497006843656805e-02 2.213401771432767229e-02 -1.558918392071905086e-02 -9.856097102067501448e-03 1.076520882997314063e-02 -6.030658781493042526e-03 -5.749186668105990066e+03
-1.673473523463744200e-02 2.214295294857991647e-02 -1.557978842881248445e-02 -9.839200878640694259e-03 1.073829035240771862e-02 -6.002612172154745372e-03 -5.756022014162974301e+03
-1.675449559745662356e-02 2.215182595063253795e-02 -1.557030456458215195e-02 -9.822226329839370967e-03 1.071127309679918704e-02 -5.974501349753374817e-03 -5.762855830990773029e+03
-1.677425115340810957e-02 2.216063665486029191e-02 -1.556073226213832914e-02 -9.805173588540957649e-03 1.068415650962866413e-02 -5.946334585481446479e-03 -5.769688117542792497e+03
-1.679400189907132718e-02 2.216938499501064364e-02 -1.555107146464854671e-02 -9.788042577320292537e-03 1.065693439769746682e-02 -5.918106739731043148e-03 -5.776518872788893532e+03
-1.681374783099012435e-02 2.217807090372113377e-02 -1.554132211175698365e-02 -9.770833423148665015e-03 1.062961494875819084e-02 -5.889794469674491419e-03 -5.783348095686539637e+03
-1.683348894573102189e-02 2.218669431329332170e-02 -1.553148415645353060e-02 -9.753546567551474658e-03 1.060219363049566543e-02 -5.861440901895460104e-03 -5.790175785200361133e+03
-1.685322523983627183e-02 2.219525515596441206e-02 -1.552155753809482223e-02 -9.736181757010575755e-03 1.057467290597680423e-02 -5.833001617209165705e-03 -5.797001940283789736e+03
-1.687295670989941501e-02 2.220375336372047356e-02 -1.551154221634192670e-02 -9.718739388829705089e-03 1.054705090998248745e-02 -5.804500666727064814e-03 -5.803826559908440686e+03
-1.689268335242159400e-02 2.221218886840534493e-02 -1.550143813758295130e-02 -9.701219420047571887e-03 1.051932747019304788e-02 -5.775920609652075710e-03 -5.810649643013280183e+03
-1.691240516397766666e-02 2.222056160148019877e-02 -1.549124526408129400e-02 -9.683622000679303204e-03 1.049150292724391510e-02 -5.747283243540978782e-03 -5.817471188564421936e+03
-1.693212214109878280e-02 2.222887149467931214e-02 -1.548096354480624909e-02 -9.665946978079686600e-03 1.046357607919194688e-02 -5.718587266578357281e-03 -5.824291195516822881e+03
-1.695183428025449565e-02 2.223711847959362192e-02 -1.547059292765382010e-02 -9.648194452557514594e-03 1.043555173656826075e-02 -5.689824079313852805e-03 -5.831109662813767500e+03
-1.697154157790582360e-02 2.224530248775601418e-02 -1.546013334822225402e-02 -9.630364533997284524e-03 1.040742750280337220e-02 -5.660989515625088585e-03 -5.837926589403276921e+03
-1.699124403050043808e-02 2.225342345078507728e-02 -1.544958474953162658e-02 -9.612456791563851050e-03 1.037919887255122839e-02 -5.632074705949996311e-03 -5.844741974231212225e+03
-1.701094163450905805e-02 2.226148129991977614e-02 -1.543894704931970431e-02 -9.594471208226384301e-03 1.035086734689121685e-02 -5.603117616453641078e-03 -5.851555816252668592e+03
-1.703063438637259300e-02 2.226947596663553935e-02 -1.542822017126605459e-02 -9.576407773624624753e-03 1.032243841863753238e-02 -5.574093896474912983e-03 -5.858368114408667680e+03
-1.705032228252814294e-02 2.227740738293156400e-02 -1.541740402967597783e-02 -9.558266296416885119e-03 1.029390845646190912e-02 -5.544984283386836764e-03 -5.865178867633481786e+03
-1.707000531942278951e-02 2.228527548135539327e-02 -1.540649853138365520e-02 -9.540046604650641998e-03 1.026527785161070357e-02 -5.515838399203058101e-03 -5.871988074862295434e+03
-1.708968349351726312e-02 2.229308019421316969e-02 -1.539550358753236439e-02 -9.521748981310992552e-03 1.023654836727715817e-02 -5.486600238749782428e-03 -5.878795735037356280e+03
-1.710935680128937084e-02 2.230082145312658679e-02 -1.538441915485717036e-02 -9.503373442668602150e-03 1.020771993804064567e-02 -5.457309449869287253e-03 -5.885601847104519038e+03
-1.712902523919548198e-02 2.230849918946686827e-02 -1.537324518139034785e-02 -9.484919882092286009e-03 1.017879101339492533e-02 -5.427977778240881089e-03 -5.892406409999121024e+03
-1.714868880366398132e-02 2.231611333379579509e-02 -1.536198162210740577e-02 -9.466388689656053679e-03 1.014976128391804899e-02 -5.398558148566639375e-03 -5.899209422644345977e+03
-1.716834749117263428e-02 2.232366381552850290e-02 -1.535062841136737577e-02 -9.447779990900977490e-03 1.012063538940704589e-02 -5.369084449815866508e-03 -5.906010883978114180e+03
-1.718800129816790839e-02 2.233115056389979244e-02 -1.533918552550935822e-02 -9.429093983882978064e-03 1.009141077469390829e-02 -5.339533365036680176e-03 -5.912810792928962655e+03
-1.720765022111097470e-02 2.233857350813377163e-02 -1.532765292375956601e-02 -9.410330422617213531e-03 1.006208531241658925e-02 -5.309935295432369542e-03 -5.919609148433783957e+03
-1.722729425641996229e-02 2.234593257744863642e-02 -1.531603056772608100e-02 -9.391489350914777531e-03 1.003265694345683093e-02 -5.280266349303257799e-03 -5.926405949418390264e+03
-1.724693340048217075e-02 2.235322770130421591e-02 -1.530431841617289207e-02 -9.372570767953105828e-03 1.000313249063259496e-02 -5.250542706116155534e-03 -5.933201194796731215e+03
-1.726656764979607114e-02 2.236045880874656597e-02 -1.529251644312869945e-02 -9.353574576758340656e-03 9.973502872989361764e-03 -5.220735251522392976e-03 -5.939994883522290365e+03
-1.728619700068801876e-02 2.236762582963228510e-02 -1.528062457800729960e-02 -9.334501072587344378e-03 9.943775724881824887e-03 -5.190877055242819858e-03 -5.946787014491945229e+03
-1.730582144955230758e-02 2.237472869344678261e-02 -1.526864275957095715e-02 -9.315349807524244199e-03 9.913946098129162651e-03 -5.160964929530166903e-03 -5.953577586630175574e+03
-1.732544099275190597e-02 2.238176732970820551e-02 -1.525657088848477068e-02 -9.296121271229711505e-03 9.884020550841145572e-03 -5.130987421749904145e-03 -5.960366598849234833e+03
-1.734505562670369400e-02 2.238874166753095432e-02 -1.524440890158940999e-02 -9.276815106789142520e-03 9.853991564151920804e-03 -5.100934882118587921e-03 -5.967154050084105620e+03
-1.736466534768520489e-02 2.239565163722759267e-02 -1.523215666737056870e-02 -9.257431106172268886e-03 9.823866372288743778e-03 -5.070821952708205391e-03 -5.973939939222522298e+03
-1.738427015207967899e-02 2.240249716878154468e-02 -1.521981409048069403e-02 -9.237969592019586521e-03 9.793638413777921992e-03 -5.040650929561304484e-03 -5.980724265191223822e+03
-1.740387003624698295e-02 2.240927819190693601e-02 -1.520738107430497608e-02 -9.218430382305818627e-03 9.763315042853378672e-03 -5.010403883324522981e-03 -5.987507026904469967e+03
-1.742346499653273095e-02 2.241599463613298815e-02 -1.519485756310223756e-02 -9.198813453499325027e-03 9.732892754185694731e-03 -4.980125701363169108e-03 -5.994288223266065870e+03
-1.744305502926142559e-02 2.242264643058264340e-02 -1.518224352860498248e-02 -9.179118670994256685e-03 9.702373026637421682e-03 -4.949779950727889281e-03 -6.001067853174370612e+03
-1.746264013083090316e-02 2.242923350338057661e-02 -1.516953892197336895e-02 -9.159346633716028072e-03 9.671757259952010882e-03 -4.919360122738705710e-03 -6.007845915557250919e+03
-1.748222029754448528e-02 2.243575578185297639e-02 -1.515674372398505103e-02 -9.139497000035700508e-03 9.641039946448243247e-03 -4.888890857019822199e-03 -6.014622409307706221e+03
-1.750179552573774902e-02 2.244221319203654197e-02 -1.514385788636862622e-02 -9.119570198089031743e-03 9.610226747049886720e-03 -4.858353825675757950e-03 -6.021397333326801345e+03
-1.752136581180017624e-02 2.244860566039484293e-02 -1.513088139340342322e-02 -9.099565739265621372e-03 9.579311889926063472e-03 -4.827763369110227298e-03 -6.028170686531708270e+03
-1.754093115201749153e-02 2.245493311446219650e-02 -1.511781418690619737e-02 -9.079483908448097301e-03 9.548300046690659168e-03 -4.797088639585779871e-03 -6.034942467804089574e+03
-1.756049154276896965e-02 2.246119548150082162e-02 -1.510465623161998637e-02 -9.059324764347448725e-03 9.517184177086411220e-03 -4.766394345498100801e-03 -6.041712676057802128e+03
-1.758004698036214064e-02 2.246739268924990290e-02 -1.509140747167665372e-02 -9.039088276005696407e-03 9.485971907627113384e-03 -4.735629727413772326e-03 -6.048481310176479383e+03
-1.759959746112707210e-02 2.247352466532079318e-02 -1.507806783385650697e-02 -9.018774531567469097e-03 9.454658896856885097e-03 -4.704785273490086003e-03 -6.055248369054316754e+03
-1.761914298138033200e-02 2.247959133703597567e-02 -1.506463727428652283e-02 -8.998383799283216425e-03 9.423249558068754264e-03 -4.673878575039100772e-03 -6.062013851589592377e+03
-1.763868353737650663e-02 2.248559263165827993e-02 -1.505111569366942431e-02 -8.977915637272737559e-03 9.391739734266860498e-03 -4.642922071885454034e-03 -6.068777756666172536e+03
-1.765821912538933364e-02 2.249152847657018631e-02 -1.503750301337935039e-02 -8.957370645766678935e-03 9.360133099511192337e-03 -4.611907982910726060e-03 -6.075540083176309963e+03
-1.767774974165784926e-02 2.249739879909112492e-02 -1.502379911893413772e-02 -8.936748247611751850e-03 9.328428067585464722e-03 -4.580820910459050370e-03 -6.082300829997701840e+03
-1.769727538242446552e-02 2.250320352664335333e-02 -1.501000389790111723e-02 -8.916048524910203180e-03 9.296625764814625895e-03 -4.549694967628769605e-03 -6.089059996013517775e+03
-1.771679604395306334e-02 2.250894258605225240e-02 -1.499611726710778359e-02 -8.895271458413671339e-03 9.264726544227422714e-03 -4.518478612011015035e-03 -6.095817580120188723e+03
-1.773631172242064874e-02 2.251461590401290444e-02 -1.498213917799117063e-02 -8.874416820244696372e-03 9.232728354528894898e-03 -4.487222921742876382e-03 -6.102573581180106885e+03
-1.775582241412080806e-02 2.252022340640551235e-02 -1.496806958807346544e-02 -8.853484788486675264e-03 9.200636566890288068e-03 -4.455906870111637184e-03 -6.109327998094900977e+03
-1.777532811524991374e-02 2.252576501916034313e-02 -1.495390846812360078e-02 -8.832475365618380411e-03 9.168443049004597334e-03 -4.424539109855236789e-03 -6.116080829726188313e+03
-1.779482882206986916e-02 2.253124066740089596e-02 -1.493965580515735185e-02 -8.811388404160227714e-03 9.136153466533607909e-03 -4.393118077546196570e-03 -6.122832074955723328e+03
-1.781432453085697934e-02 2.253665027570494681e-02 -1.492531156045651813e-02 -8.790224148468927384e-03 9.103768202896362835e-03 -4.361636259664565356e-03 -6.129581732666571043e+03
-1.783381523782211556e-02 2.254199376869727919e-02 -1.491087566544289054e-02 -8.768982597665708409e-03 9.071285793941117823e-03 -4.330111337753158977e-03 -6.136329801713767665e+03
-1.785330093923305841e-02 2.254727107132040165e-02 -1.489634807723945985e-02 -8.747664517694854480e-03 9.038702250851413447e-03 -4.298524538474859068e-03 -6.143076280975693408e+03
-1.787278163133401016e-02 2.255248210901199604e-02 -1.488172872358756171e-02 -8.726268900449240043e-03 9.006023599944595892e-03 -4.266856618589040528e-03 -6.149821169326647578e+03
-1.789225731033781963e-02 2.255762680707910917e-02 -1.486701756140101915e-02 -8.704796662220347023e-03 8.973243353184546384e-03 -4.235146732579871294e-03 -6.156564465628423022e+03
-1.791172797243060014e-02 2.256270509099460309e-02 -1.485221453048353284e-02 -8.683247567326961291e-03 8.940367409231257667e-03 -4.203391146053076649e-03 -6.163306168730743593e+03
-1.793119361391585023e-02 2.256771688541454185e-02 -1.483731956692364504e-02 -8.661621642153496600e-03 8.907393583392627170e-03 -4.171552084761099427e-03 -6.170046277527395432e+03
-1.795065423090169004e-02 2.257266211534103909e-02 -1.482233261986658397e-02 -8.639918870648783875e-03 8.874323016868227235e-03 -4.139665440341775034e-03 -6.176784790853116647e+03
-1.797010981954557871e-02 2.257754070537255214e-02 -1.480725360775596647e-02 -8.618139349618209738e-03 8.841157985527758889e-03 -4.107734601050949501e-03 -6.183521707571131628e+03
-1.798956037597780611e-02 2.258235258024465786e-02 -1.479208241055749579e-02 -8.596283311821054790e-03 8.807894358646033151e-03 -4.075719353013287222e-03 -6.190257026536191006e+03
-1.800900589638450983e-02 2.258709766380179174e-02 -1.477681895164390143e-02 -8.574349666509420778e-03 8.774534941744389568e-03 -4.043666964241680005e-03 -6.196990746622226652e+03
-1.802844637683649262e-02 2.259177588048152940e-02 -1.476146314300683278e-02 -8.552339165988728786e-03 8.741081802587346780e-03 -4.011550470269213339e-03 -6.203722866659823922e+03
-1.804788181348422962e-02 2.259638715386756008e-02 -1.474601491101211297e-02 -8.530250985707123201e-03 8.707528314789145241e-03 -3.979391022223672213e-03 -6.210453385509113104e+03
-1.806731220247178790e-02 2.260093140745328064e-02 -1.473047423276773946e-02 -8.508086089803483867e-03 8.673877126090377698e-03 -3.947172355335255671e-03 -6.217182302022572003e+03
-1.808673753992067618e-02 2.260540856481567384e-02 -1.471484103957581765e-02 -8.485843681758937357e-03 8.640130421393960730e-03 -3.914884142336186659e-03 -6.223909615039755408e+03
-1.810615782200925353e-02 2.260981854933634058e-02 -1.469911529599778229e-02 -8.463524027564455973e-03 8.606288640132613715e-03 -3.882581769929454359e-03 -6.230635323416337997e+03
-1.812557304484625417e-02 2.261416128417629082e-02 -1.468329694967663614e-02 -8.441127920913485752e-03 8.572350075099171088e-03 -3.850212334612114918e-03 -6.237359425983925576e+03
-1.814498320460743511e-02 2.261843669162954401e-02 -1.466738596599894903e-02 -8.418654949105918231e-03 8.538317340582872797e-03 -3.817756046256416073e-03 -6.244081921596280154e+03
-1.816438829742560157e-02 2.262264469425115040e-02 -1.465138227490465038e-02 -8.396105217294993692e-03 8.504187885527300650e-03 -3.785272078396425752e-03 -6.250802809093925134e+03
-1.818378831939183524e-02 2.262678521503137113e-02 -1.463528581351365189e-02 -8.373478968085658683e-03 8.469966716961282657e-03 -3.752728584686597195e-03 -6.257522087304305387e+03
-1.820318326662205555e-02 2.263085817655867762e-02 -1.461909654148467810e-02 -8.350776062139230252e-03 8.435639799832972408e-03 -3.720142965425938912e-03 -6.264239755066133512e+03
-1.822257313521696148e-02 2.263486350114383636e-02 -1.460281441654604460e-02 -8.327996627568652263e-03 8.401221318077189970e-03 -3.687474089293630696e-03 -6.270955811210606043e+03
-1.824195792130654803e-02 2.263880111090987510e-02 -1.458643939188981019e-02 -8.305141025585159251e-03 8.366705854251336658e-03 -3.654768151179290520e-03 -6.277670254581110385e+03
-1.826133762096646129e-02 2.264267092781903704e-02 -1.456997140420045536e-02 -8.282208697441464929e-03 8.332098911588764131e-03 -3.621995254372512452e-03 -6.284383084007866273e+03
-1.828071223022417063e-02 2.264647287409154996e-02 -1.455341038810487736e-02 -8.259199821903448133e-03 8.297393568682146642e-03 -3.589203920404451017e-03 -6.291094298306794371e+03
-1.830008174514765121e-02 2.265020687144301756e-02 -1.453675625067257261e-02 -8.236114691254367223e-03 8.262591605104169581e-03 -3.556333277785223273e-03 -6.297803896313788755e+03
-1.831944616175844656e-02 2.265387284130201268e-02 -1.452000889909790121e-02 -8.212952922144826570e-03 8.227698031932724129e-03 -3.523413993946842779e-03 -6.304511876845557708e+03
-1.833880547611545231e-02 2.265747070499682381e-02 -1.450316825629885398e-02 -8.189713815486859838e-03 8.192701991494291333e-03 -3.490450812219314351e-03 -6.311218238732818463e+03
-1.835815968423220104e-02 2.266100038428327940e-02 -1.448623421143533166e-02 -8.166398222377961591e-03 8.157618139821099304e-03 -3.457407376820204395e-03 -6.317922980792589442e+03
-1.837750878208658373e-02 2.266446180042774178e-02 -1.446920671258917351e-02 -8.143006003483966096e-03 8.122434920693545266e-03 -3.424335905094968296e-03 -6.324626101829064282e+03
-1.839685276579014483e-02 2.266785487360216400e-02 -1.445208568019575208e-02 -8.119537147698155377e-03 8.087159196207125214e-03 -3.391192804709168129e-03 -6.331327600688528946e+03
-1.841619163129504591e-02 2.267117952511162049e-02 -1.443487108053004286e-02 -8.095991490738288845e-03 8.051784700254863841e-03 -3.358011114452582550e-03 -6.338027476158864374e+03
-1.843552537464670724e-02 2.267443567602554083e-02 -1.441756287087053202e-02 -8.072369064267816141e-03 8.016320661888454158e-03 -3.324781879781015144e-03 -6.344725727058945267e+03
-1.845485399185413725e-02 2.267762324683403677e-02 -1.440016100565189548e-02 -8.048670296522343962e-03 7.980763504928774232e-03 -3.291516950795570721e-03 -6.351422352195138046e+03
-1.847417747897484377e-02 2.268074215716642944e-02 -1.438266544267538007e-02 -8.024895356516473233e-03 7.945108253058568229e-03 -3.258196470052850038e-03 -6.358117350392891240e+03
-1.849349583193388158e-02 2.268379232711770221e-02 -1.436507614372797142e-02 -8.001044048427953179e-03 7.909361374142987594e-03 -3.224806289729188757e-03 -6.364810720433428287e+03
-1.851280904677317374e-02 2.268677367616689020e-02 -1.434739305955439262e-02 -7.977116551605729217e-03 7.873518967811913433e-03 -3.191388822669393409e-03 -6.371502461139193656e+03
-1.853211711949912313e-02 2.268968612374501828e-02 -1.432961613230729521e-02 -7.953112867246280027e-03 7.837578275684334295e-03 -3.157893643751329311e-03 -6.378192571312664768e+03
-1.855142004611920470e-02 2.269252958896289529e-02 -1.431174533095882877e-02 -7.929033525354445971e-03 7.801549236574243339e-03 -3.124374642226240145e-03 -6.384881049754645574e+03
-1.857071782256713294e-02 2.269530399134283769e-02 -1.429378060057646428e-02 -7.904877632656440514e-03 7.765421533592020177e-03 -3.090799313244717902e-03 -6.391567895244396823e+03
-1.859001044489331719e-02 2.269800924958252294e-02 -1.427572186331503047e-02 -7.880646059145846039e-03 7.729198347541817865e-03 -3.057165294163733445e-03 -6.398253106609329734e+03
-1.860929790897502059e-02 2.270064528366646725e-02 -1.425756904523181601e-02 -7.856338461648666380e-03 7.692883773914955745e-03 -3.023465059888163359e-03 -6.404936682621634645e+03
-1.862858021075174814e-02 2.270321201256677787e-02 -1.423932202277660569e-02 -7.831955042154517543e-03 7.656477549852499544e-03 -2.989740788483584259e-03 -6.411618622076812244e+03
-1.864785734614528984e-02 2.270570935506043345e-02 -1.422098071178569227e-02 -7.807495089314409401e-03 7.619971768525191091e-03 -2.955953341286793844e-03 -6.418298923766102234e+03
-1.866712931108430173e-02 2.270813722978498247e-02 -1.420254502388433419e-02 -7.782958841641096637e-03 7.583375854381756154e-03 -2.922116529514948591e-03 -6.424977586486836117e+03
-1.868639610142205226e-02 2.271049555487140992e-02 -1.418401487387737671e-02 -7.758346384613924208e-03 7.546686513419318711e-03 -2.888227155387398850e-03 -6.431654609010817694e+03
-1.870565771305563244e-02 2.271278424826308345e-02 -1.416539020776023949e-02 -7.733657440765171441e-03 7.509903893192291895e-03 -2.854315548888364945e-03 -6.438329990124154392e+03
-1.872491414188107856e-02 2.271500322852865530e-02 -1.414667096324032959e-02 -7.708891988729428026e-03 7.473030131647317477e-03 -2.820307974911004118e-03 -6.445003728609391146e+03
-1.874416538377416883e-02 2.271715241450172201e-02 -1.412785709339745704e-02 -7.684050453031639541e-03 7.436063603851655879e-03 -2.786321794435569436e-03 -6.451675823235371354e+03
-1.876341143473279904e-02 2.271923172384112538e-02 -1.410894858403129171e-02 -7.659132749362211091e-03 7.399005576272620933e-03 -2.752253243548593263e-03 -6.458346272810337723e+03
-1.878265229057888425e-02 2.272124107435231563e-02 -1.408994539837581106e-02 -7.634139222990048157e-03 7.361852320660197506e-03 -2.718131087730635623e-03 -6.465015076078644597e+03
-1.880188794723263238e-02 2.272318038267061996e-02 -1.407084747784046429e-02 -7.609069616138850432e-03 7.324603706864756675e-03 -2.684005134232610862e-03 -6.471682231824615883e+03
-1.882111840057598337e-02 2.272504956495965261e-02 -1.405165479026553553e-02 -7.583924510364263571e-03 7.287265583331649713e-03 -2.649769935941165885e-03 -6.478347738818931248e+03
-1.884034364647388382e-02 2.272684853756769957e-02 -1.403236730474680116e-02 -7.558704396410231320e-03 7.249833608817520501e-03 -2.615545625468091318e-03 -6.485011595821055380e+03
-1.885956368090329488e-02 2.272857721631864683e-02 -1.401298494325060005e-02 -7.533408501090287437e-03 7.212306278304971875e-03 -2.581216138464881380e-03 -6.491673801629008267e+03
-1.887877849966600879e-02 2.273023551817167365e-02 -1.399350766525853107e-02 -7.508037223111347497e-03 7.174691534193661929e-03 -2.546879745560831979e-03 -6.498334354981086108e+03
-1.889798809863267592e-02 2.273182335976443869e-02 -1.397393537855749768e-02 -7.482590711878604577e-03 7.136982726110143414e-03 -2.512467641977228321e-03 -6.504993254648340553e+03
-1.891719247361288436e-02 2.273334065789664113e-02 -1.395426801201705806e-02 -7.457069139874965107e-03 7.099177539204637455e-03 -2.478023050470323004e-03 -6.511650499389176730e+03
-1.893639162042733484e-02 2.273478732832175109e-02 -1.393450547948071709e-02 -7.431471570998017355e-03 7.061280723105233317e-03 -2.443523506405664326e-03 -6.518306087969174769e+03
-1.895558553484028713e-02 2.273616328707078055e-02 -1.391464766977202130e-02 -7.405798347041887310e-03 7.023296333344237682e-03 -2.408980481769146514e-03 -6.524960019137586642e+03
-1.897477421265776273e-02 2.273746844979439297e-02 -1.389469450783140624e-02 -7.380048871569655153e-03 6.985217499990888264e-03 -2.374417440276520731e-03 -6.531612291657788774e+03
-1.899395764961928079e-02 2.273870273250335264e-02 -1.387464591481447213e-02 -7.354223533977425654e-03 6.947049874330726155e-03 -2.339780545542564753e-03 -6.538262904267084195e+03
-1.901313584150651423e-02 2.273986605105011299e-02 -1.385450179462844808e-02 -7.328321957796805897e-03 6.908794018746374464e-03 -2.305146235092874092e-03 -6.544911855719213236e+03
-1.903230878412364921e-02 2.274095832139384071e-02 -1.383426208842107770e-02 -7.302344810261406256e-03 6.870444053101012159e-03 -2.270406390559978008e-03 -6.551559144769794329e+03
-1.905147647321303248e-02 2.274197945933718185e-02 -1.381392675481643226e-02 -7.276291695544982556e-03 6.831998931392095110e-03 -2.235661766520988941e-03 -6.558204770146238843e+03
-1.907063890459798072e-02 2.274292937956737259e-02 -1.379349576185682005e-02 -7.250163383459148556e-03 6.793463259896145856e-03 -2.200888193571749578e-03 -6.564848730600292583e+03
-1.908979607408479301e-02 2.274380799595946898e-02 -1.377296910530593360e-02 -7.223959617080271713e-03 6.754840404555382920e-03 -2.166036590170994629e-03 -6.571491024878865574e+03
-1.910894797742605442e-02 2.274461522232474123e-02 -1.375234673015546770e-02 -7.197680753873944744e-03 6.716124561318893675e-03 -2.131154866328989570e-03 -6.578131651715290900e+03
-1.912809461036809461e-02 2.274535097195246741e-02 -1.373162861239171119e-02 -7.171327458646101043e-03 6.677315318213888039e-03 -2.096221872325591644e-03 -6.584770609840312318e+03
-1.914723596870968395e-02 2.274601515767649476e-02 -1.371081470581590571e-02 -7.144899069820087774e-03 6.638418757120275425e-03 -2.061250656800732873e-03 -6.591407898002313232e+03
-1.916637204820056950e-02 2.274660769268621943e-02 -1.368990494738319894e-02 -7.118396236693491988e-03 6.599428564137746131e-03 -2.026242706425034068e-03 -6.598043514931917343e+03
-1.918550284455695226e-02 2.274712849046668650e-02 -1.366889929640673421e-02 -7.091818495424265581e-03 6.560348358031972693e-03 -1.991176045557426205e-03 -6.604677459352745245e+03
-1.920462835354928496e-02 2.274757746434173319e-02 -1.364779763970742563e-02 -7.065165508564091000e-03 6.521176944135673344e-03 -1.956080440587897561e-03 -6.611309730012532782e+03
-1.922374857082112878e-02 2.274795452846458885e-02 -1.362659992871472457e-02 -7.038437672297644457e-03 6.481916306052360431e-03 -1.920910988736520891e-03 -6.617940325613692039e+03
-1.924286349212265754e-02 2.274825959609455550e-02 -1.360530606545424029e-02 -7.011634547660508185e-03 6.442568892528035933e-03 -1.885735199342702863e-03 -6.624569244898291799e+03
-1.926197311308526158e-02 2.274849258128823493e-02 -1.358391595383685348e-02 -6.984755808237750642e-03 6.403128814714376810e-03 -1.850526207016129406e-03 -6.631196486572445792e+03
-1.928107742937380104e-02 2.274865339774000822e-02 -1.356242947912106485e-02 -6.957802350036612453e-03 6.363603670004255863e-03 -1.815244302140741825e-03 -6.637822049355059789e+03
-1.930017643664236685e-02 2.274874195894034321e-02 -1.354084656340174588e-02 -6.930772960750119192e-03 6.323981761035843072e-03 -1.779968454607536122e-03 -6.644445931962847681e+03
-1.931927013055546524e-02 2.274875817759301408e-02 -1.351916710693858506e-02 -6.903668579995509910e-03 6.284276596713706323e-03 -1.744610204895637303e-03 -6.651068133117148136e+03
-1.933835850673919221e-02 2.274870196578854947e-02 -1.349739105706317978e-02 -6.876488969335689885e-03 6.244477718349055601e-03 -1.709237439418354303e-03 -6.657688651519291852e+03
-1.935744156085988238e-02 2.274857323505224266e-02 -1.347551837928975121e-02 -6.849234689058663478e-03 6.204591419675650754e-03 -1.673800994929999742e-03 -6.664307485879033266e+03
-1.937651928858603878e-02 2.274837189673748622e-02 -1.345354905970845560e-02 -6.821905712841453903e-03 6.164615100371473311e-03 -1.638324971733830368e-03 -6.670924634904682534e+03
-1.939559168557050683e-02 2.274809786186023433e-02 -1.343148308105975020e-02 -6.794501714554321628e-03 6.124551416544826189e-03 -1.602827964595737080e-03 -6.677540097303226503e+03
-1.941465874746878609e-02 2.274775104069004170e-02 -1.340932042728202982e-02 -6.767023568084788894e-03 6.084392326597201639e-03 -1.567281844260400101e-03 -6.684153871787237222e+03
-1.943372046988228741e-02 2.274733134297195203e-02 -1.338706106319929867e-02 -6.739471223058545075e-03 6.044147463166568181e-03 -1.531717411911316835e-03 -6.690765957051989972e+03
-1.945277684843726637e-02 2.274683867860720354e-02 -1.336470495796044690e-02 -6.711844741081844992e-03 6.003814839161306961e-03 -1.496091202351052538e-03 -6.697376351793627691e+03
-1.947182787877388757e-02 2.274627295780371622e-02 -1.334225203286493015e-02 -6.684143495279910863e-03 5.963391786201499914e-03 -1.460420604289369229e-03 -6.703985054707518429e+03
-1.949087355656806478e-02 2.274563409122599966e-02 -1.331970221179778341e-02 -6.656368118018796305e-03 5.922885508172550176e-03 -1.424713658477697259e-03 -6.710592064504335212e+03
-1.950991387735582713e-02 2.274492199046857996e-02 -1.329705540803395071e-02 -6.628518498093640028e-03 5.882283289656264555e-03 -1.388986186356358987e-03 -6.717197379849821118e+03
-1.952894883680580257e-02 2.274413656654557248e-02 -1.327431151507251807e-02 -6.600594575333022102e-03 5.841600930384552130e-03 -1.353194228376024743e-03 -6.723800999461880565e+03
-1.954797843041946107e-02 2.274327773112549272e-02 -1.325147045692954238e-02 -6.572596165504596133e-03 5.800825827070314918e-03 -1.317384154318758296e-03 -6.730402922003315325e+03
-1.956700265377273040e-02 2.274234539518551340e-02 -1.322853213839140195e-02 -6.544523383086301403e-03 5.759966165615499657e-03 -1.281536109947145141e-03 -6.737003146170193759e+03
-1.958602150237777340e-02 2.274133946945870732e-02 -1.320549645152324821e-02 -6.516376181353817319e-03 5.719022569343971962e-03 -1.245628495142770461e-03 -6.743601670638620817e+03
-1.960503497172837520e-02 2.274025986375235661e-02 -1.318236330691200178e-02 -6.488154399074953088e-03 5.677987131556380164e-03 -1.209710238209645494e-03 -6.750198494081878380e+03
-1.962404305733055077e-02 2.273910648625135367e-02 -1.315913264834917169e-02 -6.459857824207279088e-03 5.636864620032081344e-03 -1.173755331261740545e-03 -6.756793615178016807e+03
-1.964304575471399750e-02 2.273787924463552615e-02 -1.313580441782848454e-02 -6.431487142448156190e-03 5.595655783408319713e-03 -1.137747037547465071e-03 -6.763387032608724439e+03
-1.966204305937164359e-02 2.273657804674958371e-02 -1.311237860237495986e-02 -6.403042188180424650e-03 5.554354394683034581e-03 -1.101715870196115325e-03 -6.769978745040977628e+03
-1.968103496682316669e-02 2.273520280078947589e-02 -1.308885516924658370e-02 -6.374522767156124738e-03 5.512970718048997715e-03 -1.065654023409149916e-03 -6.776568751144303860e+03
-1.970002147261769310e-02 2.273375341426071838e-02 -1.306523413251738271e-02 -6.345929236987246820e-03 5.471494555893984847e-03 -1.029567780016529344e-03 -6.783157049592632575e+03
-1.971900257229504405e-02 2.273222979445021358e-02 -1.304151546300050257e-02 -6.317261662569443117e-03 5.429937001493117393e-03 -9.934277176862954441e-04 -6.789743639056133361e+03
-1.973797826133564734e-02 2.273063184877463852e-02 -1.301769912899735857e-02 -6.288521093778943853e-03 5.388286774554348554e-03 -9.572458594576585935e-04 -6.796328518185003304e+03
-1.975694853531179129e-02 2.272895948435673524e-02 -1.299378503936461302e-02 -6.259706611772853160e-03 5.346553968970122438e-03 -9.210483760312691056e-04 -6.802911685663118078e+03
-1.977591338965093912e-02 2.272721260920858993e-02 -1.296977312902727712e-02 -6.230819000990982758e-03 5.304735015398936993e-03 -8.848019043482616966e-04 -6.809493140120481257e+03
-1.979487281991768391e-02 2.272539113121041857e-02 -1.294566330164166092e-02 -6.201857971307168232e-03 5.262830796406820291e-03 -8.485215291996263702e-04 -6.816072880236763922e+03
-1.981382682154229219e-02 2.272349495926221860e-02 -1.292145545571610904e-02 -6.172823760874122413e-03 5.220840419122153679e-03 -8.122003368963134819e-04 -6.822650904649308359e+03
-1.983277703077453158e-02 2.272154652737767497e-02 -1.289642077494646509e-02 -6.143792408213075672e-03 5.054727174473236384e-03 -3.032121642760361572e-04 -6.829227154261115174e+03
-1.985172016143342544e-02 2.271950069203029082e-02 -1.287201665752450708e-02 -6.114611082920960727e-03 5.012566855094275318e-03 -2.668397691309919661e-04 -6.835801743221489232e+03
-1.987065784972225080e-02 2.271737988590935911e-02 -1.284751426790411467e-02 -6.085356134123001866e-03 4.970326555464638432e-03 -2.304061117133384253e-04 -6.842374612437860378e+03
-1.988959009096865488e-02 2.271518401534338219e-02 -1.282291355685206274e-02 -6.056027148604294953e-03 4.927995420287973813e-03 -1.939558368522078873e-04 -6.848945760539822004e+03
-1.990851688053534019e-02 2.271291298551361693e-02 -1.279821445157999435e-02 -6.026624384018869178e-03 4.885578713562009623e-03 -1.574876849718997215e-04 -6.855515186168865512e+03
-1.992743821380786248e-02 2.271056670093484983e-02 -1.277341688150916872e-02 -5.997147532669754207e-03 4.843073874756589035e-03 -1.209804901484827115e-04 -6.862082887962627865e+03
-1.994635408617546554e-02 2.270814506605994473e-02 -1.274852077836698822e-02 -5.967596904526724713e-03 4.800486848578065097e-03 -8.446205505056331587e-05 -6.868648864554224019e+03
-1.996526449308235959e-02 2.270564798547902371e-02 -1.272352613619595618e-02 -5.937972653338605133e-03 4.757812896118067056e-03 -4.788545466736318656e-05 -6.875213114593836508e+03
-1.998416942989008835e-02 2.270307536455006686e-02 -1.269843291136377519e-02 -5.908274474723527667e-03 4.715053157737264522e-03 -1.131350927202536857e-05 -6.881775636697562732e+03
-2.000306889200641550e-02 2.270042710799476116e-02 -1.267324107956723823e-02 -5.878503736823718559e-03 4.672211329291740475e-03 2.532473562960213491e-05 -6.888336429495824632e+03
-2.002196459484059665e-02 2.269770643203763288e-02 -1.264778344025682330e-02 -5.846243506889108911e-03 4.515728715764506795e-03 6.517331654754033882e-04 -6.894895433863083781e+03
-2.004085309377367369e-02 2.269490661789403188e-02 -1.262239430005225940e-02 -5.816327493220259381e-03 4.472719470305178482e-03 6.884270184065973460e-04 -6.901452763934465111e+03
-2.005973610414994376e-02 2.269203088191394657e-02 -1.259690640407800516e-02 -5.786339027766620319e-03 4.429627227710554623e-03 7.251408687184139222e-04 -6.908008360566663214e+03
-2.007861362137088393e-02 2.268907912852905981e-02 -1.257131966495007511e-02 -5.756278378373498421e-03 4.386447203226131152e-03 7.619140187568052827e-04 -6.914562222396163634e+03
-2.009748564071540261e-02 2.268605126285264117e-02 -1.254563400152994973e-02 -5.726145220855501615e-03 4.343189100440244567e-03 7.987129842363212750e-04 -6.921114348023234015e+03
-2.011635215749600289e-02 2.268294718932072421e-02 -1.251984934455996346e-02 -5.695939589350849930e-03 4.299846570129536860e-03 8.355229330385191685e-04 -6.927664736068486491e+03
-2.013521316701958122e-02 2.267976681173161646e-02 -1.249396561488184780e-02 -5.665660988424492742e-03 4.256419530452900356e-03 8.723759053878192907e-04 -6.934213385157708217e+03
-2.015406866448014173e-02 2.267651003407150645e-02 -1.246798275628431540e-02 -5.635309495360418287e-03 4.212909581598037016e-03 9.092438946725253093e-04 -6.940760293873740011e+03
-2.017291864517087308e-02 2.267317675929000215e-02 -1.244190069235407391e-02 -5.604884941478024962e-03 4.169317648095772870e-03 9.461436908028604282e-04 -6.947305460831972596e+03
-2.019176310437231781e-02 2.266976689002765666e-02 -1.241571936105931133e-02 -5.574387082688760445e-03 4.125640793841943432e-03 9.830658038701102150e-04 -6.953848884641491168e+03
-2.021060203732002319e-02 2.266628032826118258e-02 -1.238943866732299288e-02 -5.543815990409622051e-03 4.081881708065625974e-03 1.019990825797220668e-03 -6.960390563895280138e+03
-2.022943543921324264e-02 2.266271697557400641e-02 -1.236305852735314868e-02 -5.513171791844254967e-03 4.038039956203875840e-03 1.056974721313219678e-03 -6.966930497175522760e+03
-2.024826330539656813e-02 2.265907673281481252e-02 -1.233657887488550341e-02 -5.482454608531030574e-03 3.994116174540774875e-03 1.093966347984855810e-03 -6.973468683109276753e+03
-2.026708563107147351e-02 2.265535950207191868e-02 -1.230999968241097177e-02 -5.451665007333321954e-03 3.950107919264113192e-03 1.131014669244813278e-03 -6.980005120266073391e+03
-2.028590241150817278e-02 2.265156518518805437e-02 -1.228332090282882073e-02 -5.420803377478703756e-03 3.906020302881273078e-03 1.168050081416305893e-03 -6.986539807236214983e+03
-2.030471364199875478e-02 2.264769368330249444e-02 -1.225654253190573348e-02 -5.389869987507473620e-03 3.861853131169394517e-03 1.205164961312187293e-03 -6.993072742617246149e+03
-2.032351931777502327e-02 2.264374489755411474e-02 -1.222966454756308115e-02 -5.358865090113650899e-03 3.817598562528017828e-03 1.242269433147496441e-03 -6.999603924996260503e+03
-2.034231943400644990e-02 2.263971872917892175e-02 -1.220268690514234380e-02 -5.327788537162022296e-03 3.773265901292721484e-03 1.279422269889782075e-03 -7.006133352950556400e+03
-2.036111567338998521e-02 2.263562606853779247e-02 -1.217526561515602790e-02 -5.294981521927163634e-03 3.608309867784248188e-03 1.869153535866559593e-03 -7.012660967310498563e+03
-2.037990465609125848e-02 2.263144483795894585e-02 -1.214808844030924526e-02 -5.263762172626812105e-03 3.563814403366705706e-03 1.906331736890006954e-03 -7.019186882158548542e+03
-2.039868806478683377e-02 2.262718592731402176e-02 -1.212081138661614058e-02 -5.232470960515284847e-03 3.519238038590642888e-03 1.943544505970879301e-03 -7.025711038308203570e+03
-2.041746589474538465e-02 2.262284923677609222e-02 -1.209343438853345033e-02 -5.201107737593075112e-03 3.474580713887130950e-03 1.980802179026721656e-03 -7.032233434363778542e+03
-2.043623814102601272e-02 2.261843466747642112e-02 -1.206595736999701261e-02 -5.169672370416252515e-03 3.429842412421591023e-03 2.018048981031690062e-03 -7.038754068857145285e+03
-2.045500479879597266e-02 2.261394211927945583e-02 -1.203838026634953227e-02 -5.138164856390305645e-03 3.385029457155274042e-03 2.055329265590395867e-03 -7.045272940367935007e+03
-2.047376586317151831e-02 2.260937149188874465e-02 -1.201070298006656593e-02 -5.106585020621038154e-03 3.340130715484964426e-03 2.092636950655329345e-03 -7.051790047460132882e+03
-2.049252132923322367e-02 2.260472268464199658e-02 -1.198292542071097838e-02 -5.074933316625352894e-03 3.295151662170467833e-03 2.129973409955828248e-03 -7.058305388679215866e+03
-2.051127119216799785e-02 2.259999559561817750e-02 -1.195504747519336372e-02 -5.043209781360383399e-03 3.250097254968237464e-03 2.167327250488180253e-03 -7.064818962612398536e+03
-2.053001544698536407e-02 2.259519012296590246e-02 -1.192706909762553460e-02 -5.011414185885288558e-03 3.204963548783825149e-03 2.204690768123299810e-03 -7.071330767784255841e+03
-2.054875408882272936e-02 2.259030616403831515e-02 -1.189899021859716285e-02 -4.979547276983927948e-03 3.159746427621735933e-03 2.242090285165070779e-03 -7.077840802760277256e+03
-2.056748711277631841e-02 2.258534361625668535e-02 -1.187081083986321270e-02 -4.947609083774629109e-03 3.114455107973684595e-03 2.279506674629419322e-03 -7.084349066090293491e+03
-2.058621451390109727e-02 2.258030237770263307e-02 -1.184253094022092410e-02 -4.915599949589362534e-03 3.069074873604264644e-03 2.316959055124334296e-03 -7.090855556310723841e+03
-2.060493628737637695e-02 2.257518234553875999e-02 -1.181415050471639958e-02 -4.883520054139139054e-03 3.023625543712599954e-03 2.354423524950033115e-03 -7.097360272005648767e+03
-2.062365242816543640e-02 2.256998341808593572e-02 -1.178566952416327043e-02 -4.851369412606516135e-03 2.978089066208097335e-03 2.391917593163775824e-03 -7.103863211684339149e+03
-2.064236293135090702e-02 2.256470549292551031e-02 -1.175708793595716013e-02 -4.819147993732382160e-03 2.932477092978559054e-03 2.429385587504988720e-03 -7.110364373893858101e+03
-2.066106779200091795e-02 2.255934846755085904e-02 -1.172840566780209391e-02 -4.786856430778581133e-03 2.886787383689159905e-03 2.466936862957588936e-03 -7.116863757166479445e+03
-2.067976700522952335e-02 2.255391223871659051e-02 -1.169962266391797422e-02 -4.754493516091952421e-03 2.841017602981612926e-03 2.504473804414237160e-03 -7.123361360053811040e+03
-2.069846056598935793e-02 2.254839670402813273e-02 -1.167073882272264343e-02 -4.722060025322110874e-03 2.795172630285077450e-03 2.542071166797490230e-03 -7.129857181055903311e+03
-2.071714846940314603e-02 2.254280176002059974e-02 -1.164175405612133223e-02 -4.689555296636112140e-03 2.749246336014298311e-03 2.579649294584468629e-03 -7.136351218737147974e+03
-2.073583071038598638e-02 2.253712730392550337e-02 -1.161266826143675379e-02 -4.656980040793161184e-03 2.703250727133682182e-03 2.617258163826117513e-03 -7.142843471592635979e+03
-2.075450728397140732e-02 2.253137323126173583e-02 -1.158348136917335298e-02 -4.624334062999912488e-03 2.657177052603256970e-03 2.654876498903760776e-03 -7.149333938169431349e+03
-2.077317818503175359e-02 2.252553943786426635e-02 -1.155419329164758535e-02 -4.591616995070040876e-03 2.611025072281411650e-03 2.692526462186080414e-03 -7.155822616959974766e+03
-2.079184340855397273e-02 2.251962581852021139e-02 -1.152480394618052295e-02 -4.558829142455486129e-03 2.564800093253468208e-03 2.730175253666636357e-03 -7.162309506497296752e+03
-2.081050294942974124e-02 2.251363226752942440e-02 -1.149531328340790831e-02 -4.525970605596576178e-03 2.518494729290526434e-03 2.767837355907267188e-03 -7.168794605283852434e+03
-2.082915680260735355e-02 2.250755867787835804e-02 -1.146572124915390400e-02 -4.493041456887166690e-03 2.472111424280469625e-03 2.805510483786197509e-03 -7.175277911837372812e+03
-2.084780496300850383e-02 2.250140494354125817e-02 -1.143602782155471280e-02 -4.460041790649533350e-03 2.425650459447009633e-03 2.843234313601656401e-03 -7.181759424658664102e+03
-2.086644742564744762e-02 2.249517095799684341e-02 -1.140623297053134158e-02 -4.426972308204952383e-03 2.379115296932009585e-03 2.880951855589290473e-03 -7.188239142278079271e+03
-2.088508418540151179e-02 2.248885661631164212e-02 -1.137633669477964085e-02 -4.393832600219425670e-03 2.332501116635590788e-03 2.918695514923190688e-03 -7.194717063169271569e+03
-2.090371523725672101e-02 2.248246181265577820e-02 -1.134633898046213778e-02 -4.360623497113697532e-03 2.285804996710181190e-03 2.956426488579798426e-03 -7.201193185851008820e+03
-2.092234057614059117e-02 2.247598644173767410e-02 -1.131623975411085933e-02 -4.327344458132131519e-03 2.239037007321966963e-03 2.994223558330568694e-03 -7.207667508822816671e+03
-2.094096019694923969e-02 2.246943039787224761e-02 -1.128603897387631810e-02 -4.293996145698071240e-03 2.192194984204341897e-03 3.032022987331096757e-03 -7.214140030567044050e+03
-2.095957409458763451e-02 2.246279357459295481e-02 -1.125573653515804691e-02 -4.260578071757776045e-03 2.145277257153306583e-03 3.069846559004379017e-03 -7.220610749569947984e+03
-2.097818226394699073e-02 2.245607586472473521e-02 -1.122533234048000809e-02 -4.227090514035076844e-03 2.098292179791270279e-03 3.107656806661565109e-03 -7.227079664325045087e+03
-2.099678469991651808e-02 2.244927716059503392e-02 -1.119482632294963552e-02 -4.193533291110066764e-03 2.051229843445081039e-03 3.145508442120141263e-03 -7.233546773329931966e+03
-2.101538139731874699e-02 2.244239735458773005e-02 -1.116421839633069575e-02 -4.159906767790738646e-03 2.004093381865315170e-03 3.183347255887110545e-03 -7.240012075063101292e+03
-2.103397235094270692e-02 2.243543633865490231e-02 -1.113350848119698359e-02 -4.126210744142111593e-03 1.956887075830273087e-03 3.221203614585108673e-03 -7.246475568000746534e+03
-2.105255755551843980e-02 2.242839400436731981e-02 -1.110269652221400338e-02 -4.092445169558290262e-03 1.909603093477719874e-03 3.259054709044326668e-03 -7.252937250601487904e+03
-2.107113700586021876e-02 2.242127024330011278e-02 -1.107178245826146747e-02 -4.058609752639170953e-03 1.862248397779212939e-03 3.296954438069863748e-03 -7.259397121353545117e+03
-2.108971069676428972e-02 2.241406494624968021e-02 -1.104076620714060028e-02 -4.024704611397134785e-03 1.814818551492370161e-03 3.334819494271660210e-03 -7.265855178731447268e+03
-2.110827862305079961e-02 2.240677800250552229e-02 -1.100964773618374679e-02 -3.990730361279871963e-03 1.767315117622309884e-03 3.372737397684467172e-03 -7.272311421208397405e+03
-2.112684077948195557e-02 2.239940930231514027e-02 -1.097842699206038990e-02 -3.956686531595905373e-03 1.719733981386331557e-03 3.410661692513809913e-03 -7.278765847232121814e+03
-2.114539716085683460e-02 2.239195873644760429e-02 -1.094710396394024329e-02 -3.922573399484954176e-03 1.672081994519250331e-03 3.448579877662972908e-03 -7.285218455264686781e+03
-2.116394776197728228e-02 2.238442619573243961e-02 -1.091567860888964861e-02 -3.888391845844243327e-03 1.624354469160922080e-03 3.486519771442433795e-03 -7.291669243765582905e+03
-2.118249257765975405e-02 2.237681157135854373e-02 -1.088415089007920174e-02 -3.854141240416090845e-03 1.576552315774658970e-03 3.524493111139787114e-03 -7.298118211201963277e+03
-2.120103160264347544e-02 2.236911475437654284e-02 -1.085252074464415628e-02 -3.819822451553952711e-03 1.528678683605879480e-03 3.562460795179606989e-03 -7.304565356022308151e+03
-2.121956483162186838e-02 2.236133563482514686e-02 -1.082078812943653226e-02 -3.785435210439807695e-03 1.480730297508407213e-03 3.600431343688322450e-03 -7.311010676656974283e+03
-2.123809225944176676e-02 2.235347410061526083e-02 -1.078895296778584548e-02 -3.750979627549392431e-03 1.432716899110760998e-03 3.638416393752695165e-03 -7.317454171591070917e+03
-2.125661388073685557e-02 2.234553004054156550e-02 -1.075701518090880528e-02 -3.716456188226914016e-03 1.384632234462074545e-03 3.676440394470361760e-03 -7.323895839238453846e+03
-2.127512969022994291e-02 2.233750334231185755e-02 -1.072497472475481169e-02 -3.681864723539202480e-03 1.336476294454952245e-03 3.714421736955656958e-03 -7.330335678050470051e+03
-2.129363968256509435e-02 2.232939389414578812e-02 -1.069283148485318871e-02 -3.647205147914593919e-03 1.288249356748689392e-03 3.752433419073161053e-03 -7.336773686458110205e+03
-2.131214385243728610e-02 2.232120158357149900e-02 -1.066058543192524750e-02 -3.612477454533027758e-03 1.239958384718243363e-03 3.790477365791955749e-03 -7.343209862914855876e+03
-2.133064219438654541e-02 2.231292629905490266e-02 -1.062823650878457274e-02 -3.577681258206802384e-03 1.191594952240164354e-03 3.828488781284746650e-03 -7.349644205819169656e+03
-2.134913470312276712e-02 2.230456792846390035e-02 -1.059578463720274935e-02 -3.542816683146204383e-03 1.143160065010034735e-03 3.866503225359996590e-03 -7.356076713626072888e+03
-2.136762137327671493e-02 2.229612635980255872e-02 -1.056322974584573797e-02 -3.507883950768479406e-03 1.094655449308138155e-03 3.904540446563465207e-03 -7.362507384750768324e+03
-2.138610219952142427e-02 2.228760147923938145e-02 -1.053057177315896292e-02 -3.472882588918866850e-03 1.046079488804313971e-03 3.942573891608198294e-03 -7.368936217621670949e+03
-2.140457717640492988e-02 2.227899317363177950e-02 -1.049781065630706750e-02 -3.437813477270897349e-03 9.974344516264208906e-04 3.980639822791748154e-03 -7.375363210624601379e+03
-2.142304629866233212e-02 2.227030132870301202e-02 -1.046494636719514683e-02 -3.402676303754200490e-03 9.487103163197442308e-04 4.018682566714732417e-03 -7.381788362220776435e+03
-2.144150956081148154e-02 2.226152583186313122e-02 -1.043197883975006957e-02 -3.367471539851676302e-03 8.999227109674771052e-04 4.056754283527240837e-03 -7.388211670790348762e+03
-2.145996695746462887e-02 2.225266656981034208e-02 -1.039890805124629725e-02 -3.332199472522111815e-03 8.510633629737296250e-04 4.094821545745666765e-03 -7.394633134747795339e+03
-2.147841848323204031e-02 2.224372342846457282e-02 -1.036573396410419602e-02 -3.296860374598300711e-03 8.021321125978690680e-04 4.132902765785822705e-03 -7.401052752506083380e+03
-2.149686413273160443e-02 2.223469629241378240e-02 -1.033245652457081241e-02 -3.261453993630689108e-03 7.531348674597414380e-04 4.170982861921350426e-03 -7.407470522479632564e+03
-2.151530390049698205e-02 2.222558504572103716e-02 -1.029907567807249701e-02 -3.225981207397243204e-03 7.040720372371690001e-04 4.209065083548576593e-03 -7.413886443057364886e+03
-2.153373950380336674e-02 2.221639199292137906e-02 -1.026544002616111041e-02 -3.186675627875604298e-03 5.299892645786708455e-04 4.749906542307938059e-03 -7.420300454887872547e+03
-2.155216749174907603e-02 2.220711217609675631e-02 -1.023185222226410257e-02 -3.151069580020777767e-03 4.807932405336533006e-04 4.787972791659071345e-03 -7.426712671867000608e+03
-2.157058958154429648e-02 2.219774790062774977e-02 -1.019816085648202718e-02 -3.115397205875995723e-03 4.315372566292404941e-04 4.826084588389984754e-03 -7.433123034622792147e+03
-2.158900576777275995e-02 2.218829905038852829e-02 -1.016436587874727272e-02 -3.079657669001086701e-03 3.822098468447939954e-04 4.864194353865095716e-03 -7.439531541577535791e+03
-2.160741604479577554e-02 2.217876551111759922e-02 -1.013046717897870055e-02 -3.043851458027898790e-03 3.328139361226146466e-04 4.902276903958721795e-03 -7.445938191073758389e+03
-2.162582040709851855e-02 2.216914716716891082e-02 -1.009646466809295366e-02 -3.007978236952508957e-03 2.833554259884029183e-04 4.940357357644746539e-03 -7.452342981502270959e+03
-2.164421884915277566e-02 2.215944390206731063e-02 -1.006235828412244127e-02 -2.972038009268954291e-03 2.338311837283475498e-04 4.978442488168789704e-03 -7.458745911239338056e+03
-2.166261136542048035e-02 2.214965559817419147e-02 -1.002814794599158829e-02 -2.936031121635498519e-03 1.842368167973875142e-04 5.016537617013780079e-03 -7.465146978654795930e+03
-2.168099795040965422e-02 2.213978213726423144e-02 -9.993833622282283571e-03 -2.899957327752402791e-03 1.345727653943379820e-04 5.054631260401589582e-03 -7.471546182140484234e+03
-2.169937859850050096e-02 2.212982340180126226e-02 -9.959415263836047735e-03 -2.863816995285151101e-03 8.484269029280322265e-05 5.092715261066244406e-03 -7.477943520045218065e+03
-2.171775330412501967e-02 2.211977927362386229e-02 -9.924892815476720268e-03 -2.827610505074579315e-03 3.504707214912455019e-05 5.130794457975323616e-03 -7.484338990732711864e+03
-2.173612206169686298e-02 2.210964963421057847e-02 -9.890266270388175379e-03 -2.791338203285658251e-03 -1.481283697584187775e-05 5.168899789624585572e-03 -7.490732592561893398e+03
-2.175448486571866444e-02 2.209943436411741791e-02 -9.855535560675726670e-03 -2.755000645171397280e-03 -6.474256652309546883e-05 5.206992363570294227e-03 -7.497124323917959373e+03
-2.177284171051474190e-02 2.208913334414244756e-02 -9.820700690347336503e-03 -2.718597190121178463e-03 -1.147347194168371544e-04 5.245123111174147985e-03 -7.503514183116746608e+03
-2.179119259062324565e-02 2.207874645262163787e-02 -9.785761604723455798e-03 -2.682128714537198276e-03 -1.647914807259069322e-04 5.283210646710933059e-03 -7.509902168555731805e+03
-2.180953750034932831e-02 2.206827357033688472e-02 -9.750718268390698787e-03 -2.645595257721385617e-03 -2.149058301385217966e-04 5.321331571650760907e-03 -7.516288278548860944e+03
-2.182787643412399670e-02 2.205771457733949475e-02 -9.715570618023734381e-03 -2.608997035960911384e-03 -2.650889882450423521e-04 5.359405890469997463e-03 -7.522672511466259493e+03
-2.184620938617823013e-02 2.204706935513763358e-02 -9.680318622974410162e-03 -2.572333675941676761e-03 -3.153300491115548884e-04 5.397511575505444317e-03 -7.529054865621244971e+03
-2.186453635083204783e-02 2.203633778391012737e-02 -9.644962120660021884e-03 -2.535605190840684205e-03 -3.656300982955905604e-04 5.435584414392053906e-03 -7.535435339363940329e+03
-2.188285732234204403e-02 2.202551974398234830e-02 -9.609501059456300454e-03 -2.498811424524490735e-03 -4.159950844148413321e-04 5.473653163376080225e-03 -7.541813931017156392e+03
-2.190117229501865187e-02 2.201461511510204028e-02 -9.573935360827902710e-03 -2.461952122992454219e-03 -4.664211898889365098e-04 5.511704552828456706e-03 -7.548190638919091725e+03
-2.191948126313962228e-02 2.200362377643650530e-02 -9.538264973064017674e-03 -2.425027088862305707e-03 -5.169123187563182294e-04 5.549749533395680577e-03 -7.554565461386828247e+03
-2.193778422104421949e-02 2.199254560596495059e-02 -9.502489804210895175e-03 -2.388037188266363409e-03 -5.674635736495918428e-04 5.587814645299627077e-03 -7.560938396761407603e+03
-2.195608116292874223e-02 2.198138048167307818e-02 -9.466609842571303488e-03 -2.350981967921458079e-03 -6.180780110129985511e-04 5.625856935574902531e-03 -7.567309443338616802e+03
-2.197437208311689427e-02 2.197012827992349607e-02 -9.430625032249529208e-03 -2.313861996794681908e-03 -6.687580795002436105e-04 5.663891532013589324e-03 -7.573678599461048179e+03
-2.199265697587434593e-02 2.195878887743037827e-02 -9.394535353055523050e-03 -2.276677743604296148e-03 -7.195062226604476618e-04 5.701960958927440766e-03 -7.580045863445041505e+03
-2.201093583544688065e-02 2.194736215117942812e-02 -9.358340761003560229e-03 -2.239428532992446524e-03 -7.703108867420806584e-04 5.739987282533437832e-03 -7.586411233592634744e+03
-2.202920865604820685e-02 2.193584797772757389e-02 -9.322041199242870127e-03 -2.202115927628256909e-03 -8.211760483399167723e-04 5.778033882296587480e-03 -7.592774708186493626e+03
-2.204747543206067931e-02 2.192424623176784937e-02 -9.285636674548092620e-03 -2.164739374590617799e-03 -8.721064775691633481e-04 5.816049711202436572e-03 -7.599136285577136732e+03
-2.206573615760851551e-02 2.191255678895616052e-02 -9.249127145109043921e-03 -2.127299710480635726e-03 -9.230917767641176695e-04 5.854088154909350451e-03 -7.605495964038394050e+03
-2.208399082684025030e-02 2.190077952556988145e-02 -9.212512570946745569e-03 -2.089796813204550675e-03 -9.741395741537012048e-04 5.892117960627106174e-03 -7.611853741859915317e+03
-2.210223943400357535e-02 2.188891431774045090e-02 -9.175792871735881720e-03 -2.052230444048398685e-03 -1.025240070990837086e-03 5.930122719366286502e-03 -7.618209617370227534e+03
-2.212048197306400871e-02 2.187696104309748424e-02 -9.138967983155549604e-03 -2.014600644774767937e-03 -1.076393085952335668e-03 5.968076294227051687e-03 -7.624563588800850084e+03
-2.213871843828565597e-02 2.186491957617099635e-02 -9.102037793147091729e-03 -1.976907835586198293e-03 -1.127610015035441452e-03 6.006032439806650858e-03 -7.630915654490379893e+03
-2.215694882367250096e-02 2.185278979250964218e-02 -9.065002231113158948e-03 -1.939151044374175410e-03 -1.178881010427813673e-03 6.044011873240773269e-03 -7.637265812683458535e+03
-2.217517312333227783e-02 2.184057156710461980e-02 -9.027861248213248438e-03 -1.901330004184836843e-03 -1.230210362560886939e-03 6.081945388737059095e-03 -7.643614061657246566e+03
-2.219339133149685062e-02 2.182826477368496332e-02 -8.990614815156700024e-03 -1.863445562124154331e-03 -1.281596420431042058e-03 6.119884198103735587e-03 -7.649960399728321136e+03
-2.221160344211154866e-02 2.181586928732254585e-02 -8.953262851801752423e-03 -1.825498130599338686e-03 -1.333048698025706335e-03 6.157796454743335972e-03 -7.656304825107593388e+03
-2.222980944942972922e-02 2.180338497955343346e-02 -8.915805300699523178e-03 -1.787486885727153103e-03 -1.384557810637605888e-03 6.195709242144026817e-03 -7.662647336116973747e+03
-2.224800934745082073e-02 2.179081172328995245e-02 -8.878242138582407433e-03 -1.749412784786100791e-03 -1.436124916424999683e-03 6.233621413897053737e-03 -7.668987930990450877e+03
-2.226620313028841724e-02 2.177814939000803640e-02 -8.840573320076804478e-03 -1.711276086366626597e-03 -1.487748806021580534e-03 6.271521833043754157e-03 -7.675326608005504568e+03
-2.228439079200985815e-02 2.176539785080033526e-02 -8.802798806448146676e-03 -1.673076716816360946e-03 -1.539433121960501584e-03 6.309415541397272141e-03 -7.681663365418399735e+03
-2.230257232664413850e-02 2.175255697666620552e-02 -8.764918578143958069e-03 -1.634815598984833054e-03 -1.591178860510264990e-03 6.347265211104340110e-03 -7.687998201470757522e+03
-2.232074772825264411e-02 2.173962663860788680e-02 -8.726932574045087251e-03 -1.596492707020288806e-03 -1.642973157729660108e-03 6.385140766718102288e-03 -7.694331114420730955e+03
-2.233891699085941915e-02 2.172660670774255801e-02 -8.688840807911862169e-03 -1.558108146077358215e-03 -1.694826007157194296e-03 6.422977857196430010e-03 -7.700662102525813680e+03
-2.235708010841095869e-02 2.171349705631948901e-02 -8.650643192304685591e-03 -1.519662108767625515e-03 -1.746729177356141525e-03 6.460799472100762705e-03 -7.706991164019129428e+03
-2.237523707478044840e-02 2.170029755717778688e-02 -8.612339687969899904e-03 -1.481154679414770038e-03 -1.798682225080453856e-03 6.498619269441464549e-03 -7.713318297110993626e+03
-2.239338788407373160e-02 2.168700807999803318e-02 -8.573930198999284505e-03 -1.442585390175147751e-03 -1.850688974922737881e-03 6.536392491793920068e-03 -7.719643500093638977e+03
-2.241153253008679180e-02 2.167362849567066110e-02 -8.535414680679266272e-03 -1.403954522673552885e-03 -1.902746988806493797e-03 6.574141725620018424e-03 -7.725966771148572661e+03
-2.242967100676043421e-02 2.166015867464712863e-02 -8.496793067622064946e-03 -1.365261549101881794e-03 -1.954860016500429166e-03 6.611915542563498796e-03 -7.732288108511156679e+03
-2.244780330799937135e-02 2.164659848809302733e-02 -8.458065286990366222e-03 -1.326507452568253913e-03 -2.007027111142706786e-03 6.649632224198658709e-03 -7.738607510396899670e+03
-2.246592942786093672e-02 2.163294780484808361e-02 -8.419231294206176025e-03 -1.287691464766475835e-03 -2.059248605550687786e-03 6.687335878762382287e-03 -7.744924975073522546e+03
-2.248404936011020108e-02 2.161920649447447371e-02 -8.380291016023340422e-03 -1.248813872631411017e-03 -2.111522213349807664e-03 6.725037059934343628e-03 -7.751240500702266218e+03
-2.250216309870489706e-02 2.160537442360646598e-02 -8.341244406007189069e-03 -1.209875012488151151e-03 -2.163856905923375838e-03 6.762710574505229749e-03 -7.757554085521257548e+03
-2.252027063753976599e-02 2.159145145806913926e-02 -8.302091411795284662e-03 -1.170875026505044944e-03 -2.216240344425876672e-03 6.800366118375925778e-03 -7.763865727746394441e+03
-2.253837197046024490e-02 2.157743746447553235e-02 -8.262832058912891395e-03 -1.131814601005065027e-03 -2.268679389471086032e-03 6.838004706493462648e-03 -7.770175425570640982e+03
-2.255646709135747038e-02 2.156333230892933106e-02 -8.223466270025438229e-03 -1.092693687089481931e-03 -2.321173898949431980e-03 6.875617493935491133e-03 -7.776483177202559091e+03
-2.257455599405155250e-02 2.154913585775444437e-02 -8.183994026303645017e-03 -1.053512906176772663e-03 -2.373717960353080927e-03 6.913220487809702657e-03 -7.782788980828463536e+03
-2.259263867244529211e-02 2.153484797749505991e-02 -8.144415288950346624e-03 -1.014272665294063420e-03 -2.426309245818679405e-03 6.950821352140604259e-03 -7.789092834667228090e+03
-2.261071512030946723e-02 2.152046853535543799e-02 -8.104730026267339960e-03 -9.749720467215386953e-04 -2.478954872427083060e-03 6.988381909372592092e-03 -7.795394736900285352e+03
-2.262878533139531592e-02 2.150599739828525439e-02 -8.064938171903977826e-03 -9.356121574470807091e-04 -2.531642627203034047e-03 7.025916855363138931e-03 -7.801694685703811956e+03
-2.264684929940060515e-02 2.149143443346229407e-02 -8.025039704089980200e-03 -8.961925596240573550e-04 -2.584376833460541676e-03 7.063432554165634085e-03 -7.807992679237158882e+03
-2.266490701813484929e-02 2.147677950608298247e-02 -7.985034554337681889e-03 -8.567137548469005298e-04 -2.637160444017328919e-03 7.100941438117785477e-03 -7.814288715705912182e+03
-2.268295848128407122e-02 2.146203248226817920e-02 -7.944922680519349301e-03 -8.171749934713709715e-04 -2.689992039815543214e-03 7.138390241636738930e-03 -7.820582793278364079e+03
-2.270100368255346598e-02 2.144719322801167186e-02 -7.904703969901418631e-03 -7.775770536059976781e-04 -2.742871001175607813e-03 7.175824968797000873e-03 -7.826874910125459792e+03
-2.271904261567499195e-02 2.143226160811143380e-02 -7.864378369013807352e-03 -7.379190916698455090e-04 -2.795799019953009584e-03 7.213225333942224760e-03 -7.833165064417166832e+03
-2.273707527432011766e-02 2.141723748648436190e-02 -7.823945817868523459e-03 -6.982017640376070181e-04 -2.848780218959660708e-03 7.250609819544832045e-03 -7.839453254291705889e+03
-2.275510165225068382e-02 2.140212072461372683e-02 -7.783406262732865503e-03 -6.584249915758970308e-04 -2.901813062695508989e-03 7.287939110278638874e-03 -7.845739477925571009e+03
-2.277312174319883267e-02 2.138691118314998973e-02 -7.742759681758954945e-03 -6.185893860505897257e-04 -2.954891775254853224e-03 7.325277060774525867e-03 -7.852023733492602332e+03
-2.279113554084493537e-02 2.137160872351257998e-02 -7.702006071191994964e-03 -5.786949968491666204e-04 -3.008017187392768819e-03 7.362583200297361831e-03 -7.858306019140080934e+03
-2.280914303880627811e-02 2.135621320800808534e-02 -7.661145410847503001e-03 -5.387422339823893852e-04 -3.061193047821895562e-03 7.399871524947484493e-03 -7.864586332989507355e+03
-2.282714423080331109e-02 2.134072449798386784e-02 -7.620177636094301044e-03 -4.987311057040438042e-04 -3.114413331066609794e-03 7.437142256956064817e-03 -7.870864673201465848e+03
-2.284513911044194073e-02 2.132514245539385289e-02 -7.579102699348162601e-03 -4.586618756050794550e-04 -3.167683981320911814e-03 7.474374623069025836e-03 -7.877141037900978517e+03
-2.286312767135985358e-02 2.130946694193494584e-02 -7.537920574655576633e-03 -4.185352644996730219e-04 -3.220995785255193703e-03 7.511602315046988533e-03 -7.883415425236019473e+03
-2.288110990709565223e-02 2.129369781909222145e-02 -7.496631214709016319e-03 -3.783511574112549528e-04 -3.274349573142856275e-03 7.548779061452401580e-03 -7.889687833329256136e+03
-2.289908581113518637e-02 2.127783494879249837e-02 -7.455234611225812838e-03 -3.381094332852820137e-04 -3.327744413145164015e-03 7.585924638914181076e-03 -7.895958260291286933e+03
-2.291705537709362930e-02 2.126187819178814928e-02 -7.413730716101387709e-03 -2.978108926694632199e-04 -3.381188433694409627e-03 7.623019612258776639e-03 -7.902226704282311402e+03
-2.293501859839701396e-02 2.124582740921724874e-02 -7.372119456403827820e-03 -2.574545956745218664e-04 -3.434669431670089000e-03 7.660085719085726365e-03 -7.908493163391032795e+03
-2.295297546853669601e-02 2.122968246203590578e-02 -7.330400738410200977e-03 -2.170413976067822809e-04 -3.488197730596911267e-03 7.697138446526981259e-03 -7.914757635728085916e+03
-2.297092598103489536e-02 2.121344320916029522e-02 -7.288574511902335545e-03 -1.765706722202731779e-04 -3.541765417267467211e-03 7.734121874856354946e-03 -7.921020119407935454e+03
-2.298887012950711142e-02 2.119710950757741630e-02 -7.246640695399846586e-03 -1.360425239332923230e-04 -3.595376104279376320e-03 7.771099319712185607e-03 -7.927280612565979027e+03
-2.300680790739540946e-02 2.118068121514445415e-02 -7.204599303711946984e-03 -9.545748300536236798e-05 -3.649034644507051679e-03 7.808042713249713045e-03 -7.933539113266380809e+03
-2.302473930826538784e-02 2.116415818794429096e-02 -7.162450280300633292e-03 -5.481543273695758484e-05 -3.702734944571557316e-03 7.844962239150935629e-03 -7.939795619622343111e+03
-2.304266432563648395e-02 2.114754028305959946e-02 -7.120193635421824888e-03 -1.411644474097342227e-05 -3.756473957629272945e-03 7.881841521798566702e-03 -7.946050129734991970e+03
-2.306058295292483587e-02 2.113082735825832018e-02 -7.077829315917670387e-03 2.663853808444870350e-05 -3.810259803951137735e-03 7.918655806407189426e-03 -7.952302641677922111e+03
-2.307849518361038479e-02 2.111401926974604965e-02 -7.035357295701789339e-03 6.744970461584097259e-05 -3.864089358800881172e-03 7.955496334763476757e-03 -7.958553153548379669e+03
-2.309640101105275151e-02 2.109711587374783759e-02 -6.992777509262958560e-03 1.083167380594523242e-04 -3.917957103038245160e-03 7.992285270029476224e-03 -7.964801663408726199e+03
-2.311430042869429616e-02 2.108011702530818848e-02 -6.950089908298568743e-03 1.492391773195727472e-04 -3.971871441431107028e-03 8.029046218858047756e-03 -7.971048169362196859e+03
-2.313219342989183969e-02 2.106302258028367250e-02 -6.907294472931212008e-03 1.902168726557540511e-04 -4.025820954733289221e-03 8.065763093129191957e-03 -7.977292669484850194e+03
-2.315008000791923815e-02 2.104583239572153930e-02 -6.864391182353482210e-03 2.312493937490964734e-04 -4.079806057055017886e-03 8.102431815571240967e-03 -7.983535161825329851e+03
-2.316796015601321063e-02 2.102854632804754959e-02 -6.821380011113964068e-03 2.723368898151111634e-04 -4.133827363110268056e-03 8.139044788112828263e-03 -7.989775644428699707e+03
-2.318583386752948172e-02 2.101116423191110721e-02 -6.778260879254458665e-03 3.134793999829115635e-04 -4.187884581947359450e-03 8.175632689107311529e-03 -7.996014115381140982e+03
-2.320370113576496543e-02 2.099368596201992010e-02 -6.735033728357348905e-03 3.546771269497598061e-04 -4.241984906380974474e-03 8.212165432469666418e-03 -8.002250572733445551e+03
-2.322156195405960036e-02 2.097611137195819903e-02 -6.691698491625876558e-03 3.959292377269890239e-04 -4.296112899230757065e-03 8.248697258042229224e-03 -8.008485014536016024e+03
-2.323941631578292991e-02 2.095844031402675778e-02 -6.648255168237393251e-03 4.372359281110586122e-04 -4.350281048079374796e-03 8.285159208771711997e-03 -8.014717438841850708e+03
-2.325726421417956269e-02 2.094067264085981706e-02 -6.604703689125744279e-03 4.785979877471450202e-04 -4.404491115447117973e-03 8.321591624883183103e-03 -8.020947843661422667e+03
-2.327510564262413179e-02 2.092280820436337452e-02 -6.561044021649193106e-03 5.200142786941741417e-04 -4.458735425078297343e-03 8.357983902344252522e-03 -8.027176227058272161e+03
-2.329294059439910095e-02 2.090484685700436801e-02 -6.517276161052156652e-03 5.614850754673987370e-04 -4.513018402712514095e-03 8.394313873196050657e-03 -8.033402587073858740e+03
-2.331076906274733712e-02 2.088678845019282387e-02 -6.473400064628821206e-03 6.030094734561358954e-04 -4.567340795674729691e-03 8.430621663688018727e-03 -8.039626921747344568e+03
-2.332859104078949253e-02 2.086863283449030132e-02 -6.429415738347848096e-03 6.445877506271545767e-04 -4.621699727257972540e-03 8.466907588101622167e-03 -8.045849229074036884e+03
-2.334640652175250936e-02 2.085037985926879722e-02 -6.385323090028593128e-03 6.862196647411074931e-04 -4.676089636186322833e-03 8.503123693620264975e-03 -8.052069507086751400e+03
-2.336421549877076842e-02 2.083202937485242878e-02 -6.341122084829783206e-03 7.279043220596120812e-04 -4.730520350899431251e-03 8.539306187619423449e-03 -8.058287753796274956e+03
-2.338201796500304075e-02 2.081358123130647511e-02 -6.296812675198541764e-03 7.696419450166691384e-04 -4.784984174076826677e-03 8.575445831408078784e-03 -8.064503967229738919e+03
-2.339981391353717841e-02 2.079503527936459040e-02 -6.252394855955297620e-03 8.114324789737010395e-04 -4.839472471128876407e-03 8.611555351033681194e-03 -8.070718145385043499e+03
-2.341760333739160288e-02 2.077639137041338915e-02 -6.207868613724011782e-03 8.532748000083413683e-04 -4.894001166825882355e-03 8.647604818229103971e-03 -8.076930286233370680e+03
-2.343538622984088493e-02 2.075764935264288666e-02 -6.163233885083902602e-03 8.951699381957494090e-04 -4.948552594319272774e-03 8.683604273432909276e-03 -8.083140387836852824e+03
-2.345316258382769414e-02 2.073880907607828297e-02 -6.118490639720638308e-03 9.371170809620864338e-04 -5.003138276796394689e-03 8.719549621627098804e-03 -8.089348448132110207e+03
-2.347093239249738866e-02 2.071987038828087060e-02 -6.073638809638359087e-03 9.791165715535368481e-04 -5.057751665336021607e-03 8.755446181468713382e-03 -8.095554465118444568e+03
-2.348869564893067696e-02 2.070083313688766968e-02 -6.028678376980678433e-03 1.021168068641131440e-03 -5.112398265201797791e-03 8.791305174911301715e-03 -8.101758436769539912e+03
-2.350645234637445055e-02 2.068169716764224272e-02 -5.983609277661602020e-03 1.063272264609126799e-03 -5.167077018067137151e-03 8.827097112663433165e-03 -8.107960361125782583e+03
-2.352420247769546058e-02 2.066246232860706813e-02 -5.938431473676036854e-03 1.105427517132164320e-03 -5.221785903351420198e-03 8.862872949933774808e-03 -8.114160236093171989e+03
-2.354194603601249616e-02 2.064312846500054519e-02 -5.893144968762267788e-03 1.147634676641351480e-03 -5.276522483969988721e-03 8.898556055516353841e-03 -8.120358059677326310e+03
-2.355968301434395798e-02 2.062369542201101039e-02 -5.847749773868983827e-03 1.189893484479586467e-03 -5.331299863919398974e-03 8.934225820114738773e-03 -8.126553829855231015e+03
-2.357741340561332263e-02 2.060416304414127917e-02 -5.802245848927465796e-03 1.232203306196724083e-03 -5.386101805276206737e-03 8.969833893523187704e-03 -8.132747544573876439e+03
-2.359513720274829252e-02 2.058453117587183412e-02 -5.756633128108268500e-03 1.274563107152329585e-03 -5.440936354710433284e-03 9.005401775823033972e-03 -8.138939201780525764e+03
-2.361285439874147296e-02 2.056479966132021206e-02 -5.710911556140963082e-03 1.316974303038668213e-03 -5.495794727777532709e-03 9.040908153312030016e-03 -8.145128799444327342e+03
-2.363056498652291865e-02 2.054496834558131729e-02 -5.665081100019810773e-03 1.359435366032446307e-03 -5.550686997985235238e-03 9.076373465212570282e-03 -8.151316335513075501e+03
-2.364826895892831182e-02 2.052503707365532434e-02 -5.619141730215095228e-03 1.401946499181166723e-03 -5.605598258399829142e-03 9.111789557786716467e-03 -8.157501807907999137e+03
-2.366596630893140138e-02 2.050500568931314799e-02 -5.573093440412161918e-03 1.444507518587909416e-03 -5.660538625351575759e-03 9.147146849618471159e-03 -8.163685214604020985e+03
-2.368365702919135798e-02 2.048487403782323774e-02 -5.526936210161013247e-03 1.487117937963351125e-03 -5.715498652662453875e-03 9.182456103489245250e-03 -8.169866553461944022e+03
-2.370134111278123651e-02 2.046464195986556420e-02 -5.480669997068872423e-03 1.529778009463785308e-03 -5.770485992530472417e-03 9.217700943236409664e-03 -8.176045822489390957e+03
-2.371901855242405585e-02 2.044430929844997039e-02 -5.434294743969887535e-03 1.572487114649133086e-03 -5.825497909397261281e-03 9.252872670421513970e-03 -8.182223019558739907e+03
-2.373668934096798133e-02 2.042387589467609815e-02 -5.387810433756799397e-03 1.615245712038032881e-03 -5.880535291861838619e-03 9.287986417277406884e-03 -8.188398142591899159e+03
-2.375435347138404180e-02 2.040334158796594521e-02 -5.341217019699969620e-03 1.658053647857488837e-03 -5.935591593147806523e-03 9.323045661576623636e-03 -8.194571189553589647e+03
-2.377201093630105025e-02 2.038270621969719837e-02 -5.294514495344555469e-03 1.700910357248067639e-03 -5.990675200406049387e-03 9.358049221974465079e-03 -8.200742158284192556e+03
-2.378966172870691093e-02 2.036196962784200121e-02 -5.247702851285957447e-03 1.743815633415860033e-03 -6.045784112044059154e-03 9.392999676579243118e-03 -8.206911046764787898e+03
-2.380730584124435278e-02 2.034113165337474161e-02 -5.200782085735264522e-03 1.786769411685514789e-03 -6.100917900778835175e-03 9.427912956437675684e-03 -8.213077852845950474e+03
-2.382494326668529658e-02 2.032019213538459670e-02 -5.153752177594649216e-03 1.829771465045897843e-03 -6.156071467074878713e-03 9.462751737431622859e-03 -8.219242574428562875e+03
-2.384257399785564419e-02 2.029915091258118962e-02 -5.106613067859558548e-03 1.872821461512444788e-03 -6.211259416089031510e-03 9.497543458374458833e-03 -8.225405209439408281e+03
-2.386019802727242650e-02 2.027800782547562602e-02 -5.059364654699157957e-03 1.915919037915450596e-03 -6.266462824049894714e-03 9.532258773159937165e-03 -8.231565755698429712e+03
-2.387781534771036412e-02 2.025676271148451127e-02 -5.012006911971441346e-03 1.959064056186136417e-03 -6.321681829102316318e-03 9.566926860521515058e-03 -8.237724211118984385e+03
-2.389542595185415244e-02 2.023541540787007417e-02 -4.964539843478652827e-03 2.002256094804956421e-03 -6.376927283052638736e-03 9.601559729961538225e-03 -8.243880573585727689e+03
-2.391302983232164447e-02 2.021396575217643612e-02 -4.916963440130786740e-03 2.045495129476678983e-03 -6.432187682595295192e-03 9.636081875653366990e-03 -8.250034840967917262e+03
-2.393062698159199864e-02 2.019241358250022794e-02 -4.869277726333795173e-03 2.088781045378674400e-03 -6.487468162572875008e-03 9.670569457002967106e-03 -8.256187011094358240e+03
-2.394821739235981559e-02 2.017075873411902989e-02 -4.821482606907110703e-03 2.132113018896146083e-03 -6.542759894627090712e-03 9.704983627468981647e-03 -8.262337081860701801e+03
-2.396580105717837153e-02 2.014900104197473590e-02 -4.773578111740304185e-03 2.175491474593568755e-03 -6.598073823796696963e-03 9.739310117346154649e-03 -8.268485051102063153e+03
-2.398337796867921687e-02 2.012714033971286717e-02 -4.725564176960941366e-03 2.218916002113005981e-03 -6.653404208411140691e-03 9.773591456407815931e-03 -8.274630916685908232e+03
-2.400094811943698919e-02 2.010517646160485394e-02 -4.677440791248195159e-03 2.262386287839980928e-03 -6.708748377747189053e-03 9.807833305977639235e-03 -8.280774676448323589e+03
-2.401851150208764510e-02 2.008310924159423250e-02 -4.629207936873477001e-03 2.305902008136369481e-03 -6.764111711880606281e-03 9.841990419132935070e-03 -8.286916328244285978e+03
-2.403606810912395017e-02 2.006093851474217635e-02 -4.580865645023289925e-03 2.349463996840071844e-03 -6.819494466014036117e-03 9.876064010310152408e-03 -8.293055869889758469e+03
-2.405361793315886898e-02 2.003866411493424385e-02 -4.532413834568572997e-03 2.393070583061394484e-03 -6.874891088506567688e-03 9.910063879772055759e-03 -8.299193299251150165e+03
-2.407116096657652832e-02 2.001628587724577080e-02 -4.483852511543489835e-03 2.436722781184835675e-03 -6.930311814309363626e-03 9.944012823325566047e-03 -8.305328614111940624e+03
-2.408869720199242198e-02 1.999380363334422178e-02 -4.435181588915117906e-03 2.480419419961714042e-03 -6.985740304575849616e-03 9.977884914451621429e-03 -8.311461812341294717e+03
-2.410622663165491036e-02 1.997121721622885024e-02 -4.386401048468683769e-03 2.524160851039936124e-03 -7.041185682223433280e-03 1.001170621516866456e-02 -8.317592891683305425e+03
-2.412374924813694838e-02 1.994852645484232467e-02 -4.337510842767580699e-03 2.567946783928208576e-03 -7.096646051621805645e-03 1.004546551641539304e-02 -8.323721850007670582e+03
-2.414126504372079984e-02 1.992573118069169980e-02 -4.288510997807674745e-03 2.611776913681380236e-03 -7.152118885776693157e-03 1.007913961465316949e-02 -8.329848685080145515e+03
-2.415877401077061448e-02 1.990283122425537399e-02 -4.239401510456312916e-03 2.655650599796437195e-03 -7.207600829175341006e-03 1.011275621715053072e-02 -8.335973394705721148e+03
-2.417627614161372770e-02 1.987982641590545566e-02 -4.190182376244933407e-03 2.699567720940980898e-03 -7.263093445016051766e-03 1.014633921961560249e-02 -8.342095976679453088e+03
-2.419377142869970354e-02 1.985671658298625644e-02 -4.140853591163910254e-03 2.743527578469116737e-03 -7.318598845359010167e-03 1.017978588515699306e-02 -8.348216428821595400e+03
-2.421125986429818744e-02 1.983350155387378008e-02 -4.091415108858685243e-03 2.787530658055263795e-03 -7.374107786215565279e-03 1.021315677719161069e-02 -8.354334748882683925e+03
-2.422874144075697414e-02 1.981018115662171175e-02 -4.041866907308826022e-03 2.831575863207509182e-03 -7.429631284595437403e-03 1.024647213331873405e-02 -8.360450934649712508e+03
-2.424621615040699341e-02 1.978675521987446548e-02 -3.992208972562673319e-03 2.875663686423956394e-03 -7.485161597749484183e-03 1.027969522916653312e-02 -8.366564983898482751e+03
-2.426368398552871883e-02 1.976322357334569721e-02 -3.942441275923042748e-03 2.919793599771191434e-03 -7.540697587818832523e-03 1.031283828537228435e-02 -8.372676894377746066e+03
-2.428114493859092823e-02 1.973958604377314130e-02 -3.892563799187688609e-03 2.963965836602655904e-03 -7.596249839607134048e-03 1.034592723430541143e-02 -8.378786663913020675e+03
-2.429859900166451633e-02 1.971584245973345695e-02 -3.842576523852684646e-03 3.008179700756199310e-03 -7.651808049300244836e-03 1.037891752070071831e-02 -8.384894290196967631e+03
-2.431604616701423319e-02 1.969199264752318282e-02 -3.792479457651636281e-03 3.052435764915721085e-03 -7.707378104881914757e-03 1.041184945144215009e-02 -8.390999770998223539e+03
-2.433348642683524563e-02 1.966803643247647809e-02 -3.742272559918607619e-03 3.096733621158027742e-03 -7.762955830442208258e-03 1.044472650634676800e-02 -8.397103104059000543e+03
-2.435091977329068014e-02 1.964397363903748819e-02 -3.691955820859635709e-03 3.141072988846519386e-03 -7.818543689684707629e-03 1.047750699582331198e-02 -8.403204287118243883e+03
-2.436834619859343937e-02 1.961980408973664977e-02 -3.641529203319325472e-03 3.185452687972616884e-03 -7.874129839389473404e-03 1.051019409905750573e-02 -8.409303317934707593e+03
-2.438576569482068385e-02 1.959552760808825830e-02 -3.590992702254333559e-03 3.229873385619196156e-03 -7.929723019243961959e-03 1.054282859063216879e-02 -8.415400194220608682e+03
-2.440317825403190075e-02 1.957114401747649113e-02 -3.540346370035891890e-03 3.274333860421290137e-03 -7.985319730797163507e-03 1.057540595427083029e-02 -8.421494913692307819e+03
-2.442058386825606345e-02 1.954665314129545167e-02 -3.489590170542951168e-03 3.318834805235764893e-03 -8.040914595095170758e-03 1.060785708534326549e-02 -8.427587474062391266e+03
-2.443798252972239834e-02 1.952205479990560752e-02 -3.438724082092433319e-03 3.363373705701145754e-03 -8.096514162595325192e-03 1.064026894073936275e-02 -8.433677873098675263e+03
-2.445537423030068672e-02 1.949734881734621963e-02 -3.387748068709084317e-03 3.407952218660495643e-03 -8.152113211074753923e-03 1.067256047021795072e-02 -8.439766108431562316e+03
-2.447275896220308528e-02 1.947253501378367127e-02 -3.336662101748529095e-03 3.452569478560750874e-03 -8.207717735844523993e-03 1.070473849780600138e-02 -8.445852177818847849e+03
-2.449013671743726500e-02 1.944761321079650426e-02 -3.285466183879673114e-03 3.497225648509147498e-03 -8.263325150525276455e-03 1.073685097308055801e-02 -8.451936078942253516e+03
-2.450750748810026983e-02 1.942258322938054602e-02 -3.234160305725605235e-03 3.541920114156504613e-03 -8.318930454781528830e-03 1.076888102974031536e-02 -8.458017809513044995e+03
-2.452487126606224879e-02 1.939744489162388216e-02 -3.182744464431290238e-03 3.586653708711475767e-03 -8.374539408417765174e-03 1.080081226475578665e-02 -8.464097367163869421e+03
-2.454222804344184661e-02 1.937219801607667491e-02 -3.131218708243692275e-03 3.631425936546572256e-03 -8.430149455558387517e-03 1.083267452876704104e-02 -8.470174749626501580e+03
-2.455957781209463717e-02 1.934684242268112572e-02 -3.079582954781586671e-03 3.676236491620237402e-03 -8.485756860104507263e-03 1.086448401884168059e-02 -8.476249954539905957e+03
-2.457692056398831301e-02 1.932137792913329877e-02 -3.027837269632292425e-03 3.721084890081292462e-03 -8.541363258299855196e-03 1.089616551634173085e-02 -8.482322979585303983e+03
-2.459425629095645521e-02 1.929580435301891592e-02 -2.975981611548497979e-03 3.765970977024764473e-03 -8.596972705043911742e-03 1.092779896355930425e-02 -8.488393822409017957e+03
-2.461158498498699360e-02 1.927012150887826708e-02 -2.924015944210144394e-03 3.810893590079724325e-03 -8.652575561418157646e-03 1.095934212476483427e-02 -8.494462480723990666e+03
-2.462890663771223621e-02 1.924432921402820240e-02 -2.871940278972509933e-03 3.855853184270792867e-03 -8.708172991749106584e-03 1.099078345357598109e-02 -8.500528952115313587e+03
-2.464622124102801293e-02 1.921842728409879630e-02 -2.819754599986443611e-03 3.900848347824950862e-03 -8.763765292798436288e-03 1.102214642672498350e-02 -8.506593234264413695e+03
-2.466352878674609589e-02 1.919241553475576484e-02 -2.767458919181863854e-03 3.945878981924794832e-03 -8.819352208223765408e-03 1.105336590236790512e-02 -8.512655324818424560e+03
-2.468082926659512927e-02 1.916629378094010516e-02 -2.715053218909559574e-03 3.990945370314730352e-03 -8.874931317782898052e-03 1.108451959189127832e-02 -8.518715221388085411e+03
-2.469812267234127931e-02 1.914006183608693221e-02 -2.662537482679217318e-03 4.036046827610301202e-03 -8.930505477792430660e-03 1.111559527311062508e-02 -8.524772921596128072e+03
-2.471540899575536826e-02 1.911371951387881227e-02 -2.609911692460796084e-03 4.081183413782548536e-03 -8.986073967924531128e-03 1.114652949962723939e-02 -8.530828423065388051e+03
-2.473268822869813949e-02 1.908726662776992489e-02 -2.557175869757232021e-03 4.126354908340317505e-03 -9.041630755115760004e-03 1.117741591281659619e-02 -8.536881723439870257e+03
-2.474996036291222251e-02 1.906070299181771358e-02 -2.504330011935884930e-03 4.171561527985375752e-03 -9.097182895172627529e-03 1.120818996008840149e-02 -8.542932820319321763e+03
-2.476722539011429886e-02 1.903402841943137996e-02 -2.451374152180796264e-03 4.216803481498537960e-03 -9.152732265082078045e-03 1.123886787499507947e-02 -8.548981711303902557e+03
-2.478448330186852275e-02 1.900724272431446663e-02 -2.398308293753506799e-03 4.262079412134582752e-03 -9.208266536506878527e-03 1.126943650735393043e-02 -8.555028393960672474e+03
-2.480173408989592987e-02 1.898034571677851765e-02 -2.345132438255854990e-03 4.307389669068005002e-03 -9.263791852562909546e-03 1.129995210837901609e-02 -8.561072865919546530e+03
-2.481897774580332783e-02 1.895333720751170292e-02 -2.291846573706729420e-03 4.352733191245839600e-03 -9.319309202003000711e-03 1.133036243432889757e-02 -8.567115124770672992e+03
-2.483621426120751624e-02 1.892621700592117193e-02 -2.238450697305211304e-03 4.398109926524926099e-03 -9.374815629950353918e-03 1.136063805531768549e-02 -8.573155168104207405e+03
-2.485344362759997830e-02 1.889898492070212974e-02 -2.184944790164003968e-03 4.443519374181340367e-03 -9.430309178400847481e-03 1.139086549614308670e-02 -8.579192993473521710e+03
-2.487066583646267356e-02 1.887164075970977281e-02 -2.131328841543084392e-03 4.488960661801164390e-03 -9.485785000201137768e-03 1.142093307391689114e-02 -8.585228598433304796e+03
-2.488788087930494594e-02 1.884418433059605394e-02 -2.077602860695248587e-03 4.534434333816747195e-03 -9.541252401564771085e-03 1.145095544091415118e-02 -8.591261980553812464e+03
-2.490508874769976205e-02 1.881661543980786902e-02 -2.023766883214089731e-03 4.579939346323904335e-03 -9.596698206188924302e-03 1.148088921813928028e-02 -8.597293137413445947e+03
-2.492228943314524561e-02 1.878893389382879989e-02 -1.969820894612535692e-03 4.625475692493306173e-03 -9.652135889354526710e-03 1.151067902939118676e-02 -8.603322066552082106e+03
-2.493948292702730801e-02 1.876113949975040385e-02 -1.915764898177283338e-03 4.671043832394051847e-03 -9.707555841340470906e-03 1.154034009413450190e-02 -8.609348765471393563e+03
-2.495666922097064533e-02 1.873323206242820740e-02 -1.861598889285374188e-03 4.716642679033720802e-03 -9.762959172842639380e-03 1.156991182617802226e-02 -8.615373231768058758e+03
-2.497384830628600338e-02 1.870521138952629253e-02 -1.807322848001335913e-03 4.762272700045389398e-03 -9.818339899370092869e-03 1.159938659165893511e-02 -8.621395462928385314e+03
-2.499102017444689364e-02 1.867707728661910024e-02 -1.752936819456112202e-03 4.807932620807916363e-03 -9.873709915388590927e-03 1.162877482795989480e-02 -8.627415456500617438e+03
-2.500818481680577160e-02 1.864882955990833369e-02 -1.698440831803838110e-03 4.853623167562609239e-03 -9.929064354851552254e-03 1.165802686703415816e-02 -8.633433209993210767e+03
-2.502534222477984654e-02 1.862046801331348339e-02 -1.643834904018486856e-03 4.899343405107524363e-03 -9.984395492576654887e-03 1.168717523551554387e-02 -8.639448720942460568e+03
-2.504249238958554738e-02 1.859199245051670890e-02 -1.589119027990545377e-03 4.945092956036610012e-03 -1.003971093095434516e-02 1.171623822617453951e-02 -8.645461986822847393e+03
-2.505963530265833961e-02 1.856340267233106203e-02 -1.534293246498585157e-03 4.990871319462721056e-03 -1.009500167501145747e-02 1.174518881084395984e-02 -8.651473005186675437e+03
-2.507677095513731122e-02 1.853469848097193812e-02 -1.479357567471876501e-03 5.036678875951195421e-03 -1.015027037023757614e-02 1.177402821495132645e-02 -8.657481773475108639e+03
-2.509389933844469872e-02 1.850587967416262442e-02 -1.424311969772117797e-03 5.082514321986838883e-03 -1.020552341500530202e-02 1.180278299776479044e-02 -8.663488289234475815e+03
-2.511102044359876315e-02 1.847694605296932094e-02 -1.369156447425950735e-03 5.128378031351827661e-03 -1.026074692008177754e-02 1.183138039826308295e-02 -8.669492549865703040e+03
-2.512813426196826641e-02 1.844789741529799174e-02 -1.313891029442150514e-03 5.174269213503317026e-03 -1.031595384091352381e-02 1.185988508567019199e-02 -8.675494552900006966e+03
-2.514524078462670315e-02 1.841873356177740548e-02 -1.258515746781990827e-03 5.220187738988392445e-03 -1.037112756961146819e-02 1.188827656838830314e-02 -8.681494295766098730e+03
-2.516234000273915097e-02 1.838945429084669347e-02 -1.203030571181938884e-03 5.266132904264727091e-03 -1.042627740884033254e-02 1.191654598947103870e-02 -8.687491775934822726e+03
-2.517943190736557021e-02 1.836005940104559406e-02 -1.147435483754196024e-03 5.312105035701956274e-03 -1.048140533305562394e-02 1.194469025257715623e-02 -8.693486990842520754e+03
-2.519651648985380549e-02 1.833054868803089474e-02 -1.091730521880868989e-03 5.358102665085711334e-03 -1.053650244245775934e-02 1.197273941438436150e-02 -8.699479938019272595e+03
-2.521359374109775897e-02 1.830092195211734801e-02 -1.035915719591901790e-03 5.404126938103411340e-03 -1.059157256306371940e-02 1.200066093453225173e-02 -8.705470614821788331e+03
-2.523066365227931082e-02 1.827117899014072538e-02 -9.799910924211631055e-04 5.450176155976511373e-03 -1.064661737411593326e-02 1.202847890926761996e-02 -8.711459018721725442e+03
-2.524772621448068133e-02 1.824131959827988286e-02 -9.239567131251351980e-04 5.496251293368052682e-03 -1.070163668745796257e-02 1.205615810539549700e-02 -8.717445147154150618e+03
-2.526478141865441326e-02 1.821134357223435848e-02 -8.678126114071536704e-04 5.542351048393459427e-03 -1.075662796231527905e-02 1.208373549433407711e-02 -8.723428997511227863e+03
-2.528182925598658828e-02 1.818125070478514987e-02 -8.115588381289708325e-04 5.588475610013959351e-03 -1.081158328265737628e-02 1.211120006590728736e-02 -8.729410567273489505e+03
-2.529886971729414583e-02 1.815104079139348917e-02 -7.551954019423184677e-04 5.634624819821105503e-03 -1.086651092675774456e-02 1.213854742371413623e-02 -8.735389853778602628e+03
-2.531590279363299736e-02 1.812071362342236591e-02 -6.987223180389712804e-04 5.680797712848223609e-03 -1.092140758371071795e-02 1.216578105191501620e-02 -8.741366854459240130e+03
-2.533292847588249422e-02 1.809026899172504199e-02 -6.421395384156148396e-04 5.726994382392800592e-03 -1.097626991973793889e-02 1.219284503241901095e-02 -8.747341566705985315e+03
-2.534994675475835124e-02 1.805970668814243021e-02 -5.854470570944554728e-04 5.773214005551661164e-03 -1.103109434335308725e-02 1.221983617502076826e-02 -8.753313987868557888e+03
-2.536695762130859039e-02 1.802902650236543058e-02 -5.286449343648866664e-04 5.819456296287226285e-03 -1.108588703370443247e-02 1.224669897841943432e-02 -8.759284115412325264e+03
-2.538396106615054687e-02 1.799822822708627493e-02 -4.717331703556580788e-04 5.865720445445691232e-03 -1.114064636263906692e-02 1.227340900458983794e-02 -8.765251946634281921e+03
-2.540095708015342388e-02 1.796731165000262434e-02 -4.147117721843421377e-04 5.912005993798224827e-03 -1.119537153411494061e-02 1.229998584315191573e-02 -8.771217478929609570e+03
-2.541794565410278317e-02 1.793627655955340461e-02 -3.575807788391129689e-04 5.958313414216877615e-03 -1.125005051588563038e-02 1.232647929458264777e-02 -8.777180709653777740e+03
-2.543492677881762851e-02 1.790512274457449135e-02 -3.003402678405022873e-04 6.004641662329741197e-03 -1.130470066688798840e-02 1.235281171672031331e-02 -8.783141636163441945e+03
-2.545190044518064534e-02 1.787384999328051061e-02 -2.429902645380734700e-04 6.050991166039174085e-03 -1.135930760019516345e-02 1.237903130054686211e-02 -8.789100255827586807e+03
-2.546886664397044267e-02 1.784245809432675328e-02 -1.855308153469782141e-04 6.097361335341446378e-03 -1.141387758911928743e-02 1.240511999677384493e-02 -8.795056565979857623e+03
-2.548582536584863972e-02 1.781094683580376065e-02 -1.279619886828853748e-04 6.143751827878464813e-03 -1.146841927155196200e-02 1.243106115285164473e-02 -8.801010563932704827e+03
-2.550277660146339775e-02 1.777931600503111081e-02 -7.028383197615485742e-05 6.190162042465409582e-03 -1.152290451427858027e-02 1.245691928007996128e-02 -8.806962247009721978e+03
-2.551972034160955582e-02 1.774756538614247897e-02 -1.249635754592893845e-05 6.236591573223045082e-03 -1.157735643672236359e-02 1.248256237348350020e-02 -8.812911612591133235e+03
-2.553665657665052033e-02 1.771569476593302245e-02 4.540041287334839682e-05 6.283040284392763832e-03 -1.163176159690568721e-02 1.250817268665583952e-02 -8.818858657901411789e+03
-2.555358529725438102e-02 1.768370392626106638e-02 1.034065110036444475e-04 6.329507922610827855e-03 -1.168612080740494101e-02 1.253357534741646531e-02 -8.824803380285573439e+03
-2.557050649394963446e-02 1.765159264832285094e-02 1.615219559544219322e-04 6.375993440421836959e-03 -1.174044375810600303e-02 1.255888296305274383e-02 -8.830745777055670260e+03
-2.558742015716738635e-02 1.761936071373744819e-02 2.197466777463448517e-04 6.422495832960108293e-03 -1.179471659029665900e-02 1.258408674251154137e-02 -8.836685845482768855e+03
-2.560432627732504157e-02 1.758700790394990623e-02 2.780806077148594404e-04 6.469016066446865547e-03 -1.184894182937017669e-02 1.260909858534314809e-02 -8.842623582817377610e+03
-2.562122484510963652e-02 1.755453399632955422e-02 3.365236363089475660e-04 6.515552936826156556e-03 -1.190312245718182921e-02 1.263399182145596295e-02 -8.848558986404355892e+03
-2.563811585092325152e-02 1.752193877141779502e-02 3.950758040992366255e-04 6.562106074278684607e-03 -1.195725532751277728e-02 1.265872923496540008e-02 -8.854492053469848543e+03
-2.565499928523684928e-02 1.748922200977178279e-02 4.537370488507452360e-04 6.608675719362373108e-03 -1.201133703882405895e-02 1.268334119253507371e-02 -8.860422781264080186e+03
-2.567187513863782716e-02 1.745638349004373022e-02 5.125073450913644919e-04 6.655260727118002609e-03 -1.206536937251570518e-02 1.270782275829735603e-02 -8.866351167089336741e+03
-2.568874340142461923e-02 1.742342299391258856e-02 5.713866303442248495e-04 6.701861404381931515e-03 -1.211935930909779392e-02 1.273213819138777937e-02 -8.872277208151388550e+03
-2.570560406401573364e-02 1.739034029991058314e-02 6.303748595352586751e-04 6.748476617196037981e-03 -1.217329108679245445e-02 1.275632338364379552e-02 -8.878200901721413175e+03
-2.572245711659422451e-02 1.735713518824458929e-02 6.894719378609496943e-04 6.795106715105568920e-03 -1.222717750585384025e-02 1.278036903728146934e-02 -8.884122245003098215e+03
-2.573930254942357471e-02 1.732380743680458912e-02 7.486778740130289444e-04 6.841750238546401991e-03 -1.228100650619167941e-02 1.280432943330906889e-02 -8.890041235225347918e+03
-2.575614035275593933e-02 1.729035682049192765e-02 8.079926161291996331e-04 6.888407564143626816e-03 -1.233478600050670962e-02 1.282805914988519383e-02 -8.895957869600117192e+03
-2.577297051697795965e-02 1.725678311025911904e-02 8.674161438673138724e-04 6.935078554025124291e-03 -1.238849991457570410e-02 1.285169711800853570e-02 -8.901872145387655110e+03
-2.578979303213505339e-02 1.722308607852328019e-02 9.269484063550282151e-04 6.981762084264615115e-03 -1.244216701958470936e-02 1.287515017886060008e-02 -8.907784059734098264e+03
-2.580660788844060111e-02 1.718926549619186062e-02 9.865892862131718250e-04 7.028458790415671731e-03 -1.249577409267363381e-02 1.289847990177928061e-02 -8.913693609840789577e+03
-2.582341507608070658e-02 1.715532113437479023e-02 1.046338721025148613e-03 7.075166921427172330e-03 -1.254932622586774418e-02 1.292166173034371701e-02 -8.919600792892497338e+03
-2.584021458517873904e-02 1.712125276430857129e-02 1.106196710387194861e-03 7.121887123557590731e-03 -1.260281475239448043e-02 1.294468695345574877e-02 -8.925505606061893559e+03
-2.585700640596527017e-02 1.708706015521208044e-02 1.166163223747948780e-03 7.168617574772525106e-03 -1.265624673873268040e-02 1.296753643219416934e-02 -8.931408046565911718e+03
-2.587379052844756416e-02 1.705274307901070985e-02 1.226238233211015107e-03 7.215358807136275192e-03 -1.270962151173677876e-02 1.299026227230241047e-02 -8.937308111530997849e+03
-2.589056694267293651e-02 1.701830130742642416e-02 1.286421727208440866e-03 7.262109628664887608e-03 -1.276293013117705405e-02 1.301285187446943499e-02 -8.943205798115785001e+03
-2.590733563861486941e-02 1.698373461199316134e-02 1.346713641718595396e-03 7.308869805273726129e-03 -1.281617879183475327e-02 1.303528339544337937e-02 -8.949101103463057370e+03
-2.592409660633157933e-02 1.694904276185114564e-02 1.407113887294593035e-03 7.355638612376826611e-03 -1.286936998840343925e-02 1.305757851816097617e-02 -8.954994024757528678e+03
-2.594084983554089188e-02 1.691422552856836764e-02 1.467622373841842706e-03 7.402416097528650291e-03 -1.292248677408366388e-02 1.307969137765740454e-02 -8.960884559064490531e+03
-2.595759531639355716e-02 1.687928267681694169e-02 1.528238974467012413e-03 7.449202423792974925e-03 -1.297554656431036332e-02 1.310164717628583241e-02 -8.966772703585804265e+03
-2.597433303871420074e-02 1.684421397223988953e-02 1.588963599559227663e-03 7.495996914666371719e-03 -1.302853945696496631e-02 1.312345675263871039e-02 -8.972658455371651144e+03
-2.599106299254813623e-02 1.680901917639579177e-02 1.649796217104190993e-03 7.542799981793598882e-03 -1.308146339772190900e-02 1.314511821030920312e-02 -8.978541811567374680e+03
-2.600778516771609997e-02 1.677369805206654907e-02 1.710736739479706229e-03 7.589610434177970592e-03 -1.313431539204890086e-02 1.316658159777550977e-02 -8.984422769267846888e+03
-2.602449955394208966e-02 1.673825036111351375e-02 1.771785149213186408e-03 7.636427638129603297e-03 -1.318710291149026090e-02 1.318788380515105614e-02 -8.990301325540094695e+03
-2.604120614103469164e-02 1.670267586412851196e-02 1.832941368822927318e-03 7.683251200976857868e-03 -1.323981756054267572e-02 1.320908846872682722e-02 -8.996177477477765933e+03
-2.605790491876780121e-02 1.666697432282503860e-02 1.894205406333411730e-03 7.730079402161790791e-03 -1.329246381801672990e-02 1.323006822613799829e-02 -9.002051222180209152e+03
-2.607459587676633564e-02 1.663114549994093236e-02 1.955577280323772885e-03 7.776911994478996615e-03 -1.334503187172723059e-02 1.325091858392559059e-02 -9.007922556698380504e+03
-2.609127900469519062e-02 1.659518915655847429e-02 2.017056952021679516e-03 7.823748502407489036e-03 -1.339753272345495586e-02 1.327161257113046271e-02 -9.013791478087870928e+03
-2.610795429225175671e-02 1.655910505323423751e-02 2.078644325481485231e-03 7.870588029620297077e-03 -1.344995462984091734e-02 1.329213614936233974e-02 -9.019657983425717248e+03
-2.612462172908451563e-02 1.652289294952537929e-02 2.140339266166679192e-03 7.917431259227277612e-03 -1.350230758360021661e-02 1.331249859288537174e-02 -9.025522069762906540e+03
-2.614128130470350433e-02 1.648655260656195498e-02 2.202141632003726604e-03 7.964277518844906784e-03 -1.355458420441161757e-02 1.333271355534286148e-02 -9.031383734090228245e+03
-2.615793300889002540e-02 1.645008378119132419e-02 2.264051270277427606e-03 8.011126714382841435e-03 -1.360678786253082841e-02 1.335272113235522889e-02 -9.037242973503209214e+03
-2.617457683100682386e-02 1.641348623241963359e-02 2.326068078376187630e-03 8.057979627930100114e-03 -1.365891151771484943e-02 1.337255970425063091e-02 -9.043099784932090188e+03
-2.619121276084965255e-02 1.637675971258466256e-02 2.388191971608989456e-03 8.104834391731671403e-03 -1.371094978988836310e-02 1.339225196521720736e-02 -9.048954165465462211e+03
-2.620784078780558427e-02 1.633990397625170038e-02 2.450422923037802285e-03 8.151691436506926930e-03 -1.376290844484011344e-02 1.341174292306747916e-02 -9.054806112055084668e+03
-2.622446090132917254e-02 1.630291877553054908e-02 2.512760869945920156e-03 8.198549744800000608e-03 -1.381479064623313859e-02 1.343105879543046721e-02 -9.060655621702049757e+03
-2.624107309080585607e-02 1.626580386167948700e-02 2.575205811343245308e-03 8.245407628993768265e-03 -1.386658152708106391e-02 1.345022225323994763e-02 -9.066502691401332413e+03
-2.625767734564670927e-02 1.622855898518506257e-02 2.637757730428401479e-03 8.292264928491138720e-03 -1.391829334403731078e-02 1.346922251327540253e-02 -9.072347318164462195e+03
-2.627427365502807075e-02 1.619118389831440338e-02 2.700416599040803261e-03 8.339119891054860845e-03 -1.396992217883106374e-02 1.348805829156083866e-02 -9.078189498925956286e+03
-2.629086200826418612e-02 1.615367835222356746e-02 2.763182309410013113e-03 8.385973133737198090e-03 -1.402145977468748604e-02 1.350671719599543831e-02 -9.084029230647543955e+03
-2.630744239469267123e-02 1.611604209660887771e-02 2.826054761953549887e-03 8.432823117148666517e-03 -1.407291210750067148e-02 1.352519427660382398e-02 -9.089866510280104194e+03
-2.632401480359791018e-02 1.607827488113964740e-02 2.889033782051316553e-03 8.479670822265245392e-03 -1.412428038652621676e-02 1.354345624248028471e-02 -9.095701334760356985e+03
-2.634057922433132026e-02 1.604037645411372087e-02 2.952119197377095147e-03 8.526515722089336377e-03 -1.417556520529416990e-02 1.356157422936284628e-02 -9.101533701062506225e+03
-2.635713564597215106e-02 1.600234656612991788e-02 3.015310901843253500e-03 8.573357700718162513e-03 -1.422675528487886941e-02 1.357951492425772677e-02 -9.107363606069286107e+03
-2.637368405768737711e-02 1.596418496557929639e-02 3.078608756837235283e-03 8.620196970985715551e-03 -1.427786177119507761e-02 1.359725578790470756e-02 -9.113191046693416865e+03
-2.639022444864354278e-02 1.592589139890393177e-02 3.142012716442086229e-03 8.667032445655623377e-03 -1.432886887708062496e-02 1.361482908179864268e-02 -9.119016019838221837e+03
-2.640675680809860537e-02 1.588746560946069364e-02 3.205522716983549934e-03 8.713862859215056045e-03 -1.437978225056598357e-02 1.363220883576583657e-02 -9.124838522450458186e+03
-2.642328112496818843e-02 1.584890734074957327e-02 3.269138754488679424e-03 8.760688582811745895e-03 -1.443059966189773509e-02 1.364938756716626948e-02 -9.130658551361329955e+03
-2.643979738844990518e-02 1.581021633102646512e-02 3.332860716214816610e-03 8.807507142136792797e-03 -1.448131889218894595e-02 1.366642298131394602e-02 -9.136476103531102126e+03
-2.645630558734533150e-02 1.577139232269430050e-02 3.396688570201633443e-03 8.854318984313857763e-03 -1.453193369546271381e-02 1.368323975021755630e-02 -9.142291175767963068e+03
-2.647280571068535981e-02 1.573243505500581188e-02 3.460622199240323028e-03 8.901122603886545831e-03 -1.458246532254195080e-02 1.369989432663005872e-02 -9.148103764962628702e+03
-2.648929774743291263e-02 1.569334426774207647e-02 3.524661505704801499e-03 8.947917630503361003e-03 -1.463289035509456049e-02 1.371635474935522202e-02 -9.153913867989886057e+03
-2.650578168636759033e-02 1.565411970216379692e-02 3.588806293176215884e-03 8.994703936484249249e-03 -1.468321475149913201e-02 1.373262859194091662e-02 -9.159721481636752287e+03
-2.652225751643919743e-02 1.561476109606818770e-02 3.653056429216079357e-03 9.041481300221412484e-03 -1.473344566114865271e-02 1.374869378882831276e-02 -9.165526602761929098e+03
-2.653872522653344390e-02 1.557526818803392846e-02 3.717411778159873670e-03 9.088249183937741407e-03 -1.478357658302471497e-02 1.376458654571950657e-02 -9.171329228212984162e+03
-2.655518480535327269e-02 1.553564071807803093e-02 3.781872224181167478e-03 9.135007710036483278e-03 -1.483359851698814319e-02 1.378027945093406557e-02 -9.177129354785438409e+03
-2.657163624150545370e-02 1.549587842585007161e-02 3.846437714434735190e-03 9.181756152239366198e-03 -1.488351715493057247e-02 1.379576103465210250e-02 -9.182926979253703394e+03
-2.658807952391566143e-02 1.545598104581569730e-02 3.911108177753433446e-03 9.228493649825650694e-03 -1.493333527167395314e-02 1.381107971385982756e-02 -9.188722098495058162e+03
-2.660451464121257534e-02 1.541594831260176962e-02 3.975883491949997600e-03 9.275219773653226030e-03 -1.498303673780645995e-02 1.382618975198638377e-02 -9.194514709259456140e+03
-2.662094158210933162e-02 1.537577995751541853e-02 4.040763578010930085e-03 9.321933841522371880e-03 -1.503263230905708785e-02 1.384106989397186453e-02 -9.200304808313791000e+03
-2.663736033543916484e-02 1.533547570833954272e-02 4.105748331137588913e-03 9.368634855646797155e-03 -1.508210641028009426e-02 1.385577799122062262e-02 -9.206092392479304181e+03
-2.665377088972634839e-02 1.529503529552156751e-02 4.170837565124869799e-03 9.415321341528086127e-03 -1.513148170313362122e-02 1.387027327836957112e-02 -9.211877458486569594e+03
-2.667017323356722300e-02 1.525445844855644224e-02 4.236031129507014832e-03 9.461993848543797866e-03 -1.518074019493407742e-02 1.388457785315322032e-02 -9.217660003101926122e+03
-2.668656735539486416e-02 1.521374489776792377e-02 4.301328924792089357e-03 9.508651207879593656e-03 -1.522988785711883522e-02 1.389870187580591505e-02 -9.223440023042803659e+03
-2.670295324369066636e-02 1.517289437139736873e-02 4.366730796076142597e-03 9.555293526241268737e-03 -1.527892006773244778e-02 1.391259559662993452e-02 -9.229217515048016139e+03
-2.671933088678200147e-02 1.513190659914864615e-02 4.432236609763393412e-03 9.601919263669315974e-03 -1.532783407622023523e-02 1.392632749783944551e-02 -9.234992475804227070e+03
-2.673570027333336055e-02 1.509078130576838907e-02 4.497846271824952093e-03 9.648528672680727059e-03 -1.537663479800800356e-02 1.393982067191079297e-02 -9.240764902151584465e+03
-2.675206139127957877e-02 1.504951822314954356e-02 4.563559713556177705e-03 9.695120149724472183e-03 -1.542532349840202224e-02 1.395313359925133209e-02 -9.246534790660314684e+03
-2.676841422903426110e-02 1.500811707605460843e-02 4.629376800022109474e-03 9.741694461064123040e-03 -1.547389081187959536e-02 1.396619381349291540e-02 -9.252302138072867820e+03
-2.678475877490687010e-02 1.496657758936610280e-02 4.695297439329228564e-03 9.788250551721227807e-03 -1.552233206393507231e-02 1.397906804067924023e-02 -9.258066941074392162e+03
-2.680109501714174336e-02 1.492489948629402950e-02 4.761321504850517944e-03 9.834788366241010299e-03 -1.557065258613034124e-02 1.399172478577338612e-02 -9.263829196295046131e+03
-2.681742294446413585e-02 1.488308248217250218e-02 4.827448823315941273e-03 9.881306673620868578e-03 -1.561884679120702224e-02 1.400417311735064653e-02 -9.269588900531771287e+03
-2.683374254486657270e-02 1.484112629865687490e-02 4.893679181035675771e-03 9.927804443052900066e-03 -1.566691379537916984e-02 1.401642779898370703e-02 -9.275346050318845300e+03
-2.685005380667912153e-02 1.479903065349416971e-02 4.960012394765479608e-03 9.974281652167646048e-03 -1.571486125771232034e-02 1.402845044457739186e-02 -9.281100642343491927e+03
-2.686635671802403355e-02 1.475679526626270770e-02 5.026448293683572453e-03 1.002073717840402424e-02 -1.576267207343530832e-02 1.404024603775303956e-02 -9.286852673232562665e+03
-2.688265126687930037e-02 1.471441985687383346e-02 5.092986781736693475e-03 1.006717049852655539e-02 -1.581036569230874142e-02 1.405184467440587399e-02 -9.292602139591965170e+03
-2.689893744135829490e-02 1.467190414140474158e-02 5.159627727814480522e-03 1.011358064960686531e-02 -1.585791907742660489e-02 1.406324534250585380e-02 -9.298349038104001011e+03
-2.691521522920781520e-02 1.462924783846285444e-02 5.226371065280253914e-03 1.015996719052800201e-02 -1.590534318336924921e-02 1.407441642657084047e-02 -9.304093365318034557e+03
-2.693148461831273294e-02 1.458645066390982549e-02 5.293216631997809014e-03 1.020632830451610913e-02 -1.595263475009269655e-02 1.408536865286222003e-02 -9.309835117824275585e+03
-2.694774559652253140e-02 1.454351233245279075e-02 5.360164289594244146e-03 1.025266462196497939e-02 -1.599979672166534569e-02 1.409609932974265588e-02 -9.315574292188995969e+03
-2.696399815196075245e-02 1.450043255479197164e-02 5.427213925284057015e-03 1.029897568518823268e-02 -1.604682442844006240e-02 1.410660240666002790e-02 -9.321310885077467901e+03
-2.698024227212456397e-02 1.445721104809884541e-02 5.494365364949542127e-03 1.034526089301193892e-02 -1.609371888406762111e-02 1.411687755691795956e-02 -9.327044892918123878e+03
-2.699647794518884175e-02 1.441384751889951757e-02 5.561618464899522468e-03 1.039152004144394160e-02 -1.614046562388618197e-02 1.412691412055271274e-02 -9.332776312360194424e+03
-2.701270515908806014e-02 1.437034167440979192e-02 5.628973025770914705e-03 1.043775183329001370e-02 -1.618707720345623907e-02 1.413673250573965756e-02 -9.338505139936709384e+03
-2.702892390175614182e-02 1.432669322077161425e-02 5.696428784755526963e-03 1.048395584799293942e-02 -1.623354673032900708e-02 1.414633443924436310e-02 -9.344231372203119463e+03
-2.704513416068894324e-02 1.428290186857864193e-02 5.763985550898380848e-03 1.053013097859370820e-02 -1.627986640838417765e-02 1.415569743357694178e-02 -9.349955005591684312e+03
-2.706133592380450051e-02 1.423896732330939136e-02 5.831643158422012557e-03 1.057627655299871357e-02 -1.632604750867167054e-02 1.416485815003761493e-02 -9.355676036722596109e+03
-2.707752917845336268e-02 1.419488929583457779e-02 5.899401505725027257e-03 1.062239175743580170e-02 -1.637208013418265523e-02 1.417378121005285346e-02 -9.361394462024023596e+03
-2.709371391218477407e-02 1.415066749162875726e-02 5.967260450712683593e-03 1.066847562864561144e-02 -1.641797013833455263e-02 1.418246444135943390e-02 -9.367110278005624423e+03
-2.710989011235470300e-02 1.410630161512653295e-02 6.035219853315134352e-03 1.071452749426646603e-02 -1.646371270304926651e-02 1.419090711558869400e-02 -9.372823481111387082e+03
-2.712605776672966790e-02 1.406179136426402229e-02 6.103279551201466931e-03 1.076054599330251819e-02 -1.650930973220654172e-02 1.419915300276037608e-02 -9.378534067927152137e+03
-2.714221686234192035e-02 1.401713644504246244e-02 6.171439351432421276e-03 1.080653176051123848e-02 -1.655475075847682997e-02 1.420710739051433275e-02 -9.384242034764831260e+03
-2.715836738677866041e-02 1.397233655687334444e-02 6.239699092446419904e-03 1.085248388199587695e-02 -1.660004566489722833e-02 1.421485412308740211e-02 -9.389947378133058010e+03
-2.717450932747892192e-02 1.392739139881924749e-02 6.308058641243217447e-03 1.089840163567454799e-02 -1.664518581714279424e-02 1.422234818983419621e-02 -9.395650094477183302e+03
-2.719064267175601290e-02 1.388230066807781549e-02 6.376517774227601250e-03 1.094428487470954121e-02 -1.669016679290666674e-02 1.422962707819780750e-02 -9.401350180182558688e+03
-2.720676740712779998e-02 1.383706405808451424e-02 6.445076281874518621e-03 1.099013211579208046e-02 -1.673498700779277315e-02 1.423670096622600516e-02 -9.407047631699053454e+03
-2.722288352082523344e-02 1.379168126548280769e-02 6.513733913816048722e-03 1.103594339617178233e-02 -1.677964651130915696e-02 1.424342464282713980e-02 -9.412742445392741502e+03
-2.723899100025980666e-02 1.374615198417380134e-02 6.582490461399112362e-03 1.108171588075401205e-02 -1.682414871137695445e-02 1.425000651050728658e-02 -9.418434617716164212e+03
-2.725508983262356702e-02 1.370047590986728410e-02 6.651345701455270085e-03 1.112745092824827219e-02 -1.686849258681193814e-02 1.425629305584550505e-02 -9.424124145055371628e+03
-2.727118000489619706e-02 1.365465273939540924e-02 6.720299483132350857e-03 1.117314691676435552e-02 -1.691266997753259130e-02 1.426236016421060862e-02 -9.429811023728669170e+03
-2.728726150414597165e-02 1.360868216673870486e-02 6.789351642464655154e-03 1.121880316819198579e-02 -1.695669053996287645e-02 1.426818628174720410e-02 -9.435495250100819248e+03
-2.730333431731879479e-02 1.356256388332003661e-02 6.858502025361633628e-03 1.126441886899052017e-02 -1.700054076171111581e-02 1.427374654620895689e-02 -9.441176820505999785e+03
-2.731939843148879776e-02 1.351629757561002669e-02 6.927750435317137252e-03 1.130999356249776967e-02 -1.704423268416841233e-02 1.427905506995648388e-02 -9.446855731323765212e+03
-2.733545383353785940e-02 1.346988293167313867e-02 6.997096682482773812e-03 1.135552517588446844e-02 -1.708775237610582129e-02 1.428412461098517786e-02 -9.452531978866536519e+03
-2.735150051016683667e-02 1.342331963997035575e-02 7.066540542525710615e-03 1.140101415886174592e-02 -1.713109080499868389e-02 1.428891615521079607e-02 -9.458205559381660350e+03
-2.736753844840091043e-02 1.337660738395243451e-02 7.136081855634437282e-03 1.144646034183078795e-02 -1.717426536249447994e-02 1.429347894899661749e-02 -9.463876469230181101e+03
-2.738356763500165991e-02 1.332974584845614610e-02 7.205720394711856609e-03 1.149186215412285536e-02 -1.721726016172744206e-02 1.429776272818349993e-02 -9.469544704655681926e+03
-2.739958805698756647e-02 1.328273471383225809e-02 7.275455875920664242e-03 1.153721892756889855e-02 -1.726007797313319075e-02 1.430179924301707740e-02 -9.475210261982201700e+03
-2.741559970115688138e-02 1.323557366106122880e-02 7.345288037517757294e-03 1.158252956148998758e-02 -1.730271704019784723e-02 1.430560299251871711e-02 -9.480873137463982857e+03
-2.743160255413672199e-02 1.318826237407430026e-02 7.415216585246301589e-03 1.162779347190129493e-02 -1.734518265703900719e-02 1.430913082632139476e-02 -9.486533327298107906e+03
-2.744759660302125565e-02 1.314080053078075724e-02 7.485241361730825965e-03 1.167301035467546537e-02 -1.738747731887788431e-02 1.431237234473542626e-02 -9.492190827871281726e+03
-2.746358183414791126e-02 1.309318781836416035e-02 7.555362164961027839e-03 1.171817859586444036e-02 -1.742958513674703822e-02 1.431542803582229462e-02 -9.497845635294705062e+03
-2.747955823410866416e-02 1.304542391793492816e-02 7.625578859173626385e-03 1.176329825257547805e-02 -1.747150764077752549e-02 1.431813869700332247e-02 -9.503497745800748817e+03
-2.749552578927477037e-02 1.299750850746351181e-02 7.695891225089730552e-03 1.180836787584064497e-02 -1.751325078511938721e-02 1.432064119031001975e-02 -9.509147155565968205e+03
-2.751148448634563315e-02 1.294944125565157013e-02 7.766299033994603952e-03 1.185338653650651157e-02 -1.755480379550140510e-02 1.432287244413031450e-02 -9.514793860915264304e+03
-2.752743431116452810e-02 1.290122184062631426e-02 7.836802043732958578e-03 1.189835342391375346e-02 -1.759616990319812918e-02 1.432481331545641320e-02 -9.520437857852957677e+03
-2.754337525027705791e-02 1.285284993214817068e-02 7.907400002474279654e-03 1.194326765693453675e-02 -1.763733962912040695e-02 1.432649932620660461e-02 -9.526079142629543639e+03
-2.755930887441595048e-02 1.280436137022113868e-02 7.979953350940004186e-03 1.197975478175245315e-02 -1.770194719705813977e-02 1.422702893396268417e-02 -9.531717653678750139e+03
-2.757523200120769874e-02 1.275568348380725671e-02 8.050740408326314407e-03 1.202456145332846810e-02 -1.774273013576290262e-02 1.422813537545528605e-02 -9.537353502611809745e+03
-2.759114620120906372e-02 1.270685211208262208e-02 8.121621517410056515e-03 1.206931380354897901e-02 -1.778331879053809961e-02 1.422902771404136596e-02 -9.542986627755019072e+03
-2.760705146105816785e-02 1.265786691902112161e-02 8.192596470681969001e-03 1.211401007888305084e-02 -1.782371242090033392e-02 1.422961587517757379e-02 -9.548617025347850358e+03
-2.762294776685085204e-02 1.260872757535759850e-02 8.263665037011756406e-03 1.215864919016054757e-02 -1.786391381136087642e-02 1.422995150244967151e-02 -9.554244691430361854e+03
-2.763883510469388599e-02 1.255943375005692288e-02 8.334827007454690892e-03 1.220323041071754051e-02 -1.790391607906819185e-02 1.423000207895630705e-02 -9.559869622075228108e+03
-2.765471346089611385e-02 1.250998510880549190e-02 8.406082231686866357e-03 1.224775395739935609e-02 -1.794371603871612944e-02 1.422978149725721668e-02 -9.565491813458258548e+03
-2.767058282112515311e-02 1.246038132170013829e-02 8.477430457371265202e-03 1.229221825510633942e-02 -1.798331123450663468e-02 1.422927463027902351e-02 -9.571111261536090751e+03
-2.768644317150669235e-02 1.241062204801187882e-02 8.548871441534390200e-03 1.233662258654489967e-02 -1.802270082300832382e-02 1.422846478799931133e-02 -9.576727962463161020e+03
-2.770229449759093604e-02 1.236070694900225087e-02 8.620404843648624832e-03 1.238096612100644985e-02 -1.806188360674411755e-02 1.422742072467085041e-02 -9.582341912204788969e+03
-2.771813678513251195e-02 1.231063568034548167e-02 8.692030388918924738e-03 1.242524769861328739e-02 -1.810084698553407132e-02 1.422603981230648011e-02 -9.587953106790864695e+03
-2.773397002002012807e-02 1.226040789690260521e-02 8.763747693913975442e-03 1.246946599771579789e-02 -1.813960335233209820e-02 1.422440225437223045e-02 -9.593561542275334432e+03
-2.774979418803310768e-02 1.221002325509068509e-02 8.835556441399650823e-03 1.251362008216720147e-02 -1.817814367628336689e-02 1.422244570154175720e-02 -9.599167214644490741e+03
-2.776560927505615506e-02 1.215948140959744600e-02 8.907456378998914945e-03 1.255771001023866205e-02 -1.821647483156492789e-02 1.422022917599615258e-02 -9.604770119907519984e+03
-2.778141526679729287e-02 1.210878201534095269e-02 8.979447216441963087e-03 1.260173356419871937e-02 -1.825459249357880634e-02 1.421772681966224083e-02 -9.610370254005110837e+03
-2.779721214897408824e-02 1.205792472324873979e-02 9.051528743145987113e-03 1.264569029777327762e-02 -1.829248305637519445e-02 1.421494334230777659e-02 -9.615967612901358734e+03
-2.781299990741358669e-02 1.200690918309705972e-02 9.123700632245615449e-03 1.268957872718797127e-02 -1.833017062426258934e-02 1.421187221202378261e-02 -9.621562192619214329e+03
-2.782877852744051680e-02 1.195573505152219829e-02 9.195962810687427144e-03 1.273339916098166665e-02 -1.836763001317188310e-02 1.420848665884389544e-02 -9.627153989009982979e+03
-2.784454799477327838e-02 1.190440197762985576e-02 9.268314961073432362e-03 1.277715079771309450e-02 -1.840486937324668434e-02 1.420483853573597730e-02 -9.632742998103438367e+03
-2.786030829454478469e-02 1.185290961504542433e-02 9.340756782799273725e-03 1.282083284563013612e-02 -1.844188147064518626e-02 1.420084471643405163e-02 -9.638329215723053494e+03
-2.787605941205642882e-02 1.180125760984204221e-02 9.413287907616037231e-03 1.286444435266670752e-02 -1.847866257937827786e-02 1.419656183003304567e-02 -9.643912637773522874e+03
-2.789180133277674792e-02 1.174944560133226075e-02 9.485907969429089107e-03 1.290798450593282944e-02 -1.851520881841036900e-02 1.419201337664456435e-02 -9.649493260232533430e+03
-2.790753404149725128e-02 1.169747323632311722e-02 9.558616555620652600e-03 1.295145045915973951e-02 -1.855153498566530085e-02 1.418712457584746581e-02 -9.655071078805458455e+03
-2.792325752364225103e-02 1.164534015217208972e-02 9.631413354555008743e-03 1.299484207400517823e-02 -1.858761150623330569e-02 1.418195553460156744e-02 -9.660646089423618832e+03
-2.793897176449933878e-02 1.159304598891933505e-02 9.704298031779304973e-03 1.303815746305116152e-02 -1.862346108259850877e-02 1.417649666756816938e-02 -9.666218287970694291e+03
-2.795467674919219908e-02 1.154059038619080664e-02 9.777270245445420296e-03 1.308139695672268406e-02 -1.865907507021049433e-02 1.417068780425055977e-02 -9.671787670251518648e+03
-2.797037246266671426e-02 1.148797298230208076e-02 9.850329756329637490e-03 1.312455771055319464e-02 -1.869445158815412344e-02 1.416462808954203727e-02 -9.677354231989089385e+03
-2.798605889047229428e-02 1.143519340536899853e-02 9.923476302845270214e-03 1.316763983902731298e-02 -1.872958635209847483e-02 1.415821937074243121e-02 -9.682917969161064320e+03
-2.800173601723532704e-02 1.138225129633735344e-02 9.996709617128245531e-03 1.321064329529221884e-02 -1.876447809810717279e-02 1.415154510306612136e-02 -9.688478877425521205e+03
-2.801740382795670295e-02 1.132914629125407122e-02 1.007002944783450156e-02 1.325356717737042646e-02 -1.879913066339782002e-02 1.414453256681851012e-02 -9.694036952587675842e+03
-2.803306230740214289e-02 1.127587802729146556e-02 1.014343546861301223e-02 1.329641089509674828e-02 -1.883353845897735995e-02 1.413718122275087370e-02 -9.699592190366352952e+03
-2.804871144080612819e-02 1.122244613345838547e-02 1.021692730028590790e-02 1.333917348421935836e-02 -1.886769476661753764e-02 1.412954418794571884e-02 -9.705144586668851844e+03
-2.806435121232201887e-02 1.116885024720138710e-02 1.029050454950375566e-02 1.338185362340319796e-02 -1.890159492224153387e-02 1.412156105739430061e-02 -9.710694137018099354e+03
-2.807998160676468055e-02 1.111508999145207482e-02 1.036416679576493936e-02 1.342444950309546782e-02 -1.893524620035180392e-02 1.411331746268894988e-02 -9.716240837211311373e+03
-2.809560260873722806e-02 1.106116498990068059e-02 1.043791356264957802e-02 1.346695921971233049e-02 -1.896864219669747859e-02 1.410470960992587890e-02 -9.721784682965220782e+03
-2.811121420260916451e-02 1.100707486757322544e-02 1.051174443984375338e-02 1.350938105749236069e-02 -1.900177229442005095e-02 1.409582335590293597e-02 -9.727325669911575460e+03
-2.812681637295174827e-02 1.095281924729296814e-02 1.058565907914339917e-02 1.355171519734890001e-02 -1.903464708703923869e-02 1.408656591184032254e-02 -9.732863793739674293e+03
-2.814240910424695499e-02 1.089839774934635644e-02 1.065965713885037164e-02 1.359395997190478676e-02 -1.906725771624928970e-02 1.407702996474041041e-02 -9.738399050074502156e+03
-2.815799238122295572e-02 1.084380998800998572e-02 1.073373833817794359e-02 1.363611437774112957e-02 -1.909961366966138677e-02 1.406714083991322112e-02 -9.743931434643758621e+03
-2.817356618832777410e-02 1.078905558145173624e-02 1.080790241946318932e-02 1.367817829279601230e-02 -1.913170152311962843e-02 1.405691653627796217e-02 -9.749460943084299288e+03
-2.818913050977658874e-02 1.073413415239202716e-02 1.088214906940387916e-02 1.372015109249228974e-02 -1.916352499924249900e-02 1.404636112096746547e-02 -9.754987570942714228e+03
-2.820468532977114459e-02 1.067904532335114780e-02 1.095647801130156598e-02 1.376203158938810005e-02 -1.919507907227196650e-02 1.403550683782012025e-02 -9.760511313771778077e+03
-2.822023063264843951e-02 1.062378871086248205e-02 1.103088884099578081e-02 1.380381893011251894e-02 -1.922636345535289060e-02 1.402428073320533680e-02 -9.766032167203649806e+03
-2.823576640258223039e-02 1.056836392991120782e-02 1.110538118973834754e-02 1.384551274500991046e-02 -1.925736820199192012e-02 1.401276357610525478e-02 -9.771550126832416936e+03
-2.825129262357219118e-02 1.051277059083531758e-02 1.117995451519079343e-02 1.388711021607609390e-02 -1.928810024121444325e-02 1.400093745457073845e-02 -9.777065188218010007e+03
-2.826680927934453053e-02 1.045700830387622307e-02 1.125460821533752660e-02 1.392861018476052211e-02 -1.931855335943953589e-02 1.398873151674281425e-02 -9.782577346828518785e+03
-2.828231635369235497e-02 1.040107667590027020e-02 1.132934182124613852e-02 1.397001107469060185e-02 -1.934872185873654990e-02 1.397616370844059069e-02 -9.788086598163188683e+03
-2.829781383044455145e-02 1.034497531081958639e-02 1.140415483886441511e-02 1.401131108436512278e-02 -1.937860904395459494e-02 1.396330996859117095e-02 -9.793592937740369962e+03
-2.831330169365775876e-02 1.028870380928312463e-02 1.147904697113461513e-02 1.405250952904692208e-02 -1.940821184125865115e-02 1.395008466844545152e-02 -9.799096361111754959e+03
-2.832877992724486954e-02 1.023226177365404131e-02 1.155401789807632834e-02 1.409360507843717206e-02 -1.943752457347238879e-02 1.393651813273551025e-02 -9.804596863736129308e+03
-2.834424851482569840e-02 1.017564880928743115e-02 1.162906728483383695e-02 1.413459743038641969e-02 -1.946654851039639894e-02 1.392259809229723887e-02 -9.810094440976368787e+03
-2.835970744050058528e-02 1.011886451290308457e-02 1.170419490423290146e-02 1.417548546755919257e-02 -1.949528450028472498e-02 1.390834929723262781e-02 -9.815589088403914502e+03
-2.837515668765665244e-02 1.006190849033459719e-02 1.177940036968389351e-02 1.421626866560161094e-02 -1.952372576891066996e-02 1.389374381708660157e-02 -9.821080801337629964e+03
-2.839059623996836174e-02 1.000478034101938765e-02 1.185468329186908226e-02 1.425694583432708662e-02 -1.955186818734682558e-02 1.387881799413225731e-02 -9.826569575233126670e+03
-2.840602608079522209e-02 9.947479665201520993e-03 1.193004320401751944e-02 1.429751665485720809e-02 -1.957971839688273791e-02 1.386352350634405782e-02 -9.832055405452207197e+03
-2.842144619353096507e-02 9.890006056448444674e-03 1.200547954125572199e-02 1.433797987586977844e-02 -1.960727387242040126e-02 1.384788424095945852e-02 -9.837538287396720989e+03
-2.843685656132138168e-02 9.832359106409272603e-03 1.208099160955960691e-02 1.437833315322437251e-02 -1.963452260317738104e-02 1.383191416812959776e-02 -9.843018216391235910e+03
-2.845225716750277717e-02 9.774538401790567113e-03 1.215657887879538490e-02 1.441857423461622746e-02 -1.966145960915427135e-02 1.381555088304285174e-02 -9.848495187851658557e+03
-2.846764799493832834e-02 9.716543534076154190e-03 1.223224082064043768e-02 1.445870090878635487e-02 -1.968809317281232374e-02 1.379883487460797226e-02 -9.853969196996398750e+03
-2.848302902712104498e-02 9.658374083457963583e-03 1.230797705027170466e-02 1.449871269455039677e-02 -1.971440871715741602e-02 1.378176295325114938e-02 -9.859440239245281191e+03
-2.849840024701938077e-02 9.600029638521977854e-03 1.238378721136161077e-02 1.453860772077318793e-02 -1.974041147626263981e-02 1.376429306527155415e-02 -9.864908309781354546e+03
-2.851376163801754363e-02 9.541509781088591477e-03 1.245967094576796476e-02 1.457838595885241340e-02 -1.976610032785012724e-02 1.374649196348032287e-02 -9.870373403953150046e+03
-2.852911318309336169e-02 9.482814094509328315e-03 1.253562790559242628e-02 1.461804593927604201e-02 -1.979147076394630403e-02 1.372833164928590616e-02 -9.875835516967696094e+03
-2.854445486528932319e-02 9.423942159835167059e-03 1.261165769879338434e-02 1.465758832640977859e-02 -1.981651783169220693e-02 1.370980809226802176e-02 -9.881294644091234659e+03
-2.855978836076344257e-02 9.364902139078399440e-03 1.268808592678531688e-02 1.469592205826029778e-02 -1.986444895103102112e-02 1.341620912554683173e-02 -9.886750722742539438e+03
-2.857511026576075447e-02 9.305676451463931048e-03 1.276425989208993840e-02 1.473522461315390428e-02 -1.988886193344955450e-02 1.339697050252187764e-02 -9.892203863808521419e+03
-2.859042395223456226e-02 9.246281145455430978e-03 1.284083370253441374e-02 1.477295664307314536e-02 -1.993169031317066145e-02 1.312710074743466890e-02 -9.897653946778120371e+03
-2.860572601021665537e-02 9.186700017905119128e-03 1.291714960896072489e-02 1.481201442101669902e-02 -1.995544960189370512e-02 1.310709629070792338e-02 -9.903101082414974371e+03
-2.862101811860957162e-02 9.126940526261874409e-03 1.299353551431900802e-02 1.485094573560350253e-02 -1.997887537985510928e-02 1.308673657226893175e-02 -9.908545208128192826e+03
-2.863630025965615070e-02 9.067002242790134572e-03 1.306999080957381952e-02 1.488974881599875420e-02 -2.000196041202010472e-02 1.306595866603533530e-02 -9.913986318974906681e+03
-2.865157241603095636e-02 9.006884728630013687e-03 1.314651502486670863e-02 1.492842289990808230e-02 -2.002470701115509691e-02 1.304484969606649510e-02 -9.919424410164561777e+03
-2.866683456992708684e-02 8.946587552327189830e-03 1.322310770197059927e-02 1.496696535832554853e-02 -2.004711297611047605e-02 1.302330178556801790e-02 -9.924859476693907709e+03
-2.868208849688088161e-02 8.886095725879056620e-03 1.329976942640005710e-02 1.500687906645094445e-02 -2.008737176514658815e-02 1.272371483169068736e-02 -9.930291455981659965e+03
-2.869733059365738373e-02 8.825437911576205358e-03 1.337649768912376261e-02 1.504515827620252731e-02 -2.010908894866742652e-02 1.270146704758770562e-02 -9.935720458596255412e+03
-2.871256263510475401e-02 8.764599124635253161e-03 1.345329305431466546e-02 1.508330495726081799e-02 -2.013045576177488818e-02 1.267882615862041089e-02 -9.941146421751203889e+03
-2.872778460360681310e-02 8.703578923063849324e-03 1.353015507907659280e-02 1.512131746374147968e-02 -2.015147879297949501e-02 1.265577679551694104e-02 -9.946569340601126896e+03
-2.874299648083650238e-02 8.642376872922829731e-03 1.360708322459653653e-02 1.515919451780784258e-02 -2.017215617889169324e-02 1.263237841985390998e-02 -9.951989210046978769e+03
-2.875819824891643478e-02 8.580992529955198608e-03 1.368407695288835144e-02 1.519693538773696576e-02 -2.019247788989516484e-02 1.260855972454205665e-02 -9.957406025150839923e+03
-2.877338988964871572e-02 8.519425448249181437e-03 1.376113556114925800e-02 1.523453680833439239e-02 -2.021243802997986158e-02 1.258435799535398587e-02 -9.962819780864680069e+03
-2.878857138448416564e-02 8.457675180899210110e-03 1.383825831108688974e-02 1.527199707201813521e-02 -2.023204220661611527e-02 1.255975646269224914e-02 -9.968230472030392775e+03
-2.880374271580607090e-02 8.395741265700430375e-03 1.391544449504141141e-02 1.530931489793400588e-02 -2.025127829136931512e-02 1.253477826735451169e-02 -9.973638093839290377e+03
-2.881890386467176116e-02 8.333623259604707595e-03 1.399269357143345660e-02 1.534648806401473983e-02 -2.027014206701579710e-02 1.250937248312910047e-02 -9.979042640968116757e+03
-2.883405481287647926e-02 8.271320705149395880e-03 1.407000492449530377e-02 1.538351553284627270e-02 -2.028863351233708284e-02 1.248356979890137379e-02 -9.984444108369034439e+03
-2.884919554201093375e-02 8.208833146977463635e-03 1.414737807583034065e-02 1.542039601461141045e-02 -2.030675490106071193e-02 1.245740941130747334e-02 -9.989842490893695867e+03
-2.886432770763602482e-02 8.146173407416463022e-03 1.422523388185583521e-02 1.545491881002807044e-02 -2.034280909913913776e-02 1.207148424022394875e-02 -9.995237725794011567e+03
-2.887944794353163036e-02 8.083314466489549543e-03 1.430272905918226166e-02 1.549150231572673196e-02 -2.036017743404762784e-02 1.204450022999333306e-02 -1.000062992322059290e+04
-2.889455790508969196e-02 8.020269145417162696e-03 1.438028456531659227e-02 1.552793550525705460e-02 -2.037717389038725194e-02 1.201706882577123492e-02 -1.000601902042173788e+04
-2.890965938472801755e-02 7.957018225381022603e-03 1.445785647259179366e-02 1.556627457689493087e-02 -2.041211496410952342e-02 1.163563874249977197e-02 -1.001140495438212201e+04
-2.892474874090969483e-02 7.893598761466877334e-03 1.453553081730913493e-02 1.560240315352113757e-02 -2.042834658967303263e-02 1.160744880470354970e-02 -1.001678783544552425e+04
-2.893982776566653148e-02 7.829991529966823585e-03 1.461326342110953573e-02 1.563837664326037796e-02 -2.044418947052198746e-02 1.157883744411041839e-02 -1.002216760043811337e+04
-2.895489644053103259e-02 7.766196049696816490e-03 1.469105356216844974e-02 1.567419369119353242e-02 -2.045964611170295738e-02 1.154980016912135650e-02 -1.002754424430350082e+04
-2.896995474601886736e-02 7.702211854694229060e-03 1.476890049803784334e-02 1.570985193495048893e-02 -2.047470065207327578e-02 1.152037256989570276e-02 -1.003291776161187045e+04
-2.898500266302602921e-02 7.638038471906438177e-03 1.484680355557297174e-02 1.574535000832591111e-02 -2.048935740707813480e-02 1.149051675559626187e-02 -1.003828814709212202e+04
-2.900004017218585362e-02 7.573675426535417428e-03 1.492476207407850836e-02 1.578068569856439299e-02 -2.050360667843358076e-02 1.146027113332675346e-02 -1.004365539538112171e+04
-2.901506725486754229e-02 7.509122231568178714e-03 1.500277545081547641e-02 1.581585744053063194e-02 -2.051746497625701882e-02 1.142956617914045632e-02 -1.004901950136426422e+04
-2.903008389124011809e-02 7.444378418950466092e-03 1.508084312701849644e-02 1.585086326044048838e-02 -2.053090632767587062e-02 1.139843429275539007e-02 -1.005438045944271107e+04
-2.904509006223571915e-02 7.379443506149303313e-03 1.515896451498162205e-02 1.588570225309870673e-02 -2.054394218841871372e-02 1.136691044634704356e-02 -1.005973826434054172e+04
-2.906008574842506784e-02 7.314317011680232170e-03 1.523713904120338122e-02 1.592037432301912636e-02 -2.055656984867132442e-02 1.133494252240397661e-02 -1.006509291067549202e+04
-2.907507092996707704e-02 7.248998454531007003e-03 1.531536605398667143e-02 1.595487696799323396e-02 -2.056878579247503960e-02 1.130257075253300256e-02 -1.007044439294010226e+04
-2.909004558758876077e-02 7.183487339257039681e-03 1.539364476068687954e-02 1.598920992235924529e-02 -2.058058727667504140e-02 1.126976085282791785e-02 -1.007579270584108235e+04
-2.910500970109240748e-02 7.117783179879671844e-03 1.547197437282670819e-02 1.602337069581621920e-02 -2.059196224737893169e-02 1.123652485996262142e-02 -1.008113784373933049e+04
-2.911996325083604162e-02 7.051885479277460525e-03 1.555035410982117880e-02 1.605735778594971977e-02 -2.060292220964548421e-02 1.120285890052729119e-02 -1.008647980124396418e+04
-2.913490621677358033e-02 6.985793743486672092e-03 1.562878324210620687e-02 1.609116919532688900e-02 -2.061344156277842773e-02 1.116875120951587967e-02 -1.009181857284678881e+04
-2.914983857855430599e-02 6.919507482286824281e-03 1.570726106365910937e-02 1.612480238836648885e-02 -2.062353697651332987e-02 1.113418228775949273e-02 -1.009715415291881800e+04
-2.916476202959472283e-02 6.853029986740152325e-03 1.578595012505466452e-02 1.615671600732160665e-02 -2.063662625787883453e-02 1.074078056494442816e-02 -1.010248647832833376e+04
-2.917967312323724999e-02 6.786353168832514118e-03 1.586452284743904845e-02 1.618998569387958622e-02 -2.064584600605856926e-02 1.070536861131731604e-02 -1.010781565885442615e+04
-2.919457355272926657e-02 6.719480318813853686e-03 1.594314196818349266e-02 1.622307154553468550e-02 -2.065463456438539763e-02 1.066951586495695076e-02 -1.011314163124822153e+04
-2.920946329789522039e-02 6.652410935289289687e-03 1.602180685895948295e-02 1.625597227109279105e-02 -2.066297500310563390e-02 1.063321478625880133e-02 -1.011846438988388036e+04
-2.922434233813348339e-02 6.585144518780526590e-03 1.610051680590461956e-02 1.628868724951627531e-02 -2.067087604523156277e-02 1.059647836116871071e-02 -1.012378392900861581e+04
-2.923921065370273242e-02 6.517680547343623204e-03 1.617927106483077124e-02 1.632121480636756009e-02 -2.067832871323229890e-02 1.055927269342211983e-02 -1.012910024325384984e+04
-2.925406822327832751e-02 6.450018519110188933e-03 1.625806883212731202e-02 1.635355362764515791e-02 -2.068532817201648374e-02 1.052166015956422333e-02 -1.013441332666654489e+04
-2.926891502626511807e-02 6.382157914080274427e-03 1.633690932737227181e-02 1.638570183087854210e-02 -2.069187346331376534e-02 1.048355262807790234e-02 -1.013972317360360466e+04
-2.928375104168981849e-02 6.314098218789946856e-03 1.641579178621126525e-02 1.641765667114989183e-02 -2.069795707209893740e-02 1.044501742039656740e-02 -1.014502977830040982e+04
-2.929857624896725632e-02 6.245838909811844003e-03 1.649471530894409607e-02 1.644941699140071642e-02 -2.070357844194561925e-02 1.040603101999357065e-02 -1.015033313514711517e+04
-2.931339062653442670e-02 6.177379474254306169e-03 1.657367898697180778e-02 1.648098034957931612e-02 -2.070873557539412713e-02 1.036658386266759053e-02 -1.015563323814973955e+04
-2.932819415402890956e-02 6.108719379093163412e-03 1.665268184493630399e-02 1.651234367128130362e-02 -2.071342203886302608e-02 1.032666302347564832e-02 -1.016093008175020987e+04
-2.934298681008480972e-02 6.039858107140635285e-03 1.673172310073359551e-02 1.654350465393159345e-02 -2.071764059030333296e-02 1.028632461471866259e-02 -1.016622365997668567e+04
-2.935776857415365107e-02 5.970795123039072949e-03 1.681080196756094824e-02 1.657446157695988825e-02 -2.072138187470132578e-02 1.024552024884546261e-02 -1.017151396715407282e+04
-2.937253942453769973e-02 5.901529909218764490e-03 1.688991773129280144e-02 1.660521364391745469e-02 -2.072464415941948843e-02 1.020420747656432085e-02 -1.017680099718500423e+04
-2.938729934046057854e-02 5.832061927043779778e-03 1.696906952728081952e-02 1.663575974657064555e-02 -2.072742781237724846e-02 1.016243701910977265e-02 -1.018208474438441772e+04
-2.940204830004343114e-02 5.762390648180221349e-03 1.704825658746260061e-02 1.666609854139134914e-02 -2.072971967401735643e-02 1.012023861736328564e-02 -1.018736520270887195e+04
-2.941678628170120088e-02 5.692515531424600927e-03 1.712747808045019318e-02 1.669622764524667999e-02 -2.073153096368872753e-02 1.007753241190236480e-02 -1.019264236625761805e+04
-2.943151326348156238e-02 5.622436037997630837e-03 1.720673311985641829e-02 1.672614626228033016e-02 -2.073284049591644224e-02 1.003436832227233740e-02 -1.019791622899135109e+04
-2.944622922422354683e-02 5.552151614691007257e-03 1.728602075691379816e-02 1.675585254975724830e-02 -2.073365910848024712e-02 9.990789040137199040e-03 -1.020318678517851731e+04
-2.946093586894407701e-02 5.481662088566409408e-03 1.736542471019095896e-02 1.678365382967676386e-02 -2.072546857066820056e-02 9.557316973081927264e-03 -1.020845397076056361e+04
-2.947562972087154273e-02 5.410966189559060849e-03 1.744477452394764885e-02 1.681292699990176442e-02 -2.072528919757316707e-02 9.512762976814758548e-03 -1.021371789533983974e+04
-2.949031248569358374e-02 5.340063727936656193e-03 1.752415402748082329e-02 1.684197804149180008e-02 -2.072460520042785151e-02 9.467711429292384809e-03 -1.021897849512922767e+04
-2.950498414124908333e-02 5.268954154698360197e-03 1.760356226199145946e-02 1.687080552018284385e-02 -2.072341024601643406e-02 9.422170075858878752e-03 -1.022423576395610689e+04
-2.951964466573545748e-02 5.197636909033679330e-03 1.768299829750011667e-02 1.689940700459963835e-02 -2.072170024046664574e-02 9.376149413773699620e-03 -1.022948969580885932e+04
-2.953429403662280461e-02 5.126111442790850896e-03 1.776246125747743543e-02 1.692778227710070235e-02 -2.071946648911029976e-02 9.329626118117211042e-03 -1.023474028444983196e+04
-2.954893223181996251e-02 5.054377194647177371e-03 1.784195019294866624e-02 1.695592957666450587e-02 -2.071671367905061553e-02 9.282674489685270938e-03 -1.023998752384415639e+04
-2.956355922879855269e-02 4.982433602585440401e-03 1.792146422545139173e-02 1.698384902474196073e-02 -2.071343723874860196e-02 9.235163723891421858e-03 -1.024523140780715948e+04
-2.957817500461072321e-02 4.910280105168205247e-03 1.800100240594644865e-02 1.701153806420296552e-02 -2.070962817753459889e-02 9.187203605411857488e-03 -1.025047193000706284e+04
-2.959277953669518096e-02 4.837916130835021034e-03 1.808056370700366830e-02 1.703899524710021304e-02 -2.070529309406706625e-02 9.138746437411100071e-03 -1.025570908427747781e+04
-2.960737280204657138e-02 4.765341112391493876e-03 1.816014718489645033e-02 1.706621774415110690e-02 -2.070041949090355854e-02 9.089816387425085631e-03 -1.026094286428438681e+04
-2.962195477804420440e-02 4.692554475186623379e-03 1.823975178972103359e-02 1.709320137312455440e-02 -2.069501093295286406e-02 9.040371643504643839e-03 -1.026617326384228181e+04
-2.963652544163805289e-02 4.619555645138122627e-03 1.831937649126194959e-02 1.711994292410101703e-02 -2.068906321120483893e-02 8.990436760015756146e-03 -1.027140027662097964e+04
-2.965108476945018182e-02 4.546344045294877130e-03 1.839902016617259509e-02 1.714643939684781446e-02 -2.068256914388276121e-02 8.940003872068969307e-03 -1.027662389614502899e+04
-2.966563273895640035e-02 4.472919082350043998e-03 1.847868159749511269e-02 1.717268928936729541e-02 -2.067552067949550779e-02 8.889066282982006906e-03 -1.028184411627414920e+04
-2.968016932646002498e-02 4.399280184248916675e-03 1.855835975902418722e-02 1.719869085740679399e-02 -2.066791639813270534e-02 8.837633830391154396e-03 -1.028706093042923749e+04
-2.969469450889623829e-02 4.325426766569314373e-03 1.863805357750322744e-02 1.722444379546136592e-02 -2.065975000319951460e-02 8.785671981459769464e-03 -1.029227433227664551e+04
-2.970920826275197379e-02 4.251358247645026234e-03 1.871776207954368998e-02 1.724994785098137376e-02 -2.065101895178994215e-02 8.733204338320107660e-03 -1.029748431532913855e+04
-2.972371056438758222e-02 4.177074038243322809e-03 1.879748430579055232e-02 1.727520015229939629e-02 -2.064172780421317382e-02 8.680267234493686812e-03 -1.030269087309815404e+04
-2.973820139018194114e-02 4.102573541258465982e-03 1.887721928901186369e-02 1.730019836691963631e-02 -2.063185820885148070e-02 8.626790030469006290e-03 -1.030789399914754722e+04
-2.975268071623244845e-02 4.027856158929205531e-03 1.895696602356195318e-02 1.732493962282622563e-02 -2.062142238204677999e-02 8.572796492897733628e-03 -1.031309368692882344e+04
-2.976714851831246261e-02 3.952921293662065017e-03 1.903672337209111678e-02 1.734942041523151665e-02 -2.061040340162747370e-02 8.518295654300145694e-03 -1.031828992979366922e+04
-2.978160477250582638e-02 3.877768338753576158e-03 1.911649008508067502e-02 1.737363789728904248e-02 -2.059881529929592781e-02 8.463273318676889020e-03 -1.032348272121922855e+04
-2.979604945491992271e-02 3.802396678383394152e-03 1.919626482296724751e-02 1.739758862463033906e-02 -2.058663287705593536e-02 8.407772404967197785e-03 -1.032867205467800886e+04
-2.981048254098715711e-02 3.726805706972692762e-03 1.927604618702060540e-02 1.742126951640759688e-02 -2.057386866412840368e-02 8.351718373862960718e-03 -1.033385792337051498e+04
-2.982490400665214689e-02 3.650994813692637429e-03 1.935583294635493182e-02 1.744468060347312277e-02 -2.056050500735853021e-02 8.295124112664409993e-03 -1.033904032068137167e+04
-2.983931382771264421e-02 3.574963389737255935e-03 1.943562402053678612e-02 1.746781995078245872e-02 -2.054653779495362390e-02 8.238075569159756736e-03 -1.034421923996036458e+04
-2.985371197946296712e-02 3.498710832344513987e-03 1.951541839692406272e-02 1.749068670418989571e-02 -2.053196811527391655e-02 8.180446550834235067e-03 -1.034939467439605687e+04
-2.986809843740246759e-02 3.422236525465355197e-03 1.959521510442192166e-02 1.751327811716071881e-02 -2.051678227407470814e-02 8.122311426126892567e-03 -1.035456661729152984e+04
-2.988247317635311234e-02 3.345539851070240562e-03 1.967501307111681891e-02 1.753559140455448334e-02 -2.050099665246172403e-02 8.063598056150117488e-03 -1.035973506174477734e+04
-2.989683617180120476e-02 3.268620169757860405e-03 1.975481107500991207e-02 1.755762429372716496e-02 -2.048458643248341968e-02 8.004411649860274439e-03 -1.036490000113478891e+04
-2.991118739848728017e-02 3.191476851055658186e-03 1.983460786094488545e-02 1.757937364074565328e-02 -2.046756498807499394e-02 7.944649975097469591e-03 -1.037006142854045174e+04
-2.992552683123493248e-02 3.114109257840341847e-03 1.991440201443888530e-02 1.760083570788619975e-02 -2.044992457913302752e-02 7.884409358820961000e-03 -1.037521933708347387e+04
-2.993985611124666199e-02 3.036531586594047073e-03 1.999460145066812161e-02 1.761718608675367712e-02 -2.041356749674904519e-02 7.344512094727577434e-03 -1.038037366189849308e+04
-2.995417188025006547e-02 2.958713528504470190e-03 2.007438562141979077e-02 1.763806654907803736e-02 -2.039466909796092825e-02 7.283152059455714859e-03 -1.038552451185141581e+04
-2.996847577931154374e-02 2.880669281258412592e-03 2.015416281709355231e-02 1.765865212474255347e-02 -2.037513447086224810e-02 7.221261661669765505e-03 -1.039067182205848985e+04
-2.998276778279332366e-02 2.802398212494366068e-03 2.023393196034366931e-02 1.767894058474874658e-02 -2.035495599323895732e-02 7.158848394420767522e-03 -1.039581558548949215e+04
-2.999704786558959196e-02 2.723899675304045434e-03 2.031369196328850976e-02 1.769893047636351621e-02 -2.033412244628137605e-02 7.095834600835457424e-03 -1.040095579535497927e+04
-3.001131600085338302e-02 2.645173046230015271e-03 2.039344159327827546e-02 1.771861935807428692e-02 -2.031263843879819314e-02 7.032333532750293520e-03 -1.040609244419035167e+04
-3.002557216363465134e-02 2.566217651909806496e-03 2.047317957033400679e-02 1.773800533188912149e-02 -2.029049939156360449e-02 6.968261616555180074e-03 -1.041122552529519453e+04
-3.003981632722326975e-02 2.487032841223935694e-03 2.055290451998435450e-02 1.775708567442528182e-02 -2.026770256484255323e-02 6.903638119145312675e-03 -1.041635503132925987e+04
-3.005404846560550888e-02 2.407617944112390180e-03 2.063261493283986142e-02 1.777585776401498924e-02 -2.024424622213787453e-02 6.838480914988592785e-03 -1.042148095519147319e+04
-3.006826855275520141e-02 2.327972287236778400e-03 2.071230926123043478e-02 1.779431895600870270e-02 -2.022012651795028829e-02 6.772739448035937186e-03 -1.042660328977839708e+04
-3.008247656165307163e-02 2.248095211296143210e-03 2.079198585449953951e-02 1.781246426269363081e-02 -2.019534400957281872e-02 6.706475413351078128e-03 -1.043172202762926463e+04
-3.009667246606562846e-02 2.167986041241321774e-03 2.087164318665623436e-02 1.783029163076885193e-02 -2.016988055734356827e-02 6.639629913596957825e-03 -1.043683716161592019e+04
-3.011085623950299217e-02 2.087644105189029407e-03 2.095127994767409171e-02 1.784779649690095699e-02 -2.014373427074112391e-02 6.572255784110754562e-03 -1.044194868456415315e+04
-3.012502785498414465e-02 2.007068737889982496e-03 2.103089492887877734e-02 1.786497852639110095e-02 -2.011689143039241054e-02 6.504300241569584834e-03 -1.044705658911913815e+04
-3.013918728511493991e-02 1.926259279050418667e-03 2.111048692188179782e-02 1.788183409502461588e-02 -2.008935762582867227e-02 6.435813270925280771e-03 -1.045216086774099131e+04
-3.015333450350769426e-02 1.845215039200007049e-03 2.119005439530915330e-02 1.789836143682480007e-02 -2.006112150270953493e-02 6.366719521794719262e-03 -1.045726151329315144e+04
-3.016746948262022041e-02 1.763935341214688994e-03 2.126959573947301979e-02 1.791455918678945547e-02 -2.003218917511364813e-02 6.297082282909062349e-03 -1.046235851817770526e+04
-3.018159219542071101e-02 1.682419488491062156e-03 2.134910939867580570e-02 1.793042497204754004e-02 -2.000255190035241104e-02 6.226853760352494584e-03 -1.046745187502456974e+04
-3.019570261435400305e-02 1.600666784843810973e-03 2.142859379019527305e-02 1.794595594850957251e-02 -1.997221668734967120e-02 6.156060934883853149e-03 -1.047254157627749919e+04
-3.020980071212423304e-02 1.518676522870432335e-03 2.150804728187294054e-02 1.796114802213741660e-02 -1.994116458418053461e-02 6.084698367320840774e-03 -1.047762761450958351e+04
-3.022388646049580657e-02 1.436448006740128095e-03 2.158746817765254053e-02 1.797599640812515623e-02 -1.990939365416712417e-02 6.012748380267614323e-03 -1.048270998200517533e+04
-3.023795983212044722e-02 1.353980521370228528e-03 2.166685487908237562e-02 1.799049812045133701e-02 -1.987690092457572097e-02 5.940284693685215708e-03 -1.048778867142674608e+04
-3.025202079827660900e-02 1.271273380755834044e-03 2.174620589436006626e-02 1.800464943313166005e-02 -1.984367651835741361e-02 5.867205274050733832e-03 -1.049286367489886834e+04
-3.026606933151345866e-02 1.188325868858035924e-03 2.182551981496363980e-02 1.801844831105382794e-02 -1.980970926193295970e-02 5.793566478271165721e-03 -1.049793498506026663e+04
-3.028010540263544048e-02 1.105137296803014634e-03 2.190479513068924189e-02 1.803189260257647905e-02 -1.977500044897252326e-02 5.719322946980845077e-03 -1.050300259381664182e+04
-3.029412898431851908e-02 1.021706933445709229e-03 2.198403015293392410e-02 1.804498057103451000e-02 -1.973954808286649404e-02 5.644495943685823303e-03 -1.050806649379424562e+04
-3.030814004759023461e-02 9.380340719031810253e-04 2.206322305112753610e-02 1.805770968180624159e-02 -1.970334770114363573e-02 5.569088923716258681e-03 -1.051312667699742997e+04
-3.032213856400543112e-02 8.541179855709377360e-04 2.214237207332340335e-02 1.807007702842720540e-02 -1.966638989528700712e-02 5.493078483319509611e-03 -1.051818313566189863e+04
-3.033612450476984301e-02 7.699579406331341419e-04 2.222147557577586197e-02 1.808208046329947555e-02 -1.962868369527677806e-02 5.416478876345464689e-03 -1.052323586192777293e+04
-3.035009784152986959e-02 6.855531853744710772e-04 2.230053177384069135e-02 1.809371437600568525e-02 -1.959020649395075420e-02 5.339302851455507426e-03 -1.052828484815429874e+04
-3.036405854434467977e-02 6.009029953903092950e-04 2.237953888035558794e-02 1.810497417647794621e-02 -1.955097055613298079e-02 5.261567119117041731e-03 -1.053333008615301151e+04
-3.037800658393126699e-02 5.160066288605575464e-04 2.245849509211534159e-02 1.811585720362682631e-02 -1.951095323704951298e-02 5.183230666260974819e-03 -1.053837156804135157e+04
-3.039194193082831938e-02 4.308633525663652878e-04 2.253739874546676139e-02 1.812635934745417815e-02 -1.947015163058809714e-02 5.104298086491952657e-03 -1.054340928583974164e+04
-3.040586455512977321e-02 3.454724367867781213e-04 2.261624814903117134e-02 1.813647946182950221e-02 -1.942857005720200619e-02 5.024748984799044284e-03 -1.054844323136166349e+04
-3.041977442844201809e-02 2.598331099637181483e-04 2.269504163386420678e-02 1.814621388722745254e-02 -1.938618876502617300e-02 4.944612474619958058e-03 -1.055347339701715464e+04
-3.043367151982047034e-02 1.739446436405544963e-04 2.277377732602815785e-02 1.815556081443074968e-02 -1.934300902915291054e-02 4.863858844447016203e-03 -1.055849977422384291e+04
-3.044755579983019975e-02 8.780627333650065634e-05 2.285245315790559659e-02 1.816451711111552458e-02 -1.929902555453009982e-02 4.782523889558113264e-03 -1.056352235499807830e+04
-3.046142723854697656e-02 1.417239581783727047e-06 2.293106722314939769e-02 1.817308018582312890e-02 -1.925424088904213737e-02 4.700553085438422506e-03 -1.056854113114977190e+04
-3.047528580562141459e-02 -8.522322578798903427e-05 2.300961769407926585e-02 1.818124612421450140e-02 -1.920864340815108678e-02 4.618013766813572514e-03 -1.057355609437671410e+04
-3.048913147131788320e-02 -1.721159171352889660e-04 2.308810261879221809e-02 1.818901028417689927e-02 -1.916223664786710287e-02 4.534860162123639099e-03 -1.057856723672588123e+04
-3.050296420421423280e-02 -2.592615939858240108e-04 2.316651996376823189e-02 1.819636865364972905e-02 -1.911501287689220882e-02 4.451097242247001318e-03 -1.058357454961574695e+04
-3.051678397337857784e-02 -3.466610285406780201e-04 2.324486787553765865e-02 1.820331701721414688e-02 -1.906695213090826846e-02 4.366756898591762914e-03 -1.058857802472690673e+04
-3.053059074742865350e-02 -4.343149922658714004e-04 2.332314440614121492e-02 1.820985317015818075e-02 -1.901806618465342116e-02 4.281848237486468416e-03 -1.059357765363450744e+04
-3.054438616445157365e-02 -5.222097092503069637e-04 2.340170377947397087e-02 1.820998285723729113e-02 -1.892898797518672779e-02 3.672471075005266389e-03 -1.059857337038215519e+04
-3.055816685594917384e-02 -6.103750782411503442e-04 2.347983186271743530e-02 1.821568442611379290e-02 -1.887839680640292922e-02 3.586297769202878918e-03 -1.060356528164472729e+04
-3.057193445997822071e-02 -6.987973553429498597e-04 2.355788259948944641e-02 1.822096429268553128e-02 -1.882695289573635064e-02 3.499471176850357801e-03 -1.060855332161210026e+04
-3.058568894426982529e-02 -7.874773186472111249e-04 2.363585379349617682e-02 1.822581938959462466e-02 -1.877465721598154877e-02 3.412001024416418983e-03 -1.061353748138293668e+04
-3.059943027813291638e-02 -8.764157838129395381e-04 2.371374337724027268e-02 1.823024625012698713e-02 -1.872149751555914066e-02 3.323962309754997443e-03 -1.061851775266528421e+04
-3.061315842931490797e-02 -9.656135493128102307e-04 2.379154920404180640e-02 1.823424096150860763e-02 -1.866748105551140069e-02 3.235250297921212284e-03 -1.062349412658897381e+04
-3.062687336595181289e-02 -1.055071436027586523e-03 2.386926916224202042e-02 1.823779895938772849e-02 -1.861259760868179403e-02 3.145954646895189177e-03 -1.062846659460175761e+04
-3.064057505528721206e-02 -1.144790248335568819e-03 2.394690113286275165e-02 1.824091602890313621e-02 -1.855682519109149234e-02 3.056053266441156446e-03 -1.063343514789223809e+04
-3.065426346486343698e-02 -1.234770800360094224e-03 2.402444299884473611e-02 1.824358878838685041e-02 -1.850017097201335156e-02 2.965522072395762512e-03 -1.063839977777325475e+04
-3.066793856180237768e-02 -1.325013906084281925e-03 2.410189258644255053e-02 1.824581356685708172e-02 -1.844261490043076074e-02 2.874367064984901209e-03 -1.064336047532270277e+04
-3.068160031405612123e-02 -1.415520399673205745e-03 2.417924762479748552e-02 1.824758736409745619e-02 -1.838415437505356437e-02 2.782583006736795515e-03 -1.064831723187603711e+04
-3.069524868826342678e-02 -1.506291098368882798e-03 2.425650590544797813e-02 1.824890662367439215e-02 -1.832479227741250910e-02 2.690154515972396909e-03 -1.065327003826704822e+04
-3.070888365216717375e-02 -1.597326856834860483e-03 2.433366507072210264e-02 1.824976746524146695e-02 -1.826451789699695336e-02 2.597073884245884069e-03 -1.065821888581904204e+04
-3.072250517288482169e-02 -1.688628520160633060e-03 2.441072277785062694e-02 1.825016526704978728e-02 -1.820333153532253251e-02 2.503384228547322551e-03 -1.066316376561688958e+04
-3.073611321697138424e-02 -1.780196923097937664e-03 2.448767675456156589e-02 1.825009727980062349e-02 -1.814123578276583340e-02 2.409062415924017458e-03 -1.066810466850572448e+04
-3.074970775029125039e-02 -1.872032900557259226e-03 2.456452470016383394e-02 1.824955893398218579e-02 -1.807821713081124784e-02 2.314098481054533557e-03 -1.067304158518159784e+04
-3.076328873992847587e-02 -1.964137328538723484e-03 2.464126421664121838e-02 1.824854711458856818e-02 -1.801426594552356375e-02 2.218517250219959047e-03 -1.067797450695489533e+04
-3.077685615107421044e-02 -2.056511047127878005e-03 2.471789290283890259e-02 1.824705694929214597e-02 -1.794936783820065204e-02 2.122312759128123106e-03 -1.068290342440641689e+04
-3.079040994932878694e-02 -2.149154908417147836e-03 2.479440825625716174e-02 1.824508561467462486e-02 -1.788351320329494010e-02 2.025503195542818161e-03 -1.068782832821956617e+04
-3.080395010152598562e-02 -2.242069803035419591e-03 2.487080790160771035e-02 1.824262865646605197e-02 -1.781670510243719627e-02 1.927976127559936003e-03 -1.069274920957007998e+04
-3.081747657162386966e-02 -2.335256563656003780e-03 2.494708934799716449e-02 1.823968105425667965e-02 -1.774893216411276009e-02 1.829839932799629193e-03 -1.069766605846033781e+04
-3.083098932693711935e-02 -2.428716113861383898e-03 2.502325005262496724e-02 1.823623895313717172e-02 -1.768020039976909291e-02 1.731034740429575076e-03 -1.070257886625254469e+04
-3.084448833151313268e-02 -2.522449313210487019e-03 2.509928743799762219e-02 1.823229668430461151e-02 -1.761049485487091448e-02 1.631592856035756021e-03 -1.070748762310052552e+04
-3.085797355050633531e-02 -2.616457046064346332e-03 2.517519902200511181e-02 1.822785172101943491e-02 -1.753982116670628477e-02 1.531487293254478856e-03 -1.071239231959170684e+04
-3.087144495001989397e-02 -2.710740222426095882e-03 2.525098235221528986e-02 1.822290032002260238e-02 -1.746816438417995998e-02 1.430810014871790672e-03 -1.071729294665160160e+04
-3.088490249311925603e-02 -2.805299697844080512e-03 2.532663465233118277e-02 1.821743896162259652e-02 -1.739552910750053957e-02 1.329465849291264863e-03 -1.072218949407507898e+04
-3.089834614525638345e-02 -2.900136397518889540e-03 2.540215320123890078e-02 1.821146506374221943e-02 -1.732188586039161080e-02 1.227497229449234922e-03 -1.072708195273984893e+04
-3.091177586991420909e-02 -2.995251207233473861e-03 2.547753532231064599e-02 1.820497359466801204e-02 -1.724723595816745822e-02 1.124859532565450262e-03 -1.073197031278649047e+04
-3.092519163152765774e-02 -3.090645044797004151e-03 2.555277833235510346e-02 1.819795882427038478e-02 -1.717156241162526992e-02 1.021589991830264233e-03 -1.073685456469815654e+04
-3.093859339335956748e-02 -3.186318821074664038e-03 2.562787955142440885e-02 1.819041558172951323e-02 -1.709487908901984043e-02 9.176178159160152184e-04 -1.074173469852355265e+04
-3.095198111911797584e-02 -3.282273462581594171e-03 2.570283617787528022e-02 1.818233790135759601e-02 -1.701716469557137956e-02 8.129780973561201354e-04 -1.074661070448853570e+04
-3.096535477231778660e-02 -3.378509897762906576e-03 2.577764534340190941e-02 1.817372106504980614e-02 -1.693842840889226223e-02 7.077393768064753257e-04 -1.075148257274298703e+04
-3.097871431666339784e-02 -3.475029061379488870e-03 2.585230427593070840e-02 1.816456221971831861e-02 -1.685865659584456430e-02 6.018080363799031135e-04 -1.075635029352916899e+04
-3.099205971537275298e-02 -3.571831881867270752e-03 2.592681019607650031e-02 1.815485772555748209e-02 -1.677784310352229899e-02 4.952797710143975627e-04 -1.076121385680624189e+04
-3.100539093097917295e-02 -3.668919282888768486e-03 2.600116014603367706e-02 1.814460552220805226e-02 -1.669598082713522058e-02 3.880800818500882419e-04 -1.076607325233829579e+04
-3.101870792727912801e-02 -3.766292229957705733e-03 2.607535113262004350e-02 1.813380119049438563e-02 -1.661306201632878690e-02 2.802577357694102525e-04 -1.077092847056340725e+04
-3.103201066535835398e-02 -3.863951643251432172e-03 2.614938025505604904e-02 1.812244031409474335e-02 -1.652907224062058478e-02 1.717544849830167819e-04 -1.077577950096813402e+04
-3.104529910713834176e-02 -3.961898478984109476e-03 2.622324449383224218e-02 1.811051574215539681e-02 -1.644400617561894012e-02 6.256625290348295624e-05 -1.078062633338655178e+04
-3.105857321460372619e-02 -4.060133707194041666e-03 2.629694086102309092e-02 1.809802102384908476e-02 -1.635786336659953918e-02 -4.727115311395999612e-05 -1.078546895763787325e+04
-3.107183295022029890e-02 -4.158658320531147604e-03 2.637046623998755626e-02 1.808495052562948333e-02 -1.627063126388235068e-02 -1.577183395147700544e-04 -1.079030736373316904e+04
-3.108507827484211644e-02 -4.257473270525171175e-03 2.644381741401667651e-02 1.807129991250562215e-02 -1.618231137658616287e-02 -2.688612389674296249e-04 -1.079514154092740864e+04
-3.109830915047934533e-02 -4.356579538272164001e-03 2.651699125832177734e-02 1.805706491651810561e-02 -1.609289670326151389e-02 -3.806936369035991241e-04 -1.079997147897609830e+04
-3.111152553870415519e-02 -4.455978108614600149e-03 2.658998470058519109e-02 1.804224329269301166e-02 -1.600236857626390410e-02 -4.931525504394466920e-04 -1.080479716750685839e+04
-3.112472740021089007e-02 -4.555669956130483852e-03 2.666279457310241977e-02 1.802683070332065582e-02 -1.591072886095518460e-02 -6.062511079004844795e-04 -1.080961859583332625e+04
-3.113791469607828100e-02 -4.655656078993966086e-03 2.673541776520545893e-02 1.801082404217431779e-02 -1.581797019230237605e-02 -7.200231634899044225e-04 -1.081443575362490446e+04
-3.115108738559376617e-02 -4.755937446793382685e-03 2.680785099806216529e-02 1.799421674125280951e-02 -1.572408228796371571e-02 -8.344401451600808820e-04 -1.081924862995307376e+04
-3.116424542944057005e-02 -4.856515084049136191e-03 2.688009085269287349e-02 1.797700253566989273e-02 -1.562905281986741099e-02 -9.494846033603404276e-04 -1.082405721443340190e+04
-3.117738878770922456e-02 -4.957390010515577011e-03 2.695213388404619353e-02 1.795917424470896279e-02 -1.553288622533220351e-02 -1.065234856789410442e-03 -1.082886149636557820e+04
-3.119051902266663928e-02 -5.058532185288152142e-03 2.702518026731420830e-02 1.792826439246397383e-02 -1.535954962112203587e-02 -1.699420616558101546e-03 -1.083366140696105322e+04
-3.120363288840480309e-02 -5.160004733592428276e-03 2.709681913867376807e-02 1.790919330393055120e-02 -1.526107065096311832e-02 -1.816485281190892247e-03 -1.083845705083319444e+04
-3.121673361895815554e-02 -5.261763951820090657e-03 2.716854325375239743e-02 1.788154114640408410e-02 -1.509688839788088030e-02 -2.425351098865662254e-03 -1.084324830156449025e+04
-3.122981783076419354e-02 -5.363838242277581790e-03 2.723976422878267301e-02 1.786120857401608808e-02 -1.499606908850928920e-02 -2.543768784397394764e-03 -1.084803526394386790e+04
-3.124288715430425384e-02 -5.466214962576319489e-03 2.731077129049584371e-02 1.784023862373496083e-02 -1.489406547619969226e-02 -2.662807896628645570e-03 -1.085281786918208309e+04
-3.125594154732620755e-02 -5.568895134543023345e-03 2.738156089379397209e-02 1.781862716835905247e-02 -1.479087453559825398e-02 -2.782521596555702012e-03 -1.085759610590159537e+04
-3.126898096810328681e-02 -5.671879802502366973e-03 2.745212932295785016e-02 1.779636877776745799e-02 -1.468649152348238708e-02 -2.902847644498508448e-03 -1.086236996299375278e+04
-3.128200537469943976e-02 -5.775170018632564718e-03 2.752247277686105040e-02 1.777345669440456855e-02 -1.458091123810982721e-02 -3.023859513666125529e-03 -1.086713942919834517e+04
-3.129501472569832382e-02 -5.878766864718055520e-03 2.759258726318433372e-02 1.774988440830216688e-02 -1.447412229349600600e-02 -3.145512218115482754e-03 -1.087190449343609725e+04
-3.130800897866962279e-02 -5.982671414634847459e-03 2.766246889534057854e-02 1.772564698813587289e-02 -1.436611774545103887e-02 -3.267890805311616728e-03 -1.087666514429200288e+04
-3.132098809029742331e-02 -6.086884727777321785e-03 2.773211386437002268e-02 1.770073798002171073e-02 -1.425687991360591496e-02 -3.390917294606784083e-03 -1.088142137000363982e+04
-3.133395201888950626e-02 -6.191407920805590964e-03 2.780151869954662625e-02 1.767515141950426125e-02 -1.414639616486962001e-02 -3.514573307847946790e-03 -1.088617315961582426e+04
-3.134690072018914836e-02 -6.296242049222840718e-03 2.787067958803243761e-02 1.764888235971432892e-02 -1.403466994880132011e-02 -3.638932271442473637e-03 -1.089092050115861821e+04
-3.135983415130325774e-02 -6.401388216106799166e-03 2.793959269868050502e-02 1.762192607650414980e-02 -1.392169768968406530e-02 -3.763909212572337081e-03 -1.089566338320169598e+04
-3.137275226833819569e-02 -6.506847509810869366e-03 2.800825411138906443e-02 1.759427791379151312e-02 -1.380746373353042462e-02 -3.889532259809566888e-03 -1.090040179395731320e+04
-3.138565502762336035e-02 -6.612621029606360716e-03 2.807665968655760971e-02 1.756593219248155091e-02 -1.369196647091410618e-02 -4.015814088789288784e-03 -1.090513572175993249e+04
-3.139854238483778121e-02 -6.718709877562117384e-03 2.814480491953518307e-02 1.753688323966563767e-02 -1.357520195447687802e-02 -4.142763123200836513e-03 -1.090986515468381913e+04
-3.141141429627829218e-02 -6.825115192532428890e-03 2.821268555283824170e-02 1.750712562263503219e-02 -1.345715495668121583e-02 -4.270329048326865738e-03 -1.091459008108725902e+04
-3.142427071623499213e-02 -6.931838086707524035e-03 2.828029745245030577e-02 1.747665097872944107e-02 -1.333782866840121234e-02 -4.398580702775980664e-03 -1.091931048864991135e+04
-3.143711160053903192e-02 -7.038879725257333846e-03 2.834763660695393747e-02 1.744545240475989245e-02 -1.321719534093630626e-02 -4.527490978671450637e-03 -1.092402636573377276e+04
-3.144993690320362079e-02 -7.146241230941197814e-03 2.841469904391115409e-02 1.741352410128079245e-02 -1.309524610287502930e-02 -4.657041713255170856e-03 -1.092873769994191571e+04
-3.146274657903384842e-02 -7.253923756678287531e-03 2.848148054717812919e-02 1.738086054667055402e-02 -1.297197435676909760e-02 -4.787261598315058209e-03 -1.093344447925303211e+04
-3.147554058205352667e-02 -7.361928441352976957e-03 2.854797667553167842e-02 1.734745558750642666e-02 -1.284738549092366393e-02 -4.918163543893660714e-03 -1.093814669128591777e+04
-3.148831886644292560e-02 -7.470256441513996142e-03 2.861418285170566622e-02 1.731330511389808993e-02 -1.272145419423422255e-02 -5.049688374830244193e-03 -1.094284432381724400e+04
-3.150108138532205226e-02 -7.578908894712856406e-03 2.868009437422757227e-02 1.727840395774702179e-02 -1.259419738668993670e-02 -5.181834227577076721e-03 -1.094753736423097143e+04
-3.151382809342888336e-02 -7.687887007368649980e-03 2.874570651831805795e-02 1.724274516201648039e-02 -1.246559233309388684e-02 -5.314622027190614093e-03 -1.095222580063646819e+04
-3.152655894214204113e-02 -7.797191921616629558e-03 2.881101471754276069e-02 1.720632204470362234e-02 -1.233564137050208176e-02 -5.447989778742929820e-03 -1.095690961984028945e+04
-3.153927388504774304e-02 -7.906824859733612224e-03 2.887601448720588868e-02 1.716912660451400466e-02 -1.220432511189083191e-02 -5.582042265048148093e-03 -1.096158880960703937e+04
-3.155197287487163799e-02 -8.016787026127385890e-03 2.894070146680214825e-02 1.713115129982632073e-02 -1.207163348676681958e-02 -5.716798037759843361e-03 -1.096626335730783467e+04
-3.156465586309339239e-02 -8.127079606252576513e-03 2.900507101303979873e-02 1.709239035920329455e-02 -1.193754773019913874e-02 -5.852172916199675258e-03 -1.097093324990228757e+04
-3.157732280195008068e-02 -8.237703817576422227e-03 2.906911819950791856e-02 1.705283733261117596e-02 -1.180205733897650607e-02 -5.988217999611823543e-03 -1.097559847472120782e+04
-3.158997364258037122e-02 -8.348660854507212320e-03 2.913283797851269966e-02 1.701248685991577775e-02 -1.166516952780377418e-02 -6.124905717187619121e-03 -1.098025901861441525e+04
-3.160260833691101029e-02 -8.459951947330787009e-03 2.919622531820615166e-02 1.697133230094466372e-02 -1.152687760584056136e-02 -6.262174225516540897e-03 -1.098491486891635031e+04
-3.161522683587111165e-02 -8.571578318769793384e-03 2.925927509368209459e-02 1.692936781620399400e-02 -1.138717128251734087e-02 -6.400006796971556208e-03 -1.098956601255885835e+04
-3.162782908941407650e-02 -8.683541180338446783e-03 2.932198214886570786e-02 1.688658671133333802e-02 -1.124605739447751863e-02 -6.538503739155766305e-03 -1.099421243605525888e+04
-3.164041504856363041e-02 -8.795841794519202589e-03 2.938434155388440841e-02 1.684298016493644690e-02 -1.110351299690976422e-02 -6.677615516530894038e-03 -1.099885412639210153e+04
-3.165298466288470752e-02 -8.908481413150152323e-03 2.944634836675399242e-02 1.679854218545001263e-02 -1.095951535992953016e-02 -6.817366966003826460e-03 -1.100349107005778205e+04
-3.166553788288961613e-02 -9.021461321020825957e-03 2.950799745857549117e-02 1.675326518887869376e-02 -1.081406244177267849e-02 -6.957763120891110112e-03 -1.100812325394674917e+04
-3.167807465772121828e-02 -9.134782778005870810e-03 2.956928341501626617e-02 1.670714328771733675e-02 -1.066713377325589386e-02 -7.098802857410527536e-03 -1.101275066450911982e+04
-3.169059653964803602e-02 -9.248416469678060955e-03 2.963130229042925182e-02 1.664633422366360027e-02 -1.043189379340677542e-02 -7.716967779596532219e-03 -1.101737322999223761e+04
-3.170310026995691588e-02 -9.362424849174801056e-03 2.969184571546528914e-02 1.659849917288497637e-02 -1.028201796027335656e-02 -7.859211891804523953e-03 -1.102199105297449751e+04
-3.171558739991978126e-02 -9.476778592070383977e-03 2.975200968742485602e-02 1.654979684233912410e-02 -1.013065982896126614e-02 -8.002048011860319471e-03 -1.102660406133194556e+04
-3.172805787834034885e-02 -9.591479008833309061e-03 2.981178848780711640e-02 1.650021961584819882e-02 -9.977814703774477711e-03 -8.145421528243259809e-03 -1.103121224149644149e+04
-3.174051165289770715e-02 -9.706527392293816739e-03 2.987117647712592139e-02 1.644976010268612773e-02 -9.823460445724258722e-03 -8.289473056414682281e-03 -1.103581557944774795e+04
-3.175294867152805151e-02 -9.821925069304550393e-03 2.993016795709571923e-02 1.639841234323070537e-02 -9.667595672289785655e-03 -8.434104457104914243e-03 -1.104041406133342025e+04
-3.176536888098592526e-02 -9.937673359172886911e-03 2.998875718822809414e-02 1.634616958133692718e-02 -9.510196442827122468e-03 -8.579281795813227182e-03 -1.104500767291970624e+04
-3.177777387873685633e-02 -1.005375456015393694e-02 3.004734006298824187e-02 1.628334830299878536e-02 -9.277581727989550608e-03 -9.234922639170440109e-03 -1.104959634260361236e+04
-3.179016031000569259e-02 -1.017020808011522177e-02 3.010510734751709744e-02 1.622929306849838632e-02 -9.117099799462766857e-03 -9.381350032811746481e-03 -1.105418017115636758e+04
-3.180252977121805769e-02 -1.028701625128101808e-02 3.016245485615501667e-02 1.617431717972470442e-02 -8.955065736299091042e-03 -9.528354215521001383e-03 -1.105875908688647360e+04
-3.181488220704556391e-02 -1.040418040855618613e-02 3.021937657977207328e-02 1.611841348701342422e-02 -8.791480743837556608e-03 -9.675928852467352223e-03 -1.106333307506152232e+04
-3.182721756288896253e-02 -1.052170191627260602e-02 3.027586640680875879e-02 1.606157375484811370e-02 -8.626328587895118818e-03 -9.824067504128909320e-03 -1.106790212120435535e+04
-3.183953578357510972e-02 -1.063958213418382190e-02 3.033191794970099484e-02 1.600378940948270906e-02 -8.459590553699960352e-03 -9.972763426353442942e-03 -1.107246621058174060e+04
-3.185183681437325082e-02 -1.075782245224400982e-02 3.038752466215087489e-02 1.594505513741974884e-02 -8.291258799309718375e-03 -1.012206432666932880e-02 -1.107702532860747851e+04
-3.186412059906913036e-02 -1.087642423757555384e-02 3.044268016114334841e-02 1.588536456803993011e-02 -8.121326151890040368e-03 -1.027188045457020846e-02 -1.108157946018116309e+04
-3.187638708290743000e-02 -1.099538892626563714e-02 3.049737827862395237e-02 1.582471025498745354e-02 -7.949780720732295067e-03 -1.042229045937252685e-02 -1.108612859095545355e+04
-3.188863620743762756e-02 -1.111471786836556661e-02 3.055161253686564451e-02 1.576308252815032673e-02 -7.776620506229230123e-03 -1.057327242653438928e-02 -1.109067270519369958e+04
-3.190086948699948077e-02 -1.123437291762227098e-02 3.060723935164361489e-02 1.568133822982298656e-02 -7.481105698895451975e-03 -1.114370679846535088e-02 -1.109521173050604193e+04
-3.191308372281192324e-02 -1.135443469937283921e-02 3.066052593979377155e-02 1.561773381967349224e-02 -7.304685094103911293e-03 -1.129574598442964484e-02 -1.109974576724166582e+04
-3.192528042645608605e-02 -1.147486502795720502e-02 3.071332875188618680e-02 1.555312752200873651e-02 -7.126623042282307328e-03 -1.144830100727576086e-02 -1.110427474197514493e+04
-3.193745953996964676e-02 -1.159566535255658268e-02 3.076564065646440402e-02 1.548751289139192050e-02 -6.946902252759782313e-03 -1.160138289510051317e-02 -1.110879863925067548e+04
-3.194962100519126158e-02 -1.171683712176468418e-02 3.081745454484453167e-02 1.542088123200117608e-02 -6.765512009720908541e-03 -1.175497496827758968e-02 -1.111331744349842484e+04
-3.196176644578735404e-02 -1.183837045795672026e-02 3.086887685081684748e-02 1.534445556791063682e-02 -6.502265277550961509e-03 -1.235175616471499878e-02 -1.111783108179530609e+04
-3.197389405325765099e-02 -1.196026123852574063e-02 3.092057243982416700e-02 1.526264844605156046e-02 -6.231593736856617938e-03 -1.297094614185509420e-02 -1.112233959618774861e+04
-3.198600222149827060e-02 -1.208255615423757708e-02 3.097085018379630225e-02 1.519292119187393500e-02 -6.045139929852862831e-03 -1.312610535280826947e-02 -1.112684302816063428e+04
-3.199809250293624008e-02 -1.220522836976471216e-02 3.102060159180637308e-02 1.512214232109257948e-02 -5.856991232538645217e-03 -1.328176510393125516e-02 -1.113134130393407941e+04
-3.201016483664153450e-02 -1.232827939088830538e-02 3.106981912875500518e-02 1.505030123558003148e-02 -5.667140363236547809e-03 -1.343791534851689930e-02 -1.113583440753799005e+04
-3.202221916225041209e-02 -1.245171076514843198e-02 3.111849512982650667e-02 1.497739016161325244e-02 -5.475553968867885417e-03 -1.359455166535032851e-02 -1.114032232317828493e+04
-3.203425541810046157e-02 -1.257552402620144838e-02 3.116662196522264339e-02 1.490340230739825578e-02 -5.282259985522802341e-03 -1.375153070271613494e-02 -1.114480503451554250e+04
-3.204627522641933374e-02 -1.269970996959254514e-02 3.121427202909450235e-02 1.481931756648348537e-02 -5.005745173440965395e-03 -1.433071125777555556e-02 -1.114928246684533042e+04
-3.205827515701396152e-02 -1.282429154606153782e-02 3.126127732882354182e-02 1.474314550780515647e-02 -4.808933441575656727e-03 -1.448875378759717156e-02 -1.115375471969375758e+04
-3.207025683053418147e-02 -1.294925956515539413e-02 3.130771028080295282e-02 1.466586778618178717e-02 -4.610342707945741872e-03 -1.464725153399239199e-02 -1.115822171833724133e+04
-3.208222018426153815e-02 -1.307461558967107709e-02 3.135356317373343138e-02 1.458747459932476474e-02 -4.409987856578829329e-03 -1.480619803948203181e-02 -1.116268344640907708e+04
-3.209416515411867704e-02 -1.320036116454594358e-02 3.139882790953920505e-02 1.450795693460346647e-02 -4.207856735433394141e-03 -1.496557987567046465e-02 -1.116713988692031671e+04
-3.210609167493738009e-02 -1.332649783936266756e-02 3.144349594937202730e-02 1.442730482224697380e-02 -4.003937648757787890e-03 -1.512538263992933146e-02 -1.117159102247826922e+04
-3.211799968423056234e-02 -1.345302729010982093e-02 3.148755853380194591e-02 1.434550839332527326e-02 -3.798221766818889698e-03 -1.528561697307500959e-02 -1.117603683699309659e+04
-3.212988911513917079e-02 -1.357995107779512087e-02 3.153100730609218610e-02 1.426255839842265581e-02 -3.590690899067567037e-03 -1.544621931069538844e-02 -1.118047731245754767e+04
-3.214175990236981667e-02 -1.370727081872949796e-02 3.157383396557991717e-02 1.417844529704986867e-02 -3.381341015780257690e-03 -1.560716695727572614e-02 -1.118491243157845020e+04
-3.215361364847815068e-02 -1.383497374843843664e-02 3.161622492880964558e-02 1.408306508588954425e-02 -3.087482333805575963e-03 -1.616313353416492377e-02 -1.118934211904842596e+04
-3.216544695086945294e-02 -1.396309026099730975e-02 3.165778206904728415e-02 1.399659324490889513e-02 -2.874451540613123367e-03 -1.632491682301961955e-02 -1.119376647390354810e+04
-3.217726140848695127e-02 -1.409160752160355801e-02 3.169869158000510057e-02 1.390892763097986880e-02 -2.659574054548378887e-03 -1.648710699910492863e-02 -1.119818541932260268e+04
-3.218905695555052127e-02 -1.422052722411967438e-02 3.173894403892459082e-02 1.382005913517887416e-02 -2.442838718912421908e-03 -1.664964254749040293e-02 -1.120259893808518427e+04
-3.220083352457638048e-02 -1.434985105141433660e-02 3.177852976678416375e-02 1.372997762164065300e-02 -2.224234199305266581e-03 -1.681254939877579319e-02 -1.120700701243266303e+04
-3.221259104615893654e-02 -1.447958066160709260e-02 3.181743925096029713e-02 1.363867194341676463e-02 -2.003748506814873129e-03 -1.697573354475671176e-02 -1.121140962392756228e+04
-3.222432945081069033e-02 -1.460971774107945424e-02 3.185566332688030688e-02 1.354613083518838024e-02 -1.781380783704991904e-03 -1.713922267286781612e-02 -1.121580675422852255e+04
-3.223604866944240060e-02 -1.474026399827473542e-02 3.189319292835451208e-02 1.345234418596065636e-02 -1.557104195227347436e-03 -1.730298830766270959e-02 -1.122019838525650084e+04
-3.224774863230965571e-02 -1.487122112606929086e-02 3.193001890778344315e-02 1.335729908645001338e-02 -1.330915867499172763e-03 -1.746713881647339942e-02 -1.122458449879939508e+04
-3.225942926746706851e-02 -1.500259078572675070e-02 3.196613170563400441e-02 1.326098662632218227e-02 -1.102804746365340606e-03 -1.763164563640463867e-02 -1.122896507578043202e+04
-3.227109050588158196e-02 -1.513437476997421885e-02 3.200152110500124880e-02 1.316339761741120405e-02 -8.727712388793024568e-04 -1.779638073566125467e-02 -1.123334009824781060e+04
-3.228273227292030589e-02 -1.526657469930311171e-02 3.203617679255089251e-02 1.306452129685529463e-02 -6.408059076166354277e-04 -1.796138598926612373e-02 -1.123770954575326141e+04
-3.229435617320092211e-02 -1.539917893292830527e-02 3.207022944077061316e-02 1.295416745637169992e-02 -3.239331600777964402e-04 -1.848921642658706704e-02 -1.124207334337937937e+04
-3.230595878511887536e-02 -1.553221623096872478e-02 3.210338606997071437e-02 1.285268267252969755e-02 -8.808697793600219384e-05 -1.865454001359851538e-02 -1.124643158621965085e+04
-3.231754170829064660e-02 -1.566567481613169791e-02 3.213577788789110518e-02 1.274987292077060796e-02 1.497515803422212700e-04 -1.882020220917717326e-02 -1.125078419721886348e+04
-3.232910487097751667e-02 -1.579955654972272153e-02 3.216739499741326502e-02 1.264572676198228579e-02 3.895725571507494488e-04 -1.898608000828402517e-02 -1.125513115806973292e+04
-3.234064819476633462e-02 -1.593386307658615705e-02 3.219822692238352019e-02 1.254023538282517634e-02 6.313867194549197415e-04 -1.915220426201652559e-02 -1.125947244751176368e+04
-3.235217160868267272e-02 -1.606859633085820985e-02 3.222826242518598422e-02 1.243338859856665465e-02 8.751889079394130485e-04 -1.931846764681483322e-02 -1.126380804748729497e+04
-3.236367503490144432e-02 -1.620375804682937237e-02 3.225749036776888456e-02 1.232517539561000901e-02 1.120995476890884919e-03 -1.948490590106408474e-02 -1.126813793693511798e+04
-3.237515839755899377e-02 -1.633935007539185497e-02 3.228589930471408020e-02 1.221558370707335507e-02 1.368808474650890861e-03 -1.965145083056137748e-02 -1.127246209590396393e+04
-3.238662162222673974e-02 -1.647537435778768933e-02 3.231347763569254739e-02 1.210460085306765132e-02 1.618646484151117478e-03 -1.981807039354818376e-02 -1.127678050533348141e+04
-3.239806462682515154e-02 -1.661183260055276376e-02 3.234021411538611640e-02 1.199221148364395043e-02 1.870519125588393158e-03 -1.998488531380914271e-02 -1.128109314309624278e+04
-3.240948733557297984e-02 -1.674872676034712057e-02 3.236609746256591258e-02 1.187840269510024964e-02 2.124443183931835639e-03 -2.015177386229587836e-02 -1.128539998985172679e+04
-3.242088966986129972e-02 -1.688605869474181856e-02 3.239111621636570765e-02 1.176316501120882631e-02 2.380416824762049237e-03 -2.031875582756124260e-02 -1.128970102480874993e+04
-3.243227155144107893e-02 -1.702383031385784964e-02 3.241525821705534133e-02 1.164648712739405761e-02 2.638457470567057411e-03 -2.048579736163634243e-02 -1.129399622758405349e+04
-3.244363289803046252e-02 -1.716204343288514969e-02 3.243851119064951327e-02 1.152835753207674674e-02 2.898553233415877665e-03 -2.065290905453108158e-02 -1.129828557612964141e+04
-3.245497363122007428e-02 -1.730070004577678386e-02 3.246086276218454469e-02 1.140876333085106588e-02 3.160730513943628590e-03 -2.081997025540586327e-02 -1.130256905000235020e+04
-3.246629366899024538e-02 -1.743980206996223123e-02 3.248230029058223750e-02 1.128769088511777548e-02 3.425000153795286495e-03 -2.098705826954172515e-02 -1.130684662749465133e+04
-3.247759292972840495e-02 -1.757935147925927463e-02 3.250281124710172748e-02 1.116512635335444210e-02 3.691367760795314420e-03 -2.115413156981136786e-02 -1.131111828752887232e+04
-3.248887132993617810e-02 -1.771935019780359125e-02 3.252238295778384775e-02 1.104105670181347761e-02 3.959839386583737832e-03 -2.132109360069035439e-02 -1.131538400814418128e+04
-3.250012878669800154e-02 -1.785980018597860264e-02 3.254100274175433793e-02 1.091546787531535480e-02 4.230422309922408225e-03 -2.148804166499635251e-02 -1.131964376757897844e+04
-3.251136521611484170e-02 -1.800070341228434193e-02 3.255865736294197982e-02 1.078834956525900370e-02 4.503131986765911664e-03 -2.165491625404051060e-02 -1.132389754388645451e+04
-3.252258053450042541e-02 -1.814206188982090198e-02 3.257533328799934458e-02 1.065968993755027870e-02 4.777962459107356480e-03 -2.182170982039063206e-02 -1.132814531529160558e+04
-3.253377636952659024e-02 -1.828387411891535183e-02 3.259085693955372787e-02 1.052014680577132918e-02 5.141070095468951509e-03 -2.224570291156808058e-02 -1.133238700090500060e+04
-3.254494920921817414e-02 -1.842614918788094622e-02 3.260553396249286917e-02 1.038835900520408348e-02 5.420204351402230745e-03 -2.241224555127593887e-02 -1.133662269487502454e+04
-3.255610067845571970e-02 -1.856888556161161857e-02 3.261919078874988415e-02 1.025498514457456704e-02 5.701487359261743493e-03 -2.257851732238265810e-02 -1.134085231550244680e+04
-3.256723069157644451e-02 -1.871208535775278209e-02 3.263181338083661481e-02 1.012001077929187975e-02 5.984919314921745802e-03 -2.274461746682222146e-02 -1.134507584084424889e+04
-3.257833915869236263e-02 -1.885575056910246752e-02 3.264338765760736727e-02 9.983423932578939369e-03 6.270520674701695468e-03 -2.291043541690191906e-02 -1.134929324715062103e+04
-3.258942599156648690e-02 -1.899988326488088672e-02 3.265389929709580641e-02 9.845213144484112402e-03 6.558308360433509100e-03 -2.307606015593527057e-02 -1.135350451133539354e+04
-3.260049109938702172e-02 -1.914448548832447389e-02 3.266333344433665353e-02 9.705366561054978511e-03 6.848286731339731266e-03 -2.324147055552058805e-02 -1.135770960946886044e+04
-3.261153439606417903e-02 -1.928955953559985045e-02 3.267167454590674813e-02 9.563867469326203102e-03 7.140470480904081638e-03 -2.340656960453535093e-02 -1.136190851980885600e+04
-3.262255578665775729e-02 -1.943510738497481599e-02 3.267890726687807529e-02 9.420697700647776354e-03 7.434864357727247360e-03 -2.357126748073783140e-02 -1.136610121650419023e+04
-3.263355518067837663e-02 -1.958113123451639057e-02 3.268501628400583003e-02 9.275839473745361649e-03 7.731438811770634419e-03 -2.373560043535100431e-02 -1.137028767624983084e+04
-3.264453248498058735e-02 -1.972763322524572968e-02 3.268998603064190295e-02 9.129280270277101081e-03 8.030221784226352841e-03 -2.389947486280521310e-02 -1.137446787486758149e+04
-3.265548760418704455e-02 -1.987461543125053354e-02 3.269380099602153117e-02 8.981009671499895486e-03 8.331215762729739932e-03 -2.406303514732186649e-02 -1.137864178712465764e+04
-3.266642044804429074e-02 -2.002208018966793526e-02 3.269644514914605421e-02 8.831014594079160743e-03 8.634454650477083396e-03 -2.422614421299780496e-02 -1.138280939032393144e+04
-3.267733091729707606e-02 -2.017002952584433934e-02 3.269790219916728774e-02 8.679281152911491257e-03 8.939943430916219916e-03 -2.438875291606131673e-02 -1.138697065766500418e+04
-3.268821891825613585e-02 -2.031846573586777380e-02 3.269815521105323003e-02 8.525790553900854107e-03 9.247671202737823767e-03 -2.455082960659357022e-02 -1.139112556487955953e+04
-3.269908435437032801e-02 -2.046739107191137413e-02 3.269718703756810396e-02 8.370522481759028535e-03 9.557644772041063580e-03 -2.471236522184366499e-02 -1.139527408665564508e+04
-3.270992712601327596e-02 -2.061680769740344490e-02 3.269498057091703436e-02 8.213460087550524674e-03 9.869854279200221056e-03 -2.487331648460285385e-02 -1.139941619670237924e+04
-3.272074713921956785e-02 -2.076671805576571495e-02 3.269151829119915781e-02 8.054591073726493494e-03 1.018431208018439997e-02 -2.503364816503802007e-02 -1.140355187156945613e+04
-3.273154596982548459e-02 -2.091711149404812745e-02 3.268684342544363880e-02 7.883046326841700729e-03 1.058180085050546872e-02 -2.539461955149378836e-02 -1.140768102533409183e+04
-3.274232015396112694e-02 -2.106801578473440142e-02 3.268081778241065105e-02 7.720556344669269634e-03 1.090059875108915013e-02 -2.555309569567082786e-02 -1.141180374826864681e+04
-3.275307127919190042e-02 -2.121942044055665638e-02 3.267348387041008745e-02 7.556190764126573603e-03 1.122187496257653037e-02 -2.571135976253815722e-02 -1.141591995558328563e+04
-3.276379924127750809e-02 -2.137132791277458060e-02 3.266482276188573119e-02 7.389954320483659370e-03 1.154542682869477005e-02 -2.586885320457308138e-02 -1.142002962169208149e+04
-3.277450393486993491e-02 -2.152374044837370923e-02 3.265481529567622332e-02 7.221827970883768454e-03 1.187125686695639053e-02 -2.602558302125984949e-02 -1.142413271854527920e+04
-3.278518525933638017e-02 -2.167666055075979231e-02 3.264344193257034954e-02 7.051797111066390733e-03 1.219936494225815418e-02 -2.618138037711973884e-02 -1.142822922070656568e+04
-3.279584310609956477e-02 -2.183009042180290502e-02 3.263068382893555275e-02 6.879850261003765330e-03 1.252975233049959981e-02 -2.633631249633203511e-02 -1.143231909934767646e+04
-3.280647909619209546e-02 -2.198403140470406997e-02 3.261625691271911875e-02 6.696769797162649245e-03 1.294207461630455212e-02 -2.665927615108192733e-02 -1.143640227024679734e+04
-3.281708967285069251e-02 -2.213848805587141991e-02 3.260067208345360928e-02 6.520943414913695814e-03 1.327704306482243267e-02 -2.681227830505973284e-02 -1.144047882048753672e+04
-3.282767645274919932e-02 -2.229346168708296397e-02 3.258364407906409049e-02 6.343148798533196006e-03 1.361430550089141184e-02 -2.696430921934339295e-02 -1.144454866427479647e+04
-3.283823932716803395e-02 -2.244895475237453780e-02 3.256515173520997675e-02 6.163366813028740669e-03 1.395387977629602289e-02 -2.711531677999486772e-02 -1.144861177322077856e+04
-3.284877818727425375e-02 -2.260496977359869458e-02 3.254517319553147658e-02 5.981579158113723392e-03 1.429575989233355764e-02 -2.726522756435589140e-02 -1.145266811924347348e+04
-3.285929292094796894e-02 -2.276150914473948003e-02 3.252368741403446201e-02 5.797768934859974174e-03 1.463993118660994984e-02 -2.741390418825757902e-02 -1.145671767291218202e+04
-3.286978341804056708e-02 -2.291857537933415442e-02 3.250067344902314581e-02 5.611918982693764497e-03 1.498638086517811371e-02 -2.756127884909438316e-02 -1.146076040578743596e+04
-3.288024956285728190e-02 -2.307617083279808051e-02 3.247611046687389619e-02 5.424016026898739566e-03 1.533512000642550492e-02 -2.770750301147841335e-02 -1.146479628735423103e+04
-3.289069294411724187e-02 -2.323429114208275595e-02 3.244983840657134772e-02 5.223844681047926444e-03 1.576340822230198890e-02 -2.797740846552445801e-02 -1.146882523195878821e+04
-3.290111004699026315e-02 -2.339295288625606317e-02 3.242211079445130040e-02 5.031780846623543427e-03 1.611677360273289575e-02 -2.812097683419355343e-02 -1.147284732464878653e+04
-3.291150245555028719e-02 -2.355215164097603647e-02 3.239276572850943725e-02 4.837606988861995264e-03 1.647245081607294145e-02 -2.826317380717668568e-02 -1.147686247769240072e+04
-3.292187004894969737e-02 -2.371188978018352531e-02 3.236177994202323049e-02 4.641300417972170876e-03 1.683042238580180830e-02 -2.840384798717368250e-02 -1.148087065864302349e+04
-3.293221271547808193e-02 -2.387217016948630505e-02 3.232912949555359627e-02 4.442840936255201822e-03 1.719067626993823344e-02 -2.854293643726919794e-02 -1.148487183986509081e+04
-3.294253033071598696e-02 -2.403299518158463072e-02 3.229479116211608769e-02 4.242214785177257641e-03 1.755319306632678600e-02 -2.868048071146506867e-02 -1.148886598834766482e+04
-3.295282277254785869e-02 -2.419436737988581165e-02 3.225874141507543286e-02 4.039408336232737373e-03 1.791799557037843799e-02 -2.881634584493178095e-02 -1.149285307254051986e+04
-3.296308992417745776e-02 -2.435628966475933063e-02 3.222095513440074999e-02 3.834404022221108224e-03 1.828510611309887984e-02 -2.895054699462672534e-02 -1.149683306322312274e+04
-3.297333334862102838e-02 -2.451875556574182116e-02 3.218128237192031948e-02 3.616807629266052121e-03 1.872525488603613356e-02 -2.919322041101671261e-02 -1.150080586726716137e+04
-3.298354954607179285e-02 -2.468178577635174800e-02 3.213994676688886054e-02 3.407334732405264618e-03 1.909694692486927498e-02 -2.932384034308836707e-02 -1.150477157148171682e+04
-3.299374007801608721e-02 -2.484537391382269853e-02 3.209679718691960115e-02 3.195593010038031648e-03 1.947088989938467601e-02 -2.945252675503328213e-02 -1.150873008323953218e+04
-3.300390481651921393e-02 -2.500952264183654156e-02 3.205180734646819601e-02 2.981568212460381298e-03 1.984707486566223908e-02 -2.957923060591506614e-02 -1.151268136960016091e+04
-3.301404363841190653e-02 -2.517423495313202142e-02 3.200495052349962288e-02 2.765245659107140336e-03 2.022550767574386732e-02 -2.970391204180483635e-02 -1.151662540029712000e+04
-3.302415640546374487e-02 -2.533951315167855267e-02 3.195620072413714319e-02 2.546609592569059818e-03 2.060620002617912991e-02 -2.982643614904157900e-02 -1.152056213757708429e+04
-3.303424299613232779e-02 -2.550536040750486788e-02 3.190552978627422820e-02 2.325633875490288032e-03 2.098914105484651904e-02 -2.994685009435389331e-02 -1.152449155116851216e+04
-3.304430499426173201e-02 -2.567177664069930643e-02 3.185260940143518071e-02 2.093026228460635827e-03 2.144187266103913386e-02 -3.015117354620988274e-02 -1.152841354746698198e+04
-3.305433883277344304e-02 -2.583877020524422141e-02 3.179801060464693130e-02 1.867298243834079972e-03 2.182925400292467372e-02 -3.026705368827386361e-02 -1.153232820871046351e+04
-3.306434609327622842e-02 -2.600634110763049706e-02 3.174140373012471900e-02 1.639163741902337646e-03 2.221885038862134870e-02 -3.038048455960975364e-02 -1.153623544157995639e+04
-3.307432836750157090e-02 -2.617449234270069480e-02 3.168239538060001192e-02 1.399739582272644268e-03 2.267696678916519479e-02 -3.056005095718911449e-02 -1.154013515269811069e+04
-3.308428390467304386e-02 -2.634325271399056215e-02 3.162122851299226101e-02 1.161523840205192122e-03 2.311667986371389316e-02 -3.078527950978258987e-02 -1.154402736451002784e+04
-3.309421060616756644e-02 -2.651257260424224813e-02 3.155842116619914789e-02 9.260668941597709853e-04 2.351282173571330597e-02 -3.089097111702031329e-02 -1.154791209980924032e+04
-3.310411017828197855e-02 -2.668248132109610551e-02 3.149348542798538486e-02 6.881213815845474684e-04 2.391111750297872721e-02 -3.099396706573466498e-02 -1.155178926413627596e+04
-3.311398413073817631e-02 -2.685296360320411219e-02 3.142657827099716583e-02 4.353120373129307219e-04 2.437582571076367388e-02 -3.112649729331961115e-02 -1.155565876151510201e+04
-3.312382901889333875e-02 -2.702405881968941714e-02 3.135728898017942773e-02 1.923236892385065679e-04 2.477838478122591781e-02 -3.122375102622679255e-02 -1.155952067431036630e+04
-3.313364634623940097e-02 -2.719575156171940428e-02 3.128577466495630066e-02 -5.321691222998593335e-05 2.518304328437695125e-02 -3.131790505290245330e-02 -1.156337490444906689e+04
-3.314343596674947795e-02 -2.736804478746541688e-02 3.121200271100472642e-02 -3.013286467892981849e-04 2.558978920404992793e-02 -3.140892141780696201e-02 -1.156722141440858468e+04
-3.315319936655170691e-02 -2.754091833314814899e-02 3.113634493041499141e-02 -5.651445968210815508e-04 2.606028833236015071e-02 -3.154422689660298790e-02 -1.157106010830411105e+04
-3.316293313303667056e-02 -2.771442179532484715e-02 3.105795494553244274e-02 -8.184567924838226632e-04 2.647112495995285197e-02 -3.162878172920519093e-02 -1.157489106557513333e+04
-3.317263874474862123e-02 -2.788853474840490357e-02 3.097720379174368280e-02 -1.074410097904816017e-03 2.688400556537927713e-02 -3.170996131613226798e-02 -1.157871418646761413e+04
-3.318231605236557358e-02 -2.806326039457886570e-02 3.089405548648640684e-02 -1.333030324067570977e-03 2.729887874984431029e-02 -3.178759156834230770e-02 -1.158252943288303504e+04
-3.319196490266899946e-02 -2.823860183327060042e-02 3.080847389630803762e-02 -1.594341072660565052e-03 2.771571491473144577e-02 -3.186158294165658544e-02 -1.158633676556625505e+04
-3.320158513602456535e-02 -2.841456197503080747e-02 3.072042242850974575e-02 -1.858354048688945232e-03 2.813449905577562402e-02 -3.193179115005489316e-02 -1.159013614311190213e+04
-3.321117659678271550e-02 -2.859114406048441845e-02 3.062986316940934442e-02 -2.125089267534534601e-03 2.855517762009069163e-02 -3.199818745404060111e-02 -1.159392752636682235e+04
-3.322073912271002877e-02 -2.876835103097672222e-02 3.053675833420169128e-02 -2.394573056491039811e-03 2.897773956849312299e-02 -3.206054118606131709e-02 -1.159771087241593341e+04
-3.323027255854080902e-02 -2.894618630112065841e-02 3.044106866318226773e-02 -2.666838103700657804e-03 2.940215286064438646e-02 -3.211882641564563906e-02 -1.160148614186471423e+04
-3.323977674327768805e-02 -2.912465309429339635e-02 3.034275462008599253e-02 -2.941910291505312781e-03 2.982838389521526995e-02 -3.217289738848667924e-02 -1.160525329310518828e+04
-3.324925150807370861e-02 -2.930375438399695706e-02 3.024177633652579480e-02 -3.219805188781042077e-03 3.025639376020691426e-02 -3.222261411094025363e-02 -1.160901228218229517e+04
-3.325869668382624988e-02 -2.948349326784211258e-02 3.013809350129356690e-02 -3.500535741499679731e-03 3.068616318875326196e-02 -3.226788126534377993e-02 -1.161276306591132743e+04
-3.326811210220730758e-02 -2.966387295208018290e-02 3.003166457486619589e-02 -3.784127402021578764e-03 3.111764602160679849e-02 -3.230855932119367641e-02 -1.161650560110811602e+04
-3.327749759788487666e-02 -2.984489693334971966e-02 2.992244644758123434e-02 -4.070612268832355177e-03 3.155080129454100601e-02 -3.234451730764646010e-02 -1.162023984592075976e+04
-3.328685300039840866e-02 -3.002656852017168351e-02 2.981039556110258795e-02 -4.360020613395692787e-03 3.198556923545164965e-02 -3.237551538999004774e-02 -1.162396575612690867e+04
-3.329617813162070311e-02 -3.020889078400191760e-02 2.969546790240286047e-02 -4.652369855026101952e-03 3.242190353969400668e-02 -3.240153464034298270e-02 -1.162768328496039612e+04
-3.330547452161848609e-02 -3.039186169531699760e-02 2.957732360804892283e-02 -4.957213782986341806e-03 3.290808516878005602e-02 -3.237436202490177189e-02 -1.163139232974584957e+04
-3.331473857753301793e-02 -3.057549510527193468e-02 2.945650989699846387e-02 -5.255499317263258481e-03 3.334747508259616050e-02 -3.238995218661876868e-02 -1.163509296005566466e+04
-3.332397183007596020e-02 -3.075978924043142396e-02 2.933268402258030691e-02 -5.556796791847497426e-03 3.378833095429469718e-02 -3.240006864057012187e-02 -1.163878507356548289e+04
-3.333317409686616106e-02 -3.094474745806193722e-02 2.920579776620497656e-02 -5.861133886307807669e-03 3.423054780848321099e-02 -3.240450952868954848e-02 -1.164246862311934638e+04
-3.334234518799265856e-02 -3.113037284385252942e-02 2.907580246820157255e-02 -6.168527139631224156e-03 3.467406977425208786e-02 -3.240313794309491319e-02 -1.164614355877763410e+04
-3.335148492360454769e-02 -3.131666923486138565e-02 2.894264864508307167e-02 -6.478996271334554538e-03 3.511884070727567392e-02 -3.239581993735968918e-02 -1.164980983673455921e+04
-3.336059310824768948e-02 -3.150363956444852953e-02 2.880628892995162199e-02 -6.792565747745009548e-03 3.556485439043238078e-02 -3.238227294270291934e-02 -1.165346740515701276e+04
-3.336966955413730312e-02 -3.169128740576902109e-02 2.866667299130103153e-02 -7.109266412846797917e-03 3.601202982281258291e-02 -3.236247510072253614e-02 -1.165711621648549226e+04
-3.337871406709218280e-02 -3.187961615637605745e-02 2.852374767637173847e-02 -7.429123061131741312e-03 3.646027651752178217e-02 -3.233617041058020614e-02 -1.166075622033631589e+04
-3.338772645259276833e-02 -3.206862942821864237e-02 2.837745837850447553e-02 -7.752157131882382590e-03 3.690951112514913313e-02 -3.230321486657711932e-02 -1.166438736747157054e+04
-3.339670650995395923e-02 -3.225833055291543044e-02 2.822775172487033621e-02 -8.078388438538364191e-03 3.735966541246506234e-02 -3.226328163770479651e-02 -1.166800960622268576e+04
-3.340565404260813220e-02 -3.244872321957698036e-02 2.807457398210657165e-02 -8.407844769944860727e-03 3.781069896021610477e-02 -3.221627204533231148e-02 -1.167162288747341518e+04
-3.341456884196674498e-02 -3.263981050327473959e-02 2.791787144350920541e-02 -8.740551128919721302e-03 3.826251494610870274e-02 -3.216198611525253326e-02 -1.167522715611665080e+04
-3.342345236421986887e-02 -3.283157841753547163e-02 2.775768731972892006e-02 -9.088405406617950169e-03 3.875150198101123128e-02 -3.198096551174358509e-02 -1.167882230520316625e+04
-3.343230108645871973e-02 -3.302406617085817953e-02 2.759375792655538798e-02 -9.427682883805636044e-03 3.920462363957782220e-02 -3.191149524455520747e-02 -1.168240839427440551e+04
-3.344111645500537355e-02 -3.321725951340443600e-02 2.742612618338216915e-02 -9.770282456860013287e-03 3.965826560195819667e-02 -3.183411797041348079e-02 -1.168598531330960395e+04
-3.344989825365021069e-02 -3.341116174700022035e-02 2.725473372962881544e-02 -1.011622740991925153e-02 4.011234430777236432e-02 -3.174849921446262074e-02 -1.168955300636803804e+04
-3.345864626771258982e-02 -3.360577650881579892e-02 2.707951964485654645e-02 -1.046554117431310570e-02 4.056675752475238234e-02 -3.165448745494208599e-02 -1.169311141908305763e+04
-3.346736027500164107e-02 -3.380110717150189986e-02 2.690042105502216119e-02 -1.081824454541145675e-02 4.102138060535016895e-02 -3.155190573968981449e-02 -1.169666049367073720e+04
-3.347604006371864005e-02 -3.399715809162449226e-02 2.671737115737291349e-02 -1.117436340066010024e-02 4.147612163459608869e-02 -3.144042859135668527e-02 -1.170020017905824898e+04
-3.348468704755157288e-02 -3.419391264369376487e-02 2.653049240014275847e-02 -1.154638062533101285e-02 4.196399363635756191e-02 -3.113082323013589836e-02 -1.170373035395466832e+04
-3.349329770608491796e-02 -3.439141367895993950e-02 2.633934727101221868e-02 -1.190940298153985409e-02 4.241867604856656981e-02 -3.100084548534222037e-02 -1.170725107923309952e+04
-3.350187345902328612e-02 -3.458964541890083982e-02 2.614405393790706494e-02 -1.227591062892217574e-02 4.287312735011099968e-02 -3.086118077392583856e-02 -1.171076223892278722e+04
-3.351041406760596475e-02 -3.478861118760356169e-02 2.594454334448384816e-02 -1.264592184874118938e-02 4.332721048309413209e-02 -3.071158607359681172e-02 -1.171426377098076409e+04
-3.351891929954740196e-02 -3.498831495115446721e-02 2.574074368786332181e-02 -1.301946154335190467e-02 4.378082023805483086e-02 -3.055183697780021815e-02 -1.171775561738427859e+04
-3.352739075219832166e-02 -3.518878515106536181e-02 2.553208566502826113e-02 -1.340199817574118553e-02 4.424789375341303677e-02 -3.019039418474056546e-02 -1.172123765688603453e+04
-3.353582450572702156e-02 -3.538997562292173216e-02 2.531949192196718962e-02 -1.378266875845623324e-02 4.470016135692900239e-02 -3.000929474129977043e-02 -1.172470994649663953e+04
-3.354422385956040698e-02 -3.559190932306708494e-02 2.510204820998710937e-02 -1.417591032368288075e-02 4.517267512175705824e-02 -2.964174530394118878e-02 -1.172817230817546442e+04
-3.355258514810054854e-02 -3.579460106417314824e-02 2.488036160008677208e-02 -1.456378719872006462e-02 4.562295925155716858e-02 -2.943812263582992056e-02 -1.173162479062889724e+04
-3.356090982848765336e-02 -3.599804911508184407e-02 2.465401158321117031e-02 -1.495530213763991874e-02 4.607204431478798684e-02 -2.922274766069989788e-02 -1.173506727466197299e+04
-3.356919763982829652e-02 -3.620225682601917877e-02 2.442291947689161427e-02 -1.535047457352790162e-02 4.651976439864829310e-02 -2.899535682433737604e-02 -1.173849969277820855e+04
-3.357745001550542507e-02 -3.640721832071475844e-02 2.418681984252289696e-02 -1.575931859896414003e-02 4.698813361667416449e-02 -2.850779409452949137e-02 -1.174192192432256343e+04
-3.358566331413392198e-02 -3.661295708129357757e-02 2.394599664767587191e-02 -1.616186498112438114e-02 4.743254827725598005e-02 -2.825512175554724739e-02 -1.174533401747776225e+04
-3.359383894886494581e-02 -3.681946620435642276e-02 2.370018365103182187e-02 -1.656812475524258033e-02 4.787504506840563334e-02 -2.798935896165014731e-02 -1.174873584225938794e+04
-3.360197666315486303e-02 -3.702675057451904062e-02 2.344929069215546252e-02 -1.697811880623819811e-02 4.831543966721197486e-02 -2.771006476890337106e-02 -1.175212733880672386e+04
-3.361007616919768626e-02 -3.723481282196285103e-02 2.319323248301981277e-02 -1.739186257915785114e-02 4.875351877193592059e-02 -2.741687478024159089e-02 -1.175550843005357819e+04
-3.361813719244228366e-02 -3.744365697207070742e-02 2.293191820092749245e-02 -1.780937382238002506e-02 4.918905557876251944e-02 -2.710939709201813652e-02 -1.175887904820508084e+04
-3.362615944745386831e-02 -3.765328645380330158e-02 2.266525647013970662e-02 -1.823066816656462516e-02 4.962184521133232440e-02 -2.678719915133086216e-02 -1.176223912041000222e+04
-3.363414265116744517e-02 -3.786370527237457873e-02 2.239315199113735624e-02 -1.865576034317133550e-02 5.005166111109343730e-02 -2.644991010905439408e-02 -1.176558857678106688e+04
-3.364208650649114229e-02 -3.807491657530960583e-02 2.211550982338107013e-02 -1.908466393170180422e-02 5.047826119744287798e-02 -2.609704523012229549e-02 -1.176892734044902863e+04
-3.364999072729844831e-02 -3.828692480693837719e-02 2.183222953262498392e-02 -1.951739474158779158e-02 5.090138318533120321e-02 -2.572823671109095156e-02 -1.177225534279303793e+04
-3.365785836603613079e-02 -3.849970958222706519e-02 2.154290340684319668e-02 -1.997308695925724756e-02 5.133755731204771994e-02 -2.479905553135034260e-02 -1.177557238645747748e+04
-3.366568240258854816e-02 -3.871332150480724654e-02 2.124804748230597895e-02 -2.041350849035054871e-02 5.175298396744423129e-02 -2.439681758769903300e-02 -1.177887863225888759e+04
-3.367346588158172394e-02 -3.892774029459655089e-02 2.094724828767474331e-02 -2.085778742715235778e-02 5.216413478385847902e-02 -2.397714433463363215e-02 -1.178217388158900576e+04
-3.368120849431739672e-02 -3.914296993516233614e-02 2.064039752975134479e-02 -2.130593546602288155e-02 5.257069513864354171e-02 -2.353959850704352361e-02 -1.178545805884299625e+04
-3.368890991821047592e-02 -3.935901356468320123e-02 2.032738779143413582e-02 -2.175796261321133115e-02 5.297239264879451820e-02 -2.308362633287019614e-02 -1.178873108168970793e+04
-3.369656983229241121e-02 -3.957587492077471736e-02 2.000810626155563945e-02 -2.221387468796774678e-02 5.336892165031417029e-02 -2.260865767845048058e-02 -1.179199287090619691e+04
-3.370418790268990550e-02 -3.979355693204141009e-02 1.968243969574302865e-02 -2.267367225829048857e-02 5.375993709738868115e-02 -2.211414936336906709e-02 -1.179524334080981134e+04
-3.371176380977786852e-02 -4.001206434366390979e-02 1.935026675578251781e-02 -2.313736206070347509e-02 5.414507838815112856e-02 -2.159967284270065957e-02 -1.179848241707744455e+04
-3.371929719752241733e-02 -4.023139890282718262e-02 1.901147408004150510e-02 -2.360494500082629954e-02 5.452399988319121815e-02 -2.106451790315025385e-02 -1.180171000425008060e+04
-3.372679263474851613e-02 -4.045155471986895679e-02 1.866482071975092416e-02 -2.409980358665725700e-02 5.489145325586054780e-02 -1.958573831182945993e-02 -1.180492585795290688e+04
-3.373424191296577751e-02 -4.067254939272346714e-02 1.831199356207280013e-02 -2.458438919176672913e-02 5.525083636821806476e-02 -1.866493262241575649e-02 -1.180813015680190438e+04
-3.374164739590711226e-02 -4.089438421635362836e-02 1.795217638165044066e-02 -2.507151237789745357e-02 5.560275759529277606e-02 -1.775226858130266039e-02 -1.181132271643653075e+04
-3.374900724082989523e-02 -4.111706338647709569e-02 1.758564278496048058e-02 -2.555465566708843561e-02 5.595294198361853988e-02 -1.712834814936620154e-02 -1.181450349829970764e+04
-3.375632279086139553e-02 -4.134058609519389305e-02 1.721184896437926229e-02 -2.604167193791782561e-02 5.629489305820652850e-02 -1.648053864623676146e-02 -1.181767235111328773e+04
-3.376359368252063176e-02 -4.156495639850402157e-02 1.683065402166528460e-02 -2.653255331740944981e-02 5.662815150349773119e-02 -1.580821307151702299e-02 -1.182082918906534360e+04
-3.377082123690940130e-02 -4.179017008119190885e-02 1.644158287176776881e-02 -2.703516453043950524e-02 5.693944874344993023e-02 -1.480322144665350940e-02 -1.182397386103219651e+04
-3.377800165978945418e-02 -4.201624354629315133e-02 1.604516566370861597e-02 -2.753373390725178879e-02 5.725385676668885010e-02 -1.407966167891508587e-02 -1.182710638078598276e+04
-3.378513625855059793e-02 -4.224317249845551542e-02 1.564092044882848739e-02 -2.803611873575395652e-02 5.755809362501946441e-02 -1.332943107786229396e-02 -1.183022659490649130e+04
-3.379222633033929224e-02 -4.247095172386254613e-02 1.522839059516326206e-02 -2.855031837129794539e-02 5.783631419198209667e-02 -1.221848018698728361e-02 -1.183333434663295884e+04
-3.379926808522343978e-02 -4.269960045945196681e-02 1.480803153544820935e-02 -2.906026909289640900e-02 5.811852473964557869e-02 -1.141243708481844837e-02 -1.183642965817878394e+04
-3.380626280514360815e-02 -4.292911330240170575e-02 1.437938000412280516e-02 -2.957396670686255474e-02 5.838887871694089376e-02 -1.057707351357913342e-02 -1.183951236983328272e+04
-3.381321005648629807e-02 -4.315949124501943651e-02 1.394228033892979182e-02 -3.009137271465236324e-02 5.864676420892650510e-02 -9.711684703945580588e-03 -1.184258236994230538e+04
-3.382010942776482454e-02 -4.339073834316860279e-02 1.349656006958399775e-02 -3.061245631859089641e-02 5.889151060488294342e-02 -8.815479074118523148e-03 -1.184563956502031760e+04
-3.382696218437697411e-02 -4.362285133490956257e-02 1.304167286314283566e-02 -3.114488903128524722e-02 5.910226041172262496e-02 -7.522233389744404849e-03 -1.184868378225579909e+04
-3.383376617327349400e-02 -4.385583616400594992e-02 1.257782916647012805e-02 -3.168070703218627687e-02 5.929570570179863720e-02 -6.214181572083971386e-03 -1.185171497754417578e+04
-3.384052093681366030e-02 -4.408969377490157965e-02 1.210486786168545568e-02 -3.222016805444352650e-02 5.946893549618088859e-02 -4.896906126243025063e-03 -1.185473303895326171e+04
-3.384722751627885357e-02 -4.432441779994355374e-02 1.162241703853046648e-02 -3.277086363378788753e-02 5.960490796126457352e-02 -3.200117643927281440e-03 -1.185773780002165404e+04
-3.385388094641226392e-02 -4.456003483604003418e-02 1.113096290843535070e-02 -3.331055359961816037e-02 5.976999704414753811e-02 -2.100579952497583398e-03 -1.186072931350759427e+04
-3.386048693893184414e-02 -4.479651088039057066e-02 1.062961001926418514e-02 -3.386966180298001117e-02 5.986168380474428397e-02 -3.409096685577774695e-04 -1.186370724582435651e+04
-3.386704018791803633e-02 -4.503389072910662233e-02 1.011811636484399694e-02 -3.442188621940919097e-02 5.996942741900731372e-02 1.195401774915526728e-03 -1.186667164368765043e+04
-3.387354173869820684e-02 -4.527212939088202243e-02 9.597071812064544502e-03 -3.497998938158474597e-02 6.004588136682609961e-02 2.677423128945666600e-03 -1.186962233245182142e+04
-3.387999121438166339e-02 -4.551125682425297136e-02 9.065529070182504895e-03 -3.554030519556558576e-02 6.010099649240323999e-02 4.213385534382720413e-03 -1.187255920507466180e+04
-3.388638638582747858e-02 -4.575127956493341141e-02 8.523615068732448563e-03 -3.609515728475359841e-02 6.017288568028995865e-02 5.474099676714194729e-03 -1.187548217787853719e+04
-3.389272840909476892e-02 -4.599218500977934193e-02 7.970975429336571438e-03 -3.665296145439485981e-02 6.022254119969234348e-02 6.777441798004432000e-03 -1.187839107661128219e+04
-3.389901675393133806e-02 -4.623397391656181021e-02 7.407385418973919632e-03 -3.721361342632014541e-02 6.024890415105255831e-02 8.124809823939992820e-03 -1.188128577956258960e+04
-3.390525086444949598e-02 -4.647664474194130452e-02 6.832623119181930292e-03 -3.777699594520193133e-02 6.025089843986976279e-02 9.517445820072177945e-03 -1.188416615101256139e+04
-3.391143018727115627e-02 -4.672019729558660878e-02 6.246453524477280084e-03 -3.834298727433229498e-02 6.022731213718537924e-02 1.095660246966541698e-02 -1.188703206311840586e+04
-3.391755598704131874e-02 -4.696465469254793718e-02 5.648075826797521737e-03 -3.891432864740845821e-02 6.011865015387148070e-02 1.275487863875633156e-02 -1.188988331910947818e+04
-3.392362411823385965e-02 -4.720996856009297693e-02 5.038337283701681442e-03 -3.948548625572297771e-02 6.003810127015890563e-02 1.431372847675685574e-02 -1.189271991450085625e+04
-3.392963887752714625e-02 -4.745613423033995248e-02 4.416633820741575067e-03 -4.007660016133993142e-02 5.985877684081350458e-02 1.663513336097552364e-02 -1.189554153836272599e+04
-3.393559861703243641e-02 -4.770324229637548652e-02 3.780790104576451684e-03 -4.066408306088040853e-02 5.955394214474266090e-02 1.920250460432137291e-02 -1.189834810636351722e+04
-3.394149681299528376e-02 -4.795117071749874227e-02 3.133696752275060438e-03 -4.124844684256055022e-02 5.934100947015100158e-02 2.124706732927563943e-02 -1.190113962880506733e+04
-3.394733512429241179e-02 -4.819998237219256382e-02 2.473822827527250370e-03 -4.182734410846447592e-02 5.913451794649515064e-02 2.301528741054690089e-02 -1.190391593383854342e+04
-3.395311430829050375e-02 -4.844966078647706259e-02 1.800748734932681788e-03 -4.240727639127366000e-02 5.889509073824030633e-02 2.482180137534576239e-02 -1.190667680401661892e+04
-3.395883378918042317e-02 -4.870020056064345432e-02 1.114177154728134868e-03 -4.298843631387974651e-02 5.861894718714481117e-02 2.668707660737636156e-02 -1.190942208410849526e+04
-3.396449292682967441e-02 -4.895160286540983091e-02 4.137763999350683292e-04 -4.357062418791896735e-02 5.830434793558067486e-02 2.861290236792240690e-02 -1.191215165678602898e+04
-3.397009097050927851e-02 -4.920385237048460064e-02 -3.006920217409683738e-04 -4.415356622090473721e-02 5.794936251353821621e-02 3.060076932042063783e-02 -1.191486531408176234e+04
-3.397562902919071259e-02 -4.945696646969589133e-02 -1.030128650961253164e-03 -4.474135583082193557e-02 5.749853506791807733e-02 3.300351999817771609e-02 -1.191756289596697388e+04
-3.398110277715627597e-02 -4.971090953087726333e-02 -1.773666791241272070e-03 -4.532480562841299798e-02 5.705645462840029658e-02 3.512144971904875013e-02 -1.192024432742034696e+04
-3.398651331789780128e-02 -4.996568751776257755e-02 -2.532285418898972806e-03 -4.590812530547125347e-02 5.656935719109203176e-02 3.730733676285885592e-02 -1.192290939673123466e+04
-3.399186164310837727e-02 -5.022127828514584558e-02 -3.306691911640959828e-03 -4.649796667082044949e-02 5.597281190115661886e-02 3.983833985328861377e-02 -1.192555790283660644e+04
-3.399714345849189773e-02 -5.047768132476814634e-02 -4.096603514773136320e-03 -4.708086736104234726e-02 5.538712507200497376e-02 4.216266120878030266e-02 -1.192818976973035751e+04
-3.400235945609911270e-02 -5.073489307664056508e-02 -4.902252523307638714e-03 -4.766204201493700471e-02 5.474504354607241663e-02 4.455949691882235553e-02 -1.193080479160587856e+04
-3.400750891816168436e-02 -5.099294318767132184e-02 -5.723843915464232358e-03 -4.823990897446069764e-02 5.404583013326227231e-02 4.703660465598951540e-02 -1.193340276783489753e+04
-3.401259436626977162e-02 -5.125185517849432243e-02 -6.563142649629522159e-03 -4.882161055135957745e-02 5.318569662551969612e-02 5.009519151076244348e-02 -1.193598334085023816e+04
-3.401760988313681094e-02 -5.151155824588191101e-02 -7.419429533398765216e-03 -4.939567390205820002e-02 5.234068742506356453e-02 5.286680543011423872e-02 -1.193854645201206949e+04
-3.402255763947028416e-02 -5.177197977569485826e-02 -8.293452214472675499e-03 -4.997403475982625798e-02 5.138115688605241621e-02 5.585141022351976930e-02 -1.194109195690255365e+04
-3.402743282969312999e-02 -5.203309870621050659e-02 -9.185596062939720141e-03 -5.054185083115507460e-02 5.040975695045997462e-02 5.880543319937878155e-02 -1.194361990257361504e+04
-3.403223501647251875e-02 -5.229487845246870437e-02 -1.009607987796708704e-02 -5.110510106046168427e-02 4.933110049802233443e-02 6.209311565657112120e-02 -1.194613018104089497e+04
-3.403696765421364290e-02 -5.255730072149676635e-02 -1.102482916286278390e-02 -5.166603320826328866e-02 4.825976827068061831e-02 6.502083827326983478e-02 -1.194862245105565307e+04
-3.404162844792545800e-02 -5.282035199593922148e-02 -1.197237132173018317e-02 -5.222841973439128205e-02 4.706415859099645493e-02 6.812423038343430604e-02 -1.195109652724501393e+04
-3.404621609388005371e-02 -5.308406053270467440e-02 -1.293985834904210971e-02 -5.278723515422849288e-02 4.575113333738219795e-02 7.145454390685523904e-02 -1.195355207510931905e+04
-3.405073032606455857e-02 -5.334848547962961485e-02 -1.392823143119473542e-02 -5.334484386219685847e-02 4.411897915092578143e-02 7.527945991678554327e-02 -1.195598879822742674e+04
-3.405517243692111201e-02 -5.361357622118822358e-02 -1.493771410138557652e-02 -5.389827948476390296e-02 4.242820913395434212e-02 7.940498063804443674e-02 -1.195840637130538744e+04
-3.405953525538230747e-02 -5.387926663636979918e-02 -1.596785846765454847e-02 -5.443491898423676034e-02 4.073986115908718314e-02 8.325901826617622403e-02 -1.196080497091962934e+04
-3.406381563335405399e-02 -5.414549031754999769e-02 -1.701803433241993319e-02 -5.495380022076601367e-02 3.913371015147049797e-02 8.680857380125787948e-02 -1.196318439533236779e+04
-3.406802264125604468e-02 -5.441219668447361268e-02 -1.809052363299050795e-02 -5.548295655199038390e-02 3.713897633642779944e-02 9.086977091293069186e-02 -1.196554420560415201e+04
-3.407214390743822097e-02 -5.467942731838709020e-02 -1.918493868984932210e-02 -5.598287043208417108e-02 3.528858469708615747e-02 9.471286713414373004e-02 -1.196788449751123153e+04
-3.407618635471611895e-02 -5.494704467087153932e-02 -2.030187878816477540e-02 -5.648318406783771339e-02 3.305759499578580368e-02 9.813407946265072235e-02 -1.197020478575411107e+04
-3.408014376804678613e-02 -5.521508434286055700e-02 -2.144216332908414555e-02 -5.696333605776225661e-02 3.091944546576205419e-02 1.022278917899702017e-01 -1.197250504013302088e+04
-3.408401795943932777e-02 -5.548344669111224259e-02 -2.260542727611441344e-02 -5.743386085332859853e-02 2.841087628387198999e-02 1.053006914763712637e-01 -1.197478500153958339e+04
-3.408780250109477716e-02 -5.575212561139079176e-02 -2.379263808877071784e-02 -5.787958147394010183e-02 2.612195121381880036e-02 1.093671782613026694e-01 -1.197704455724454237e+04
-3.409150421372394990e-02 -5.602099574197683812e-02 -2.500553577994194324e-02 -5.831110664789811854e-02 2.326162158429807836e-02 1.119712247554771056e-01 -1.197928321828245498e+04
-3.409511313941396282e-02 -5.629005643008349463e-02 -2.624219905646920162e-02 -5.872111862381246272e-02 2.053820889446287060e-02 1.153670762062785210e-01 -1.198150106233139377e+04
-3.409863270727165468e-02 -5.655920368735116444e-02 -2.750368948377510114e-02 -5.911679550868243621e-02 1.759316910375640156e-02 1.189116062536442198e-01 -1.198369763420430354e+04
-3.410206010370012836e-02 -5.682840874139010595e-02 -2.879097480363856584e-02 -5.948813164709399609e-02 1.455495347111828049e-02 1.225400798092438071e-01 -1.198587295847792848e+04
-3.410540273944651091e-02 -5.709750910721260453e-02 -3.010710882579902339e-02 -5.984311961139658631e-02 1.054745497958526311e-02 1.237215946219649004e-01 -1.198802628717415246e+04
-3.410863970047066374e-02 -5.736644421737025629e-02 -3.144577221711493398e-02 -6.016787266422998076e-02 7.093519012823561176e-03 1.266153144477526471e-01 -1.199015808885285878e+04
-3.411178076501149292e-02 -5.763503149403350484e-02 -3.280867762739640009e-02 -6.048273804267685627e-02 3.113895751276761926e-03 1.281454834162252254e-01 -1.199226771135687522e+04
-3.411482954537507772e-02 -5.790329037268013290e-02 -3.420118488971091164e-02 -6.076105616061911602e-02 -1.471815015844790990e-03 1.282845944776926927e-01 -1.199435470932532371e+04
-3.411776722169187342e-02 -5.817110734822218687e-02 -3.561857487963464991e-02 -6.099451171683104023e-02 -5.626899411605483514e-03 1.296076408632703680e-01 -1.199641952443666924e+04
-3.412060807466914952e-02 -5.843820015735621404e-02 -3.706200647515673491e-02 -6.120706025491721297e-02 -1.058919770657994024e-02 1.278141933119596452e-01 -1.199846120626902120e+04
-3.412333397341259927e-02 -5.870443171039700647e-02 -3.852879326792438275e-02 -6.138229189997419094e-02 -1.533615813899709933e-02 1.273657081308902650e-01 -1.200047996419897026e+04
-3.412594911486840216e-02 -5.896962634582755824e-02 -4.001916619862037200e-02 -6.152371865547440200e-02 -2.018935764362442958e-02 1.267497585318300424e-01 -1.200247520011069355e+04
-3.412846120998751231e-02 -5.923362545051114036e-02 -4.153707765473114988e-02 -6.162218742154586953e-02 -2.616601670243137723e-02 1.211028214598194180e-01 -1.200444654397500381e+04
-3.413085221098283162e-02 -5.949617256533906717e-02 -4.307578201543490332e-02 -6.167362747054373762e-02 -3.189953290909677830e-02 1.162904139455340491e-01 -1.200639361161439047e+04
-3.413312188210374659e-02 -5.975707710094958769e-02 -4.463580419258931370e-02 -6.167682088718616507e-02 -3.766784760286468609e-02 1.112159139914256911e-01 -1.200831635162174098e+04
-3.413526868153075183e-02 -6.001590997142831202e-02 -4.621229059938516265e-02 -6.165029591526217934e-02 -4.358899833907337734e-02 1.052108704806972855e-01 -1.201021388782135909e+04
-3.413728615789778792e-02 -6.027245665021780524e-02 -4.780592356489782313e-02 -6.157774722458641409e-02 -4.948577913396893374e-02 9.960771988807234911e-02 -1.201208616344450456e+04
-3.413917032333902563e-02 -6.052627474205371505e-02 -4.941214537590946088e-02 -6.145289100459119802e-02 -5.509202030701670916e-02 9.427758153300445920e-02 -1.201393184370568270e+04
-3.414091542195849677e-02 -6.077698708462164062e-02 -5.102750305043557422e-02 -6.127868851389516036e-02 -6.031728258803943643e-02 9.012602135875466547e-02 -1.201575061957668004e+04
-3.414251962757777759e-02 -6.102394062869882091e-02 -5.264682124440879518e-02 -6.106686939577824630e-02 -6.532200886285173536e-02 8.605798983868255536e-02 -1.201754097637426275e+04
-3.414398445268766041e-02 -6.126669570028176609e-02 -5.426853124546789781e-02 -6.080181074069145042e-02 -7.070712967717701636e-02 7.890152345020910729e-02 -1.201930157028462054e+04
-3.414529184558218883e-02 -6.150448460015090629e-02 -5.588142872720876231e-02 -6.050025334729756954e-02 -7.515808175579499761e-02 7.537113857289856611e-02 -1.202103081703224598e+04
-3.414644769546634762e-02 -6.173669571361963676e-02 -5.748346224175997915e-02 -6.015143346172700106e-02 -7.965969397179839540e-02 6.966948818538296062e-02 -1.202272716940629289e+04
-3.414744586963509160e-02 -6.196227432516699524e-02 -5.906316349103857277e-02 -5.976982765369626138e-02 -8.390039155286897754e-02 6.387002400922890677e-02 -1.202438674040566002e+04
-3.414828565343085848e-02 -6.218043790484164418e-02 -6.061587909002243146e-02 -5.933871720448297832e-02 -8.833710935564911826e-02 5.560674325621999675e-02 -1.202600694848301828e+04
-3.414896409092240542e-02 -6.239017557809443254e-02 -6.213176218686300434e-02 -5.885082787072380694e-02 -9.294809574982632050e-02 4.425356738087674741e-02 -1.202758395172741984e+04
-3.414949531596245952e-02 -6.259015880991017355e-02 -6.359864874985515781e-02 -5.831918236176290848e-02 -9.876127150052664561e-02 2.483387982958661436e-02 -1.202911128087881661e+04
-3.414987001361458746e-02 -6.277904526414762598e-02 -6.499812626593330644e-02 -5.775736407012141416e-02 -1.051493881564983801e-01 1.855841043458233974e-03 -1.203058178699449127e+04
-3.415008751717674151e-02 -6.295579774392684458e-02 -6.631409925931011640e-02 -5.714498940604139515e-02 -1.110191763979203744e-01 -2.137806959209555963e-02 -1.203198889607848105e+04
-3.415015037991744884e-02 -6.311917194572766454e-02 -6.748601852813330970e-02 -5.628592918973276266e-02 -1.138093738310134717e-01 -3.455856409221649134e-02 -1.203332518003365112e+04
-3.415005300900836316e-02 -6.326713758999252812e-02 -6.850183466156868628e-02 -5.523709669726333676e-02 -1.139068018278625027e-01 -3.996660315228996868e-02 -1.203457469620609845e+04
-3.414982353564991607e-02 -6.339900957939033355e-02 -6.939817179427180960e-02 -5.414842110732950853e-02 -1.137794563986550822e-01 -4.515922786723264304e-02 -1.203572767065751032e+04
-3.414952413728611358e-02 -6.351440568071223258e-02 -7.017280955717652979e-02 -5.307683246742355559e-02 -1.135027464010012338e-01 -4.997897999159595095e-02 -1.203676849323701390e+04
-3.414918505043267744e-02 -6.361319921196161020e-02 -7.082466433348072465e-02 -5.204670106150812575e-02 -1.131072038593561452e-01 -5.434233369846946243e-02 -1.203769003623039134e+04
-3.414885165605230366e-02 -6.369521516239078085e-02 -7.135670012721415101e-02 -5.111209096966409793e-02 -1.126640335745628940e-01 -5.811050276031334838e-02 -1.203847614132894887e+04
-3.414855388956791055e-02 -6.376032503435623278e-02 -7.177213506252323738e-02 -5.031439897568164288e-02 -1.122289831491380258e-01 -6.119029567314510087e-02 -1.203911452109717720e+04
-3.414831277958891437e-02 -6.380842710649657634e-02 -7.207383511001863585e-02 -4.968573561973299579e-02 -1.118459679107420557e-01 -6.351602920580244616e-02 -1.203959573247528169e+04
-3.414815504911465627e-02 -6.383925172559472283e-02 -7.226637374067740316e-02 -4.927687475859623967e-02 -1.115911383474431640e-01 -6.501412120450363041e-02 -1.203990556359485890e+04
-3.414808256036416106e-02 -6.385341790452805921e-02 -7.235485940233682411e-02 -4.908897343250857859e-02 -1.114740204217943148e-01 -6.570256427892304241e-02 -1.204004795377519804e+04
-3.414805698426892633e-02 -6.385796208146550523e-02 -7.238258136760630790e-02 -4.902393002373529873e-02 -1.114285400689936090e-01 -6.592795772532979159e-02 -1.204009471015391136e+04
-3.414793693543143049e-02 -6.387929149682515517e-02 -7.251270250697341990e-02 -4.871862866556499888e-02 -1.112150567081316710e-01 -6.698578096786178548e-02 -1.204031417480808886e+04
-3.414771859982710517e-02 -6.391808379906792348e-02 -7.274935681577687774e-02 -4.816336926078845088e-02 -1.108267889697028691e-01 -6.890973593985307011e-02 -1.204071332026365781e+04
-3.414738247497803997e-02 -6.397470055123334609e-02 -7.308914159340920702e-02 -4.731371982354330707e-02 -1.101904623177447501e-01 -7.174062769460932965e-02 -1.204130394659840385e+04
-3.414691468634960952e-02 -6.404947819505547868e-02 -7.352991501945199682e-02 -4.613578048364373047e-02 -1.092473670568877009e-01 -7.550099125997430938e-02 -1.204209481156316178e+04
-3.414628837218434271e-02 -6.414324856507432060e-02 -7.406841874424563432e-02 -4.455964801052456070e-02 -1.078704982272892660e-01 -8.021907199613530215e-02 -1.204310346263061365e+04
-3.414547731565605732e-02 -6.425721010845332481e-02 -7.470428302671648646e-02 -4.251118652556925420e-02 -1.059135305695360491e-01 -8.588795687114109123e-02 -1.204434749246238789e+04
-3.414444831929152463e-02 -6.439332936195495127e-02 -7.544215284102018249e-02 -3.989540073933305758e-02 -1.031789919894716134e-01 -9.245388918789916588e-02 -1.204584829676702975e+04
-3.414315825214715716e-02 -6.455469804665980860e-02 -7.629659515343750753e-02 -3.659340011903004786e-02 -9.941610211290106969e-02 -9.978207108158552996e-02 -1.204763110596924525e+04
-3.414155993757431173e-02 -6.474544457708576728e-02 -7.729910686818163013e-02 -3.248744981960585698e-02 -9.439442357783561777e-02 -1.076093496638107910e-01 -1.204971814826105219e+04
-3.413960548597592959e-02 -6.497014703912550038e-02 -7.849678170861418280e-02 -2.747343386452748629e-02 -8.797591081501471288e-02 -1.155501729040487452e-01 -1.205212607881324220e+04
-3.413723595127810678e-02 -6.523443453454673413e-02 -7.995908846275019688e-02 -2.143229280760705971e-02 -8.012211487002933452e-02 -1.230123589243088816e-01 -1.205487100341328733e+04
-3.413440751383160776e-02 -6.554274369394468003e-02 -8.175879857273903040e-02 -1.428377126034270118e-02 -7.101620195828604876e-02 -1.293219756232907025e-01 -1.205795797941033925e+04
-3.413108698594193718e-02 -6.589844431488237064e-02 -8.396576018464207980e-02 -5.962337991401499802e-03 -6.099557209805826080e-02 -1.337544951759599143e-01 -1.206138682012922982e+04
-3.412726085190852243e-02 -6.630301501318028312e-02 -8.662954731254352003e-02 3.567934739619800337e-03 -5.047013533686536130e-02 -1.357061810803283086e-01 -1.206515174990431660e+04
-3.412293184014283942e-02 -6.675635138299668148e-02 -8.977622589942900466e-02 1.431873087063016518e-02 -3.982440120945424100e-02 -1.347661048282176588e-01 -1.206924421147153225e+04
-3.411811942856701058e-02 -6.725676949232897717e-02 -9.340255515125885089e-02 2.626826617574785569e-02 -2.932398567597072070e-02 -1.308268494024714956e-01 -1.207365369039392499e+04
-3.411284664900876562e-02 -6.780221611254615144e-02 -9.749215176545117378e-02 3.938518285972845978e-02 -1.911899471856928073e-02 -1.239503702938842544e-01 -1.207837106263468013e+04
-3.410714531568912605e-02 -6.838987235999749448e-02 -1.020082523248272977e-01 5.360810337434606526e-02 -9.199062125009618146e-03 -1.144692810098900948e-01 -1.208338714721405995e+04
-3.410104067616207685e-02 -6.901751193406112372e-02 -1.069182239972788773e-01 6.888413750561969695e-02 4.983874277729230789e-04 -1.027098394701427830e-01 -1.208869552131406272e+04
-3.409455553788645621e-02 -6.968315012787724971e-02 -1.121893919727865729e-01 8.515848603677281248e-02 1.008671005712990544e-02 -8.902975709454907793e-02 -1.209429112769967105e+04
-3.408770787859374124e-02 -7.038524227694074875e-02 -1.177942014165322959e-01 1.023829423156175089e-01 1.968923751695343671e-02 -7.374796707076540503e-02 -1.210017038266767668e+04
-3.408051046558801395e-02 -7.112270301929569938e-02 -1.237121233890582789e-01 1.205201121827261107e-01 2.941234819181908627e-02 -5.711105032897644679e-02 -1.210633094282491766e+04
-3.407297245255922619e-02 -7.189476059783586614e-02 -1.299277231657162690e-01 1.395404817266133746e-01 3.934647111897359578e-02 -3.931096195627361428e-02 -1.211277125138583506e+04
-3.406509976060394934e-02 -7.270091819345071704e-02 -1.364306108447769783e-01 1.594233347765338371e-01 4.955806289332541359e-02 -2.048018534331118301e-02 -1.211949036008791700e+04
-3.405689622552204171e-02 -7.354085419274294932e-02 -1.432137617721870315e-01 1.801540326629834377e-01 6.009586709618298939e-02 -7.105539234993914861e-04 -1.212648768662720977e+04
-3.404836418152024091e-02 -7.441437225197398975e-02 -1.502727147933523855e-01 2.017228885802787586e-01 7.099306819331775709e-02 1.993832283567797264e-02 -1.213376289195623394e+04
-3.403950497532836489e-02 -7.532135834896727666e-02 -1.576047863892242884e-01 2.241238543281010576e-01 8.227087308442081193e-02 4.142991182004741174e-02 -1.214131578722953782e+04
-3.403031938544708035e-02 -7.626174585873672640e-02 -1.652083529119221794e-01 2.473531300510909969e-01 9.394290156592007002e-02 6.374168526594603534e-02 -1.214914626646337638e+04
-3.402080783172956729e-02 -7.723549837367375825e-02 -1.730824988367914152e-01 2.714084999597802250e-01 1.060172277882922010e-01 8.686077700046811179e-02 -1.215725427378359018e+04
-3.401097053917320062e-02 -7.824259606269190481e-02 -1.812267100339200188e-01 2.962886779589640751e-01 1.184986375844312573e-01 1.107798277409845489e-01 -1.216563977977530885e+04
-3.400080762323217515e-02 -7.928302856093774609e-02 -1.896407100024691261e-01 3.219929505360367705e-01 1.313898304590830346e-01 1.354948544899668428e-01 -1.217430276954349392e+04
8.886831435023031372e+04 3.863529458364661423e+03 2.430022277982800460e+02 3.625335280741080624e+01 2.896248599946852664e+01 1.790756789208273858e+01 nan
2.220182897673709869e+09 2.042724727784906747e+06 3.400461806009406700e+03 1.022990149237124058e+02 7.475705173618740318e+00 1.077285641683165984e+00 nan
