-1.444737410674995287e-03 7.895108681616183274e-04 2.837034203820469613e-03 -4.345939863412070191e-03 5.882846724715747435e-04
-1.445471257316700538e-03 7.899373611477348688e-04 2.838312879732152964e-03 -4.348034071739192465e-03 5.885785185999690408e-04
-1.446205846811052156e-03 7.903643079552167714e-04 2.839592723627817981e-03 -4.350130319831875189e-03 5.888726589567119460e-04
-1.446941180284734823e-03 7.907917093108300134e-04 2.840873737140293086e-03 -4.352228610659452344e-03 5.891670939849459436e-04
-1.447677258865425051e-03 7.912195659427771408e-04 2.842155921903332608e-03 -4.354328947194916442e-03 5.894618241280324186e-04
-1.448414083682973393e-03 7.916478785820198856e-04 2.843439279548231041e-03 -4.356431332404763455e-03 5.897568498303252344e-04
-1.449151655867645001e-03 7.920766479586025281e-04 2.844723811705003515e-03 -4.358535769258552010e-03 5.900521715364149362e-04
-1.449889976555021956e-03 7.925058748039982186e-04 2.846009520003625268e-03 -4.360642260743308532e-03 5.903477896929447888e-04
-1.450629046880864579e-03 7.929355598483490324e-04 2.847296406065877999e-03 -4.362750809851061520e-03 5.906437047465662969e-04
-1.451368867984860174e-03 7.933657038219704086e-04 2.848584471508285032e-03 -4.364861419590993288e-03 5.909399171452752678e-04
-1.452109441008387616e-03 7.937963074536357258e-04 2.849873717942492512e-03 -4.366974092982685816e-03 5.912364273375493280e-04
-1.452850767097428001e-03 7.942273714715727918e-04 2.851164146980733356e-03 -4.369088833068775560e-03 5.915332357733884324e-04
-1.453592847398864482e-03 7.946588966012055593e-04 2.852455760229753549e-03 -4.371205642905700434e-03 5.918303429028737425e-04
-1.454335683065867933e-03 7.950908835689832026e-04 2.853748559301779505e-03 -4.373324525574247799e-03 5.921277491781627754e-04
-1.455079275253463216e-03 7.955233331010553308e-04 2.855042545810369033e-03 -4.375445484164960236e-03 5.924254550518341525e-04
-1.455823625119343628e-03 7.959562459259666642e-04 2.856337721375998891e-03 -4.377568521778015843e-03 5.927234609774818504e-04
-1.456568733821801817e-03 7.963896227748205317e-04 2.857634087623511267e-03 -4.379693641519276544e-03 5.930217674090231548e-04
-1.457314602525435713e-03 7.968234643845448131e-04 2.858931646190981252e-03 -4.381820846515758344e-03 5.933203748029820986e-04
-1.458061232391760212e-03 7.972577714910434677e-04 2.860230398718244249e-03 -4.383950139881426927e-03 5.936192836148418807e-04
-1.458808624585959364e-03 7.976925448350941604e-04 2.861530346859387283e-03 -4.386081524730827373e-03 5.939184943017803081e-04
-1.459556780276030944e-03 7.981277851619652131e-04 2.862831492280104844e-03 -4.388215004177138667e-03 5.942180073222708093e-04
-1.460305700629353212e-03 7.985634932198273570e-04 2.864133836649496688e-03 -4.390350581324251218e-03 5.945178231345881869e-04
-1.461055386818422295e-03 7.989996697615726982e-04 2.865437381647838958e-03 -4.392488259281054908e-03 5.948179421990838159e-04
-1.461805840014795185e-03 7.994363155411609570e-04 2.866742128959419780e-03 -4.394628041143149901e-03 5.951183649761239251e-04
-1.462557061392756944e-03 7.998734313171159110e-04 2.868048080276905127e-03 -4.396769930002431860e-03 5.954190919274664250e-04
-1.463309052129620593e-03 8.003110178521150248e-04 2.869355237295485427e-03 -4.398913928953512159e-03 5.957201235161369837e-04
-1.464061813402587264e-03 8.007490759090806843e-04 2.870663601706325684e-03 -4.401060041092055147e-03 5.960214602051879407e-04
-1.464815346393739818e-03 8.011876062532450595e-04 2.871973175206936520e-03 -4.403208269526170948e-03 5.963231024596314395e-04
-1.465569652285250669e-03 8.016266096478659887e-04 2.873283959492422060e-03 -4.405358617366448605e-03 5.966250507444530605e-04
-1.466324732262974401e-03 8.020660868567163057e-04 2.874595956256638732e-03 -4.407511087736083397e-03 5.969273055259105868e-04
-1.467080587517938326e-03 8.025060386450303491e-04 2.875909167190573296e-03 -4.409665683776490402e-03 5.972298672720118126e-04
-1.467837219238678041e-03 8.029464657746074882e-04 2.877223593972465764e-03 -4.411822408625885872e-03 5.975327364497050493e-04
-1.468594628621645339e-03 8.033873690100187467e-04 2.878539238283790973e-03 -4.413981265451884413e-03 5.978359135288681230e-04
-1.469352816864117955e-03 8.038287491126540991e-04 2.879856101798540600e-03 -4.416142257434632276e-03 5.981393989793270345e-04
-1.470111785168692941e-03 8.042706068443560658e-04 2.881174186193513533e-03 -4.418305387777648509e-03 5.984431932727116805e-04
-1.470871534738603555e-03 8.047129429645487461e-04 2.882493493144793958e-03 -4.420470659692398059e-03 5.987472968805696667e-04
-1.471632066783397667e-03 8.051557582358051957e-04 2.883814024339438186e-03 -4.422638076409845034e-03 5.990517102765890306e-04
-1.472393382514060366e-03 8.055990534211120938e-04 2.885135781467407755e-03 -4.424807641166860275e-03 5.993564339348766371e-04
-1.473155483144827612e-03 8.060428292869117970e-04 2.886458766227586754e-03 -4.426979357213177597e-03 5.996614683309081564e-04
-1.473918369890423906e-03 8.064870866035670285e-04 2.887782980326458662e-03 -4.429153227796868084e-03 5.999668139407001669e-04
-1.474682043967745406e-03 8.069318261440097456e-04 2.889108425482532494e-03 -4.431329256166163279e-03 6.002724712415190072e-04
-1.475446506594775076e-03 8.073770486842776024e-04 2.890435103418768567e-03 -4.433507445565985743e-03 6.005784407111634674e-04
-1.476211758993021053e-03 8.078227550077290032e-04 2.891763015869408537e-03 -4.435687799241367323e-03 6.008847228291522074e-04
-1.476977802383580779e-03 8.082689459010237477e-04 2.893092164572196034e-03 -4.437870320428978499e-03 6.011913180749969485e-04
-1.477744637992271662e-03 8.087156221551200638e-04 2.894422551277974886e-03 -4.440055012369280990e-03 6.014982269303694676e-04
-1.478512267042662257e-03 8.091627845612350866e-04 2.895754177738573808e-03 -4.442241878288425913e-03 6.018054498762665178e-04
-1.479280690765383830e-03 8.096104339160184547e-04 2.897087045716951071e-03 -4.444430921425577413e-03 6.021129873965350024e-04
-1.480049910389535017e-03 8.100585710161406234e-04 2.898421156969785244e-03 -4.446622145015890690e-03 6.024208399743391030e-04
-1.480819927148329437e-03 8.105071966613292813e-04 2.899756513261286198e-03 -4.448815552305887717e-03 6.027290080944657262e-04
-1.481590742277800066e-03 8.109563116515706993e-04 2.901093116358690899e-03 -4.451011146548970385e-03 6.030374922427636465e-04
-1.482362357016962090e-03 8.114059167864653890e-04 2.902430968027122551e-03 -4.453208931006667759e-03 6.033462929061159672e-04
-1.483134772606709830e-03 8.118560128652905529e-04 2.903770070025974998e-03 -4.455408908944883013e-03 6.036554105720658538e-04
-1.483907990291283242e-03 8.123066006881302569e-04 2.905110424109993896e-03 -4.457611083641641568e-03 6.039648457293322892e-04
-1.484682011317616955e-03 8.127576810550616281e-04 2.906452032029715159e-03 -4.459815458385553259e-03 6.042745988675919319e-04
-1.485456836935946994e-03 8.132092547644901703e-04 2.907794895530188203e-03 -4.462022036486000369e-03 6.045846704774610102e-04
-1.486232468401618581e-03 8.136613226142629151e-04 2.909139016357168046e-03 -4.464230821274429994e-03 6.048950610511049687e-04
-1.487008906971550330e-03 8.141138854003984954e-04 2.910484396255624742e-03 -4.466441816089994875e-03 6.052057710809621459e-04
-1.487786153907342222e-03 8.145669439189621649e-04 2.911831036977634637e-03 -4.468655024293484955e-03 6.055168010610707287e-04
-1.488564210473945076e-03 8.150204989683930380e-04 2.913178940282350887e-03 -4.470870449258223557e-03 6.058281514866043892e-04
-1.489343077939476231e-03 8.154745513501579718e-04 2.914528107940825112e-03 -4.473088094369060373e-03 6.061398228541717411e-04
-1.490122757572188766e-03 8.159291018689092097e-04 2.915878541726269532e-03 -4.475307963014516638e-03 6.064518156607719276e-04
-1.490903250643710667e-03 8.163841513335763894e-04 2.917230243420990653e-03 -4.477530058588507708e-03 6.067641304050888336e-04
-1.491684558425577329e-03 8.168397005565572943e-04 2.918583214813119751e-03 -4.479754384476269252e-03 6.070767675859012119e-04
-1.492466682192738732e-03 8.172957503571547750e-04 2.919937457702060334e-03 -4.481980944063229493e-03 6.073897277035686902e-04
-1.493249623223654203e-03 8.177523015591238497e-04 2.921292973895977564e-03 -4.484209740736427342e-03 6.077030112598966801e-04
-1.494033382795398974e-03 8.182093549864131749e-04 2.922649765205572337e-03 -4.486440777872827308e-03 6.080166187562227598e-04
-1.494817962190342006e-03 8.186669114676791217e-04 2.924007833455993192e-03 -4.488674058858443949e-03 6.083305506961320585e-04
-1.495603362692539710e-03 8.191249718340683651e-04 2.925367180476785324e-03 -4.490909587077781748e-03 6.086448075839966197e-04
-1.496389585587246975e-03 8.195835369193727078e-04 2.926727808099984125e-03 -4.493147365913410969e-03 6.089593899247762324e-04
-1.497176632161247847e-03 8.200426075592255788e-04 2.928089718156719461e-03 -4.495387398751031320e-03 6.092742982240828336e-04
-1.497964503708767905e-03 8.205021845930264915e-04 2.929452912485232697e-03 -4.497629688993707089e-03 6.095895329904707765e-04
-1.498753201521405053e-03 8.209622688560419806e-04 2.930817392915067293e-03 -4.499874240034702245e-03 6.099050947313074296e-04
-1.499542726896432344e-03 8.214228611855319950e-04 2.932183161282379477e-03 -4.502121055280912214e-03 6.102209839561294332e-04
-1.500333081134215193e-03 8.218839624186633505e-04 2.933550219417939160e-03 -4.504370138148310228e-03 6.105372011754077932e-04
-1.501124265538592798e-03 8.223455733930673354e-04 2.934918569148389344e-03 -4.506621492066148829e-03 6.108537469009738636e-04
-1.501916281413879020e-03 8.228076949431979833e-04 2.936288212290921393e-03 -4.508875120476450726e-03 6.111706216445677090e-04
-1.502709130070058966e-03 8.232703279050195130e-04 2.937659150663779646e-03 -4.511131026846737328e-03 6.114878259199043762e-04
-1.503502812820271903e-03 8.237334731139642338e-04 2.939031386088604165e-03 -4.513389214661192063e-03 6.118053602418251817e-04
-1.504297330980483398e-03 8.241971314057012447e-04 2.940404920386912712e-03 -4.515649687417921249e-03 6.121232251260314309e-04
-1.505092685873301705e-03 8.246613036191346871e-04 2.941779755391186937e-03 -4.517912448640306125e-03 6.124414210905231547e-04
-1.505888878820939780e-03 8.251259905921607199e-04 2.943155892937101246e-03 -4.520177501852869380e-03 6.127599486530071072e-04
-1.506685911150904087e-03 8.255911931673893958e-04 2.944533334873265015e-03 -4.522444850596007287e-03 6.130788083334644820e-04
-1.507483784191603580e-03 8.260569121914230171e-04 2.945912083052434037e-03 -4.524714498409493357e-03 6.133980006524429682e-04
-1.508282499272797046e-03 8.265231485150644104e-04 2.947292139333927436e-03 -4.526986448826480526e-03 6.137175261311178997e-04
-1.509082057728709748e-03 8.269899029943296800e-04 2.948673505590140680e-03 -4.529260705385602589e-03 6.140373852925665177e-04
-1.509882460893081013e-03 8.274571764870193103e-04 2.950056183697587903e-03 -4.531537271619104357e-03 6.143575786598273573e-04
-1.510683710103963772e-03 8.279249698573478171e-04 2.951440175543599675e-03 -4.533816151064629096e-03 6.146781067578677496e-04
-1.511485806700438132e-03 8.283932839719948668e-04 2.952825483023343613e-03 -4.536097347257956984e-03 6.149989701122919941e-04
-1.512288752022805443e-03 8.288621196998903875e-04 2.954212108034959348e-03 -4.538380863730429905e-03 6.153201692493420099e-04
-1.513092547417492799e-03 8.293314779149912105e-04 2.955600052485043289e-03 -4.540666704021165644e-03 6.156417046978010857e-04
-1.513897194229482917e-03 8.298013594897840975e-04 2.956989318273347492e-03 -4.542954871661094955e-03 6.159635769858076270e-04
-1.514702693809062651e-03 8.302717653000516763e-04 2.958379907306507399e-03 -4.545245370196736821e-03 6.162857866436490363e-04
-1.515509047508270491e-03 8.307426962208651214e-04 2.959771821493499891e-03 -4.547538203179483929e-03 6.166083342022958720e-04
-1.516316256682523518e-03 8.312141531288128396e-04 2.961165062745600794e-03 -4.549833374166922795e-03 6.169312201939316977e-04
-1.517124322690678335e-03 8.316861369007791166e-04 2.962559632970653348e-03 -4.552130886726932918e-03 6.172544451519387711e-04
-1.517933246894016689e-03 8.321586484138229029e-04 2.963955534071449280e-03 -4.554430744436756100e-03 6.175780096107067905e-04
-1.518743030655725270e-03 8.326316885444782871e-04 2.965352767946612209e-03 -4.556732950886682731e-03 6.179019141054224512e-04
-1.519553675343769715e-03 8.331052581704586442e-04 2.966751336493974288e-03 -4.559037509689410628e-03 6.182261591728726224e-04
-1.520365182330807871e-03 8.335793581693495217e-04 2.968151241611447031e-03 -4.561344424480620954e-03 6.185507453512858371e-04
-1.521177552991450233e-03 8.340539894173503149e-04 2.969552485193097374e-03 -4.563653698906679039e-03 6.188756731792190331e-04
-1.521990788706940661e-03 8.345291527933206173e-04 2.970955069143523322e-03 -4.565965336638159143e-03 6.192009431974560994e-04
-1.522804890862298859e-03 8.350048491768360297e-04 2.972358995376753275e-03 -4.568279341359436987e-03 6.195265559479808115e-04
-1.523619860844464650e-03 8.354810794486657510e-04 2.973764265813394567e-03 -4.570595716757918855e-03 6.198525119734560893e-04
-1.524435700043160575e-03 8.359578444944008608e-04 2.975170882385753512e-03 -4.572914466527094705e-03 6.201788118179613627e-04
-1.525252409849682349e-03 8.364351452052973951e-04 2.976578847034529445e-03 -4.575235594359484785e-03 6.205054560265775392e-04
-1.526069991658577860e-03 8.369129824765668847e-04 2.977988161707699737e-03 -4.577559103950207958e-03 6.208324451458843273e-04
-1.526888446864680142e-03 8.373913572057598096e-04 2.979398828355230185e-03 -4.579884998990113934e-03 6.211597797226484606e-04
-1.527707776867608331e-03 8.378702702977032729e-04 2.980810848937466735e-03 -4.582213283173307630e-03 6.214874603057244122e-04
-1.528527983064914423e-03 8.383497226583301555e-04 2.982224225416065921e-03 -4.584543960180684913e-03 6.218154874434582728e-04
-1.529349066863078168e-03 8.388297151984363100e-04 2.983638959770051457e-03 -4.586877033716569955e-03 6.221438616879168982e-04
-1.530171029665209834e-03 8.393102488273997781e-04 2.985055053972853444e-03 -4.589212507472464724e-03 6.224725835897780644e-04
-1.530993872880013953e-03 8.397913244592629476e-04 2.986472510005497034e-03 -4.591550385151232754e-03 6.228016537018891442e-04
-1.531817597920300065e-03 8.402729430124725608e-04 2.987891329856518299e-03 -4.593890670464363495e-03 6.231310725789585437e-04
-1.532642206196885380e-03 8.407551054037107124e-04 2.989311515509525830e-03 -4.596233367116707609e-03 6.234608407750694093e-04
-1.533467699129008755e-03 8.412378125542264821e-04 2.990733068956172563e-03 -4.598578478830588762e-03 6.237909588475776604e-04
-1.534294078134845881e-03 8.417210653834132292e-04 2.992155992178150651e-03 -4.600926009322640724e-03 6.241214273532061504e-04
-1.535121344637553923e-03 8.422048648099180563e-04 2.993580287160075692e-03 -4.603275962326997157e-03 6.244522468505306345e-04
-1.535949500065987962e-03 8.426892117541452329e-04 2.995005955892992167e-03 -4.605628341597729769e-03 6.247834179003179320e-04
-1.536778545847045227e-03 8.431741071331514455e-04 2.996433000350535308e-03 -4.607983150892221852e-03 6.251149410621781267e-04
-1.537608483418707395e-03 8.436595518684625707e-04 2.997861422511610002e-03 -4.610340394008384177e-03 6.254468168997059626e-04
-1.538439314218561496e-03 8.441455468789362633e-04 2.999291224350055744e-03 -4.612700074751367382e-03 6.257790459758381810e-04
-1.539271039691612235e-03 8.446320930869602320e-04 3.000722407850200165e-03 -4.615062196955638935e-03 6.261116288560666628e-04
-1.540103661285516278e-03 8.451191914153580349e-04 3.002154975004121644e-03 -4.617426764464561961e-03 6.264445661066945972e-04
-1.540937180450766128e-03 8.456068427888561133e-04 3.003588927815656080e-03 -4.619793781125562313e-03 6.267778582952703795e-04
-1.541771598641016906e-03 8.460950481345648521e-04 3.005024268299878645e-03 -4.622163250793244992e-03 6.271115059908046688e-04
-1.542606917312720543e-03 8.465838083842505257e-04 3.006460998475150945e-03 -4.624535177323916765e-03 6.274455097636202254e-04
-1.543443137923547611e-03 8.470731244740837629e-04 3.007899120361109176e-03 -4.626909564572349171e-03 6.277798701846917405e-04
-1.544280261932651005e-03 8.475629973447904681e-04 3.009338635983394711e-03 -4.629286416394722339e-03 6.281145878258138871e-04
-1.545118290805070618e-03 8.480534279443758790e-04 3.010779547384119688e-03 -4.631665736657531937e-03 6.284496632613876524e-04
-1.545957226003723912e-03 8.485444172205753753e-04 3.012221856605159891e-03 -4.634047529217955562e-03 6.287850970650725371e-04
-1.546797068995933245e-03 8.490359661252264156e-04 3.013665565699133377e-03 -4.636431797943602572e-03 6.291208898125973505e-04
-1.547637821252141090e-03 8.495280756140073533e-04 3.015110676723550993e-03 -4.638818546704466701e-03 6.294570420810472388e-04
-1.548479484246742272e-03 8.500207466466775871e-04 3.016557191742714594e-03 -4.641207779374392772e-03 6.297935544490821519e-04
-1.549322059453810260e-03 8.505139801828154539e-04 3.018005112822162890e-03 -4.643599499817984734e-03 6.301304274953596542e-04
-1.550165548353245673e-03 8.510077771840598168e-04 3.019454442032409782e-03 -4.645993711911193362e-03 6.304676618006331817e-04
-1.551009952427754397e-03 8.515021386135340287e-04 3.020905181444336497e-03 -4.648390419534271546e-03 6.308052579467757172e-04
-1.551855273161853585e-03 8.519970654353208528e-04 3.022357333126420367e-03 -4.650789626573456972e-03 6.311432165164021632e-04
-1.552701512046357219e-03 8.524925586144538976e-04 3.023810899153606211e-03 -4.653191336933555806e-03 6.314815380944453381e-04
-1.553548670572497568e-03 8.529886191134238840e-04 3.025265881594547436e-03 -4.655595554525519472e-03 6.318202232658251582e-04
-1.554396750238699713e-03 8.534852478969261495e-04 3.026722282514529919e-03 -4.658002283290805373e-03 6.321592726179992234e-04
-1.555245752546107483e-03 8.539824459298098799e-04 3.028180103974469767e-03 -4.660411527188816627e-03 6.324986867392113970e-04
-1.556095678999624716e-03 8.544802141774929249e-04 3.029639348034195417e-03 -4.662823290194443963e-03 6.328384662186710245e-04
-1.556946531110862996e-03 8.549785536085751595e-04 3.031100016760152841e-03 -4.665237576305714985e-03 6.331786116477846954e-04
-1.557798310394359516e-03 8.554774651917794069e-04 3.032562112225312741e-03 -4.667654389533897573e-03 6.335191236189576577e-04
-1.558651018369377290e-03 8.559769498967882261e-04 3.034025636516506259e-03 -4.670073733902487673e-03 6.338600027265595170e-04
-1.559504656556983445e-03 8.564770086955086339e-04 3.035490591727697286e-03 -4.672495613435701141e-03 6.342012495657226153e-04
-1.560359226479698155e-03 8.569776425632930246e-04 3.036956979956395488e-03 -4.674920032162637948e-03 6.345428647322374051e-04
-1.561214729664474896e-03 8.574788524827111095e-04 3.038424803309285049e-03 -4.677346994122030983e-03 6.348848488240244710e-04
-1.562071167638162412e-03 8.579806394409968378e-04 3.039894063896428095e-03 -4.679776503345356789e-03 6.352272024393993723e-04
-1.562928541931627065e-03 8.584830044298287369e-04 3.041364763838325883e-03 -4.682208563871679587e-03 6.355699261786292324e-04
-1.563786854077232067e-03 8.589859484424930977e-04 3.042836905262496193e-03 -4.684643179738421682e-03 6.359130206426235644e-04
-1.564646105609270293e-03 8.594894724740136452e-04 3.044310490305448744e-03 -4.687080354979914106e-03 6.362564864330014919e-04
-1.565506298070333752e-03 8.599935775267407087e-04 3.045785521119651843e-03 -4.689520093651992384e-03 6.366003241546668370e-04
-1.566367432999944860e-03 8.604982646043503802e-04 3.047261999851629769e-03 -4.691962399794758973e-03 6.369445344113895636e-04
-1.567229511943982060e-03 8.610035347141971242e-04 3.048739928656712690e-03 -4.694407277455393129e-03 6.372891178096582723e-04
-1.568092536450356672e-03 8.615093888634329849e-04 3.050219309690697413e-03 -4.696854730680848598e-03 6.376340749567606207e-04
-1.568956508072210428e-03 8.620158280634671261e-04 3.051700145113719724e-03 -4.699304763529389521e-03 6.379794064621164586e-04
-1.569821428361973387e-03 8.625228533253062558e-04 3.053182437080948029e-03 -4.701757380057846290e-03 6.383251129348886796e-04
-1.570687298881481711e-03 8.630304656627764415e-04 3.054666187755870465e-03 -4.704212584355497301e-03 6.386711949876288513e-04
-1.571554121192683673e-03 8.635386660866628886e-04 3.056151399293845390e-03 -4.706670380514237778e-03 6.390176532327560520e-04
-1.572421896863979195e-03 8.640474556078939173e-04 3.057638073848502509e-03 -4.709130772651043580e-03 6.393644882850019629e-04
-1.573290627464655296e-03 8.645568352379602237e-04 3.059126213565012149e-03 -4.711593764891833930e-03 6.397117007590233471e-04
-1.574160314574916909e-03 8.650668059953050583e-04 3.060615820595536871e-03 -4.714059361401722395e-03 6.400592912732354627e-04
-1.575030959774578656e-03 8.655773688956460961e-04 3.062106897086896724e-03 -4.716527566354030386e-03 6.404072604455262122e-04
-1.575902564650042770e-03 8.660885249557388104e-04 3.063599445197280700e-03 -4.718998383945562265e-03 6.407556088962455040e-04
-1.576775130789749785e-03 8.666002751919795865e-04 3.065093467095394552e-03 -4.721471818378038601e-03 6.411043372467893934e-04
-1.577648659788253617e-03 8.671126206252889688e-04 3.066588964964937682e-03 -4.723947873866763715e-03 6.414534461210515039e-04
-1.578523153237901613e-03 8.676255622779730035e-04 3.068085940989579569e-03 -4.726426554615872910e-03 6.418029361421197882e-04
-1.579398612737173586e-03 8.681391011790623924e-04 3.069584397366207414e-03 -4.728907864845176452e-03 6.421528079357587690e-04
-1.580275039885663474e-03 8.686532383612049525e-04 3.071084336299274853e-03 -4.731391808778588962e-03 6.425030621284912600e-04
-1.581152436283850141e-03 8.691679748596511284e-04 3.072585759998515582e-03 -4.733878390639582705e-03 6.428536993474939570e-04
-1.582030803538980474e-03 8.696833117171284561e-04 3.074088670690363050e-03 -4.736367614660309637e-03 6.432047202228326297e-04
-1.582910143256538232e-03 8.701992499796731319e-04 3.075593070602044773e-03 -4.738859485057014299e-03 6.435561253838409943e-04
-1.583790457050438362e-03 8.707157906980530267e-04 3.077098961970641065e-03 -4.741354006062638814e-03 6.439079154630107226e-04
-1.584671746536564507e-03 8.712329349262075201e-04 3.078606347037547795e-03 -4.743851181905259402e-03 6.442600910936991136e-04
-1.585554013331887764e-03 8.717506837200314582e-04 3.080115228044297444e-03 -4.746351016808958087e-03 6.446126529100257687e-04
-1.586437259060770235e-03 8.722690381407606844e-04 3.081625607243095814e-03 -4.748853515012038153e-03 6.449656015492733407e-04
-1.587321485345081877e-03 8.727879992485801245e-04 3.083137486878834675e-03 -4.751358680744574223e-03 6.453189376477223545e-04
-1.588206693815088924e-03 8.733075681071181305e-04 3.084650869201839823e-03 -4.753866518264647165e-03 6.456726618446743558e-04
-1.589092886103969562e-03 8.738277457789500775e-04 3.086165756459150616e-03 -4.756377031845135904e-03 6.460267747803422706e-04
-1.589980063848750024e-03 8.743485333258842673e-04 3.087682150897656363e-03 -4.758890225766309288e-03 6.463812770963878445e-04
-1.590868228693406716e-03 8.748699318112204302e-04 3.089200054763209004e-03 -4.761406104332423055e-03 6.467361694368368172e-04
-1.591757382283840285e-03 8.753919422985798711e-04 3.090719470291248671e-03 -4.763924671862387883e-03 6.470914524460482124e-04
-1.592647526271694178e-03 8.759145658533242559e-04 3.092240399714528409e-03 -4.766445932700782290e-03 6.474471267702354730e-04
-1.593538662313227728e-03 8.764378035400027496e-04 3.093762845271704094e-03 -4.768969891218147530e-03 6.478031930570830876e-04
-1.594430792072213570e-03 8.769616564265264114e-04 3.095286809221505387e-03 -4.771496551813093553e-03 6.481596519571706898e-04
-1.595323917208066496e-03 8.774861255765276048e-04 3.096812293823519337e-03 -4.774025918875455209e-03 6.485165041195331418e-04
-1.596218039390059299e-03 8.780112120600170548e-04 3.098339301359064307e-03 -4.776557996823358083e-03 6.488737501971421524e-04
-1.597113160289402893e-03 8.785369169499260018e-04 3.099867834114248665e-03 -4.779092790074390869e-03 6.492313908437631750e-04
-1.598009281578303487e-03 8.790632413225273056e-04 3.101397894378141520e-03 -4.781630303038009004e-03 6.495894267138556605e-04
-1.598906404929968010e-03 8.795901862584140467e-04 3.102929484446840212e-03 -4.784170540118845398e-03 6.499478584625330508e-04
-1.599804532026999305e-03 8.801177528494980506e-04 3.104462606636522806e-03 -4.786713505742956794e-03 6.503066867488672097e-04
-1.600703664547848586e-03 8.806459421905399928e-04 3.105997263259291635e-03 -4.789259204313295153e-03 6.506659122303596427e-04
-1.601603804179036351e-03 8.811747553836091554e-04 3.107533456638755017e-03 -4.791807640247429216e-03 6.510255355677078666e-04
-1.602504952610893200e-03 8.817041935340286197e-04 3.109071189104397216e-03 -4.794358817970032285e-03 6.513855574232389539e-04
-1.603407111537100789e-03 8.822342577514372423e-04 3.110610462993110194e-03 -4.796912741904521722e-03 6.517459784607239175e-04
-1.604310282652020563e-03 8.827649491461923804e-04 3.112151280640085022e-03 -4.799469416469109850e-03 6.521067993444693662e-04
-1.605214467654530975e-03 8.832962688302909218e-04 3.113693644388178944e-03 -4.802028846087580925e-03 6.524680207408305090e-04
-1.606119668247941393e-03 8.838282179175873179e-04 3.115237556579608224e-03 -4.804591035197590052e-03 6.528296433177326963e-04
-1.607025886138877327e-03 8.843607975225268019e-04 3.116783019551080513e-03 -4.807155988244425117e-03 6.531916677441343064e-04
-1.607933123043009567e-03 8.848940087635630107e-04 3.118330035648264175e-03 -4.809723709699834614e-03 6.535540946924519971e-04
-1.608841380673683074e-03 8.854278527534396306e-04 3.119878607206808679e-03 -4.812294204033089849e-03 6.539169248336994689e-04
-1.609750660753884836e-03 8.859623306061000176e-04 3.121428736566189861e-03 -4.814867475758251823e-03 6.542801588423671332e-04
-1.610660965009320152e-03 8.864974434369549952e-04 3.122980426063829210e-03 -4.817443529415104883e-03 6.546437973939446021e-04
-1.611572295168497418e-03 8.870331923618934118e-04 3.124533678035772144e-03 -4.820022369567783689e-03 6.550078411648341693e-04
-1.612484652969994664e-03 8.875695784990025525e-04 3.126088494832912016e-03 -4.822604000811663537e-03 6.553722908349924681e-04
-1.613398040150508831e-03 8.881066029621957408e-04 3.127644878802324918e-03 -4.825188427731295047e-03 6.557371470831696320e-04
-1.614312458455403540e-03 8.886442668696089425e-04 3.129202832308576425e-03 -4.827775654931636996e-03 6.561024105915262607e-04
-1.615227909632262638e-03 8.891825713428515819e-04 3.130762357725864597e-03 -4.830365687024449142e-03 6.564680820431657762e-04
-1.616144395431441195e-03 8.897215175092558275e-04 3.132323457435691547e-03 -4.832958528620464288e-03 6.568341621224782229e-04
-1.617061917607928159e-03 8.902611065041537422e-04 3.133886133832586730e-03 -4.835554184333771925e-03 6.572006515161160503e-04
-1.617980477916295713e-03 8.908013394697725891e-04 3.135450389314921142e-03 -4.838152658771943324e-03 6.575675509110621726e-04
-1.618900078115161848e-03 8.913422175559282878e-04 3.137016226290462347e-03 -4.840753956546284612e-03 6.579348609962276488e-04
-1.619820719967364920e-03 8.918837419173605537e-04 3.138583647171620025e-03 -4.843358082274221155e-03 6.583025824620761159e-04
-1.620742405244098580e-03 8.924259137139193806e-04 3.140152654381658890e-03 -4.845965040587767343e-03 6.586707160021836299e-04
-1.621665135712725778e-03 8.929687341027484852e-04 3.141723250340952740e-03 -4.848574836094514395e-03 6.590392623087546224e-04
-1.622588913150668256e-03 8.935122042487647718e-04 3.143295437484987416e-03 -4.851187473416191526e-03 6.594082220781481880e-04
-1.623513739336259138e-03 8.940563253181736105e-04 3.144869218250981747e-03 -4.853802957169760061e-03 6.597775960075598833e-04
-1.624439616050219175e-03 8.946010984772892255e-04 3.146444595077490299e-03 -4.856421291985621967e-03 6.601473847950591316e-04
-1.625366545076632101e-03 8.951465248945271328e-04 3.148021570403469662e-03 -4.859042482513722602e-03 6.605175891397311455e-04
-1.626294528210263856e-03 8.956926057442799469e-04 3.149600146680838278e-03 -4.861666533440936987e-03 6.608882097448599271e-04
-1.627223567242669410e-03 8.962393421950465592e-04 3.151180326350328659e-03 -4.864293449447853503e-03 6.612592473124360255e-04
-1.628153663974122667e-03 8.967867354140675361e-04 3.152762111855281907e-03 -4.866923235243017336e-03 6.616307025473766850e-04
-1.629084820208755559e-03 8.973347865663412054e-04 3.154345505640145878e-03 -4.869555895557267471e-03 6.620025761557705220e-04
-1.630017037758818739e-03 8.978834968206616867e-04 3.155930510153046910e-03 -4.872191435152065965e-03 6.623748688465170556e-04
-1.630950318436160621e-03 8.984328673460008005e-04 3.157517127829738424e-03 -4.874829858793694806e-03 6.627475813277876543e-04
-1.631884664062793365e-03 8.989828993152862956e-04 3.159105361115305786e-03 -4.877471171284819204e-03 6.631207143113147491e-04
-1.632820076464075627e-03 8.995335939024513014e-04 3.160695212461964512e-03 -4.880115377437353047e-03 6.634942685101678089e-04
-1.633756557467268625e-03 9.000849522861459860e-04 3.162286684330931595e-03 -4.882762482068456027e-03 6.638682446385462581e-04
-1.634694108906502427e-03 9.006369756529940653e-04 3.163879779200415212e-03 -4.885412490005115044e-03 6.642426434136999239e-04
-1.635632732613504729e-03 9.011896651921292916e-04 3.165474499553223593e-03 -4.888065406057603805e-03 6.646174655523047654e-04
-1.636572430427772184e-03 9.017430220999505478e-04 3.167070847889879529e-03 -4.890721235049381652e-03 6.649927117744038399e-04
-1.637513204191427601e-03 9.022970475780581765e-04 3.168668826712883399e-03 -4.893379981795936869e-03 6.653683828009342377e-04
-1.638455055749384309e-03 9.028517428341707816e-04 3.170268438526755665e-03 -4.896041651114360627e-03 6.657444793538698719e-04
-1.639397986954840023e-03 9.034071090829183222e-04 3.171869685848159419e-03 -4.898706247839376693e-03 6.661210021584511396e-04
-1.640341999660309413e-03 9.039631475399460044e-04 3.173472571200693180e-03 -4.901373776800727576e-03 6.664979519398371230e-04
-1.641287095725130468e-03 9.045198594260100717e-04 3.175077097122362343e-03 -4.904044242846826614e-03 6.668753294261961072e-04
-1.642233277009539109e-03 9.050772459612418334e-04 3.176683266153309919e-03 -4.906717650821443288e-03 6.672531353465051924e-04
-1.643180545375778770e-03 9.056353083685974876e-04 3.178291080836638353e-03 -4.909394005565932348e-03 6.676313704306968775e-04
-1.644128902697585427e-03 9.061940478776525035e-04 3.179900543729119282e-03 -4.912073311953612555e-03 6.680100354128236297e-04
-1.645078350845755131e-03 9.067534657128434490e-04 3.181511657379934490e-03 -4.914755574857150415e-03 6.683891310254073482e-04
-1.646028891699973093e-03 9.073135630998893945e-04 3.183124424346346539e-03 -4.917440799177583838e-03 6.687686580044170442e-04
-1.646980527142867480e-03 9.078743412627554967e-04 3.184738847179722967e-03 -4.920128989828484976e-03 6.691486170867605400e-04
-1.647933259063794368e-03 9.084358014263993909e-04 3.186354928432515946e-03 -4.922820151749850159e-03 6.695290090117416359e-04
-1.648887089354452579e-03 9.089979448157239602e-04 3.187972670650544935e-03 -4.925514289895469369e-03 6.699098345194266519e-04
-1.649842019916282921e-03 9.095607726614518681e-04 3.189592076379243416e-03 -4.928211409256397918e-03 6.702910943532728585e-04
-1.650798052652139355e-03 9.101242861947509517e-04 3.191213148151027072e-03 -4.930911514839064237e-03 6.706727892567726544e-04
-1.651755189473779525e-03 9.106884866512386136e-04 3.192835888514929370e-03 -4.933614611675580207e-03 6.710549199770207002e-04
-1.652713432293554784e-03 9.112533752684239723e-04 3.194460300026640779e-03 -4.936320704793131960e-03 6.714374872614767070e-04
-1.653672783029802801e-03 9.118189532894011972e-04 3.196086385258755779e-03 -4.939029799225052621e-03 6.718204918599613449e-04
-1.654633243603340379e-03 9.123852219613267462e-04 3.197714146797847688e-03 -4.941741900004392556e-03 6.722039345234870388e-04
-1.655594815940356762e-03 9.129521825378084056e-04 3.199343587242751714e-03 -4.944457012175959218e-03 6.725878160052546758e-04
-1.656557501969327774e-03 9.135198362772106815e-04 3.200974709198028522e-03 -4.947175140782654468e-03 6.729721370595126992e-04
-1.657521303625933114e-03 9.140881844478399975e-04 3.202607515280687586e-03 -4.949896290880024564e-03 6.733568984434772304e-04
-1.658486222845495560e-03 9.146572283201693382e-04 3.204242008106089525e-03 -4.952620467519033495e-03 6.737421009142676798e-04
-1.659452261572248516e-03 9.152269691694353473e-04 3.205878190308523393e-03 -4.955347675768474736e-03 6.741277452325726517e-04
-1.660419421752589450e-03 9.157974082735213144e-04 3.207516064533916939e-03 -4.958077920695826840e-03 6.745138321600437385e-04
-1.661387705334707804e-03 9.163685469138157548e-04 3.209155633434080789e-03 -4.960811207364302679e-03 6.749003624593258787e-04
-1.662357114271039620e-03 9.169403863744739593e-04 3.210796899666028877e-03 -4.963547540844780864e-03 6.752873368948307184e-04
-1.663327650520632622e-03 9.175129279413143848e-04 3.212439865892380460e-03 -4.966286926227175130e-03 6.756747562335781686e-04
-1.664299316045964082e-03 9.180861728992313142e-04 3.214084534778600608e-03 -4.969029368618946806e-03 6.760626212439713656e-04
-1.665272112812990262e-03 9.186601225333702403e-04 3.215730908991339641e-03 -4.971774873138590060e-03 6.764509326958463272e-04
-1.666246042793260822e-03 9.192347781309448797e-04 3.217378991192901966e-03 -4.974523444922137119e-03 6.768396913612334965e-04
-1.667221107960871777e-03 9.198101409783046231e-04 3.219028784032126195e-03 -4.977275089116940145e-03 6.772288980129221496e-04
-1.668197310299997672e-03 9.203862123660577158e-04 3.220680290164072961e-03 -4.980029810902371692e-03 6.776185534274665632e-04
-1.669174651798960990e-03 9.209629935835217688e-04 3.222333512234807056e-03 -4.982787615481538805e-03 6.780086583824155525e-04
-1.670153134453531384e-03 9.215404859237499033e-04 3.223988452888921791e-03 -4.985548508092274220e-03 6.783992136575115990e-04
-1.671132760262487383e-03 9.221186906823146011e-04 3.225645114776633585e-03 -4.988312493986847909e-03 6.787902200334229846e-04
-1.672113531230471966e-03 9.226976091597973578e-04 3.227303500560642358e-03 -4.991079578428373603e-03 6.791816782930862502e-04
-1.673095449366920721e-03 9.232772426628911002e-04 3.228963612918963472e-03 -4.993849766681529752e-03 6.795735892215701290e-04
-1.674078516685655483e-03 9.238575925026937599e-04 3.230625454546219230e-03 -4.996623064017704716e-03 6.799659536061011334e-04
-1.675062735203704722e-03 9.244386599931764042e-04 3.232289028144665587e-03 -4.999399475715880607e-03 6.803587722349521390e-04
-1.676048106941177562e-03 9.250204464538656609e-04 3.233954336428435713e-03 -5.002179007051510244e-03 6.807520458973969572e-04
-1.677034633929434327e-03 9.256029532151535981e-04 3.235621382134056326e-03 -5.004961663317998230e-03 6.811457753871422681e-04
-1.678022318196384973e-03 9.261861816084157638e-04 3.237290167990767437e-03 -5.007747449799427632e-03 6.815399614967025633e-04
-1.679011161778028042e-03 9.267701329728544532e-04 3.238960696746928311e-03 -5.010536371797948661e-03 6.819346050222218096e-04
-1.680001166712049958e-03 9.273548086497361738e-04 3.240632971159044043e-03 -5.013328434616685578e-03 6.823297067609026970e-04
-1.680992335043674088e-03 9.279402099855063417e-04 3.242306993995535108e-03 -5.016123643576348400e-03 6.827252675129812966e-04
-1.681984668815699737e-03 9.285263383234874371e-04 3.243982768019405740e-03 -5.018922003980026691e-03 6.831212880781503856e-04
-1.682978170081013847e-03 9.291131950117851148e-04 3.245660296008520251e-03 -5.021723521153962505e-03 6.835177692604295753e-04
-1.683972840893979391e-03 9.297007813984371587e-04 3.247339580736318537e-03 -5.024528200430643764e-03 6.839147118644418356e-04
-1.684968683314320937e-03 9.302890988347961923e-04 3.249020624982168481e-03 -5.027336047158399886e-03 6.843121166970422917e-04
-1.685965699403769915e-03 9.308781486716223227e-04 3.250703431517747936e-03 -5.030147066699157052e-03 6.847099845656373857e-04
-1.686963891238646776e-03 9.314679322653974256e-04 3.252388003116941321e-03 -5.032961264465738230e-03 6.851083162829199125e-04
-1.687963260891998116e-03 9.320584509664223399e-04 3.254074342535678236e-03 -5.035778645862879106e-03 6.855071126597661949e-04
-1.688963810448272217e-03 9.326497061279615712e-04 3.255762452534402898e-03 -5.038599216330155554e-03 6.859063745107747299e-04
-1.689965541999121886e-03 9.332416991076850641e-04 3.257452335875985969e-03 -5.041422981337559221e-03 6.863061026528502213e-04
-1.690968457640809521e-03 9.338344312697847809e-04 3.259143995327835278e-03 -5.044249946374645965e-03 6.867062979044526606e-04
-1.691972559474494648e-03 9.344279039844633926e-04 3.260837433668033712e-03 -5.047080116942911747e-03 6.871069610856932793e-04
-1.692977849605967850e-03 9.350221186245861538e-04 3.262532653686569997e-03 -5.049913498552147974e-03 6.875080930185415232e-04
-1.693984330145608059e-03 9.356170765652306338e-04 3.264229658189054476e-03 -5.052750096721124982e-03 6.879096945270337608e-04
-1.694992003207831336e-03 9.362127791874580050e-04 3.265928449992395750e-03 -5.055589916976635338e-03 6.883117664368481681e-04
-1.696000870915537629e-03 9.368092278811470395e-04 3.267629031935312661e-03 -5.058432964858543615e-03 6.887143095771576301e-04
-1.697010935390548753e-03 9.374064240388387675e-04 3.269331406861102855e-03 -5.061279245890596204e-03 6.891173247768440317e-04
-1.698022198762597079e-03 9.380043690596397143e-04 3.271035577624164040e-03 -5.064128765616542592e-03 6.895208128681514772e-04
-1.699034663164214389e-03 9.386030643472690347e-04 3.272741547085738275e-03 -5.066981529584042333e-03 6.899247746849048379e-04
-1.700048330731900427e-03 9.392025113099690663e-04 3.274449318115394292e-03 -5.069837543347723366e-03 6.903292110630456727e-04
-1.701063203607022789e-03 9.398027113596391612e-04 3.276158893591557889e-03 -5.072696812474652463e-03 6.907341228406010036e-04
-1.702079283933097091e-03 9.404036659076772274e-04 3.277870276398240235e-03 -5.075559342532013490e-03 6.911395108568381797e-04
-1.703096573857678687e-03 9.410053763673180286e-04 3.279583469427221031e-03 -5.078425139093730584e-03 6.915453759528755002e-04
-1.704115075534805160e-03 9.416078441549137349e-04 3.281298475572788382e-03 -5.081294207741786535e-03 6.919517189721415907e-04
-1.705134791127986982e-03 9.422110706900150212e-04 3.283015297738579256e-03 -5.084166554078665100e-03 6.923585407616626762e-04
-1.706155722798100016e-03 9.428150573870554534e-04 3.284733938811516124e-03 -5.087042183703584415e-03 6.927658421668434494e-04
-1.707177872721739320e-03 9.434198056699414888e-04 3.286454401686412716e-03 -5.089921102265953373e-03 6.931736240387232012e-04
-1.708201243075690339e-03 9.440253169617551570e-04 3.288176689244949168e-03 -5.092803315428062923e-03 6.935818872281217804e-04
-1.709225836046203168e-03 9.446315926904941523e-04 3.289900804374437833e-03 -5.095688828884368388e-03 6.939906325890569981e-04
-1.710251653821948494e-03 9.452386342833922397e-04 3.291626749957074060e-03 -5.098577648344728569e-03 6.943998609758179332e-04
-1.711278698604327487e-03 9.458464431769854222e-04 3.293354528886633780e-03 -5.101469779565622094e-03 6.948095732474002945e-04
-1.712306972594589095e-03 9.464550208088888094e-04 3.295084144055830840e-03 -5.104365228307491432e-03 6.952197702626851904e-04
-1.713336478001855744e-03 9.470643686201275432e-04 3.296815598373397521e-03 -5.107264000347144436e-03 6.956304528837455124e-04
-1.714367217037965786e-03 9.476744880557736589e-04 3.298548894759523523e-03 -5.110166101454708537e-03 6.960416219739571459e-04
-1.715399191923892841e-03 9.482853805709070280e-04 3.300284036156866246e-03 -5.113071537420128647e-03 6.964532784006134160e-04
-1.716432404878431503e-03 9.488970476240071467e-04 3.302021025512380872e-03 -5.115980314023753188e-03 6.968654230303906278e-04
-1.717466858131610650e-03 9.495094906825090209e-04 3.303759865796436577e-03 -5.118892437075688896e-03 6.972780567347016409e-04
-1.718502553915723843e-03 9.501227112163427311e-04 3.305500559987537522e-03 -5.121807912391243209e-03 6.976911803861623454e-04
-1.719539494464950935e-03 9.507367106987481015e-04 3.307243111066564007e-03 -5.124726745785940403e-03 6.981047948585118647e-04
-1.720577682018358499e-03 9.513514906047027160e-04 3.308987522018335889e-03 -5.127648943081530679e-03 6.985189010275193828e-04
-1.721617118822976788e-03 9.519670524143025682e-04 3.310733795843459875e-03 -5.130574510108004173e-03 6.989334997721966068e-04
-1.722657807129108608e-03 9.525833976101673491e-04 3.312481935552197276e-03 -5.133503452686988787e-03 6.993485919728658273e-04
-1.723699749191998348e-03 9.532005276754583088e-04 3.314231944164053745e-03 -5.136435776642171540e-03 6.997641785115643262e-04
-1.724742947274954252e-03 9.538184440997498617e-04 3.315983824709894338e-03 -5.139371487816592893e-03 7.001802602734812694e-04
-1.725787403639544425e-03 9.544371483723707418e-04 3.317737580211050502e-03 -5.142310592053352288e-03 7.005968381432346650e-04
-1.726833120563149842e-03 9.550566419899765049e-04 3.319493213701361477e-03 -5.145253095251683950e-03 7.010139130113517483e-04
-1.727880100322180465e-03 9.556769264476443248e-04 3.321250728197853129e-03 -5.148199003317502527e-03 7.014314857676089447e-04
-1.728928345201510191e-03 9.562980032433547606e-04 3.323010126709584171e-03 -5.151148322189521081e-03 7.018495573049220951e-04
-1.729977857493940384e-03 9.569198738779299569e-04 3.324771412248488187e-03 -5.154101057829451639e-03 7.022681285189057284e-04
-1.731028639495397082e-03 9.575425398499890677e-04 3.326534587819577650e-03 -5.157057216214234498e-03 7.026872003054120304e-04
-1.732080693513977790e-03 9.581660026664985197e-04 3.328299656436226831e-03 -5.160016803367252838e-03 7.031067735648061784e-04
-1.733134021862528604e-03 9.587902638402505916e-04 3.330066621116172399e-03 -5.162979825330437506e-03 7.035268491992848925e-04
-1.734188626857964413e-03 9.594153248905357275e-04 3.331835484893896308e-03 -5.165946288155351396e-03 7.039474281129915779e-04
-1.735244510817855615e-03 9.600411873425530570e-04 3.333606250815466295e-03 -5.168916197886880455e-03 7.043685112111638166e-04
-1.736301676069678529e-03 9.606678527291442502e-04 3.335378921949690156e-03 -5.171889560592194020e-03 7.047900994032234518e-04
-1.737360124943389695e-03 9.612953225848690046e-04 3.337153501373007602e-03 -5.174866382344055042e-03 7.052121935994609897e-04
-1.738419859777991369e-03 9.619235984480858448e-04 3.338929992176520659e-03 -5.177846669229163243e-03 7.056347947133260849e-04
-1.739480882915850953e-03 9.625526818578014317e-04 3.340708397460885777e-03 -5.180830427328714065e-03 7.060579036594965760e-04
-1.740543196704249238e-03 9.631825743580802292e-04 3.342488720334219152e-03 -5.183817662725880536e-03 7.064815213546182370e-04
-1.741606803498005470e-03 9.638132775022514257e-04 3.344270963923661258e-03 -5.186808381519399623e-03 7.069056487186696795e-04
-1.742671705653217606e-03 9.644447928483666690e-04 3.346055131365267311e-03 -5.189802589807339557e-03 7.073302866724576286e-04
-1.743737905530902844e-03 9.650771219565333625e-04 3.347841225806779796e-03 -5.192800293688851904e-03 7.077554361389838851e-04
-1.744805405500194717e-03 9.657102663894183859e-04 3.349629250410914028e-03 -5.195801499277502913e-03 7.081810980446571384e-04
-1.745874207933652625e-03 9.663442277118387000e-04 3.351419208339392625e-03 -5.198806212696818752e-03 7.086072733174394143e-04
-1.746944315207978266e-03 9.669790074915707041e-04 3.353211102750691241e-03 -5.201814440082062722e-03 7.090339628868969242e-04
-1.748015729708476918e-03 9.676146072984877526e-04 3.355004936801230745e-03 -5.204826187598692727e-03 7.094611676854692319e-04
-1.749088453828067345e-03 9.682510287036080092e-04 3.356800713640801029e-03 -5.207841461445264324e-03 7.098888886480924938e-04
-1.750162489963101977e-03 9.688882732793319954e-04 3.358598436407803523e-03 -5.210860267838490420e-03 7.103171267109223766e-04
-1.751237840521567384e-03 9.695263426054942816e-04 3.360398108245041954e-03 -5.213882613039034879e-03 7.107458828143088918e-04
-1.752314507912419630e-03 9.701652382615494254e-04 3.362199732283621071e-03 -5.216908503325733658e-03 7.111751578983189657e-04
-1.753392494558081872e-03 9.708049618382778856e-04 3.364003311663392101e-03 -5.219937945012634133e-03 7.116049529082235864e-04
-1.754471802884795175e-03 9.714455149336990135e-04 3.365808849535093829e-03 -5.222970944420048632e-03 7.120352687908780868e-04
-1.755552435322105037e-03 9.720868991469870527e-04 3.367616349067984512e-03 -5.226007507873962031e-03 7.124661064945169049e-04
-1.756634394307778025e-03 9.727291160810409149e-04 3.369425813447146124e-03 -5.229047641715106089e-03 7.128974669705096662e-04
-1.757717682283971294e-03 9.733721673415572954e-04 3.371237245867177330e-03 -5.232091352288394115e-03 7.133293511716125822e-04
-1.758802301702985576e-03 9.740160545433777014e-04 3.373050649541841587e-03 -5.235138645967081332e-03 7.137617600543317946e-04
-1.759888255020044178e-03 9.746607793041057533e-04 3.374866027699338720e-03 -5.238189529132734022e-03 7.141946945765819321e-04
-1.760975544692953629e-03 9.753063432436233056e-04 3.376683383579572734e-03 -5.241244008163553972e-03 7.146281556977504036e-04
-1.762064173187839321e-03 9.759527479912037890e-04 3.378502720440722078e-03 -5.244302089444189199e-03 7.150621443811077966e-04
-1.763154142972584359e-03 9.765999951814197805e-04 3.380324041548675180e-03 -5.247363779351115441e-03 7.154966615908515829e-04
-1.764245456524260458e-03 9.772480864541261986e-04 3.382147350183132770e-03 -5.250429084280822806e-03 7.159317082948556555e-04
-1.765338116322522988e-03 9.778970234476558505e-04 3.383972649634067742e-03 -5.253498010628360713e-03 7.163672854624321016e-04
-1.766432124850384226e-03 9.785468078008121955e-04 3.385799943194977950e-03 -5.256570564798910238e-03 7.168033940642888104e-04
-1.767527484604556861e-03 9.791974411619555011e-04 3.387629234174203540e-03 -5.259646753229632946e-03 7.172400350765773414e-04
-1.768624198077838093e-03 9.798489251777557640e-04 3.389460525865102720e-03 -5.262726582351774131e-03 7.176772094738391060e-04
-1.769722267776694530e-03 9.805012614992917805e-04 3.391293821560222282e-03 -5.265810058646758565e-03 7.181149182355962314e-04
-1.770821696211386615e-03 9.811544517792014294e-04 3.393129124541271763e-03 -5.268897188613047740e-03 7.185531623428340845e-04
-1.771922485901469228e-03 9.818084976801299928e-04 3.394966438088150087e-03 -5.271987978770655350e-03 7.189919427800793615e-04
-1.773024639370415550e-03 9.824634008649333044e-04 3.396805765461250078e-03 -5.275082435655860727e-03 7.194312605323736464e-04
-1.774128159158761724e-03 9.831191630041179793e-04 3.398647109935717080e-03 -5.278180565860650375e-03 7.198711165903442242e-04
-1.775233047805854520e-03 9.837757857686024125e-04 3.400490474787709085e-03 -5.281282375982657325e-03 7.203115119436625472e-04
-1.776339307865546467e-03 9.844332708397846802e-04 3.402335863324263028e-03 -5.284387872662752589e-03 7.207524475877337628e-04
-1.777446941887960439e-03 9.850916198958343216e-04 3.404183278850842018e-03 -5.287497062533927199e-03 7.211939245167457843e-04
-1.778555952436489292e-03 9.857508346262494874e-04 3.406032724698607357e-03 -5.290609952257345830e-03 7.216359437306716111e-04
-1.779666342075037410e-03 9.864109167250520536e-04 3.407884204206903037e-03 -5.293726548492475731e-03 7.220785062297557268e-04
-1.780778113377273503e-03 9.870718678933266058e-04 3.409737720734083016e-03 -5.296846857925604710e-03 7.225216130180711497e-04
-1.781891268919696047e-03 9.877336898319937983e-04 3.411593277652202969e-03 -5.299970887242910420e-03 7.229652651011473068e-04
-1.783005811291663240e-03 9.883963842527193795e-04 3.413450878358669817e-03 -5.303098643147024366e-03 7.234094634897319989e-04
-1.784121743075316180e-03 9.890599528672764339e-04 3.415310526247741958e-03 -5.306230132308072805e-03 7.238542091920807707e-04
-1.785239066868203996e-03 9.897243973965260452e-04 3.417172224740117580e-03 -5.309365361436542072e-03 7.242995032226074359e-04
-1.786357785271102620e-03 9.903897195601453485e-04 3.419035977261195968e-03 -5.312504337240744889e-03 7.247453465972454253e-04
-1.787477900887122920e-03 9.910559210794976301e-04 3.420901787245147607e-03 -5.315647066429697414e-03 7.251917403333737371e-04
-1.788599416330041714e-03 9.917230036856914191e-04 3.422769658139643463e-03 -5.318793555733608049e-03 7.256386854527468837e-04
-1.789722334214343801e-03 9.923909691114175292e-04 3.424639593387568404e-03 -5.321943811875682120e-03 7.260861829775737668e-04
-1.790846657167860078e-03 9.930598190947110236e-04 3.426511596429580343e-03 -5.325097841621780938e-03 7.265342339347394523e-04
-1.791972387823636019e-03 9.937295553767387917e-04 3.428385670695194634e-03 -5.328255651746275495e-03 7.269828393526527434e-04
-1.793099528820085199e-03 9.944001796977771594e-04 3.430261819608279670e-03 -5.331417249043921523e-03 7.274320002611036088e-04
-1.794228082809081349e-03 9.950716938051814252e-04 3.432140046588546146e-03 -5.334582640359650761e-03 7.278817176944874911e-04
-1.795358052445245349e-03 9.957440994491581227e-04 3.434020355043244238e-03 -5.337751832573494476e-03 7.283319926878237911e-04
-1.796489440395747719e-03 9.964173983890763781e-04 3.435902748396280071e-03 -5.340924832613985936e-03 7.287828262808028696e-04
-1.797622249332561130e-03 9.970915923886922161e-04 3.437787230078897215e-03 -5.344101647421621928e-03 7.292342195147792291e-04
-1.798756481931549451e-03 9.977666832166746155e-04 3.439673803533005187e-03 -5.347282283944873767e-03 7.296861734328267002e-04
-1.799892140883225210e-03 9.984426726510615795e-04 3.441562472235474256e-03 -5.350466749170151165e-03 7.301386890843646234e-04
-1.801029228871494454e-03 9.991195624674336587e-04 3.443453239661968621e-03 -5.353655050065329185e-03 7.305917675164139754e-04
-1.802167748595269025e-03 9.997973544519677454e-04 3.445346109311305405e-03 -5.356847193647439748e-03 7.310454097816151530e-04
-1.803307702757613691e-03 1.000476050393509387e-03 3.447241084694639950e-03 -5.360043186933774115e-03 7.314996169342649970e-04
-1.804449094070743236e-03 1.001155652088379922e-03 3.449138169343331489e-03 -5.363243036943118880e-03 7.319543900323927143e-04
-1.805591925246571253e-03 1.001836161334396886e-03 3.451037366792579931e-03 -5.366446750677123304e-03 7.324097301342606149e-04
-1.806736199010582945e-03 1.002517579938580743e-03 3.452938680606140905e-03 -5.369654335160261270e-03 7.328656383038534283e-04
-1.807881918085604833e-03 1.003199909707419178e-03 3.454842114348780947e-03 -5.372865797405493304e-03 7.333221156043893529e-04
-1.809029085208999554e-03 1.003883152457965425e-03 3.456747671610892799e-03 -5.376081144455522633e-03 7.337791631051084626e-04
-1.810177703116823932e-03 1.004567310007406294e-03 3.458655355977979882e-03 -5.379300383331116903e-03 7.342367818745632307e-04
-1.811327774559068956e-03 1.005252384178129078e-03 3.460565171054499206e-03 -5.382523521078758436e-03 7.346949729867594502e-04
-1.812479302288328353e-03 1.005938376791367696e-03 3.462477120432104222e-03 -5.385750564754361244e-03 7.351537375165238721e-04
-1.813632289067222767e-03 1.006625289673423193e-03 3.464391207697215154e-03 -5.388981521448957951e-03 7.356130765423945801e-04
-1.814786737662835202e-03 1.007313124653548900e-03 3.466307436424596183e-03 -5.392216398282169421e-03 7.360729911444866295e-04
-1.815942650857237106e-03 1.008001883571150829e-03 3.468225810195764772e-03 -5.395455202425437913e-03 7.365334824084290031e-04
-1.817100031430137885e-03 1.008691568267021041e-03 3.470146332565805097e-03 -5.398697941060705101e-03 7.369945514184055501e-04
-1.818258882179024172e-03 1.009382180593035609e-03 3.472069007101983001e-03 -5.401944621440842899e-03 7.374561992651090195e-04
-1.819419205906803831e-03 1.010073722405537954e-03 3.473993837380632589e-03 -5.405195250845401533e-03 7.379184270409098545e-04
-1.820581005421143504e-03 1.010766195566457524e-03 3.475920826996892372e-03 -5.408449836569446598e-03 7.383812358399001029e-04
-1.821744283539211999e-03 1.011459601942242287e-03 3.477849979568254507e-03 -5.411708385924358759e-03 7.388446267602540507e-04
-1.822909043081295637e-03 1.012153943399952136e-03 3.479781298726840506e-03 -5.414970906220965309e-03 7.393086009017566743e-04
-1.824075286879624311e-03 1.012849221816140019e-03 3.481714788120477636e-03 -5.418237404805069032e-03 7.397731593686774276e-04
-1.825243017771657891e-03 1.013545439072577586e-03 3.483650451403494039e-03 -5.421507889026721920e-03 7.402383032670808776e-04
-1.826412238598079359e-03 1.014242597055858581e-03 3.485588292244354552e-03 -5.424782366233161374e-03 7.407040337046275373e-04
-1.827582952209162118e-03 1.014940697659941519e-03 3.487528314331449480e-03 -5.428060843783886688e-03 7.411703517928554599e-04
-1.828755161460540084e-03 1.015639742783149262e-03 3.489470521369011924e-03 -5.431343329020570272e-03 7.416372586455683563e-04
-1.829928869217827469e-03 1.016339734329133743e-03 3.491414917087063818e-03 -5.434629829298411909e-03 7.421047553807240578e-04
-1.831104078351304459e-03 1.017040674203049163e-03 3.493361505224124638e-03 -5.437920351977470340e-03 7.425728431182184071e-04
-1.832280791734634384e-03 1.017742564312231575e-03 3.495310289520586929e-03 -5.441214904415597742e-03 7.430415229796110636e-04
-1.833459012254677048e-03 1.018445406570899544e-03 3.497261273734617211e-03 -5.444513494002773367e-03 7.435107960920594224e-04
-1.834638742797416438e-03 1.019149202892844679e-03 3.499214461616709324e-03 -5.447816128128593095e-03 7.439806635827558986e-04
-1.835819986261712526e-03 1.019853955199302720e-03 3.501169856915912516e-03 -5.451122814226731263e-03 7.444511265837768042e-04
-1.837002745552104984e-03 1.020559665418687258e-03 3.503127463368061346e-03 -5.454433559754348626e-03 7.449221862289191884e-04
-1.838187023581807538e-03 1.021266335486574342e-03 3.505087284704798412e-03 -5.457748372212785012e-03 7.453938436547928462e-04
-1.839372823276955865e-03 1.021973967345273784e-03 3.507049324664398161e-03 -5.461067259155519098e-03 7.458661000026435128e-04
-1.840560147567186318e-03 1.022682562940371636e-03 3.509013586969274463e-03 -5.464390228166073234e-03 7.463389564143691791e-04
-1.841748999392290751e-03 1.023392124224695773e-03 3.510980075350660524e-03 -5.467717286860903497e-03 7.468124140353532212e-04
-1.842939381701414218e-03 1.024102653157952462e-03 3.512948793560984398e-03 -5.471048442884225878e-03 7.472864740146033941e-04
-1.844131297454318927e-03 1.024814151706392000e-03 3.514919745380929317e-03 -5.474383703904981378e-03 7.477611375053929213e-04
-1.845324749607895687e-03 1.025526621832574493e-03 3.516892934591773091e-03 -5.477723077577963465e-03 7.482364056600816944e-04
-1.846519741135062417e-03 1.026240065509093037e-03 3.518868364999092231e-03 -5.481066571599150540e-03 7.487122796370061610e-04
-1.847716275015652727e-03 1.026954484715784932e-03 3.520846040416760869e-03 -5.484414193675410734e-03 7.491887605971320674e-04
-1.848914354234200029e-03 1.027669881435140089e-03 3.522825964666514466e-03 -5.487765951512927828e-03 7.496658497032087807e-04
-1.850113981784743148e-03 1.028386257657838698e-03 3.524808141586628207e-03 -5.491121852819018379e-03 7.501435481217473078e-04
-1.851315160665454110e-03 1.029103615381054236e-03 3.526792575036975016e-03 -5.494481905286245117e-03 7.506218570215876301e-04
-1.852517893886646049e-03 1.029821956608269369e-03 3.528779268900366500e-03 -5.497846116620976574e-03 7.511007775766681896e-04
-1.853722184459976729e-03 1.030541283340591710e-03 3.530768227066910080e-03 -5.501214494533184299e-03 7.515803109619013673e-04
-1.854928035407712615e-03 1.031261597585084178e-03 3.532759453448656127e-03 -5.504587046758671609e-03 7.520604583568972837e-04
-1.856135449750160368e-03 1.031982901350695552e-03 3.534752951950335779e-03 -5.507963781022958381e-03 7.525412209407983345e-04
-1.857344430529531869e-03 1.032705196662192688e-03 3.536748726506997505e-03 -5.511344705111453218e-03 7.530225999014158707e-04
-1.858554980782850877e-03 1.033428485540137907e-03 3.538746781031953254e-03 -5.514729826810650659e-03 7.535045964241784923e-04
-1.859767103560397688e-03 1.034152770017176745e-03 3.540747119435352572e-03 -5.518119153946738319e-03 7.539872116994316559e-04
-1.860980801928819933e-03 1.034878052136082921e-03 3.542749745630872134e-03 -5.521512694394865514e-03 7.544704469233519829e-04
-1.862196078946284396e-03 1.035604333933203003e-03 3.544754663505945719e-03 -5.524910456025473524e-03 7.549543032882951492e-04
-1.863412937701108656e-03 1.036331617462177236e-03 3.546761876978568161e-03 -5.528312446809349572e-03 7.554387819977656819e-04
-1.864631381274878480e-03 1.037059904775478178e-03 3.548771389947912979e-03 -5.531718674713733373e-03 7.559238842520819629e-04
-1.865851412765605517e-03 1.037789197937158750e-03 3.550783206336387277e-03 -5.535129147752977999e-03 7.564096112577275814e-04
-1.867073035281569026e-03 1.038519499015725560e-03 3.552797330087442088e-03 -5.538543873970901664e-03 7.568959642250773284e-04
-1.868296251928186838e-03 1.039250810075564163e-03 3.554813765145314278e-03 -5.541962861397613065e-03 7.573829443635775923e-04
-1.869521065829665143e-03 1.039983133191049085e-03 3.556832515478082751e-03 -5.545386118105215083e-03 7.578705528899596245e-04
-1.870747480118228889e-03 1.040716470443040550e-03 3.558853585059011063e-03 -5.548813652172566481e-03 7.583587910239037062e-04
-1.871975497931323675e-03 1.041450823917958570e-03 3.560876977865058603e-03 -5.552245471670157716e-03 7.588476599870864602e-04
-1.873205122409717744e-03 1.042186195711166741e-03 3.562902697884273544e-03 -5.555681584656069032e-03 7.593371610029446030e-04
-1.874436356708497750e-03 1.042922587930085205e-03 3.564930749145081481e-03 -5.559121999209119293e-03 7.598272953013768044e-04
-1.875669203983336463e-03 1.043660002680155650e-03 3.566961135684236419e-03 -5.562566723401574445e-03 7.603180641127029469e-04
-1.876903667402366090e-03 1.044398442071958017e-03 3.568993861568295779e-03 -5.566015765347922736e-03 7.608094686724638884e-04
-1.878139750137609821e-03 1.045137908219839415e-03 3.571028930880459917e-03 -5.569469133173523059e-03 7.613015102180726874e-04
-1.879377455370108375e-03 1.045878403245552486e-03 3.573066347715944321e-03 -5.572926835019188958e-03 7.617941899909868014e-04
-1.880616786285566923e-03 1.046619929275229835e-03 3.575106116169680850e-03 -5.576388879027117419e-03 7.622875092344724626e-04
-1.881857746085308135e-03 1.047362488444075583e-03 3.577148240348501998e-03 -5.579855273378450838e-03 7.627814691973887600e-04
-1.883100337970650996e-03 1.048106082888915821e-03 3.579192724341034339e-03 -5.583326026260345028e-03 7.632760711283684014e-04
-1.884344565161865260e-03 1.048850714757887902e-03 3.581239572247455968e-03 -5.586801145931082069e-03 7.637713162832553398e-04
-1.885590430875175956e-03 1.049596386198505113e-03 3.583288788146682044e-03 -5.590280640654340764e-03 7.642672059156566024e-04
-1.886837938351248415e-03 1.050343099371269483e-03 3.585340376137632554e-03 -5.593764518776833325e-03 7.647637412879757825e-04
-1.888087090830818660e-03 1.051090856436781486e-03 3.587394340302845191e-03 -5.597252788662458733e-03 7.652609236619427498e-04
-1.889337891568249181e-03 1.051839659566251601e-03 3.589450684738151702e-03 -5.600745458722822603e-03 7.657587543046217573e-04
-1.890590343825538505e-03 1.052589510935327726e-03 3.591509413545021252e-03 -5.604242537380425479e-03 7.662572344860421342e-04
-1.891844450879981302e-03 1.053340412724200134e-03 3.593570530839774405e-03 -5.607744033085868690e-03 7.667563654820932139e-04
-1.893100216007399458e-03 1.054092367111613641e-03 3.595634040733338907e-03 -5.611249954255988041e-03 7.672561485675757909e-04
-1.894357642500857798e-03 1.054845376290920083e-03 3.597699947366079457e-03 -5.614760309341904412e-03 7.677565850240407937e-04
-1.895616733659089784e-03 1.055599442465673422e-03 3.599768254889348061e-03 -5.618275106811565500e-03 7.682576761355787865e-04
-1.896877492783329705e-03 1.056354567846871321e-03 3.601838967470641362e-03 -5.621794355142594422e-03 7.687594231881608817e-04
-1.898139923193864964e-03 1.057110754658398700e-03 3.603912089322900553e-03 -5.625318062851428734e-03 7.692618274757437747e-04
-1.899404028202160595e-03 1.057868005113434201e-03 3.605987624651726779e-03 -5.628846238414303774e-03 7.697648902888191589e-04
-1.900669811139454445e-03 1.058626321435305034e-03 3.608065577707708638e-03 -5.632378890354056492e-03 7.702686129260048233e-04
-1.901937275342428357e-03 1.059385705853514671e-03 3.610145952760935185e-03 -5.635916027193752821e-03 7.707729966880799135e-04
-1.903206424152885075e-03 1.060146160601529780e-03 3.612228754091644910e-03 -5.639457657459399052e-03 7.712780428783735107e-04
-1.904477260928662914e-03 1.060907687923389516e-03 3.614313985997623466e-03 -5.643003789720375633e-03 7.717837528068384120e-04
-1.905749789024685200e-03 1.061670290060290258e-03 3.616401652767636810e-03 -5.646554432544450587e-03 7.722901277817055933e-04
-1.907024011811640860e-03 1.062433969267074802e-03 3.618491758701144600e-03 -5.650109594549573150e-03 7.727971691173586609e-04
-1.908299932667696132e-03 1.063198727804668320e-03 3.620584308080284416e-03 -5.653669284392742050e-03 7.733048781308391427e-04
-1.909577554985839379e-03 1.063964567942313113e-03 3.622679305188350463e-03 -5.657233510782886700e-03 7.738132561444654870e-04
-1.910856882160308834e-03 1.064731491946875781e-03 3.624776754283604886e-03 -5.660802282434614259e-03 7.743223044800743226e-04
-1.912137917611528163e-03 1.065499502102047573e-03 3.626876659641037771e-03 -5.664375608129451449e-03 7.748320244690598459e-04
-1.913420664756596001e-03 1.066268600692908382e-03 3.628979025514006765e-03 -5.667953496654107477e-03 7.753424174408727124e-04
-1.914705127033473637e-03 1.067038790018034469e-03 3.631083856179041520e-03 -5.671535956858852687e-03 7.758534847330167059e-04
-1.915991307879475955e-03 1.067810072373078217e-03 3.633191155914928996e-03 -5.675122997588566767e-03 7.763652276829705653e-04
-1.917279210747774082e-03 1.068582450063575596e-03 3.635300929026980508e-03 -5.678714627715227524e-03 7.768776476342816343e-04
-1.918568839097624119e-03 1.069355925403417222e-03 3.637413179837065309e-03 -5.682310856114409711e-03 7.773907459329343263e-04
-1.919860196398737130e-03 1.070130500714399930e-03 3.639527912685733887e-03 -5.685911691682163024e-03 7.779045239293384427e-04
-1.921153286125007248e-03 1.070906178322443558e-03 3.641645131929842696e-03 -5.689517143316944088e-03 7.784189829759248459e-04
-1.922448111762882364e-03 1.071682960562468558e-03 3.643764841964979798e-03 -5.693127219942481845e-03 7.789341244306860305e-04
-1.923744676799239066e-03 1.072460849770296570e-03 3.645887047205297396e-03 -5.696741930477451990e-03 7.794499496521501954e-04
-1.925042984740115912e-03 1.073239848293953014e-03 3.648011752100914582e-03 -5.700361283884356270e-03 7.799664600062726494e-04
-1.926343039096629645e-03 1.074019958482711444e-03 3.650138961118500145e-03 -5.703985289127835347e-03 7.804836568611121621e-04
-1.927644843383343473e-03 1.074801182688622054e-03 3.652268678739663613e-03 -5.707613955174041694e-03 7.810015415869259398e-04
-1.928948401119402224e-03 1.075583523274127769e-03 3.654400909456533442e-03 -5.711247290995612180e-03 7.815201155565483374e-04
-1.930253715847301405e-03 1.076366982613737163e-03 3.656535657779659988e-03 -5.714885305627863572e-03 7.820393801514411401e-04
-1.931560791108714479e-03 1.077151563080647363e-03 3.658672928185678890e-03 -5.718528008094163860e-03 7.825593367519096148e-04
-1.932869630458528085e-03 1.077937267058765459e-03 3.660812725140480915e-03 -5.722175407459268934e-03 7.830799867429605625e-04
-1.934180237471416850e-03 1.078724096944370372e-03 3.662955053113875568e-03 -5.725827512865227890e-03 7.836013315170556499e-04
-1.935492615714103212e-03 1.079512055129547548e-03 3.665099916541160897e-03 -5.729484333447299252e-03 7.841233724625842807e-04
-1.936806768789976459e-03 1.080301144028250572e-03 3.667247319894348205e-03 -5.733145878451358785e-03 7.846461109814727728e-04
-1.938122700294909323e-03 1.081091366049981512e-03 3.669397267610177097e-03 -5.736812157118450183e-03 7.851695484717194883e-04
-1.939440413842554367e-03 1.081882723615496021e-03 3.671549764146954994e-03 -5.740483178724891007e-03 7.856936863385075801e-04
-1.940759913062552666e-03 1.082675219153930420e-03 3.673704813990407055e-03 -5.744158952574183671e-03 7.862185259934401961e-04
-1.942081201575380101e-03 1.083468855087526368e-03 3.675862421623952991e-03 -5.747839487935359898e-03 7.867440688447179323e-04
-1.943404283029388693e-03 1.084263633855984000e-03 3.678022591585177956e-03 -5.751524794161681775e-03 7.872703163117073660e-04
-1.944729161071061295e-03 1.085059557898357700e-03 3.680185328410729047e-03 -5.755214880602299229e-03 7.877972698129264697e-04
-1.946055839360458445e-03 1.085856629670710598e-03 3.682350636680937171e-03 -5.758909756631434146e-03 7.883249307731300887e-04
-1.947384321558985523e-03 1.086654851633061646e-03 3.684518520997188008e-03 -5.762609431623351777e-03 7.888533006181701725e-04
-1.948714611343156699e-03 1.087454226250387200e-03 3.686688985981708203e-03 -5.766313914979018240e-03 7.893823807794649646e-04
-1.950046712399260010e-03 1.088254755999313369e-03 3.688862036278555030e-03 -5.770023216098384838e-03 7.899121726922577738e-04
-1.951380628422951435e-03 1.089056443367766034e-03 3.691037676567694107e-03 -5.773737344391481618e-03 7.904426777966413282e-04
-1.952716363113264674e-03 1.089859290843425612e-03 3.693215911539976439e-03 -5.777456309263732069e-03 7.909738975348155031e-04
-1.954053920175800874e-03 1.090663300919143298e-03 3.695396745887710634e-03 -5.781180120132086916e-03 7.915058333519932798e-04
-1.955393303340204232e-03 1.091468476102463829e-03 3.697580184313601498e-03 -5.784908786491191682e-03 7.920384867019873145e-04
-1.956734516334205330e-03 1.092274818897176264e-03 3.699766231488259283e-03 -5.788642317836375367e-03 7.925718590368489771e-04
-1.958077562903251263e-03 1.093082331819184754e-03 3.701954892077775720e-03 -5.792380723709978849e-03 7.931059518147992897e-04
-1.959422446805745340e-03 1.093891017396933334e-03 3.704146170745388489e-03 -5.796124013684226216e-03 7.936407664985511241e-04
-1.960769171815393737e-03 1.094700878166993867e-03 3.706340072146037650e-03 -5.799872197388179773e-03 7.941763045561273408e-04
-1.962117741709583710e-03 1.095511916661277450e-03 3.708536600911719813e-03 -5.803625284482361903e-03 7.947125674559034911e-04
-1.963468160286380420e-03 1.096324135426495188e-03 3.710735761695497636e-03 -5.807383284697763791e-03 7.952495566736780081e-04
-1.964820431350246255e-03 1.097137537014839914e-03 3.712937559175219070e-03 -5.811146207785975598e-03 7.957872736885912698e-04
-1.966174558709961329e-03 1.097952123974828796e-03 3.715141998039332098e-03 -5.814914063519555087e-03 7.963257199819624666e-04
-1.967530546191544136e-03 1.098767898866183368e-03 3.717349083010388060e-03 -5.818686861708984547e-03 7.968648970418533341e-04
-1.968888397623644315e-03 1.099584864253102265e-03 3.719558818816629496e-03 -5.822464612154997117e-03 7.974048063567399898e-04
-1.970248116853904122e-03 1.100403022719669693e-03 3.721771210229072452e-03 -5.826247324695984185e-03 7.979454494229887241e-04
-1.971609707733864604e-03 1.101222376861289362e-03 3.723986262043205153e-03 -5.830035009177446034e-03 7.984868277393632153e-04
-1.972973174121521716e-03 1.102042929277866588e-03 3.726203979066762539e-03 -5.833827675453355337e-03 7.990289428073443691e-04
-1.974338519889184615e-03 1.102864682579608995e-03 3.728424366130232183e-03 -5.837625333405743050e-03 7.995717961342183435e-04
-1.975705748916106123e-03 1.103687639386481591e-03 3.730647428097858074e-03 -5.841427992912920017e-03 8.001153892310338030e-04
-1.977074865093882920e-03 1.104511802328774677e-03 3.732873169870385820e-03 -5.845235663866151996e-03 8.006597236145479536e-04
-1.978445872320006276e-03 1.105337174035355644e-03 3.735101596356277514e-03 -5.849048356151929050e-03 8.012048008037528672e-04
-1.979818774499800173e-03 1.106163757136293616e-03 3.737332712452364359e-03 -5.852866079669324061e-03 8.017506223200845158e-04
-1.981193575557456746e-03 1.106991554269315219e-03 3.739566523053883783e-03 -5.856688844376125962e-03 8.022971896916382580e-04
-1.982570279427782033e-03 1.107820568085487100e-03 3.741803033043724584e-03 -5.860516660246319932e-03 8.028445044499836697e-04
-1.983948890061616559e-03 1.108650801249637255e-03 3.744042247305283833e-03 -5.864349537299815354e-03 8.033925681324517775e-04
-1.985329411417888126e-03 1.109482256428150158e-03 3.746284170704509454e-03 -5.868187485606502461e-03 8.039413822787966910e-04
-1.986711847463738020e-03 1.110314936284495079e-03 3.748528808090382473e-03 -5.872030515300415490e-03 8.044909484313145405e-04
-1.988096202194047490e-03 1.111148843499519534e-03 3.750776164341952310e-03 -5.875878636609402524e-03 8.050412681421672623e-04
-1.989482479599259494e-03 1.111983980752320918e-03 3.753026244337388448e-03 -5.879731859746883081e-03 8.055923429616196558e-04
-1.990870683688404988e-03 1.112820350728360892e-03 3.755279052975534371e-03 -5.883590194977064182e-03 8.061441744479034546e-04
-1.992260818476347065e-03 1.113657956118698422e-03 3.757534595160403040e-03 -5.887453652569056908e-03 8.066967641617723552e-04
-1.993652887993144999e-03 1.114496799632433161e-03 3.759792875832991717e-03 -5.891322242836665758e-03 8.072501136699118326e-04
-1.995046896273851029e-03 1.115336883987754933e-03 3.762053899955656450e-03 -5.895195976101726999e-03 8.078042245413055451e-04
-1.996442847371604490e-03 1.116178211920223345e-03 3.764317672527532459e-03 -5.899074862719432162e-03 8.083590983525175671e-04
-1.997840745339618009e-03 1.117020786167440211e-03 3.766584198555516984e-03 -5.902958913035841193e-03 8.089147366802233209e-04
-1.999240594254982246e-03 1.117864609484929854e-03 3.768853483086328712e-03 -5.906848137442493284e-03 8.094711411104711565e-04
-2.000642398191312780e-03 1.118709684633111120e-03 3.771125531177884835e-03 -5.910742546301475490e-03 8.100283132286026323e-04
-2.002046161241049973e-03 1.119556014385814438e-03 3.773400347940591374e-03 -5.914642149984292684e-03 8.105862546280435520e-04
-2.003451887500002585e-03 1.120403601514826947e-03 3.775677938485822761e-03 -5.918546958852770844e-03 8.111449669039691879e-04
-2.004859581079030707e-03 1.121252448795521895e-03 3.777958307931286903e-03 -5.922456983293358616e-03 8.117044516576751335e-04
-2.006269246097439497e-03 1.122102559007895134e-03 3.780241461389456312e-03 -5.926372233721073808e-03 8.122647104931876539e-04
-2.007680886699714489e-03 1.122953934949319239e-03 3.782527403995271202e-03 -5.930292720630297824e-03 8.128257450236552745e-04
-2.009094507025457107e-03 1.123806579417155728e-03 3.784816140846103318e-03 -5.934218454508549505e-03 8.133875568589944054e-04
-2.010510111243455494e-03 1.124660495224400099e-03 3.787107677046301461e-03 -5.938149445931129901e-03 8.139501476195316410e-04
-2.011927703530079405e-03 1.125515685181991549e-03 3.789402017688010653e-03 -5.942085705520459490e-03 8.145135189283804087e-04
-2.013347288070396063e-03 1.126372152102518998e-03 3.791699167852583766e-03 -5.946027243955137771e-03 8.150776724116762413e-04
-2.014768869070196998e-03 1.127229898810701639e-03 3.793999132641434017e-03 -5.949974071995266754e-03 8.156426097033154989e-04
-2.016192450737269975e-03 1.128088928128710136e-03 3.796301917158453974e-03 -5.953926200413375142e-03 8.162083324384432174e-04
-2.017618037298330325e-03 1.128949242896578036e-03 3.798607526539021870e-03 -5.957883640013700646e-03 8.167748422599668866e-04
-2.019045632988084819e-03 1.129810845970710990e-03 3.800915965935789884e-03 -5.961846401603672005e-03 8.173421408137817321e-04
-2.020475242049287606e-03 1.130673740214591669e-03 3.803227240515690433e-03 -5.965814496011476523e-03 8.179102297486110125e-04
-2.021906868743743139e-03 1.131537928506262279e-03 3.805541355492206811e-03 -5.969787934115729049e-03 8.184791107211717006e-04
-2.023340517338398890e-03 1.132403413730714327e-03 3.807858316089251030e-03 -5.973766726799129706e-03 8.190487853898535849e-04
-2.024776192121031590e-03 1.133270198795360189e-03 3.810178127569060352e-03 -5.977750884969731601e-03 8.196192554211054367e-04
-2.026213897383078236e-03 1.134138286620218691e-03 3.812500795215973716e-03 -5.981740419508008340e-03 8.201905224839433099e-04
-2.027653637419799156e-03 1.135007680128795890e-03 3.814826324339701258e-03 -5.985735341282392812e-03 8.207625882502325417e-04
-2.029095416553388428e-03 1.135878382256069350e-03 3.817154720290975856e-03 -5.989735661210503388e-03 8.213354544027901038e-04
-2.030539239097449780e-03 1.136750395928070451e-03 3.819485988398025385e-03 -5.993741390176110517e-03 8.219091226205266958e-04
-2.031985109390243866e-03 1.137623724082312271e-03 3.821820134024247508e-03 -5.997752539128948374e-03 8.224835945919621930e-04
-2.033433031778895343e-03 1.138498369659716406e-03 3.824157162529255149e-03 -6.001769119053524532e-03 8.230588720087193486e-04
-2.034883010632460108e-03 1.139374335615830555e-03 3.826497079258132927e-03 -6.005791141000076105e-03 8.236349565693747718e-04
-2.036335050325707371e-03 1.140251624907859728e-03 3.828839889537498896e-03 -6.009818616040035061e-03 8.242118499741363626e-04
-2.037789155257476500e-03 1.141130240500897808e-03 3.831185598711794524e-03 -6.013851555329587616e-03 8.247895539327094148e-04
-2.039245329825633678e-03 1.142010185350508539e-03 3.833534212097125873e-03 -6.017889970063912235e-03 8.253680701538444742e-04
-2.040703578456306341e-03 1.142891462429325997e-03 3.835885735031404915e-03 -6.021933871541940327e-03 8.259474003568535163e-04
-2.042163905573902809e-03 1.143774074710120865e-03 3.838240172846734462e-03 -6.025983271065280845e-03 8.265275462606089816e-04
-2.043626315625440056e-03 1.144658025190963468e-03 3.840597530911825201e-03 -6.030038179975873332e-03 8.271085095929640819e-04
-2.045090813064036946e-03 1.145543316880221667e-03 3.842957814601380851e-03 -6.034098609618435485e-03 8.276902920835663841e-04
-2.046557402361858305e-03 1.146429952797329340e-03 3.845321029319089760e-03 -6.038164571399013553e-03 8.282728954689552942e-04
-2.048026087998961950e-03 1.147317935971375619e-03 3.847687180491280584e-03 -6.042236076736932221e-03 8.288563214889095978e-04
-2.049496874478963677e-03 1.148207269465124306e-03 3.850056273593859078e-03 -6.046313137081910268e-03 8.294405718932739216e-04
-2.050969766299573418e-03 1.149097956352479813e-03 3.852428314101367501e-03 -6.050395763844838154e-03 8.300256484297118030e-04
-2.052444767985231455e-03 1.149989999721985666e-03 3.854803307535709100e-03 -6.054483968483593929e-03 8.306115528567898417e-04
-2.053921884064965550e-03 1.150883402662918531e-03 3.857181259441563610e-03 -6.058577762450398710e-03 8.311982869357281136e-04
-2.055401119071896109e-03 1.151778168263811308e-03 3.859562175381394712e-03 -6.062677157194928772e-03 8.317858524303792462e-04
-2.056882477556708482e-03 1.152674299618389360e-03 3.861946060940162854e-03 -6.066782164190666002e-03 8.323742511116452407e-04
-2.058365964079154984e-03 1.153571799821741109e-03 3.864332921709983781e-03 -6.070892794913154006e-03 8.329634847539688861e-04
-2.059851583222048477e-03 1.154470671979868556e-03 3.866722763297473792e-03 -6.075009060894179594e-03 8.335535551399253550e-04
-2.061339339580631983e-03 1.155370919206523796e-03 3.869115591287764638e-03 -6.079130973721250629e-03 8.341444640555525447e-04
-2.062829237759846498e-03 1.156272544615570379e-03 3.871511411261679449e-03 -6.083258545029487929e-03 8.347362132900534642e-04
-2.064321282381856217e-03 1.157175551321933723e-03 3.873910228815375875e-03 -6.087391786520481712e-03 8.353288046400000107e-04
-2.065815478081389073e-03 1.158079942441492044e-03 3.876312049527864262e-03 -6.091530709969648558e-03 8.359222399062012521e-04
-2.067311829514137129e-03 1.158985721100825065e-03 3.878716878982031192e-03 -6.095675327234212869e-03 8.365165208966529988e-04
-2.068810341345571954e-03 1.159892890445110699e-03 3.881124722765195035e-03 -6.099825650210143231e-03 8.371116494224261836e-04
-2.070311018250121926e-03 1.160801453632960990e-03 3.883535586476527090e-03 -6.103981690800294214e-03 8.377076272975835956e-04
-2.071813864927466928e-03 1.161711413850270410e-03 3.885949475753594159e-03 -6.108143460952255438e-03 8.383044563466786553e-04
-2.073318886078583546e-03 1.162622774293194756e-03 3.888366396229932850e-03 -6.112310972629144898e-03 8.389021383948266171e-04
-2.074826086428757047e-03 1.163535538177016453e-03 3.890786353584895114e-03 -6.116484237853461910e-03 8.395006752766416471e-04
-2.076335470710161286e-03 1.164449708732641711e-03 3.893209353519573764e-03 -6.120663268635483795e-03 8.401000688299288272e-04
-2.077847043667606277e-03 1.165365289208390547e-03 3.895635401761871324e-03 -6.124848077003097052e-03 8.407003208977581249e-04
-2.079360810066985428e-03 1.166282282861517017e-03 3.898064504068008817e-03 -6.129038675013113828e-03 8.413014333313842581e-04
-2.080876774673626195e-03 1.167200692945305485e-03 3.900496666216245623e-03 -6.133235074684386182e-03 8.419034079827362104e-04
-2.082394942264846009e-03 1.168120522720768068e-03 3.902931894025247171e-03 -6.137437288039220007e-03 8.425062467094485792e-04
-2.083915317634330282e-03 1.169041775457967591e-03 3.905370193328480417e-03 -6.141645327119864446e-03 8.431099513758950371e-04
-2.085437905593376211e-03 1.169964454430799531e-03 3.907811569979074973e-03 -6.145859203997738884e-03 8.437145238537101591e-04
-2.086962710951527616e-03 1.170888562901961942e-03 3.910256029816407998e-03 -6.150078930760823244e-03 8.443199660138068748e-04
-2.088489738550059448e-03 1.171814104149376595e-03 3.912703578694763998e-03 -6.154304519610004527e-03 8.449262797379604104e-04
-2.090018993245487938e-03 1.172741081455701056e-03 3.915154222470234625e-03 -6.158535982812966998e-03 8.455334669126091454e-04
-2.091550479904667834e-03 1.173669498103916851e-03 3.917607966999259346e-03 -6.162773332669850730e-03 8.461415294274856995e-04
-2.093084203414190703e-03 1.174599357387058011e-03 3.920064818136849948e-03 -6.167016581557752467e-03 8.467504691795560553e-04
-2.094620168669568492e-03 1.175530662609255159e-03 3.922524781729206690e-03 -6.171265741931122005e-03 8.473602880693291515e-04
-2.096158380593567822e-03 1.176463417108237043e-03 3.924987863629826948e-03 -6.175520826331590274e-03 8.479709880074043794e-04
-2.097698844111483239e-03 1.177397624235184976e-03 3.927454069692291362e-03 -6.179781847283279637e-03 8.485825709053151705e-04
-2.099241564169008773e-03 1.178333287359349365e-03 3.929923405809191903e-03 -6.184048817337022864e-03 8.491950386831910533e-04
-2.100786545717124587e-03 1.179270409850782927e-03 3.932395877855030843e-03 -6.188321749054126984e-03 8.498083932623968963e-04
-2.102333793746584585e-03 1.180208995109979526e-03 3.934871491774873803e-03 -6.192600655086211332e-03 8.504226365794013715e-04
-2.103883313239582244e-03 1.181149046542960069e-03 3.937350253519838854e-03 -6.196885548028191470e-03 8.510377705675801390e-04
-2.105435109198746085e-03 1.182090567576906922e-03 3.939832169071782499e-03 -6.201176440516709999e-03 8.516537971684039459e-04
-2.106989186650083928e-03 1.183033561655242498e-03 3.942317244449924582e-03 -6.205473345239751262e-03 8.522707183332622546e-04
-2.108545550601080218e-03 1.183978032209202129e-03 3.944805485681136814e-03 -6.209776274790903758e-03 8.528885360077984729e-04
-2.110104206105155745e-03 1.184923982695852479e-03 3.947296898868525063e-03 -6.214085241859382616e-03 8.535072521564635549e-04
-2.111665158203761272e-03 1.185871416553020393e-03 3.949791490095691700e-03 -6.218400259093127824e-03 8.541268687390740329e-04
-2.113228411963491947e-03 1.186820337227612911e-03 3.952289265484805469e-03 -6.222721339200544891e-03 8.547473877253123535e-04
-2.114793972468034713e-03 1.187770748171902788e-03 3.954790231168065287e-03 -6.227048494946456868e-03 8.553688110911504203e-04
-2.116361844805918126e-03 1.188722652840149907e-03 3.957294393254547939e-03 -6.231381739143149710e-03 8.559911408131050566e-04
-2.117932034098683400e-03 1.189676054707834588e-03 3.959801757882853469e-03 -6.235721084724430222e-03 8.566143788800439918e-04
-2.119504545483083969e-03 1.190630957258782254e-03 3.962312331198159128e-03 -6.240066544689132182e-03 8.572385272865030558e-04
-2.121079384103558094e-03 1.191587363977577490e-03 3.964826119328633200e-03 -6.244418132069924285e-03 8.578635880302858639e-04
-2.122656555117125119e-03 1.192545278360919968e-03 3.967343128385547764e-03 -6.248775859935576556e-03 8.584895631130230482e-04
-2.124236063716148509e-03 1.193504703941291288e-03 3.969863364498094592e-03 -6.253139741446451551e-03 8.591164545492527760e-04
-2.125817915092564122e-03 1.194465644260845651e-03 3.972386833785157730e-03 -6.257509789739406324e-03 8.597442643530753053e-04
-2.127402114465256743e-03 1.195428102871824673e-03 3.974913542402343583e-03 -6.261886018004931241e-03 8.603729945487864064e-04
-2.128988667064972331e-03 1.196392083340285092e-03 3.977443496502686832e-03 -6.266268439469906831e-03 8.610026471645683887e-04
-2.130577578143465645e-03 1.197357589253545936e-03 3.979976702295027341e-03 -6.270657067416481045e-03 8.616332242373105728e-04
-2.132168852955162921e-03 1.198324624212121405e-03 3.982513166014532008e-03 -6.275051915094793584e-03 8.622647278055940679e-04
-2.133762496785531534e-03 1.199293191849477424e-03 3.985052893932425691e-03 -6.279452995813978623e-03 8.628971599202571062e-04
-2.135358514914875456e-03 1.200263295791861732e-03 3.987595892321072963e-03 -6.283860322861891355e-03 8.635305226296301597e-04
-2.136956912655285732e-03 1.201234939678058264e-03 3.990142167520022501e-03 -6.288273909592622182e-03 8.641648179953707138e-04
-2.138557695304695028e-03 1.202208127138563315e-03 3.992691725874815585e-03 -6.292693769312713604e-03 8.648000480752903721e-04
-2.140160868201793336e-03 1.203182861822117700e-03 3.995244573797484579e-03 -6.297119915434472477e-03 8.654362149443878358e-04
-2.141766436675597834e-03 1.204159147363792395e-03 3.997800717675316015e-03 -6.301552361332398225e-03 8.660733206743798183e-04
-2.143374406082719508e-03 1.205136987411972596e-03 4.000360163907858320e-03 -6.305991120457142031e-03 8.667113673474836390e-04
-2.144984781798735946e-03 1.206116385628567189e-03 4.002922918900491192e-03 -6.310436206321929156e-03 8.673503570519496605e-04
-2.146597569227853310e-03 1.207097345698292983e-03 4.005488989084372321e-03 -6.314887632544100363e-03 8.679902918856991119e-04
-2.148212773777035973e-03 1.208079871302358095e-03 4.008058380870969419e-03 -6.319345412747540656e-03 8.686311739473079720e-04
-2.149830400879094387e-03 1.209063966133939365e-03 4.010631100681305052e-03 -6.323809560612496210e-03 8.692730053452312530e-04
-2.151450455985426131e-03 1.210049633898882320e-03 4.013207154928254659e-03 -6.328280089884308693e-03 8.699157881940204357e-04
-2.153072944558884032e-03 1.211036878318093139e-03 4.015786550006721946e-03 -6.332757014377867442e-03 8.705595246125190324e-04
-2.154697872100197302e-03 1.212025703142935625e-03 4.018369292350738170e-03 -6.337240347995267212e-03 8.712042167338888542e-04
-2.156325244098720572e-03 1.213016112119388997e-03 4.020955388371940178e-03 -6.341730104577981107e-03 8.718498666857241175e-04
-2.157955066082659773e-03 1.214008109029976598e-03 4.023544844533250182e-03 -6.346226298050631001e-03 8.724964766100544314e-04
-2.159587343590210241e-03 1.215001697676903721e-03 4.026137667343489442e-03 -6.350728942353250049e-03 8.731440486529793918e-04
-2.161222082172827106e-03 1.215996881872975690e-03 4.028733863344770294e-03 -6.355238051461937175e-03 8.737925849659811161e-04
-2.162859287403978703e-03 1.216993665451504211e-03 4.031333439097117832e-03 -6.359753639436339923e-03 8.744420877100820503e-04
-2.164498964856948621e-03 1.217992052249400759e-03 4.033936401167600994e-03 -6.364275720347922771e-03 8.750925590473160928e-04
-2.166141120121648639e-03 1.218992046108576064e-03 4.036542756181478279e-03 -6.368804308260353486e-03 8.757440011481227443e-04
-2.167785758800242022e-03 1.219993650868882390e-03 4.039152510791416822e-03 -6.373339417207874585e-03 8.763964161888204837e-04
-2.169432886521998390e-03 1.220996870380275682e-03 4.041765671686455702e-03 -6.377881061283014429e-03 8.770498063567360196e-04
-2.171082508905677975e-03 1.222001708484108740e-03 4.044382245543451902e-03 -6.382429254534488332e-03 8.777041738349642026e-04
-2.172734631620332809e-03 1.223008169056824784e-03 4.047002239086047899e-03 -6.386984011133791869e-03 8.783595208256357633e-04
-2.174389260333338750e-03 1.224016255982461436e-03 4.049625659007926627e-03 -6.391545345265846507e-03 8.790158495291734882e-04
-2.176046400752550992e-03 1.225025973165508059e-03 4.052252512037875752e-03 -6.396113271273048441e-03 8.796731621610006432e-04
-2.177706058580062849e-03 1.226037324498318974e-03 4.054882804883743093e-03 -6.400687803490070008e-03 8.803314609336166177e-04
-2.179368239558521995e-03 1.227050313895534060e-03 4.057516544289929694e-03 -6.405268956356868250e-03 8.809907480750395290e-04
-2.181032949438112181e-03 1.228064945271391826e-03 4.060153736959310790e-03 -6.409856744356386658e-03 8.816510258141720948e-04
-2.182700193997555525e-03 1.229081222567081659e-03 4.062794389600822738e-03 -6.414451182056890230e-03 8.823122963898785741e-04
-2.184369979028741131e-03 1.230099149747673586e-03 4.065438508935258731e-03 -6.419052284039541631e-03 8.829745620454513243e-04
-2.186042310355394182e-03 1.231118730804197118e-03 4.068086101724967263e-03 -6.423660064975455879e-03 8.836378250363389943e-04
-2.187717193795088964e-03 1.232139969734004619e-03 4.070737174728888096e-03 -6.428274539527558361e-03 8.843020876159722078e-04
-2.189394635201202290e-03 1.233162870563001348e-03 4.073391734777387363e-03 -6.432895722442504363e-03 8.849673520527565887e-04
-2.191074640436278548e-03 1.234187437321036893e-03 4.076049788724653289e-03 -6.437523628476458058e-03 8.856336206191030205e-04
-2.192757215373342030e-03 1.235213674051531801e-03 4.078711343402551676e-03 -6.442158272416418328e-03 8.863008955914105161e-04
-2.194442365899077971e-03 1.236241584809859729e-03 4.081376405684388267e-03 -6.446799669057077554e-03 8.869691792527110204e-04
-2.196130097925719747e-03 1.237271173660692888e-03 4.084044982518466108e-03 -6.451447833185251605e-03 8.876384738973375514e-04
-2.197820417370065661e-03 1.238302444666892219e-03 4.086717080884942968e-03 -6.456102779556232955e-03 8.883087818226560739e-04
-2.199513330162736723e-03 1.239335401905743974e-03 4.089392707781498194e-03 -6.460764522958717913e-03 8.889801053326696050e-04
-2.201208842262326795e-03 1.240370049471472029e-03 4.092071870221437521e-03 -6.465433078249169761e-03 8.896524467424303745e-04
-2.202906959627590200e-03 1.241406391459037731e-03 4.094754575190972905e-03 -6.470108460296706589e-03 8.903258083649484090e-04
-2.204607688273150633e-03 1.242444432004396332e-03 4.097440829751472328e-03 -6.474790684145282325e-03 8.910001925341594874e-04
-2.206311034209125412e-03 1.243484175231652968e-03 4.100130640940918836e-03 -6.479479764878838012e-03 8.916756015812576583e-04
-2.208017003475332488e-03 1.244525625270541738e-03 4.102824015812730173e-03 -6.484175717670865452e-03 8.923520378482422376e-04
-2.209725602135957472e-03 1.245568786264754759e-03 4.105520961416289118e-03 -6.488878557777031167e-03 8.930295036859739423e-04
-2.211436836259012776e-03 1.246613662355435404e-03 4.108221484760883786e-03 -6.493588300476570499e-03 8.937080014456704087e-04
-2.213150711956415797e-03 1.247660257722273038e-03 4.110925592884824217e-03 -6.498304961144765225e-03 8.943875334939451610e-04
-2.214867235358782948e-03 1.248708576572371293e-03 4.113633292842607155e-03 -6.503028555178475348e-03 8.950681022037612448e-04
-2.216586412608532401e-03 1.249758623125371950e-03 4.116344591699935655e-03 -6.507759098003644375e-03 8.957497099531424364e-04
-2.218308249854092275e-03 1.250810401613615397e-03 4.119059496553931221e-03 -6.512496605070111633e-03 8.964323591235429274e-04
-2.220032753279890976e-03 1.251863916290651621e-03 4.121778014556189140e-03 -6.517241091919651584e-03 8.971160521103148638e-04
-2.221759929078029154e-03 1.252919171413000238e-03 4.124500152844478087e-03 -6.521992574093297100e-03 8.978007913112096222e-04
-2.223489783463801148e-03 1.253976171266998592e-03 4.127225918603462385e-03 -6.526751067162547999e-03 8.984865791346468037e-04
-2.225222322656432179e-03 1.255034920159116144e-03 4.129955319067344852e-03 -6.531516586663123694e-03 8.991734179929521727e-04
-2.226957552891033632e-03 1.256095422402533348e-03 4.132688361519774867e-03 -6.536289148121177464e-03 8.998613103056958074e-04
-2.228695480429501458e-03 1.257157682314610477e-03 4.135425053283253542e-03 -6.541068767127155778e-03 9.005502585032023125e-04
-2.230436111542150653e-03 1.258221704220353161e-03 4.138165401674741284e-03 -6.545855459309174625e-03 9.012402650197775915e-04
-2.232179452514838035e-03 1.259287492459845682e-03 4.140909414037583641e-03 -6.550649240348516665e-03 9.019313322959552053e-04
-2.233925509669588538e-03 1.260355051394063163e-03 4.143657097753774068e-03 -6.555450126044979134e-03 9.026234627851619386e-04
-2.235674289343638019e-03 1.261424385385135401e-03 4.146408460198719274e-03 -6.560258132266147922e-03 9.033166589459055811e-04
-2.237425797896771575e-03 1.262495498803065238e-03 4.149163508750926786e-03 -6.565073274949722974e-03 9.040109232447851063e-04
-2.239180041712117604e-03 1.263568396021838222e-03 4.151922250779254732e-03 -6.569895570089917189e-03 9.047062581560204536e-04
-2.240937027202312588e-03 1.264643081419269737e-03 4.154684693639509180e-03 -6.574725033759138727e-03 9.054026661630084662e-04
-2.242696760797658999e-03 1.265719559392030746e-03 4.157450844673532542e-03 -6.579561682075280200e-03 9.061001497540151391e-04
-2.244459248970269178e-03 1.266797834384285034e-03 4.160220711276427577e-03 -6.584405531253263374e-03 9.067987114326744912e-04
-2.246224498180476696e-03 1.267877910834531215e-03 4.162994300819321432e-03 -6.589256597491200546e-03 9.074983536988267012e-04
-2.247992514931293224e-03 1.268959793216585356e-03 4.165771620730772742e-03 -6.594114897083803821e-03 9.081990790694408240e-04
-2.249763305737968906e-03 1.270043486023862212e-03 4.168552678448578415e-03 -6.598980446348336713e-03 9.089008900661708608e-04
-2.251536877127058647e-03 1.271128993760941000e-03 4.171337481441406494e-03 -6.603853261622879417e-03 9.096037892151306783e-04
-2.253313235656506305e-03 1.272216320966573690e-03 4.174126037241598919e-03 -6.608733359297502656e-03 9.103077790551490156e-04
-2.255092387884468676e-03 1.273305472195986271e-03 4.176918353405377829e-03 -6.613620755737199992e-03 9.110128621272497963e-04
-2.256874340396513353e-03 1.274396452024919571e-03 4.179714437544212839e-03 -6.618515467374842115e-03 9.117190409854358194e-04
-2.258659099786020693e-03 1.275489265020165412e-03 4.182514297293602086e-03 -6.623417510665561420e-03 9.124263181886155738e-04
-2.260446672655743762e-03 1.276583915746770702e-03 4.185317940304480143e-03 -6.628326902072408447e-03 9.131346963001323687e-04
-2.262237065645876597e-03 1.277680408803178597e-03 4.188125374276078887e-03 -6.633243658121631449e-03 9.138441778982844561e-04
-2.264030285407014204e-03 1.278778748786818303e-03 4.190936606904375854e-03 -6.638167795355141496e-03 9.145547655635426123e-04
-2.265826338630044876e-03 1.279878940316013557e-03 4.193751645926254226e-03 -6.643099330425700222e-03 9.152664618910249681e-04
-2.267625232022246144e-03 1.280980988011750678e-03 4.196570499064146940e-03 -6.648038280060704006e-03 9.159792694808840388e-04
-2.269426972306653762e-03 1.282084896495361412e-03 4.199393174017552154e-03 -6.652984661056929490e-03 9.166931909378836681e-04
-2.271231566266820184e-03 1.283190670413666664e-03 4.202219678518328422e-03 -6.657938490381127596e-03 9.174082288881243649e-04
-2.273039020671429548e-03 1.284298314405235260e-03 4.205050020233261354e-03 -6.662899784948089071e-03 9.181243859494468609e-04
-2.274849342339224905e-03 1.285407833155524952e-03 4.207884206881810571e-03 -6.667868561794041381e-03 9.188416647581054350e-04
-2.276662538102011777e-03 1.286519231366757207e-03 4.210722246188118578e-03 -6.672844838012929707e-03 9.195600679555074710e-04
-2.278478614823895802e-03 1.287632513768650379e-03 4.213564145931616121e-03 -6.677828630767755971e-03 9.202795981964235778e-04
-2.280297579361923160e-03 1.288747685102329061e-03 4.216409913871644981e-03 -6.682819957201727168e-03 9.210002581325684324e-04
-2.282119438625218166e-03 1.289864750156479193e-03 4.219259557860449185e-03 -6.687818834597855124e-03 9.217220504371103620e-04
-2.283944199516081165e-03 1.290983713724173400e-03 4.222113085773769592e-03 -6.692825280197949381e-03 9.224449777822963390e-04
-2.285771868968880603e-03 1.292104580626867632e-03 4.224970505522231481e-03 -6.697839311311239510e-03 9.231690428543697351e-04
-2.287602453908604404e-03 1.293227355684422328e-03 4.227831825007836823e-03 -6.702860945202571315e-03 9.238942483379423065e-04
-2.289435961311775229e-03 1.294352043743326151e-03 4.230697052232520669e-03 -6.707890199240930384e-03 9.246205969395264760e-04
-2.291272398143254056e-03 1.295478649626345636e-03 4.233566195186161743e-03 -6.712927090738426798e-03 9.253480913613505504e-04
-2.293111771405276483e-03 1.296607178192892484e-03 4.236439261918738264e-03 -6.717971637068873882e-03 9.260767343205202583e-04
-2.294954088118949728e-03 1.297737634315682207e-03 4.239316260502100711e-03 -6.723023855633608083e-03 9.268065285406104376e-04
-2.296799355356770028e-03 1.298870022895978228e-03 4.242197199055232001e-03 -6.728083763971437481e-03 9.275374767634896695e-04
-2.298647580177059623e-03 1.300004348813070879e-03 4.245082085632951967e-03 -6.733151379611957039e-03 9.282695817241443451e-04
-2.300498769694225235e-03 1.301140616975178955e-03 4.247970928315514087e-03 -6.738226720279132283e-03 9.290028461777510849e-04
-2.302352931045242336e-03 1.302278832299416916e-03 4.250863735158445095e-03 -6.743309803771769910e-03 9.297372728857297795e-04
-2.304210071389734948e-03 1.303418999705080201e-03 4.253760514209649346e-03 -6.748400647963348660e-03 9.304728646150723596e-04
-2.306070197935500363e-03 1.304561124152947777e-03 4.256661273576190473e-03 -6.753499270864089452e-03 9.312096241512856764e-04
-2.307933317883204428e-03 1.305705210603334571e-03 4.259566021328970060e-03 -6.758605690469236468e-03 9.319475542765537183e-04
-2.309799438475936949e-03 1.306851264051318504e-03 4.262474765604465712e-03 -6.763719924861583653e-03 9.326866577911154758e-04
-2.311668566968420359e-03 1.307999289528279400e-03 4.265387514565627779e-03 -6.768841992115053573e-03 9.334269375010751475e-04
-2.313540710626484954e-03 1.309149292091166261e-03 4.268304276392479758e-03 -6.773971910342434406e-03 9.341683962178687134e-04
-2.315415876763261306e-03 1.310301276823283090e-03 4.271225059337733533e-03 -6.779109697786110320e-03 9.349110367719317121e-04
-2.317294072680079527e-03 1.311455248798763275e-03 4.274149871637336617e-03 -6.784255372634689918e-03 9.356548619893538749e-04
-2.319175305717233355e-03 1.312611213128300367e-03 4.277078721604504578e-03 -6.789408953160280986e-03 9.363998747134366423e-04
-2.321059583221739449e-03 1.313769174931879533e-03 4.280011617583159324e-03 -6.794570457604696100e-03 9.371460777920201423e-04
-2.322946912556134169e-03 1.314929139331200061e-03 4.282948567946843164e-03 -6.799739904210763512e-03 9.378934740798304873e-04
-2.324837301133349764e-03 1.316091111494570223e-03 4.285889581143400955e-03 -6.804917311320788330e-03 9.386420664520550702e-04
-2.326730756352631078e-03 1.317255096582828572e-03 4.288834665607825850e-03 -6.810102697223062440e-03 9.393918577782371443e-04
-2.328627285665867044e-03 1.318421099776227170e-03 4.291783829804727939e-03 -6.815296080367109002e-03 9.401428509458332593e-04
-2.330526896548301610e-03 1.319589126260035114e-03 4.294737082190892841e-03 -6.820497479281382829e-03 9.408950488491915880e-04
-2.332429596522514123e-03 1.320759181240048269e-03 4.297694431245027008e-03 -6.825706912681964687e-03 9.416484543999058395e-04
-2.334335393101187334e-03 1.321931269910165546e-03 4.300655885377936347e-03 -6.830924399270087849e-03 9.424030705036704706e-04
-2.336244293870835560e-03 1.323105397497182940e-03 4.303621453056383737e-03 -6.836149957944949625e-03 9.431589000919553267e-04
-2.338156306429134759e-03 1.324281569233423271e-03 4.306591142721812905e-03 -6.841383607630439380e-03 9.439159460996325883e-04
-2.340071438400492983e-03 1.325459790378578744e-03 4.309564962846587285e-03 -6.846625367314229660e-03 9.446742114727372727e-04
-2.341989697409457057e-03 1.326640066210838919e-03 4.312542921918690632e-03 -6.851875255966654449e-03 9.454336991590786944e-04
-2.343911091141793936e-03 1.327822402070364402e-03 4.315525028529752088e-03 -6.857133292701037518e-03 9.461944121306908222e-04
-2.345835627271523026e-03 1.329006803300337687e-03 4.318511291260686280e-03 -6.862399496614000720e-03 9.469563533541622193e-04
-2.347763313514945448e-03 1.330193275276245072e-03 4.321501718726954849e-03 -6.867673886932380324e-03 9.477195258129951115e-04
-2.349694157600259060e-03 1.331381823387600694e-03 4.324496319562437865e-03 -6.872956482858906882e-03 9.484839324966623172e-04
-2.351628167298815998e-03 1.332572453055939085e-03 4.327495102485015913e-03 -6.878247303659143497e-03 9.492495764138393936e-04
-2.353565350351998452e-03 1.333765169692771547e-03 4.330498076191664422e-03 -6.883546368489856619e-03 9.500164605635993357e-04
-2.355505714556554043e-03 1.334959978747583993e-03 4.333505249493178370e-03 -6.888853696660337395e-03 9.507845879685648772e-04
-2.357449267726021650e-03 1.336156885690453940e-03 4.336516631221671615e-03 -6.894169307489783974e-03 9.515539616577620499e-04
-2.359396017692683405e-03 1.337355895998724141e-03 4.339532230208649130e-03 -6.899493220326644548e-03 9.523245846662932966e-04
-2.361345972344980077e-03 1.338557015172539208e-03 4.342552055324199606e-03 -6.904825454679726013e-03 9.530964600488794815e-04
-2.363299139570521068e-03 1.339760248699460718e-03 4.345576115400775173e-03 -6.910166030020470189e-03 9.538695908588014317e-04
-2.365255527315244990e-03 1.340965602087131840e-03 4.348604419302098956e-03 -6.915514966010236422e-03 9.546439801699126019e-04
-2.367215143546619240e-03 1.342173080851972360e-03 4.351636975870924740e-03 -6.920872282400289573e-03 9.554196310630282173e-04
-2.369177996254738083e-03 1.343382690517497952e-03 4.354673793916445483e-03 -6.926237999049588735e-03 9.561965466257155892e-04
-2.371144093486711370e-03 1.344594436643425798e-03 4.357714882314769368e-03 -6.931612135976694504e-03 9.569747299651986143e-04
-2.373113443290335908e-03 1.345808324798306510e-03 4.360760249945195600e-03 -6.936994713191208493e-03 9.577541841882497272e-04
-2.375086053753421196e-03 1.347024360600013008e-03 4.363809905761452564e-03 -6.942385750797665928e-03 9.585349124200453694e-04
-2.377061932975748498e-03 1.348242549699887752e-03 4.366863858738014199e-03 -6.947785268912026919e-03 9.593169177916141804e-04
-2.379041089079051569e-03 1.349462897763563417e-03 4.369922117856261251e-03 -6.953193287671086478e-03 9.601002034408388005e-04
-2.381023530250606784e-03 1.350685410497213818e-03 4.372984692153953842e-03 -6.958609827386457239e-03 9.608847725306909589e-04
-2.383009264641209289e-03 1.351910093594004512e-03 4.376051590648203683e-03 -6.964034908266163691e-03 9.616706282129319511e-04
-2.384998300449469710e-03 1.353136952792853738e-03 4.379122822472422683e-03 -6.969468550608243392e-03 9.624577736612548564e-04
-2.386990645883228703e-03 1.354365993852085868e-03 4.382198396804292025e-03 -6.974910774718528876e-03 9.632462120550430804e-04
-2.388986309187771800e-03 1.355597222554528677e-03 4.385278322873877206e-03 -6.980361600967492815e-03 9.640359465889607746e-04
-2.390985298613959066e-03 1.356830644689150430e-03 4.388362609886438045e-03 -6.985821049696182630e-03 9.648269804596842610e-04
-2.392987622476712168e-03 1.358066266085621206e-03 4.391451267090472343e-03 -6.991289141372241528e-03 9.656193168868904518e-04
-2.394993289089319098e-03 1.359304092553042251e-03 4.394544303719606984e-03 -6.996765896447045344e-03 9.664129590883270299e-04
-2.397002306826854362e-03 1.360544129932638856e-03 4.397641729067006296e-03 -7.002251335537272581e-03 9.672079103050845511e-04
-2.399014684069556303e-03 1.361786384060599975e-03 4.400743552409800557e-03 -7.007745479348189734e-03 9.680041737772918835e-04
-2.401030429257325609e-03 1.363030860790819584e-03 4.403849783045047685e-03 -7.013248348796487057e-03 9.688017527650226619e-04
-2.403049550851007587e-03 1.364277566000379055e-03 4.406960430219417947e-03 -7.018759964871658548e-03 9.696006505351161594e-04
-2.405072057351115896e-03 1.365526505589226020e-03 4.410075503219632043e-03 -7.024280348696296597e-03 9.704008703697088742e-04
-2.407097957274894739e-03 1.366777685469052622e-03 4.413195011357833042e-03 -7.029809521425907370e-03 9.712024155573480838e-04
-2.409127259189560062e-03 1.368031111601622496e-03 4.416318964032559316e-03 -7.035347504281453355e-03 9.720052894063855361e-04
-2.411159971653767387e-03 1.369286789968824454e-03 4.419447370603687454e-03 -7.040894318402777033e-03 9.728094952213559368e-04
-2.413196103288385921e-03 1.370544726590358208e-03 4.422580240511951241e-03 -7.046449985113382997e-03 9.736150363312268130e-04
-2.415235662726159926e-03 1.371804927488570009e-03 4.425717583225062014e-03 -7.052014525794439784e-03 9.744219160711099737e-04
-2.417278658605199158e-03 1.373067398715508043e-03 4.428859408237621059e-03 -7.057587961821147615e-03 9.752301377816037248e-04
-2.419325099589096466e-03 1.374332146360080983e-03 4.432005725125044357e-03 -7.063170314576622255e-03 9.760397048166058465e-04
-2.421374994369097488e-03 1.375599176535149699e-03 4.435156543504782840e-03 -7.068761605484871237e-03 9.768506205411198184e-04
-2.423428351679495461e-03 1.376868495385442795e-03 4.438311873020756720e-03 -7.074361856058730344e-03 9.776628883367609411e-04
-2.425485180273650836e-03 1.378140109073698128e-03 4.441471723306488276e-03 -7.079971087790920374e-03 9.784765115904456127e-04
-2.427545488929560170e-03 1.379414023776084647e-03 4.444636104029440517e-03 -7.085589322244481743e-03 9.792914936979416583e-04
-2.429609286457536620e-03 1.380690245676213703e-03 4.447805024932776317e-03 -7.091216581098112350e-03 9.801078380677953096e-04
-2.431676581710943974e-03 1.381968780971735327e-03 4.450978495762291862e-03 -7.096852886142112661e-03 9.809255481244459011e-04
-2.433747383588515546e-03 1.383249635873146262e-03 4.454156526239917008e-03 -7.102498259341187906e-03 9.817446273073205613e-04
-2.435821701018170502e-03 1.384532816589007951e-03 4.457339126082393056e-03 -7.108152722768755830e-03 9.825650790640330125e-04
-2.437899542951905106e-03 1.385818329344282347e-03 4.460526304986889290e-03 -7.113816298570808938e-03 9.833869068492802866e-04
-2.439980918396443977e-03 1.387106180403508684e-03 4.463718072684140156e-03 -7.119489009036515138e-03 9.842101141375959785e-04
-2.442065836375892363e-03 1.388396376059187988e-03 4.466914438935678383e-03 -7.125170876466248651e-03 9.850347044112746191e-04
-2.444154305955068603e-03 1.389688922633806195e-03 4.470115413567401011e-03 -7.130861923220987997e-03 9.858606811690383536e-04
-2.446246336210831322e-03 1.390983826471227326e-03 4.473321006423056252e-03 -7.136562171681445042e-03 9.866880479158311300e-04
-2.448341936238499199e-03 1.392281093933490314e-03 4.476531227375276333e-03 -7.142271644304558006e-03 9.875168081638840360e-04
-2.450441115210716652e-03 1.393580731450069082e-03 4.479746086428875070e-03 -7.147990363775070730e-03 9.883469654569983914e-04
-2.452543882251331190e-03 1.394882745447054845e-03 4.482965593545726671e-03 -7.153718352598329756e-03 9.891785233228863900e-04
-2.454650246547902814e-03 1.396187142413148020e-03 4.486189758782839314e-03 -7.159455633376796656e-03 9.900114853149317475e-04
-2.456760217310401985e-03 1.397493928846178226e-03 4.489418592180812427e-03 -7.165202228754164772e-03 9.908458549939837788e-04
-2.458873803807897721e-03 1.398803111278383322e-03 4.492652103856201173e-03 -7.170958161511136776e-03 9.916816359445482232e-04
-2.460991015279339906e-03 1.400114696239903016e-03 4.495890303910003716e-03 -7.176723454335722126e-03 9.925188317410852529e-04
-2.463111861044173494e-03 1.401428690314999092e-03 4.499133202559750001e-03 -7.182498130121111636e-03 9.933574459900780355e-04
-2.465236350448785432e-03 1.402745100075559331e-03 4.502380809998082767e-03 -7.188282211804407178e-03 9.941974823055223925e-04
-2.467364492869767671e-03 1.404063932084239101e-03 4.505633136391712368e-03 -7.194075722376419395e-03 9.950389443099953886e-04
-2.469496297718747502e-03 1.405385192913922781e-03 4.508890191887670457e-03 -7.199878684954181748e-03 9.958818356375056993e-04
-2.471631774484637622e-03 1.406708889175188994e-03 4.512151986701456487e-03 -7.205691122918632049e-03 9.967261599506704092e-04
-2.473770932653295007e-03 1.408035027489693870e-03 4.515418530987016718e-03 -7.211513059628638957e-03 9.975719209085710196e-04
-2.475913781759592550e-03 1.409363614512660441e-03 4.518689834914415594e-03 -7.217344518580435207e-03 9.984191221877156304e-04
-2.478060331387199611e-03 1.410694656942705627e-03 4.521965908762280890e-03 -7.223185523419598485e-03 9.992677674858013379e-04
-2.480210591102898019e-03 1.412028161483364725e-03 4.525246762822696632e-03 -7.229036097733157820e-03 1.000117860495468520e-03
-2.482364570548946988e-03 1.413364134909078119e-03 4.528532407499437883e-03 -7.234896265302884037e-03 1.000969404938658767e-03
-2.484522279366366704e-03 1.414702584001148108e-03 4.531822853187026691e-03 -7.240766049904486835e-03 1.001822404536292354e-03
-2.486683727238824665e-03 1.416043515575389098e-03 4.535118110355699714e-03 -7.246645475387551716e-03 1.002676863027716003e-03
-2.488848923881497883e-03 1.417386936482683798e-03 4.538418189507611653e-03 -7.252534565633114716e-03 1.003532784166791736e-03
-2.491017879023010948e-03 1.418732853598433713e-03 4.541723101130728038e-03 -7.258433344557027773e-03 1.004390171713316930e-03
-2.493190602436132393e-03 1.420081273835341459e-03 4.545032855788175633e-03 -7.264341836163881738e-03 1.005249029445414582e-03
-2.495367103911075995e-03 1.421432204129540779e-03 4.548347464085880296e-03 -7.270260064433551120e-03 1.006109361147603182e-03
-2.497547393281348161e-03 1.422785651451574738e-03 4.551666936693656018e-03 -7.276188053404247444e-03 1.006971170622009961e-03
-2.499731480434727419e-03 1.424141622781367354e-03 4.554991284271349937e-03 -7.282125827236411719e-03 1.007834461691282197e-03
-2.501919375256415803e-03 1.425500125072119446e-03 4.558320517419137304e-03 -7.288073410052739107e-03 1.008699238175134617e-03
-2.504111087728681361e-03 1.426861165319101695e-03 4.561654646817627293e-03 -7.294030826261262493e-03 1.009565503928193690e-03
-2.506306627827405761e-03 1.428224750513199621e-03 4.564993683092350742e-03 -7.299998100318279108e-03 1.010433262799338748e-03
-2.508506005598631124e-03 1.429590887698248356e-03 4.568337636930124533e-03 -7.305975256892578533e-03 1.011302518663008106e-03
-2.510709231130676521e-03 1.430959583948966749e-03 4.571686519034814412e-03 -7.311962320847093660e-03 1.012173275408817389e-03
-2.512916314511534459e-03 1.432330846341826154e-03 4.575040340103554530e-03 -7.317959317082379199e-03 1.013045536926116810e-03
-2.515127265889791769e-03 1.433704681999649951e-03 4.578399110946760817e-03 -7.323966270600989863e-03 1.013919307130153402e-03
-2.517342095441543227e-03 1.435081098080227477e-03 4.581762842448602706e-03 -7.329983206419032025e-03 1.014794589948693699e-03
-2.519560813367958171e-03 1.436460101764407311e-03 4.585131545493106517e-03 -7.336010149620946288e-03 1.015671389317436687e-03
-2.521783429892940787e-03 1.437841700250259286e-03 4.588505230980645735e-03 -7.342047125378380404e-03 1.016549709179867013e-03
-2.524009955330717547e-03 1.439225900802647024e-03 4.591883909948837363e-03 -7.348094159033989430e-03 1.017429553516579393e-03
-2.526240399948006046e-03 1.440612710680283255e-03 4.595267593347838846e-03 -7.354151275719141706e-03 1.018310926291280576e-03
-2.528474774080205923e-03 1.442002137212278602e-03 4.598656292224194940e-03 -7.360218500723469601e-03 1.019193831496926052e-03
-2.530713088088508249e-03 1.443394187765790950e-03 4.602050017669698061e-03 -7.366295859331963361e-03 1.020078273137843073e-03
-2.532955352401903594e-03 1.444788869756095506e-03 4.605448780854213588e-03 -7.372383376950143556e-03 1.020964255244020871e-03
-2.535201577431746029e-03 1.446186190567439996e-03 4.608852592885514209e-03 -7.378481078922123279e-03 1.021851781836942896e-03
-2.537451773668697712e-03 1.447586157621459993e-03 4.612261464911383141e-03 -7.384588990804642414e-03 1.022740856968582098e-03
-2.539705951637297350e-03 1.448988778355842898e-03 4.615675408096794712e-03 -7.390707138260296273e-03 1.023631484703045602e-03
-2.541964121894841732e-03 1.450394060208691797e-03 4.619094433590072504e-03 -7.396835547128760742e-03 1.024523669113498172e-03
-2.544226295063740061e-03 1.451802010658215930e-03 4.622518552631156921e-03 -7.402974243462242220e-03 1.025417414297220267e-03
-2.546492481781018318e-03 1.453212637178294018e-03 4.625947776418108670e-03 -7.409123253386234835e-03 1.026312724355164102e-03
-2.548762692757485047e-03 1.454625947287654106e-03 4.629382116201357159e-03 -7.415282603272299773e-03 1.027209603415789188e-03
-2.551036938718225996e-03 1.456041948526294334e-03 4.632821583285099548e-03 -7.421452319512149634e-03 1.028108055614997216e-03
-2.553315230407947074e-03 1.457460648460715078e-03 4.636266189023889421e-03 -7.427632428451382864e-03 1.029008085096663966e-03
-2.555597578632028740e-03 1.458882054693244395e-03 4.639715944812203285e-03 -7.433822956588141684e-03 1.029909696026262743e-03
-2.557883994229587059e-03 1.460306174854458577e-03 4.643170862060163988e-03 -7.440023930533192636e-03 1.030812892581368283e-03
-2.560174488092602924e-03 1.461733016628967950e-03 4.646630952253420765e-03 -7.446235376979369429e-03 1.031717678961375541e-03
-2.562469071126470977e-03 1.463162587746969206e-03 4.650096226908542567e-03 -7.452457322530121539e-03 1.032624059373735094e-03
-2.564767754251193101e-03 1.464594895989463881e-03 4.653566697582040348e-03 -7.458689793782724564e-03 1.033532038033576923e-03
-2.567070548451903540e-03 1.466029949195495410e-03 4.657042375901547862e-03 -7.464932817488223460e-03 1.034441619182438054e-03
-2.569377464731521354e-03 1.467467755225433266e-03 4.660523273497234158e-03 -7.471186420406728847e-03 1.035352807068772507e-03
-2.571688514153280206e-03 1.468908321965700300e-03 4.664009402071835238e-03 -7.477450629428564893e-03 1.036265605964905613e-03
-2.574003707799488345e-03 1.470351657292991252e-03 4.667500773322676502e-03 -7.483725471506426884e-03 1.037180020151473115e-03
-2.576323056779359147e-03 1.471797769090156093e-03 4.670997398904809007e-03 -7.490010973685914085e-03 1.038096053918110715e-03
-2.578646572315924663e-03 1.473246665292857367e-03 4.674499290568222623e-03 -7.496307163339785938e-03 1.039013711594689296e-03
-2.580974265594292421e-03 1.474698353807444044e-03 4.678006460024587178e-03 -7.502614067792945200e-03 1.039932997495887678e-03
-2.583306147896076519e-03 1.476152842570726837e-03 4.681518919074517844e-03 -7.508931714686965797e-03 1.040853915970639835e-03
-2.585642230537795860e-03 1.477610139528660188e-03 4.685036679496786156e-03 -7.515260131824218377e-03 1.041776471378007491e-03
-2.587982524902775281e-03 1.479070252681777709e-03 4.688559753152406889e-03 -7.521599347132409095e-03 1.042700668103861000e-03
-2.590327042350744347e-03 1.480533190037221659e-03 4.692088151855245033e-03 -7.527949388389270323e-03 1.043626510525564287e-03
-2.592675794345373347e-03 1.481998959685726716e-03 4.695621887540054121e-03 -7.534310283625518696e-03 1.044554003060084576e-03
-2.595028792372296774e-03 1.483467569751028507e-03 4.699160972165212016e-03 -7.540682060964729733e-03 1.045483150130515704e-03
-2.597386047959086494e-03 1.484939028416365188e-03 4.702705417726416558e-03 -7.547064748586603325e-03 1.046413956176420971e-03
-2.599747572632523339e-03 1.486413343887351118e-03 4.706255236264721663e-03 -7.553458374554153192e-03 1.047346425641546529e-03
-2.602113378022052545e-03 1.487890524459936376e-03 4.709810439974538611e-03 -7.559862967103338910e-03 1.048280563012825338e-03
-2.604483475716991292e-03 1.489370578421104043e-03 4.713371040994055426e-03 -7.566278554358161872e-03 1.049216372763445496e-03
-2.606857877386133115e-03 1.490853514132080108e-03 4.716937051544882985e-03 -7.572705164630862650e-03 1.050153859398009421e-03
-2.609236594735537748e-03 1.492339339974603019e-03 4.720508483880167701e-03 -7.579142826311288141e-03 1.051093027436137252e-03
-2.611619639523425889e-03 1.493828064326404442e-03 4.724085350268390077e-03 -7.585591567936723727e-03 1.052033881417261839e-03
-2.614007023517602151e-03 1.495319695563856240e-03 4.727667662927098266e-03 -7.592051418066373888e-03 1.052976425883222307e-03
-2.616398758556410208e-03 1.496814242085002609e-03 4.731255434130952724e-03 -7.598522405488286093e-03 1.053920665401242209e-03
-2.618794856525776329e-03 1.498311712294007414e-03 4.734848676222694862e-03 -7.605004559182364753e-03 1.054866604555345462e-03
-2.621195329351389252e-03 1.499812114598475781e-03 4.738447401536502630e-03 -7.611497908315852275e-03 1.055814247940211519e-03
-2.623600189077657848e-03 1.501315457479399009e-03 4.742051622472264437e-03 -7.618002482408898872e-03 1.056763600191681137e-03
-2.626009447702810050e-03 1.502821749407042820e-03 4.745661351361139813e-03 -7.624518310805793696e-03 1.057714665926863312e-03
-2.628423117319869922e-03 1.504330998937857032e-03 4.749276600653014498e-03 -7.631045423043414030e-03 1.058667449802845259e-03
-2.630841210051471091e-03 1.505843214676474062e-03 4.752897382783020409e-03 -7.637583848674997337e-03 1.059621956487684152e-03
-2.633263738054963336e-03 1.507358405266658865e-03 4.756523710237540135e-03 -7.644133617345634686e-03 1.060578190661941918e-03
-2.635690713594704589e-03 1.508876579429484352e-03 4.760155595657262519e-03 -7.650694758918499642e-03 1.061536157046920250e-03
-2.638122148880101079e-03 1.510397745860261268e-03 4.763793051657578929e-03 -7.657267303008124387e-03 1.062495860346598106e-03
-2.640558056201757105e-03 1.511921913349412432e-03 4.767436090998673770e-03 -7.663851279355422645e-03 1.063457305301948510e-03
-2.642998447874495439e-03 1.513449090736397173e-03 4.771084726465538856e-03 -7.670446717734304316e-03 1.064420496665038907e-03
-2.645443336274726307e-03 1.514979286912288264e-03 4.774738970867474681e-03 -7.677053648086287416e-03 1.065385439210946765e-03
-2.647892733800246909e-03 1.516512510759860212e-03 4.778398837025295103e-03 -7.683672100414513408e-03 1.066352137723156675e-03
-2.650346652917141832e-03 1.518048771182354444e-03 4.782064337803542883e-03 -7.690302104935912812e-03 1.067320597011160634e-03
-2.652805106101034042e-03 1.519588077076752851e-03 4.785735486023907047e-03 -7.696943691888093186e-03 1.068290821886979866e-03
-2.655268105901388478e-03 1.521130437376852929e-03 4.789412294572591849e-03 -7.703596891764499972e-03 1.069262817190228974e-03
-2.657735664931242924e-03 1.522675861039194181e-03 4.793094776414604831e-03 -7.710261735323226291e-03 1.070236587781855757e-03
-2.660207795826337492e-03 1.524224357018162234e-03 4.796782944453979736e-03 -7.716938253417179178e-03 1.071212138527192527e-03
-2.662684511324704163e-03 1.525775934328751351e-03 4.800476811624797453e-03 -7.723626477140273401e-03 1.072189474326461006e-03
-2.665165824208771701e-03 1.527330602020309392e-03 4.804176390897258418e-03 -7.730326437638459364e-03 1.073168600097316669e-03
-2.667651747282578315e-03 1.528888369175937598e-03 4.807881695279032225e-03 -7.737038166015296897e-03 1.074149520767798830e-03
-2.670142293396282011e-03 1.530449244948246931e-03 4.811592737806419211e-03 -7.743761693444620349e-03 1.075132241283640331e-03
-2.672637475482118365e-03 1.532013238549227718e-03 4.815309531611301243e-03 -7.750497051295706687e-03 1.076116766621029687e-03
-2.675137306496489387e-03 1.533580359219699008e-03 4.819032089872495733e-03 -7.757244270991456650e-03 1.077103101766545322e-03
-2.677641799419211086e-03 1.535150616234275947e-03 4.822760425881063642e-03 -7.764003383924700415e-03 1.078091251721191622e-03
-2.680150967306363548e-03 1.536724018966513635e-03 4.826494553071988131e-03 -7.770774421594716860e-03 1.079081221519152377e-03
-2.682664823199710190e-03 1.538300576797187744e-03 4.830234484810423667e-03 -7.777557415466206624e-03 1.080073016186985967e-03
-2.685183380251896651e-03 1.539880299181741212e-03 4.833980234571900840e-03 -7.784352397334592770e-03 1.081066640794317449e-03
-2.687706651607240163e-03 1.541463195568367351e-03 4.837731815795075219e-03 -7.791159398996782420e-03 1.082062100408333512e-03
-2.690234650479796010e-03 1.543049275420383228e-03 4.841489241962900272e-03 -7.797978452517434662e-03 1.083059400122867496e-03
-2.692767390122803844e-03 1.544638548217435294e-03 4.845252526578914566e-03 -7.804809590047363625e-03 1.084058545049325275e-03
-2.695304883850005700e-03 1.546231023476804826e-03 4.849021683159882197e-03 -7.811652843898250417e-03 1.085059540322636873e-03
-2.697847145020047365e-03 1.547826710728703731e-03 4.852796725198608128e-03 -7.818508246481782956e-03 1.086062391088525331e-03
-2.700394187079874653e-03 1.549425619527175979e-03 4.856577666209010644e-03 -7.825375830405777861e-03 1.087067102520102805e-03
-2.702946023538592424e-03 1.551027759460225572e-03 4.860364519736973775e-03 -7.832255628461929839e-03 1.088073679811744389e-03
-2.705502667957983016e-03 1.552633140156582181e-03 4.864157299397568399e-03 -7.839147673511204575e-03 1.089082128177923684e-03
-2.708064133954600061e-03 1.554241771307905392e-03 4.867956018884009479e-03 -7.846051998477347397e-03 1.090092452857367462e-03
-2.710630435168909485e-03 1.555853662650288644e-03 4.871760691842825369e-03 -7.852968636328059790e-03 1.091104659098649432e-03
-2.713201585304201094e-03 1.557468823983734763e-03 4.875571332017041015e-03 -7.859897620206597255e-03 1.092118752172776316e-03
-2.715777598117945744e-03 1.559087265174152184e-03 4.879387953272772138e-03 -7.866838983377776040e-03 1.093134737371505598e-03
-2.718358487432895407e-03 1.560708996153516723e-03 4.883210569653353809e-03 -7.873792759220031579e-03 1.094152620016151630e-03
-2.720944267045910005e-03 1.562334026854453198e-03 4.887039195186892830e-03 -7.880758981028992277e-03 1.095172405419921535e-03
-2.723534950890463702e-03 1.563962367303409814e-03 4.890873844013731743e-03 -7.887737682480022716e-03 1.096194098949581589e-03
-2.726130552860562238e-03 1.565594027507584982e-03 4.894714530198724864e-03 -7.894728897131808240e-03 1.097217705958246012e-03
-2.728731086950789315e-03 1.567229017544073677e-03 4.898561267877321948e-03 -7.901732658837314419e-03 1.098243231840920642e-03
-2.731336567175592089e-03 1.568867347482458870e-03 4.902414071176365053e-03 -7.908749001515525193e-03 1.099270682001386853e-03
-2.733947007597921450e-03 1.570509027408339801e-03 4.906272954205074914e-03 -7.915777959096172850e-03 1.100300061861596377e-03
-2.736562422363137629e-03 1.572154067452811435e-03 4.910137931056907101e-03 -7.922819565621743235e-03 1.101331376869190033e-03
-2.739182825698592560e-03 1.573802477790331835e-03 4.914009015890073544e-03 -7.929873855382789383e-03 1.102364632498873797e-03
-2.741808231877671236e-03 1.575454268602572046e-03 4.917886222886569229e-03 -7.936940862862744764e-03 1.103399834240478047e-03
-2.744438655246442694e-03 1.577109450119255820e-03 4.921769566303467978e-03 -7.944020622756162164e-03 1.104436987609068834e-03
-2.747074110222221498e-03 1.578768032620309373e-03 4.925659060432729767e-03 -7.951113169891612167e-03 1.105476098145199201e-03
-2.749714611270281245e-03 1.580430026435035440e-03 4.929554719607614002e-03 -7.958218539162412175e-03 1.106517171408420664e-03
-2.752360172879640427e-03 1.582095441966193620e-03 4.933456558195883739e-03 -7.965336765528092250e-03 1.107560212968591602e-03
-2.755010809650433080e-03 1.583764289718952913e-03 4.937364590744917903e-03 -7.972467884299066707e-03 1.108605228438853257e-03
-2.757666536153873665e-03 1.585436580175406812e-03 4.941278831781139962e-03 -7.979611930699818598e-03 1.109652223420681512e-03
-2.760327367087499206e-03 1.587112323913403159e-03 4.945199296072348011e-03 -7.986768940180657278e-03 1.110701203570196470e-03
-2.762993317127011763e-03 1.588791531503520003e-03 4.949125998353004832e-03 -7.993938948142258194e-03 1.111752174538479512e-03
-2.765664401026669481e-03 1.590474213589204190e-03 4.953058953399770356e-03 -8.001121990161202957e-03 1.112805142009117704e-03
-2.768340633590023973e-03 1.592160380859304614e-03 4.956998175986346809e-03 -8.008318101837420822e-03 1.113860111685817432e-03
-2.771022029690338017e-03 1.593850044037091636e-03 4.960943680879931206e-03 -8.015527318899170681e-03 1.114917089298508033e-03
-2.773708604219558230e-03 1.595543213824444310e-03 4.964895482836784862e-03 -8.022749677087175416e-03 1.115976080582636344e-03
-2.776400372148358185e-03 1.597239900980597285e-03 4.968853596643793037e-03 -8.029985212325721142e-03 1.117037091304256885e-03
-2.779097348519251123e-03 1.598940116338428774e-03 4.972818037131968016e-03 -8.037233960735083033e-03 1.118100127252163794e-03
-2.781799548447580050e-03 1.600643870784599927e-03 4.976788819188095181e-03 -8.044495958643956349e-03 1.119165194238329721e-03
-2.784506987152948320e-03 1.602351175235809926e-03 4.980765957774055223e-03 -8.051771242748948648e-03 1.120232298112451477e-03
-2.787219679868623273e-03 1.604062040585684185e-03 4.984749467806801233e-03 -8.059059849865053693e-03 1.121301444726096339e-03
-2.789937641917236526e-03 1.605776477804450684e-03 4.988739364305873510e-03 -8.066361817012658239e-03 1.122372639963849662e-03
-2.792660888672113522e-03 1.607494497924154058e-03 4.992735662376146001e-03 -8.073677181265276684e-03 1.123445889730660717e-03
-2.795389435583296549e-03 1.609216112062789505e-03 4.996738377188581284e-03 -8.081005979854160096e-03 1.124521199962834339e-03
-2.798123298109873175e-03 1.610941331369244826e-03 5.000747523907157072e-03 -8.088348250070162906e-03 1.125598576602670131e-03
-2.800862491818391451e-03 1.612670167071967664e-03 5.004763117909247216e-03 -8.095704029423424208e-03 1.126678025636618794e-03
-2.803607032262071547e-03 1.614402630397208634e-03 5.008785174605560019e-03 -8.103073355254650917e-03 1.127759553050745270e-03
-2.806356935089876926e-03 1.616138732629580736e-03 5.012813709452782623e-03 -8.110456265065936476e-03 1.128843164869577443e-03
-2.809112216020335628e-03 1.617878485122158268e-03 5.016848737911737757e-03 -8.117852796485741998e-03 1.129928867144079727e-03
-2.811872890764222348e-03 1.619621899230075076e-03 5.020890275371949277e-03 -8.125262987108427398e-03 1.131016665919699253e-03
-2.814638975153884240e-03 1.621368986402232449e-03 5.024938337370987544e-03 -8.132686874813331232e-03 1.132106567287520689e-03
-2.817410485077463667e-03 1.623119758116718832e-03 5.028992939512660736e-03 -8.140124497618791977e-03 1.133198577360891059e-03
-2.820187436457908051e-03 1.624874225911304530e-03 5.033054097377281065e-03 -8.147575893638863212e-03 1.134292702268095959e-03
-2.822969845275599774e-03 1.626632401378696807e-03 5.037121826515315696e-03 -8.155041101217390398e-03 1.135388948156991267e-03
-2.825757727677910471e-03 1.628394296172868154e-03 5.041196142635708324e-03 -8.162520159220868626e-03 1.136487321233730415e-03
-2.828551099793639827e-03 1.630159921863680826e-03 5.045277061359754005e-03 -8.170013106580739301e-03 1.137587827691648092e-03
-2.831349977867446237e-03 1.631929290098935821e-03 5.049364598412564055e-03 -8.177519982520519218e-03 1.138690473766282426e-03
-2.834154378226086488e-03 1.633702412602143538e-03 5.053458769575597080e-03 -8.185040826357216359e-03 1.139795265724734838e-03
-2.836964317234522484e-03 1.635479301155177414e-03 5.057559590696265872e-03 -8.192575677393605302e-03 1.140902209852232225e-03
-2.839779811300783673e-03 1.637259967606931495e-03 5.061667077662400545e-03 -8.200124574972881414e-03 1.142011312453573282e-03
-2.842600876897249506e-03 1.639044423878004402e-03 5.065781246441901711e-03 -8.207687558571744382e-03 1.143122579862466091e-03
-2.845427530565581686e-03 1.640832681935969770e-03 5.069902113118816660e-03 -8.215264667763223089e-03 1.144236018440031484e-03
-2.848259788887053025e-03 1.642624753746291591e-03 5.074029693825055434e-03 -8.222855942122674414e-03 1.145351634559294398e-03
-2.851097668583289779e-03 1.644420651398162143e-03 5.078164004863584824e-03 -8.230461421596805757e-03 1.146469434646785147e-03
-2.853941186308669477e-03 1.646220386964801236e-03 5.082305062409535508e-03 -8.238081145954806797e-03 1.147589425104376471e-03
-2.856790358862727405e-03 1.648023972670786775e-03 5.086452882800002358e-03 -8.245715155262222165e-03 1.148711612394535432e-03
-2.859645203079708500e-03 1.649831420790081639e-03 5.090607482395647330e-03 -8.253363489712001524e-03 1.149836002995482769e-03
-2.862505735837249203e-03 1.651642743587726373e-03 5.094768877550930747e-03 -8.261026189680812162e-03 1.150962603400246384e-03
-2.865371974162016916e-03 1.653457953433388333e-03 5.098937084726324481e-03 -8.268703295976084430e-03 1.152091420158687842e-03
-2.868243935057652755e-03 1.655277062663134150e-03 5.103112120192501711e-03 -8.276394849399423478e-03 1.153222459805593745e-03
-2.871121635696929908e-03 1.657100083653368413e-03 5.107294000356610644e-03 -8.284100891221418683e-03 1.154355728934112211e-03
-2.874005093316954647e-03 1.658927028793817302e-03 5.111482741628587192e-03 -8.291821462903680232e-03 1.155491234157541040e-03
-2.876894325202223723e-03 1.660757910522066500e-03 5.115678360457781050e-03 -8.299556605964406725e-03 1.156628982109238809e-03
-2.879789348786275689e-03 1.662592741413979752e-03 5.119880873481593743e-03 -8.307306362141752762e-03 1.157768979483403881e-03
-2.882690181440657456e-03 1.664431534045527272e-03 5.124090297242319715e-03 -8.315070772841758398e-03 1.158911232949608053e-03
-2.885596840680684609e-03 1.666274301100267039e-03 5.128306648487369716e-03 -8.322849879819316579e-03 1.160055749231846600e-03
-2.888509344065314909e-03 1.668121055282689941e-03 5.132529944039392056e-03 -8.330643724992623650e-03 1.161202535070123042e-03
-2.891427709252343721e-03 1.669971809381340508e-03 5.136760200880793534e-03 -8.338452350460857920e-03 1.162351597246201983e-03
-2.894351953872474365e-03 1.671826576203936732e-03 5.140997435980926289e-03 -8.346275798210242916e-03 1.163502942534384160e-03
-2.897282095740541519e-03 1.673685368732882612e-03 5.145241666528489570e-03 -8.354114110744121496e-03 1.164656577783138632e-03
-2.900218152611439525e-03 1.675548199952329228e-03 5.149492909620280445e-03 -8.361967330344869179e-03 1.165812509819917197e-03
-2.903160142405007606e-03 1.677415082982158497e-03 5.153751182460844862e-03 -8.369835499691665598e-03 1.166970745537438238e-03
-2.906108083018237379e-03 1.679286030867576177e-03 5.158016502123211576e-03 -8.377718661480541493e-03 1.168131291817588527e-03
-2.909061992505341046e-03 1.681161056735958623e-03 5.162288885842056946e-03 -8.385616858815381908e-03 1.169294155601518842e-03
-2.912021888953996666e-03 1.683040173743822728e-03 5.166568350709725005e-03 -8.393530134910410709e-03 1.170459343839305331e-03
-2.914987790578963366e-03 1.684923395106200207e-03 5.170854913826771967e-03 -8.401458533386861258e-03 1.171626863525306863e-03
-2.917959715671263488e-03 1.686810734034179535e-03 5.175148592309683146e-03 -8.409402098035778997e-03 1.172796721674891976e-03
-2.920937682664319357e-03 1.688702203826672812e-03 5.179449403429083575e-03 -8.417360872918283263e-03 1.173968925356677628e-03
-2.923921709963805526e-03 1.690597817778823021e-03 5.183757364486524938e-03 -8.425334901949908459e-03 1.175143481626937571e-03
-2.926911816132598924e-03 1.692497589316193339e-03 5.188072492997417365e-03 -8.433324229325666818e-03 1.176320397603876052e-03
-2.929908019771273325e-03 1.694401531921643127e-03 5.192394806536101276e-03 -8.441328899274177372e-03 1.177499680422890594e-03
-2.932910339518274550e-03 1.696309659132337697e-03 5.196724322726401814e-03 -8.449348956170544406e-03 1.178681337236114684e-03
-2.935918794085713452e-03 1.698221984594446314e-03 5.201061059327074382e-03 -8.457384444592356068e-03 1.179865375229383149e-03
-2.938933402267263680e-03 1.700138522046688774e-03 5.205405034222307034e-03 -8.465435409224978877e-03 1.181051801624126473e-03
-2.941954182951442287e-03 1.702059285311213798e-03 5.209756265405898062e-03 -8.473501894926498829e-03 1.182240623677560535e-03
-2.944981155061669829e-03 1.703984288253743542e-03 5.214114770849930490e-03 -8.481583946617439820e-03 1.183431848661554205e-03
-2.948014337590913660e-03 1.705913544801661774e-03 5.218480568494112196e-03 -8.489681609385272068e-03 1.184625483875869625e-03
-2.951053749578470831e-03 1.707847068888811290e-03 5.222853676203753973e-03 -8.497794928478318022e-03 1.185821536638663291e-03
-2.954099410201486888e-03 1.709784874509005142e-03 5.227234112014408039e-03 -8.505923949493383526e-03 1.187020014321429028e-03
-2.957151338723927256e-03 1.711726975696547647e-03 5.231621893897610114e-03 -8.514068718277978398e-03 1.188220924320881802e-03
-2.960209554520926243e-03 1.713673386561227665e-03 5.236017039767094927e-03 -8.522229280980777796e-03 1.189424274068199899e-03
-2.963274077022940226e-03 1.715624121183998612e-03 5.240419567529470968e-03 -8.530405683946990641e-03 1.190630071009453773e-03
-2.966344925772329989e-03 1.717579193690059328e-03 5.244829495265055860e-03 -8.538597973823879375e-03 1.191838322634023416e-03
-2.969422120395844109e-03 1.719538618290426943e-03 5.249246841209004311e-03 -8.546806197376261710e-03 1.193049036462665415e-03
-2.972505680616834012e-03 1.721502409280450865e-03 5.253671623762765953e-03 -8.555030401481613506e-03 1.194262220054701428e-03
-2.975595626193019462e-03 1.723470581041283180e-03 5.258103861374169991e-03 -8.563270633052511016e-03 1.195477880988404969e-03
-2.978691976926940710e-03 1.725443148049262635e-03 5.262543572504693561e-03 -8.571526939129801154e-03 1.196696026861401255e-03
-2.981794752803113100e-03 1.727420124961425449e-03 5.266990775854865636e-03 -8.579799367143250630e-03 1.197916665345281515e-03
-2.984903973745043054e-03 1.729401526409240619e-03 5.271445490057520208e-03 -8.588087964220572634e-03 1.199139804090436703e-03
-2.988019659840438977e-03 1.731387367142895326e-03 5.275907733921548354e-03 -8.596392777852896253e-03 1.200365450810179230e-03
-2.991141831214599433e-03 1.733377661947143504e-03 5.280377526238871216e-03 -8.604713855589042268e-03 1.201593613234184935e-03
-2.994270508120775321e-03 1.735372425687606909e-03 5.284854885864971943e-03 -8.613051245326396391e-03 1.202824299140653344e-03
-2.997405710789822694e-03 1.737371673190618191e-03 5.289339831517542861e-03 -8.621404994947954800e-03 1.204057516297991470e-03
-3.000547459661773164e-03 1.739375419404779388e-03 5.293832382137732100e-03 -8.629775152879029868e-03 1.205293272554714768e-03
-3.003695775214267148e-03 1.741383679287836043e-03 5.298332556574955610e-03 -8.638161767785328474e-03 1.206531575766491395e-03
-3.006850678063319182e-03 1.743396467888199460e-03 5.302840373656960912e-03 -8.646564888727885367e-03 1.207772433835803622e-03
-3.010012188841518655e-03 1.745413800203150616e-03 5.307355852149709882e-03 -8.654984564782065848e-03 1.209015854667768982e-03
-3.013180328426253059e-03 1.747435691372833423e-03 5.311879011150531273e-03 -8.663420845604207984e-03 1.210261846260923336e-03
-3.016355117632663670e-03 1.749462156544030799e-03 5.316409869725961627e-03 -8.671873780661478251e-03 1.211510416588658812e-03
-3.019536577426031217e-03 1.751493211025980778e-03 5.320948447173273928e-03 -8.680343419742780550e-03 1.212761573687726798e-03
-3.022724728863362964e-03 1.753528870218946023e-03 5.325494762847130144e-03 -8.688829812695851931e-03 1.214015325630112647e-03
-3.025919593093620834e-03 1.755569149652008677e-03 5.330048836128253864e-03 -8.697333009522826772e-03 1.215271680524938457e-03
-3.029121191292647158e-03 1.757614064921571599e-03 5.334610686444692801e-03 -8.705853060149947031e-03 1.216530646495564720e-03
-3.032329544741029035e-03 1.759663631714269505e-03 5.339180333406553895e-03 -8.714390014631348894e-03 1.217792231707873251e-03
-3.035544674808190058e-03 1.761717865755037422e-03 5.343757796694263706e-03 -8.722943923197253382e-03 1.219056444360615407e-03
-3.038766602918800425e-03 1.763776782767281000e-03 5.348343096016971478e-03 -8.731514836303307103e-03 1.220323292673116582e-03
-3.041995350673395299e-03 1.765840398617579774e-03 5.352936251227108540e-03 -8.740102804970686923e-03 1.221592784934809502e-03
-3.045230939601366663e-03 1.767908729136496732e-03 5.357537282008275996e-03 -8.748707880178238985e-03 1.222864929407901490e-03
-3.048473391433203020e-03 1.769981790270694052e-03 5.362146208175528825e-03 -8.757330113355386511e-03 1.224139734432408075e-03
-3.051722728001741557e-03 1.772059598002561622e-03 5.366763049530431061e-03 -8.765969556188574555e-03 1.225417208377131651e-03
-3.054978971243005586e-03 1.774142168383268520e-03 5.371387825821610784e-03 -8.774626260713092388e-03 1.226697359643438628e-03
-3.058242143233729643e-03 1.776229517530955419e-03 5.376020556921878857e-03 -8.783300279319762593e-03 1.227980196689701679e-03
-3.061512266063062815e-03 1.778321661598615110e-03 5.380661262712691136e-03 -8.791991664368212223e-03 1.229265727979591107e-03
-3.064789361968034594e-03 1.780418616872615897e-03 5.385309963242724748e-03 -8.800700468457146181e-03 1.230553962030775253e-03
-3.068073453277264835e-03 1.782520399728636587e-03 5.389966678648935167e-03 -8.809426744294317560e-03 1.231844907395878872e-03
-3.071364562479639293e-03 1.784627026667634031e-03 5.394631429237048241e-03 -8.818170544933163005e-03 1.233138572688845724e-03
-3.074662712013114408e-03 1.786738514233075347e-03 5.399304235243404353e-03 -8.826931923120222290e-03 1.234434966504902552e-03
-3.077967924573639900e-03 1.788854879178545815e-03 5.403985117220447797e-03 -8.835710932101684123e-03 1.235734097541895402e-03
-3.081280222765090705e-03 1.790976138168309372e-03 5.408674095686190342e-03 -8.844507624850238975e-03 1.237035974465773526e-03
-3.084599629401770220e-03 1.793102308006074182e-03 5.413371191348038264e-03 -8.853322054976566977e-03 1.238340606025407258e-03
-3.087926167271826550e-03 1.795233405475110547e-03 5.418076424896793933e-03 -8.862154276104266745e-03 1.239648000961828585e-03
-3.091259859344339892e-03 1.797369447501957198e-03 5.422789817150414082e-03 -8.871004342413682520e-03 1.240958168085204731e-03
-3.094600728647334178e-03 1.799510451051897046e-03 5.427511388807247129e-03 -8.879872308281112903e-03 1.242271116224388490e-03
-3.097948798352068156e-03 1.801656433198103912e-03 5.432241160639207644e-03 -8.888758228381444040e-03 1.243586854263113673e-03
-3.101304091711127881e-03 1.803807411045114115e-03 5.436979153381197270e-03 -8.897662157567950633e-03 1.244905391110209683e-03
-3.104666632145483378e-03 1.805963401787498944e-03 5.441725387801827664e-03 -8.906584151167740160e-03 1.246226735737109275e-03
-3.108036443090219682e-03 1.808124422634107544e-03 5.446479884649823612e-03 -8.915524264417168041e-03 1.247550897120373913e-03
-3.111413548202033186e-03 1.810290490995075966e-03 5.451242664875968758e-03 -8.924482553045004832e-03 1.248877884318465043e-03
-3.114797971202341084e-03 1.812461624321523536e-03 5.456013749502387246e-03 -8.933459072910479234e-03 1.250207706411812867e-03
-3.118189735903817861e-03 1.814637840115065860e-03 5.460793159653311649e-03 -8.942453880115101839e-03 1.251540372512880989e-03
-3.121588866191600010e-03 1.816819155972253892e-03 5.465580916509385143e-03 -8.951467030857127027e-03 1.252875891758841549e-03
-3.124995386190515968e-03 1.819005589695063020e-03 5.470377041592191722e-03 -8.960498581691704253e-03 1.254214273383898008e-03
-3.128409319932987619e-03 1.821197159066761375e-03 5.475181556326228112e-03 -8.969548588851726859e-03 1.255555526595367351e-03
-3.131830691573757840e-03 1.823393881932925103e-03 5.479994482336156443e-03 -8.978617108846773109e-03 1.256899660651928253e-03
-3.135259525464355237e-03 1.825595776300261873e-03 5.484815841451252082e-03 -8.987704198766951688e-03 1.258246684886847730e-03
-3.138695845855036994e-03 1.827802860121828911e-03 5.489645655312013449e-03 -8.996809915506142827e-03 1.259596608595847092e-03
-3.142139677353318790e-03 1.830015151569339702e-03 5.494483945785282215e-03 -9.005934316925239685e-03 1.260949441211041367e-03
-3.145591044479410271e-03 1.832232668771854346e-03 5.499330734444463770e-03 -9.015077460624177502e-03 1.262305192128335401e-03
-3.149049971943849308e-03 1.834455430001053888e-03 5.504186043028130859e-03 -9.024239404547359025e-03 1.263663870815301534e-03
-3.152516484674564544e-03 1.836683453656285043e-03 5.509049893424137860e-03 -9.033420207217496972e-03 1.265025486819645276e-03
-3.155990607492753161e-03 1.838916758057498836e-03 5.513922307300948671e-03 -9.042619926950708903e-03 1.266390049644882223e-03
-3.159472365594710730e-03 1.841155361820647797e-03 5.518803306673623205e-03 -9.051838623029932751e-03 1.267757568935759397e-03
-3.162961784112293916e-03 1.843399283511066526e-03 5.523692913429302867e-03 -9.061076354511112679e-03 1.269128054306853512e-03
-3.166458888413290450e-03 1.845648541811939795e-03 5.528591149660600119e-03 -9.070333181017575797e-03 1.270501515458031128e-03
-3.169963703950744519e-03 1.847903155476234667e-03 5.533498037529385391e-03 -9.079609162382670448e-03 1.271877962117959338e-03
-3.173476256243783298e-03 1.850163143391937151e-03 5.538413599354678578e-03 -9.088904358455943827e-03 1.273257404045375143e-03
-3.176996570943790149e-03 1.852428524554060926e-03 5.543337857691943253e-03 -9.098218829215857367e-03 1.274639851054834615e-03
-3.180524673788634373e-03 1.854699318043411286e-03 5.548270835195627179e-03 -9.107552634623044749e-03 1.276025313002525667e-03
-3.184060590559743744e-03 1.856975542999208606e-03 5.553212554584737587e-03 -9.116905834631880770e-03 1.277413799768031344e-03
-3.187604347106656483e-03 1.859257218631150087e-03 5.558163038610043627e-03 -9.126278489548935932e-03 1.278805321258184163e-03
-3.191155969610886146e-03 1.861544364359140431e-03 5.563122310136757627e-03 -9.135670660597118922e-03 1.280199887501676194e-03
-3.194715484130391039e-03 1.863836999470775465e-03 5.568090391679376798e-03 -9.145082408703167354e-03 1.281597508475534886e-03
-3.198282916958534484e-03 1.866135143492001587e-03 5.573067306074161800e-03 -9.154513795355973330e-03 1.282998194251989748e-03
-3.201858294466764041e-03 1.868438816021605799e-03 5.578053076233460000e-03 -9.163964882278200288e-03 1.284401954933138759e-03
-3.205441643299188070e-03 1.870748036804068242e-03 5.583047725213769949e-03 -9.173435731972583856e-03 1.285808800717497778e-03
-3.209032990003974316e-03 1.873062825529740044e-03 5.588051275812006176e-03 -9.182926406727524166e-03 1.287218741758171508e-03
-3.212632361447860345e-03 1.875383202123707092e-03 5.593063751047297819e-03 -9.192436969501571048e-03 1.288631788327048973e-03
-3.216239784599410258e-03 1.877709186543909201e-03 5.598085173937560576e-03 -9.201967483477900209e-03 1.290047950727327922e-03
-3.219855286514370588e-03 1.880040798755027972e-03 5.603115567589662428e-03 -9.211518012021271268e-03 1.291467239293072689e-03
-3.223478894403658014e-03 1.882378058890604722e-03 5.608154955366147915e-03 -9.221088618782966387e-03 1.292889664421068268e-03
-3.227110635528564718e-03 1.884720987164385277e-03 5.613203360737579334e-03 -9.230679367278595004e-03 1.294315236533211295e-03
-3.230750537327755322e-03 1.887069603994773800e-03 5.618260807518412302e-03 -9.240290321266355494e-03 1.295743966128650631e-03
-3.234398627242899855e-03 1.889423929863484706e-03 5.623327319561309719e-03 -9.249921544292270467e-03 1.297175863718920841e-03
-3.238054932836653601e-03 1.891783985320991861e-03 5.628402920666727115e-03 -9.259573100259278419e-03 1.298610939862417015e-03
-3.241719481782571414e-03 1.894149790956432215e-03 5.633487634514743221e-03 -9.269245053614870097e-03 1.300049205152397193e-03
-3.245392301998275067e-03 1.896521367509890763e-03 5.638581484916761408e-03 -9.278937469509192931e-03 1.301490670274705946e-03
-3.249073421427163023e-03 1.898898735807439276e-03 5.643684495849259596e-03 -9.288650413187838836e-03 1.302935345930818353e-03
-3.252762868162205941e-03 1.901281916820462756e-03 5.648796691437084870e-03 -9.298383950305017312e-03 1.304383242876725564e-03
-3.256460670454498860e-03 1.903670931620334798e-03 5.653918095736835958e-03 -9.308138146882857095e-03 1.305834371919925921e-03
-3.260166856655629785e-03 1.906065801327647222e-03 5.659048732667099589e-03 -9.317913069113959931e-03 1.307288743894798608e-03
-3.263881455374156946e-03 1.908466547207986761e-03 5.664188626276397617e-03 -9.327708783649281410e-03 1.308746369726968613e-03
-3.267604495363556506e-03 1.910873190575334592e-03 5.669337800632088392e-03 -9.337525357410088669e-03 1.310207260394192618e-03
-3.271336005458139705e-03 1.913285752753506042e-03 5.674496279922839476e-03 -9.347362857592569560e-03 1.311671426904292012e-03
-3.275076014553669496e-03 1.915704255166433617e-03 5.679664088518202383e-03 -9.357221351558248426e-03 1.313138880292252222e-03
-3.278824551762295203e-03 1.918128719474445146e-03 5.684841251084172056e-03 -9.367100907080733174e-03 1.314609631682795267e-03
-3.282581646214634014e-03 1.920559167472441148e-03 5.690027792413925554e-03 -9.377001591766994174e-03 1.316083692218796182e-03
-3.286347327212993906e-03 1.922995621114147353e-03 5.695223737564892967e-03 -9.386923473421128830e-03 1.317561073115710614e-03
-3.290121624135259118e-03 1.925438102353007599e-03 5.700429111437575226e-03 -9.396866619935389728e-03 1.319041785616531645e-03
-3.293904566475673069e-03 1.927886633203527338e-03 5.705643938872683417e-03 -9.406831099710567107e-03 1.320525841006887956e-03
-3.297696183987772200e-03 1.930341235878765870e-03 5.710868244961562340e-03 -9.416816982094724717e-03 1.322013250673195446e-03
-3.301496506391497863e-03 1.932801932638143630e-03 5.716102054737440957e-03 -9.426824336327228535e-03 1.323504025987953629e-03
-3.305305563622630907e-03 1.935268745907849346e-03 5.721345393439634247e-03 -9.436853232005984124e-03 1.324998178403261105e-03
-3.309123385805625480e-03 1.937741698221301292e-03 5.726598286228127416e-03 -9.446903738905370468e-03 1.326495719434889285e-03
-3.312950003305371871e-03 1.940220812237694516e-03 5.731860758196073713e-03 -9.456975927317652630e-03 1.327996660676644810e-03
-3.316785446486298933e-03 1.942706110600771370e-03 5.737132834375793973e-03 -9.467069867628363083e-03 1.329501013713345640e-03
-3.320629745996154895e-03 1.945197616122393627e-03 5.742414540101326015e-03 -9.477185630948663925e-03 1.331008790236977912e-03
-3.324482932585175448e-03 1.947695351638484545e-03 5.747705900781176734e-03 -9.487323288724260409e-03 1.332520001985997319e-03
-3.328345037054186023e-03 1.950199340070231857e-03 5.753006941925481801e-03 -9.497482912614426537e-03 1.334034660728205222e-03
-3.332216090416094574e-03 1.952709604599212230e-03 5.758317689374428845e-03 -9.507664574876256713e-03 1.335552778310675724e-03
-3.336096123735266591e-03 1.955226168539036906e-03 5.763638169040341368e-03 -9.517868347558574443e-03 1.337074366602991398e-03
-3.339985168307350438e-03 1.957749055429064498e-03 5.768968407151109021e-03 -9.528094302909564592e-03 1.338599437571158556e-03
-3.343883255499776469e-03 1.960278288798814050e-03 5.774308429873308522e-03 -9.538342513306643719e-03 1.340128003210745581e-03
-3.347790416753928903e-03 1.962813892185732729e-03 5.779658263304759958e-03 -9.548613051485278780e-03 1.341660075546562657e-03
-3.351706683657860661e-03 1.965355889254042157e-03 5.785017933555418670e-03 -9.558905990514447726e-03 1.343195666659598555e-03
-3.355632088071339603e-03 1.967904303912684869e-03 5.790387466880106762e-03 -9.569221404055939031e-03 1.344734788732425499e-03
-3.359566661951668420e-03 1.970459160156969643e-03 5.795766889582279306e-03 -9.579559365782967795e-03 1.346277453976602078e-03
-3.363510437447913073e-03 1.973020482110580866e-03 5.801156228015312381e-03 -9.589919949740855973e-03 1.347823674666387807e-03
-3.367463446893561446e-03 1.975588294006940665e-03 5.806555508501123723e-03 -9.600303230520385034e-03 1.349373463140035503e-03
-3.371425722687422435e-03 1.978162620133549869e-03 5.811964757332786953e-03 -9.610709282973996931e-03 1.350926831758233809e-03
-3.375397297541587755e-03 1.980743484967295142e-03 5.817384001103519282e-03 -9.621138182893586993e-03 1.352483792999729277e-03
-3.379378204252707352e-03 1.983330912984559210e-03 5.822813266530834329e-03 -9.631590006505659496e-03 1.354044359382325109e-03
-3.383368475749014715e-03 1.985924928771895786e-03 5.828252580522099054e-03 -9.642064830284735599e-03 1.355608543480194342e-03
-3.387368145022184775e-03 1.988525557098831578e-03 5.833701969928352209e-03 -9.652562730703129895e-03 1.357176357886765881e-03
-3.391377245331317000e-03 1.991132822994973010e-03 5.839161461933080159e-03 -9.663083784682184943e-03 1.358747815297324003e-03
-3.395395809998479151e-03 1.993746751599680296e-03 5.844631083913814570e-03 -9.673628068996438858e-03 1.360322928445553909e-03
-3.399423872545209637e-03 1.996367368118408779e-03 5.850110863286222401e-03 -9.684195660730690255e-03 1.361901710144487266e-03
-3.403461466587969202e-03 1.998994697758854633e-03 5.855600827346882711e-03 -9.694786637057171280e-03 1.363484173238533204e-03
-3.407508625848401813e-03 2.001628765832600115e-03 5.861101003401809721e-03 -9.705401075368385796e-03 1.365070330608612664e-03
-3.411565384467208153e-03 2.004269598038998026e-03 5.866611419059902105e-03 -9.716039054193274099e-03 1.366660195295555779e-03
-3.415631776429797328e-03 2.006917220024577973e-03 5.872132101693047605e-03 -9.726700651664567376e-03 1.368253780278548635e-03
-3.419707836091063265e-03 2.009571657695760193e-03 5.877663078955980627e-03 -9.737385946719974428e-03 1.369851098669756014e-03
-3.423793597927387786e-03 2.012232937071053215e-03 5.883204378450087625e-03 -9.748095018661495983e-03 1.371452163620772531e-03
-3.427889096781677660e-03 2.014901084381617510e-03 5.888756028054165960e-03 -9.758827947927581348e-03 1.373056988421521600e-03
-3.431994367325675796e-03 2.017576125690933014e-03 5.894318055407378291e-03 -9.769584814597749925e-03 1.374665586291589671e-03
-3.436109444669833198e-03 2.020258087296388037e-03 5.899890488681822087e-03 -9.780365699834134285e-03 1.376277970622224707e-03
-3.440234364007638615e-03 2.022946995564537352e-03 5.905473356103068533e-03 -9.791170684930702514e-03 1.377894154841404839e-03
-3.444369160624505526e-03 2.025642877064613451e-03 5.911066685804967046e-03 -9.801999851288526258e-03 1.379514152414502981e-03
-3.448513869990379056e-03 2.028345758553842977e-03 5.916670506076039324e-03 -9.812853280558309077e-03 1.381137976876799451e-03
-3.452668527795334230e-03 2.031055666982923679e-03 5.922284845625408987e-03 -9.823731054585990718e-03 1.382765641853701908e-03
-3.456833169853359110e-03 2.033772629336913409e-03 5.927909733092897454e-03 -9.834633255475379310e-03 1.384397161014659389e-03
-3.461007832072104679e-03 2.036496672644782374e-03 5.933545197042496173e-03 -9.845559965377215922e-03 1.386032548066754022e-03
-3.465192550685771040e-03 2.039227824223373373e-03 5.939191266357799447e-03 -9.856511267360375250e-03 1.387671816846544875e-03
-3.469387361807256889e-03 2.041966111410853293e-03 5.944847969532696813e-03 -9.867487244195354348e-03 1.389314981137979672e-03
-3.473592302151669742e-03 2.044711562061757217e-03 5.950515335677503993e-03 -9.878487980002922594e-03 1.390962054953869941e-03
-3.477807408276709176e-03 2.047464203927447986e-03 5.956193393597737987e-03 -9.889513558374384006e-03 1.392613052238133968e-03
-3.482032717075771947e-03 2.050224064952256477e-03 5.961882172254858760e-03 -9.900564063854829996e-03 1.394267987057319375e-03
-3.486268265775570654e-03 2.052991173203519773e-03 5.967581700856395069e-03 -9.911639581930420384e-03 1.395926873598823080e-03
-3.490514091456966683e-03 2.055765556668508794e-03 5.973292008473316504e-03 -9.922740197714673832e-03 1.397589725994945664e-03
-3.494770231776480295e-03 2.058547243702381607e-03 5.979013124749840702e-03 -9.933865997738183795e-03 1.399256558605698354e-03
-3.499036724212091411e-03 2.061336262480749793e-03 5.984745079026418738e-03 -9.945017068060271401e-03 1.400927385721228123e-03
-3.503313606577050827e-03 2.064132641469703083e-03 5.990487900852999904e-03 -9.956193495552106629e-03 1.402602221758924347e-03
-3.507600916945001739e-03 2.066936409433934359e-03 5.996241620079909539e-03 -9.967395367717873933e-03 1.404281081238749947e-03
-3.511898693263159829e-03 2.069747595154397806e-03 6.002006266452618484e-03 -9.978622771597894445e-03 1.405963978637009412e-03
-3.516206973944102036e-03 2.072566227715021397e-03 6.007781870058726686e-03 -9.989875795218700408e-03 1.407650928604548381e-03
-3.520525797515024983e-03 2.075392336278942748e-03 6.013568460974314661e-03 -1.000115452656018776e-02 1.409341945836187953e-03
-3.524855202660310757e-03 2.078225950149437812e-03 6.019366069284464403e-03 -1.001245905368785584e-02 1.411037045088579540e-03
-3.529195228131902420e-03 2.081067098800881351e-03 6.025174725048526754e-03 -1.002378946473745161e-02 1.412736241146308374e-03
-3.533545913099830037e-03 2.083915812088104214e-03 6.030994458674356767e-03 -1.003514584892811930e-02 1.414439548945927317e-03
-3.537907296794408352e-03 2.086772119875058423e-03 6.036825300365864996e-03 -1.004652829566050898e-02 1.416146983437173998e-03
-3.542279418754560281e-03 2.089636052192170041e-03 6.042667280459487929e-03 -1.005793689501060205e-02 1.417858559687346955e-03
-3.546662318646962454e-03 2.092507639118062254e-03 6.048520429356857298e-03 -1.006937173738234326e-02 1.419574292810511784e-03
-3.551056036415671177e-03 2.095386910913505946e-03 6.054384777909995428e-03 -1.008083291394820669e-02 1.421294198025850738e-03
-3.555460612092914419e-03 2.098273897799192086e-03 6.060260356925815765e-03 -1.009232051643794287e-02 1.423018290586603677e-03
-3.559876086054450470e-03 2.101168630163637030e-03 6.066147197473565310e-03 -1.010383463782429068e-02 1.424746585881205051e-03
-3.564302498642423021e-03 2.104071138500722936e-03 6.072045330439848967e-03 -1.011537537084036820e-02 1.426479099283014997e-03
-3.568739890677428538e-03 2.106981453801127710e-03 6.077954787154428440e-03 -1.012694280900155140e-02 1.428215846346062284e-03
-3.573188302811523397e-03 2.109899606999556237e-03 6.083875598652004578e-03 -1.013853704497359211e-02 1.429956842561398711e-03
-3.577647776279391234e-03 2.112825629449627436e-03 6.089807796487298891e-03 -1.015015817260713979e-02 1.431702103644811675e-03
-3.582118352230862987e-03 2.115759552454920395e-03 6.095751412071237323e-03 -1.016180628526391558e-02 1.433451645277110040e-03
-3.586600072131805421e-03 2.118701407592293428e-03 6.101706477040238184e-03 -1.017348147673599774e-02 1.435205483263964814e-03
-3.591092977624539637e-03 2.121651226658045637e-03 6.107673023064522609e-03 -1.018518384115077793e-02 1.436963633481522966e-03
-3.595597110691536955e-03 2.124609041761950628e-03 6.113651081798919529e-03 -1.019691347359013602e-02 1.438726111923176003e-03
-3.600112513340497644e-03 2.127574885037769332e-03 6.119640684742544759e-03 -1.020867046924387768e-02 1.440492934589284683e-03
-3.604639227907342498e-03 2.130548788757431668e-03 6.125641863722888596e-03 -1.022045492428944914e-02 1.442264117608721983e-03
-3.609177296915218412e-03 2.133530785275555321e-03 6.131654650852899624e-03 -1.023226693567137399e-02 1.444039677181199613e-03
-3.613726763052957890e-03 2.136520907057891296e-03 6.137679078507904222e-03 -1.024410660094047035e-02 1.445819629564146789e-03
-3.618287669495337620e-03 2.139519186746441978e-03 6.143715179258890831e-03 -1.025597401900157218e-02 1.447603991195267571e-03
-3.622860059238502874e-03 2.142525656831247103e-03 6.149762985199273314e-03 -1.026786928827785016e-02 1.449392778443567504e-03
-3.627443975731809312e-03 2.145540350249282736e-03 6.155822528878097596e-03 -1.027979250801196870e-02 1.451186007853431372e-03
-3.632039462592952760e-03 2.148563300250221422e-03 6.161893842949768899e-03 -1.029174377728924415e-02 1.452983696028391312e-03
-3.636646563645311303e-03 2.151594540317176146e-03 6.167976960240205420e-03 -1.030372319525005992e-02 1.454785859655103502e-03
-3.641265323011584794e-03 2.154634104205100601e-03 6.174071913745348208e-03 -1.031573086161258548e-02 1.456592515535981352e-03
-3.645895784897271868e-03 2.157682025723946153e-03 6.180178736412500137e-03 -1.032776687601276097e-02 1.458403680506302827e-03
-3.650537993736581010e-03 2.160738338898786793e-03 6.186297461263152997e-03 -1.033983133840864210e-02 1.460219371493488112e-03
-3.655191994195787671e-03 2.163803077971596361e-03 6.192428121294474286e-03 -1.035192434953822668e-02 1.462039605511696603e-03
-3.659857831379620396e-03 2.166876277587287229e-03 6.198570749792593933e-03 -1.036404601157585835e-02 1.463864399736042061e-03
-3.664535550193987606e-03 2.169957972204742628e-03 6.204725379851372923e-03 -1.037619642640897136e-02 1.465693771265598596e-03
-3.669225196201008482e-03 2.173048196619281527e-03 6.210892045102708869e-03 -1.038837569740387427e-02 1.467527737447869417e-03
-3.673926814974100025e-03 2.176146985642438657e-03 6.217070779251830485e-03 -1.040058392775778350e-02 1.469366315634259342e-03
-3.678640452469311532e-03 2.179254374273091079e-03 6.223261616193954265e-03 -1.041282122204201938e-02 1.471209523311079815e-03
-3.683366154672608906e-03 2.182370397369321358e-03 6.229464589529731117e-03 -1.042508768519516578e-02 1.473057377966069956e-03
-3.688103968129576374e-03 2.185495090200761763e-03 6.235679733338691036e-03 -1.043738342312452994e-02 1.474909897303869821e-03
-3.692853939343725047e-03 2.188628488256229906e-03 6.241907081641026069e-03 -1.044970854089126953e-02 1.476767099012174034e-03
-3.697616115201978956e-03 2.191770627526651305e-03 6.248146668811895184e-03 -1.046206314385226578e-02 1.478629000930012545e-03
-3.702390542700462108e-03 2.194921544126232638e-03 6.254398529188746197e-03 -1.047444733777187949e-02 1.480495620946269521e-03
-3.707177269305403366e-03 2.198081274555112319e-03 6.260662697414658313e-03 -1.048686122972922012e-02 1.482366977129675068e-03
-3.711976342324658715e-03 2.201249855201791502e-03 6.266939207695177046e-03 -1.049930492626106882e-02 1.484243087485319010e-03
-3.716787809641808934e-03 2.204427322855082201e-03 6.273228094789072909e-03 -1.051177853514292590e-02 1.486123970236428960e-03
-3.721611719297071227e-03 2.207613714433562854e-03 6.279529393475243547e-03 -1.052428216448813951e-02 1.488009643664663009e-03
-3.726448119452881440e-03 2.210809067018329466e-03 6.285843138516693934e-03 -1.053681592282542344e-02 1.489900126105239263e-03
-3.731297058596359274e-03 2.214013417853069338e-03 6.292169364766388336e-03 -1.054937991968110840e-02 1.491795436008382797e-03
-3.736158585487499469e-03 2.217226804354400452e-03 6.298508107408010842e-03 -1.056197426508414042e-02 1.493695591926100762e-03
-3.741032749269392228e-03 2.220449264158777525e-03 6.304859401929732883e-03 -1.057459906988174152e-02 1.495600612547194315e-03
-3.745919599265702931e-03 2.223680834884664455e-03 6.311223283507095758e-03 -1.058725444580215121e-02 1.497510516613296486e-03
-3.750819185077310536e-03 2.226921554331008374e-03 6.317599787410224828e-03 -1.059994050508712704e-02 1.499425322973685316e-03
-3.755731556426945318e-03 2.230171460524369917e-03 6.323988949196375151e-03 -1.061265735980570363e-02 1.501345050538594860e-03
-3.760656763536400146e-03 2.233430592087805224e-03 6.330390804884953801e-03 -1.062540512275523402e-02 1.503269718403951348e-03
-3.765594856747432259e-03 2.236698987832048003e-03 6.336805390543974806e-03 -1.063818390680973218e-02 1.505199345715610686e-03
-3.770545886694328785e-03 2.239976686835545329e-03 6.343232742296374405e-03 -1.065099382562321485e-02 1.507133951727741665e-03
-3.775509904167060910e-03 2.243263728226994446e-03 6.349672896004461380e-03 -1.066383499333512473e-02 1.509073555751552732e-03
-3.780486960236837096e-03 2.246560151396047918e-03 6.356125887673954970e-03 -1.067670752468955625e-02 1.511018177206826510e-03
-3.785477106282671231e-03 2.249865995968119807e-03 6.362591753706493825e-03 -1.068961153465339438e-02 1.512967835641449961e-03
-3.790480394002277570e-03 2.253181301779282920e-03 6.369070530792498609e-03 -1.070254713910191030e-02 1.514922550720124812e-03
-3.795496875273353127e-03 2.256506108828447259e-03 6.375562255451941267e-03 -1.071551445458722093e-02 1.516882342164372786e-03
-3.800526602141918175e-03 2.259840457326429269e-03 6.382066964180575265e-03 -1.072851359799617023e-02 1.518847229761183422e-03
-3.805569627275640250e-03 2.263184387886206343e-03 6.388584693910885452e-03 -1.074154468744829491e-02 1.520817233539042534e-03
-3.810626003308833359e-03 2.266537940996720540e-03 6.395115481169978688e-03 -1.075460784132936665e-02 1.522792373499951696e-03
-3.815695783420641751e-03 2.269901157422496863e-03 6.401659362831234323e-03 -1.076770317969860669e-02 1.524772669843639083e-03
-3.820779020943431727e-03 2.273274078050402987e-03 6.408216376056009682e-03 -1.078083082242408189e-02 1.526758142827450626e-03
-3.825875769618802564e-03 2.276656744189540019e-03 6.414786558542735946e-03 -1.079399088947331775e-02 1.528748812863276602e-03
-3.830986083248068361e-03 2.280049197413983302e-03 6.421369947902796742e-03 -1.080718350085977351e-02 1.530744700394354174e-03
-3.836110016215993172e-03 2.283451479746524335e-03 6.427966582100405439e-03 -1.082040877817523963e-02 1.532745826084153627e-03
-3.841247622826808247e-03 2.286863633206387587e-03 6.434576498562528946e-03 -1.083366684284552128e-02 1.534752210563458718e-03
-3.846398958042921475e-03 2.290285700332527190e-03 6.441199735211500070e-03 -1.084695781797043179e-02 1.536763874718844684e-03
-3.851564076610731677e-03 2.293717723509949673e-03 6.447836329774895951e-03 -1.086028182583385557e-02 1.538780839350921891e-03
-3.856743034038279290e-03 2.297159745660850346e-03 6.454486320797456905e-03 -1.087363899025810092e-02 1.540803125556720280e-03
-3.861935885770038848e-03 2.300611809752244139e-03 6.461149746399755603e-03 -1.088702943523774114e-02 1.542830754416043551e-03
-3.867142687717516677e-03 2.304073959264324890e-03 6.467826644717650231e-03 -1.090045328593905807e-02 1.544863747190967354e-03
-3.872363496013828295e-03 2.307546237793627400e-03 6.474517053797450815e-03 -1.091391066782129195e-02 1.546902125217196593e-03
-3.877598367528004020e-03 2.311028689237809314e-03 6.481221012127589415e-03 -1.092740170788107819e-02 1.548945910086514536e-03
-3.882847358890489410e-03 2.314521357170398665e-03 6.487938557856607648e-03 -1.094092653270944439e-02 1.550995123281526805e-03
-3.888110527447702879e-03 2.318024285696739396e-03 6.494669729931109269e-03 -1.095448527053920554e-02 1.553049786565062571e-03
-3.893387930737558962e-03 2.321537519205219002e-03 6.501414567640244335e-03 -1.096807804944257766e-02 1.555109921776667630e-03
-3.898679626490691302e-03 2.325061102359253246e-03 6.508173110369429651e-03 -1.098170499757599589e-02 1.557175550826805227e-03
-3.903985673077339531e-03 2.328595080464699284e-03 6.514945397993713791e-03 -1.099536624475002874e-02 1.559246695875812511e-03
-3.909306128668670749e-03 2.332139498688121180e-03 6.521731469821222087e-03 -1.100906192044331933e-02 1.561323379003360257e-03
-3.914641052101298924e-03 2.335694402634338768e-03 6.528531365428478020e-03 -1.102279215615633440e-02 1.563405622546325388e-03
-3.919990502339062641e-03 2.339259838231745516e-03 6.535345124437890243e-03 -1.103655708353794285e-02 1.565493448908236371e-03
-3.925354538504066682e-03 2.342835851587392326e-03 6.542172786502528647e-03 -1.105035683412936877e-02 1.567586880566826206e-03
-3.930733220511905233e-03 2.346422489281294217e-03 6.549014391893977910e-03 -1.106419154130827698e-02 1.569685940298979005e-03
-3.936126608057710814e-03 2.350019797820809917e-03 6.555869980101668854e-03 -1.107806133772349863e-02 1.571790650774149188e-03
-3.941534761592362102e-03 2.353627824202433796e-03 6.562739590712718916e-03 -1.109196635762067611e-02 1.573901034931025032e-03
-3.946957741802229955e-03 2.357246615517861413e-03 6.569623263541906309e-03 -1.110590673537829517e-02 1.576017115787513344e-03
-3.952395609769617651e-03 2.360876219008098149e-03 6.576521038879726798e-03 -1.111988260650985903e-02 1.578138916506158923e-03
-3.957848427010464236e-03 2.364516682267851257e-03 6.583432957437071638e-03 -1.113389410780445989e-02 1.580266460407811794e-03
-3.963316255249759411e-03 2.368168053202033847e-03 6.590359060166467789e-03 -1.114794137630326261e-02 1.582399770896931535e-03
-3.968799156488980046e-03 2.371830380008555558e-03 6.597299388316616754e-03 -1.116202454937300151e-02 1.584538871489359979e-03
-3.974297193111828511e-03 2.375503711212707380e-03 6.604253983458424106e-03 -1.117614376522998824e-02 1.586683785852228750e-03
-3.979810428039910232e-03 2.379188095725591912e-03 6.611222887214007055e-03 -1.119029916368195245e-02 1.588834537869537444e-03
-3.985338923939510565e-03 2.382883582449776480e-03 6.618206140465779375e-03 -1.120449088398580567e-02 1.590991151337651328e-03
-3.990882744270940301e-03 2.386590221062837806e-03 6.625203784774099519e-03 -1.121871906720185198e-02 1.593153650365680294e-03
-3.996441952771765879e-03 2.390308061389821454e-03 6.632215861490163393e-03 -1.123298385470144177e-02 1.595322059158516340e-03
-4.002016613441145704e-03 2.394037153298817552e-03 6.639242411984950555e-03 -1.124728538780858829e-02 1.597496402003493543e-03
-4.007606790654505771e-03 2.397777546894930625e-03 6.646283477516626292e-03 -1.126162380842396157e-02 1.599676703301930328e-03
-4.013212549534105229e-03 2.401529292997530221e-03 6.653339099765318704e-03 -1.127599926014219954e-02 1.601862987738521954e-03
-4.018833955119084818e-03 2.405292442506458406e-03 6.660409320332380360e-03 -1.129041188633955056e-02 1.604055279967309382e-03
-4.024471072972101403e-03 2.409067046551049019e-03 6.667494181362162639e-03 -1.130486183190831592e-02 1.606253604833385827e-03
-4.030123969291843876e-03 2.412853156673632361e-03 6.674593725459402986e-03 -1.131934924343998457e-02 1.608457987416792197e-03
-4.035792710248042522e-03 2.416650824478579380e-03 6.681707995218417497e-03 -1.133387426754711887e-02 1.610668452799153202e-03
-4.041477362640014288e-03 2.420460102077510653e-03 6.688837033823473964e-03 -1.134843705186406107e-02 1.612885026312549245e-03
-4.047177993356951275e-03 2.424281041688700587e-03 6.695980884436940166e-03 -1.136303774393689070e-02 1.615107733340879950e-03
-4.052894669762076123e-03 2.428113695843813098e-03 6.703139590382320608e-03 -1.137767649258638984e-02 1.617336599454861868e-03
-4.058627459580856425e-03 2.431958117514640937e-03 6.710313194784604980e-03 -1.139235344720759130e-02 1.619571650349149738e-03
-4.064376431175860394e-03 2.435814360263783337e-03 6.717501740949599273e-03 -1.140706875838744250e-02 1.621812911946018303e-03
-4.070141652895936310e-03 2.439682477555251729e-03 6.724705271503655588e-03 -1.142182257655707106e-02 1.624060410144502866e-03
-4.075923193726241171e-03 2.443562523379726528e-03 6.731923829543078226e-03 -1.143661505344967071e-02 1.626314171082045247e-03
-4.081721123038887199e-03 2.447454552105972868e-03 6.739157458488899584e-03 -1.145144634162708480e-02 1.628574221033395183e-03
-4.087535510548681236e-03 2.451358618500297688e-03 6.746406201868958112e-03 -1.146631659441189541e-02 1.630840586408472499e-03
-4.093366426549027194e-03 2.455274777873130837e-03 6.753670103577302797e-03 -1.148122596603945271e-02 1.633113293848196482e-03
-4.099213941447161537e-03 2.459203085541485437e-03 6.760949207365913975e-03 -1.149617461140539816e-02 1.635392370024116434e-03
-4.105078126216225691e-03 2.463143597113065693e-03 6.768243557497921267e-03 -1.151116268723863592e-02 1.637677841826965484e-03
-4.110959052154169839e-03 2.467096368401766344e-03 6.775553198343065193e-03 -1.152619035085348728e-02 1.639969736286575998e-03
-4.116856791165598647e-03 2.471061455638209111e-03 6.782878174725017438e-03 -1.154125776011411149e-02 1.642268080664862273e-03
-4.122771415085698353e-03 2.475038914977863592e-03 6.790218531535662481e-03 -1.155636507217758582e-02 1.644572902199038095e-03
-4.128702996778418205e-03 2.479028803325524898e-03 6.797574314470079988e-03 -1.157151244641329083e-02 1.646884228506149050e-03
-4.134651609012203119e-03 2.483031177795402659e-03 6.804945568304153480e-03 -1.158670004194184075e-02 1.649202087131409729e-03
-4.140617325401041264e-03 2.487046096188479192e-03 6.812332337984667099e-03 -1.160192802022819158e-02 1.651526505937044378e-03
-4.146600219749992794e-03 2.491073616567431558e-03 6.819734668433238486e-03 -1.161719654350803349e-02 1.653857512868500820e-03
-4.152600366196961858e-03 2.495113797333783825e-03 6.827152604488552490e-03 -1.163250577467480652e-02 1.656195135997665232e-03
-4.158617839477789235e-03 2.499166697409293224e-03 6.834586191445761287e-03 -1.164785587748818838e-02 1.658539403617007328e-03
-4.164652714738694902e-03 2.503232376210136161e-03 6.842035475015091281e-03 -1.166324701659142427e-02 1.660890344200882576e-03
-4.170705067373990313e-03 2.507310893461392985e-03 6.849500500839494563e-03 -1.167867935704886007e-02 1.663247986326166434e-03
-4.176774973357275274e-03 2.511402309148969697e-03 6.856981314317406144e-03 -1.169415306489026384e-02 1.665612358764706220e-03
-4.182862509232744379e-03 2.515506683340902345e-03 6.864477961373495474e-03 -1.170966830754926850e-02 1.667983490503425689e-03
-4.188967751939629523e-03 2.519624076272558837e-03 6.871990488165497304e-03 -1.172522525298901053e-02 1.670361410667700565e-03
-4.195090778597843593e-03 2.523754548478676120e-03 6.879518941375370282e-03 -1.174082406929632776e-02 1.672746148457140590e-03
-4.201231667254699126e-03 2.527898161185425027e-03 6.887063368590693249e-03 -1.175646492626665311e-02 1.675137733424352871e-03
-4.207390495785554192e-03 2.532054975590273226e-03 6.894623816595460419e-03 -1.177214799317265366e-02 1.677536195035017304e-03
-4.213567343274623664e-03 2.536225053965553405e-03 6.902200332714561459e-03 -1.178787344251612523e-02 1.679941563205013342e-03
-4.219762288683447105e-03 2.540408458675189485e-03 6.909792963606341092e-03 -1.180364144692822893e-02 1.682353867803796418e-03
-4.225975411639034361e-03 2.544605252665533158e-03 6.917401756150342966e-03 -1.181945218118378264e-02 1.684773138963003300e-03
-4.232206792192923749e-03 2.548815499345356578e-03 6.925026757255967058e-03 -1.183530582120081477e-02 1.687199406992204598e-03
-4.238456510978627287e-03 2.553039262800857901e-03 6.932668014237758879e-03 -1.185120254305796136e-02 1.689632702429354205e-03
-4.244724648810263394e-03 2.557276607268050336e-03 6.940325574208241512e-03 -1.186714252182975889e-02 1.692073055877166060e-03
-4.251011287195288237e-03 2.561527597375841143e-03 6.947999484594303762e-03 -1.188312593381726789e-02 1.694520498181202811e-03
-4.257316508154133927e-03 2.565792297935895472e-03 6.955689792763609242e-03 -1.189915295680246503e-02 1.696975060358296575e-03
-4.263640394190524804e-03 2.570070773880567087e-03 6.963396546413542186e-03 -1.191522377019388866e-02 1.699436773600437748e-03
-4.269983028460291180e-03 2.574363090541221307e-03 6.971119794232892575e-03 -1.193133855479923226e-02 1.701905669357608054e-03
-4.276344494180637883e-03 2.578669313586965002e-03 6.978859585003794989e-03 -1.194749749075331088e-02 1.704381779118357542e-03
-4.282724875242281334e-03 2.582989509279741153e-03 6.986615967820288160e-03 -1.196370075942231742e-02 1.706865134629293942e-03
-4.289124256076285238e-03 2.587323744380735317e-03 6.994388991727743150e-03 -1.197994854408579272e-02 1.709355767826543524e-03
-4.295542721853635310e-03 2.591672086369401808e-03 7.002178706023137050e-03 -1.199624103078957525e-02 1.711853710921848676e-03
-4.301980357795708379e-03 2.596034602809483855e-03 7.009985159120185605e-03 -1.201257840562949646e-02 1.714358996129650365e-03
-4.308437250203060558e-03 2.600411362202677094e-03 7.017808399889319086e-03 -1.202896085662508857e-02 1.716871656095524503e-03
-4.314913485251557768e-03 2.604802433210853720e-03 7.025648476738702991e-03 -1.204538857083049634e-02 1.719391723412409204e-03
-4.321409150075672390e-03 2.609207885379640803e-03 7.033505438851151391e-03 -1.206186173636189692e-02 1.721919231027038786e-03
-4.327924332276199965e-03 2.613627788511577524e-03 7.041379335717933008e-03 -1.207838054159202090e-02 1.724454212063900125e-03
-4.334459119690563592e-03 2.618062212332003969e-03 7.049270216597330191e-03 -1.209494517546658154e-02 1.726996699705982564e-03
-4.341013601045634607e-03 2.622511227055239307e-03 7.057178130927209067e-03 -1.211155582956957924e-02 1.729546727472202911e-03
-4.347587865539070083e-03 2.626974903206276933e-03 7.065103128673091808e-03 -1.212821269712754772e-02 1.732104329081624299e-03
-4.354182002634888679e-03 2.631453311695826879e-03 7.073045260437698344e-03 -1.214491597149526883e-02 1.734669538381788684e-03
-4.360796102220852559e-03 2.635946524006843247e-03 7.081004577055132095e-03 -1.216166584659326283e-02 1.737242389396225720e-03
-4.367430255336779768e-03 2.640454612408707491e-03 7.088981129922025670e-03 -1.217846251928608736e-02 1.739822916561480168e-03
-4.374084553127203200e-03 2.644977649364426125e-03 7.096974969650679879e-03 -1.219530618631838904e-02 1.742411154312761053e-03
-4.380759087489472826e-03 2.649515708003981687e-03 7.104986146619135870e-03 -1.221219704671649975e-02 1.745007137345600413e-03
-4.387453951176787000e-03 2.654068862103449271e-03 7.113014711363441211e-03 -1.222913530135877856e-02 1.747610900678120112e-03
-4.394169237058236609e-03 2.658637185638147802e-03 7.121060714477408897e-03 -1.224612115048972355e-02 1.750222479384650094e-03
-4.400905038793065209e-03 2.663220753482411444e-03 7.129124207219936227e-03 -1.226315479570297060e-02 1.752841908834372551e-03
-4.407661450379594080e-03 2.667819640916216893e-03 7.137205240816108139e-03 -1.228023643844811455e-02 1.755469224530361921e-03
-4.414438566505016204e-03 2.672433923600159127e-03 7.145303866651862672e-03 -1.229736628158390258e-02 1.758104462241956217e-03
-4.421236482230554363e-03 2.677063677240021800e-03 7.153420135893366616e-03 -1.231454452927892296e-02 1.760747657881459385e-03
-4.428055293904194570e-03 2.681708978623659201e-03 7.161554100596712914e-03 -1.233177138953165698e-02 1.763398847883814163e-03
-4.434895097183116919e-03 2.686369903998919641e-03 7.169705812156523632e-03 -1.234904706854625910e-02 1.766058068419470647e-03
-4.441755989207401244e-03 2.691046530794901845e-03 7.177875323598344529e-03 -1.236637177438693232e-02 1.768725356223689940e-03
-4.448638067549391846e-03 2.695738936918338959e-03 7.186062687663897185e-03 -1.238374571548847558e-02 1.771400748168299464e-03
-4.455541430310214039e-03 2.700447200814920599e-03 7.194267956740913773e-03 -1.240116910213347884e-02 1.774084281278682845e-03
-4.462466177173846776e-03 2.705171401972338800e-03 7.202491183562619199e-03 -1.241864214870561263e-02 1.776775993145617363e-03
-4.469412407222397160e-03 2.709911619317243066e-03 7.210732419655248131e-03 -1.243616506840745754e-02 1.779475921107893715e-03
-4.476380220853172845e-03 2.714667932883228166e-03 7.218991718190551424e-03 -1.245373807692031799e-02 1.782184103033104859e-03
-4.483369718805689519e-03 2.719440423297633976e-03 7.227269132483777128e-03 -1.247136139010230488e-02 1.784900576927004722e-03
-4.490381002271032207e-03 2.724229171974939384e-03 7.235564716105630408e-03 -1.248903522452217418e-02 1.787625381002868295e-03
-4.497414173397181955e-03 2.729034261114567442e-03 7.243878522628029865e-03 -1.250675979876911606e-02 1.790358553863364817e-03
-4.504469334364359645e-03 2.733855772927205625e-03 7.252210604805047443e-03 -1.252453533139486971e-02 1.793100134123410240e-03
-4.511546588282754934e-03 2.738693790034377705e-03 7.260561015750345050e-03 -1.254236204264688390e-02 1.795850160734934788e-03
-4.518646038865038218e-03 2.743548395332990903e-03 7.268929808778891444e-03 -1.256024015417020814e-02 1.798608672860084207e-03
-4.525767791020437504e-03 2.748419672876007292e-03 7.277317038701444987e-03 -1.257816988925378708e-02 1.801375710124519542e-03
-4.532911949208749507e-03 2.753307706511262231e-03 7.285722759424669535e-03 -1.259615146895104454e-02 1.804151311963823195e-03
-4.540078619885465350e-03 2.758212581605103391e-03 7.294147025666223444e-03 -1.261418511975207282e-02 1.806935518519591595e-03
-4.547267909788555058e-03 2.763134383555403140e-03 7.302589891271469777e-03 -1.263227107007530194e-02 1.809728369982227828e-03
-4.554479926498469257e-03 2.768073198190228353e-03 7.311051410265096903e-03 -1.265040955068313412e-02 1.812529906857484295e-03
-4.561714777532417490e-03 2.773029111509905248e-03 7.319531637006207979e-03 -1.266860079182020003e-02 1.815340169666316509e-03
-4.568972572023997751e-03 2.778002211201542268e-03 7.328030627704878661e-03 -1.268684502671881160e-02 1.818159199583077243e-03
-4.576253418753530727e-03 2.782992585243023505e-03 7.336548438097161007e-03 -1.270514248697261935e-02 1.820987037679103800e-03
-4.583557427610668485e-03 2.788000322617489694e-03 7.345085123576068110e-03 -1.272349340615356629e-02 1.823823725461083808e-03
-4.590884708927519924e-03 2.793025512635013193e-03 7.353640738774145855e-03 -1.274189801833835664e-02 1.826669304581733481e-03
-4.598235374607377232e-03 2.798068245421588777e-03 7.362215338819163776e-03 -1.276035656110444463e-02 1.829523817260987400e-03
-4.605609535888546303e-03 2.803128610332421538e-03 7.370808977765971881e-03 -1.277886926977809916e-02 1.832387305457181025e-03
-4.613007305800139249e-03 2.808206698299633985e-03 7.379421711915893148e-03 -1.279743638306314601e-02 1.835259811820334156e-03
-4.620428797888972983e-03 2.813302600748913019e-03 7.388053597621716331e-03 -1.281605814039330285e-02 1.838141379168044352e-03
-4.627874126304830880e-03 2.818416409514226586e-03 7.396704690535884155e-03 -1.283473478301943964e-02 1.841032050493976229e-03
-4.635343406483628109e-03 2.823548217190312987e-03 7.405375046382760978e-03 -1.285346655687033893e-02 1.843931869232406148e-03
-4.642836754136622952e-03 2.828698116533192967e-03 7.414064720675337707e-03 -1.287225370966540647e-02 1.846840878935308633e-03
-4.650354286103621469e-03 2.833866201653526332e-03 7.422773770379078803e-03 -1.289109649053573649e-02 1.849759123633595848e-03
-4.657896119627310573e-03 2.839052567250679050e-03 7.431502253128621782e-03 -1.290999514780602486e-02 1.852686647529991956e-03
-4.665462372322927258e-03 2.844257308838939007e-03 7.440250227365123072e-03 -1.292894992967548277e-02 1.855623494992921256e-03
-4.673053162840901283e-03 2.849480522881109226e-03 7.449017750970986403e-03 -1.294796108680654548e-02 1.858569710786987881e-03
-4.680668610509382439e-03 2.854722306393602405e-03 7.457804880273891275e-03 -1.296702887105732720e-02 1.861525339915301360e-03
-4.688308835823598239e-03 2.859982756967338266e-03 7.466611671053629933e-03 -1.298615353646783918e-02 1.864490427788870631e-03
-4.695973959740692288e-03 2.865261972107548561e-03 7.475438179438009638e-03 -1.300533533711165264e-02 1.867465019991442973e-03
-4.703664103666532585e-03 2.870560049820139199e-03 7.484284462846825005e-03 -1.302457452714628032e-02 1.870449162283968538e-03
-4.711379390579301454e-03 2.875877089494844902e-03 7.493150579426953971e-03 -1.304387136514061941e-02 1.873442900993805508e-03
-4.719119943835094200e-03 2.881213190713110325e-03 7.502036586166363832e-03 -1.306322611116243412e-02 1.876446282537802979e-03
-4.726885888187335426e-03 2.886568454068177102e-03 7.510942540280558626e-03 -1.308263902931198173e-02 1.879459353844213686e-03
-4.734677348848767217e-03 2.891942980577980570e-03 7.519868499415320595e-03 -1.310211038483036390e-02 1.882482162018572162e-03
-4.742494451499923262e-03 2.897336871989435875e-03 7.528814521936173093e-03 -1.312164044377080695e-02 1.885514754363773514e-03
-4.750337323618156887e-03 2.902750232098745553e-03 7.537780668732569321e-03 -1.314122947515184228e-02 1.888557178938214632e-03
-4.758206091981895258e-03 2.908183164429574506e-03 7.546767000037309797e-03 -1.316087774512208868e-02 1.891609483540884025e-03
-4.766100885043056748e-03 2.913635773644469157e-03 7.555773575404175699e-03 -1.318058552299073739e-02 1.894671716572361893e-03
-4.774021831933294643e-03 2.919108164804613218e-03 7.564800452506241675e-03 -1.320035307896546758e-02 1.897743926647899818e-03
-4.781969063505718542e-03 2.924600444155954927e-03 7.573847688956124660e-03 -1.322018068711071186e-02 1.900826163037258598e-03
-4.789942709590703195e-03 2.930112717119329972e-03 7.582915341666688833e-03 -1.324006861836461366e-02 1.903918474633629161e-03
-4.797942902402987757e-03 2.935645090889101114e-03 7.592003470153248744e-03 -1.326001714845742585e-02 1.907020911228463934e-03
-4.805969774930291157e-03 2.941197673229204151e-03 7.601112133295248249e-03 -1.328002655501010244e-02 1.910133522850441384e-03
-4.814023460797370486e-03 2.946770572494969865e-03 7.610241389512185754e-03 -1.330009711750219405e-02 1.913256359738397172e-03
-4.822104094401435254e-03 2.952363897760192091e-03 7.619391297621607578e-03 -1.332022911840277136e-02 1.916389472402865420e-03
-4.830211811970870801e-03 2.957977759735854612e-03 7.628561918316305659e-03 -1.334042284553745017e-02 1.919532912095559506e-03
-4.838346749451708471e-03 2.963612269390844718e-03 7.637753312251005164e-03 -1.336067858539232746e-02 1.922686729990436211e-03
-4.846509043861569471e-03 2.969267538947548309e-03 7.646965541053441125e-03 -1.338099662436108110e-02 1.925850977695036043e-03
-4.854698833876697033e-03 2.974943681791703248e-03 7.656198667138160163e-03 -1.340137725102726399e-02 1.929025707423008204e-03
-4.862916258009937313e-03 2.980640811081626887e-03 7.665452750691287460e-03 -1.342182075359820217e-02 1.932210971274684773e-03
-4.871161456966010758e-03 2.986359041529925828e-03 7.674727851894221076e-03 -1.344232742467679591e-02 1.935406822176122298e-03
-4.879434571193927428e-03 2.992098487577551577e-03 7.684024028942510083e-03 -1.346289755590437086e-02 1.938613312960234389e-03
-4.887735742544687019e-03 2.997859264752485414e-03 7.693341340843075360e-03 -1.348353144124714992e-02 1.941830496978199337e-03
-4.896065114117351645e-03 3.003641489817937115e-03 7.702679847608366777e-03 -1.350422937748735862e-02 1.945058428044940365e-03
-4.904422829802516058e-03 3.009445280085214919e-03 7.712039609409222264e-03 -1.352499166370558711e-02 1.948297160243564387e-03
-4.912809034655001711e-03 3.015270753864917556e-03 7.721420686991231803e-03 -1.354581860245047086e-02 1.951546748109891710e-03
-4.921223874381619803e-03 3.021118030229264558e-03 7.730823141434487768e-03 -1.356671049856132336e-02 1.954807246420449830e-03
-4.929667495937985547e-03 3.026987229466602484e-03 7.740247034413547979e-03 -1.358766765944803556e-02 1.958078710414858266e-03
-4.938140047664954166e-03 3.032878473138799977e-03 7.749692428862988390e-03 -1.360869039427598133e-02 1.961361195870204178e-03
-4.946641677800476221e-03 3.038791883239556901e-03 7.759159387426465757e-03 -1.362977901007827834e-02 1.964654758556175912e-03
-4.955172536903085234e-03 3.044727583372261633e-03 7.768647973478239911e-03 -1.365093381747303249e-02 1.967959455095942296e-03
-4.963732775541188774e-03 3.050685696746707233e-03 7.778158248493698135e-03 -1.367215512709507412e-02 1.971275342046467736e-03
-4.972322545837054748e-03 3.056666347519730858e-03 7.787690273783106319e-03 -1.369344325363734509e-02 1.974602476539875917e-03
-4.980942001382170775e-03 3.062669661308317203e-03 7.797244110090729985e-03 -1.371479851518545880e-02 1.977940916280129975e-03
-4.989591295071607591e-03 3.068695763677139077e-03 7.806819817052740133e-03 -1.373622122748743846e-02 1.981290718744594358e-03
-4.998270582491939201e-03 3.074744782306059691e-03 7.816417455564703132e-03 -1.375771171141250242e-02 1.984651942419214752e-03
-5.006980020101221319e-03 3.080816845465851953e-03 7.826037087599399186e-03 -1.377927029007250392e-02 1.988024646113227285e-03
-5.015719765139992244e-03 3.086912082174534354e-03 7.835678775396712550e-03 -1.380089728883481144e-02 1.991408888887851846e-03
-5.024489975605291037e-03 3.093030622248726155e-03 7.845342581183727820e-03 -1.382259303439655439e-02 1.994804730055964228e-03
-5.033290812255912863e-03 3.099172597914300834e-03 7.855028568970617159e-03 -1.384435785949316919e-02 1.998212230002126798e-03
-5.042122434870331162e-03 3.105338140892054122e-03 7.864736801995970278e-03 -1.386619209288841512e-02 2.001631448761205089e-03
-5.050985005447754250e-03 3.111527384912801935e-03 7.874467344717986372e-03 -1.388809606731048439e-02 2.005062447192795545e-03
-5.059878686767455697e-03 3.117740464181438867e-03 7.884220260531720273e-03 -1.391007011817848096e-02 2.008505286394507774e-03
-5.068803644100633270e-03 3.123977514175983478e-03 7.893995613694171007e-03 -1.393211458735531781e-02 2.011960028396562149e-03
-5.077760041325807099e-03 3.130238669426906734e-03 7.903793465704368401e-03 -1.395422981203211024e-02 2.015426734716850576e-03
-5.086748045292700457e-03 3.136524067255802833e-03 7.913613878405880916e-03 -1.397641613470912772e-02 2.018905468024942678e-03
-5.095767823558437770e-03 3.142833845675649992e-03 7.923456912779730868e-03 -1.399867389847751775e-02 2.022396291256793512e-03
-5.104819544405270887e-03 3.149168143576201642e-03 7.933322630083452023e-03 -1.402100344651289847e-02 2.025899267609023759e-03
-5.113903377892982036e-03 3.155527101181151550e-03 7.943211093585388072e-03 -1.404340512556311212e-02 2.029414460922966245e-03
-5.123019495134259471e-03 3.161910859702344884e-03 7.953122366789539682e-03 -1.406587928569197690e-02 2.032941935386833876e-03
-5.132168069173149300e-03 3.168319562144666923e-03 7.963056514077197084e-03 -1.408842628187615895e-02 2.036481755930735250e-03
-5.141349273736634841e-03 3.174753352162919262e-03 7.973013599954391004e-03 -1.411104647169174851e-02 2.040033987739837094e-03
-5.150563283270147286e-03 3.181212374351127456e-03 7.982993689527347406e-03 -1.413374021361511051e-02 2.043598696276802476e-03
-5.159810273594432617e-03 3.187696774502965080e-03 7.992996847781170394e-03 -1.415650786833614651e-02 2.047175947520269313e-03
-5.169090422497597120e-03 3.194206699543247763e-03 8.003023139100800057e-03 -1.417934980133431742e-02 2.050765808160081791e-03
-5.178403908868076111e-03 3.200742297177107919e-03 8.013072627617037758e-03 -1.420226637921769702e-02 2.054368345309577366e-03
-5.187750912765863413e-03 3.207303715643162675e-03 8.023145375961006007e-03 -1.422525796778073386e-02 2.057983626512219048e-03
-5.197131614974362032e-03 3.213891103834401984e-03 8.033241445292721092e-03 -1.424832493217128432e-02 2.061611719559720054e-03
-5.206546197799183547e-03 3.220504612737355981e-03 8.043360897798270889e-03 -1.427146764037949198e-02 2.065252692841339482e-03
-5.215994845087167618e-03 3.227144395417774411e-03 8.053503796532475445e-03 -1.429468646389600237e-02 2.068906615335112855e-03
-5.225477742504626433e-03 3.233810606213185709e-03 8.063670206180003838e-03 -1.431798177996247180e-02 2.072573556662541013e-03
-5.234995076567126003e-03 3.240503399831902009e-03 8.073860191436518091e-03 -1.434135396935658745e-02 2.076253586741385205e-03
-5.244547034549249323e-03 3.247222931579778725e-03 8.084073816699491669e-03 -1.436480341627250322e-02 2.079946775772496207e-03
-5.254133806694679179e-03 3.253969359797685354e-03 8.094311148536531900e-03 -1.438833051105915632e-02 2.083653195095631471e-03
-5.263755582939959494e-03 3.260742842842750955e-03 8.104572252308990532e-03 -1.441193564084825886e-02 2.087372915912604106e-03
-5.273412555670004692e-03 3.267543540733911997e-03 8.114857193041473057e-03 -1.443561919641135789e-02 2.091106010363061232e-03
-5.283104918237031822e-03 3.274371613690508446e-03 8.125166034494269926e-03 -1.445938156870363138e-02 2.094852550911802634e-03
-5.292832865838308087e-03 3.281227222949155940e-03 8.135498840188866085e-03 -1.448322315157769651e-02 2.098612610682362451e-03
-5.302596594731440877e-03 3.288110530718681146e-03 8.145855672606385975e-03 -1.450714433892600318e-02 2.102386263158020473e-03
-5.312396303152991904e-03 3.295021701885963820e-03 8.156236595195778816e-03 -1.453114552871963977e-02 2.106173582637956357e-03
-5.322232189384797432e-03 3.301960902348645074e-03 8.166641671181452955e-03 -1.455522711959419263e-02 2.109974643444711279e-03
-5.332104454811531155e-03 3.308928300742124823e-03 8.177070965080851864e-03 -1.457938951812058105e-02 2.113789521064348385e-03
-5.342013300730668289e-03 3.315924065162177345e-03 8.187524540933285855e-03 -1.460363313270578167e-02 2.117618290922025984e-03
-5.351958931380677853e-03 3.322948365489938275e-03 8.198002464224720537e-03 -1.462795837902026129e-02 2.121461029522958563e-03
-5.361941551761514359e-03 3.330001372674834970e-03 8.208504799933985518e-03 -1.465236567321509011e-02 2.125317813616770142e-03
-5.371961368840011235e-03 3.337083259990501587e-03 8.219031614209476588e-03 -1.467685543231038968e-02 2.129188720740990935e-03
-5.382018590465938862e-03 3.344194201140339613e-03 8.229582971688428547e-03 -1.470142807371732641e-02 2.133073828757617741e-03
-5.392113427943190894e-03 3.351334372113937837e-03 8.240158937830144303e-03 -1.472608402268062340e-02 2.136973216786583387e-03
-5.402246091343512052e-03 3.358503947788368284e-03 8.250759575304040389e-03 -1.475082370026822680e-02 2.140886963429384712e-03
-5.412416794565687306e-03 3.365703105947128078e-03 8.261384947250639127e-03 -1.477564753536578755e-02 2.144815148720552369e-03
-5.422625752336795654e-03 3.372932025638878967e-03 8.272035117448398728e-03 -1.480055595745903216e-02 2.148757853010343621e-03
-5.432873180083424257e-03 3.380190888206281025e-03 8.282710149790744464e-03 -1.482554939735050530e-02 2.152715156990303060e-03
-5.443159296154508400e-03 3.387479877310578015e-03 8.293410108054601049e-03 -1.485062829073782557e-02 2.156687142457604320e-03
-5.453484319051639904e-03 3.394799175970501185e-03 8.304135054876286490e-03 -1.487579307461470157e-02 2.160673891218462851e-03
-5.463848470657414400e-03 3.402148969370103089e-03 8.314885055024636915e-03 -1.490104419469917216e-02 2.164675486296584184e-03
-5.474251974046326526e-03 3.409529444414061226e-03 8.325660173536480677e-03 -1.492638209973891177e-02 2.168692011132915612e-03
-5.484695053134500640e-03 3.416940789482307908e-03 8.336460475417398555e-03 -1.495180723862989808e-02 2.172723549527271879e-03
-5.495177935135917013e-03 3.424383195375126261e-03 8.347286026718754581e-03 -1.497732006508801020e-02 2.176770186540183654e-03
-5.505700847232205923e-03 3.431856852603153932e-03 8.358136891024381399e-03 -1.500292103267788883e-02 2.180832007156707254e-03
-5.516264020015502166e-03 3.439361954269893294e-03 8.369013132603823554e-03 -1.502861060362867783e-02 2.184909097561299387e-03
-5.526867685133263035e-03 3.446898694118585849e-03 8.379914813384977887e-03 -1.505438924035115006e-02 2.189001544302188705e-03
-5.537512074972864365e-03 3.454467267412467731e-03 8.390841994928104758e-03 -1.508025740252331125e-02 2.193109434297953880e-03
-5.548197426643536843e-03 3.462067873610490468e-03 8.401794742591202694e-03 -1.510621555755654877e-02 2.197232856272346348e-03
-5.558923974909158947e-03 3.469700710479897178e-03 8.412773117881031451e-03 -1.513226416806212962e-02 2.201371898027640241e-03
-5.569691958639729976e-03 3.477365978977287313e-03 8.423777183159645784e-03 -1.515840370840703527e-02 2.205526648927094973e-03
-5.580501618087101330e-03 3.485063881424513722e-03 8.434807001189630754e-03 -1.518463465733732934e-02 2.209697198815071227e-03
-5.591353196930165179e-03 3.492794622740182792e-03 8.445862636595089304e-03 -1.521095750105755894e-02 2.213883638805474487e-03
-5.602246937953030310e-03 3.500558407970325026e-03 8.456944153393854136e-03 -1.523737272328839348e-02 2.218086059669094941e-03
-5.613183088877088736e-03 3.508355446587875948e-03 8.468051617960086624e-03 -1.526388081787138744e-02 2.222304554026480541e-03
-5.624161897482084227e-03 3.516185947575614992e-03 8.479185093056847144e-03 -1.529048227623307221e-02 2.226539214444456152e-03
-5.635183614824377379e-03 3.524050122249057157e-03 8.490344640380433072e-03 -1.531717759476662263e-02 2.230790134660259796e-03
-5.646248491762046427e-03 3.531948181577603246e-03 8.501530319092410679e-03 -1.534396726608960523e-02 2.235057408316721943e-03
-5.657356784122176581e-03 3.539880341217329154e-03 8.512742191740611461e-03 -1.537085179241973881e-02 2.239341130989380094e-03
-5.668508746581366227e-03 3.547846816666248414e-03 8.523980319995029184e-03 -1.539783167300295789e-02 2.243641397821436595e-03
-5.679704637103821785e-03 3.555847825769435904e-03 8.535244765731031524e-03 -1.542490741435499982e-02 2.247958305254298822e-03
-5.690944714927429621e-03 3.563883587593038357e-03 8.546535589054927301e-03 -1.545207952630964048e-02 2.252291950239522934e-03
-5.702229243972968195e-03 3.571954325268254619e-03 8.557852852664001378e-03 -1.547934853182885741e-02 2.256642431404430084e-03
-5.713558486437324974e-03 3.580060261321308702e-03 8.569196617355660794e-03 -1.550671495046937118e-02 2.261009846648528217e-03
-5.724932709702502780e-03 3.588201622459316793e-03 8.580566948018612805e-03 -1.553417930946900810e-02 2.265394295832727674e-03
-5.736352182581091856e-03 3.596378636866412373e-03 8.591963907449146412e-03 -1.556174213636772087e-02 2.269795879335539512e-03
-5.747817175281771419e-03 3.604591533715532144e-03 8.603387554975125417e-03 -1.558940396015622704e-02 2.274214697983847466e-03
-5.759327962454876063e-03 3.612840545282080748e-03 8.614837950692408666e-03 -1.561716531871828843e-02 2.278650854170511785e-03
-5.770884817803641209e-03 3.621125903250361870e-03 8.626315152642565973e-03 -1.564502674685919192e-02 2.283104449955364844e-03
-5.782488019191751177e-03 3.629447843059694159e-03 8.637819220884412896e-03 -1.567298878743993498e-02 2.287575589092427208e-03
-5.794137845664451211e-03 3.637806601875879804e-03 8.649350214700004397e-03 -1.570105198519740342e-02 2.292064375820899481e-03
-5.805834577516025621e-03 3.646202417516015547e-03 8.660908192612197173e-03 -1.572921688759878686e-02 2.296570914825504361e-03
-5.817578499792008459e-03 3.654635531506201726e-03 8.672493215170620773e-03 -1.575748405181472828e-02 2.301095312567555569e-03
-5.829369897332607568e-03 3.663106185986528870e-03 8.684105339308067009e-03 -1.578585403307711590e-02 2.305637675331238985e-03
-5.841209059583863002e-03 3.671614627741684282e-03 8.695744625231517644e-03 -1.581432739553065639e-02 2.310198111131954186e-03
-5.853096277624540017e-03 3.680161105732657808e-03 8.707411134189955992e-03 -1.584290470509114659e-02 2.314776728548589672e-03
-5.865031844098872113e-03 3.688745869426420833e-03 8.719104925116681268e-03 -1.587158653107134318e-02 2.319373636650190907e-03
-5.877016057822030681e-03 3.697369172913282046e-03 8.730826056673929997e-03 -1.590037345664934570e-02 2.323988946782620107e-03
-5.889049214649179007e-03 3.706031268154286792e-03 8.742574582891977225e-03 -1.592926605676609278e-02 2.328622769177517930e-03
-5.901131615598144073e-03 3.714732411573164108e-03 8.754350559998061096e-03 -1.595826491716778595e-02 2.333275216102090321e-03
-5.913263563028398409e-03 3.723472860838729966e-03 8.766154044194843925e-03 -1.598737062534951597e-02 2.337946400343877441e-03
-5.925445363468589965e-03 3.732252876798139440e-03 8.777985092268056344e-03 -1.601658377388767013e-02 2.342636436248909330e-03
-5.937677322378616569e-03 3.741072719685116423e-03 8.789843757654718787e-03 -1.604590495056691310e-02 2.347345437786497405e-03
-5.949959752383869073e-03 3.749932655633110828e-03 8.801730097105428530e-03 -1.607533475899092235e-02 2.352073521582886354e-03
-5.962292965222908657e-03 3.758832951874961810e-03 8.813644165102548639e-03 -1.610487379968499749e-02 2.356820803826638853e-03
-5.974677278476494754e-03 3.767773881478962607e-03 8.825586019478229641e-03 -1.613452268424303213e-02 2.361587402861559711e-03
-5.987113008572163449e-03 3.776755716173386349e-03 8.837555715412359972e-03 -1.616428202281395068e-02 2.366373436539505673e-03
-5.999600478914557215e-03 3.785778731973273720e-03 8.849553309010415800e-03 -1.619415244236446436e-02 2.371179025286981878e-03
-6.012140012177902802e-03 3.794843205339227393e-03 8.861578851388666328e-03 -1.622413456835947523e-02 2.376004289241181056e-03
-6.024731935126045358e-03 3.803949416009803040e-03 8.873632394002553894e-03 -1.625422903064998453e-02 2.380849350105362656e-03
-6.037376576017276092e-03 3.813097644323356922e-03 8.885713987577351439e-03 -1.628443645917239738e-02 2.385714330152134948e-03
-6.050074269033399628e-03 3.822288175735466184e-03 8.897823685274197647e-03 -1.631475749543867190e-02 2.390599353931707055e-03
-6.062825345648134232e-03 3.831521294501285396e-03 8.909961535872876551e-03 -1.634519277236900700e-02 2.395504544944220514e-03
-6.075630144350249034e-03 3.840797291079018055e-03 8.922127590518623766e-03 -1.637574293697172459e-02 2.400430029382488468e-03
-6.088489005694328569e-03 3.850116458119814001e-03 8.934321900408145889e-03 -1.640640864140164787e-02 2.405375934109005819e-03
-6.101402272385605084e-03 3.859479090926940317e-03 8.946544515589552674e-03 -1.643719053873440861e-02 2.410342386639365703e-03
-6.114370291808655412e-03 3.868885489288254303e-03 8.958795487805456051e-03 -1.646808929143074932e-02 2.415329516259508147e-03
-6.127393412116630828e-03 3.878335952847544472e-03 8.971074866541950063e-03 -1.649910556560275215e-02 2.420337452555239646e-03
-6.140471987158892600e-03 3.887830784831932621e-03 8.983382700508303967e-03 -1.653024004009333303e-02 2.425366327124452506e-03
-6.153606372290591417e-03 3.897370290456613883e-03 8.995719035907385683e-03 -1.656149339357321920e-02 2.430416272118994352e-03
-6.166796924259245957e-03 3.906954776826776325e-03 9.008083916935716653e-03 -1.659286630532014195e-02 2.435487420306274228e-03
-6.180044004831700133e-03 3.916584554932584124e-03 9.020477389234617463e-03 -1.662435946509654636e-02 2.440579906347736458e-03
-6.193347977260602391e-03 3.926259938310357883e-03 9.032899498081394321e-03 -1.665597356339481791e-02 2.445693865514371197e-03
-6.206709209889064820e-03 3.935981244768275815e-03 9.045350289286456513e-03 -1.668770930003503697e-02 2.450829434953170557e-03
-6.220128073047634029e-03 3.945748793957881001e-03 9.057829805835221348e-03 -1.671956737685769204e-02 2.455986752483201464e-03
-6.233604939588858335e-03 3.955562908080285586e-03 9.070338088856974568e-03 -1.675154849693526529e-02 2.461165956664143704e-03
-6.247140189203114966e-03 3.965423915030115085e-03 9.082875183621177961e-03 -1.678365337409917085e-02 2.466367188692293252e-03
-6.260734200352073044e-03 3.975332141914619637e-03 9.095441132890031560e-03 -1.681588272020114946e-02 2.471590589294594530e-03
-6.274387358102265048e-03 3.985287920660544013e-03 9.108035979400186388e-03 -1.684823726551724563e-02 2.476836301519447052e-03
-6.288100049534834160e-03 3.995291585645137193e-03 9.120659763338026180e-03 -1.688071774396525740e-02 2.482104469148939483e-03
-6.301872664714536915e-03 4.005343474735603877e-03 9.133312523594689508e-03 -1.691332489503738837e-02 2.487395237247872707e-03
-6.315705597798213292e-03 4.015443929556818288e-03 9.145994297836142206e-03 -1.694605946719435208e-02 2.492708752491635139e-03
-6.329599245684888222e-03 4.025593294795294132e-03 9.158705123662572861e-03 -1.697892221002851587e-02 2.498045162499121750e-03
-6.343554008325470034e-03 4.035791917211224884e-03 9.171445036808912113e-03 -1.701191387333277419e-02 2.503404615912700488e-03
-6.357570290844261757e-03 4.046040147114200909e-03 9.184214071890899056e-03 -1.704503521458964124e-02 2.508787263309896626e-03
-6.371648502449819319e-03 4.056338338894571738e-03 9.197012261068662417e-03 -1.707828699710400855e-02 2.514193256681239701e-03
-6.385789053257149780e-03 4.066686847982414234e-03 9.209839636607371899e-03 -1.711166998343042686e-02 2.519622748260692130e-03
-6.399992359240270524e-03 4.077086034887416471e-03 9.222696235892143338e-03 -1.714518494658594933e-02 2.525075892522057018e-03
-6.414258840130187579e-03 4.087536264366676241e-03 9.235582094399107447e-03 -1.717883267313046608e-02 2.530552845331750060e-03
-6.428588917744470534e-03 4.098037903747557380e-03 9.248497244311901927e-03 -1.721261395896462112e-02 2.536053763357558073e-03
-6.442983018987494953e-03 4.108591325241051084e-03 9.261441717561312917e-03 -1.724652961004407431e-02 2.541578805251239453e-03
-6.457441572605794773e-03 4.119196902606462110e-03 9.274415540319975657e-03 -1.728058042934928207e-02 2.547128130305739355e-03
-6.471965014932051785e-03 4.129855015754694408e-03 9.287418739622495603e-03 -1.731476722908519700e-02 2.552701900601901750e-03
-6.486553783397354736e-03 4.140566045793805418e-03 9.300451339439550630e-03 -1.734909082058619725e-02 2.558300278539556768e-03
-6.501208320378338949e-03 4.151330376776350521e-03 9.313513362442380622e-03 -1.738355202239494010e-02 2.563923428270459097e-03
-6.515929069962862925e-03 4.162148394007506372e-03 9.326604828973092051e-03 -1.741815165346749170e-02 2.569571514415796513e-03
-6.530716486207394436e-03 4.173020491868121261e-03 9.339725762369447196e-03 -1.745289055306437076e-02 2.575244705323262873e-03
-6.545571020947916173e-03 4.183947065770569906e-03 9.352876187254267198e-03 -1.748776955437753369e-02 2.580943168755583331e-03
-6.560493131832334686e-03 4.194928516740597906e-03 9.366056129803616848e-03 -1.752278950772427277e-02 2.586667074656582958e-03
-6.575483284238647398e-03 4.205965251897632838e-03 9.379265614637380399e-03 -1.755795128084012419e-02 2.592416595783270539e-03
-6.590541940055739088e-03 4.217057676546216369e-03 9.392504658438851489e-03 -1.759325572884744282e-02 2.598191903510085454e-03
-6.605669575117227056e-03 4.228206206283897928e-03 9.405773277363686791e-03 -1.762870373309417468e-02 2.603993174416630637e-03
-6.620866662046539543e-03 4.239411254829502339e-03 9.419071481298718976e-03 -1.766429616155884563e-02 2.609820583829391624e-03
-6.636133681779573558e-03 4.250673242541872822e-03 9.432399282074420410e-03 -1.770003389743770097e-02 2.615674309972844391e-03
-6.651471120296143652e-03 4.261992593140237484e-03 9.445756689647069951e-03 -1.773591783511042561e-02 2.621554532840688137e-03
-6.666879463850528854e-03 4.273369729775912396e-03 9.459143709198990918e-03 -1.777194886647705252e-02 2.627461432466061432e-03
-6.682359207257468695e-03 4.284805085646578408e-03 9.472560350263170559e-03 -1.780812789809546950e-02 2.633395192221770365e-03
-6.697910848858450172e-03 4.296299100404803346e-03 9.486006626106826059e-03 -1.784445583896818524e-02 2.639355997137412483e-03
-6.713534890006069011e-03 4.307852215678365827e-03 9.499482548300734741e-03 -1.788093360651206790e-02 2.645344033296206931e-03
-6.729231835549890142e-03 4.319464876000716699e-03 9.512988124936437931e-03 -1.791756212481895177e-02 2.651359487877209820e-03
-6.745002200921446957e-03 4.331137534707404750e-03 9.526523361268159767e-03 -1.795434233542862051e-02 2.657402551911973269e-03
-6.760846500799273621e-03 4.342870643378181003e-03 9.540088254082340624e-03 -1.799127517790891084e-02 2.663473416005897668e-03
-6.776765258029691930e-03 4.354664660816598767e-03 9.553682800432807681e-03 -1.802836160775567534e-02 2.669572273778972847e-03
-6.792758998815723141e-03 4.366520049341716947e-03 9.567306993803917012e-03 -1.806560258404385846e-02 2.675699319966040775e-03
-6.808828256890573326e-03 4.378437275890981716e-03 9.580960826405506003e-03 -1.810299908230485894e-02 2.681854751925914770e-03
-6.824973567080006888e-03 4.390416809431884650e-03 9.594644285566535091e-03 -1.814055207396225722e-02 2.688038767572822809e-03
-6.841195473994150789e-03 4.402459130745594966e-03 9.608357365726991756e-03 -1.817826254170046979e-02 2.694251568743901738e-03
-6.857494520005513045e-03 4.414564721302428538e-03 9.622100061422209083e-03 -1.821613145925260469e-02 2.700493356632382470e-03
-6.873871260246692400e-03 4.426734072253779226e-03 9.635872368979754923e-03 -1.825415982795189698e-02 2.706764337170066131e-03
-6.890326247083954428e-03 4.438967673040763139e-03 9.649674275703800513e-03 -1.829234864250040352e-02 2.713064714804411682e-03
-6.906860048759963858e-03 4.451266024517762550e-03 9.663505769518920124e-03 -1.833069893375785520e-02 2.719394699731918219e-03
-6.923473230677301346e-03 4.463629624331296071e-03 9.677366827944433245e-03 -1.836921172495666055e-02 2.725754501037966696e-03
-6.940166367493036219e-03 4.476058978406610711e-03 9.691257428023817774e-03 -1.840788805510852610e-02 2.732144331170982283e-03
-6.956940038807704445e-03 4.488554598354653653e-03 9.705177540940678263e-03 -1.844672896996993328e-02 2.738564404336527990e-03
-6.973794833614761594e-03 4.501117002991761144e-03 9.719127135541589385e-03 -1.848573553213397197e-02 2.745014938206169920e-03
-6.990731338754318028e-03 4.513746711413102811e-03 9.733106178638577938e-03 -1.852490879080981659e-02 2.751496149825507880e-03
-7.007750150490820416e-03 4.526444254373135530e-03 9.747114644518798873e-03 -1.856424980583205181e-02 2.758008260081424440e-03
-7.024851869485224630e-03 4.539210167351796603e-03 9.761152509971858515e-03 -1.860375964201752344e-02 2.764551491632709010e-03
-7.042037100830940075e-03 4.552044988738186693e-03 9.775219746119109127e-03 -1.864343937587667824e-02 2.771126068465599567e-03
-7.059306465756141555e-03 4.564949269255464716e-03 9.789316322735181625e-03 -1.868329012271181463e-02 2.777732220224018913e-03
-7.076660578404407077e-03 4.577923552693218684e-03 9.803442196459561178e-03 -1.872331298092592619e-02 2.784370173611008803e-03
-7.094100067917765047e-03 4.590968394230033993e-03 9.817597322390974116e-03 -1.876350907450546196e-02 2.791040160939088719e-03
-7.111625567068921225e-03 4.604084354241890636e-03 9.831781651548040721e-03 -1.880387953008362881e-02 2.797742415919726375e-03
-7.129237714103396281e-03 4.617271999666365360e-03 9.845995125239342949e-03 -1.884442548371003875e-02 2.804477174165464701e-03
-7.146937158966275815e-03 4.630531908060898406e-03 9.860237686823864270e-03 -1.888514809151651055e-02 2.811244675763011156e-03
-7.164724548617040605e-03 4.643864656396706238e-03 9.874509283401099527e-03 -1.892604849523163088e-02 2.818045159854799028e-03
-7.182600539709343979e-03 4.657270832398851916e-03 9.888809865490254258e-03 -1.896712784714572539e-02 2.824878869530558952e-03
-7.200565794242228326e-03 4.670751028624267782e-03 9.903139382189920376e-03 -1.900838730774445998e-02 2.831746049831393788e-03
-7.218620986952352554e-03 4.684305845853454706e-03 9.917497778902972447e-03 -1.904982806771122680e-02 2.838646949975846042e-03
-7.236766790978038655e-03 4.697935883418797622e-03 9.931884987664169398e-03 -1.909145131561734710e-02 2.845581818237957663e-03
-7.255003899309456217e-03 4.711641756477696376e-03 9.946300938042896764e-03 -1.913325827607566948e-02 2.852550910190116123e-03
-7.273332998915372702e-03 4.725424076607620191e-03 9.960745549433292281e-03 -1.917525015231522426e-02 2.859554479241814898e-03
-7.291754793610873316e-03 4.739283471200996141e-03 9.975218743054764525e-03 -1.921742818414242521e-02 2.866592785118833066e-03
-7.310269986400555302e-03 4.753220568539559890e-03 9.989720429423884149e-03 -1.925979360856388059e-02 2.873666087013890431e-03
-7.328879291864319988e-03 4.767236009099877318e-03 1.000425052416008265e-02 -1.930234767981686347e-02 2.880774648763234115e-03
-7.347583427843068678e-03 4.781330436541940919e-03 1.001880894585292434e-02 -1.934509164620752328e-02 2.887918735593483863e-03
-7.366383121414289865e-03 4.795504502961627120e-03 1.003339561613589455e-02 -1.938802676611939627e-02 2.895098616272371271e-03
-7.385279105031570049e-03 4.809758865866620506e-03 1.004801044701146909e-02 -1.943115430497315693e-02 2.902314561251014002e-03
-7.404272125263323089e-03 4.824094192506829179e-03 1.006265334356096740e-02 -1.947447556169071281e-02 2.909566845736316631e-03
-7.423362929549833997e-03 4.838511152118168089e-03 1.007732419769397612e-02 -1.951799183906161028e-02 2.916855745051862101e-03
-7.442552281272335132e-03 4.853010428037918093e-03 1.009202289894121918e-02 -1.956170446460144680e-02 2.924181540513361155e-03
-7.461840948125107904e-03 4.867592708075930800e-03 1.010674933419993156e-02 -1.960561476722238322e-02 2.931544515093697199e-03
-7.481229702746943801e-03 4.882258684437130666e-03 1.012150338420365198e-02 -1.964972409407777371e-02 2.938944953448405055e-03
-7.500719323459514691e-03 4.897009057939956563e-03 1.013628492632053651e-02 -1.969403379760118269e-02 2.946383142471576538e-03
-7.520310607050000214e-03 4.911844544583341375e-03 1.015109384110642228e-02 -1.973854525243672053e-02 2.953859376041499674e-03
-7.540004346893591433e-03 4.926765858755142134e-03 1.016593000925621569e-02 -1.978325980516439445e-02 2.961373946833075702e-03
-7.559801347154743861e-03 4.941773725445676620e-03 1.018079331074101847e-02 -1.982817882005937990e-02 2.968927151548382028e-03
-7.579702430672598072e-03 4.956868886410861937e-03 1.019568361196905755e-02 -1.987330371515430918e-02 2.976519293516301928e-03
-7.599708410948339751e-03 4.972052075183653816e-03 1.021060076169977987e-02 -1.991863588677496646e-02 2.984150672143782556e-03
-7.619820134555767809e-03 4.987324052975208866e-03 1.022554461291089525e-02 -1.996417679107135440e-02 2.991821599009538996e-03
-7.640038436176155127e-03 5.002685572131915399e-03 1.024051500804972099e-02 -2.000992785424127868e-02 2.999532381350317276e-03
-7.660364167454063004e-03 5.018137398735904309e-03 1.025551178893092247e-02 -2.005589054034430385e-02 3.007283332757052733e-03
-7.680798196257657660e-03 5.033680314227267916e-03 1.027053479603124223e-02 -2.010206633985998567e-02 3.015074772662839058e-03
-7.701341380695955231e-03 5.049315093265740149e-03 1.028558385680256211e-02 -2.014845670243538278e-02 3.022907016712260940e-03
-7.721994606891676924e-03 5.065042537896423218e-03 1.030065880874148423e-02 -2.019506311919700217e-02 3.030780391347194513e-03
-7.742758757047698594e-03 5.080863449470940200e-03 1.031575948746077213e-02 -2.024188706680169966e-02 3.038695221938089979e-03
-7.763634731741247616e-03 5.096778642922729537e-03 1.033088571475664595e-02 -2.028893007341998206e-02 3.046651840174151218e-03
-7.784623435014298952e-03 5.112788938821433843e-03 1.034603729221048735e-02 -2.033619367383854640e-02 3.054650578660872591e-03
-7.805725785526728203e-03 5.128895169085306155e-03 1.036121401758839135e-02 -2.038367942830350207e-02 3.062691775109832419e-03
-7.826942711525206736e-03 5.145098172713007817e-03 1.037641568619149766e-02 -2.043138890024426280e-02 3.070775770703396048e-03
-7.848275153662147285e-03 5.161398798105201920e-03 1.039164209085356901e-02 -2.047932367350109237e-02 3.078902911243691295e-03
-7.869724059021894827e-03 5.177797902364830035e-03 1.040689301913692508e-02 -2.052748534309667763e-02 3.087073544764241170e-03
-7.891290382369096912e-03 5.194296351624966279e-03 1.042216824689555857e-02 -2.057587550707595803e-02 3.095288022011010061e-03
-7.912975100746826723e-03 5.210895034782501642e-03 1.043746755906101512e-02 -2.062449579076605991e-02 3.103546702527098123e-03
-7.934779183613231701e-03 5.227594838276787732e-03 1.045279073349914857e-02 -2.067334779654313517e-02 3.111849943498703076e-03
-7.956703619803934605e-03 5.244396662706820103e-03 1.046813753465050158e-02 -2.072243318115567570e-02 3.120198108972405994e-03
-7.978749412042289435e-03 5.261301419589365334e-03 1.048350771106266142e-02 -2.077175362576346232e-02 3.128591567391671852e-03
-8.000917579533904991e-03 5.278310035499462344e-03 1.049890099696752614e-02 -2.082131082486179605e-02 3.137030692932805606e-03
-8.023209139896427672e-03 5.295423434736099173e-03 1.051431712205416931e-02 -2.087110645968040870e-02 3.145515858784993408e-03
-8.045625132047456995e-03 5.312642560614293068e-03 1.052975582167204119e-02 -2.092114225190249560e-02 3.154047446384154133e-03
-8.068166605158763258e-03 5.329968367701175096e-03 1.054521682198831904e-02 -2.097141993757136239e-02 3.162625840975583948e-03
-8.090834615394297893e-03 5.347401818888352851e-03 1.056069983745355940e-02 -2.102194126242481337e-02 3.171251430110133204e-03
-8.113630235896248863e-03 5.364943899278366672e-03 1.057620458571391017e-02 -2.107270799451239560e-02 3.179924608551840202e-03
-8.136554540355524917e-03 5.382595593114310704e-03 1.059173077817431551e-02 -2.112372189699288083e-02 3.188645771467636669e-03
-8.159608628784967288e-03 5.400357904254116624e-03 1.060727810974748317e-02 -2.117498477348273012e-02 3.197415323162347035e-03
-8.182793611151388882e-03 5.418231844743771376e-03 1.062284625792840609e-02 -2.122649844263107058e-02 3.206233670693121873e-03
-8.206110605431514785e-03 5.436218433201922724e-03 1.063843488269353849e-02 -2.127826473095087781e-02 3.215101223460939579e-03
-8.229560744982062498e-03 5.454318706768340567e-03 1.065404363971413949e-02 -2.133028548067771035e-02 3.224018396948547319e-03
-8.253145176858061108e-03 5.472533717002499819e-03 1.066967219077183046e-02 -2.138256255812398185e-02 3.232985611805235665e-03
-8.276865066362810650e-03 5.490864530897586124e-03 1.068532018889219691e-02 -2.143509786908176853e-02 3.242003295608841037e-03
-8.300721585456413004e-03 5.509312224680978400e-03 1.070098727411619190e-02 -2.148789333372145768e-02 3.251071878683150021e-03
-8.324715913292682692e-03 5.527877883402402930e-03 1.071667308216621081e-02 -2.154095085898393228e-02 3.260191793948776038e-03
-8.348849249250864940e-03 5.546562609029968491e-03 1.073237723967555325e-02 -2.159427237508393035e-02 3.269363481901994828e-03
-8.373122807418899305e-03 5.565367511261484421e-03 1.074809935667483951e-02 -2.164785983713084574e-02 3.278587387589728883e-03
-8.397537823274021929e-03 5.584293718408134787e-03 1.076383902283102774e-02 -2.170171523219928053e-02 3.287863963239510533e-03
-8.422095540718784953e-03 5.603342370377769992e-03 1.077959581438592794e-02 -2.175584055661859695e-02 3.297193664018308133e-03
-8.446797210431598174e-03 5.622514623481067453e-03 1.079536930378434227e-02 -2.181023781254394847e-02 3.306576947983105950e-03
-8.471644115551900042e-03 5.641811666545785628e-03 1.081115906032456206e-02 -2.186490906439560525e-02 3.316014285907674646e-03
-8.496637533606516204e-03 5.661234676095058642e-03 1.082696463932394243e-02 -2.191985636158159598e-02 3.325506146268612448e-03
-8.521778771210035755e-03 5.680784854675903321e-03 1.084278559039422198e-02 -2.197508179798607700e-02 3.335053007933477375e-03
-8.547069143993836840e-03 5.700463416540234828e-03 1.085862145122973819e-02 -2.203058746381361677e-02 3.344655352984718041e-03
-8.572509987714119553e-03 5.720271588341293949e-03 1.087447174603803010e-02 -2.208637547194674047e-02 3.354313670698294472e-03
-8.598102651816813893e-03 5.740210605272345196e-03 1.089033597807346349e-02 -2.214244795670825688e-02 3.364028454627381124e-03
-8.623848510195325154e-03 5.760281731063035537e-03 1.090621364002460070e-02 -2.219880709982355316e-02 3.373800207237095256e-03
-8.649748938242900545e-03 5.780486240647152857e-03 1.092210420433892097e-02 -2.225545507226463909e-02 3.383629431800813398e-03
-8.675805344157277305e-03 5.800825446541753132e-03 1.093800714247590393e-02 -2.231239408636019605e-02 3.393516644193988584e-03
-8.702019137131198831e-03 5.821300660548220027e-03 1.095392190619039544e-02 -2.236962635179771258e-02 3.403462360413498852e-03
-8.728391753248590512e-03 5.841913210475229920e-03 1.096984793838374009e-02 -2.242715413242206413e-02 3.413467106445839446e-03
-8.754924641369864202e-03 5.862664433284200255e-03 1.098578466960049155e-02 -2.248497969980706862e-02 3.423531412207451389e-03
-8.781619273982729790e-03 5.883555688781792400e-03 1.100173151598461685e-02 -2.254310535355077624e-02 3.433655815939191079e-03
-8.808477133490200117e-03 5.904588341401557743e-03 1.101768787690918239e-02 -2.260153340961531740e-02 3.443840859402595191e-03
-8.835499739541379655e-03 5.925763792284734904e-03 1.103365314252420341e-02 -2.266026624703557091e-02 3.454087098449512647e-03
-8.862688601426416124e-03 5.947083443740612541e-03 1.104962667391451263e-02 -2.271930619767463869e-02 3.464395084843808949e-03
-8.890045272434102253e-03 5.968548748689217996e-03 1.106560782472839483e-02 -2.277865565519687427e-02 3.474765386417441766e-03
-8.917571317164011205e-03 5.990161171636474054e-03 1.108159593593666115e-02 -2.283831702330072280e-02 3.485198575135360893e-03
-8.945268309626299569e-03 6.011922178524625043e-03 1.109759032120415274e-02 -2.289829271813940970e-02 3.495695226656860000e-03
-8.973137854952071765e-03 6.033833256715274637e-03 1.111359027958246266e-02 -2.295858522237273838e-02 3.506255927707487008e-03
-9.001181570930263595e-03 6.055895907044517128e-03 1.112959509530744677e-02 -2.301919703844804155e-02 3.516881268653257540e-03
-9.029401108618672483e-03 6.078111657493675581e-03 1.114560404047669658e-02 -2.308013071816473333e-02 3.527571852570207320e-03
-9.057798130923987515e-03 6.100482050004707793e-03 1.116161637009785781e-02 -2.314138880436756446e-02 3.538328287116879189e-03
-9.086374314691047019e-03 6.123008645121792021e-03 1.117763132258981287e-02 -2.320297383525328147e-02 3.549151184634868113e-03
-9.115131374058135436e-03 6.145693045319987162e-03 1.119364812205421791e-02 -2.326488840417218623e-02 3.560041170659176361e-03
-9.144071032971655064e-03 6.168536872212814631e-03 1.120966596277227396e-02 -2.332713510241163704e-02 3.570998874364687999e-03
-9.173195049923595079e-03 6.191541771257643746e-03 1.122568402199673049e-02 -2.338971658300816395e-02 3.582024937467350335e-03
-9.202505193795918262e-03 6.214709389625048923e-03 1.124170145102645554e-02 -2.345263552896654016e-02 3.593120005912832718e-03
-9.232003246343654587e-03 6.238041391444818992e-03 1.125771736326485438e-02 -2.351589465004683827e-02 3.604284730158653291e-03
-9.261691045383537921e-03 6.261539492580687170e-03 1.127373086313792488e-02 -2.357949673596830553e-02 3.615519780901931858e-03
-9.291570415502424865e-03 6.285205396333428188e-03 1.128974104300338628e-02 -2.364344452022854731e-02 3.626825823772446711e-03
-9.321643230839031166e-03 6.309040852800532583e-03 1.130574698399292380e-02 -2.370774078963044582e-02 3.638203542338790206e-03
-9.351911381862424572e-03 6.333047631463043815e-03 1.132174775341630857e-02 -2.377238833848476299e-02 3.649653625554967733e-03
-9.382376792296944629e-03 6.357227536211802407e-03 1.133774239377710255e-02 -2.383739001419332010e-02 3.661176773833996374e-03
-9.413041400597080277e-03 6.381582388027574708e-03 1.135372991286922977e-02 -2.390274868081497181e-02 3.672773693273843985e-03
-9.443907181209930390e-03 6.406114035949496063e-03 1.136970929255484708e-02 -2.396846727986370884e-02 3.684445104106681343e-03
-9.474976109293492196e-03 6.430824332179732421e-03 1.138567946393632957e-02 -2.403454874399396646e-02 3.696191727263431048e-03
-9.506250213380277800e-03 6.455715184837186246e-03 1.140163932604987794e-02 -2.410099608186787659e-02 3.708014302472796304e-03
-9.537731530137970662e-03 6.480788512003568362e-03 1.141758776334429737e-02 -2.416781228498871351e-02 3.719913571869610299e-03
-9.569422135402527035e-03 6.506046267181121549e-03 1.143352365561798450e-02 -2.423500039777892398e-02 3.731890291558862417e-03
-9.601324130993994788e-03 6.531490424495351235e-03 1.144944586710827487e-02 -2.430256347218270538e-02 3.743945226136489567e-03
-9.633439656337427701e-03 6.557122988123359475e-03 1.146535324090364703e-02 -2.437050459431927552e-02 3.756079153225054881e-03
-9.665770864930485484e-03 6.582945984831714212e-03 1.148124459698014396e-02 -2.443882686748844943e-02 3.768292856128343908e-03
-9.698319960111112525e-03 6.608961493521969821e-03 1.149711871344844677e-02 -2.450753350724922675e-02 3.780587138039584287e-03
-9.731089134660220533e-03 6.635171575646669692e-03 1.151297431278334484e-02 -2.457662769710983186e-02 3.792962798102880208e-03
-9.764080647917753805e-03 6.661578357251132787e-03 1.152881007402211354e-02 -2.464611270378557623e-02 3.805420659333782346e-03
-9.797296777726890310e-03 6.688183999667726524e-03 1.154462464536203277e-02 -2.471599182177649026e-02 3.817961551077829994e-03
-9.830739823698315949e-03 6.714990680786167565e-03 1.156041664824001940e-02 -2.478626835817208593e-02 3.830586309463532464e-03
-9.864412132866300781e-03 6.742000611478915842e-03 1.157618469160060296e-02 -2.485694564251908489e-02 3.843295786251238206e-03
-9.898316083798213913e-03 6.769216034812036709e-03 1.159192737160863983e-02 -2.492802702155879832e-02 3.856090844887542692e-03
-9.932454099495096472e-03 6.796639244566591090e-03 1.160764326843600862e-02 -2.499951591223772626e-02 3.868972366910969091e-03
-9.966828620926166879e-03 6.824272553233759302e-03 1.162333091567219721e-02 -2.507141577219806558e-02 3.881941240945466567e-03
-1.000144210778708409e-02 6.852118280593422553e-03 1.163898878731710156e-02 -2.514373010785831905e-02 3.894998361899792462e-03
-1.003629706313875075e-02 6.880178789005226420e-03 1.165461530041276075e-02 -2.521646248526742198e-02 3.908144640610873057e-03
-1.007139603330175007e-02 6.908456489602231472e-03 1.167020882977432873e-02 -2.528961648309895754e-02 3.921381002572082129e-03
-1.010674161680589177e-02 6.936953843106221165e-03 1.168576769814191028e-02 -2.536319573320318377e-02 3.934708390010864185e-03
-1.014233643657362627e-02 6.965673340423646220e-03 1.170129021531949969e-02 -2.543720387652772738e-02 3.948127753325221707e-03
-1.017818313282231081e-02 6.994617499654924922e-03 1.171677467452376421e-02 -2.551164453265873308e-02 3.961640051024351190e-03
-1.021428441411918221e-02 7.023788906959754254e-03 1.173221934371221353e-02 -2.558652140817338147e-02 3.975246268048716891e-03
-1.025064299734657243e-02 7.053190151661540078e-03 1.174762245517963453e-02 -2.566183826726143452e-02 3.988947392433211427e-03
-1.028726166382627413e-02 7.082823863047496560e-03 1.176298216841815264e-02 -2.573759902369760974e-02 4.002744435347352706e-03
-1.032414322054954134e-02 7.112692687462417174e-03 1.177829658088727811e-02 -2.581380757395232081e-02 4.016638415620516628e-03
-1.036129050938958303e-02 7.142799309920609165e-03 1.179356372737275747e-02 -2.589046778718266315e-02 4.030630362572017004e-03
-1.039870646595928046e-02 7.173146515538186829e-03 1.180878159580457838e-02 -2.596758365763518137e-02 4.044721339127818095e-03
-1.043639400246200444e-02 7.203737100521903289e-03 1.182394814268654219e-02 -2.604515910453906666e-02 4.058912400427851924e-03
-1.047435610083775372e-02 7.234573931298661671e-03 1.183906130652261426e-02 -2.612319813164607277e-02 4.073204628448576572e-03
-1.051259577536444931e-02 7.265659903499840748e-03 1.185411899350530783e-02 -2.620170477730220798e-02 4.087599118636760058e-03
-1.055111612806209666e-02 7.296997976644764572e-03 1.186911905080926741e-02 -2.628068324662930638e-02 4.102096998843793654e-03
-1.058992022341317604e-02 7.328591059767170131e-03 1.188405923901819823e-02 -2.636013768996616977e-02 4.116699379609204887e-03
-1.062901125200388722e-02 7.360442157743750380e-03 1.189893724755950941e-02 -2.644007241602348152e-02 4.131407415109196284e-03
-1.066839243530042121e-02 7.392554323651376498e-03 1.191375071011618186e-02 -2.652049170493027755e-02 4.146222270520565772e-03
-1.070806702061137192e-02 7.424930667968198707e-03 1.192849721007300384e-02 -2.660139983510325865e-02 4.161145120851425863e-03
-1.074803831022014440e-02 7.457574375094703362e-03 1.194317430147850620e-02 -2.668280114624282939e-02 4.176177162280410131e-03
-1.078830966701216192e-02 7.490488687347189589e-03 1.195777950174562766e-02 -2.676470004881921147e-02 4.191319614820220550e-03
-1.082888450078441263e-02 7.523676886999836402e-03 1.197231026947737954e-02 -2.684710099475426728e-02 4.206573716352351479e-03
-1.086976624745146849e-02 7.557142262721126304e-03 1.198676396823693431e-02 -2.693000847141859347e-02 4.221940712227371245e-03
-1.091095845787280576e-02 7.590888179910755193e-03 1.200113785793278931e-02 -2.701342716654739351e-02 4.237421885653353502e-03
-1.095246464454212483e-02 7.624917980134461593e-03 1.201542913963251323e-02 -2.709736166086608444e-02 4.253018504655375551e-03
-1.099428850782310264e-02 7.659235194248256717e-03 1.202963496242114537e-02 -2.718181676058782290e-02 4.268731907670675167e-03
-1.103643367371354676e-02 7.693843317188463551e-03 1.204375242030366645e-02 -2.726679706097813807e-02 4.284563406325023020e-03
-1.107890387631837135e-02 7.728745959445962321e-03 1.205777856947407196e-02 -2.735230731728811870e-02 4.300514352754284189e-03
-1.112170295194851374e-02 7.763946826952105619e-03 1.207171040503350092e-02 -2.743835245274779330e-02 4.316586137330432477e-03
-1.116483468117939262e-02 7.799449560682497791e-03 1.208554482942282571e-02 -2.752493722926505765e-02 4.332780127692064005e-03
-1.120830305235524099e-02 7.835257965364283289e-03 1.209927861613951244e-02 -2.761206675664299240e-02 4.349097765099198959e-03
-1.125211199905066899e-02 7.871375802332538849e-03 1.211290844684404476e-02 -2.769974605228893785e-02 4.365540468877032905e-03
-1.129626557036452622e-02 7.907806949589667178e-03 1.212643093510007777e-02 -2.778798022103175919e-02 4.382109700765506738e-03
-1.134076791986749627e-02 7.944555396539251801e-03 1.213984262368396523e-02 -2.787677442555285684e-02 4.398806961781833759e-03
-1.138562313398048566e-02 7.981625108129398669e-03 1.215314001207483570e-02 -2.796613365260934916e-02 4.415633729447836740e-03
-1.143083549562056572e-02 8.019020230981622685e-03 1.216631953419985979e-02 -2.805606323706116845e-02 4.432591553552199352e-03
-1.147640930483520734e-02 8.056744919233390159e-03 1.217937752150023006e-02 -2.814656849829887814e-02 4.449681987614023150e-03
-1.152234895883673393e-02 8.094803394304737540e-03 1.219231017239123110e-02 -2.823765487075805686e-02 4.466906619319662049e-03
-1.156865885969889790e-02 8.133199885551070651e-03 1.220511357640575306e-02 -2.832932777421476311e-02 4.484267036616335078e-03
-1.161534356878468968e-02 8.171938774539732817e-03 1.221778370817831749e-02 -2.842159281918492028e-02 4.501764883518082593e-03
-1.166240766697290362e-02 8.211024476420988524e-03 1.223031645518744652e-02 -2.851445552681841286e-02 4.519401811234334196e-03
-1.170985583664853509e-02 8.250461524642042216e-03 1.224270764998840882e-02 -2.860792152015854614e-02 4.537179511146103433e-03
-1.175769280236705142e-02 8.290254509664128982e-03 1.225495304830862692e-02 -2.870199644793634819e-02 4.555099689999769080e-03
-1.180592339085935298e-02 8.330408105798660715e-03 1.226704828603218840e-02 -2.879668609295526344e-02 4.573164090289475771e-03
-1.185455251136739718e-02 8.370927047961111006e-03 1.227898885149941201e-02 -2.889199629718949835e-02 4.591374483256112707e-03
-1.190358517483916002e-02 8.411816167797528387e-03 1.229077012936658116e-02 -2.898793301643034018e-02 4.609732675623029810e-03
-1.195302642690211810e-02 8.453080337184703738e-03 1.230238734441477765e-02 -2.908450219030584566e-02 4.628240482875910743e-03
-1.200288149407077211e-02 8.494724598986036490e-03 1.231383558346235522e-02 -2.918171001348445273e-02 4.646899786282437071e-03
-1.205315555874053590e-02 8.536753993961657128e-03 1.232510989108639814e-02 -2.927956252938588785e-02 4.665712453493768390e-03
-1.210385399763414839e-02 8.579173736283000548e-03 1.233620518175804204e-02 -2.937806600662287715e-02 4.684680424806953597e-03
-1.215498219769272845e-02 8.621989052259663652e-03 1.234711624897975348e-02 -2.947722660296347302e-02 4.703805643628156986e-03
-1.220654569090006726e-02 8.665205300342539510e-03 1.235783775928532731e-02 -2.957705068043071581e-02 4.723090103532717222e-03
-1.225855007369064907e-02 8.708827902893380435e-03 1.236836423470159645e-02 -2.967754456957449535e-02 4.742535819299118979e-03
-1.231100117411424409e-02 8.752862500097022963e-03 1.237868999267622942e-02 -2.977871497321640804e-02 4.762144886781145316e-03
-1.236390471258129106e-02 8.797314644091367569e-03 1.238880920326468869e-02 -2.988056839948575669e-02 4.781919360318588261e-03
-1.241726664321469477e-02 8.842190118678623992e-03 1.239871590508075452e-02 -2.998311162655000264e-02 4.801861384288699970e-03
-1.247109298408700939e-02 8.887494755798155954e-03 1.240840400069001710e-02 -3.008635139023942834e-02 4.821973127030535627e-03
-1.252538981038679722e-02 8.933234461867214579e-03 1.241786729518569617e-02 -3.019029434575937546e-02 4.842256777397928660e-03
-1.258016346543525989e-02 8.979415402817195538e-03 1.242709940193300298e-02 -3.029494750387765750e-02 4.862714620411281129e-03
-1.263542019698918675e-02 9.026043670838953051e-03 1.243609381670185941e-02 -3.040031765491680443e-02 4.883348900422072869e-03
-1.269116652480818674e-02 9.073125610120233442e-03 1.244484379039243957e-02 -3.050641199877359572e-02 4.904161959051294740e-03
-1.274740904003897855e-02 9.120667615680142989e-03 1.245334229998887841e-02 -3.061323779875435580e-02 4.925156162417662631e-03
-1.280415439361850573e-02 9.168676142223542574e-03 1.246158221974334041e-02 -3.072080227369592548e-02 4.946333902115507102e-03
-1.286140953860331372e-02 9.217157917775872789e-03 1.246955621747592585e-02 -3.082911296504844273e-02 4.967697679068542801e-03
-1.291918128532014431e-02 9.266119591138134715e-03 1.247725691586895266e-02 -3.093817699404423013e-02 4.989249944171723732e-03
-1.297747673058089780e-02 9.315568100949835062e-03 1.248467671497562395e-02 -3.104800186963565731e-02 5.010993249691517507e-03
-1.303630307343038933e-02 9.365510486904798232e-03 1.249180780118387853e-02 -3.115859515795373069e-02 5.032930179571969836e-03
-1.309566771541447253e-02 9.415953965186095453e-03 1.249864203725225067e-02 -3.126996464343872323e-02 5.055063391028828505e-03
-1.315557807267802963e-02 9.466905730171119165e-03 1.250517102194431684e-02 -3.138211808175587342e-02 5.077395542492240538e-03
-1.321604186796647255e-02 9.518373259306739387e-03 1.251138615156508448e-02 -3.149506354228702454e-02 5.099929406651906166e-03
-1.327706676401383193e-02 9.570364009309559675e-03 1.251727872914478769e-02 -3.160880892706428857e-02 5.122667734679110969e-03
-1.333866072490475993e-02 9.622885779478212304e-03 1.252283985938931407e-02 -3.172336239473474290e-02 5.145613389695905156e-03
-1.340083175816758621e-02 9.675946414787717567e-03 1.252806043616933561e-02 -3.183873193960455594e-02 5.168769248346929100e-03
-1.346358808016106384e-02 9.729553966063064774e-03 1.253293101776286993e-02 -3.195492576757352071e-02 5.192138258631723464e-03
-1.352693806689132978e-02 9.783716592024080394e-03 1.253744180571787596e-02 -3.207195217779987284e-02 5.215723421898843352e-03
-1.359089029978703678e-02 9.838442605203457855e-03 1.254158267168040651e-02 -3.218981974436049137e-02 5.239527810474757519e-03
-1.365545343701502282e-02 9.893740427390832620e-03 1.254534334881697577e-02 -3.230853712720173354e-02 5.263554528129575812e-03
-1.372063638676176804e-02 9.949618756979257406e-03 1.254871333922030589e-02 -3.242811322120189854e-02 5.287806770731018000e-03
-1.378644808834541581e-02 1.000608636232750218e-02 1.255168196996813042e-02 -3.254855657972716837e-02 5.312287749089070893e-03
-1.385289786717925666e-02 1.006315238525931632e-02 1.255423816507921647e-02 -3.266987609948855675e-02 5.337000811417563946e-03
-1.391999510224899844e-02 1.012082601127880545e-02 1.255637048640629271e-02 -3.279208057750246375e-02 5.361949314233689819e-03
-1.398774941307166439e-02 1.017911660143601231e-02 1.255806710076442199e-02 -3.291517911886052833e-02 5.387136698890917196e-03
-1.405617045123624433e-02 1.023803354942982510e-02 1.255931591851467376e-02 -3.303918089721871038e-02 5.412566416288254467e-03
-1.412526841872058583e-02 1.029758678174728416e-02 1.256010443207948753e-02 -3.316409572753799273e-02 5.438242124399551673e-03
-1.419505333152477206e-02 1.035778608957510331e-02 1.256042003338279575e-02 -3.328993283087638283e-02 5.464167415365162213e-03
-1.426553553282672998e-02 1.041864162465479769e-02 1.256024976898508644e-02 -3.341670152050048997e-02 5.490346000073333815e-03
-1.433672581091167270e-02 1.048016396626093999e-02 1.255958013410073820e-02 -3.354441155143435965e-02 5.516781741203097278e-03
-1.440863474143727098e-02 1.054236347656672089e-02 1.255839735806086460e-02 -3.367307229549195563e-02 5.543478413619560598e-03
-1.448127366054486991e-02 1.060525118662724621e-02 1.255668699203313018e-02 -3.380269413347567614e-02 5.570440070608705802e-03
-1.455465365257848330e-02 1.066883788793120992e-02 1.255443440283565693e-02 -3.393328684505361736e-02 5.597670678863459273e-03
-1.462878619146628506e-02 1.073313476301912366e-02 1.255162459865578027e-02 -3.406486054346368614e-02 5.625174350648950126e-03
-1.470368323884261447e-02 1.079815351081248216e-02 1.254824209808640990e-02 -3.419742574406556962e-02 5.652955373333614329e-03
-1.477935643140391130e-02 1.086390557998955474e-02 1.254427126929904580e-02 -3.433099214694016604e-02 5.681017908485089252e-03
-1.485581834881475466e-02 1.093040328157135997e-02 1.253969554262238627e-02 -3.446557070175745169e-02 5.709366445589365326e-03
-1.493308138432826102e-02 1.099765873948472042e-02 1.253449805674851196e-02 -3.460117173476763563e-02 5.738005409748219744e-03
-1.501115842315546220e-02 1.106568448399415129e-02 1.252866131347662657e-02 -3.473780604703129160e-02 5.766939409469083212e-03
-1.509006243963841032e-02 1.113449316588814401e-02 1.252216755222321579e-02 -3.487548439105309095e-02 5.796173088505950782e-03
-1.516980670748073814e-02 1.120409775421121745e-02 1.251499852983885275e-02 -3.501421767481045777e-02 5.825711197551057020e-03
-1.525040486044576017e-02 1.127451159675993062e-02 1.250713550145938872e-02 -3.515401697835605216e-02 5.855558611809877356e-03
-1.533187093947723303e-02 1.134574841730837981e-02 1.249855892691487981e-02 -3.529489354456788464e-02 5.885720340958049655e-03
-1.541421917577854780e-02 1.141782214138755205e-02 1.248924868273959196e-02 -3.543685846208748796e-02 5.916201462807866088e-03
-1.549746397684749824e-02 1.149074682922752305e-02 1.247918419624180833e-02 -3.557992287758979938e-02 5.947007122692343946e-03
-1.558162056842008272e-02 1.156453732194796108e-02 1.246834404463549421e-02 -3.572409889767564489e-02 5.978142766124852452e-03
-1.566670387418299740e-02 1.163920821982429230e-02 1.245670663601348115e-02 -3.586939792774107572e-02 6.009613724403114338e-03
-1.575272945356284357e-02 1.171477468721970547e-02 1.244424960747246914e-02 -3.601583177564687127e-02 6.041425557235537667e-03
-1.583971322485061214e-02 1.179125220649880797e-02 1.243094968864840756e-02 -3.616341214739987597e-02 6.073583947836572704e-03
-1.592767174174203673e-02 1.186865695913203594e-02 1.241678274887214953e-02 -3.631215125573148544e-02 6.106094801020286837e-03
-1.601662136483131271e-02 1.194700496000435097e-02 1.240172438461458089e-02 -3.646206075135431657e-02 6.138963952240595288e-03
-1.610657925189363723e-02 1.202631297028840772e-02 1.238574916799803360e-02 -3.661315319554191844e-02 6.172197527308537907e-03
-1.619756288468579553e-02 1.210659802561330108e-02 1.236883099842423991e-02 -3.676544113679153236e-02 6.205801767203434835e-03
-1.628958995731503642e-02 1.218787726572894900e-02 1.235094307117327178e-02 -3.691893679130614503e-02 6.239782990762163424e-03
-1.638267889772189109e-02 1.227016851813459743e-02 1.233205733678389461e-02 -3.707365307369329954e-02 6.274147772772447479e-03
-1.647684824425795641e-02 1.235348988578779256e-02 1.231214520781190661e-02 -3.722960242654010238e-02 6.308902715411995182e-03
-1.657211738445946506e-02 1.243786031973341186e-02 1.229117711503570354e-02 -3.738679792246637351e-02 6.344054732543636874e-03
-1.666850595335203286e-02 1.252329901255066005e-02 1.226912266984633328e-02 -3.754525241773084415e-02 6.379610832184442852e-03
-1.676603382996408320e-02 1.260982531524169024e-02 1.224595081429621576e-02 -3.770497838164400123e-02 6.415578113322118955e-03
-1.686472151131428870e-02 1.269745910621571973e-02 1.222162929573814526e-02 -3.786598889218194958e-02 6.451963895550597017e-03
-1.696459010163509085e-02 1.278622078262568740e-02 1.219612454958317500e-02 -3.802829749521764030e-02 6.488775700209549642e-03
-1.706566147016455245e-02 1.287613156883491219e-02 1.216940178642202629e-02 -3.819191799226004380e-02 6.526021313619682213e-03
-1.716795779174879605e-02 1.296721304891179129e-02 1.214142544505007228e-02 -3.835686370798833261e-02 6.563708635747212382e-03
-1.727150149205616825e-02 1.305948705115726749e-02 1.211215906869539047e-02 -3.852314741086003413e-02 6.601845668432829335e-03
-1.737631582621430512e-02 1.315297617624729999e-02 1.208156501906409996e-02 -3.869078258922236530e-02 6.640440715731579964e-03
-1.748242459846155103e-02 1.324770351742964904e-02 1.204960432160447764e-02 -3.885978299328125829e-02 6.679502269457565124e-03
-1.758985251969399921e-02 1.334369285028538278e-02 1.201623617081773107e-02 -3.903016309072621787e-02 6.719039127634255162e-03
-1.769862467025310956e-02 1.344096836934036664e-02 1.198141866484286888e-02 -3.920193654281842188e-02 6.759060220989973611e-03
-1.780876643298055437e-02 1.353955461310940578e-02 1.194510899551726353e-02 -3.937511647077271415e-02 6.799574600772133499e-03
-1.792030469052634245e-02 1.363947762262003593e-02 1.190726243803818564e-02 -3.954971728931006708e-02 6.840591869681793627e-03
-1.803326606579352259e-02 1.374076324244747141e-02 1.186783372224676711e-02 -3.972575255348922280e-02 6.882121521723722976e-03
-1.814767858084769328e-02 1.384343848586849085e-02 1.182677513773045495e-02 -3.990323682758467605e-02 6.924173539235366041e-03
-1.826357073502156078e-02 1.394753066197726606e-02 1.178403737862969598e-02 -4.008218397740787725e-02 6.966758061793893765e-03
-1.838097198646808025e-02 1.405306806377252041e-02 1.173956939079656703e-02 -4.026260798642531530e-02 7.009885586320926260e-03
-1.849991225675737608e-02 1.416007949309588260e-02 1.169331889764623628e-02 -4.044452284881216303e-02 7.053566792850769242e-03
-1.862042275499839472e-02 1.426859504522010567e-02 1.164523158918100675e-02 -4.062794321987964891e-02 7.097812817517598974e-03
-1.874253477960914280e-02 1.437864483625078682e-02 1.159525193954557588e-02 -4.081288277753533644e-02 7.142634816905946669e-03
-1.886628153938475078e-02 1.449026062264196363e-02 1.154332126196147383e-02 -4.099935592147515434e-02 7.188044613829772805e-03
-1.899169621288869514e-02 1.460347414335075138e-02 1.148937964690352996e-02 -4.118737602121335523e-02 7.234054022753749584e-03
-1.911881348878748457e-02 1.471831861143785801e-02 1.143336474666025587e-02 -4.137695733546226107e-02 7.280675423609722294e-03
-1.924766855815537511e-02 1.483482767228633606e-02 1.137521260935111904e-02 -4.156811394123025721e-02 7.327921371714227368e-03
-1.937829799538266090e-02 1.495303625411164260e-02 1.131485667640423111e-02 -4.176085978792397346e-02 7.375804913896285599e-03
-1.951073901631501101e-02 1.507297982977253391e-02 1.125222826897932273e-02 -4.195520814425780093e-02 7.424339311162644547e-03
-1.964503115745772424e-02 1.519469602082181708e-02 1.118725491991342039e-02 -4.215117328358664733e-02 7.473538656808045508e-03
-1.978121307752300773e-02 1.531822163363858076e-02 1.111986371825592936e-02 -4.234876753208638434e-02 7.523416732313742417e-03
-1.991932616626427080e-02 1.544359590273308193e-02 1.104997755043629973e-02 -4.254800491607247520e-02 7.573988312383908052e-03
-2.005941256184218952e-02 1.557085879577428666e-02 1.097751709215322863e-02 -4.274889888675650201e-02 7.625268438763868270e-03
-2.020151512863250717e-02 1.570005086234590314e-02 1.090240052269492860e-02 -4.295146179904788669e-02 7.677272401956734132e-03
-2.034567891819535207e-02 1.583121472003198513e-02 1.082454205708902918e-02 -4.315570645409521483e-02 7.730016268812789880e-03
-2.049194945049458497e-02 1.596439332997103000e-02 1.074385370918826826e-02 -4.336164438837846608e-02 7.783516276498997181e-03
-2.064037466891460379e-02 1.609963183108685178e-02 1.066024319943922188e-02 -4.356928829452092616e-02 7.837789550348871898e-03
-2.079100337114586985e-02 1.623697606651460304e-02 1.057361548749840771e-02 -4.377865028677492554e-02 7.892853522226761856e-03
-2.094388522898358446e-02 1.637647269496476932e-02 1.048387267520366727e-02 -4.398974112828819838e-02 7.948725927761537968e-03
-2.109907271240438545e-02 1.651817092608881543e-02 1.039091169228200350e-02 -4.420257172724732786e-02 8.005425499982777443e-03
-2.125661887315783219e-02 1.666212033380263732e-02 1.029462677759961954e-02 -4.441715134813486315e-02 8.062971187863974751e-03
-2.141657952230859377e-02 1.680837299866770260e-02 1.019490689851696753e-02 -4.463349072001662754e-02 8.121382946783209031e-03
-2.157901152028060890e-02 1.695698185180795695e-02 1.009163767056547520e-02 -4.485159946721579277e-02 8.180681111180995377e-03
-2.174397273228399416e-02 1.710800069551219466e-02 9.984701188969767258e-03 -4.507148537506908831e-02 8.240886365563216201e-03
-2.191152583726879016e-02 1.726148760683659730e-02 9.873971484374419530e-03 -4.529315705881178239e-02 8.302021122973825273e-03
-2.208173191259522536e-02 1.741749910777602023e-02 9.759322055410307381e-03 -4.551662005632031716e-02 8.364107240581635308e-03
-2.225465633380598052e-02 1.757609554028677010e-02 9.640618786239934374e-03 -4.574188168583291636e-02 8.427168124963576451e-03
-2.243036573209593668e-02 1.773733826387127038e-02 9.517723183814733035e-03 -4.596894752845834958e-02 8.491227640991536388e-03
-2.260892998125227024e-02 1.790129143270131895e-02 9.390490003579200773e-03 -4.619782142952827408e-02 8.556310807026028600e-03
-2.279041985934208633e-02 1.806801983977074366e-02 9.258770069611009165e-03 -4.642850529867141585e-02 8.622442985173218305e-03
-2.297491080605540414e-02 1.823759247816392898e-02 9.122405408547648933e-03 -4.666100279031763082e-02 8.689651233967836050e-03
-2.316247784012308991e-02 1.841007767158720290e-02 8.981235444695957748e-03 -4.689531414867656456e-02 8.757962467195760589e-03
-2.335320189587060044e-02 1.858554893567150937e-02 8.835088611140216180e-03 -4.713143927457662252e-02 8.827405726341280498e-03
-2.354716370399420611e-02 1.876407926022207601e-02 8.683790249012326642e-03 -4.736937386778523884e-02 8.898009987758274605e-03
-2.374444905877753573e-02 1.894574621768388076e-02 8.527155712547685590e-03 -4.760911487367153194e-02 8.969806091564494141e-03
-2.394514534322804075e-02 1.913062847248203982e-02 8.364994714545867516e-03 -4.785065686730321372e-02 9.042825455838657614e-03
-2.414934432195818201e-02 1.931880839778534267e-02 8.197107020725537957e-03 -4.809399211142733471e-02 9.117101089064244546e-03
-2.435713967457312640e-02 1.951036953329071677e-02 8.023286020224961596e-03 -4.833910912127774989e-02 9.192666689593075730e-03
-2.456863210653451035e-02 1.970540178421358382e-02 7.843311203249891256e-03 -4.858599732043036162e-02 9.269558549668460712e-03
-2.478392022058129376e-02 1.990399257096799740e-02 7.656960986592709420e-03 -4.883464061375115961e-02 9.347812214846446671e-03
-2.500311158754136426e-02 2.010623715861018651e-02 7.463996614497096956e-03 -4.908502297185518559e-02 9.427466496832934834e-03
-2.522631636221907628e-02 2.031223255827274005e-02 7.264170970809978763e-03 -4.933712329308145156e-02 9.508561147718528825e-03
-2.545364697831889109e-02 2.052207727136201240e-02 7.057229103980547195e-03 -4.959091647185409624e-02 9.591136796688231117e-03
-2.568522219547042865e-02 2.073587523442014038e-02 6.842901636198720633e-03 -4.984637656428382579e-02 9.675236399068105203e-03
-2.592116415269983196e-02 2.095373270225564175e-02 6.620909357293320273e-03 -5.010347188860355544e-02 9.760904183878028190e-03
-2.616160298106552304e-02 2.117576255994669740e-02 6.390955413624234069e-03 -5.036216806799840434e-02 9.848187289092076233e-03
-2.640667202954614587e-02 2.140207971540196777e-02 6.152732949675225778e-03 -5.062242561040308092e-02 9.937134067635109563e-03
-2.665650741807135127e-02 2.163280092414138558e-02 5.905924631720433672e-03 -5.088419940439517508e-02 1.002779397012976484e-02
-2.691125362715129227e-02 2.186804973922113968e-02 5.650194550409859927e-03 -5.114743978723278878e-02 1.012021952001896513e-02
-2.717106044860222863e-02 2.210795334139995655e-02 5.385192036887169117e-03 -5.141209064539052631e-02 1.021446522615705732e-02
-2.743608680307958736e-02 2.235264639665549696e-02 5.110546000549614706e-03 -5.167809192493918319e-02 1.031058898220408616e-02
-2.770649554789552521e-02 2.260226581343390689e-02 4.825871760755089807e-03 -5.194537602427978795e-02 1.040865022414882990e-02
-2.798245323915903027e-02 2.285695089594581841e-02 4.530771593556769984e-03 -5.221386600692296681e-02 1.050870983282300303e-02
-2.826414187634586003e-02 2.311685312902820102e-02 4.224816036186304115e-03 -5.248347995449282460e-02 1.061083435369635647e-02
-2.855174302465071992e-02 2.338212264044785271e-02 3.907567868634981463e-03 -5.275412425567385655e-02 1.071509035154064558e-02
-2.884545270401837891e-02 2.365292063758865984e-02 3.578558690474219380e-03 -5.302569952934467479e-02 1.082154975855756894e-02
-2.914547208414260474e-02 2.392941148949639246e-02 3.237302590094341941e-03 -5.329809337036491013e-02 1.093028655135283057e-02
-2.945201084415431311e-02 2.421176511453644251e-02 2.883291362151529317e-03 -5.357118280399619792e-02 1.104137792000354189e-02
-2.976529569437835060e-02 2.450016497380277936e-02 2.515978584692599336e-03 -5.384483555745358391e-02 1.115490749700865508e-02
-3.008555495424135307e-02 2.479479358274699202e-02 2.134805334014915155e-03 -5.411890323241337619e-02 1.127095969071428665e-02
-3.041302936466528870e-02 2.509584210600519089e-02 1.739182146872710966e-03 -5.439322284473196295e-02 1.138962367557946366e-02
-3.074797376487861666e-02 2.540351188291221571e-02 1.328484745263976835e-03 -5.466761787101693387e-02 1.151099401605864062e-02
-3.109066162354115481e-02 2.571801790299363399e-02 9.020451545222158514e-04 -5.494189602285068363e-02 1.163517239007472691e-02
-3.144136248966649533e-02 2.603956836903926694e-02 4.591918858361147089e-04 -5.521584155933264432e-02 1.176225936416806263e-02
-3.180037387929967457e-02 2.636839354724637707e-02 -8.080112042611389015e-07 -5.548922298613596926e-02 1.189236606586046435e-02
-3.216800666985009105e-02 2.670473099446972129e-02 -4.787227459364303559e-04 -5.576178508378656917e-02 1.202560897284036569e-02
-3.254458063244777821e-02 2.704882280010562426e-02 -9.753498093132780987e-04 -5.603324843079385970e-02 1.216210823179307392e-02
-3.293043797340495377e-02 2.740092626446488308e-02 -1.491539042246617505e-03 -5.630330687887448449e-02 1.230199272835782315e-02
-3.332593306898749830e-02 2.776130461442861269e-02 -2.028176639364660631e-03 -5.657162574673579858e-02 1.244539640379160698e-02
-3.373145502540706581e-02 2.813024645972288240e-02 -2.586226609719227427e-03 -5.683783957343641752e-02 1.259246657034204971e-02
-3.414739543460046378e-02 2.850803587033869102e-02 -3.166669500988519761e-03 -5.710154509977511533e-02 1.274335216012919408e-02
-3.457417878398005850e-02 2.889498072057777520e-02 -3.770563980807160095e-03 -5.736230225287396178e-02 1.289821508229599054e-02
-3.501222817924500019e-02 2.929138032488192225e-02 -4.398980023279438524e-03 -5.761963017834881295e-02 1.305721767738304839e-02
-3.546203872237988636e-02 2.969759079297231222e-02 -5.053143193501563254e-03 -5.787300243436993563e-02 1.322054975537608444e-02
-3.592408870602770837e-02 3.011394488363121694e-02 -5.734259400998502863e-03 -5.812183768216518109e-02 1.338839608342019989e-02
-3.639889859889348933e-02 3.054079777246002797e-02 -6.443618227343008917e-03 -5.836548949517083446e-02 1.356095805535245669e-02
-3.688705016439682710e-02 3.097854539098003970e-02 -7.182641923380169227e-03 -5.860325041612853697e-02 1.373846119299564766e-02
-3.738908356850488557e-02 3.142754710554309522e-02 -7.952705103115435478e-03 -5.883438018572736267e-02 1.392111820717291913e-02
-3.790566089303040037e-02 3.188827694618045355e-02 -8.755487870596772790e-03 -5.905806427032840589e-02 1.410918945681900911e-02
-3.843741523135599941e-02 3.236117019484156809e-02 -9.592618075054671484e-03 -5.927334966249227233e-02 1.430292432029462747e-02
-3.898506813696952372e-02 3.284665112632929179e-02 -1.046576499204832957e-02 -5.947907767555010022e-02 1.450260284026966967e-02
-3.954939596997444906e-02 3.334508809234815185e-02 -1.137654374670317090e-02 -5.967408042522493600e-02 1.470853250660441279e-02
-4.013113102123502807e-02 3.385692154219654276e-02 -1.232669308390739633e-02 -5.985745057236691730e-02 1.492102773655537562e-02
-4.073108539915908100e-02 3.438302024445706595e-02 -1.331885632199021965e-02 -6.002806684069866144e-02 1.514043503429330154e-02
-4.135018277112521845e-02 3.492445021326951587e-02 -1.435663464311393543e-02 -6.018392828528165012e-02 1.536707904466891837e-02
-4.198943186796154359e-02 3.548170053819661718e-02 -1.544341065210588261e-02 -6.032270634163756917e-02 1.560126411904886636e-02
-4.264980901520001172e-02 3.605462201475122946e-02 -1.658084012550271880e-02 -6.044283301683898990e-02 1.584337382204493300e-02
-4.333244003802341759e-02 3.664341078670407120e-02 -1.776930129922947577e-02 -6.054272456547000331e-02 1.609398856146382339e-02
-4.403850381762896421e-02 3.724879864177989969e-02 -1.900929693375125878e-02 -6.062020119318611150e-02 1.635373530663780314e-02
-4.476934288015430724e-02 3.787172658334704567e-02 -2.030271702577843632e-02 -6.067263847751732525e-02 1.662324620460690558e-02
-4.552630696815162387e-02 3.851305648825557870e-02 -2.165262794582041919e-02 -6.069724247060833550e-02 1.690309981492803953e-02
-4.631083013760168426e-02 3.917364323486252631e-02 -2.306338056244431473e-02 -6.069108547405154680e-02 1.719386469806477233e-02
-4.712432109443091821e-02 3.985430644005531070e-02 -2.454046640687261235e-02 -6.065085051480071515e-02 1.749606283102766655e-02
-4.796848396803775338e-02 4.055621544419978769e-02 -2.609100029174776444e-02 -6.057253291837198100e-02 1.781028127770433248e-02
-4.884506313055676091e-02 4.128072851838279073e-02 -2.771802266780915361e-02 -6.045060959701856890e-02 1.813729470705924274e-02
-4.975610507887325007e-02 4.202822880713780185e-02 -2.942298377000130902e-02 -6.028017441858939812e-02 1.847814929528302993e-02
-5.070356300471810101e-02 4.279965155144853373e-02 -3.120952489590236509e-02 -6.005654355467933414e-02 1.883376159791574217e-02
-5.168987373798474699e-02 4.359619049943703334e-02 -3.308220523764134058e-02 -5.977356007419782485e-02 1.920524929154738061e-02
-5.271731074454658050e-02 4.441884957011773410e-02 -3.504508018713832496e-02 -5.942430075958539393e-02 1.959369258102616057e-02
-5.378850756358863339e-02 4.526883349100903342e-02 -3.710272304819538930e-02 -5.900088078943904746e-02 2.000034896705799037e-02
-5.490629303995139127e-02 4.614739628550228873e-02 -3.925969340990101419e-02 -5.849458725621901195e-02 2.042659803746274538e-02
-5.607386719541842396e-02 4.705593666305820516e-02 -4.152084715960851352e-02 -5.789539983282053492e-02 2.087402031547158990e-02
-5.729437163801810035e-02 4.799570695899357808e-02 -4.389040430563677375e-02 -5.719242564353772817e-02 2.134422652910810195e-02
-5.857140505782613971e-02 4.896814783256474291e-02 -4.637284045756478318e-02 -5.637308266993086570e-02 2.183908343115825365e-02
-5.990883924112571507e-02 4.997473224868378971e-02 -4.897232284038258859e-02 -5.542321007216097217e-02 2.236065154867923621e-02
-6.131067189668048395e-02 5.101685852514074165e-02 -5.169225393805106789e-02 -5.432715810625707298e-02 2.291113631729584793e-02
-6.278199730791413080e-02 5.209643188081508614e-02 -5.453683423057402446e-02 -5.306579223945876583e-02 2.349333215296576030e-02
-6.432710113900892701e-02 5.321464472495165965e-02 -5.750723128081398211e-02 -5.161977023350846489e-02 2.410981692216067687e-02
-6.595139129213049844e-02 5.437312042154660019e-02 -6.060474804546887861e-02 -4.996579575202175078e-02 2.476382206440214812e-02
-6.766046379616558193e-02 5.557327861420094384e-02 -6.382861448452639697e-02 -4.807808443463250370e-02 2.545885676950404575e-02
-6.946024180440575624e-02 5.681638068304086658e-02 -6.717574347839640192e-02 -4.592776637071339235e-02 2.619881625847423137e-02
-7.135769999238415762e-02 5.810379619626349773e-02 -7.064102885091708139e-02 -4.348090907748385775e-02 2.698837455150064624e-02
-7.335930405232102269e-02 5.943605722027495153e-02 -7.421413737461479698e-02 -4.070192961108434065e-02 2.783231796411377718e-02
-7.547216161554204383e-02 6.081328284966930342e-02 -7.788018935108771690e-02 -3.755062742319664054e-02 2.873615086724794210e-02
-7.770354723777538053e-02 6.223479842045879368e-02 -8.161787309795821843e-02 -3.398312694857334032e-02 2.970596498106542124e-02
-8.006271398758010860e-02 6.369958691196525580e-02 -8.539914346749598317e-02 -2.994643509432501696e-02 3.074951207575303894e-02
-8.255532807330991096e-02 6.520339768969554695e-02 -8.918284596285418198e-02 -2.539457795711925342e-02 3.187340607057779357e-02
-8.519159680648999422e-02 6.674177193613908821e-02 -9.291785041955276381e-02 -2.026457582170569996e-02 3.308762978728863741e-02
-8.797780616511970131e-02 6.830579749146224733e-02 -9.653521354755524586e-02 -1.450265142379026165e-02 3.440114494462173655e-02
-9.092338969493989065e-02 6.988365790995089422e-02 -9.994595096822109226e-02 -8.042771554630694444e-03 3.582616356924261947e-02
-9.403114415250948821e-02 7.145648695217135526e-02 -1.030387793023968962e-01 -8.406615283085111219e-04 3.737251681197193559e-02
-9.730833001548887251e-02 7.299951575671789761e-02 -1.056707238303541130e-01 7.162439635404738852e-03 3.905481952063128565e-02
-1.007551839563173429e-01 7.447738234181568162e-02 -1.076691251411709543e-01 1.599525179562166777e-02 4.088548909947381516e-02
-1.043715435754261761e-01 7.584232240441356188e-02 -1.088194659739512432e-01 2.567643995119158612e-02 4.287942133079854917e-02
-1.081497009525455300e-01 7.703129231820743383e-02 -1.088744464766027292e-01 3.618181836741284074e-02 4.504901628937786617e-02
-1.120835300332774509e-01 7.795741952218929183e-02 -1.075167232501186981e-01 4.747033439696131396e-02 4.741202455217582989e-02
-1.161464290034917718e-01 7.851782902712990675e-02 -1.044441031331817260e-01 5.939438292294393906e-02 4.997243660724700470e-02
-1.203153978983402261e-01 7.857309484712755865e-02 -9.927041088058607965e-02 7.177848798083348580e-02 5.274135665392827577e-02
-1.245532757596489876e-01 7.795122209381098732e-02 -9.160463632520882138e-02 8.433953270262879720e-02 5.572082372133042860e-02
-1.288048383322844548e-01 7.646462867534387087e-02 -8.114004617643780226e-02 9.667712545256368362e-02 5.889547422058705184e-02
-1.330024118682793799e-01 7.393068860052998126e-02 -6.771493678886426892e-02 1.083137426144521326e-01 6.223214104166569643e-02
-1.370762428543818578e-01 7.012359301285382707e-02 -5.118964499445145117e-02 1.187004068625420461e-01 6.569415801719173664e-02
-1.409421451922500679e-01 6.487403176194518617e-02 -3.174705938229024221e-02 1.272511090359849106e-01 6.921512745676444700e-02
-1.445117548916113603e-01 5.813420760880748384e-02 -9.969503878506718111e-03 1.334657604025288602e-01 7.270157958731759962e-02
-1.477028313537716298e-01 4.986914686548860054e-02 1.342316799907552344e-02 1.368915329195964092e-01 7.605654856048224555e-02
-1.504549072932873932e-01 4.064396438710434628e-02 3.681001715487215720e-02 1.377893270088505484e-01 7.914413382732664315e-02
-1.527211492266387360e-01 3.063774233672884525e-02 5.927504723586397156e-02 1.361640902506076611e-01 8.188238433585495746e-02
-1.544996616880944529e-01 2.071360772171855491e-02 7.932181562430884458e-02 1.329243390107532063e-01 8.418330466994924932e-02
-1.558124337901104772e-01 1.163368501185241960e-02 9.596593180449981830e-02 1.289713740696547817e-01 8.600330681935973443e-02
-1.566926620040240969e-01 4.061998385533327309e-03 1.085521404586505811e-01 1.249932850534879319e-01 8.732075959979559987e-02
-1.572430526098881065e-01 -9.218274419282760463e-04 1.166618136250142934e-01 1.222826808565923296e-01 8.816086563347312610e-02
-1.574959975623056452e-01 -3.212261859510448167e-03 1.203888047315720550e-01 1.210369589232937054e-01 8.854695612711571684e-02
-1.575727187624249570e-01 -4.012276933688189648e-03 1.216397134185165096e-01 1.203292431214932068e-01 8.866474685727165905e-02
-1.579328320167218969e-01 -7.767380235010153643e-03 1.275112169584024235e-01 1.170073732848955633e-01 8.921763188900466712e-02
-1.585877783423009224e-01 -1.459687367915228282e-02 1.381898565896451103e-01 1.109658115884837454e-01 9.022317671602866906e-02
-1.594972725257693125e-01 -2.511148613668869045e-02 1.537981936261236249e-01 9.977004358375184123e-02 9.161282152151446756e-02
-1.605652910413497003e-01 -4.002843665534983053e-02 1.735735969193840100e-01 8.278327031917459555e-02 9.331045784603590743e-02
-1.614580215241959160e-01 -6.120098304688746660e-02 1.942472847324193952e-01 6.052005338843766125e-02 9.510158925491730975e-02
-1.615629157510375391e-01 -9.083436268620889709e-02 2.094752246651898908e-01 3.464760534264829661e-02 9.661743436645661709e-02
-1.598732966789361276e-01 -1.313221042089318114e-01 2.094254376925868966e-01 5.435585103990824354e-03 9.720355187991459867e-02
-1.550737215106361699e-01 -1.847644278173207200e-01 1.818041838765383500e-01 -2.768870761141363837e-02 9.586901278642299962e-02
-1.461018039984720573e-01 -2.508437750656685727e-01 1.184506079600232964e-01 -6.251058707674024550e-02 9.160775466728135474e-02
-1.331800759318010896e-01 -3.247009298866272431e-01 2.350640554560195702e-02 -9.259788257880542661e-02 8.399419360750759456e-02
-1.185365231572939326e-01 -3.925324352086472790e-01 -8.367760835530591024e-02 -1.132082542528987656e-01 7.358189540137868856e-02
-1.063103402851307971e-01 -4.220645612447946893e-01 -1.732103047418204200e-01 -1.260758585346354876e-01 6.266046572677563820e-02
-1.018568802333894435e-01 -3.596024017560740527e-01 -2.189722788702326839e-01 -1.078730180221081636e-01 5.450122034892820877e-02
-1.106166257477268350e-01 -2.291816516125793901e-01 -2.267457171561078622e-01 -4.921044897454184691e-02 4.853624924748588948e-02
-1.195665249136195069e-01 -1.042022054318374885e-01 -2.221806724819007095e-01 1.370428182256938285e-02 4.221310939331758549e-02
-1.169353890493471659e-01 -2.394497360392775984e-02 -2.170691814789138252e-01 5.925300220960250108e-02 3.477140600283014360e-02
-9.741772380630257799e-02 2.822477629806417298e-04 -2.100237782975761247e-01 7.221131437975890355e-02 2.703116897871316732e-02
-7.008164876628085460e-02 -7.572992218630089471e-03 -1.882063759741268716e-01 8.135664707958216446e-02 1.942234067702515096e-02
-4.374251456521245640e-02 -2.442165735187576056e-02 -1.467548767039783819e-01 8.876615133635294697e-02 1.267200601719216564e-02
-2.480595961010785555e-02 -3.486976830869924909e-02 -9.981391788502726181e-02 7.226562167078888488e-02 7.790892387337136106e-03
-1.665311089107559053e-02 -2.626015053411827338e-02 -6.869205481779813716e-02 3.369080735678219723e-02 5.340116562022106592e-03
-1.551555075956729569e-02 -1.195182111957272635e-02 -5.768078589896796088e-02 6.988606423084100377e-03 4.077538338430623278e-03
-1.395397770778646247e-02 -5.675133679651125050e-03 -5.458888803035256976e-02 -3.246688200017559551e-03 3.082709199747106759e-03
-1.013580707708921017e-02 -5.453704210517574917e-03 -4.687528087470984456e-02 -2.027643260019009288e-04 2.097860727125261913e-03
-5.868313644932949061e-03 -5.840217596812642686e-03 -3.248224246513287117e-02 7.351975132075889464e-03 1.223662435557970911e-03
-2.952920647266300391e-03 -4.338459227629961994e-03 -1.792807988065249838e-02 8.615493026747810673e-03 6.861237596995967050e-04
-2.092165906548703290e-03 -2.046148982863864318e-03 -1.098662989405308626e-02 3.449515788559987060e-03 4.603349080877709005e-04
-1.845558191715259300e-03 -1.304561556952688701e-03 -9.600536575152007410e-03 -7.354322939289044923e-04 3.341781806600725930e-04
-1.346922364165451663e-03 -1.255592027779794994e-03 -8.055386149138100624e-03 -9.575909865666907802e-04 2.168898626736240267e-04
-7.362394474863411366e-04 -1.005496757349925649e-03 -5.110952003056539600e-03 4.329864469521714585e-04 1.164080884506919891e-04
-3.624982626721886853e-04 -4.813997792515382185e-04 -2.493019848488094419e-03 8.010047695170970875e-04 6.391364705811040329e-05
4.952364827694198390e-01 1.445256396767574947e-01 2.249355376123614858e-01 8.772740496587277947e-02 nan
2.616259443020152800e-02 3.642256456546577852e-03 1.177127963667084099e-03 3.495753303504478700e-04 nan
