0.000000000000000000e+00 0.000000000000000000e+00 0.000000000000000000e+00 0.000000000000000000e+00 0.000000000000000000e+00 0.000000000000000000e+00 0.000000000000000000e+00
-2.276557668996172102e-05 4.432146696333790902e-05 -4.365254265223182634e-05 2.691592692202599726e-05 -1.190541888581192023e-05 5.811462139195838923e-05 -3.120563734679925538e+00
-4.552800628568306937e-05 8.860953932793642809e-05 -8.725166052001358480e-05 5.379439186953274767e-05 -2.379032646788134823e-05 1.161234442716617491e-04 -6.240718113661400501e+00
-6.828728749087890025e-05 1.328641967057558849e-04 -1.307973165811702565e-04 8.063537701461744500e-05 -3.565329886914274420e-05 1.740263012500442011e-04 -9.360462975323834200e+00
-9.104341899349590683e-05 1.770854186273167067e-04 -1.742894809291698854e-04 1.074388156131600826e-04 -4.749581146222688587e-05 2.318230224100934812e-04 -1.247979815612999310e+01
-1.137963994791246856e-04 2.212731845690005933e-04 -2.177281199750339628e-04 1.342046616482554897e-04 -5.931855507234937521e-05 2.895133507164610043e-04 -1.559872349272584202e+01
-1.365462276157776292e-04 2.654274740597198021e-04 -2.611132012376777721e-04 1.609328736000596662e-04 -7.112213401496560270e-05 3.470970291584247937e-04 -1.871723881988493332e+01
-1.592929020877179795e-04 3.095482665385101604e-04 -3.044446938063220874e-04 1.876234142565947011e-04 -8.290703263137921787e-05 4.045738132665025128e-04 -2.183534397516080006e+01
-1.820364215595939039e-04 3.536355413509556381e-04 -3.477225681526008283e-04 2.142762521631059677e-04 -9.467356695662255245e-05 4.619434734823724825e-04 -2.495303879366209898e+01
-2.047767847044557846e-04 3.976892776194485956e-04 -3.909467945809295703e-04 2.408913659753586284e-04 -1.064218865718198539e-04 5.192058647802309454e-04 -2.807032311164302740e+01
-2.275139901881905174e-04 4.417094543593372996e-04 -4.341173430949002866e-04 2.674687439071430067e-04 -1.181519407723689705e-04 5.763609212438784279e-04 -3.118719676421569176e+01
-2.502480366890794615e-04 4.856960504758033666e-04 -4.772341856396841719e-04 2.940083809810704841e-04 -1.298634459919122109e-04 6.334086431237623792e-04 -3.430365958781179359e+01
-2.729789228714784568e-04 5.296490448608863651e-04 -5.202972984333717335e-04 3.205102772664040968e-04 -1.415558855892422069e-04 6.903491105675706565e-04 -3.741971141641742804e+01
-2.957066474266686093e-04 5.735684162918178522e-04 -5.633066631355061055e-04 3.469744419166909057e-04 -1.532285316724945137e-04 7.471824881351759326e-04 -4.053535208672357015e+01
-3.184312090409334764e-04 6.174541434882623156e-04 -6.062622646191543783e-04 3.734008872530976755e-04 -1.648805354370738089e-04 8.039090242076596437e-04 -4.365058143373788369e+01
-3.411526064031152787e-04 6.613062051481330330e-04 -6.491640856652567152e-04 3.997896272022667436e-04 -1.765110549293888822e-04 8.605290118101882038e-04 -4.676539929246432337e+01
-3.638708381910112522e-04 7.051245799189247371e-04 -6.920121016825907202e-04 4.261406683177975697e-04 -1.881192893839527197e-04 9.170427153219858551e-04 -4.987980549618639259e+01
-3.865859031130973260e-04 7.489092463218151264e-04 -7.348062815008088401e-04 4.524540064895687312e-04 -1.997045559827624443e-04 9.734503314663831485e-04 -5.299379988252977824e+01
-4.092977998382414640e-04 7.926601830301900067e-04 -7.775465952042312241e-04 4.787296280802636373e-04 -2.112663761467386137e-04 1.029752035107125855e-03 -5.610738228396357385e+01
-4.320065270465829957e-04 8.363773687460384970e-04 -8.202330133725387181e-04 5.049675090994359397e-04 -2.228045384181480957e-04 1.085947874640545837e-03 -5.922055253491183180e+01
-4.547120834223222926e-04 8.800607822055303824e-04 -8.628655061595151120e-04 5.311676260562723942e-04 -2.343191381250158778e-04 1.142037842274909801e-03 -6.233331047074315023e+01
-4.774144676271063151e-04 9.237104021308875125e-04 -9.054440424413456173e-04 5.573299566006366650e-04 -2.458105664182492242e-04 1.198021882609315563e-03 -6.544565592383791852e+01
-5.001136783420935972e-04 9.673262072162758371e-04 -9.479685923456602483e-04 5.834544758924917153e-04 -2.572794620945452601e-04 1.253899842714366764e-03 -6.855758872936861792e+01
-5.228097142230416590e-04 1.010908176371613960e-03 -9.904391233974644149e-04 6.095411569274852316e-04 -2.687266229542014089e-04 1.309671458597201979e-03 -7.166910871992793375e+01
-5.455025739277636135e-04 1.054456288622671826e-03 -1.032855598750274679e-03 6.355899706533954313e-04 -2.801528700654391129e-04 1.365336411062889653e-03 -7.478021572912082604e+01
-5.681922561173207353e-04 1.097970522901957173e-03 -1.075217979726038201e-03 6.616008866784054299e-04 -2.915589997442548050e-04 1.420894439261818779e-03 -7.789090959138192716e+01
-5.908787594320840351e-04 1.141450858141166433e-03 -1.117526225572356997e-03 6.875738755537636306e-04 -3.029456961493906227e-04 1.476345172226886833e-03 -8.100119013866935802e+01
-6.135620825297249210e-04 1.184897273289067885e-03 -1.159780295467177647e-03 7.135089046458193687e-04 -3.143135527947174285e-04 1.531688306251225351e-03 -8.411105720541773678e+01
-6.362422240483769356e-04 1.228309747398473100e-03 -1.201980150262950582e-03 7.394059444670073684e-04 -3.256629695472610525e-04 1.586923607326232340e-03 -8.722051062337979488e+01
-6.589191826322868956e-04 1.271688259447280268e-03 -1.244125752165931324e-03 7.652649734216017711e-04 -3.369941651267026957e-04 1.642050808239401338e-03 -9.032955022511434606e+01
-6.815929569428741874e-04 1.315032788155968925e-03 -1.286217065524417362e-03 7.910859717105110656e-04 -3.483071025003978832e-04 1.697069854600699286e-03 -9.343817584515674923e+01
-7.042635456029505171e-04 1.358343312214437600e-03 -1.328254060434430313e-03 8.168689143611424647e-04 -3.596015049939271292e-04 1.751980768746154177e-03 -9.654638731282406638e+01
-7.269309472710956373e-04 1.401619810094843202e-03 -1.370236709970889307e-03 8.426137762796336505e-04 -3.708768349515927467e-04 1.806783719881181315e-03 -9.965418446232733629e+01
-7.495951605892907073e-04 1.444862260132016287e-03 -1.412164993239259977e-03 8.683205402121616867e-04 -3.821323493044358872e-04 1.861478942056005214e-03 -1.027615671249129008e+02
-7.722561842169587722e-04 1.488070640529104123e-03 -1.454038892968453249e-03 8.939891904446753109e-04 -3.933671679069490764e-04 1.916066696598367437e-03 -1.058685351336715996e+02
-7.949140167984654771e-04 1.531244929513147840e-03 -1.495858395755467326e-03 9.196197175589522444e-04 -4.045804342385792636e-04 1.970547358496617819e-03 -1.089750883187017934e+02
-8.175686570057288634e-04 1.574385105195459959e-03 -1.537623490836498730e-03 9.452121091051482720e-04 -4.157713938585208850e-04 2.024921286641664236e-03 -1.120812265127383967e+02
-8.402201035013407739e-04 1.617491145648795956e-03 -1.579334167538017477e-03 9.707663530548694877e-04 -4.269394628188899151e-04 2.079188757091488936e-03 -1.151869495468214950e+02
-8.628683549546776630e-04 1.660563028921646644e-03 -1.620990408332936361e-03 9.962824358686287601e-04 -4.380842682779661828e-04 2.133349945910939949e-03 -1.182922572528814271e+02
-8.855134100228961597e-04 1.703600733064520971e-03 -1.662592187324732178e-03 1.021760337246441740e-03 -4.492056660933499575e-04 2.187404895006205864e-03 -1.213971494616953066e+02
-9.081552673592543186e-04 1.746604236283388813e-03 -1.704139475965507590e-03 1.047200042089741281e-03 -4.603037069969797461e-04 2.241353499334298918e-03 -1.245016260047327279e+02
-9.307939256050043898e-04 1.789573516705799056e-03 -1.745632243574298317e-03 1.072601543577676427e-03 -4.713786679973603331e-04 2.295195688654817507e-03 -1.276056867122724725e+02
-9.534293834085944734e-04 1.832508552419209822e-03 -1.787070454963048984e-03 1.097964839210382711e-03 -4.824310131612890781e-04 2.348931270431791393e-03 -1.307093314163467141e+02
-9.760616393978416034e-04 1.875409321557884243e-03 -1.828454070875548242e-03 1.123289924094815180e-03 -4.934613536866732080e-04 2.402560042392089604e-03 -1.338125599462614161e+02
-9.986906922175725360e-04 1.918275802349104142e-03 -1.869783048447828076e-03 1.148576793872125483e-03 -5.044704116598815570e-04 2.456081728570470597e-03 -1.369153721341834284e+02
-1.021316540479051248e-03 1.961107973208517808e-03 -1.911057341865177520e-03 1.173825438959616571e-03 -5.154589392051896375e-04 2.509495958105271377e-03 -1.400177678079740531e+02
-1.043939182825259293e-03 2.003905812556332818e-03 -1.952276908055979986e-03 1.199035847084986344e-03 -5.264276534137228613e-04 2.562802426963812271e-03 -1.431197468001334414e+02
-1.066558617869651062e-03 2.046669298769012227e-03 -1.993441701544282178e-03 1.224208000648874467e-03 -5.373771893599021228e-04 2.616000894409273910e-03 -1.462213089389550476e+02
-1.089174844238154473e-03 2.089398410250123926e-03 -2.034551673139495427e-03 1.249341872389148934e-03 -5.483079426268264688e-04 2.669090957147034204e-03 -1.493224540542303771e+02
-1.111787860557279664e-03 2.132093125486181611e-03 -2.075606777367155261e-03 1.274437435337267112e-03 -5.592201044125530689e-04 2.722072498558195889e-03 -1.524231819757538915e+02
-1.134397665452717549e-03 2.174753422924311647e-03 -2.116606977216762848e-03 1.299494660209620260e-03 -5.701136297538089096e-04 2.774945392205292131e-03 -1.555234925331820079e+02
-1.157004257541211986e-03 2.217379280898675638e-03 -2.157552241405194093e-03 1.324513513561072827e-03 -5.809881729075541072e-04 2.827709664690803565e-03 -1.586233855551502927e+02
-1.179607635441379471e-03 2.259970677527266530e-03 -2.198442543614370203e-03 1.349493956883554818e-03 -5.918431734499025442e-04 2.880365402715467493e-03 -1.617228608705256363e+02
-1.202207797769394440e-03 2.302527590742023400e-03 -2.239277861909921494e-03 1.374435947163637258e-03 -6.026779267476195393e-04 2.932912812610017229e-03 -1.648219183080744870e+02
-1.224804743140996783e-03 2.345049998297240972e-03 -2.280058181163434686e-03 1.399339440692702911e-03 -6.134916800415274015e-04 2.985352176073988433e-03 -1.679205576962562532e+02
-1.247398470185914982e-03 2.387537877819134128e-03 -2.320783490401783725e-03 1.424204393278741048e-03 -6.242837354315624362e-04 3.037683816524249045e-03 -1.710187788645470732e+02
-1.269988977522544787e-03 2.429991206846783894e-03 -2.361453782614342158e-03 1.449030772385570889e-03 -6.350535388099308150e-04 3.089907900744722109e-03 -1.741165816402591417e+02
-1.292576263780459639e-03 2.472409962966531233e-03 -2.402069050267541164e-03 1.473818555185516486e-03 -6.458007479401022986e-04 3.142024746562074519e-03 -1.772139658517022269e+02
-1.315160327594530392e-03 2.514794123751164148e-03 -2.442629282513758028e-03 1.498567729836146507e-03 -6.565251899177786945e-04 3.194034532340688567e-03 -1.803109313270147709e+02
-1.337741167604245083e-03 2.557143666900817125e-03 -2.483134461718776182e-03 1.523278292239174138e-03 -6.672268143161285640e-04 3.245937388719029575e-03 -1.834074778951104747e+02
-1.360318782431497748e-03 2.599458570076989324e-03 -2.523584561358927815e-03 1.547950236883279679e-03 -6.779056938500326816e-04 3.297733293967735745e-03 -1.865036053831811387e+02
-1.382893170703381174e-03 2.641738810884875551e-03 -2.563979547818171986e-03 1.572583565408331276e-03 -6.885619998091317218e-04 3.349422212322414761e-03 -1.895993136201129801e+02
-1.405464331027682194e-03 2.683984366923456398e-03 -2.604319382108238618e-03 1.597178291882813154e-03 -6.991960024076920117e-04 3.401003935138215660e-03 -1.926946024323666222e+02
-1.428032262019077962e-03 2.726195215730621568e-03 -2.644604019514512020e-03 1.621734426397242277e-03 -7.098080803042633793e-04 3.452478396399163204e-03 -1.957894716476108385e+02
-1.450596962298446617e-03 2.768371334830900359e-03 -2.684833417096091357e-03 1.646251982020882848e-03 -7.203987403238429430e-04 3.503845337358624332e-03 -1.988839210944484819e+02
-1.473158430459175702e-03 2.810512701906368351e-03 -2.725007530099425503e-03 1.670730967338940332e-03 -7.309685574939499015e-04 3.555104560125264650e-03 -2.019779505977261920e+02
-1.495716665115372733e-03 2.852619294720787953e-03 -2.765126311381634148e-03 1.695171384150287626e-03 -7.415181135169232217e-04 3.606255698546266888e-03 -2.050715599852261164e+02
-1.518271664874305208e-03 2.894691091047703248e-03 -2.805189712221659720e-03 1.719573220641797216e-03 -7.520478780103936021e-04 3.657298474533733287e-03 -2.081647490840296939e+02
-1.540823428332633877e-03 2.936728068663559642e-03 -2.845197684596035941e-03 1.743936461476817230e-03 -7.625581888994131330e-04 3.708232763900822914e-03 -2.112575177200057794e+02
-1.563371954078377748e-03 2.978730205321476147e-03 -2.885150182563635170e-03 1.768261075305256960e-03 -7.730491540380323746e-04 3.759058185795874363e-03 -2.143498657178670896e+02
-1.585917240729309155e-03 3.020697478689804080e-03 -2.925047165431430337e-03 1.792547016452707923e-03 -7.835206265632570135e-04 3.809774738600068839e-03 -2.174417929067197122e+02
-1.608459286862624817e-03 3.062629866533095151e-03 -2.964888602024086991e-03 1.816794246031121739e-03 -7.939723004979259069e-04 3.860382246765322461e-03 -2.205332991099993762e+02
-1.630998091073657986e-03 3.104527346623959291e-03 -3.004674466708724765e-03 1.841002715487811796e-03 -8.044036991369283391e-04 3.910880712522913326e-03 -2.236243841537448986e+02
-1.653533651954477600e-03 3.146389896531694673e-03 -3.044404741321079730e-03 1.865172366495944714e-03 -8.148142956106352221e-04 3.961270320022447153e-03 -2.267150478635786897e+02
-1.676065968097924328e-03 3.188217493642649461e-03 -3.084079408661209460e-03 1.889303138952172847e-03 -8.252035937641951941e-04 4.011551178572894671e-03 -2.298052900658695989e+02
-1.698595038076814280e-03 3.230010115232629167e-03 -3.123698454777308099e-03 1.913394984771300215e-03 -8.355711795087837190e-04 4.061723507913971021e-03 -2.328951105841306628e+02
-1.721120860479871846e-03 3.271767738400667945e-03 -3.163261864270306475e-03 1.937447853928400991e-03 -8.459167775516185199e-04 4.111787483826513136e-03 -2.359845092437698497e+02
-1.743643433897257983e-03 3.313490340303293889e-03 -3.202769621660935678e-03 1.961461714321170637e-03 -8.562402447689153968e-04 4.161743433827298604e-03 -2.390734858698978087e+02
-1.766162756915153976e-03 3.355177898022562548e-03 -3.242221711302403254e-03 1.985436546684403187e-03 -8.665415627418843105e-04 4.211591319084702009e-03 -2.421620402866124095e+02
-1.788678828145771286e-03 3.396830388628899015e-03 -3.281618115005839088e-03 2.009372344964533656e-03 -8.768207351985198451e-04 4.261331564640820357e-03 -2.452501723204407540e+02
-1.811191646181048963e-03 3.438447789323585517e-03 -3.320958809538908721e-03 2.033269115593286554e-03 -8.870779232972844435e-04 4.310964112989377865e-03 -2.483378817942617047e+02
-1.833701209630807585e-03 3.480030077323052317e-03 -3.360243766202398140e-03 2.057126871669065320e-03 -8.973131838395529076e-04 4.360489022445419166e-03 -2.514251685337110587e+02
-1.856207517092456436e-03 3.521577229717131295e-03 -3.399472947897607799e-03 2.080945633544834059e-03 -9.075266774226423659e-04 4.409906241273685822e-03 -2.545120323631603299e+02
-1.878710567153339932e-03 3.563089223494281862e-03 -3.438646315610760246e-03 2.104725415372603499e-03 -9.177185817577462358e-04 4.459215691646241896e-03 -2.575984731057572503e+02
-1.901210358412745846e-03 3.604566035562466186e-03 -3.477763827684098377e-03 2.128466232831201232e-03 -9.278890833283898621e-04 4.508417266073706277e-03 -2.606844905866018962e+02
-1.923706889448793984e-03 3.646007642885197922e-03 -3.516825443076211036e-03 2.152168100361147220e-03 -9.380384652284679253e-04 4.557510673394721788e-03 -2.637700846280478686e+02
-1.946200158850143252e-03 3.687414022346288418e-03 -3.555831117057967235e-03 2.175831028849625846e-03 -9.481670162229166501e-04 4.606495805144400317e-03 -2.668552550543894881e+02
-1.968690165194985665e-03 3.728785150965202664e-03 -3.594780799855239444e-03 2.199455015436129271e-03 -9.582749984545055506e-04 4.655372431253850841e-03 -2.699400016886991693e+02
-1.991176907049920734e-03 3.770121005788073555e-03 -3.633674446930042819e-03 2.223040045861881045e-03 -9.683625287523399362e-04 4.704140175645550072e-03 -2.730243243528211678e+02
-2.013660383000921792e-03 3.811421563861151513e-03 -3.672512016578694319e-03 2.246586085142437874e-03 -9.784296238819988577e-04 4.752798880030053956e-03 -2.761082228718159399e+02
-2.036140591600859098e-03 3.852686802251752574e-03 -3.711293475023813310e-03 2.270093094013506986e-03 -9.884761938509340710e-04 4.801348417726277601e-03 -2.791916970664119617e+02
-2.058617531418214554e-03 3.893916697976240911e-03 -3.750018788354994061e-03 2.293561023945895564e-03 -9.985020373601972542e-04 4.849788606015423449e-03 -2.822747467598107960e+02
-2.081091201012177146e-03 3.935111228200470490e-03 -3.788687922613028728e-03 2.316989825854819194e-03 -1.008506948258892141e-03 4.898119397270803317e-03 -2.853573717740203506e+02
-2.103561598943890897e-03 3.976270370068416514e-03 -3.827300850177730359e-03 2.340379447729792981e-03 -1.018490660749495199e-03 4.946340781280514701e-03 -2.884395719311615949e+02
-2.126028723774539726e-03 4.017394100626978624e-03 -3.865857546761550419e-03 2.363729826482942591e-03 -1.028452945537829252e-03 4.994452734514242750e-03 -2.915213470534524163e+02
-2.148492574057329126e-03 4.058482396845791013e-03 -3.904357990711030367e-03 2.387040913611294252e-03 -1.038393696051069948e-03 5.042455577474749817e-03 -2.946026969626863661e+02
-2.170953148336210708e-03 4.099535235667894559e-03 -3.942802160798595384e-03 2.410312665198340813e-03 -1.048312785233077808e-03 5.090349308103094342e-03 -2.976836214796684885e+02
-2.193410445165342327e-03 4.140552593850620189e-03 -3.981190032099540810e-03 2.433545040274763625e-03 -1.058210269658450050e-03 5.138134174020130701e-03 -3.007641204261880716e+02
-2.215864463107599259e-03 4.181534448028547193e-03 -4.019521581305962425e-03 2.456738006677992338e-03 -1.068086172895470068e-03 5.185810269186967754e-03 -3.038441936243853547e+02
-2.238315200714938429e-03 4.222480774706425556e-03 -4.057796787499928781e-03 2.479891547510710507e-03 -1.077940618721340976e-03 5.233377820298396044e-03 -3.069238408939855844e+02
-2.260762656562776730e-03 4.263391550349768418e-03 -4.096015627987848080e-03 2.503005657045814444e-03 -1.087773745881890101e-03 5.280836897839819542e-03 -3.100030620567866322e+02
-2.283206829232825499e-03 4.304266751481391172e-03 -4.134178081100925960e-03 2.526080341553523737e-03 -1.097585571151719983e-03 5.328187727307560385e-03 -3.130818569342937394e+02
-2.305647717299703654e-03 4.345106354553231014e-03 -4.172284123937207781e-03 2.549115619287057634e-03 -1.107376011473477527e-03 5.375430217332815425e-03 -3.161602253467427204e+02
-2.328085319338845435e-03 4.385910336030565161e-03 -4.210333724452472101e-03 2.572111510316020533e-03 -1.117145075778519904e-03 5.422564368448830850e-03 -3.192381671148833675e+02
-2.350519633918042757e-03 4.426678672305449889e-03 -4.248326843150837528e-03 2.595068027104206320e-03 -1.126892709565697863e-03 5.469590048374495250e-03 -3.223156820590575649e+02
-2.372950659604547170e-03 4.467411339687285370e-03 -4.286263440751131130e-03 2.617985187834385823e-03 -1.136618927001360703e-03 5.516507196177617908e-03 -3.253927700004727512e+02
-2.395378394944853388e-03 4.508108314410213396e-03 -4.324143478624574780e-03 2.640863003517797403e-03 -1.146323716997079420e-03 5.563315732519209453e-03 -3.284694307580772374e+02
-2.417802838497289108e-03 4.548769572588678978e-03 -4.361966918257858747e-03 2.663701469899620172e-03 -1.156007091502513594e-03 5.610015306035949501e-03 -3.315456641528992918e+02
-2.440223988786763883e-03 4.589395090486779114e-03 -4.399733719477040735e-03 2.686500576723580436e-03 -1.165669053939126639e-03 5.656605940641414899e-03 -3.346214700018786061e+02
-2.462641844377825261e-03 4.629984844516371947e-03 -4.437443841157660135e-03 2.709260300735960234e-03 -1.175309584529278095e-03 5.703087260864974500e-03 -3.376968481278282752e+02
-2.485056403793017930e-03 4.670538811158990791e-03 -4.475097240987183263e-03 2.731980613770413138e-03 -1.184928696951478540e-03 5.749459192445694963e-03 -3.407717983475795336e+02
-2.507467665569742751e-03 4.711056966863149363e-03 -4.512693881346243295e-03 2.754661479375829225e-03 -1.194526396735630033e-03 5.795721472282704470e-03 -3.438463204801641950e+02
-2.529875628252188126e-03 4.751539288107334801e-03 -4.550233722131149898e-03 2.777302859099112318e-03 -1.204102662457725908e-03 5.841874058148736198e-03 -3.469204143460747787e+02
-2.552280290351301249e-03 4.791985751555682613e-03 -4.587716724078465952e-03 2.799904706676990124e-03 -1.213657513702810472e-03 5.887916825139595522e-03 -3.499940797614539179e+02
-2.574681650410555814e-03 4.832396333782399377e-03 -4.625142852621199827e-03 2.822466973793472979e-03 -1.223190945086215101e-03 5.933849721057301262e-03 -3.530673165471574180e+02
-2.597079706943010609e-03 4.872771011256243900e-03 -4.662512075205052856e-03 2.844989610763528319e-03 -1.232703070417348959e-03 5.979672809389549419e-03 -3.561401245196713035e+02
-2.619474458471223767e-03 4.913109760497125916e-03 -4.699824365941981594e-03 2.867472568839438476e-03 -1.242193933967683517e-03 6.025386264788105267e-03 -3.592125034969199078e+02
-2.641865903534161304e-03 4.953412558008196860e-03 -4.737079699938397115e-03 2.889915792593303334e-03 -1.251663566273075604e-03 6.070990181849110490e-03 -3.622844532989350341e+02
-2.664254040633999218e-03 4.993679380058000696e-03 -4.774278056506139033e-03 2.912319239633675769e-03 -1.261112113038172569e-03 6.116484536536030171e-03 -3.653559737400369727e+02
-2.686638868319552852e-03 5.033910202508870731e-03 -4.811419412988050814e-03 2.934682874291316516e-03 -1.270539604231213458e-03 6.161869652463417869e-03 -3.684270646406925493e+02
-2.709020385113975350e-03 5.074105001134725755e-03 -4.848503749004904641e-03 2.957006673892230517e-03 -1.279946090543600734e-03 6.207145364556287785e-03 -3.714977258166459251e+02
-2.731398589565968427e-03 5.114263751597993880e-03 -4.885531039981529620e-03 2.979290627585747583e-03 -1.289331500862961680e-03 6.252312000602386517e-03 -3.745679570862445189e+02
-2.753773480218399492e-03 5.154386429615178886e-03 -4.922501264105063473e-03 3.001534750594490788e-03 -1.298695692355313807e-03 6.297369625621356513e-03 -3.776377582663836847e+02
-2.776145055613181856e-03 5.194473010993898299e-03 -4.959414396556318695e-03 3.023739054894490109e-03 -1.308038512090712799e-03 6.342318296692466169e-03 -3.807071291738366199e+02
-2.798513314294043784e-03 5.234523471679178828e-03 -4.996270409177576075e-03 3.045903558907747319e-03 -1.317359828180950836e-03 6.387157989510693079e-03 -3.837760696258182520e+02
-2.820878254799426537e-03 5.274537787412284830e-03 -5.033069272877931447e-03 3.068028267641521780e-03 -1.326659471825474088e-03 6.431888717737505902e-03 -3.868445794397648001e+02
-2.843239875653776061e-03 5.314515933752280916e-03 -5.069810953405730347e-03 3.090113200953105519e-03 -1.335937300154114819e-03 6.476510331782208904e-03 -3.899126584317828019e+02
-2.865598175370718398e-03 5.354457886264060371e-03 -5.106495413865441875e-03 3.112158363313239588e-03 -1.345193185090233241e-03 6.521022682517590638e-03 -3.929803064170757239e+02
-2.887953152483551354e-03 5.394363620518728523e-03 -5.143122612534056434e-03 3.134163751814546088e-03 -1.354426969471387004e-03 6.565425863619029322e-03 -3.960475232140890967e+02
-2.910304805493079631e-03 5.434233112245380644e-03 -5.179692505103397106e-03 3.156129361690524025e-03 -1.363638692972331560e-03 6.609719514643811085e-03 -3.991143086366936359e+02
-2.932653132908294956e-03 5.474066337339796376e-03 -5.216205045425810483e-03 3.178055184378198415e-03 -1.372828417877247544e-03 6.653903506092576775e-03 -4.021806625004904845e+02
-2.954998133236289969e-03 5.513863271670916590e-03 -5.252660186257199909e-03 3.199941201025821406e-03 -1.381996226018214697e-03 6.697977627051746388e-03 -4.052465846211498501e+02
-2.977339804987694846e-03 5.553623891080060153e-03 -5.289057882984621838e-03 3.221787380600943818e-03 -1.391142312099761342e-03 6.741941589539403833e-03 -4.083120748149668202e+02
-2.999678146649781274e-03 5.593348171530028619e-03 -5.325398094266810788e-03 3.243593686066788793e-03 -1.400266836823726470e-03 6.785795354257422723e-03 -4.113771328953494617e+02
-3.022013156727542445e-03 5.633036088949025348e-03 -5.361680783322951387e-03 3.265360068967178894e-03 -1.409369992252734348e-03 6.829538972401005652e-03 -4.144417586775288669e+02
-3.044344833722273554e-03 5.672687619238874629e-03 -5.397905916644804916e-03 3.287086470679885519e-03 -1.418451922547151996e-03 6.873172197343643472e-03 -4.175059519763013327e+02
-3.066673176124014039e-03 5.712302738271490647e-03 -5.434073460600969026e-03 3.308772825880010836e-03 -1.427512768807590862e-03 6.916695151465874179e-03 -4.205697126051669557e+02
-3.088998182439156581e-03 5.751881421922935313e-03 -5.470183388838576778e-03 3.330419075909361523e-03 -1.436552559844913712e-03 6.960107843816037108e-03 -4.236330403796638393e+02
-3.111319851150448276e-03 5.791423646049102640e-03 -5.506235678538134483e-03 3.352025167274655729e-03 -1.445571339306159437e-03 7.003410479842049619e-03 -4.266959351122264366e+02
-3.133638180759627974e-03 5.830929386159298435e-03 -5.542230307159819701e-03 3.373591057987446011e-03 -1.454569076075162186e-03 7.046603032176077148e-03 -4.297583966179689128e+02
-3.155953169760959166e-03 5.870398617530588926e-03 -5.578167251478608965e-03 3.395116715002455352e-03 -1.463545805220936710e-03 7.089685590712407025e-03 -4.328204247107082665e+02
-3.178264816646616739e-03 5.909831315202253126e-03 -5.614046489541377194e-03 3.416602112629334165e-03 -1.472501414074940760e-03 7.132658500998813669e-03 -4.358820192030955241e+02
-3.200573119927386991e-03 5.949227454050493025e-03 -5.649868000159551790e-03 3.438047244550510115e-03 -1.481435874991538556e-03 7.175521542522568345e-03 -4.389431799091989888e+02
-3.222878078110727722e-03 5.988587009035685471e-03 -5.685631759455933923e-03 3.459452116033665762e-03 -1.490349018154065027e-03 7.218275155760484930e-03 -4.420039066420967515e+02
-3.245179689713475948e-03 6.027909955348637570e-03 -5.721337744191212077e-03 3.480816742581081119e-03 -1.499240673722002657e-03 7.260919252105549337e-03 -4.450641992162215388e+02
-3.267477953244381401e-03 6.067196268243897975e-03 -5.756985928816006799e-03 3.502141146962734798e-03 -1.508110618212448904e-03 7.303453828364453101e-03 -4.481240574446641176e+02
-3.289772867201065567e-03 6.106445922942209913e-03 -5.792576281412084409e-03 3.523425351234031177e-03 -1.516958620834745917e-03 7.345878838597098143e-03 -4.511834811391065614e+02
-3.312064430087056661e-03 6.145658894503889386e-03 -5.828108762864933796e-03 3.544669374269343240e-03 -1.525784413649676659e-03 7.388194222413412178e-03 -4.542424701131228630e+02
-3.334352640383150216e-03 6.184835157901441560e-03 -5.863583330047687434e-03 3.565873228623636735e-03 -1.534587846312911912e-03 7.430399976913931552e-03 -4.573010241783085803e+02
-3.356637496573570013e-03 6.223974688124782155e-03 -5.898999937778961512e-03 3.587036913995345164e-03 -1.543368888424485495e-03 7.472495799560798652e-03 -4.603591431477016158e+02
-3.378918997133086022e-03 6.263077460267153958e-03 -5.934358543145329748e-03 3.608160432373939616e-03 -1.552127588235812424e-03 7.514481532451041529e-03 -4.634168268328810427e+02
-3.401197140529567484e-03 6.302143449537603824e-03 -5.969659102057977944e-03 3.629243768350597001e-03 -1.560864061760469266e-03 7.556356993237346720e-03 -4.664740750440183206e+02
-3.423471925263950506e-03 6.341172631147257675e-03 -6.004901570527184512e-03 3.650286894808151602e-03 -1.569578524776455005e-03 7.598122019038009572e-03 -4.695308875954494283e+02
-3.445743349795698726e-03 6.380164980312516727e-03 -6.040085900687425409e-03 3.671289767889556518e-03 -1.578271212138750807e-03 7.639776308108985406e-03 -4.725872642958000256e+02
-3.468011412599321039e-03 6.419120472253923848e-03 -6.075212053489660591e-03 3.692252340246106931e-03 -1.586942309842232640e-03 7.681319927950140160e-03 -4.756432049567864055e+02
-3.490276112138902386e-03 6.458039082261796821e-03 -6.110279993719400747e-03 3.713174562032917677e-03 -1.595592064566679104e-03 7.722753022445233775e-03 -4.786987093887892684e+02
-3.512537446888222212e-03 6.496920785529616826e-03 -6.145289687729936327e-03 3.734056360115081772e-03 -1.604220495784786224e-03 7.764075384137014355e-03 -4.817537774038605676e+02
-3.534795415292037602e-03 6.535765557275878893e-03 -6.180241102813464719e-03 3.754897666123207470e-03 -1.612827737844683409e-03 7.805287012221945840e-03 -4.848084088102490341e+02
-3.557050015829515185e-03 6.574573372603388470e-03 -6.215134211861582728e-03 3.775698418490133681e-03 -1.621413793986459630e-03 7.846388195429749787e-03 -4.878626034204618236e+02
-3.579301246953469837e-03 6.613344206586530168e-03 -6.249968989303950236e-03 3.796458564060950242e-03 -1.629978719135726688e-03 7.887378854635069755e-03 -4.909163610435617784e+02
-3.601549107128930189e-03 6.652078034133825611e-03 -6.284745414310877708e-03 3.817178070556244505e-03 -1.638522591160973584e-03 7.928258940693903509e-03 -4.939696814905337305e+02
-3.623793594801974320e-03 6.690774829900500778e-03 -6.319463465135614043e-03 3.837856914660032776e-03 -1.647045449463945205e-03 7.969028698612089581e-03 -4.970225645689079101e+02
-3.646034708461645939e-03 6.729434568154708460e-03 -6.354123116440020536e-03 3.858495087137046257e-03 -1.655547306652577081e-03 8.009688072702572312e-03 -5.000750100910669289e+02
-3.668272446569544130e-03 6.768057223135341000e-03 -6.388724341869076589e-03 3.879092583322044530e-03 -1.664027995742425577e-03 8.050237295255538786e-03 -5.031270178648470619e+02
-3.690506807604026270e-03 6.806642769121085297e-03 -6.423267115272244740e-03 3.899649423470669379e-03 -1.672487314216667504e-03 8.090676437186477762e-03 -5.061785877001349832e+02
-3.712737790033834601e-03 6.845191180612838523e-03 -6.457751408048880565e-03 3.920165630326592765e-03 -1.680924947179075063e-03 8.131005488313121018e-03 -5.092297194059632943e+02
-3.734965392345883459e-03 6.883702432166973438e-03 -6.492177190577148697e-03 3.940641233443043477e-03 -1.689340643815092930e-03 8.171224314846233655e-03 -5.122804127936202576e+02
-3.757189612992389675e-03 6.922176498271154742e-03 -6.526544431980875992e-03 3.961076247077779250e-03 -1.697734080867110973e-03 8.211332826514018690e-03 -5.153306676695615351e+02
-3.779410450443894832e-03 6.960613353355599164e-03 -6.560853095265053829e-03 3.981470678199238063e-03 -1.706105062930402720e-03 8.251330929728808994e-03 -5.183804838432104134e+02
-3.801627903158095317e-03 6.999012971884392177e-03 -6.595103140325747279e-03 4.001824529008641759e-03 -1.714453478562093713e-03 8.291218666179987415e-03 -5.214298611228957725e+02
-3.823841969574164144e-03 7.037375328353909394e-03 -6.629294520155702350e-03 4.022137795707773390e-03 -1.722779271889650788e-03 8.330995759217977442e-03 -5.244787993154936885e+02
-3.846052648151540229e-03 7.075700397281820160e-03 -6.663427190326752167e-03 4.042410479788311264e-03 -1.731082544399869909e-03 8.370662180208316219e-03 -5.275272982310234511e+02
-3.868259937318053229e-03 7.113988153170038194e-03 -6.697501102549562393e-03 4.062642550224215138e-03 -1.739363389758927236e-03 8.410217909044167411e-03 -5.305753576745761393e+02
-3.890463835527371936e-03 7.152238570386782943e-03 -6.731516214757316853e-03 4.082833969092569334e-03 -1.747622037226071508e-03 8.449662753477298061e-03 -5.336229774547216493e+02
-3.912664341224177979e-03 7.190451623363031813e-03 -6.765472488992126977e-03 4.102984683605140868e-03 -1.755858669344403152e-03 8.488996749674810466e-03 -5.366701573786632480e+02
-3.934861452836264581e-03 7.228627286639301326e-03 -6.799369889584726614e-03 4.123094634613317516e-03 -1.764073499521337605e-03 8.528219949730360405e-03 -5.397168972521963042e+02
-3.957055168812739950e-03 7.266765534759519335e-03 -6.833208381687639298e-03 4.143163762532361093e-03 -1.772266760503094733e-03 8.567332298000317550e-03 -5.427631968847939561e+02
-3.979245487564559217e-03 7.304866342311647047e-03 -6.866987927991304204e-03 4.163191997353625148e-03 -1.780438636866398449e-03 8.606333750438337205e-03 -5.458090560805350151e+02
-4.001432407528515353e-03 7.342929683767195417e-03 -6.900708492001922899e-03 4.183179293506250965e-03 -1.788589438223483910e-03 8.645224126145573118e-03 -5.488544746467713367e+02
-4.023615927133223844e-03 7.380955533606166005e-03 -6.934370042524175617e-03 4.203125598877408865e-03 -1.796719135361730512e-03 8.684003547803909040e-03 -5.518994523895152042e+02
-4.045796044802441212e-03 7.418943866275284904e-03 -6.967972552293026645e-03 4.223030880579545926e-03 -1.804827959814715504e-03 8.722671939310045960e-03 -5.549439891145335650e+02
-4.067972758972083526e-03 7.456894655847002944e-03 -7.001515999472475958e-03 4.242895119796982230e-03 -1.812915926303367790e-03 8.761229359874882217e-03 -5.579880846292562637e+02
-4.090146068063331246e-03 7.494807876076666105e-03 -7.035000362177585252e-03 4.262718306658235673e-03 -1.820982922285350157e-03 8.799675879970539003e-03 -5.610317387384964150e+02
-4.112315970505223996e-03 7.532683500362188402e-03 -7.068425614175752499e-03 4.282500438845978502e-03 -1.829028835048706302e-03 8.838011364360753158e-03 -5.640749512476618293e+02
-4.134482464731936181e-03 7.570521502151510672e-03 -7.101791729091369403e-03 4.302241516306120304e-03 -1.837053438436539845e-03 8.876235708090185125e-03 -5.671177219618706431e+02
-4.156645549204565984e-03 7.608321855056258791e-03 -7.135098678231978700e-03 4.321941547052665471e-03 -1.845056351088146052e-03 8.914349137205727913e-03 -5.701600506891605846e+02
-4.178805222335864843e-03 7.646084533072497642e-03 -7.168346430026274058e-03 4.341600543658275663e-03 -1.853037252467996032e-03 8.952351535605871172e-03 -5.732019372310353447e+02
-4.200961482577139292e-03 7.683809510257231211e-03 -7.201534948798700084e-03 4.361218523599165800e-03 -1.860995841466699541e-03 8.990243159721644089e-03 -5.762433813941649987e+02
-4.223114328368684708e-03 7.721496760629902381e-03 -7.234664197288070454e-03 4.380795491401853932e-03 -1.868931930703246567e-03 9.028023925571979774e-03 -5.792843829837604517e+02
-4.245263758130359694e-03 7.759146258042598325e-03 -7.267734140457175925e-03 4.400331449773402931e-03 -1.876845217423031001e-03 9.065693741162877267e-03 -5.823249418035405824e+02
-4.267409770266353958e-03 7.796757976288925217e-03 -7.300744742769948482e-03 4.419826396434553550e-03 -1.884735567654189942e-03 9.103252823425176180e-03 -5.853650576556522083e+02
-4.289552363216353123e-03 7.834331889038799110e-03 -7.333695961805859233e-03 4.439280318249492173e-03 -1.892602948970216383e-03 9.140700945017269166e-03 -5.884047303474967521e+02
-4.311691535371788876e-03 7.871867969969760168e-03 -7.366587755430099513e-03 4.458693185823575829e-03 -1.900447449410688121e-03 9.178038226489642487e-03 -5.914439596797674312e+02
-4.333827285150285494e-03 7.909366192717065536e-03 -7.399420083665228694e-03 4.478064965472915507e-03 -1.908269289870534241e-03 9.215264480368218214e-03 -5.944827454563240963e+02
-4.355959610968914743e-03 7.946826531059434859e-03 -7.432192901785371862e-03 4.497395616627862004e-03 -1.916068883025286293e-03 9.252379795024108858e-03 -5.975210874809761208e+02
-4.378088511241916454e-03 7.984248958798420212e-03 -7.464906167035705031e-03 4.516685095035776441e-03 -1.923846487997532681e-03 9.289384038884814995e-03 -6.005589855574880858e+02
-4.400213984361639984e-03 8.021633449772620425e-03 -7.497559837396913091e-03 4.535933357357599047e-03 -1.931602569439583739e-03 9.326277119595726556e-03 -6.035964394876141341e+02
-4.422336028721206638e-03 8.058979977883377541e-03 -7.530153874356682910e-03 4.555140358382779239e-03 -1.939337321622259386e-03 9.363058886495760971e-03 -6.066334490741617174e+02
-4.444454642715442091e-03 8.096288516945096200e-03 -7.562688242628857679e-03 4.574306050255215993e-03 -1.947051038806021971e-03 9.399729429705346723e-03 -6.096700141197960647e+02
-4.466569824729114957e-03 8.133559040486258718e-03 -7.595162910359435325e-03 4.593430386029441828e-03 -1.954743818498691239e-03 9.436288230243013164e-03 -6.127061344258479494e+02
-4.488681573174260232e-03 8.170791521895827067e-03 -7.627577848224144537e-03 4.612513322226213103e-03 -1.962415705962246466e-03 9.472735327577303313e-03 -6.157418097974499460e+02
-4.510789886423818319e-03 8.207985934589847460e-03 -7.659933032863415828e-03 4.631554837744140951e-03 -1.970066625513606541e-03 9.509070615762314077e-03 -6.187770400334692340e+02
-4.532894762879734196e-03 8.245142251849123596e-03 -7.692228441547066878e-03 4.650554916477269395e-03 -1.977696547024468399e-03 9.545293873815509367e-03 -6.218118249368152419e+02
-4.554996200936757209e-03 8.282260446918199986e-03 -7.724464041334986111e-03 4.669513550178938134e-03 -1.985305240900531436e-03 9.581405395013231630e-03 -6.248461643090302005e+02
-4.577094198982030807e-03 8.319340492955698552e-03 -7.756639795408973997e-03 4.688430732509830078e-03 -1.992892531656159649e-03 9.617405253015935337e-03 -6.278800579502147912e+02
-4.599188755434783019e-03 8.356382362989812559e-03 -7.788755669099301643e-03 4.707306444742967791e-03 -2.000458002424450061e-03 9.653293698065891840e-03 -6.309135056644972792e+02
-4.621279868678476212e-03 8.393386030094169420e-03 -7.820811636820549848e-03 4.726140693734984591e-03 -2.008001343416346719e-03 9.689070715982626633e-03 -6.339465072499338021e+02
-4.643367537124820990e-03 8.430351467408565835e-03 -7.852807672118149174e-03 4.744933479325416821e-03 -2.015522206018407255e-03 9.724736557089714087e-03 -6.369790625082998758e+02
-4.665451759177353074e-03 8.467278648226854096e-03 -7.884743742187647758e-03 4.763684793822570845e-03 -2.023020303343100578e-03 9.760291052051362284e-03 -6.400111712399324233e+02
-4.687532533233692775e-03 8.504167545757128702e-03 -7.916619818400073144e-03 4.782394633978580278e-03 -2.030495340879826752e-03 9.795734543806840222e-03 -6.430428332446773538e+02
-4.709609857694120605e-03 8.541018133120768796e-03 -7.948435864984646632e-03 4.801062999051578482e-03 -2.037947210273222468e-03 9.831066986301780983e-03 -6.460740483239246714e+02
-4.731683730933106992e-03 8.577830383408938109e-03 -7.980191843685320585e-03 4.819689889164286735e-03 -2.045375963746515202e-03 9.866288228799809795e-03 -6.491048162763256641e+02
-4.753754151324891646e-03 8.614604269638320017e-03 -8.011887707247316789e-03 4.838275284816540532e-03 -2.052781729937230067e-03 9.901398401319823350e-03 -6.521351369012079431e+02
-4.775821117242822628e-03 8.651339764716603487e-03 -8.043523409250801989e-03 4.856819171828483800e-03 -2.060164890375885179e-03 9.936397394683061865e-03 -6.551650099975855710e+02
-4.797884627084239226e-03 8.688036841440833352e-03 -8.075098904912094214e-03 4.875321527043592097e-03 -2.067525748308670416e-03 9.971284782912296155e-03 -6.581944353673345631e+02
-4.819944679197908470e-03 8.724695472722185374e-03 -8.106614152819614436e-03 4.893782317652922362e-03 -2.074864719211704997e-03 1.000606095040044649e-02 -6.612234128059999421e+02
-4.842001271965772242e-03 8.761315631322923181e-03 -8.138069118059093263e-03 4.912201505058641331e-03 -2.082182090167860721e-03 1.004072514781381535e-02 -6.642519421143407499e+02
-4.864054403751197006e-03 8.797897290142247737e-03 -8.169463764494734950e-03 4.930579051357887599e-03 -2.089478159723906492e-03 1.007527744999486656e-02 -6.672800230915945576e+02
-4.886104072906433116e-03 8.834440422207674032e-03 -8.200798057394235660e-03 4.948914912761672238e-03 -2.096753046136658107e-03 1.010971771810146615e-02 -6.703076555354770107e+02
-4.908150277779433149e-03 8.870945000516328172e-03 -8.232071952945481733e-03 4.967209036636895114e-03 -2.104006807745852255e-03 1.014404562567725564e-02 -6.733348392422481083e+02
-4.930193016753006349e-03 8.907410997941973135e-03 -8.263285410592111080e-03 4.985461399832046003e-03 -2.111239448378377827e-03 1.017826130612474456e-02 -6.763615740132079281e+02
-4.952232288162663858e-03 8.943838387457306652e-03 -8.294438391766573507e-03 5.003671962048100372e-03 -2.118450971022163738e-03 1.021236479342280644e-02 -6.793878596436682074e+02
-4.974268090366204542e-03 8.980227141859880094e-03 -8.325530870957260562e-03 5.021840690534155535e-03 -2.125641147956731231e-03 1.024635586211146768e-02 -6.824136959315464992e+02
-4.996300421718630896e-03 9.016577234017081333e-03 -8.356562823517333857e-03 5.039967564177456720e-03 -2.132809849401254895e-03 1.028023486811993452e-02 -6.854390826737590032e+02
-5.018329280596408280e-03 9.052888636611548454e-03 -8.387534219894843962e-03 5.058052548803591494e-03 -2.139956865145179171e-03 1.031400179153965299e-02 -6.884640196695023633e+02
-5.040354665347333146e-03 9.089161322041129989e-03 -8.418445032210251922e-03 5.076095625493279653e-03 -2.147081808933766663e-03 1.034765693505094661e-02 -6.914885067128627725e+02
-5.062376574349603843e-03 9.125395262525610313e-03 -8.449295231205841694e-03 5.094096784660218091e-03 -2.154184422319445433e-03 1.038120025224404351e-02 -6.945125436014602656e+02
-5.084395005975110397e-03 9.161590430391493983e-03 -8.480084792902258320e-03 5.112056015843058007e-03 -2.161264396147000166e-03 1.041463203487462061e-02 -6.975361301320297116e+02
-5.106409958582107909e-03 9.197746798061193219e-03 -8.510813682664186350e-03 5.129973324270720864e-03 -2.168321592246374302e-03 1.044795231243906240e-02 -7.005592660999488999e+02
-5.128421430544816140e-03 9.233864337911628847e-03 -8.541481867113174739e-03 5.147848707248107308e-03 -2.175355851087570121e-03 1.048116119704646521e-02 -7.035819513033751491e+02
-5.150429420201272854e-03 9.269943022430407464e-03 -8.572089306612100043e-03 5.165682168179181084e-03 -2.182367079652384675e-03 1.051425839658473756e-02 -7.066041855360031150e+02
-5.172433925905494355e-03 9.305982823965061948e-03 -8.602635961283933499e-03 5.183473712520147991e-03 -2.189355499623729141e-03 1.054724413373707773e-02 -7.096259685948507467e+02
-5.194434945999948025e-03 9.341983714534716002e-03 -8.633121799652502745e-03 5.201223342322503287e-03 -2.196321037764268486e-03 1.058011800821992941e-02 -7.126473002753541550e+02
-5.216432478817423224e-03 9.377945665935399217e-03 -8.663546778944826443e-03 5.218931039027122250e-03 -2.203264018852359261e-03 1.061288003885463814e-02 -7.156681803714753869e+02
-5.238426522711963143e-03 9.413868649910251199e-03 -8.693910858579534731e-03 5.236596794312065387e-03 -2.210184679204931033e-03 1.064552998369209039e-02 -7.186886086800798239e+02
-5.260417076013709087e-03 9.449752638522905188e-03 -8.724213994531208882e-03 5.254220597560495427e-03 -2.217083297703311123e-03 1.067806785534232070e-02 -7.217085849942986897e+02
-5.282404137067004540e-03 9.485597603967619099e-03 -8.754456135048160892e-03 5.271802408122975431e-03 -2.223960104590451837e-03 1.071049328773981957e-02 -7.247281091098730030e+02
-5.304387704195238397e-03 9.521403518621195800e-03 -8.784637235763538554e-03 5.289342193706114345e-03 -2.230815331874086947e-03 1.074280645301660050e-02 -7.277471808209386381e+02
-5.326367775708025845e-03 9.557170354854935615e-03 -8.814757258677885857e-03 5.306839908321749240e-03 -2.237649065907422723e-03 1.077500729420706113e-02 -7.307657999200778249e+02
-5.348344349952628175e-03 9.592898084840394135e-03 -8.844816160441830097e-03 5.324295500719713678e-03 -2.244461288571470651e-03 1.080709554779372104e-02 -7.337839662044309534e+02
-5.370317425235944866e-03 9.628586680941393292e-03 -8.874813904460600658e-03 5.341708924846736220e-03 -2.251251986974737735e-03 1.083907131413310368e-02 -7.368016794645880054e+02
-5.392286999889618626e-03 9.664236115619853629e-03 -8.904750459172203203e-03 5.359080128876224369e-03 -2.258021117472101304e-03 1.087093481857611538e-02 -7.398189394946820130e+02
-5.414253072233538543e-03 9.699846361274980233e-03 -8.934625795125930234e-03 5.376409069951100864e-03 -2.264768577607575387e-03 1.090268549073583615e-02 -7.428357460872726961e+02
-5.436215640596589113e-03 9.735417390175126265e-03 -8.964439882269567561e-03 5.393695720834512305e-03 -2.271494248324837026e-03 1.093432377960083801e-02 -7.458520990360153746e+02
-5.458174703290396938e-03 9.770949174473382917e-03 -8.994192691920054050e-03 5.410940046520324419e-03 -2.278198030000254393e-03 1.096584983965146788e-02 -7.488679981323617767e+02
-5.480130258651827978e-03 9.806441685911743145e-03 -9.023884197050793463e-03 5.428142023251301441e-03 -2.284879690913100246e-03 1.099726361521361460e-02 -7.518834431706584382e+02
-5.502082304994301669e-03 9.841894895833385240e-03 -9.053514368995756179e-03 5.445301643712573310e-03 -2.291539096327948211e-03 1.102856532559834749e-02 -7.548984339414720353e+02
-5.524030840652699448e-03 9.877308775555766751e-03 -9.083083177180855533e-03 5.462418901117689282e-03 -2.298176064021936055e-03 1.105975488396485594e-02 -7.579129702387390353e+02
-5.545975863941898787e-03 9.912683296484200296e-03 -9.112590592564697237e-03 5.479493789988609462e-03 -2.304790532755623175e-03 1.109083235667887059e-02 -7.609270518534742678e+02
-5.567917373184783775e-03 9.948018429948165056e-03 -9.142036584488803796e-03 5.496526308273367613e-03 -2.311382368909169985e-03 1.112179743154935972e-02 -7.639406785778797939e+02
-5.589855366694810278e-03 9.983314147390330920e-03 -9.171421113137283310e-03 5.513516469299601340e-03 -2.317951502504065221e-03 1.115265066023556073e-02 -7.669538502030982272e+02
-5.611789842790147406e-03 1.001857042023039136e-02 -9.200744140084954337e-03 5.530464271892975708e-03 -2.324497808876772008e-03 1.118339090573244356e-02 -7.699665665209408871e+02
-5.633720799773477526e-03 1.005378721978813540e-02 -9.230005624257860142e-03 5.547369740049177232e-03 -2.331021345528424410e-03 1.121401909473655756e-02 -7.729788273216994412e+02
-5.655648235962292339e-03 1.008896451714944888e-02 -9.259205523346815056e-03 5.564232886770088468e-03 -2.337522214495236540e-03 1.124453488090298992e-02 -7.759906323978341334e+02
-5.677572149646576902e-03 1.012410228339902935e-02 -9.288343789433340866e-03 5.581053692047813902e-03 -2.344000569907070484e-03 1.127493810890966425e-02 -7.790019815379775991e+02
-5.699492539142428198e-03 1.015920048979736083e-02 -9.317420379937503203e-03 5.597832127958560916e-03 -2.350456577418255470e-03 1.130522897221128246e-02 -7.820128745341622789e+02
-5.721409402758502113e-03 1.019425910785287485e-02 -9.346435250207811227e-03 5.614568156601098745e-03 -2.356890393490736462e-03 1.133540730959761711e-02 -7.850233111767597620e+02
-5.743322738788743213e-03 1.022927810920210706e-02 -9.375388355589979461e-03 5.631261731080976392e-03 -2.363302084714504359e-03 1.136547326608806224e-02 -7.880332912545443378e+02
-5.765232545523289211e-03 1.026425746554357477e-02 -9.404279653413980672e-03 5.647912802881808504e-03 -2.369691821756118606e-03 1.139542646643441903e-02 -7.910428145563161024e+02
-5.787138821259352889e-03 1.029919714857164756e-02 -9.433109108557272832e-03 5.664521328235068084e-03 -2.376059467794794464e-03 1.142526714467809873e-02 -7.940518808723572874e+02
-5.809041564285967810e-03 1.033409713010489950e-02 -9.461876680983768648e-03 5.681087262594830024e-03 -2.382405213972745538e-03 1.145499529380220212e-02 -7.970604899920518847e+02
-5.830940772885888704e-03 1.036895738206626040e-02 -9.490582336339436348e-03 5.697610563708775493e-03 -2.388729138347545685e-03 1.148461068359193059e-02 -8.000686417038741638e+02
-5.852836445340708904e-03 1.040377787615429962e-02 -9.519226037920772848e-03 5.714091178066814034e-03 -2.395031300677876850e-03 1.151411327147345773e-02 -8.030763357967772436e+02
-5.874728579912299672e-03 1.043855858373382052e-02 -9.547807756332352819e-03 5.730529064391542277e-03 -2.401311716812023090e-03 1.154350313412737770e-02 -8.060835720573730896e+02
-5.896617174887717854e-03 1.047329947596723973e-02 -9.576327465796547964e-03 5.746924192781894224e-03 -2.407570261755824850e-03 1.157277985539625041e-02 -8.090903502757645356e+02
-5.918502228543990988e-03 1.050800052378998706e-02 -9.604785141238646878e-03 5.763276539815877231e-03 -2.413806901439399799e-03 1.160194365563608186e-02 -8.120966702400907025e+02
-5.940383739169462218e-03 1.054266169776624067e-02 -9.633180757950693396e-03 5.779586087938944072e-03 -2.420021479992288602e-03 1.163099464134146298e-02 -8.151025317388847498e+02
-5.962261705041817413e-03 1.057728296834277264e-02 -9.661514281579261162e-03 5.795852844084067174e-03 -2.426213896268941857e-03 1.165993286464370518e-02 -8.181079345587901344e+02
-5.984136124443990845e-03 1.061186430589242807e-02 -9.689785675416246608e-03 5.812076805057716025e-03 -2.432383980300786928e-03 1.168875830016351605e-02 -8.211128784870812751e+02
-6.006006995659651446e-03 1.064640568075406364e-02 -9.717994898793573186e-03 5.828257982367344471e-03 -2.438531597723900182e-03 1.171747102897102016e-02 -8.241173633113436381e+02
-6.027874316971151489e-03 1.068090706343132953e-02 -9.746141914325174432e-03 5.844396382415414405e-03 -2.444656578735500841e-03 1.174607087780825745e-02 -8.271213888196760990e+02
-6.049738086653440317e-03 1.071536842447225711e-02 -9.774226677456879231e-03 5.860492010272777552e-03 -2.450758724356085459e-03 1.177455795030081867e-02 -8.301249547985146364e+02
-6.071598302975827685e-03 1.074978973444843007e-02 -9.802249154530691053e-03 5.876544872557377952e-03 -2.456837874129993559e-03 1.180293223657613751e-02 -8.331280610325650287e+02
-6.093454964242938851e-03 1.078417096382163973e-02 -9.830209308145963082e-03 5.892554966910986541e-03 -2.462894135694889113e-03 1.183119358967892401e-02 -8.361307073111813679e+02
-6.115308068715403014e-03 1.081851208312329879e-02 -9.858107096085269583e-03 5.908522271612349185e-03 -2.468927520914445794e-03 1.185934261836108644e-02 -8.391328934177994370e+02
-6.137157614671508860e-03 1.085281306296563726e-02 -9.885942471423303166e-03 5.924446762166002065e-03 -2.474938086017720168e-03 1.188737881818129061e-02 -8.421346191389978912e+02
-6.159003600373886590e-03 1.088707387414914775e-02 -9.913715386527561721e-03 5.940328406745425463e-03 -2.480925927010772976e-03 1.191530259509750687e-02 -8.451358842597181820e+02
-6.180846024099602778e-03 1.092129448747987397e-02 -9.941425794071952551e-03 5.956167158740205067e-03 -2.486891201389984304e-03 1.194311355591144881e-02 -8.481366885669768862e+02
-6.202684884080953386e-03 1.095547487388023357e-02 -9.969073653265441912e-03 5.971962978196312943e-03 -2.492834017811368461e-03 1.197081178270453967e-02 -8.511370318431618216e+02
-6.224520178576724468e-03 1.098961500434178333e-02 -9.996658930743685528e-03 5.987715822978009750e-03 -2.498754578226330264e-03 1.199839704562541062e-02 -8.541369138752392018e+02
-6.246351905823861912e-03 1.102371484986193820e-02 -1.002418158838099330e-02 6.003425653570691224e-03 -2.504653262808402992e-03 1.202586943638606423e-02 -8.571363344474567612e+02
-6.268180064060303869e-03 1.105777438149331549e-02 -1.005164158981941037e-02 6.019092411764245289e-03 -2.510530076999247222e-03 1.205322849561541072e-02 -8.601352933443218944e+02
-6.290004651506736662e-03 1.109179357025066696e-02 -1.007903889834800039e-02 6.034716063276508898e-03 -2.516385225398486223e-03 1.208047410701234073e-02 -8.631337903475440498e+02
-6.311825666426065448e-03 1.112577238667223668e-02 -1.010637347860634215e-02 6.050296554812579705e-03 -2.522218687558642081e-03 1.210760653127200895e-02 -8.661318252450840873e+02
-6.333643107031023713e-03 1.115971080111427538e-02 -1.013364530089214469e-02 6.065833862133803225e-03 -2.528030453560172613e-03 1.213462537189934944e-02 -8.691293978177598092e+02
-6.355456971562058015e-03 1.119360878352729238e-02 -1.016085434054309414e-02 6.081327967479174118e-03 -2.533820449796016401e-03 1.216153084411784706e-02 -8.721265078493959209e+02
-6.377267258267239024e-03 1.122746630360101083e-02 -1.018800056779833353e-02 6.096778864615314854e-03 -2.539588553569680288e-03 1.218832272909806287e-02 -8.751231551241055513e+02
-6.399073965395135274e-03 1.126128333085832725e-02 -1.021508395025929120e-02 6.112186556925859084e-03 -2.545334572841608141e-03 1.221500165916160861e-02 -8.781193394250714164e+02
-6.420877091196418654e-03 1.129505983474799607e-02 -1.024210444776394932e-02 6.127551029240468732e-03 -2.551058267662740641e-03 1.224156714249792673e-02 -8.811150605346712155e+02
-6.442676633920485160e-03 1.132879578482937598e-02 -1.026906202341855076e-02 6.142872279503890261e-03 -2.556759405801968445e-03 1.226801961711658506e-02 -8.841103182350716452e+02
-6.464472591814600551e-03 1.136249115086366245e-02 -1.029595664026744864e-02 6.158150310167348658e-03 -2.562437762763325900e-03 1.229435891244905037e-02 -8.871051123085831023e+02
-6.486264963120318139e-03 1.139614590258756534e-02 -1.032278825577210082e-02 6.173385126435695230e-03 -2.568093009103317517e-03 1.232058478408953536e-02 -8.900994425367380245e+02
-6.508053746098476158e-03 1.142976000975878467e-02 -1.034955683001449571e-02 6.188576721692569740e-03 -2.573725111253036962e-03 1.234669780714227859e-02 -8.930933087035513154e+02
-6.529838938976379771e-03 1.146333344218684012e-02 -1.037626232217817024e-02 6.203725096067332252e-03 -2.579333936740569287e-03 1.237269777196831066e-02 -8.960867105884635748e+02
-6.551620539993236944e-03 1.149686616954760307e-02 -1.040290469275993203e-02 6.218830225586707144e-03 -2.584919455448128189e-03 1.239858501161874779e-02 -8.990796479733435262e+02
-6.573398547377352040e-03 1.153035816159408457e-02 -1.042948389870611281e-02 6.233892083887573529e-03 -2.590481742358782900e-03 1.242435947454122516e-02 -9.020721206392353224e+02
-6.595172959348463357e-03 1.156380938818991726e-02 -1.045599989659857544e-02 6.248910646472520362e-03 -2.596020936447901526e-03 1.245002064144400122e-02 -9.050641283673051021e+02
-6.616943774125698570e-03 1.159721981930328383e-02 -1.048245263426167591e-02 6.263885872921868755e-03 -2.601537377173628821e-03 1.247556880495973887e-02 -9.080556709388208674e+02
-6.638710989911604000e-03 1.163058942515974616e-02 -1.050884206796888314e-02 6.278817734963098966e-03 -2.607031373617391470e-03 1.250100363346476687e-02 -9.110467481337490199e+02
-6.660474604900317765e-03 1.166391817617936331e-02 -1.053516815358648308e-02 6.293706202508850441e-03 -2.612503248962448708e-03 1.252632536509251313e-02 -9.140373597315546021e+02
-6.682234617289037164e-03 1.169720604261425753e-02 -1.056143085566401546e-02 6.308551223404669679e-03 -2.617953149420973111e-03 1.255153368960347862e-02 -9.170275055118571572e+02
-6.703991025292876590e-03 1.173045299457071804e-02 -1.058763014304549277e-02 6.323352751285919726e-03 -2.623381332894239235e-03 1.257662851962798069e-02 -9.200171852570764486e+02
-6.725743827082753153e-03 1.176365900205563787e-02 -1.061376598246084428e-02 6.338110737739707096e-03 -2.628787797701413222e-03 1.260160969118759994e-02 -9.230063987426977974e+02
-6.747493020881440914e-03 1.179682403464750451e-02 -1.063983834415815725e-02 6.352825153597487472e-03 -2.634172681328449984e-03 1.262647691585988032e-02 -9.259951457506748511e+02
-6.769238604883209831e-03 1.182994806173743446e-02 -1.066584719171505442e-02 6.367495961159154796e-03 -2.639535970640402834e-03 1.265123021027331034e-02 -9.289834260588687584e+02
-6.790980577301597432e-03 1.186303105252844124e-02 -1.069179249499216042e-02 6.382123140241112089e-03 -2.644877477146174039e-03 1.267586949880812261e-02 -9.319712394469036099e+02
-6.812718936330207538e-03 1.189607297610052912e-02 -1.071767422295930722e-02 6.396706677610144477e-03 -2.650197060271036829e-03 1.270039517627814980e-02 -9.349585856906081744e+02
-6.834453680198589176e-03 1.192907380116988228e-02 -1.074349234108998123e-02 6.411246568457017354e-03 -2.655494305946063185e-03 1.272480702350375047e-02 -9.379454645705111488e+02
-6.856184807106554743e-03 1.196203349640927345e-02 -1.076924681196163650e-02 6.425742808752498043e-03 -2.660769126595689989e-03 1.274910546641189364e-02 -9.409318758629541435e+02
-6.877912315264306763e-03 1.199495203044500559e-02 -1.079493759377087025e-02 6.440195393970021658e-03 -2.666021236559545145e-03 1.277329040459435072e-02 -9.439178193462125819e+02
-6.899636202869803212e-03 1.202782937194572278e-02 -1.082056465367233974e-02 6.454604312709140770e-03 -2.671250288612410460e-03 1.279736173395385444e-02 -9.469032947968875078e+02
-6.921356468140472604e-03 1.206066548958262090e-02 -1.084612794860273337e-02 6.468969553131864725e-03 -2.676456077210190299e-03 1.282131960327235511e-02 -9.498883019945369597e+02
-6.943073109254190890e-03 1.209346035220356698e-02 -1.087162743987732383e-02 6.483291103899632354e-03 -2.681638286505371588e-03 1.284516410460608514e-02 -9.528728407134269673e+02
-6.964786124419877766e-03 1.212621392873872682e-02 -1.089706308009076065e-02 6.497568955732596803e-03 -2.686796937317579431e-03 1.286889516717654690e-02 -9.558569107323753542e+02
-6.986495511829571466e-03 1.215892618828405547e-02 -1.092243482163716105e-02 6.511803117151287838e-03 -2.691932105842266987e-03 1.289251328149975707e-02 -9.588405118284900936e+02
-7.008201269655803256e-03 1.219159709996294264e-02 -1.094774261164959892e-02 6.525993573434423975e-03 -2.697043906872916268e-03 1.291601795015022425e-02 -9.618236437771091687e+02
-7.029903396065060629e-03 1.222422663285305938e-02 -1.097298640555964024e-02 6.540140298748662803e-03 -2.702132678170523529e-03 1.293940937015658141e-02 -9.648063063534648336e+02
-7.051601889235565614e-03 1.225681475607256349e-02 -1.099816615999547366e-02 6.554243259162993544e-03 -2.707198767674980945e-03 1.296268721704166987e-02 -9.677884993346983720e+02
-7.073296747335696549e-03 1.228936143886918790e-02 -1.102328183895957825e-02 6.568302409706724965e-03 -2.712242343591468770e-03 1.298585174999248616e-02 -9.707702224963359185e+02
-7.094987968531067495e-03 1.232186665060887309e-02 -1.104833341236489963e-02 6.582317717559050228e-03 -2.717263691237659703e-03 1.300890271386358210e-02 -9.737514756129141915e+02
-7.116675551001445249e-03 1.235433036067406544e-02 -1.107332084594487252e-02 6.596289138327737257e-03 -2.722263084512406128e-03 1.303183959043797968e-02 -9.767322584606356486e+02
-7.138359492888323408e-03 1.238675253845096004e-02 -1.109824410691419988e-02 6.610216633406169884e-03 -2.727240691514451303e-03 1.305466292151294221e-02 -9.797125708108457047e+02
-7.160039792381847623e-03 1.241913315311628067e-02 -1.112310315224515796e-02 6.624100158416064074e-03 -2.732196767307412157e-03 1.307737188874892771e-02 -9.826924124413171739e+02
-7.181716447635209596e-03 1.245147217359173115e-02 -1.114789794417064134e-02 6.637939684939961338e-03 -2.737131218555888517e-03 1.309996679269677389e-02 -9.856717831244276340e+02
-7.203389456806171161e-03 1.248376956835970178e-02 -1.117262844443528066e-02 6.651735173478703390e-03 -2.742043929815667167e-03 1.312244717290404414e-02 -9.886506826342603063e+02
-7.225058818060406222e-03 1.251602530573040981e-02 -1.119729462358515226e-02 6.665486600514345696e-03 -2.746934646688030737e-03 1.314481345042958944e-02 -9.916291107454864004e+02
-7.246724529545619554e-03 1.254823935373134206e-02 -1.122189645202046476e-02 6.679193943152220321e-03 -2.751803257420426703e-03 1.316706535924408450e-02 -9.946070672288693686e+02
-7.268386589437269771e-03 1.258041168004853626e-02 -1.124643390118738005e-02 6.692857197103828024e-03 -2.756649424546198015e-03 1.318920351970929127e-02 -9.975845518591900145e+02
-7.290044995904792526e-03 1.261254225224945832e-02 -1.127090693338916524e-02 6.706476346385591494e-03 -2.761472965373558061e-03 1.321122762141934553e-02 -1.000561564410247570e+03
-7.311699747112214605e-03 1.264463103804659531e-02 -1.129531550453099879e-02 6.720051386285392885e-03 -2.766273543930176590e-03 1.323313791703618729e-02 -1.003538104654930862e+03
-7.333350841200316633e-03 1.267667800539344809e-02 -1.131965956437317768e-02 6.733582302016392906e-03 -2.771050881117600919e-03 1.325493428351539292e-02 -1.006514172363981061e+03
-7.354998276329372323e-03 1.270868312224902007e-02 -1.134393906219560710e-02 6.747069086053195455e-03 -2.775804620145216634e-03 1.327661720293014588e-02 -1.009489767311334049e+03
-7.376642050640905626e-03 1.274064635662621424e-02 -1.136815394429447831e-02 6.760511750021840072e-03 -2.780534761292823790e-03 1.329818660642469522e-02 -1.012464889268342404e+03
-7.398282162292721745e-03 1.277256767652628147e-02 -1.139230416904492976e-02 6.773910272314997982e-03 -2.785241326884602651e-03 1.331964211847340082e-02 -1.015439538007862666e+03
-7.419918609431512373e-03 1.280444705010195909e-02 -1.141638970159078621e-02 6.787264647639882145e-03 -2.789924261296909073e-03 1.334098399131075120e-02 -1.018413713300885888e+03
-7.441551390200050464e-03 1.283628444549760397e-02 -1.144041050522935643e-02 6.800574860225895059e-03 -2.794583892893112535e-03 1.336221231276609606e-02 -1.021387414917990895e+03
-7.463180502752025589e-03 1.286807983088244026e-02 -1.146436654807163856e-02 6.813840876386515269e-03 -2.799220346668017910e-03 1.338332709191719129e-02 -1.024360642631595056e+03
-7.484805945220955950e-03 1.289983317456928034e-02 -1.148825778092693595e-02 6.827062663036662961e-03 -2.803833993345521657e-03 1.340432796083714830e-02 -1.027333396211490708e+03
-7.506427715735885901e-03 1.293154444504605177e-02 -1.151208416820337366e-02 6.840240193465489324e-03 -2.808425108705303683e-03 1.342521490899681660e-02 -1.030305675427147889e+03
-7.528045812433411914e-03 1.296321361086673861e-02 -1.153584566358645952e-02 6.853373441534333678e-03 -2.812994080480000353e-03 1.344598813079663294e-02 -1.033277480049761152e+03
-7.549660233434739125e-03 1.299484064061354367e-02 -1.155954223184194572e-02 6.866462374270828131e-03 -2.817541182315687516e-03 1.346664685945626015e-02 -1.036248809849244935e+03
-7.571270976851523886e-03 1.302642550272604428e-02 -1.158317383830942404e-02 6.879506945179574874e-03 -2.822066536134141233e-03 1.348719142656576615e-02 -1.039219664594261985e+03
-7.592878040802501956e-03 1.305796816534466297e-02 -1.160674044241734489e-02 6.892507107748885309e-03 -2.826570161573456474e-03 1.350762155036243015e-02 -1.042190044054176497e+03
-7.614481423408319023e-03 1.308946859632468575e-02 -1.163024201273147283e-02 6.905462823148308428e-03 -2.831051924042422667e-03 1.352793696145748042e-02 -1.045159947998479083e+03
-7.636081122772157316e-03 1.312092676329853873e-02 -1.165367851309481381e-02 6.918374053025922767e-03 -2.835511776774128287e-03 1.354813768572353354e-02 -1.048129376194789756e+03
-7.657677137020947426e-03 1.315234263360054966e-02 -1.167704990470929023e-02 6.931240767793123321e-03 -2.839949549042872397e-03 1.356822407812263188e-02 -1.051098328413805120e+03
-7.679269464252310926e-03 1.318371617437411047e-02 -1.170035615129595349e-02 6.944062959768178972e-03 -2.844365011089099865e-03 1.358819595412815058e-02 -1.054066804421168399e+03
-7.700858102592382168e-03 1.321504735232645333e-02 -1.172359721356757908e-02 6.956840630097562393e-03 -2.848757978312273145e-03 1.360805362677147863e-02 -1.057034803986939778e+03
-7.722443050157797029e-03 1.324633613409935233e-02 -1.174677304432420605e-02 6.969573755596854790e-03 -2.853127994268547709e-03 1.362779730653550236e-02 -1.060002326879478233e+03
-7.744024305056323478e-03 1.327758248665754197e-02 -1.176988359649235732e-02 6.982262332565327204e-03 -2.857474996692440424e-03 1.364742704287503529e-02 -1.062969372865287596e+03
-7.765601865406920185e-03 1.330878637697966924e-02 -1.179292883026202519e-02 6.994906341465721537e-03 -2.861798586265388699e-03 1.366694262762567502e-02 -1.065935941712411250e+03
-7.787175729320645022e-03 1.333994777202512742e-02 -1.181590870696304536e-02 7.007505766758905311e-03 -2.866098496883204803e-03 1.368634408441860191e-02 -1.068902033187043116e+03
-7.808745894928650032e-03 1.337106663870186313e-02 -1.183882318606134521e-02 7.020060581910316649e-03 -2.870374580155326746e-03 1.370563181078733768e-02 -1.071867647057469867e+03
-7.830312360350496700e-03 1.340214294417065889e-02 -1.186167222084101927e-02 7.032570784562069098e-03 -2.874626844038959735e-03 1.372480498689284713e-02 -1.074832783090133489e+03
-7.851875123685526578e-03 1.343317665578369104e-02 -1.188445577378328608e-02 7.045036366512318939e-03 -2.878855425198715255e-03 1.374386451462336622e-02 -1.077797441049707686e+03
-7.873434183039288922e-03 1.346416774079235712e-02 -1.190717380559605174e-02 7.057457317054451756e-03 -2.883060597683001838e-03 1.376281025774140840e-02 -1.080761620703384324e+03
-7.894989536498329963e-03 1.349511616643219065e-02 -1.192982627360251145e-02 7.069833625943940103e-03 -2.887242693194722910e-03 1.378164142509569375e-02 -1.083725321815850293e+03
-7.916541182162213294e-03 1.352602189999004348e-02 -1.195241313441839336e-02 7.082165261016180532e-03 -2.891401985507224912e-03 1.380035902046299751e-02 -1.086688544153779276e+03
-7.938089118112176892e-03 1.355688490908256438e-02 -1.197493434847270340e-02 7.094452206050379239e-03 -2.895538971218314991e-03 1.381896223954669559e-02 -1.089651287482034377e+03
-7.959633342414871443e-03 1.358770516144541113e-02 -1.199738987555623061e-02 7.106694424021468316e-03 -2.899653782892564011e-03 1.383745079375690162e-02 -1.092613551563605142e+03
-7.981173853170698412e-03 1.361848262464949999e-02 -1.201977967609887087e-02 7.118891875641483388e-03 -2.903746590215472000e-03 1.385582485155673928e-02 -1.095575336166672969e+03
-8.002710648429670753e-03 1.364921726629581174e-02 -1.204210370712247014e-02 7.131044504388143676e-03 -2.907817530900252620e-03 1.387408455627681635e-02 -1.098536641052301320e+03
-8.024243726269716590e-03 1.367990905363915440e-02 -1.206436193143419974e-02 7.143152277955268012e-03 -2.911866653825353167e-03 1.389222940248493500e-02 -1.101497465985575673e+03
-8.045773084751189561e-03 1.371055795378041398e-02 -1.208655430850530225e-02 7.155215160020543183e-03 -2.915893907080841126e-03 1.391025938808198789e-02 -1.104457810729756829e+03
-8.067298721943514175e-03 1.374116393334426020e-02 -1.210868079508928795e-02 7.167233118491190234e-03 -2.919899123659621711e-03 1.392817469610617247e-02 -1.107417675049751097e+03
-8.088820635897716466e-03 1.377172695850860037e-02 -1.213074135570340294e-02 7.179206139577740467e-03 -2.923882114430273894e-03 1.394597561341480788e-02 -1.110377058706766547e+03
-8.110338824712631442e-03 1.380224699505717099e-02 -1.215273595983245962e-02 7.191134211923457149e-03 -2.927842676960957721e-03 1.396366176959612862e-02 -1.113335961466871595e+03
-8.131853286452149845e-03 1.383272400881318046e-02 -1.217466457270931397e-02 7.203017305230681802e-03 -2.931780540987092079e-03 1.398123318763468473e-02 -1.116294383090107658e+03
-8.153364019223209580e-03 1.386315796562188028e-02 -1.219652715399311381e-02 7.214855379756603820e-03 -2.935695174248331794e-03 1.399869018526384186e-02 -1.119252323341746887e+03
-8.174871021084323744e-03 1.389354883161027232e-02 -1.221832366531686552e-02 7.226648422847909911e-03 -2.939586454052719143e-03 1.401603324071975208e-02 -1.122209781980747493e+03
-8.196374290122021219e-03 1.392389657268417597e-02 -1.224005406004602045e-02 7.238396413848587584e-03 -2.943453916563756705e-03 1.403326158010614715e-02 -1.125166758771440300e+03
-8.217873824394247850e-03 1.395420115472593460e-02 -1.226171829109211700e-02 7.250099342784224916e-03 -2.947297436339679864e-03 1.405037593671512944e-02 -1.128123253474053854e+03
-8.239369621973786570e-03 1.398446254363536374e-02 -1.228331631024111477e-02 7.261757198504766204e-03 -2.951117038690716059e-03 1.406737560608547870e-02 -1.131079265850652064e+03
-8.260861680915422556e-03 1.401468070567755964e-02 -1.230484807346483508e-02 7.273369987603010671e-03 -2.954912985027442936e-03 1.408426091123344756e-02 -1.134034795661410499e+03
-8.282349999300766749e-03 1.404485560699380610e-02 -1.232631353990033471e-02 7.284937701856413275e-03 -2.958685318570871033e-03 1.410103179847286593e-02 -1.136989842670929875e+03
-8.303834575147798699e-03 1.407498721393620617e-02 -1.234771266542312486e-02 7.296460345388381362e-03 -2.962434366457706528e-03 1.411768819144895715e-02 -1.139944406635568612e+03
-8.325315406517664815e-03 1.410507549289856388e-02 -1.236904540646533573e-02 7.307937889204532515e-03 -2.966160300747656617e-03 1.413423059354463641e-02 -1.142898487317454737e+03
-8.346792491454112228e-03 1.413512041048273563e-02 -1.239031171975177661e-02 7.319370330720054163e-03 -2.969863578327735631e-03 1.415065840110995600e-02 -1.145852084476842947e+03
-8.368265827982036831e-03 1.416512193354380056e-02 -1.241151156174423800e-02 7.330757628405662821e-03 -2.973544542055622016e-03 1.416697213786930962e-02 -1.148805197872061399e+03
-8.389735414143954101e-03 1.419508002889861842e-02 -1.243264488808356466e-02 7.342099738998680326e-03 -2.977203371762039436e-03 1.418317086110514047e-02 -1.151757827264222669e+03
-8.411201247952665438e-03 1.422499466340918298e-02 -1.245371165762355903e-02 7.353396626399012412e-03 -2.980840268084440289e-03 1.419925510455152980e-02 -1.154709972410665387e+03
-8.432663327447574228e-03 1.425486580355085804e-02 -1.247471182937604471e-02 7.364648245923697753e-03 -2.984455276613042374e-03 1.421522446642918200e-02 -1.157661633071936421e+03
-8.454121650655798542e-03 1.428469341542749384e-02 -1.249564536773510592e-02 7.375854570658885861e-03 -2.988048390937853797e-03 1.423107894398013655e-02 -1.160612809006645421e+03
-8.475576215596802854e-03 1.431447746502545471e-02 -1.251651224200912502e-02 7.387015564017265432e-03 -2.991619411939065807e-03 1.424681814715503432e-02 -1.163563499971334750e+03
-8.497027020314724607e-03 1.434421791776083373e-02 -1.253731242643359514e-02 7.398131183603030847e-03 -2.995168141422114780e-03 1.426244258358256786e-02 -1.166513705725679074e+03
-8.518474062827754989e-03 1.437391473871109035e-02 -1.255804588681277978e-02 7.409201385756229719e-03 -2.998694332192308916e-03 1.427795188519797448e-02 -1.169463426025700755e+03
-8.539917341178579480e-03 1.440356789271759683e-02 -1.257871258436881433e-02 7.420226144687491407e-03 -3.002197727509128312e-03 1.429334654248587758e-02 -1.172412660630303208e+03
-8.561356853399327768e-03 1.443317734450209715e-02 -1.259931248088910251e-02 7.431205428819234217e-03 -3.005677852102988865e-03 1.430862656601641740e-02 -1.175361409296494003e+03
-8.582792597505970594e-03 1.446274305881926556e-02 -1.261984552697928939e-02 7.442139228137841477e-03 -3.009134556607335857e-03 1.432379187473275042e-02 -1.178309671779438304e+03
-8.604224571548888673e-03 1.449226500050312255e-02 -1.264031167737066606e-02 7.453027521490609465e-03 -3.012567603121029964e-03 1.433884216069297377e-02 -1.181257447840129771e+03
-8.625652773517750865e-03 1.452174313460530969e-02 -1.266071088383157080e-02 7.463870311619234810e-03 -3.015976850793208094e-03 1.435377808871989361e-02 -1.184204737231367744e+03
-8.647077201441383948e-03 1.455117742610721743e-02 -1.268104309081781109e-02 7.474667576387152360e-03 -3.019362253699728587e-03 1.436859911590600107e-02 -1.187151539710448333e+03
-8.668497853334939870e-03 1.458056784009609426e-02 -1.270130824511931864e-02 7.485419336876029776e-03 -3.022723950933272393e-03 1.438330560579716665e-02 -1.190097855032754751e+03
-8.689914727220887647e-03 1.460991434167985617e-02 -1.272150629957545173e-02 7.496125589045390773e-03 -3.026061869658736980e-03 1.439789729678585262e-02 -1.193043682955287750e+03
-8.711327821087687037e-03 1.463921689616628011e-02 -1.274163720934025357e-02 7.506786326130654267e-03 -3.029376334900221127e-03 1.441237447267689625e-02 -1.195989023231125657e+03
-8.732737132955524159e-03 1.466847546902592773e-02 -1.276170093882837524e-02 7.517401545936912809e-03 -3.032667589624946699e-03 1.442673710534355530e-02 -1.198933875618135517e+03
-8.754142660804075868e-03 1.469769002603137781e-02 -1.278169744166673082e-02 7.527971222101991801e-03 -3.035935958051588605e-03 1.444098560295981049e-02 -1.201878239868230821e+03
-8.775544402648667586e-03 1.472686053297331786e-02 -1.280162667625938527e-02 7.538495336670751265e-03 -3.039181784528200824e-03 1.445511946774824530e-02 -1.204822115738437333e+03
-8.796942356466792151e-03 1.475598695566813882e-02 -1.282148859547012874e-02 7.548973834087696101e-03 -3.042405358438941918e-03 1.446913851952602928e-02 -1.207765502980119663e+03
-8.818336520265812606e-03 1.478506925990757080e-02 -1.284128316598638804e-02 7.559406691248528321e-03 -3.045606760115680649e-03 1.448304257721214593e-02 -1.210708401348789721e+03
-8.839726892025522031e-03 1.481410741135920188e-02 -1.286101035763799472e-02 7.569793861426500452e-03 -3.048786076103478931e-03 1.449683151575609057e-02 -1.213650810596734573e+03
-8.861113469733805995e-03 1.484310137535901734e-02 -1.288067013958175099e-02 7.580135302771713081e-03 -3.051943135849096399e-03 1.451050549968732964e-02 -1.216592730477690111e+03
-8.882496251362696424e-03 1.487205111702003153e-02 -1.290026248123295888e-02 7.590430960372399234e-03 -3.055077923530142344e-03 1.452406448599101972e-02 -1.219534160743369057e+03
-8.903875234912202868e-03 1.490095660100376057e-02 -1.291978734751733811e-02 7.600680781886403996e-03 -3.058190253192420716e-03 1.453750781330228649e-02 -1.222475101149499324e+03
-8.925250418329892452e-03 1.492981779144905187e-02 -1.293924470339152116e-02 7.610884742387153540e-03 -3.061279961934776708e-03 1.455083624793805305e-02 -1.225415551444796392e+03
-8.946621799604684636e-03 1.495863465202654577e-02 -1.295863450478695715e-02 7.621042813136878757e-03 -3.064346925367653941e-03 1.456404938244486649e-02 -1.228355511383490693e+03
-8.967989376718726521e-03 1.498740714638431212e-02 -1.297795671051973736e-02 7.631154966958954115e-03 -3.067390738075586893e-03 1.457714761010234054e-02 -1.231294980717774024e+03
-8.989353147645593942e-03 1.501613523829918410e-02 -1.299721126474329309e-02 7.641221187623819383e-03 -3.070411246809603024e-03 1.459013085106416856e-02 -1.234233959197831382e+03
-9.010713110367225831e-03 1.504481889169732335e-02 -1.301639811700493372e-02 7.651241467519899128e-03 -3.073408429237276928e-03 1.460299928174703041e-02 -1.237172446575634240e+03
-9.032069262848075111e-03 1.507345807073805916e-02 -1.303551721283880034e-02 7.661215800322028133e-03 -3.076381946035474345e-03 1.461575244711609683e-02 -1.240110442601242767e+03
-9.053421603071312371e-03 1.510205273941775568e-02 -1.305456850050203642e-02 7.671144189820270146e-03 -3.079331719982707390e-03 1.462839087499363810e-02 -1.243047947027091823e+03
-9.074770129010006903e-03 1.513060286166238028e-02 -1.307355192617840403e-02 7.681026636114587740e-03 -3.082257712982843911e-03 1.464091446935689676e-02 -1.245984959603640846e+03
-9.096114838621235585e-03 1.515910840162911638e-02 -1.309246743809087780e-02 7.690863128713450528e-03 -3.085159948363155446e-03 1.465332306936898213e-02 -1.248921480079274716e+03
-9.117455729873468959e-03 1.518756932359184575e-02 -1.311131499235253586e-02 7.700653660142071227e-03 -3.088038543730739667e-03 1.466561683969544796e-02 -1.251857508204020633e+03
-9.138792800725183824e-03 1.521598559184241667e-02 -1.313009455426404105e-02 7.710398223211067069e-03 -3.090893764458746678e-03 1.467779600012747085e-02 -1.254793043726825772e+03
-9.160126049146262786e-03 1.524435717089121095e-02 -1.314880608500014481e-02 7.720096795832702766e-03 -3.093725826897545956e-03 1.468986058684805009e-02 -1.257728086398268715e+03
-9.181455473094575492e-03 1.527268402545180898e-02 -1.316744955104906176e-02 7.729749357061000727e-03 -3.096535018659083479e-03 1.470181074479345006e-02 -1.260662635967012648e+03
-9.202781070508545339e-03 1.530096612028991263e-02 -1.318602491131909589e-02 7.739355862681874566e-03 -3.099321489577006473e-03 1.471364567549777666e-02 -1.263596692179664160e+03
-9.224102839348422012e-03 1.532920342016281731e-02 -1.320453213420171718e-02 7.748916275674886354e-03 -3.102085381618102655e-03 1.472536587540835759e-02 -1.266530254786962814e+03
-9.245420777532828774e-03 1.535739588994007067e-02 -1.322297118371227632e-02 7.758430559742669069e-03 -3.104826839502248300e-03 1.473697069169733684e-02 -1.269463323534939036e+03
-9.266734882996466305e-03 1.538554349405919612e-02 -1.324134202510445987e-02 7.767898667044872106e-03 -3.107545934671589009e-03 1.474846028897815707e-02 -1.272395898172560692e+03
-9.288045153661359660e-03 1.541364619650557009e-02 -1.325964461883852134e-02 7.777320550056610396e-03 -3.110242620788375607e-03 1.475983452655516004e-02 -1.275327978446696306e+03
-9.309351587451147186e-03 1.544170396093660913e-02 -1.327787892993016576e-02 7.786696171461274935e-03 -3.112916908828444219e-03 1.477109308090653744e-02 -1.278259564103706452e+03
-9.330654182307227332e-03 1.546971675073467375e-02 -1.329604491734217957e-02 7.796025480765806336e-03 -3.115568753880487967e-03 1.478223679299356386e-02 -1.281190654892508746e+03
-9.351952936147279669e-03 1.549768452884982967e-02 -1.331414253678314327e-02 7.805308463813908672e-03 -3.118197864535645833e-03 1.479326495531095402e-02 -1.284121250558134989e+03
-9.373247846896892374e-03 1.552560725798284025e-02 -1.333217174000357781e-02 7.814545103549643684e-03 -3.120804189739127214e-03 1.480417759995737020e-02 -1.287051350846141986e+03
-9.394538912489865806e-03 1.555348490087388354e-02 -1.335013247079138744e-02 7.823735385768479725e-03 -3.123387477005353657e-03 1.481497557394839681e-02 -1.289980955502707047e+03
-9.415826130874967517e-03 1.558131742039324356e-02 -1.336802467197185582e-02 7.832879291807594638e-03 -3.125947524805540619e-03 1.482565758576280882e-02 -1.292910064275721879e+03
-9.437109499956027048e-03 1.560910477972674189e-02 -1.338584829216473392e-02 7.841976813993366269e-03 -3.128484123184976495e-03 1.483622475396888241e-02 -1.295838676907071203e+03
-9.458389017673223334e-03 1.563684694186171648e-02 -1.340360328064660149e-02 7.851027963524289874e-03 -3.130997025843540796e-03 1.484667675997033108e-02 -1.298766793142960751e+03
-9.479664681960051423e-03 1.566454386966159573e-02 -1.342128958574580547e-02 7.860032697550459538e-03 -3.133485949023952829e-03 1.485701351537161569e-02 -1.301694412728675161e+03
-9.500936490735486725e-03 1.569219552608187851e-02 -1.343890716652407051e-02 7.868991014181703214e-03 -3.135950887587141134e-03 1.486723564341059685e-02 -1.304621535407398369e+03
-9.522204441921774606e-03 1.571980187400796522e-02 -1.345645597677292728e-02 7.877902896942080499e-03 -3.138391897827343645e-03 1.487734262097819421e-02 -1.307548160923332262e+03
-9.543468533424441166e-03 1.574736287654088934e-02 -1.347393598823574609e-02 7.886768348287144514e-03 -3.140809093326419991e-03 1.488733496330185702e-02 -1.310474289019519802e+03
-9.564728763164116743e-03 1.577487849687538024e-02 -1.349134716246975368e-02 7.895587350916331501e-03 -3.143202739408179538e-03 1.489721231458924697e-02 -1.313399919441591464e+03
-9.585985129032609242e-03 1.580234869862302480e-02 -1.350868946038745640e-02 7.904359878959038924e-03 -3.145573117980179044e-03 1.490697549786319798e-02 -1.316325051931459257e+03
-9.607237628935789975e-03 1.582977344556902796e-02 -1.352596284708082811e-02 7.913085915810596019e-03 -3.147920595613774679e-03 1.491662352220619533e-02 -1.319249686233367584e+03
-9.628486260735799607e-03 1.585715270149226641e-02 -1.354316728093573480e-02 7.921765413075541537e-03 -3.150245190023762219e-03 1.492615656029613880e-02 -1.322173822086219616e+03
-9.649731022352279683e-03 1.588448642997471877e-02 -1.356030272127343485e-02 7.930398340312078825e-03 -3.152547263917014880e-03 1.493557400996318660e-02 -1.325097459237261319e+03
-9.670971911647075966e-03 1.591177459472676442e-02 -1.357736912515162923e-02 7.938984665640632515e-03 -3.154827131988535358e-03 1.494487593629712299e-02 -1.328020597425271262e+03
-9.692208926497336216e-03 1.593901715894619972e-02 -1.359436645311640386e-02 7.947524329803206528e-03 -3.157084693740831813e-03 1.495406240237307297e-02 -1.330943236391480696e+03
-9.713442064809195420e-03 1.596621408527048105e-02 -1.361129466611865971e-02 7.956017299857003067e-03 -3.159320049669920270e-03 1.496313295444099203e-02 -1.333865375881098544e+03
-9.734671324415519050e-03 1.599336533630716164e-02 -1.362815372112047285e-02 7.964463541741354652e-03 -3.161533039092025849e-03 1.497208817010135806e-02 -1.336787015628798372e+03
-9.755896703238658291e-03 1.602047087406474613e-02 -1.364494357464392932e-02 7.972863021061470448e-03 -3.163723549688939995e-03 1.498092791435075635e-02 -1.339708155380990092e+03
-9.777118199137038029e-03 1.604753066043153320e-02 -1.366166417792528606e-02 7.981215722013990099e-03 -3.165891479742514048e-03 1.498965193419876316e-02 -1.342628794874249252e+03
-9.798335810001352481e-03 1.607454465696867354e-02 -1.367831547527418104e-02 7.989521621342235772e-03 -3.168036444098252039e-03 1.499826064026500358e-02 -1.345548933849270270e+03
-9.819549533732221946e-03 1.610151282539163536e-02 -1.369489740886103805e-02 7.997780692631949531e-03 -3.170158164636283516e-03 1.500675372194043393e-02 -1.348468572047622047e+03
-9.840759368184043288e-03 1.612843512774109894e-02 -1.371140992959715352e-02 8.005992908881473524e-03 -3.172256181306354512e-03 1.501513149723288781e-02 -1.351387709204678686e+03
-9.861965311250966287e-03 1.615531152598649600e-02 -1.372785299066277796e-02 8.014158259216400473e-03 -3.174330126062525383e-03 1.502339423182269193e-02 -1.354306345061512729e+03
-9.883167360817518218e-03 1.618214198182915328e-02 -1.374422654572296162e-02 8.022276729475386406e-03 -3.176379861583947424e-03 1.503154153006354410e-02 -1.357224479358343160e+03
-9.904365514748578875e-03 1.620892645674678473e-02 -1.376053055712302131e-02 8.030348321364851050e-03 -3.178405295039747006e-03 1.503957440698061934e-02 -1.360142111833298259e+03
-9.925559770889335470e-03 1.623566491218299615e-02 -1.377676498651699173e-02 8.038373032273027699e-03 -3.180406531613299594e-03 1.504749206513587671e-02 -1.363059242222244848e+03
-9.946750127112241602e-03 1.626235730987718453e-02 -1.379292979385488352e-02 8.046350854086638943e-03 -3.182383830369933404e-03 1.505529557454404928e-02 -1.365975870265642243e+03
-9.967936581258282983e-03 1.628900361198157634e-02 -1.380902493926986462e-02 8.054281766560663844e-03 -3.184337306241816386e-03 1.506298367892873295e-02 -1.368891995699386598e+03
-9.989119131190051307e-03 1.631560378112942647e-02 -1.382505037797408971e-02 8.062165770237293694e-03 -3.186267367670429698e-03 1.507055733944591240e-02 -1.371807618261920197e+03
-1.001029777475233480e-02 1.634215778016478993e-02 -1.384100606537988151e-02 8.070002852252943296e-03 -3.188174394288664868e-03 1.507801568602479790e-02 -1.374722737689470023e+03
-1.003147250979024782e-02 1.636866557190110039e-02 -1.385689195297507004e-02 8.077792965396457525e-03 -3.190058946990013706e-03 1.508535840161640169e-02 -1.377637353719434714e+03
-1.005264333413156269e-02 1.639512711902086500e-02 -1.387270800270913595e-02 8.085536088111262149e-03 -3.191921102943479169e-03 1.509258560877612884e-02 -1.380551466086928258e+03
-1.007381024563155231e-02 1.642154238395887242e-02 -1.388845416847957204e-02 8.093232163233042217e-03 -3.193761097747558134e-03 1.509969715361697204e-02 -1.383465074530129414e+03
-1.009497324210497510e-02 1.644791132893958299e-02 -1.390413041645939540e-02 8.100881146604368283e-03 -3.195578888213927889e-03 1.510669293889041823e-02 -1.386378178781869110e+03
-1.011613232140469443e-02 1.647423391578493532e-02 -1.391973670733539191e-02 8.108482982503118983e-03 -3.197374418749069930e-03 1.511357251690081949e-02 -1.389290778580739470e+03
-1.013728748132756118e-02 1.650051010601135543e-02 -1.393527299719611069e-02 8.116037625427952040e-03 -3.199147680926443978e-03 1.512033676365000419e-02 -1.392202873657046894e+03
-1.015843871973126644e-02 1.652673986073563764e-02 -1.395073924121120919e-02 8.123545049567276743e-03 -3.200898456116008442e-03 1.512698476594852987e-02 -1.395114463748762319e+03
-1.017958603443287931e-02 1.655292314086468167e-02 -1.396613539035304087e-02 8.131005236240027717e-03 -3.202626474795137318e-03 1.513351763028296555e-02 -1.398025548587670073e+03
-1.020072942326477605e-02 1.657905990703521099e-02 -1.398146137996422386e-02 8.138418142970818905e-03 -3.204331275891761626e-03 1.513993468420671111e-02 -1.400936127908084018e+03
-1.022186888404966534e-02 1.660515011977901217e-02 -1.399671716437693968e-02 8.145783738975542407e-03 -3.206012336661107683e-03 1.514623709217669152e-02 -1.403846201443187965e+03
-1.024300441463303971e-02 1.663119373951604460e-02 -1.401190269417832389e-02 8.153102015083880938e-03 -3.207669585008214846e-03 1.515242404598242734e-02 -1.406755768929585201e+03
-1.026413601281279432e-02 1.665719072662460998e-02 -1.402701793381922954e-02 8.160372964081357219e-03 -3.209302657054461001e-03 1.515849578707177507e-02 -1.409664830096776996e+03
-1.028526367642017096e-02 1.668314104140372275e-02 -1.404206284661745248e-02 8.167596585148824417e-03 -3.210911353389560557e-03 1.516445278643644909e-02 -1.412573384678783668e+03
-1.030638740327517386e-02 1.670904464416412410e-02 -1.405703738944092708e-02 8.174772887165979857e-03 -3.212495653744667015e-03 1.517029423822019440e-02 -1.415481432408255387e+03
-1.032750719117440409e-02 1.673490149546713601e-02 -1.407194150694718315e-02 8.181901871316236280e-03 -3.214055666039984400e-03 1.517602119006400407e-02 -1.418388973015539477e+03
-1.034862303795724796e-02 1.676071155604001717e-02 -1.408677514482348583e-02 8.188983547165530272e-03 -3.215591734151859813e-03 1.518163316190371780e-02 -1.421296006237390202e+03
-1.036973494139155176e-02 1.678647478712299787e-02 -1.410153826245626185e-02 8.196017898159355802e-03 -3.217104100610506182e-03 1.518712960430996031e-02 -1.424202531800230872e+03
-1.039084289929336630e-02 1.681219115018328311e-02 -1.411623081644249739e-02 8.203004907439378698e-03 -3.218593307438612390e-03 1.519251136345123494e-02 -1.427108549436939938e+03
-1.041194690946406834e-02 1.683786060671244728e-02 -1.413085276345093892e-02 8.209944538430198266e-03 -3.220059639814721545e-03 1.519777750743844802e-02 -1.430014058878168271e+03
-1.043304696968858428e-02 1.686348311832836303e-02 -1.414540406330845428e-02 8.216836767279068338e-03 -3.221503446915946218e-03 1.520292803462319937e-02 -1.432919059853161116e+03
-1.045414307777939658e-02 1.688905864657109027e-02 -1.415988467462571399e-02 8.223681542868224378e-03 -3.222924880964281834e-03 1.520796251460244247e-02 -1.435823552095666628e+03
-1.047523523150058547e-02 1.691458715308480354e-02 -1.417429455337233107e-02 8.230478793702492024e-03 -3.224323948207689309e-03 1.521288127670169556e-02 -1.438727535331826402e+03
-1.049632342863768449e-02 1.694006859922633085e-02 -1.418863365821232576e-02 8.237228476243366876e-03 -3.225700759105777984e-03 1.521768402495719645e-02 -1.441631009291388182e+03
-1.051740766695978373e-02 1.696550294584810853e-02 -1.420290193605877778e-02 8.243930518160153681e-03 -3.227055068805330298e-03 1.522237094248887063e-02 -1.444533973702739559e+03
-1.053848794425229010e-02 1.699089015334982050e-02 -1.421709933968648421e-02 8.250584898938258943e-03 -3.228386922074211445e-03 1.522694242090912552e-02 -1.447436428296634858e+03
-1.055956425826135719e-02 1.701623018176701488e-02 -1.423122583380888664e-02 8.257191594078812716e-03 -3.229696009411096250e-03 1.523139839650184194e-02 -1.450338372797605871e+03
-1.058063660679211745e-02 1.704152299052759389e-02 -1.424528137717075323e-02 8.263750555992328828e-03 -3.230982019543803072e-03 1.523573892714502782e-02 -1.453239806938106994e+03
-1.060170498759576557e-02 1.706676853883342185e-02 -1.425926592396037709e-02 8.270261772824695837e-03 -3.232244763698503744e-03 1.523996456734730970e-02 -1.456140730442303948e+03
-1.062276939846625197e-02 1.709196678559914140e-02 -1.427317942573867043e-02 8.276725239836633594e-03 -3.233483849584530868e-03 1.524407473567263374e-02 -1.459041143040408542e+03
-1.064382983715818874e-02 1.711711769003377778e-02 -1.428702182421916905e-02 8.283140952682592137e-03 -3.234698989918423102e-03 1.524806938544307627e-02 -1.461941044457259068e+03
-1.066488630145134148e-02 1.714222121141459679e-02 -1.430079307345729495e-02 8.289508923160304396e-03 -3.235889982374970473e-03 1.525194911254672790e-02 -1.464840434420729252e+03
-1.068593878911182869e-02 1.716727730901632110e-02 -1.431449312696658933e-02 8.295829158188848529e-03 -3.237056617092342378e-03 1.525571328844079790e-02 -1.467739312656621223e+03
-1.070698729790948468e-02 1.719228594203665861e-02 -1.432812194480078370e-02 8.302101657280772443e-03 -3.238198926591774954e-03 1.525936249698751392e-02 -1.470637678891876476e+03
-1.072803182559358554e-02 1.721724706983347036e-02 -1.434167947529362344e-02 8.308326415521878616e-03 -3.239317043604632296e-03 1.526289651853426910e-02 -1.473535532851052949e+03
-1.074907236992796861e-02 1.724216065207217694e-02 -1.435516567981304920e-02 8.314503419283757885e-03 -3.240411240762805425e-03 1.526631528554751871e-02 -1.476432874261234247e+03
-1.077010892864541450e-02 1.726702664888370847e-02 -1.436858050294566660e-02 8.320632639727753091e-03 -3.241481952163701667e-03 1.526961834375242973e-02 -1.479329702844760959e+03
-1.079114149951657629e-02 1.729184502040418195e-02 -1.438192390341693286e-02 8.326714056002656322e-03 -3.242529323812262665e-03 1.527280603572444585e-02 -1.482226018328876989e+03
-1.081217008029278399e-02 1.731661572705311264e-02 -1.439519583143721200e-02 8.332747620061167065e-03 -3.243553791562052598e-03 1.527587855129527820e-02 -1.485121820438354689e+03
-1.083319466870062003e-02 1.734133872952505276e-02 -1.440839624289215123e-02 8.338733293223113407e-03 -3.244555520150928067e-03 1.527883508922382901e-02 -1.488017108895823412e+03
-1.085421526245024769e-02 1.736601398851043976e-02 -1.442152508599810201e-02 8.344671012697315107e-03 -3.245534565306349047e-03 1.528167625880232430e-02 -1.490911883422343180e+03
-1.087523185930110332e-02 1.739064146442304351e-02 -1.443458230666800485e-02 8.350560719318644506e-03 -3.246491120976325966e-03 1.528440182220695831e-02 -1.493806143745452118e+03
-1.089624445696031271e-02 1.741522111727566643e-02 -1.444756787047161116e-02 8.356402354362321358e-03 -3.247425069395010102e-03 1.528701166500663101e-02 -1.496699889585561095e+03
-1.091725305313911119e-02 1.743975290654512997e-02 -1.446048174271133066e-02 8.362195881200835609e-03 -3.248336610768017864e-03 1.528950633390058558e-02 -1.499593120664275375e+03
-1.093825764557973014e-02 1.746423679122597120e-02 -1.447332388686328047e-02 8.367941262429120369e-03 -3.249225542141059159e-03 1.529188459073609757e-02 -1.502485836708018496e+03
-1.095925823195127366e-02 1.748867273005271991e-02 -1.448609425113065244e-02 8.373638492374095577e-03 -3.250091842478366674e-03 1.529414780978202194e-02 -1.505378037431925804e+03
-1.098025481002288042e-02 1.751306068110236591e-02 -1.449879279483190682e-02 8.379287575822612702e-03 -3.250935215063113955e-03 1.529629593818195542e-02 -1.508269722564209815e+03
-1.100124737749156451e-02 1.753740060225500441e-02 -1.451141946079173052e-02 8.384888496995793541e-03 -3.251755265579395118e-03 1.529832827091182242e-02 -1.511160891821806445e+03
-1.102223593208140513e-02 1.756169245114017063e-02 -1.452397420369984371e-02 8.390441269668149141e-03 -3.252551693509137063e-03 1.530024595938843206e-02 -1.514051544925956250e+03
-1.104322047153827140e-02 1.758593618546857446e-02 -1.453645697283064905e-02 8.395945868760669450e-03 -3.253324144978728388e-03 1.530204724503771846e-02 -1.516941681601122127e+03
-1.106420099353444368e-02 1.761013176337845876e-02 -1.454886773363068056e-02 8.401402299017174391e-03 -3.254072206295419330e-03 1.530373336289839875e-02 -1.519831301561604960e+03
-1.108517749581391758e-02 1.763427914312216613e-02 -1.456120643900962221e-02 8.406810553253801083e-03 -3.254795847822023087e-03 1.530530423274143251e-02 -1.522720404531735994e+03
-1.110614997607307051e-02 1.765837828299524764e-02 -1.457347304222071128e-02 8.412170618997931101e-03 -3.255495094020600076e-03 1.530675918159328866e-02 -1.525608990229206711e+03
-1.112711843202196516e-02 1.768242914142477418e-02 -1.458566749253302139e-02 8.417482495939140885e-03 -3.256170216268291975e-03 1.530809930544782711e-02 -1.528497058374776088e+03
-1.114808286134079222e-02 1.770643167720767006e-02 -1.459778972675991431e-02 8.422746139438400115e-03 -3.256821338230839625e-03 1.530932416688579080e-02 -1.531384608685101057e+03
-1.116904326172845664e-02 1.773038584912403973e-02 -1.460983970280609404e-02 8.427961531790111385e-03 -3.257448725527840091e-03 1.531043350922754905e-02 -1.534271640878770995e+03
-1.118999963088233504e-02 1.775429161594776692e-02 -1.462181737156601109e-02 8.433128623756879286e-03 -3.258052633231038782e-03 1.531142801197067117e-02 -1.537158154673724994e+03
-1.121095196650006252e-02 1.777814893686190806e-02 -1.463372267441988978e-02 8.438247373153530059e-03 -3.258633459753384597e-03 1.531230727522840847e-02 -1.540044149788953519e+03
-1.123190026625179097e-02 1.780195777134720159e-02 -1.464555556948286125e-02 8.443317726130840015e-03 -3.259191359931197952e-03 1.531307133206512641e-02 -1.542929625940950928e+03
-1.125284452778961206e-02 1.782571807888868806e-02 -1.465731600866749564e-02 8.448339621148536274e-03 -3.259726723202890485e-03 1.531371936289096375e-02 -1.545814582844808228e+03
-1.127378474881116782e-02 1.784942981846792190e-02 -1.466900394022062695e-02 8.453313004143895790e-03 -3.260239758605230128e-03 1.531425230298439494e-02 -1.548699020221426281e+03
-1.129472092696183309e-02 1.787309294879663168e-02 -1.468061932641354789e-02 8.458237862507590049e-03 -3.260730491818414432e-03 1.531466940664041876e-02 -1.551582937783796524e+03
-1.131565305990634047e-02 1.789670742790218372e-02 -1.469216212728766471e-02 8.463114169074083606e-03 -3.261198992633194266e-03 1.531497075599916498e-02 -1.554466335247574079e+03
-1.133658114531192751e-02 1.792027321324707323e-02 -1.470363230436528071e-02 8.467941897010037092e-03 -3.261644972180822999e-03 1.531515657393267560e-02 -1.557349212328661679e+03
-1.135750518085547160e-02 1.794379026175283581e-02 -1.471502981998919560e-02 8.472721048423561066e-03 -3.262068198939601250e-03 1.531522704837656734e-02 -1.560231568744329934e+03
-1.137842516418081755e-02 1.796725853013411700e-02 -1.472635463508041066e-02 8.477451639342143894e-03 -3.262468398217015491e-03 1.531518158402634180e-02 -1.563113404206327914e+03
-1.139934109296761831e-02 1.799067797479709727e-02 -1.473760670442019263e-02 8.482133646580059666e-03 -3.262845017018817673e-03 1.531502077531605999e-02 -1.565994718430380999e+03
-1.142025296488352604e-02 1.801404855251531600e-02 -1.474878597745438863e-02 8.486767060400869297e-03 -3.263197573810873182e-03 1.531474407786354887e-02 -1.568875511131253688e+03
-1.144116077757166561e-02 1.803737022047091632e-02 -1.475989239613753612e-02 8.491351864175775491e-03 -3.263525882938930495e-03 1.531435265405621873e-02 -1.571755782021161167e+03
-1.146206452869990254e-02 1.806064293589710115e-02 -1.477092591388939891e-02 8.495888052524975739e-03 -3.263829677503734747e-03 1.531384484494827461e-02 -1.574635530815583252e+03
-1.148296421590534744e-02 1.808386665592414885e-02 -1.478188649068793749e-02 8.500375609675075300e-03 -3.264108849074982138e-03 1.531322209178850695e-02 -1.577514757224696950e+03
-1.150385983685554489e-02 1.810704133754441336e-02 -1.479277407500303489e-02 8.504814512605256283e-03 -3.264363466751212927e-03 1.531248454887771705e-02 -1.580393460963437292e+03
-1.152475138919517930e-02 1.813016693797830231e-02 -1.480358861213746692e-02 8.509204745811019960e-03 -3.264593791546564067e-03 1.531163166668515936e-02 -1.583271641744247290e+03
-1.154563887055132590e-02 1.815324341452148951e-02 -1.481433004302952841e-02 8.513546278928091002e-03 -3.264800007803962765e-03 1.531066406936955684e-02 -1.586149299277187083e+03
-1.156652227856202163e-02 1.817627072456400733e-02 -1.482499831503496755e-02 8.517839081939433676e-03 -3.264982622441485547e-03 1.530958126257669742e-02 -1.589026433274001192e+03
-1.158740161085548316e-02 1.819924882578087891e-02 -1.483559336977498429e-02 8.522083084288763211e-03 -3.265141971166469342e-03 1.530838359638836584e-02 -1.591903043445717230e+03
-1.160827686506867365e-02 1.822217767611702607e-02 -1.484611515268210134e-02 8.526278229337326889e-03 -3.265278663547991657e-03 1.530707061180128226e-02 -1.594779129505227047e+03
-1.162914803881741517e-02 1.824505723361311005e-02 -1.485656361229554211e-02 8.530424479447100070e-03 -3.265392862694307258e-03 1.530564274155270243e-02 -1.597654691162776544e+03
-1.165001512969875835e-02 1.826788745614986095e-02 -1.486693870775866212e-02 8.534521810364282396e-03 -3.265484852007453660e-03 1.530409897094006828e-02 -1.600529728126050941e+03
-1.167087813533045082e-02 1.829066830121778980e-02 -1.487724040330069310e-02 8.538570176306442203e-03 -3.265554618643751184e-03 1.530243975208108939e-02 -1.603404240105445524e+03
-1.169173705332037655e-02 1.831339972566503604e-02 -1.488746865918333905e-02 8.542569556820693577e-03 -3.265602127893709340e-03 1.530066426837053961e-02 -1.606278226809827174e+03
-1.171259188128558060e-02 1.833608168585589698e-02 -1.489762344094357378e-02 8.546519938207160216e-03 -3.265627143348528039e-03 1.529877324249792961e-02 -1.609151687949891311e+03
-1.173344261682481710e-02 1.835871413781202041e-02 -1.490770471228811990e-02 8.550421312980937064e-03 -3.265629343012535404e-03 1.529676621588670765e-02 -1.612024623233734928e+03
-1.175428925752122940e-02 1.838129703749127528e-02 -1.491771242757847053e-02 8.554273688600413927e-03 -3.265608351410724877e-03 1.529464377902810951e-02 -1.614897032366889334e+03
-1.177513180101807076e-02 1.840383034045970853e-02 -1.492764653831223261e-02 8.558077071514862480e-03 -3.265563838722203207e-03 1.529240597927584468e-02 -1.617768915061508324e+03
-1.179597024490471914e-02 1.842631400254837043e-02 -1.493750699601150735e-02 8.561831435791998623e-03 -3.265495294114316872e-03 1.529005287996775680e-02 -1.620640271021349690e+03
-1.181680458679263898e-02 1.844874797968532737e-02 -1.494729375157118414e-02 8.565536750053219517e-03 -3.265402434820243328e-03 1.528758407745716037e-02 -1.623511099954797146e+03
-1.183763482426929310e-02 1.847113222771870275e-02 -1.495700676730104053e-02 8.569193020950140183e-03 -3.265284912079894058e-03 1.528500012506954671e-02 -1.626381401567676448e+03
-1.185846095493666742e-02 1.849346670240384002e-02 -1.496664598393687533e-02 8.572800220302262755e-03 -3.265142667492315718e-03 1.528230135760361499e-02 -1.629251175567405653e+03
-1.187928297637302899e-02 1.851575135951845016e-02 -1.497621134691274648e-02 8.576358334147568194e-03 -3.264975851678805861e-03 1.527948736134373056e-02 -1.632120421658357145e+03
-1.190010088618078526e-02 1.853798615468835176e-02 -1.498570280320957529e-02 8.579867337852091491e-03 -3.264784597799965955e-03 1.527655895220827661e-02 -1.634989139548758658e+03
-1.192091468192307997e-02 1.856017104378806376e-02 -1.499512029495379990e-02 8.583327185527234171e-03 -3.264569460560822704e-03 1.527351543911363574e-02 -1.637857328940766365e+03
-1.194172436120800526e-02 1.858230598259196301e-02 -1.500446376927830859e-02 8.586737825592717990e-03 -3.264330749389112579e-03 1.527035730865926311e-02 -1.640724989542477260e+03
-1.196252992159048748e-02 1.860439092713385770e-02 -1.501373316208487810e-02 8.590099205714163064e-03 -3.264069000431486095e-03 1.526708409677268556e-02 -1.643592121055231019e+03
-1.198333136065342190e-02 1.862642583366320645e-02 -1.502292842618823537e-02 8.593411296552116649e-03 -3.263784570008023897e-03 1.526369589419834458e-02 -1.646458723184978226e+03
-1.200412867594496946e-02 1.864841065863577507e-02 -1.503204950140316597e-02 8.596674033915304922e-03 -3.263477606668338700e-03 1.526019242316059739e-02 -1.649324795633889380e+03
-1.202492186501783952e-02 1.867034535848009422e-02 -1.504109635222853139e-02 8.599887401024543937e-03 -3.263148170247071218e-03 1.525657298261226882e-02 -1.652190338105963519e+03
-1.204571092540857556e-02 1.869222988946290728e-02 -1.505006893540051724e-02 8.603051380589371230e-03 -3.262796386977631028e-03 1.525283846998270673e-02 -1.655055350302601482e+03
-1.206649585469996705e-02 1.871406420751732871e-02 -1.505896720736690439e-02 8.606165954957122749e-03 -3.262422086016889856e-03 1.524898769126193342e-02 -1.657919831930757027e+03
-1.208727665041107839e-02 1.873584826828050137e-02 -1.506779111867863515e-02 8.609231093515362296e-03 -3.262024892969208213e-03 1.524502140266914552e-02 -1.660783782687243502e+03
-1.210805331011311978e-02 1.875758202681993003e-02 -1.507654063969702564e-02 8.612246818854975630e-03 -3.261604800601035532e-03 1.524093927884757720e-02 -1.663647202276155895e+03
-1.212882583135462163e-02 1.877926543807711610e-02 -1.508521572533486413e-02 8.615213126048787765e-03 -3.261161497318098429e-03 1.523674170699389381e-02 -1.666510090399013052e+03
-1.214959421166628833e-02 1.880089845674702553e-02 -1.509381633980553215e-02 8.618130012854082270e-03 -3.260694531873885391e-03 1.523242931669229264e-02 -1.669372446754827479e+03
-1.217035844860789653e-02 1.882248103736581732e-02 -1.510234242981998293e-02 8.620997465914751259e-03 -3.260203483530288004e-03 1.522800143359099613e-02 -1.672234271046041613e+03
-1.219111853970379460e-02 1.884401313464698080e-02 -1.511079395629536665e-02 8.623815479761463149e-03 -3.259688397670282723e-03 1.522345853155513719e-02 -1.675095562970743913e+03
-1.221187448250250773e-02 1.886549470304205861e-02 -1.511917086153122258e-02 8.626584002791011854e-03 -3.259148838012791444e-03 1.521880094541454807e-02 -1.677956322230846354e+03
-1.223262627453764080e-02 1.888692569682146397e-02 -1.512747310449163649e-02 8.629303002587723065e-03 -3.258584717225905536e-03 1.521402857436880002e-02 -1.680816548525678854e+03
-1.225337391332487202e-02 1.890830607022860391e-02 -1.513570063796713765e-02 8.631972452658464440e-03 -3.257996211324192936e-03 1.520914108570835602e-02 -1.683676241551912881e+03
-1.227411739640482842e-02 1.892963577758423332e-02 -1.514385340219312481e-02 8.634592319454346618e-03 -3.257383578088896611e-03 1.520413890992882745e-02 -1.686535401010154374e+03
-1.229485672129284127e-02 1.895091477328104609e-02 -1.515193134205189245e-02 8.637162555856439314e-03 -3.256747337888781131e-03 1.519902185953116852e-02 -1.689394026596719186e+03
-1.231559188553210150e-02 1.897214301142338341e-02 -1.515993439939628505e-02 8.639683117898939307e-03 -3.256087620842082996e-03 1.519378982950583649e-02 -1.692252118011478842e+03
-1.233632288663603915e-02 1.899332044624488583e-02 -1.516786250950043213e-02 8.642153959835027072e-03 -3.255404735126858629e-03 1.518844282257080826e-02 -1.695109674951549778e+03
-1.235704972209153950e-02 1.901444703248802645e-02 -1.517571561241488551e-02 8.644575050649836584e-03 -3.254698772172155957e-03 1.518298121028532725e-02 -1.697966697111396115e+03
-1.237777238943487887e-02 1.903552272499468151e-02 -1.518349365070186842e-02 8.646946363497619997e-03 -3.253969909488449181e-03 1.517740468686697500e-02 -1.700823184193044426e+03
-1.239849088612782028e-02 1.905654747885776601e-02 -1.519119657828345987e-02 8.649267883319895073e-03 -3.253218227977943810e-03 1.517171254063044532e-02 -1.703679135887817893e+03
-1.241920520967287368e-02 1.907752124921548512e-02 -1.519882434259749171e-02 8.651539588851663368e-03 -3.252443701180571332e-03 1.516590487455025775e-02 -1.706534551892827267e+03
-1.243991535755350868e-02 1.909844399114835750e-02 -1.520637689384857563e-02 8.653761484000844009e-03 -3.251646416977740928e-03 1.515998204757619365e-02 -1.709389431902588058e+03
-1.246062132727304358e-02 1.911931565887804718e-02 -1.521385418635156500e-02 8.655933557163444925e-03 -3.250826231605572457e-03 1.515394363040747580e-02 -1.712243775613678963e+03
-1.248132311630199311e-02 1.914013620631030768e-02 -1.522125618125808218e-02 8.658055805106432481e-03 -3.249983018684498952e-03 1.514778983144426418e-02 -1.715097582718346757e+03
-1.250202072214618571e-02 1.916090558709949640e-02 -1.522858284569826755e-02 8.660128222420588467e-03 -3.249116427625800031e-03 1.514152073869472377e-02 -1.717950852914251755e+03
-1.252271414226187665e-02 1.918162375498502423e-02 -1.523583415089478817e-02 8.662150803855189415e-03 -3.248226357990609704e-03 1.513513691540321546e-02 -1.720803585891572993e+03
-1.254340337415432369e-02 1.920229066324062595e-02 -1.524301006216997705e-02 8.664123509311134202e-03 -3.247312605144371707e-03 1.512863776711926428e-02 -1.723655781347051743e+03
-1.256408841527715051e-02 1.922290626533974464e-02 -1.525011053864385076e-02 8.666046306757303752e-03 -3.246374991195072855e-03 1.512202397405325305e-02 -1.726507438970499152e+03
-1.258476926311568461e-02 1.924347051442426224e-02 -1.525713553294439674e-02 8.667919153299839460e-03 -3.245413254377206742e-03 1.511529524964537290e-02 -1.729358558456433002e+03
-1.260544591512868275e-02 1.926398336338666639e-02 -1.526408499566172042e-02 8.669741993129134391e-03 -3.244427375886873958e-03 1.510845157439477497e-02 -1.732209139495454565e+03
-1.262611836879253512e-02 1.928444476498964583e-02 -1.527095887973719916e-02 8.671514810438912119e-03 -3.243417498675147358e-03 1.510149336509744936e-02 -1.735059181780027757e+03
-1.264678662156844442e-02 1.930485467213199219e-02 -1.527775712605778519e-02 8.673237565479972183e-03 -3.242383746742340429e-03 1.509442051956894591e-02 -1.737908684999929392e+03
-1.266745067095665853e-02 1.932521303738109208e-02 -1.528447967041574040e-02 8.674910226842455496e-03 -3.241326177675835519e-03 1.508723242340099212e-02 -1.740757648850387795e+03
-1.268811051439399165e-02 1.934551981342516602e-02 -1.529112643801662161e-02 8.676532766050503234e-03 -3.240244947846945226e-03 1.507992992872301229e-02 -1.743606073017301924e+03
-1.270876614936127663e-02 1.936577495302594168e-02 -1.529769736496255916e-02 8.678105147793971699e-03 -3.239139939319389452e-03 1.507251296047874660e-02 -1.746453957193742553e+03
-1.272941757331057591e-02 1.938597840932777122e-02 -1.530419238446536351e-02 8.679627357257205245e-03 -3.238011552343442092e-03 1.506498147975104604e-02 -1.749301301069877582e+03
-1.275006478366085862e-02 1.940613013585405430e-02 -1.531061143459860191e-02 8.681099394051275397e-03 -3.236859848371365263e-03 1.505733493590657134e-02 -1.752148104332969751e+03
-1.277070777784146925e-02 1.942623008611258154e-02 -1.531695445031044760e-02 8.682521239739299929e-03 -3.235685067659076555e-03 1.504957438541345595e-02 -1.754994366672530759e+03
-1.279134655326423162e-02 1.944627821359994763e-02 -1.532322138528630952e-02 8.683892875228796035e-03 -3.234487193495075730e-03 1.504169840933475971e-02 -1.757840087775771508e+03
-1.281198110737093165e-02 1.946627447156288118e-02 -1.532941219866127726e-02 8.685214296425016606e-03 -3.233266310348949929e-03 1.503370756663628335e-02 -1.760685267333037245e+03
-1.283261143759128683e-02 1.948621881275203194e-02 -1.533552684893616999e-02 8.686485487835567815e-03 -3.232022528848664273e-03 1.502560094631114583e-02 -1.763529905031998851e+03
-1.285323754133547991e-02 1.950611118993740567e-02 -1.534156530389812860e-02 8.687706422181652385e-03 -3.230755707201720013e-03 1.501737913596624951e-02 -1.766374000557535055e+03
-1.287385941602027864e-02 1.952595155611140665e-02 -1.534752754331360040e-02 8.688877070025996519e-03 -3.229465770763506344e-03 1.500904230438665672e-02 -1.769217553597008873e+03
-1.289447705905287511e-02 1.954573986400462426e-02 -1.535341354251037495e-02 8.689997404661637184e-03 -3.228152911313559963e-03 1.500059083230689816e-02 -1.772060563836372694e+03
-1.291509046785828223e-02 1.956547606592268923e-02 -1.535922327422649565e-02 8.691067388885151748e-03 -3.226816642159402015e-03 1.499202429980171086e-02 -1.774903030963607989e+03
-1.293569963984992147e-02 1.958516011374775503e-02 -1.536495669189027503e-02 8.692086970776381066e-03 -3.225456866339434462e-03 1.498334334431395722e-02 -1.777744954663774934e+03
-1.295630457242809806e-02 1.960479195915616757e-02 -1.537061374785071884e-02 8.693056127939800468e-03 -3.224073454315044395e-03 1.497454707400864594e-02 -1.780586334618954879e+03
-1.297690526302999227e-02 1.962437155358074878e-02 -1.537619439098082512e-02 8.693974816352940255e-03 -3.222666080886948947e-03 1.496563634063708022e-02 -1.783427170517102923e+03
-1.299750170904764510e-02 1.964389884843578682e-02 -1.538169855025879260e-02 8.694843024551141344e-03 -3.221234651783933152e-03 1.495661112889265856e-02 -1.786267462039704924e+03
-1.301809390790715192e-02 1.966337379506850197e-02 -1.538712616314676096e-02 8.695660745827131846e-03 -3.219778927769847889e-03 1.494747157448464252e-02 -1.789107208872538649e+03
-1.303868185700906776e-02 1.968279634473690115e-02 -1.539247715410990355e-02 8.696427952068820980e-03 -3.218299125555687361e-03 1.493821723121311826e-02 -1.791946410698544469e+03
-1.305926555374753266e-02 1.970216644849064058e-02 -1.539775145019713250e-02 8.697144625204898671e-03 -3.216795217682319810e-03 1.492884948140829789e-02 -1.794785067200134336e+03
-1.307984499553493420e-02 1.972148405715423367e-02 -1.540294897998510312e-02 8.697810738483562759e-03 -3.215267407565645247e-03 1.491936749197602871e-02 -1.797623178062947545e+03
-1.310042017973926144e-02 1.974074912202978746e-02 -1.540806968212491551e-02 8.698426273732571753e-03 -3.213715714806580481e-03 1.490977171392315198e-02 -1.800460742967299439e+03
-1.312099110372353522e-02 1.975996159477180075e-02 -1.541311349909437432e-02 8.698991232147065128e-03 -3.212140665605641831e-03 1.490006116293470483e-02 -1.803297761593736823e+03
-1.314155776485347558e-02 1.977912142702086332e-02 -1.541808037403834958e-02 8.699505585310920996e-03 -3.210542199983657495e-03 1.489023635031042937e-02 -1.806134233623956789e+03
-1.316212016050036585e-02 1.979822857047524795e-02 -1.542297025990273587e-02 8.699969322956356207e-03 -3.208920636484880948e-03 1.488029628959621452e-02 -1.808970158741542718e+03
-1.318267828797953060e-02 1.981728297735015423e-02 -1.542778311641903634e-02 8.700382411606141092e-03 -3.207276214207545155e-03 1.487024118569205654e-02 -1.811805536622562840e+03
-1.320323214465512346e-02 1.983628459951761874e-02 -1.543251891722562802e-02 8.700744813997570576e-03 -3.205609113797221535e-03 1.486007136336288392e-02 -1.814640366948730389e+03
-1.322378172789128760e-02 1.985523338875106944e-02 -1.543717763612860103e-02 8.701056470345172947e-03 -3.203919376446240450e-03 1.484978657858778035e-02 -1.817474649400443241e+03
-1.324432703503944202e-02 1.987412929688383428e-02 -1.544175924765898815e-02 8.701317346148379137e-03 -3.202207002893604510e-03 1.483938709283053221e-02 -1.820308383655087255e+03
-1.326486806346271335e-02 1.989297227532716220e-02 -1.544626373190596293e-02 8.701527410157647996e-03 -3.200471780701586149e-03 1.482887213388045522e-02 -1.823141569391750636e+03
-1.328540481050222155e-02 1.991176227534048951e-02 -1.545069104399866659e-02 8.701686658702230057e-03 -3.198713526058036272e-03 1.481824294740829995e-02 -1.825974206287025709e+03
-1.330593727353359193e-02 1.993049924728008612e-02 -1.545504112865191820e-02 8.701795062028170810e-03 -3.196931981373448296e-03 1.480749902832101221e-02 -1.828806294022107977e+03
-1.332646544989061696e-02 1.994918314131741144e-02 -1.545931392155820358e-02 8.701852605962123732e-03 -3.195126500821690932e-03 1.479664124317215008e-02 -1.831637832272270089e+03
-1.334698933692211355e-02 1.996781390750495405e-02 -1.546350935537143222e-02 8.701859274980889777e-03 -3.193296822319995933e-03 1.478566895167375377e-02 -1.834468820715608672e+03
-1.336750893193799916e-02 1.998639149557801878e-02 -1.546762737036470881e-02 8.701815057408912590e-03 -3.191442874910388125e-03 1.477458332992474810e-02 -1.837299259024405046e+03
-1.338802423233049869e-02 2.000491585481857862e-02 -1.547166791260941310e-02 8.701719942751396167e-03 -3.189564311326621368e-03 1.476338338240774060e-02 -1.840129146881311954e+03
-1.340853523541838191e-02 2.002338693465434069e-02 -1.547563091116872444e-02 8.701573897307314162e-03 -3.187661491644472583e-03 1.475206997048800553e-02 -1.842958483958575016e+03
-1.342904193853479942e-02 2.004180468414869590e-02 -1.547951629713892503e-02 8.701376890582340762e-03 -3.185734273092549838e-03 1.474064230279415431e-02 -1.845787269931028277e+03
-1.344954433903497101e-02 2.006016905226510466e-02 -1.548332400380058801e-02 8.701128895225054491e-03 -3.183782894847669940e-03 1.472910094023494564e-02 -1.848615504478246294e+03
-1.347004243416817688e-02 2.007847998877978005e-02 -1.548705396673730368e-02 8.700829929474077767e-03 -3.181807805797445734e-03 1.471744566476759601e-02 -1.851443187266708037e+03
-1.349053622127990675e-02 2.009673744343128121e-02 -1.549070611922281383e-02 8.700479952876774559e-03 -3.179809272303182194e-03 1.470567617093722530e-02 -1.854270317977602417e+03
-1.351102569762971731e-02 2.011494136674391378e-02 -1.549428041820472522e-02 8.700078946672518132e-03 -3.177787538892237317e-03 1.469379265419803147e-02 -1.857096896280011606e+03
-1.353151086051373325e-02 2.013309170948104562e-02 -1.549777682903539892e-02 8.699626848768494958e-03 -3.175742958344352721e-03 1.468179391814772132e-02 -1.859922921847583666e+03
-1.355199170723171177e-02 2.015118842251326786e-02 -1.550119531990961155e-02 8.699123610948935117e-03 -3.173675790508275960e-03 1.466968067329466399e-02 -1.862748394354174934e+03
-1.357246823504545431e-02 2.016923145663040637e-02 -1.550453586200945845e-02 8.698569207683826479e-03 -3.171586434024594586e-03 1.465745357174223773e-02 -1.865573313467095204e+03
-1.359294044126659225e-02 2.018722076234396451e-02 -1.550779840648255047e-02 8.697963601455617477e-03 -3.169474697401173085e-03 1.464511139182663596e-02 -1.868397678860190126e+03
-1.361340832320073399e-02 2.020515629007842498e-02 -1.551098290400877711e-02 8.697306758253630157e-03 -3.167340417508475968e-03 1.463265455110982979e-02 -1.871221490206460885e+03
-1.363387187811897217e-02 2.022303799004193658e-02 -1.551408931879842863e-02 8.696598680285808416e-03 -3.165183387018463083e-03 1.462008401241082257e-02 -1.874044747175800239e+03
-1.365433110327437215e-02 2.024086581170409654e-02 -1.551711761166013961e-02 8.695839352715220225e-03 -3.163002949336346774e-03 1.460739945575469795e-02 -1.876867449435121898e+03
-1.367478599597718968e-02 2.025863970349888951e-02 -1.552006772447989645e-02 8.695028766439778442e-03 -3.160798731627454620e-03 1.459460041411731954e-02 -1.879689596658490245e+03
-1.369523655348734749e-02 2.027635961369783288e-02 -1.552293960030035579e-02 8.694166907226680632e-03 -3.158570423917120024e-03 1.458168814605582606e-02 -1.882511188512284207e+03
-1.371568277309565681e-02 2.029402549045496509e-02 -1.552573319422353298e-02 8.693253747730082456e-03 -3.156317644499691093e-03 1.456866188732356196e-02 -1.885332224667044329e+03
-1.373612465207193004e-02 2.031163728152783621e-02 -1.552844844940103573e-02 8.692289275907696608e-03 -3.154040229777011969e-03 1.455552206076536799e-02 -1.888152704790354164e+03
-1.375656218770317588e-02 2.032919493465276672e-02 -1.553108530369639445e-02 8.691273478030919764e-03 -3.151738307491052000e-03 1.454226877268910596e-02 -1.890972628552323158e+03
-1.377699537723547051e-02 2.034669839763539670e-02 -1.553364369222192190e-02 8.690206322694156785e-03 -3.149412005205905890e-03 1.452890131341116019e-02 -1.893791995617879820e+03
-1.379742421795931290e-02 2.036414761765771228e-02 -1.553612353769642622e-02 8.689087781407197481e-03 -3.147061536882998171e-03 1.451542067994475091e-02 -1.896610805658858453e+03
-1.381784870710336781e-02 2.038154254229704657e-02 -1.553852477809247040e-02 8.687917847597346338e-03 -3.144687266808712453e-03 1.450182643414005962e-02 -1.899429058337586639e+03
-1.383826884194694698e-02 2.039888311962135409e-02 -1.554084735314870125e-02 8.686696476029738892e-03 -3.142289343208598193e-03 1.448811780476450331e-02 -1.902246753324255906e+03
-1.385868461968106126e-02 2.041616929868041511e-02 -1.554309121185101263e-02 8.685423636824863083e-03 -3.139868201253968004e-03 1.447429610658510640e-02 -1.905063890277811879e+03
-1.387909603757116715e-02 2.043340102873107342e-02 -1.554525629761314455e-02 8.684099306660465062e-03 -3.137424323661818035e-03 1.446036029766889150e-02 -1.907880468869267816e+03
-1.389950309279743522e-02 2.045057825951400107e-02 -1.554734256062832373e-02 8.682723422111446321e-03 -3.134957799321227111e-03 1.444631058255222041e-02 -1.910696488758968826e+03
-1.391990578256453899e-02 2.046770094036377136e-02 -1.554934996778136944e-02 8.681295983162124960e-03 -3.132469052612650920e-03 1.443214749168655886e-02 -1.913511949611504633e+03
-1.394030410408136737e-02 2.048476902025091889e-02 -1.555127847108365470e-02 8.679816945362694297e-03 -3.129958028123498281e-03 1.441787047484953746e-02 -1.916326851090537048e+03
-1.396069805459365307e-02 2.050178244779205655e-02 -1.555312802281968824e-02 8.678286265925908363e-03 -3.127424564069859574e-03 1.440347953461868294e-02 -1.919141192862299931e+03
-1.398108763129861376e-02 2.051874117147513624e-02 -1.555489857545807632e-02 8.676703905491738034e-03 -3.124868154311278429e-03 1.438897497365597584e-02 -1.921954974586286880e+03
-1.400147283141139030e-02 2.053564513936407751e-02 -1.555659009683136099e-02 8.675069858713472387e-03 -3.122288479621197765e-03 1.437435627632082172e-02 -1.924768195925656528e+03
-1.402185365214287695e-02 2.055249429891452956e-02 -1.555820255169095001e-02 8.673384146364995773e-03 -3.119685076303635365e-03 1.435962399631031915e-02 -1.927580856542688934e+03
-1.404223009068330565e-02 2.056928859723600178e-02 -1.555973588699087820e-02 8.671646746339800593e-03 -3.117057663853585719e-03 1.434477786980242926e-02 -1.930392956097010710e+03
-1.406260214428324377e-02 2.058602798080587729e-02 -1.556119004706578088e-02 8.669857649370029534e-03 -3.114405985126395601e-03 1.432981784003323558e-02 -1.933204494256442786e+03
-1.408296981010641324e-02 2.060271239626312173e-02 -1.556256498112178026e-02 8.668016822656518169e-03 -3.111729900745022984e-03 1.431474454131066547e-02 -1.936015470675154347e+03
-1.410333308538368885e-02 2.061934178955916394e-02 -1.556386064508095100e-02 8.666124259453289458e-03 -3.109029396190978161e-03 1.429955788273299701e-02 -1.938825885015450467e+03
-1.412369196732961817e-02 2.063591610676257515e-02 -1.556507696956445537e-02 8.664179915474110732e-03 -3.106304463871971920e-03 1.428425741923585769e-02 -1.941635736936803596e+03
-1.414404645314833696e-02 2.065243529412053719e-02 -1.556621389502331823e-02 8.662183796156800591e-03 -3.103555596270943240e-03 1.426884458995847545e-02 -1.944445026097572736e+03
-1.416439654005324962e-02 2.066889929767837600e-02 -1.556727133825262788e-02 8.660135863424350475e-03 -3.100782832752232900e-03 1.425331828705799810e-02 -1.947253752159397209e+03
-1.418474222520324859e-02 2.068530806384731580e-02 -1.556824922832559729e-02 8.658036112468970799e-03 -3.097986642278086674e-03 1.423767903637239256e-02 -1.950061914777600805e+03
-1.420508350575499026e-02 2.070166153954143551e-02 -1.556914749034259311e-02 8.655884494128332843e-03 -3.095167090708119198e-03 1.422192691724794185e-02 -1.952869513609379737e+03
-1.422542037884974055e-02 2.071795967212455847e-02 -1.556996607840407248e-02 8.653680979710287255e-03 -3.092324631646914054e-03 1.420606241719854675e-02 -1.955676548310967746e+03
-1.424575284165603001e-02 2.073420240907965922e-02 -1.557070495624716250e-02 8.651425519384093807e-03 -3.089459274459340366e-03 1.419008412884533409e-02 -1.958483018543119442e+03
-1.426608089125875126e-02 2.075038969824313448e-02 -1.557136407345950831e-02 8.649118074081779683e-03 -3.086571512351000360e-03 1.417399369331610523e-02 -1.961288923954828533e+03
-1.428640452483322283e-02 2.076652148660349667e-02 -1.557194339607913085e-02 8.646758613416447026e-03 -3.083661196246175688e-03 1.415778982379839630e-02 -1.964094264207685455e+03
-1.430672373949294467e-02 2.078259772108502837e-02 -1.557244287266031438e-02 8.644347111124488225e-03 -3.080728256746074513e-03 1.414147268704585118e-02 -1.966899038953000172e+03
-1.432703853241237141e-02 2.079861834830432424e-02 -1.557286244246744271e-02 8.641883509525646878e-03 -3.077772433202847178e-03 1.412504189062956453e-02 -1.969703247850116668e+03
-1.434734890069105234e-02 2.081458331505483053e-02 -1.557320206062167561e-02 8.639367824405256094e-03 -3.074793369752360384e-03 1.410849689275145598e-02 -1.972506890547788089e+03
-1.436765484149471125e-02 2.083049256783160372e-02 -1.557346167710482385e-02 8.636800028847313460e-03 -3.071790848707343577e-03 1.409183859790882551e-02 -1.975309966703797727e+03
-1.438795635195141108e-02 2.084634605274134772e-02 -1.557364126636994958e-02 8.634180123973276069e-03 -3.068764470908399381e-03 1.407506622150827072e-02 -1.978112475969150410e+03
-1.440825342921600409e-02 2.086214371517378097e-02 -1.557374078323475047e-02 8.631508107544077352e-03 -3.065714281763531977e-03 1.405818046357653825e-02 -1.980914417997827968e+03
-1.442854607042905191e-02 2.087788550018028141e-02 -1.557376017991693451e-02 8.628783945354594198e-03 -3.062639927150607403e-03 1.404118215543971246e-02 -1.983715792440616497e+03
-1.444883427276582970e-02 2.089357135237151705e-02 -1.557369940170888652e-02 8.626007649836080551e-03 -3.059541517564764741e-03 1.402407033408650978e-02 -1.986516598953382072e+03
-1.446911803332639156e-02 2.090920121642301718e-02 -1.557355837192771902e-02 8.623179193975882145e-03 -3.056419093572949192e-03 1.400684677089811432e-02 -1.989316837182475410e+03
-1.448939734926035089e-02 2.092477503688175075e-02 -1.557333703223028401e-02 8.620298573181590929e-03 -3.053272666217029564e-03 1.398951033095681938e-02 -1.992116506782408806e+03
-1.450967221769131239e-02 2.094029275846859620e-02 -1.557303531262088821e-02 8.617365756260798870e-03 -3.050102490896496477e-03 1.397206171240945524e-02 -1.994915607404287584e+03
-1.452994263571216749e-02 2.095575432541996533e-02 -1.557265315290349596e-02 8.614380702965850067e-03 -3.046908509364949606e-03 1.395450091772154969e-02 -1.997714138695837846e+03
-1.455020860040523098e-02 2.097115968232576844e-02 -1.557219048904108331e-02 8.611343372036185315e-03 -3.043691078509860350e-03 1.393682810706312232e-02 -2.000512100304304113e+03
-1.457047010887435254e-02 2.098650877415867214e-02 -1.557164727290466337e-02 8.608253698917860824e-03 -3.040450464536336144e-03 1.391904320736379180e-02 -2.003309491881501117e+03
-1.459072715818251868e-02 2.100180154646221972e-02 -1.557102345626696326e-02 8.605111663601811012e-03 -3.037186806424573698e-03 1.390114624190032233e-02 -2.006106313074848686e+03
-1.461097974537415613e-02 2.101703794481587714e-02 -1.557031898351584655e-02 8.601917242147772910e-03 -3.033900168438583358e-03 1.388313625238750057e-02 -2.008902563530790076e+03
-1.463122786751770363e-02 2.103221791468609658e-02 -1.556953379943564961e-02 8.598670413688022304e-03 -3.030590984687831380e-03 1.386501427159616585e-02 -2.011698242899448587e+03
-1.465147152162988783e-02 2.104734140148042595e-02 -1.556866785177679798e-02 8.595371164881099313e-03 -3.027258890754274279e-03 1.384677886830178867e-02 -2.014493350820713431e+03
-1.467171070483496223e-02 2.106240835026454775e-02 -1.556772108373312598e-02 8.592019447323163972e-03 -3.023904023099100759e-03 1.382843049834308821e-02 -2.017287886947818151e+03
-1.469194541418802208e-02 2.107741870648591892e-02 -1.556669343020251547e-02 8.588615218328501943e-03 -3.020526216453651817e-03 1.380996797073834152e-02 -2.020081850923031197e+03
-1.471217564676902817e-02 2.109237241544721295e-02 -1.556558484748736537e-02 8.585158444275528544e-03 -3.017125088631833051e-03 1.379139278492456933e-02 -2.022875242392178279e+03
-1.473240139966182534e-02 2.110726942205008727e-02 -1.556439528403364206e-02 8.581649146552816979e-03 -3.013700755390836487e-03 1.377270434583991246e-02 -2.025668061002236982e+03
-1.475262266989157099e-02 2.112210967082768856e-02 -1.556312470341987900e-02 8.578087319114954812e-03 -3.010252872392558086e-03 1.375390301886036254e-02 -2.028460306392449411e+03
-1.477283945454557941e-02 2.113689310516189343e-02 -1.556177305982768024e-02 8.574472983048243152e-03 -3.006781382625509438e-03 1.373498951980814051e-02 -2.031251978209885920e+03
-1.479305175070823840e-02 2.115161966788734957e-02 -1.556034031011208942e-02 8.570806114154477795e-03 -3.003286081961820120e-03 1.371596398786137719e-02 -2.034043076099880864e+03
-1.481325955543832083e-02 2.116628930164712874e-02 -1.555882641282571588e-02 8.567086692821947180e-03 -2.999766668530995817e-03 1.369682633315371517e-02 -2.036833599705189272e+03
-1.483346286575947665e-02 2.118090194934827558e-02 -1.555723130221758031e-02 8.563314676853485408e-03 -2.996223204358776544e-03 1.367757757008562433e-02 -2.039623548664384316e+03
-1.485366167874055225e-02 2.119545755385004310e-02 -1.555555492874583119e-02 8.559490029725610322e-03 -2.992655757633565575e-03 1.365821728387657703e-02 -2.042412922622225096e+03
-1.487385599140796447e-02 2.120995605771605272e-02 -1.555379724581984653e-02 8.555612707894139773e-03 -2.989064570607155753e-03 1.363874496932560715e-02 -2.045201721218009652e+03
-1.489404580079605259e-02 2.122439740332944871e-02 -1.555195818774927907e-02 8.551682686301954189e-03 -2.985449863705603828e-03 1.361916133560047218e-02 -2.047989944094209477e+03
-1.491423110390322805e-02 2.123878153349752912e-02 -1.555003768163699257e-02 8.547699931989604163e-03 -2.981811567412676316e-03 1.359946632802578464e-02 -2.050777590889651492e+03
-1.493441189772200944e-02 2.125310839145408762e-02 -1.554803565874251711e-02 8.543664451579245644e-03 -2.978150139567116265e-03 1.357965964256210335e-02 -2.053564661242808597e+03
-1.495458817926460446e-02 2.126737792086947493e-02 -1.554595205928298654e-02 8.539576202949815051e-03 -2.974465627372576120e-03 1.355974072568897140e-02 -2.056351154794821468e+03
-1.497475994550970767e-02 2.128159006564099218e-02 -1.554378682336978248e-02 8.535435193422790875e-03 -2.970758270427341537e-03 1.353970969269047489e-02 -2.059137071183100943e+03
-1.499492719342558622e-02 2.129574476988380441e-02 -1.554153987921542794e-02 8.531241357010038023e-03 -2.967028098795307031e-03 1.351956597221108149e-02 -2.061922410043212949e+03
-1.501508992001888108e-02 2.130984197752876230e-02 -1.553921116759967615e-02 8.526994671595013522e-03 -2.963275368734789254e-03 1.349930979354012697e-02 -2.064707171015106269e+03
-1.503524812227223506e-02 2.132388163240009696e-02 -1.553680061880584849e-02 8.522695086864174110e-03 -2.959499921740200643e-03 1.347894189250199888e-02 -2.067491353735078064e+03
-1.505540179716953648e-02 2.133786367806080747e-02 -1.553430817656679952e-02 8.518342585846902168e-03 -2.955701869201768101e-03 1.345846134004196823e-02 -2.070274957839254512e+03
-1.507555094169296152e-02 2.135178805767411897e-02 -1.553173378937420558e-02 8.513937130641149875e-03 -2.951880747026302404e-03 1.343786844731481578e-02 -2.073057982963294307e+03
-1.509569555283311534e-02 2.136565471374306246e-02 -1.552907744568307429e-02 8.509478721010380747e-03 -2.948036184705037522e-03 1.341716331390556231e-02 -2.075840428743666052e+03
-1.511583562756375204e-02 2.137946358803675256e-02 -1.552633911221790348e-02 8.504967369352181214e-03 -2.944168171316515273e-03 1.339634621567255268e-02 -2.078622294813319968e+03
-1.513597116291819436e-02 2.139321462165491572e-02 -1.552351876932831810e-02 8.500403062078146568e-03 -2.940276110265532296e-03 1.337541817154486688e-02 -2.081403580812057044e+03
-1.515610215583813175e-02 2.140690775594717224e-02 -1.552061637062960436e-02 8.495785752419772810e-03 -2.936360034080188596e-03 1.335437880165886611e-02 -2.084184286367894401e+03
-1.517622860332187330e-02 2.142054293187453315e-02 -1.551763187383516616e-02 8.491115418099749734e-03 -2.932419929500196341e-03 1.333322826012803795e-02 -2.086964411117710824e+03
-1.519635050234391209e-02 2.143412009011868430e-02 -1.551456522013493385e-02 8.486392028367909304e-03 -2.928455845487342411e-03 1.331196648466706663e-02 -2.089743954694776221e+03
-1.521646784985566242e-02 2.144763917153348978e-02 -1.551141634782736076e-02 8.481615582966870598e-03 -2.924468047098222404e-03 1.329059454190779921e-02 -2.092522916728629298e+03
-1.523658064283796819e-02 2.146110011675863780e-02 -1.550818518843669926e-02 8.476786072370736183e-03 -2.920456775210866079e-03 1.326911087406867917e-02 -2.095301296853192525e+03
-1.525668887821927770e-02 2.147450286669355321e-02 -1.550487166262643803e-02 8.471903494620857539e-03 -2.916422079434706754e-03 1.324751641852956949e-02 -2.098079094696781340e+03
-1.527679255294677602e-02 2.148784736255494182e-02 -1.550147568337248080e-02 8.466967826529258820e-03 -2.912364043702929048e-03 1.322581090602546923e-02 -2.100856309892570152e+03
-1.529689166392795251e-02 2.150113354643477109e-02 -1.549799717283300432e-02 8.461979035384099845e-03 -2.908283034955005692e-03 1.320399481211407232e-02 -2.103632942070229092e+03
-1.531698620803403910e-02 2.151436136070566593e-02 -1.549443605833187958e-02 8.456937096291375355e-03 -2.904179189350730196e-03 1.318206711790472462e-02 -2.106408990855697994e+03
-1.533707618217677870e-02 2.152753074743591830e-02 -1.549079227616797366e-02 8.451841955505644960e-03 -2.900052678533467446e-03 1.316002839824087847e-02 -2.109184455881055783e+03
-1.535716158323118322e-02 2.154064164863138398e-02 -1.548706577050392059e-02 8.446693591048413247e-03 -2.895903766308726996e-03 1.313787799938683463e-02 -2.111959336771551534e+03
-1.537724240811835612e-02 2.155369400605848876e-02 -1.548325648591677289e-02 8.441491920245921751e-03 -2.891732287456220008e-03 1.311561685238986884e-02 -2.114733633157688018e+03
-1.539731865374052884e-02 2.156668776132763046e-02 -1.547936437849354273e-02 8.436236903918632388e-03 -2.887538032102452898e-03 1.309324328126655786e-02 -2.117507344666314566e+03
-1.541739031697513494e-02 2.157962285577406936e-02 -1.547538940110569118e-02 8.430928503041435623e-03 -2.883320734809513564e-03 1.307075862779447963e-02 -2.120280470920471544e+03
-1.543745739478919431e-02 2.159249922986315393e-02 -1.547133152782527270e-02 8.425566688627124726e-03 -2.879079922487688768e-03 1.304816199498827489e-02 -2.123053011555169633e+03
-1.545751988404096139e-02 2.160531682393135311e-02 -1.546719074409365347e-02 8.420151480173337574e-03 -2.874815525667793331e-03 1.302545462276877633e-02 -2.125824966188616145e+03
-1.547757778166266272e-02 2.161807557743232119e-02 -1.546296702526311906e-02 8.414682870076831481e-03 -2.870527331810904595e-03 1.300263604362127123e-02 -2.128596334448127436e+03
-1.549763108456385027e-02 2.163077542980620938e-02 -1.545866033155353716e-02 8.409160868369201791e-03 -2.866215419222063396e-03 1.297970735971987200e-02 -2.131367115957344140e+03
-1.551767978968125739e-02 2.164341632028426304e-02 -1.545427060849507463e-02 8.403585459301199379e-03 -2.861879538214526231e-03 1.295666740436206797e-02 -2.134137310344544858e+03
-1.553772389387208727e-02 2.165599818802554921e-02 -1.544979779987712236e-02 8.397956657287052734e-03 -2.857520091815814178e-03 1.293351705057231571e-02 -2.136906917226713631e+03
-1.555776339407050936e-02 2.166852097176457867e-02 -1.544524182377243239e-02 8.392274459142545079e-03 -2.853137239902909118e-03 1.291025675220745447e-02 -2.139675936232914864e+03
-1.557779828713406339e-02 2.168098461078107539e-02 -1.544060259205808604e-02 8.386538862306724962e-03 -2.848731037743560193e-03 1.288688632846892064e-02 -2.142444366982631891e+03
-1.559782856994199919e-02 2.169338904423016856e-02 -1.543588003935694383e-02 8.380749827530275045e-03 -2.844301452603465591e-03 1.286340677563752553e-02 -2.145212209100477594e+03
-1.561785423928580517e-02 2.170573421148758522e-02 -1.543107408385902858e-02 8.374907351465045446e-03 -2.839848789133107235e-03 1.283981736102362235e-02 -2.147979462201221395e+03
-1.563787529203312238e-02 2.171802005199354943e-02 -1.542618465013421113e-02 8.369011354645593259e-03 -2.835372971757196044e-03 1.281611734986286277e-02 -2.150746125912321077e+03
-1.565789172495854129e-02 2.173024650596068474e-02 -1.542121167527144877e-02 8.363061824138200151e-03 -2.830874358446088934e-03 1.279230755898023292e-02 -2.153512199848682485e+03
-1.567790353487595600e-02 2.174241351348860443e-02 -1.541615509813090701e-02 8.357058695349155533e-03 -2.826352953756755722e-03 1.276838713474786821e-02 -2.156277683630504271e+03
-1.569791071858686257e-02 2.175452101460618667e-02 -1.541101485536843646e-02 8.351001900869259656e-03 -2.821808890787139666e-03 1.274435646653629232e-02 -2.159042576875074246e+03
-1.571791327296415824e-02 2.176656894902678774e-02 -1.540579090043692027e-02 8.344891394169799345e-03 -2.817242081104367763e-03 1.272021457668918824e-02 -2.161806879207700604e+03
-1.573791119477527603e-02 2.177855725674063964e-02 -1.540048318905552251e-02 8.338727097069793814e-03 -2.812652316802866179e-03 1.269596209200195280e-02 -2.164570590238262866e+03
-1.575790448086578435e-02 2.179048587699690745e-02 -1.539509168031699161e-02 8.332508972635271557e-03 -2.808039474207476259e-03 1.267159900506528714e-02 -2.167333709586906934e+03
-1.577789312806592015e-02 2.180235474833091408e-02 -1.538961633471492597e-02 8.326237032942856997e-03 -2.803403428002779370e-03 1.264712528031410564e-02 -2.170096236870748271e+03
-1.579787713319683387e-02 2.181416380904296209e-02 -1.538405712264936248e-02 8.319911280110612803e-03 -2.798743866074575141e-03 1.262254016367556422e-02 -2.172858171703053813e+03
-1.581785649313829922e-02 2.182591299701177115e-02 -1.537841401138850990e-02 8.313531775845650618e-03 -2.794060991117103439e-03 1.259784544156137415e-02 -2.175619513705134523e+03
-1.583783120468456457e-02 2.183760224997757099e-02 -1.537268694761381727e-02 8.307098531477272521e-03 -2.789354757924455367e-03 1.257304134793622505e-02 -2.178380262486289212e+03
-1.585780126467848175e-02 2.184923150550571042e-02 -1.536687588622448822e-02 8.300611568704669568e-03 -2.784625226571295353e-03 1.254812700539143996e-02 -2.181140417664215420e+03
-1.587776666992722630e-02 2.186080070093292249e-02 -1.536098076650057806e-02 8.294070875392413680e-03 -2.779872383134151213e-03 1.252310389022267927e-02 -2.183899978852969070e+03
-1.589772741720220373e-02 2.187230977326698467e-02 -1.535500151662719248e-02 8.287476413911447001e-03 -2.775096249091871161e-03 1.249797181072065562e-02 -2.186658945662740734e+03
-1.591768350333271770e-02 2.188375865942022297e-02 -1.534893806800906660e-02 8.280828158943671219e-03 -2.770296910919430814e-03 1.247273050524618128e-02 -2.189417317712503518e+03
-1.593763492505344270e-02 2.189514729667722814e-02 -1.534279036033525494e-02 8.274126086024890039e-03 -2.765474274087353478e-03 1.244738047493942727e-02 -2.192175094608606742e+03
-1.595758167913992678e-02 2.190647562219846800e-02 -1.533655831979264215e-02 8.267370147843977959e-03 -2.760628359101525639e-03 1.242192173363349320e-02 -2.194932275965036297e+03
-1.597752376232853405e-02 2.191774357359899464e-02 -1.533024186822989215e-02 8.260560326487051061e-03 -2.755759337400080083e-03 1.239635372508589642e-02 -2.197688861391596220e+03
-1.599746117133339987e-02 2.192895108895851972e-02 -1.532384094242455683e-02 8.253696557077193005e-03 -2.750866923255286707e-03 1.237067643960414708e-02 -2.200444850495402989e+03
-1.601739390293311499e-02 2.194009810595543009e-02 -1.531735547233788707e-02 8.246778779309562810e-03 -2.745951500608942702e-03 1.234488914175907448e-02 -2.203200242893174618e+03
-1.603732195380886891e-02 2.195118456287040165e-02 -1.531078539007082670e-02 8.239806915907043477e-03 -2.741013277406204821e-03 1.231899222254037585e-02 -2.205955038187316404e+03
-1.605724532070526220e-02 2.196221039752672272e-02 -1.530413064026006284e-02 8.232780915487489942e-03 -2.736052258663533836e-03 1.229298524811611899e-02 -2.208709235987154898e+03
-1.607716400035639343e-02 2.197317554757285615e-02 -1.529739117583807026e-02 8.225700730956363865e-03 -2.731068349852170795e-03 1.226686884535673969e-02 -2.211462835899205402e+03
-1.609707798954073885e-02 2.198407995023667766e-02 -1.529056695210374850e-02 8.218566357507060480e-03 -2.726061812530130527e-03 1.224064317395245731e-02 -2.214215837536365598e+03
-1.611698728493851304e-02 2.199492354241280173e-02 -1.528365790203413399e-02 8.211377808947544973e-03 -2.721032153653685660e-03 1.221430705488541629e-02 -2.216968240497061288e+03
-1.613689188333898572e-02 2.200570626011764952e-02 -1.527666399147630319e-02 8.204135134903624282e-03 -2.715979729110171853e-03 1.218786255163241058e-02 -2.219720044393368426e+03
-1.615679178148201472e-02 2.201642803915522181e-02 -1.526958519471005409e-02 8.196838375227277762e-03 -2.710904399677726336e-03 1.216130850512555858e-02 -2.222471248830659533e+03
-1.617668697611001835e-02 2.202708881519020376e-02 -1.526242148369669725e-02 8.189487534582198455e-03 -2.705806342424668751e-03 1.213464515493240144e-02 -2.225221853415086571e+03
-1.619657746390435610e-02 2.203768852409012172e-02 -1.525517281302648555e-02 8.182082585710837713e-03 -2.700685143858554387e-03 1.210787367872563462e-02 -2.227971857745536454e+03
-1.621646324163626696e-02 2.204822710106517716e-02 -1.524783913002870743e-02 8.174623497485418097e-03 -2.695540711650323482e-03 1.208099397080316870e-02 -2.230721261433893687e+03
-1.623634430598963618e-02 2.205870448157538910e-02 -1.524042037393336449e-02 8.167110225727395104e-03 -2.690372880882686141e-03 1.205400632933560125e-02 -2.233470064077861934e+03
-1.625622065368889299e-02 2.206912060070904263e-02 -1.523291647911919656e-02 8.159542779421571218e-03 -2.685181925115835960e-03 1.202691004981740197e-02 -2.236218265281190270e+03
-1.627609228141774916e-02 2.207947539345811450e-02 -1.522532737603519461e-02 8.151921118320673912e-03 -2.679967454836301114e-03 1.199970614747489055e-02 -2.238965864644110297e+03
-1.629595918590127576e-02 2.208976879477241723e-02 -1.521765299562543965e-02 8.144245230968481797e-03 -2.674729526037538004e-03 1.197239442563906298e-02 -2.241712861775426973e+03
-1.631582136372952685e-02 2.210000074029870934e-02 -1.520989326361057645e-02 8.136515069269418740e-03 -2.669468186610299189e-03 1.194497430842947523e-02 -2.244459256266475222e+03
-1.633567881157330440e-02 2.211017116605504956e-02 -1.520204810231082747e-02 8.128730572103186683e-03 -2.664183572208524576e-03 1.191744617380419147e-02 -2.247205047720322909e+03
-1.635553152607565133e-02 2.212028000792944094e-02 -1.519411742208605712e-02 8.120891670929506270e-03 -2.658875942269017800e-03 1.188980902137770981e-02 -2.249950235736549530e+03
-1.637537950385311789e-02 2.213032720171723838e-02 -1.518610115246925643e-02 8.112998296849876015e-03 -2.653545433840559173e-03 1.186206404255914053e-02 -2.252694819910669594e+03
-1.639522274158872542e-02 2.214031268290264642e-02 -1.517799923021482568e-02 8.105050418365174897e-03 -2.648192226406138362e-03 1.183421054122382743e-02 -2.255438799845584981e+03
-1.641506123588072630e-02 2.215023638695461441e-02 -1.516981159377464410e-02 8.097048012115635671e-03 -2.642816607936248306e-03 1.180624836047622708e-02 -2.258182175133341389e+03
-1.643489498339147439e-02 2.216009824864916683e-02 -1.516153820446341019e-02 8.088991107385425441e-03 -2.637418500273482243e-03 1.177817754237715439e-02 -2.260924945374455547e+03
-1.645472398076047726e-02 2.216989820245223591e-02 -1.515317902890284639e-02 8.080879708460790914e-03 -2.631998238707543725e-03 1.174999779266188045e-02 -2.263667110165573831e+03
-1.647454822460526352e-02 2.217963618243018117e-02 -1.514473403175834072e-02 8.072713831449277941e-03 -2.626555511113315769e-03 1.172170999211181487e-02 -2.266408669099412236e+03
-1.649436771161927676e-02 2.218931212234583408e-02 -1.513620319101887692e-02 8.064493456872393051e-03 -2.621090143616533995e-03 1.169331420146585247e-02 -2.269149621776209642e+03
-1.651418243844019612e-02 2.219892595632655743e-02 -1.512758647532201801e-02 8.056218606197410384e-03 -2.615601942210211278e-03 1.166481074530166702e-02 -2.271889967786173202e+03
-1.653399240173700907e-02 2.220847761831200307e-02 -1.511888383336584471e-02 8.047889246034709010e-03 -2.610090718813809062e-03 1.163619907284562001e-02 -2.274629706726399036e+03
-1.655379759813755541e-02 2.221796704186273022e-02 -1.511009520699620537e-02 8.039505348046094291e-03 -2.604556204565676956e-03 1.160748104738171076e-02 -2.277368838189777307e+03
-1.657359802424753642e-02 2.222739416014084257e-02 -1.510122054272618544e-02 8.031066916367627512e-03 -2.598998457984202579e-03 1.157865538095920882e-02 -2.280107361765194582e+03
-1.659339367675725929e-02 2.223675890538294453e-02 -1.509225977992973908e-02 8.022573925636869094e-03 -2.593417382889658118e-03 1.154972335192690734e-02 -2.282845277054044345e+03
-1.661318455220642254e-02 2.224606121080549212e-02 -1.508321284988520250e-02 8.014026380951499995e-03 -2.587812828205067993e-03 1.152068399040126999e-02 -2.285582583639240511e+03
-1.663297064718616616e-02 2.225530100973664022e-02 -1.507407967587246801e-02 8.005424238931106370e-03 -2.582184683130006944e-03 1.149153865161928190e-02 -2.288319281113637317e+03
-1.665275195825079851e-02 2.226447823590594829e-02 -1.506486017020479580e-02 7.996767442870198958e-03 -2.576533154592250234e-03 1.146228601531994358e-02 -2.291055369065703417e+03
-1.667252848197041740e-02 2.227359282293409765e-02 -1.505555424680326063e-02 7.988055937582321658e-03 -2.570858250108087537e-03 1.143292695387035374e-02 -2.293790847087364909e+03
-1.669230021484998175e-02 2.228264470427804289e-02 -1.504616181417368220e-02 7.979289659669645818e-03 -2.565160460706302891e-03 1.140346071212206859e-02 -2.296525714762664848e+03
-1.671206715346992486e-02 2.229163381251209400e-02 -1.503668280156966221e-02 7.970468586394920119e-03 -2.559440218166190474e-03 1.137388668334199902e-02 -2.299259971685439268e+03
-1.673182929432934229e-02 2.230056008082706431e-02 -1.502711715106300368e-02 7.961592662451538044e-03 -2.553697673210611127e-03 1.134420528007136671e-02 -2.301993617437459761e+03
-1.675158663399890432e-02 2.230942344205659456e-02 -1.501746482377003776e-02 7.952661882792614809e-03 -2.547933204590981798e-03 1.131441592155318400e-02 -2.304726651610720637e+03
-1.677133916900254776e-02 2.231822382943566760e-02 -1.500772578327937840e-02 7.943676247257584408e-03 -2.542146666999907031e-03 1.128451887038616451e-02 -2.307459073786543740e+03
-1.679108689592933787e-02 2.232696117570236172e-02 -1.499789998866609547e-02 7.934635740694360659e-03 -2.536338091057099321e-03 1.125451488238202180e-02 -2.310190883552968444e+03
-1.681082981133543569e-02 2.233563541275583944e-02 -1.498798740338271214e-02 7.925540385733106930e-03 -2.530507041809731007e-03 1.122440340455400920e-02 -2.312922080493271551e+03
-1.683056791179555686e-02 2.234424647250674717e-02 -1.497798798943515697e-02 7.916390171255159938e-03 -2.524653549142010477e-03 1.119418536421584905e-02 -2.315652664193545661e+03
-1.685030119385429181e-02 2.235279428694985152e-02 -1.496790171205527979e-02 7.907185094994204078e-03 -2.518777351070770800e-03 1.116386086767520540e-02 -2.318382634235506885e+03
-1.687002965410220462e-02 2.236127878748205011e-02 -1.495772852587194321e-02 7.897925137348927455e-03 -2.512878204228141850e-03 1.113343019272599807e-02 -2.321111990207947656e+03
-1.688975328903505324e-02 2.236969990502240754e-02 -1.494746837995220012e-02 7.888610287680977023e-03 -2.506955738757898986e-03 1.110289461841486996e-02 -2.323840731686590971e+03
-1.690947209522372305e-02 2.237805757017807817e-02 -1.493712121974329413e-02 7.879240548002666711e-03 -2.501010089438324927e-03 1.107225276652240749e-02 -2.326568858257816828e+03
-1.692918606919390986e-02 2.238635171392137566e-02 -1.492668698731606548e-02 7.869815923881440592e-03 -2.495040954565403302e-03 1.104150543562409416e-02 -2.329296369503572805e+03
-1.694889520741318240e-02 2.239458226741009375e-02 -1.491616560242815456e-02 7.860336370564272729e-03 -2.489048345594168515e-03 1.101065339025381236e-02 -2.332023265001176696e+03
-1.696859950634216005e-02 2.240274916186039272e-02 -1.490555699311335060e-02 7.850801845110931890e-03 -2.483032251685378736e-03 1.097969535735068662e-02 -2.334749544329661148e+03
-1.698829896243479395e-02 2.241085232836992347e-02 -1.489486106393648340e-02 7.841212326734117374e-03 -2.476992903090881933e-03 1.094863217936860485e-02 -2.337475207067440351e+03
-1.700799357216924851e-02 2.241889169769725743e-02 -1.488407772074864903e-02 7.831567756583506998e-03 -2.470930546163311280e-03 1.091746233202547760e-02 -2.340200252796710174e+03
-1.702768333199758399e-02 2.242686720034161446e-02 -1.487320689641055162e-02 7.821868094942615451e-03 -2.464845503163578741e-03 1.088618643165928032e-02 -2.342924681094049447e+03
-1.704736823835988763e-02 2.243477876713272784e-02 -1.486224851505221073e-02 7.812113277820585851e-03 -2.458738683098888027e-03 1.085480388733558663e-02 -2.345648491533152082e+03
-1.706704828770087140e-02 2.244262632943897634e-02 -1.485120251653609599e-02 7.802303264762004004e-03 -2.452609904570354511e-03 1.082331507050210070e-02 -2.348371683688169469e+03
-1.708672347647735568e-02 2.245040981826775667e-02 -1.484006884579386690e-02 7.792438050045534179e-03 -2.446459356840340049e-03 1.079171932205609356e-02 -2.351094257136036049e+03
-1.710639380116600258e-02 2.245812916415704588e-02 -1.482884746242671761e-02 7.782517623569545906e-03 -2.440286835196481263e-03 1.076001827685603603e-02 -2.353816211455147368e+03
-1.712605925822907951e-02 2.246578429757045345e-02 -1.481753833785437457e-02 7.772542000512681383e-03 -2.434092392521057004e-03 1.072821157948608203e-02 -2.356537546219740761e+03
-1.714571984410719757e-02 2.247337514834438568e-02 -1.480614143953621828e-02 7.762511155110557795e-03 -2.427875677327804866e-03 1.069629929405683730e-02 -2.359258260999543381e+03
-1.716537555528876990e-02 2.248090164563149376e-02 -1.479465673636401468e-02 7.752425103038211932e-03 -2.421636791367729174e-03 1.066428256469844314e-02 -2.361978355370266854e+03
-1.718502638822369186e-02 2.248836371840955486e-02 -1.478308418426221675e-02 7.742283815820252477e-03 -2.415375121334072984e-03 1.063216048208914799e-02 -2.364697828903252685e+03
-1.720467233937846702e-02 2.249576129549302889e-02 -1.477142374445677281e-02 7.732087288268874384e-03 -2.409090293887780881e-03 1.059993454229406044e-02 -2.367416681173355755e+03
-1.722431340517361492e-02 2.250309430571233518e-02 -1.475967537259528263e-02 7.721835544797975640e-03 -2.402782333542535179e-03 1.056760410651799362e-02 -2.370134911750722949e+03
-1.724394958199728170e-02 2.251036267802286606e-02 -1.474783901102730450e-02 7.711528564124724844e-03 -2.396450967340698051e-03 1.053516887368794071e-02 -2.372852520201003699e+03
-1.726358086634509001e-02 2.251756634102809046e-02 -1.473591458140042186e-02 7.701166351259398912e-03 -2.390096255388578748e-03 1.050262964368214522e-02 -2.375569506105427990e+03
-1.728320725454057794e-02 2.252470522412666418e-02 -1.472390201042603382e-02 7.690748877483888357e-03 -2.383718162635218608e-03 1.046998608803286109e-02 -2.378285869022743555e+03
-1.730282874297905948e-02 2.253177925598696257e-02 -1.471180120639740269e-02 7.680276127386874256e-03 -2.377316834462509052e-03 1.043723790006671932e-02 -2.381001608522688002e+03
-1.732244532802479711e-02 2.253878836490128684e-02 -1.469961208420590519e-02 7.669748050033123148e-03 -2.370892733265266093e-03 1.040438483841176799e-02 -2.383716724170496036e+03
-1.734205700609782463e-02 2.254573247901028865e-02 -1.468733456283862100e-02 7.659164595938028515e-03 -2.364446210013250362e-03 1.037142761996010312e-02 -2.386431215540383164e+03
-1.736166377347794429e-02 2.255261152738007036e-02 -1.467496855641007257e-02 7.648525721558161947e-03 -2.357977847814696302e-03 1.033836439696795423e-02 -2.389145082187662865e+03
-1.738126562654567289e-02 2.255942543861915589e-02 -1.466251397171224914e-02 7.637831323312475190e-03 -2.351487471754584377e-03 1.030519741780774531e-02 -2.391858323682864011e+03
-1.740086256165728970e-02 2.256617414125055773e-02 -1.464997075910959290e-02 7.627081396404241861e-03 -2.344975529952422234e-03 1.027192537067646641e-02 -2.394570939591889783e+03
-1.742045457515115428e-02 2.257285756370155938e-02 -1.463733888718715855e-02 7.616275914394301204e-03 -2.338441841970026816e-03 1.023854929654894816e-02 -2.397282929476268691e+03
-1.744004166335296965e-02 2.257947563392583012e-02 -1.462461832868905756e-02 7.605414875856461587e-03 -2.331886563615194474e-03 1.020506924944208915e-02 -2.399994292895443778e+03
-1.745962382267738158e-02 2.258602827936346744e-02 -1.461180905249920801e-02 7.594498279997931832e-03 -2.325309287036524120e-03 1.017148528442504002e-02 -2.402705029420678784e+03
-1.747920104944974615e-02 2.259251542701405310e-02 -1.459891104081378725e-02 7.583526131150411000e-03 -2.318709933645812533e-03 1.013779751832089536e-02 -2.405415138609474525e+03
-1.749877334001969861e-02 2.259893700314214229e-02 -1.458592425910697730e-02 7.572498419416874051e-03 -2.312087975688728592e-03 1.010400670048007196e-02 -2.408124620022344970e+03
-1.751834069078164399e-02 2.260529293443961849e-02 -1.457284866026307794e-02 7.561415153671618983e-03 -2.305443238302758938e-03 1.007011169569639944e-02 -2.410833473226196929e+03
-1.753790309802814862e-02 2.261158314828042026e-02 -1.455968418534252934e-02 7.550276364152321874e-03 -2.298775346142351191e-03 1.003611414997207865e-02 -2.413541697773682245e+03
-1.755746055814454143e-02 2.261780757139949041e-02 -1.454643076368435095e-02 7.539082036630001885e-03 -2.292084440485097838e-03 1.000201248136663688e-02 -2.416249293230324838e+03
-1.757701306743408159e-02 2.262396613060818976e-02 -1.453308832841775609e-02 7.527832175145652248e-03 -2.285370302228183995e-03 9.967808555282916746e-03 -2.418956259149788366e+03
-1.759656062221485323e-02 2.263005875261596758e-02 -1.451965681060419025e-02 7.516526775640047786e-03 -2.278633225250234224e-03 9.933501125850478439e-03 -2.421662595089922888e+03
-1.761610321878941468e-02 2.263608536364682816e-02 -1.450613613458679070e-02 7.505165809002684561e-03 -2.271873159406867689e-03 9.899090531297739456e-03 -2.424368300610196002e+03
-1.763564085340819584e-02 2.264204588978753832e-02 -1.449252621636391500e-02 7.493749247758917618e-03 -2.265090552256650552e-03 9.864577623715309676e-03 -2.427073375264167680e+03
-1.765517352234789727e-02 2.264794025715218678e-02 -1.447882696762227243e-02 7.482277039426392558e-03 -2.258285726604734780e-03 9.829961219358817476e-03 -2.429777818608978578e+03
-1.767470122184822828e-02 2.265376839186469815e-02 -1.446503829544303933e-02 7.470749092576342912e-03 -2.251458728590413280e-03 9.795242514784989821e-03 -2.432481630195753496e+03
-1.769422394815712424e-02 2.265953021993354771e-02 -1.445116012851456640e-02 7.459165313552115067e-03 -2.244610077356119088e-03 9.760420868306184453e-03 -2.435184809577911437e+03
-1.771374169754460354e-02 2.266522566679250728e-02 -1.443719240370117812e-02 7.447525688424776365e-03 -2.237739778701577920e-03 9.725496512266083859e-03 -2.437887356313883629e+03
-1.773325446618696094e-02 2.267085465828693261e-02 -1.442313508022701092e-02 7.435830182345638632e-03 -2.230848070619781409e-03 9.690469098203280743e-03 -2.440589269948629408e+03
-1.775276225038147082e-02 2.267641711961287596e-02 -1.440898814051462182e-02 7.424078776481530736e-03 -2.223934664860970425e-03 9.655338665513527388e-03 -2.443290550042651830e+03
-1.777226504633624277e-02 2.268191297621457297e-02 -1.439475155572281402e-02 7.412271499099560949e-03 -2.216999413845708016e-03 9.620105842410714425e-03 -2.445991196140592820e+03
-1.779176285033208516e-02 2.268734215294481230e-02 -1.438042528833840053e-02 7.400408387297177648e-03 -2.210042132211158857e-03 9.584770839472471840e-03 -2.448691207795303853e+03
-1.781125565866299026e-02 2.269270457432474505e-02 -1.436600928969398137e-02 7.388489447818147836e-03 -2.203062734462113079e-03 9.549333659231381416e-03 -2.451390584560217121e+03
-1.783074346754482190e-02 2.269800016514500127e-02 -1.435150350482662651e-02 7.376514661577467102e-03 -2.196060916295778081e-03 9.513794006170932585e-03 -2.454089325977613498e+03
-1.785022627324357736e-02 2.270322884999681490e-02 -1.433690787130672238e-02 7.364484076992115075e-03 -2.189036204623540875e-03 9.478152876949570357e-03 -2.456787431599086631e+03
-1.786970407200161315e-02 2.270839055360047640e-02 -1.432222233232189994e-02 7.352397670623475254e-03 -2.181988732842453978e-03 9.442409518055583373e-03 -2.459484900974686298e+03
-1.788917686002861746e-02 2.271348520026265916e-02 -1.430744681745017323e-02 7.340255436959382263e-03 -2.174918570080730529e-03 9.406565339447014312e-03 -2.462181733649494618e+03
-1.790864463350325814e-02 2.271851271434052397e-02 -1.429258126482069180e-02 7.328057363396580856e-03 -2.167825705549459962e-03 9.370619338281024890e-03 -2.464877929163490535e+03
-1.792810738871349757e-02 2.272347301958173652e-02 -1.427762560964563644e-02 7.315803413506843413e-03 -2.160710441677784772e-03 9.334572125552682148e-03 -2.467573487074201694e+03
-1.794756512176032270e-02 2.272836603980383022e-02 -1.426257980432078278e-02 7.303493574372305237e-03 -2.153573046110390885e-03 9.298423905391218700e-03 -2.470268406915565720e+03
-1.796701782881036588e-02 2.273319169818330612e-02 -1.424744375851547812e-02 7.291127763882125634e-03 -2.146413163169524994e-03 9.262175891208965228e-03 -2.472962688232622440e+03
-1.798646550600290286e-02 2.273794991784681974e-02 -1.423221738405079824e-02 7.278705929759583457e-03 -2.139231320988573947e-03 9.225825859130259987e-03 -2.475656330567381701e+03
-1.800590814953469815e-02 2.274264062153424915e-02 -1.421690060261017810e-02 7.266227970540536062e-03 -2.132027389915399761e-03 9.189374834926676561e-03 -2.478349333469452631e+03
-1.802534575548868021e-02 2.274726373289737494e-02 -1.420149334598202334e-02 7.253693875274863298e-03 -2.124802085399959527e-03 9.152822964514093287e-03 -2.481041696470827446e+03
-1.804477832002413309e-02 2.275181917481910662e-02 -1.418599555907641523e-02 7.241103633242099852e-03 -2.117555027861473243e-03 9.116169278953754548e-03 -2.483733419115420020e+03
-1.806420583928476653e-02 2.275630687034893573e-02 -1.417040719223681099e-02 7.228457262109370431e-03 -2.110286685068903361e-03 9.079413676871359029e-03 -2.486424500944197916e+03
-1.808362830939347701e-02 2.276072674238244914e-02 -1.415472820789318541e-02 7.215754753630749391e-03 -2.102996660277421919e-03 9.042557574247442678e-03 -2.489114941493172410e+03
-1.810304572652731564e-02 2.276507871368371738e-02 -1.413895855588848983e-02 7.202996153832523681e-03 -2.095685124379972376e-03 9.005600927037326134e-03 -2.491804740304851293e+03
-1.812245808679964834e-02 2.276936270686487351e-02 -1.412309819801612840e-02 7.190181444260150719e-03 -2.088351429455816404e-03 8.968543262592918591e-03 -2.494493896912198579e+03
-1.814186538638878216e-02 2.277357864390796086e-02 -1.410714708360048981e-02 7.177310658290698975e-03 -2.080995778840438737e-03 8.931385796662283036e-03 -2.497182410857207742e+03
-1.816126762142941664e-02 2.277772644712509204e-02 -1.409110515096252160e-02 7.164383764627978851e-03 -2.073617675829654214e-03 8.894127991626952362e-03 -2.499870281676495779e+03
-1.818066478801495800e-02 2.278180603884426628e-02 -1.407497234705614407e-02 7.151400769856636370e-03 -2.066217442938736003e-03 8.856770349110011653e-03 -2.502557508901398251e+03
-1.820005688226971133e-02 2.278581734071642717e-02 -1.405874862114662831e-02 7.138361600892435821e-03 -2.058795116178637006e-03 8.819313315694148406e-03 -2.505244092067509882e+03
-1.821944390029736280e-02 2.278976027415474323e-02 -1.404243393296014143e-02 7.125266257532541191e-03 -2.051350554912077188e-03 8.781756510222643586e-03 -2.507930030707439983e+03
-1.823882583822312303e-02 2.279363476012357531e-02 -1.402602823227664004e-02 7.112114723984112354e-03 -2.043883734854686461e-03 8.744100588829694515e-03 -2.510615324358314410e+03
-1.825820269211904726e-02 2.279744071954441925e-02 -1.400953145981422357e-02 7.098906978711847990e-03 -2.036394569127038864e-03 8.706345063630443679e-03 -2.513299972551980773e+03
-1.827757445801855146e-02 2.280117807341546995e-02 -1.399294353516703296e-02 7.085643011240812944e-03 -2.028883341250801910e-03 8.668490479497718490e-03 -2.515983974814771045e+03
-1.829694113200521291e-02 2.280484674223176231e-02 -1.397626436661814249e-02 7.072322774832409849e-03 -2.021349844886596425e-03 8.630537003434635146e-03 -2.518667330680628766e+03
-1.831630271011099043e-02 2.280844664645017075e-02 -1.395949384560253581e-02 7.058946224888744750e-03 -2.013794505933635872e-03 8.592483851470050435e-03 -2.521350039676274264e+03
-1.833565918840037931e-02 2.281197770636596983e-02 -1.394263189863774281e-02 7.045513329212363743e-03 -2.006217566676239596e-03 8.554331055169093340e-03 -2.524032101334083109e+03
-1.835501056288559030e-02 2.281543984279027146e-02 -1.392567845325854217e-02 7.032024083104499411e-03 -1.998619378594278413e-03 8.516077789105139240e-03 -2.526713515181115326e+03
-1.837435682953225333e-02 2.281883297622063628e-02 -1.390863345857108399e-02 7.018478455391681699e-03 -1.990999748417133629e-03 8.477726693376598857e-03 -2.529394280739226360e+03
-1.839369798443931184e-02 2.282215702618950112e-02 -1.389149686934173719e-02 7.004876458135875748e-03 -1.983358804253977387e-03 8.439275864488830770e-03 -2.532074397547218268e+03
-1.841303402355213420e-02 2.282541191340870662e-02 -1.387426864042015824e-02 6.991218099458034255e-03 -1.975696365620302573e-03 8.400726605991283916e-03 -2.534753865120444061e+03
-1.843236494291961361e-02 2.282859755814611868e-02 -1.385694872915976122e-02 6.977503373112735503e-03 -1.968012390951025346e-03 8.362078185957225532e-03 -2.537432682986826876e+03
-1.845169073856583325e-02 2.283171388022741874e-02 -1.383953709986365278e-02 6.963732258202033794e-03 -1.960306898292801456e-03 8.323331908115769867e-03 -2.540110850669183492e+03
-1.847101140656023238e-02 2.283476079886019583e-02 -1.382203371161824963e-02 6.949904708260360754e-03 -1.952579818589373880e-03 8.284486916395533002e-03 -2.542788367697932699e+03
-1.849032694284037312e-02 2.283773823353654406e-02 -1.380443852587065826e-02 6.936020699877656036e-03 -1.944831062643757966e-03 8.245543810644110141e-03 -2.545465233585879560e+03
-1.850963734346409290e-02 2.284064610300609935e-02 -1.378675150735674503e-02 6.922080228750511315e-03 -1.937060463152362596e-03 8.206503367382293399e-03 -2.548141447862034511e+03
-1.852894260445244606e-02 2.284348432610753751e-02 -1.376897259271572978e-02 6.908083294757155074e-03 -1.929267612967784087e-03 8.167365633223495555e-03 -2.550817010047208441e+03
-1.854824272181869460e-02 2.284625282118067993e-02 -1.375110172205811464e-02 6.894029908441019761e-03 -1.921452930223613341e-03 8.128129354377924137e-03 -2.553491919661523298e+03
-1.856753769149070699e-02 2.284895150672280190e-02 -1.373313881879939871e-02 6.879920109067761205e-03 -1.913615991494656580e-03 8.088795484537045222e-03 -2.556166176216590429e+03
-1.858682750950923362e-02 2.285158030039895205e-02 -1.371508381178290076e-02 6.865753905616877109e-03 -1.905756994197133894e-03 8.049364861429380777e-03 -2.558839779243103749e+03
-1.860611217175027476e-02 2.285413912059628197e-02 -1.369693659871338773e-02 6.851531289099732983e-03 -1.897876121754766372e-03 8.009836373506513257e-03 -2.561512728249929296e+03
-1.862539167415341868e-02 2.285662788498890943e-02 -1.367869708934339908e-02 6.837252140264447019e-03 -1.889973399822173937e-03 7.970211194668355703e-03 -2.564185022755497357e+03
-1.864466601264048659e-02 2.285904651116581893e-02 -1.366036519314412639e-02 6.822916450539341128e-03 -1.882049298000958333e-03 7.930488360545448825e-03 -2.566856662276808038e+03
-1.866393518313619326e-02 2.286139491669603521e-02 -1.364194084560064156e-02 6.808524169756044117e-03 -1.874103692181580292e-03 7.890669029750144517e-03 -2.569527646333069242e+03
-1.868319918148570249e-02 2.286367301910874339e-02 -1.362342398619331360e-02 6.794075287455367783e-03 -1.866137252322927443e-03 7.850751872157453459e-03 -2.572197974433190211e+03
-1.870245800357875007e-02 2.286588073571206928e-02 -1.360481458268634862e-02 6.779569775227390141e-03 -1.858149563877459611e-03 7.810738086514348866e-03 -2.574867646091549886e+03
-1.872171164530996718e-02 2.286801798435002253e-02 -1.358611259035676436e-02 6.765007577932385940e-03 -1.850140781967765614e-03 7.770626866250009319e-03 -2.577536660821369424e+03
-1.874096010256415257e-02 2.287008468284158769e-02 -1.356731797220876029e-02 6.750388686121842029e-03 -1.842111033340993820e-03 7.730419816472812629e-03 -2.580205018130398912e+03
-1.876020337136062935e-02 2.287208074784148615e-02 -1.354843069982402878e-02 6.735713082625051709e-03 -1.834060359311547733e-03 7.690114919130665305e-03 -2.582872717542004921e+03
-1.877944144754706626e-02 2.287400609679015803e-02 -1.352945073340127390e-02 6.720980776110060430e-03 -1.825988576949600468e-03 7.649714644235802025e-03 -2.585539758553993124e+03
-1.879867432706174360e-02 2.287586064628947119e-02 -1.351037802491935648e-02 6.706191763115423518e-03 -1.817895463552983469e-03 7.609217923346260279e-03 -2.588206140680096269e+03
-1.881790200579981989e-02 2.287764431208592908e-02 -1.349121252200700255e-02 6.691346076717796972e-03 -1.809780727304615387e-03 7.568625480101077649e-03 -2.590871863428754295e+03
-1.883712447962885075e-02 2.287935700970760572e-02 -1.347195415363740788e-02 6.676443741642342812e-03 -1.801644082950604967e-03 7.527936903777815436e-03 -2.593536926303882865e+03
-1.885634174452483283e-02 2.288099865391361037e-02 -1.345260285522182492e-02 6.661484804026788359e-03 -1.793485575944073727e-03 7.487153366515664037e-03 -2.596201328824839948e+03
-1.887555379627281829e-02 2.288256916072988964e-02 -1.343315855845185480e-02 6.646469288290103063e-03 -1.785305208413502003e-03 7.446274208274250399e-03 -2.598865070486700461e+03
-1.889476063072481268e-02 2.288406844561365061e-02 -1.341362119428160873e-02 6.631397197692930415e-03 -1.777103172804828969e-03 7.405300230487503292e-03 -2.601528150797969374e+03
-1.891396224368822876e-02 2.288549642384376040e-02 -1.339399067825566662e-02 6.616268446334731129e-03 -1.768879380700098510e-03 7.364231069598278258e-03 -2.604190569262231293e+03
-1.893315863098946755e-02 2.288685300988060542e-02 -1.337426692872878756e-02 6.601082996836736723e-03 -1.760633749704081531e-03 7.323067331676667846e-03 -2.606852325385879794e+03
-1.895234978840043202e-02 2.288813811845712490e-02 -1.335444985483923326e-02 6.585840755310381871e-03 -1.752366706676895597e-03 7.281808584691826063e-03 -2.609513418668977465e+03
-1.897153571172810818e-02 2.288935166418390801e-02 -1.333453939861099086e-02 6.570541676526800781e-03 -1.744078612162925854e-03 7.240454969632831826e-03 -2.612173848617104795e+03
-1.899071639670679018e-02 2.289049356205358210e-02 -1.331453550949889160e-02 6.555185707157190275e-03 -1.735769638582892798e-03 7.199005778337423667e-03 -2.614833614725186180e+03
-1.900989183911904953e-02 2.289156372706645931e-02 -1.329443813734221616e-02 6.539772811275081955e-03 -1.727440173524150135e-03 7.157461728462550209e-03 -2.617492716494558863e+03
-1.902906203477988667e-02 2.289256207457421657e-02 -1.327424722013357573e-02 6.524302966751960656e-03 -1.719090123821854403e-03 7.115822796951856016e-03 -2.620151153427309055e+03
-1.904822697944383997e-02 2.289348851982272309e-02 -1.325396271672412557e-02 6.508776171807099768e-03 -1.710719674921825327e-03 7.074089951945286905e-03 -2.622808925014489887e+03
-1.906738666894624082e-02 2.289434297664896117e-02 -1.323358459520345386e-02 6.493192441221079698e-03 -1.702328603679998916e-03 7.032261042734804131e-03 -2.625466030756781038e+03
-1.908654109910236721e-02 2.289512535847407909e-02 -1.321311280049831775e-02 6.477551824748419527e-03 -1.693917087135047520e-03 6.990338911329273784e-03 -2.628122470153437462e+03
-1.910569026567429662e-02 2.289583557879578193e-02 -1.319254730139485937e-02 6.461854355187702549e-03 -1.685484254171451361e-03 6.948323593751502131e-03 -2.630778242697932455e+03
-1.912483416441176226e-02 2.289647355021496786e-02 -1.317188803500988700e-02 6.446100065404089009e-03 -1.677029918888758723e-03 6.906214126044547992e-03 -2.633433347882963062e+03
-1.914397279111800659e-02 2.289703918455331805e-02 -1.315113494565109918e-02 6.430289009723730125e-03 -1.668554178284140316e-03 6.864011486182466405e-03 -2.636087785207952493e+03
-1.916310614154621145e-02 2.289753239410062188e-02 -1.313028797468883749e-02 6.414421179587705829e-03 -1.660056829173204955e-03 6.821715153427165834e-03 -2.638741554165329489e+03
-1.918223421140307500e-02 2.289795309176449051e-02 -1.310934706680117086e-02 6.398496593384529058e-03 -1.651538209720671523e-03 6.779326589214174428e-03 -2.641394654244396406e+03
-1.920135699644774652e-02 2.289830118976013754e-02 -1.308831214571896419e-02 6.382515186700614233e-03 -1.642997806493627947e-03 6.736845171027419643e-03 -2.644047084944412745e+03
-1.922047449232641356e-02 2.289857660057598512e-02 -1.306718315026458507e-02 6.366476895254580791e-03 -1.634435572158435268e-03 6.694270819317732144e-03 -2.646698845746572715e+03
-1.923958669479598066e-02 2.289877923600332210e-02 -1.304595998143332630e-02 6.350381648897006001e-03 -1.625851764625934823e-03 6.651604424965032979e-03 -2.649349936147805238e+03
-1.925869359950521664e-02 2.289890900848190122e-02 -1.302464257223593866e-02 6.334229377001000111e-03 -1.617246864831448127e-03 6.608844790061820657e-03 -2.652000355630699232e+03
-1.927779520213189837e-02 2.289896583043237593e-02 -1.300323083719869509e-02 6.318020029974616252e-03 -1.608621527792344734e-03 6.565992940679155759e-03 -2.654650103682793997e+03
-1.929689149832345546e-02 2.289894961443697183e-02 -1.298172471165035848e-02 6.301753561583190756e-03 -1.599975767452816366e-03 6.523048163316989313e-03 -2.657299179790564722e+03
-1.931598248372944082e-02 2.289886027265055149e-02 -1.296012412713379650e-02 6.285429937734263867e-03 -1.591310063671099069e-03 6.480011135769680151e-03 -2.659947583442481118e+03
-1.933506815396857093e-02 2.289869771677048235e-02 -1.293842902752937243e-02 6.269049174950971741e-03 -1.582624375431922669e-03 6.436881599914964260e-03 -2.662595314119174873e+03
-1.935414850470750653e-02 2.289846185765563244e-02 -1.291663937819028871e-02 6.252611295425223280e-03 -1.573918479638334363e-03 6.393659773210736211e-03 -2.665242371304674180e+03
-1.937322353162282060e-02 2.289815260577928932e-02 -1.289475514567020933e-02 6.236116358762720802e-03 -1.565192617664809029e-03 6.350346169594603754e-03 -2.667888754482550212e+03
-1.939229323038819258e-02 2.289776987138938957e-02 -1.287277629269970719e-02 6.219564399047597392e-03 -1.556446166982927226e-03 6.306939714824815781e-03 -2.670534463135906663e+03
-1.941135759667302410e-02 2.289731356426088008e-02 -1.285070277588071762e-02 6.202955465972972461e-03 -1.547678889055147892e-03 6.263442819581065482e-03 -2.673179496750060480e+03
-1.943041662608390591e-02 2.289678359363738619e-02 -1.282853455652246608e-02 6.186289591030308226e-03 -1.538890471458310765e-03 6.219854209074573113e-03 -2.675823854803230461e+03
-1.944947031425521555e-02 2.289617986860274443e-02 -1.280627158723731188e-02 6.169566770212940761e-03 -1.530080750343913373e-03 6.176174704973033495e-03 -2.678467536774180189e+03
-1.946851865683464980e-02 2.289550229839858175e-02 -1.278391380864859865e-02 6.152786999307610985e-03 -1.521249890027646110e-03 6.132404305445725290e-03 -2.681110542141133919e+03
-1.948756164949799752e-02 2.289475079271311234e-02 -1.276146115235507299e-02 6.135950244229530955e-03 -1.512397658226586044e-03 6.088543873662591137e-03 -2.683752870388525025e+03
-1.950659928778494465e-02 2.289392526203836917e-02 -1.273891353627993293e-02 6.119056448788696631e-03 -1.503523833940492715e-03 6.044592498210600920e-03 -2.686394520982589711e+03
-1.952563156737360806e-02 2.289302561572810132e-02 -1.271627088003091793e-02 6.102105577771521627e-03 -1.494628759530362448e-03 6.000552105645066622e-03 -2.689035493410582148e+03
-1.954465848376860798e-02 2.289205176385294277e-02 -1.269353310856228927e-02 6.085097542684748083e-03 -1.485712564662695001e-03 5.956421354206961442e-03 -2.691675787137598945e+03
-1.956368003254424157e-02 2.289100361569381195e-02 -1.267070012795770695e-02 6.068032257796359026e-03 -1.476775963943466113e-03 5.912201648951655175e-03 -2.694315401642403231e+03
-1.958269620920189205e-02 2.288988108088633663e-02 -1.264777186125683704e-02 6.050909699380501577e-03 -1.467819246248248119e-03 5.867891884118062694e-03 -2.696954336395535847e+03
-1.960170700921278972e-02 2.288868406838995978e-02 -1.262474823797114787e-02 6.033729829001111510e-03 -1.458842825728124890e-03 5.823492123810956704e-03 -2.699592590866199316e+03
-1.962071242807453264e-02 2.288741248584627574e-02 -1.260162921450156195e-02 6.016492696113827192e-03 -1.449846866794630507e-03 5.779002280971952399e-03 -2.702230164525300097e+03
-1.963971246132097462e-02 2.288606624048554472e-02 -1.257841474924983882e-02 5.999198294208375401e-03 -1.440831349465995911e-03 5.734422623294307096e-03 -2.704867056845469051e+03
-1.965870710445651037e-02 2.288464523966293393e-02 -1.255510479572082352e-02 5.981846663711196978e-03 -1.431796158489374339e-03 5.689752908425362021e-03 -2.707503267293725912e+03
-1.967769635301899050e-02 2.288314939054654842e-02 -1.253169931609959126e-02 5.964437870673059208e-03 -1.422740916893608159e-03 5.644993137334754739e-03 -2.710138795338196360e+03
-1.969668020257403507e-02 2.288157860002188598e-02 -1.250819827810714831e-02 5.946971949532552093e-03 -1.413665494927880076e-03 5.600143299933978830e-03 -2.712773640448904644e+03
-1.971565864867048587e-02 2.287993277485766280e-02 -1.248460165546322331e-02 5.929448922163245428e-03 -1.404569328588097963e-03 5.555204558087575503e-03 -2.715407802093982355e+03
-1.973463168680085825e-02 2.287821182163322573e-02 -1.246090940259981725e-02 5.911868805117264335e-03 -1.395452254319172860e-03 5.510177044248163944e-03 -2.718041279733799911e+03
-1.975359931256023827e-02 2.287641564622197934e-02 -1.243712144775010672e-02 5.894231624477230119e-03 -1.386314431919716175e-03 5.465061366208749313e-03 -2.720674072841958605e+03
-1.977256152139147613e-02 2.287454415558523579e-02 -1.241323771241269192e-02 5.876537327169638857e-03 -1.377155620572764749e-03 5.419858077252454921e-03 -2.723306180870618846e+03
-1.979151830885248972e-02 2.287259725666617241e-02 -1.238925813080778669e-02 5.858785847062230288e-03 -1.367975793433129318e-03 5.374567943940546620e-03 -2.725937603291964933e+03
-1.981046967036029921e-02 2.287057485721667380e-02 -1.236518263129315030e-02 5.840977147452654922e-03 -1.358774769841840325e-03 5.329190574282654559e-03 -2.728568339561129960e+03
-1.982941560135575987e-02 2.286847686417064346e-02 -1.234101112125168473e-02 5.823111149381493892e-03 -1.349552966508323201e-03 5.283726985247569168e-03 -2.731198389139531173e+03
-1.984835609725109015e-02 2.286630318378784013e-02 -1.231674353792403497e-02 5.805187792652790474e-03 -1.340310846870289112e-03 5.238177105634787487e-03 -2.733827751487105161e+03
-1.986729115345838015e-02 2.286405372129125813e-02 -1.229237981659005684e-02 5.787207017083331219e-03 -1.331048687291725308e-03 5.192540073123304983e-03 -2.736456426066506538e+03
-1.988622076530264376e-02 2.286172838198463619e-02 -1.226791989196963396e-02 5.769168836167422494e-03 -1.321767402814833523e-03 5.146815647057761435e-03 -2.739084412329368206e+03
-1.990514492813245939e-02 2.285932707036416461e-02 -1.224336370835271172e-02 5.751073276693563670e-03 -1.312467011261295819e-03 5.101003316697372975e-03 -2.741711709732006966e+03
-1.992406363732383834e-02 2.285684969049230075e-02 -1.221871120516757232e-02 5.732920352764058272e-03 -1.303147297896961381e-03 5.055103681133490783e-03 -2.744338317729416303e+03
-1.994297688827422962e-02 2.285429614620608160e-02 -1.219396232892373637e-02 5.714710093395801091e-03 -1.293808354375532632e-03 5.009115384629966514e-03 -2.746964235774880763e+03
-1.996188467644593664e-02 2.285166634139354155e-02 -1.216911702952021453e-02 5.696442518892833561e-03 -1.284449637110730499e-03 4.963039663496270765e-03 -2.749589463329080900e+03
-1.998078699721941853e-02 2.284896018067827939e-02 -1.214417526553319276e-02 5.678117712343620609e-03 -1.275071500273738251e-03 4.916876315222485846e-03 -2.752213999838645123e+03
-1.999968384601951560e-02 2.284617756789859844e-02 -1.211913699386530513e-02 5.659735686172523254e-03 -1.265673124618453939e-03 4.870626391142966402e-03 -2.754837844755810693e+03
-2.001857521825076147e-02 2.284331840687787996e-02 -1.209400217520392382e-02 5.641296482043103855e-03 -1.256254444387640236e-03 4.824290619979314590e-03 -2.757460997530602981e+03
-2.003746110933492253e-02 2.284038260075715171e-02 -1.206877074928023284e-02 5.622800079081211912e-03 -1.246815241258674139e-03 4.777869751341193814e-03 -2.760083457617385648e+03
-2.005634151460044048e-02 2.283737005301608378e-02 -1.204344266396647697e-02 5.604246454027581384e-03 -1.237355495430179182e-03 4.731364674745958815e-03 -2.762705224459547480e+03
-2.007521642945306328e-02 2.283428066702354250e-02 -1.201801784113875997e-02 5.585635543326182909e-03 -1.227875176865152098e-03 4.684775331435395151e-03 -2.765326297512089241e+03
-2.009408584917227181e-02 2.283111434728602937e-02 -1.199249622304672525e-02 5.566967266616101515e-03 -1.218374064270624562e-03 4.638102680275136419e-03 -2.767946676214990930e+03
-2.011294976907298734e-02 2.282787099738123673e-02 -1.196687775267213372e-02 5.548241589879925918e-03 -1.208852758101740948e-03 4.591346452654215815e-03 -2.770566360016603085e+03
-2.013180818446562437e-02 2.282455051952631681e-02 -1.194116237586406032e-02 5.529458431150363791e-03 -1.199311183146567136e-03 4.544506478675788483e-03 -2.773185348367064762e+03
-2.015066109054461027e-02 2.282115281599842935e-02 -1.191535002173317245e-02 5.510617790533444901e-03 -1.189750305065712327e-03 4.497582042245629706e-03 -2.775803640699444259e+03
-2.016950848260160717e-02 2.281767778811667757e-02 -1.188944063269967849e-02 5.491719679371128739e-03 -1.180170346574804796e-03 4.450573483730328565e-03 -2.778421236459598276e+03
-2.018835035590813703e-02 2.281412533737337683e-02 -1.186343413272505920e-02 5.472764123081163071e-03 -1.170571682229179424e-03 4.403478645696336409e-03 -2.781038135091063850e+03
-2.020718670568464811e-02 2.281049536515428883e-02 -1.183733044751656208e-02 5.453751136425323900e-03 -1.160954052323385707e-03 4.356299372001076753e-03 -2.783654336030872400e+03
-2.022601752712846826e-02 2.280678777230742138e-02 -1.181112949658073320e-02 5.434680760306296113e-03 -1.151317375085113802e-03 4.309034495178679092e-03 -2.786269838711963985e+03
-2.024484281559324125e-02 2.280300245904881215e-02 -1.178483120822271767e-02 5.415553000878981817e-03 -1.141661699884129579e-03 4.261684715908815695e-03 -2.788884642585541314e+03
-2.026366256629030457e-02 2.279913932694742351e-02 -1.175843553485505198e-02 5.396367914659583320e-03 -1.131986587489999113e-03 4.214250804062224035e-03 -2.791498747079652730e+03
-2.028247677449712683e-02 2.279519827685473968e-02 -1.173194243324253774e-02 5.377125538553982620e-03 -1.122291965953218324e-03 4.166732726746490492e-03 -2.794112151630776225e+03
-2.030128543550930101e-02 2.279117920893763277e-02 -1.170535186440633223e-02 5.357825907967891065e-03 -1.112577722852080286e-03 4.119132119203043445e-03 -2.796724855678421136e+03
-2.032008854457537095e-02 2.278708202348862094e-02 -1.167866380305114526e-02 5.338468967294475280e-03 -1.102843353657278428e-03 4.071449341364181268e-03 -2.799336858657692574e+03
-2.033888609689889909e-02 2.278290662049057072e-02 -1.165187821449451856e-02 5.319054694251186197e-03 -1.093088562397176011e-03 4.023685429292771405e-03 -2.801948159999877134e+03
-2.035767808767458692e-02 2.277865289968954848e-02 -1.162499503972343716e-02 5.299583053958016078e-03 -1.083313863331347195e-03 3.975840917821694097e-03 -2.804558759137492416e+03
-2.037646451210414419e-02 2.277432076094081104e-02 -1.159801422731874393e-02 5.280053957183162422e-03 -1.073519135034110839e-03 3.927916010393971320e-03 -2.807168655503471655e+03
-2.039524536534785548e-02 2.276991010437966895e-02 -1.157093574252600690e-02 5.260467373440334653e-03 -1.063704720890620370e-03 3.879909168951087891e-03 -2.809777848523122429e+03
-2.041402064268035485e-02 2.276542082883108858e-02 -1.154375952348652389e-02 5.240823261655808488e-03 -1.053870844374046314e-03 3.831822247210796891e-03 -2.812386337638236455e+03
-2.043279033915847837e-02 2.276085283383836450e-02 -1.151648549210582823e-02 5.221121617133640640e-03 -1.044017976012226500e-03 3.783653139779541343e-03 -2.814994122261289704e+03
-2.045155444994466512e-02 2.275620601742178381e-02 -1.148911358193087373e-02 5.201362489585944007e-03 -1.034146401878751741e-03 3.735403165112011724e-03 -2.817601201824339114e+03
-2.047031297014055562e-02 2.275148027765041409e-02 -1.146164368746168012e-02 5.181545870479626822e-03 -1.024256292607936226e-03 3.687070411003452817e-03 -2.820207575752690445e+03
-2.048906589480320797e-02 2.274667551300989243e-02 -1.143407572063032118e-02 5.161671835653420214e-03 -1.014347504573101695e-03 3.638655792257277331e-03 -2.822813243464526295e+03
-2.050781321910141036e-02 2.274179162085657180e-02 -1.140640959369722957e-02 5.141740392889130630e-03 -1.004419834667988906e-03 3.590159420655890648e-03 -2.825418204394857639e+03
-2.052655493803953735e-02 2.273682849878311610e-02 -1.137864522630123096e-02 5.121751541444319843e-03 -9.944734280834350779e-04 3.541582482331585412e-03 -2.828022457953662524e+03
-2.054529104676368692e-02 2.273178604375875739e-02 -1.135078256937556082e-02 5.101705303067669700e-03 -9.845081049684502057e-04 3.492923764888045905e-03 -2.830626003567344014e+03
-2.056402154039653832e-02 2.272666415268685680e-02 -1.132282160440667949e-02 5.081601732686658567e-03 -9.745238072863947765e-04 3.444184597925387895e-03 -2.833228840656100147e+03
-2.058274641401748595e-02 2.272146272269920733e-02 -1.129476229686202267e-02 5.061440794375915257e-03 -9.645202764593562364e-04 3.395365565863487159e-03 -2.835830968634827968e+03
-2.060146566282430175e-02 2.271618164979166687e-02 -1.126660462793734399e-02 5.041222513827292064e-03 -9.544972015441757773e-04 3.346467784219985062e-03 -2.838432386937398405e+03
-2.062017928181252360e-02 2.271082083073849497e-02 -1.123834858201689518e-02 5.020946842671938394e-03 -9.444544475353178941e-04 3.297491181429073638e-03 -2.841033094968002843e+03
-2.063888726609194521e-02 2.270538016152525568e-02 -1.120999413816841858e-02 5.000613740358635616e-03 -9.343926274607102693e-04 3.248436314271342402e-03 -2.843633092145852970e+03
-2.065758961073777683e-02 2.269985953844059351e-02 -1.118154124880958548e-02 4.980223155523678773e-03 -9.243116191804029479e-04 3.199304327452178690e-03 -2.846232377883779009e+03
-2.067628631085832724e-02 2.269425885734672327e-02 -1.115298985611064275e-02 4.959775046075383560e-03 -9.142117150202512922e-04 3.150093960392789244e-03 -2.848830951602369623e+03
-2.069497736140118310e-02 2.268857801494607654e-02 -1.112433988549539794e-02 4.939269385814725258e-03 -9.040928113229856856e-04 3.100806140152221214e-03 -2.851428812702037249e+03
-2.071366275747787630e-02 2.268281690642452025e-02 -1.109559123770534513e-02 4.918706198652979603e-03 -8.939553271196834343e-04 3.051439880751404075e-03 -2.854025960608487367e+03
-2.073234249398703613e-02 2.267697542754937984e-02 -1.106674382530581022e-02 4.898085538062656868e-03 -8.837994202453179279e-04 3.001995127468805834e-03 -2.856622394719869590e+03
-2.075101656594464244e-02 2.267105347209751043e-02 -1.103779754763446232e-02 4.877407436649749614e-03 -8.736250017792561570e-04 2.952473620944404565e-03 -2.859218114454979059e+03
-2.076968496820720544e-02 2.266505093496389706e-02 -1.100875232602560247e-02 4.856671912287896173e-03 -8.634320688253784709e-04 2.902873769675853692e-03 -2.861813119210482000e+03
-2.078834769575290536e-02 2.265896771036833221e-02 -1.097960807918202907e-02 4.835878989115252428e-03 -8.532204708101838279e-04 2.853195974997791481e-03 -2.864407408399455107e+03
-2.080700474347518814e-02 2.265280369189008255e-02 -1.095036473817147075e-02 4.815028666748537300e-03 -8.429902162390714125e-04 2.803439604267485459e-03 -2.867000981422755103e+03
-2.082565610632808664e-02 2.264655877232344544e-02 -1.092102224696938836e-02 4.794120968656759643e-03 -8.327416224102080237e-04 2.753605681753834057e-03 -2.869593837687655196e+03
-2.084430177925993694e-02 2.264023284466929603e-02 -1.089158059224138927e-02 4.773155913422686726e-03 -8.224747369337754091e-04 2.703694810511592713e-03 -2.872185976594660588e+03
-2.086294175731306932e-02 2.263382580118222104e-02 -1.086203976963127232e-02 4.752133493718089380e-03 -8.121894175741586810e-04 2.653706048264390348e-03 -2.874777397556526012e+03
-2.088157603538924600e-02 2.262733753558221136e-02 -1.083239976298001200e-02 4.731053660226026449e-03 -8.018854543422263958e-04 2.603641994446008901e-03 -2.877368099962986435e+03
-2.090020460850474174e-02 2.262076794035491542e-02 -1.080266056524826351e-02 4.709916453972312622e-03 -7.915632388536269918e-04 2.553501215951691113e-03 -2.879958083221852121e+03
-2.091882747161132733e-02 2.261411690823238174e-02 -1.077282213776233934e-02 4.688721756859463852e-03 -7.812219488995878315e-04 2.503286084418450061e-03 -2.882547346733646464e+03
-2.093744461960219544e-02 2.260738433207502493e-02 -1.074288442770851212e-02 4.667469601266918677e-03 -7.708625528712763006e-04 2.452996345198121212e-03 -2.885135889891378611e+03
-2.095605604736615335e-02 2.260057010453543624e-02 -1.071284734953973500e-02 4.646159960378531441e-03 -7.604850037154995681e-04 2.402633178752479337e-03 -2.887723712089979927e+03
-2.097466174978225920e-02 2.259367411792575012e-02 -1.068271080963011273e-02 4.624792803851906879e-03 -7.500889832459002723e-04 2.352195861233168615e-03 -2.890310812726663244e+03
-2.099326172174164826e-02 2.258669626394790853e-02 -1.065247473197358970e-02 4.603368192110967802e-03 -7.396744289616057717e-04 2.301683721276670015e-03 -2.892897191200799625e+03
-2.101185595806160517e-02 2.257963643415941690e-02 -1.062213902103424992e-02 4.581886134642634140e-03 -7.292414270037116250e-04 2.251098716607628693e-03 -2.895482846903552854e+03
-2.103044445352590316e-02 2.257249451906174348e-02 -1.059170360958456257e-02 4.560346678378432266e-03 -7.187901844558189672e-04 2.200440233884641810e-03 -2.898067779225056711e+03
-2.104902720285061965e-02 2.256527040897791242e-02 -1.056116840849894573e-02 4.538749848455772562e-03 -7.083203632589648137e-04 2.149707474209549066e-03 -2.900651987548669240e+03
-2.106760420083829063e-02 2.255796399437995370e-02 -1.053053335143833147e-02 4.517095722711331370e-03 -6.978325429469502128e-04 2.098899357006533701e-03 -2.903235471269265872e+03
-2.108617544228405527e-02 2.255057516502614184e-02 -1.049979838172645716e-02 4.495384264647475647e-03 -6.873266725938302797e-04 2.048016845882423727e-03 -2.905818229776559747e+03
-2.110474092201328894e-02 2.254310380932169830e-02 -1.046896346721581939e-02 4.473615443782555205e-03 -6.768030011969700587e-04 1.997059328506779318e-03 -2.908400262460077101e+03
-2.112330063480531706e-02 2.253554981626136253e-02 -1.043802860057663554e-02 4.451789272738584588e-03 -6.662620634897319571e-04 1.946027877923311436e-03 -2.910981568699301533e+03
-2.114185457547965857e-02 2.252791307518931668e-02 -1.040699375486298442e-02 4.429905712477476797e-03 -6.557034186409152216e-04 1.894922747323473993e-03 -2.913562147879479198e+03
-2.116040273885661308e-02 2.252019347545975575e-02 -1.037585890224026856e-02 4.407964808382727404e-03 -6.451274409455653308e-04 1.843744762293443454e-03 -2.916141999385010422e+03
-2.117894511977699498e-02 2.251239090634520046e-02 -1.034462400167202555e-02 4.385966536916511942e-03 -6.345338676793100792e-04 1.792494544348201659e-03 -2.918721122603369167e+03
-2.119748171300726500e-02 2.250450525721263417e-02 -1.031328901903694542e-02 4.363910887255558445e-03 -6.239223887561059275e-04 1.741173234811270410e-03 -2.921299516914478318e+03
-2.121601251325505241e-02 2.249653641718477037e-02 -1.028185388929840280e-02 4.341797824425402616e-03 -6.132929690937656119e-04 1.689781984635746210e-03 -2.923877181690615998e+03
-2.123453751536342679e-02 2.248848427377579673e-02 -1.025031851836789160e-02 4.319627318709298031e-03 -6.026456167680820965e-04 1.638320997406188641e-03 -2.926454116325843188e+03
-2.125305671395612273e-02 2.248034871548844696e-02 -1.021868284072365192e-02 4.297399411726779764e-03 -5.919801658449499494e-04 1.586789750626987992e-03 -2.929030320185653181e+03
-2.127157010375370708e-02 2.247212962972185840e-02 -1.018694678641570740e-02 4.275114130611586648e-03 -5.812964578249143989e-04 1.535189684869478358e-03 -2.931605792650577769e+03
-2.129007767939729984e-02 2.246382690380862440e-02 -1.015511028686535977e-02 4.252771514480962849e-03 -5.705944347310246221e-04 1.483519233703452841e-03 -2.934180533092890073e+03
-2.130857943557696102e-02 2.245544042392160627e-02 -1.012317327257897769e-02 4.230371620998644132e-03 -5.598743766716942965e-04 1.431778460717913560e-03 -2.936754540893814919e+03
-2.132707536682072400e-02 2.244697007678437065e-02 -1.009113568935442011e-02 4.207914462753885657e-03 -5.491366080940237931e-04 1.379967222102576954e-03 -2.939327815412377731e+03
-2.134556546782270803e-02 2.243841574840725259e-02 -1.005899748401969940e-02 4.185400063057061887e-03 -5.383812147878398518e-04 1.328084179237303377e-03 -2.941900356030600506e+03
-2.136404973319686040e-02 2.242977732507757394e-02 -1.002675858982614472e-02 4.162828381605869661e-03 -5.276086872862757911e-04 1.276130430453264065e-03 -2.944472162114637285e+03
-2.138252815760972522e-02 2.242105469165096496e-02 -9.994418961737281532e-03 4.140199429102213620e-03 -5.168193303567750977e-04 1.224105384238493525e-03 -2.947043233036034508e+03
-2.140100073561599855e-02 2.241224773374874552e-02 -9.961978565694064314e-03 4.117513195713011498e-03 -5.060134871253706753e-04 1.172010745738312704e-03 -2.949613568149598905e+03
-2.141946746197935167e-02 2.240335633563995954e-02 -9.929437362558659469e-03 4.094769705516321419e-03 -4.951914384018345520e-04 1.119846271044383198e-03 -2.952183166840009108e+03
-2.143792833126137096e-02 2.239438038332441580e-02 -9.896795309719659539e-03 4.071968965574075151e-03 -4.843528901388328826e-04 1.067613306092912761e-03 -2.954752028459872690e+03
-2.145638333811223167e-02 2.238531976246930025e-02 -9.864052359940294473e-03 4.049110956796924538e-03 -4.734971077094454446e-04 1.015313136819161795e-03 -2.957320152375469206e+03
-2.147483247717034416e-02 2.237617435798171239e-02 -9.831208474695703886e-03 4.026195671656414288e-03 -4.626236135821647916e-04 9.629457045469051821e-04 -2.959887537952489311e+03
-2.149327574306361677e-02 2.236694405356072848e-02 -9.798263598031218061e-03 4.003223092413249126e-03 -4.517327337608315996e-04 9.105118322208428277e-04 -2.962454184556946529e+03
-2.151171313032148105e-02 2.235762873285808069e-02 -9.765217664223644484e-03 3.980193205705228818e-03 -4.408242399621941916e-04 8.580120035696000300e-04 -2.965020091544456591e+03
-2.153014463348871393e-02 2.234822827921099236e-02 -9.732070622979262578e-03 3.957106044003031418e-03 -4.298978435745352518e-04 8.054472542807459157e-04 -2.967585258274342777e+03
-2.154857024709688762e-02 2.233874257567629307e-02 -9.698822431196201313e-03 3.933961681682208653e-03 -4.189535362232496801e-04 7.528159869566898718e-04 -2.970149684104752851e+03
-2.156698996561689369e-02 2.232917150578579701e-02 -9.665473037714839011e-03 3.910760095667508741e-03 -4.079915151915591365e-04 7.001185535688020248e-04 -2.972713368387016999e+03
-2.158540378361975889e-02 2.231951495169891275e-02 -9.632022390560539271e-03 3.887501365582763952e-03 -3.970122223816299561e-04 6.473542411178545737e-04 -2.975276310490172364e+03
-2.160381169544903571e-02 2.230977279687388140e-02 -9.598470398363695769e-03 3.864185490866196230e-03 -3.860158058611638473e-04 5.945237626113470232e-04 -2.977838509751234142e+03
-2.162221369557805473e-02 2.229994492358520694e-02 -9.564816983088687136e-03 3.840812501825006768e-03 -3.750029985903348645e-04 5.416271481234520178e-04 -2.980399965526356482e+03
-2.164060977847559117e-02 2.229003121353650974e-02 -9.531062092380849365e-03 3.817382378110914347e-03 -3.639739448489923059e-04 4.886624128471635242e-04 -2.982960677165931884e+03
-2.165899993861522543e-02 2.228003154759373647e-02 -9.497205658362581349e-03 3.793895149824058795e-03 -3.529292227491226223e-04 4.356332568848561007e-04 -2.985520644017658924e+03
-2.167738417052349209e-02 2.226994580660964992e-02 -9.463247639160364544e-03 3.770350840556806887e-03 -3.418690386350317135e-04 3.825373956386870816e-04 -2.988079865438497109e+03
-2.169576246860688631e-02 2.225977387208515415e-02 -9.429187988316165350e-03 3.746749432779802186e-03 -3.307932850512266165e-04 3.293772121657848875e-04 -2.990638340768413400e+03
-2.171413482732889588e-02 2.224951562462007537e-02 -9.395026682240903426e-03 3.723090946328644433e-03 -3.197012172667418502e-04 2.761533634579900606e-04 -2.993196069353714392e+03
-2.173250124114041448e-02 2.223917094466832181e-02 -9.360763675322680832e-03 3.699375322827806994e-03 -3.085923424056186181e-04 2.228649057312466486e-04 -2.995753050538359275e+03
-2.175086170457310800e-02 2.222873971194233578e-02 -9.326398947674955503e-03 3.675602573481694026e-03 -2.974665961210652449e-04 1.695135007841029487e-04 -2.998309283676982432e+03
-2.176921621195600925e-02 2.221822180638357083e-02 -9.291932451151714220e-03 3.651772686126270994e-03 -2.863236637735572807e-04 1.161001587852990399e-04 -3.000864768096178523e+03
-2.178756475781303686e-02 2.220761710572344283e-02 -9.257364145129998861e-03 3.627885688282427978e-03 -2.751632039000062352e-04 6.262453376978123867e-05 -3.003419503155072562e+03
-2.180590733641783741e-02 2.219692549025589767e-02 -9.222693984421020952e-03 3.603941591388112788e-03 -2.639853397368193528e-04 9.086376997375636492e-06 -3.005973488179401102e+03
-2.182424394217807873e-02 2.218614683888422631e-02 -9.187921928895181195e-03 3.579940448868514178e-03 -2.527904195866806369e-04 -4.451218847467646844e-05 -3.008526722517162398e+03
-2.184257456932718264e-02 2.217528103146985952e-02 -9.153047912918491763e-03 3.555882302370512536e-03 -2.415785644206285042e-04 -9.817253890644171005e-05 -3.011079205493578684e+03
-2.186089921219746407e-02 2.216432794661004138e-02 -9.118071846102521541e-03 3.531767169374060242e-03 -2.303502702542045287e-04 -1.518938947504733423e-04 -3.013630936448465491e+03
-2.187921786505874280e-02 2.215328746263820967e-02 -9.082993653167821188e-03 3.507595125654357215e-03 -2.191061369187616737e-04 -2.056771172782257621e-04 -3.016181914710787169e+03
-2.189753052222030011e-02 2.214215945710777331e-02 -9.047813245082530695e-03 3.483366220378388174e-03 -2.078469778170664135e-04 -2.595222614850663874e-04 -3.018732139615593496e+03
-2.191583717794518688e-02 2.213094380749373868e-02 -9.012530563438116843e-03 3.459080427265109371e-03 -1.965725118452248696e-04 -3.134287709218675031e-04 -3.021281610489626473e+03
-2.193413782656255737e-02 2.211964039020346273e-02 -8.977145570927437881e-03 3.434737778529923461e-03 -1.852830860583309068e-04 -3.673976640636487348e-04 -3.023830326669405167e+03
-2.195243246228054113e-02 2.210824908232739486e-02 -8.941658235051648182e-03 3.410338255734553931e-03 -1.739788256718882080e-04 -4.214271021086730680e-04 -3.026378287473589808e+03
-2.197072107945127750e-02 2.209676975895271539e-02 -8.906068530420434629e-03 3.385881827774671164e-03 -1.626592740785945661e-04 -4.755173246530884916e-04 -3.028925492239621690e+03
-2.198900367236776912e-02 2.208520229568842683e-02 -8.870376425884193491e-03 3.361368479987748761e-03 -1.513242517915392685e-04 -5.296676068267823414e-04 -3.031471940294682554e+03
-2.200728023529806981e-02 2.207354656853713001e-02 -8.834581889958753598e-03 3.336798200370455665e-03 -1.399727327816386799e-04 -5.838782385393280700e-04 -3.034017630960471706e+03
-2.202555076246559551e-02 2.206180245330647757e-02 -8.798684875824708956e-03 3.312171008809042944e-03 -1.286045489515903653e-04 -6.381463876780403034e-04 -3.036562563550793584e+03
-2.204381524825252750e-02 2.204996982388086890e-02 -8.762685340188817312e-03 3.287486901593756304e-03 -1.172194267623927216e-04 -6.924729739315380311e-04 -3.039106737406027605e+03
-2.206207368678263572e-02 2.203804855554569384e-02 -8.726583253936624762e-03 3.262745929322088522e-03 -1.058174491081625854e-04 -7.468563603790681193e-04 -3.041650151835603083e+03
-2.208032607220395543e-02 2.202603852408159535e-02 -8.690378561674495447e-03 3.237948107870029790e-03 -9.439920027042721063e-05 -8.012957030648931332e-04 -3.044192806155013386e+03
-2.209857239877475316e-02 2.201393960376547485e-02 -8.654071210729001248e-03 3.213093498160864321e-03 -8.296433164642271364e-05 -8.557908156609814014e-04 -3.046734699695184190e+03
-2.211681266047496597e-02 2.200175167033372250e-02 -8.617661117020955844e-03 3.188182194651036517e-03 -7.151419995862469750e-05 -9.103426321930980754e-04 -3.049275831748615019e+03
-2.213504685156864743e-02 2.198947459661053025e-02 -8.581148206676689899e-03 3.163214229404854617e-03 -6.004884888562758141e-05 -9.649511809038393510e-04 -3.051816201651058236e+03
-2.215327496605142693e-02 2.197710825646288779e-02 -8.544532418978232832e-03 3.138189678945549083e-03 -4.856912956324714337e-05 -1.019616938835792410e-03 -3.054355808700575835e+03
-2.217149699801379548e-02 2.196465252265479909e-02 -8.507813700534628057e-03 3.113108531358929794e-03 -3.707469821756133457e-05 -1.074339876693689542e-03 -3.056894652207914987e+03
-2.218971294166932964e-02 2.195210726689335312e-02 -8.470992007373834287e-03 3.087970777578889076e-03 -2.556606884409251798e-05 -1.129120019109301331e-03 -3.059432731499544843e+03
-2.220792279094644869e-02 2.193947236258793343e-02 -8.434067312008543954e-03 3.062776407784226652e-03 -1.404315064098587028e-05 -1.183958056360189448e-03 -3.061970045859972288e+03
-2.222612654009125874e-02 2.192674768020099613e-02 -8.397039562465026183e-03 3.037525372628885334e-03 -2.505981830639704870e-06 -1.238852519297031730e-03 -3.064506594618443614e+03
-2.224432418312073320e-02 2.191393309149084270e-02 -8.359908717231991776e-03 3.012217670293226065e-03 9.045883313635206949e-06 -1.293802966109036234e-03 -3.067042377069352824e+03
-2.226251571418683128e-02 2.190102846697362590e-02 -8.322674742395971478e-03 2.986853314785088871e-03 2.061309729106010002e-05 -1.348807929510988188e-03 -3.069577392524140578e+03
-2.228070112740266479e-02 2.188803367708212419e-02 -8.285337603034050036e-03 2.961432345047366500e-03 3.219661464063500021e-05 -1.403865966976676916e-03 -3.072111640285826070e+03
-2.229888041683405694e-02 2.187494859259656380e-02 -8.247897251306056388e-03 2.935954770376410401e-03 4.379623097937746233e-05 -1.458977081908086840e-03 -3.074645119651154346e+03
-2.231705357656522948e-02 2.186177308404651035e-02 -8.210353647410392752e-03 2.910420626251855429e-03 5.541188178993901520e-05 -1.514140274163454933e-03 -3.077177829923145055e+03
-2.233522060062919506e-02 2.184850702155423027e-02 -8.172706750824990790e-03 2.884829934794936983e-03 6.704361765600536354e-05 -1.569355302865090788e-03 -3.079709770404691881e+03
-2.235338148295635402e-02 2.183515027579253573e-02 -8.134956527833601958e-03 2.859182797665617629e-03 7.869039887092028180e-05 -1.624621825661911592e-03 -3.082240940389145180e+03
-2.237153621741274842e-02 2.182170271760528954e-02 -8.097102915014224231e-03 2.833479221191466477e-03 9.035227845054595098e-05 -1.679938865248948622e-03 -3.084771339160637581e+03
-2.238968479810212603e-02 2.180816421470195207e-02 -8.059145860340285322e-03 2.807719287674093067e-03 1.020282284781291905e-04 -1.735308415459686695e-03 -3.087300966036520094e+03
-2.240782721880497930e-02 2.179453463639110730e-02 -8.021085324583005285e-03 2.781903062965756374e-03 1.137180753608300145e-04 -1.790730829844462820e-03 -3.089829820289558029e+03
-2.242596347344007895e-02 2.178081385112021554e-02 -7.982921250667934787e-03 2.756030571442806727e-03 1.254216737087825184e-04 -1.846205624533525224e-03 -3.092357901214243157e+03
-2.244409355587690877e-02 2.176700172785122830e-02 -7.944653574744374794e-03 2.730101815800145288e-03 1.371389636270047160e-04 -1.901733397563071292e-03 -3.094885208096665792e+03
-2.246221746015060472e-02 2.175309813356899463e-02 -7.906282226440691438e-03 2.704116727544118165e-03 1.488696793054260247e-04 -1.957312743315718553e-03 -3.097411740243748227e+03
-2.248033518003110173e-02 2.173910293652846909e-02 -7.867807150353473694e-03 2.678075293001570302e-03 1.606138786444454654e-04 -2.012944033627775929e-03 -3.099937496919868408e+03
-2.249844670950772174e-02 2.172501600226784541e-02 -7.829228296640995330e-03 2.651977552717235936e-03 1.723718806667695917e-04 -2.068625000980896071e-03 -3.102462477420264349e+03
-2.251655204253234094e-02 2.171083719594031278e-02 -7.790545632551749977e-03 2.625823523847795656e-03 1.841444146693168324e-04 -2.124355372035111565e-03 -3.104986681031674834e+03
-2.253465117300181356e-02 2.169656638333245652e-02 -7.751759156171760846e-03 2.599613277363240198e-03 1.959321273428067439e-04 -2.180133688608211582e-03 -3.107510107031711414e+03
-2.255274409484425702e-02 2.168220342979038442e-02 -7.712868839216310488e-03 2.573346821208479917e-03 2.077352843542424796e-04 -2.235959534128826275e-03 -3.110032754704056515e+03
-2.257083080189601146e-02 2.166774820098317511e-02 -7.673874640217143855e-03 2.547024153763214997e-03 2.195538111244152912e-04 -2.291833637880080852e-03 -3.112554623323677788e+03
-2.258891128806526233e-02 2.165320056220920719e-02 -7.634776526582779353e-03 2.520645310869470967e-03 2.313873282961592453e-04 -2.347754591397904246e-03 -3.115075712178592312e+03
-2.260698554710714042e-02 2.163856037937851584e-02 -7.595574461749982770e-03 2.494210341473734882e-03 2.432358120374939262e-04 -2.403722993855469774e-03 -3.117596020541478538e+03
-2.262505357273984080e-02 2.162382751793615401e-02 -7.556268409694796850e-03 2.467719301875494816e-03 2.550978196323931799e-04 -2.459738508324284950e-03 -3.120115547683419663e+03
-2.264311535864018191e-02 2.160900184283840245e-02 -7.516858329921371866e-03 2.441172259004104322e-03 2.669734564883289012e-04 -2.515801213427832934e-03 -3.122634292868511238e+03
-2.266117089860060496e-02 2.159408321733387315e-02 -7.477344165585245520e-03 2.414569306673047724e-03 2.788618994884806460e-04 -2.571910619272341041e-03 -3.125152255379096459e+03
-2.267922018630710163e-02 2.157907150612636826e-02 -7.437725849940789689e-03 2.387910475247605191e-03 2.907631629188378521e-04 -2.628067323354546687e-03 -3.127669434482392262e+03
-2.269726321547142767e-02 2.156396657364011149e-02 -7.398003289175205700e-03 2.361195748852315188e-03 3.026772073324744336e-04 -2.684270205866082313e-03 -3.130185829446472326e+03
-2.271529997982436183e-02 2.154876828291621069e-02 -7.358176408098342572e-03 2.334425122475470519e-03 3.146037629262613336e-04 -2.740519036050850527e-03 -3.132701439538579507e+03
-2.273333047303894433e-02 2.153347649604129069e-02 -7.318245147258869293e-03 2.307598577656142652e-03 3.265432980149674609e-04 -2.796813083095329652e-03 -3.135216264013557520e+03
-2.275135468889947707e-02 2.151809107291579454e-02 -7.278209488380277085e-03 2.280716148525969642e-03 3.384958851361464160e-04 -2.853150854174759180e-03 -3.137730302141985248e+03
-2.276937262117275165e-02 2.150261187270333454e-02 -7.238069447417845581e-03 2.253777885427234347e-03 3.504619610851105751e-04 -2.909533229145913353e-03 -3.140243553193683056e+03
-2.278738426357107549e-02 2.148703875579662664e-02 -7.197825037017990812e-03 2.226783818068483155e-03 3.624424407984650951e-04 -2.965958672353092348e-03 -3.142756016428427756e+03
-2.280538960973856402e-02 2.147137158354287326e-02 -7.157476227374033086e-03 2.199733974900990822e-03 3.744376176452268810e-04 -3.022427433912332120e-03 -3.145267691095492410e+03
-2.282338865340321002e-02 2.145561021615077432e-02 -7.117022983745296787e-03 2.172628369669987562e-03 3.864473928850168326e-04 -3.078939168392315438e-03 -3.147778576459880696e+03
-2.284138138815583474e-02 2.143975451475926830e-02 -7.076465240945279019e-03 2.145467047040645111e-03 3.984713677055083084e-04 -3.135493605399100256e-03 -3.150288671772710131e+03
-2.285936780761944898e-02 2.142380434018840638e-02 -7.035802927830633359e-03 2.118250021025888403e-03 4.105089955426771253e-04 -3.192091150138047159e-03 -3.152797976293613374e+03
-2.287734790532416906e-02 2.140775955283242063e-02 -6.995036033451654256e-03 2.090977354892548448e-03 4.225594855775456518e-04 -3.248729990165322677e-03 -3.155306489271637020e+03
-2.289532167476328317e-02 2.139162001295612237e-02 -6.954164514836371977e-03 2.063649150371907499e-03 4.346220051482082626e-04 -3.305409905928885766e-03 -3.157814209950905024e+03
-2.291328910956820161e-02 2.137538557962361321e-02 -6.913188302995652672e-03 2.036265498186097186e-03 4.466964959823197835e-04 -3.362130440791833222e-03 -3.160321137595036362e+03
-2.293125020317586873e-02 2.135905611271353768e-02 -6.872107312747408395e-03 2.008826422638206131e-03 4.587826214177720299e-04 -3.418891753060562984e-03 -3.162827271439229207e+03
-2.294920494909300987e-02 2.134263147118530685e-02 -6.830921479212224805e-03 1.981331950836821409e-03 4.708807376948189859e-04 -3.475692545870157947e-03 -3.165332610727368774e+03
-2.296715334083731033e-02 2.132611151194702473e-02 -6.789630749143541096e-03 1.953782038402908285e-03 4.829907363957047046e-04 -3.532533347206479740e-03 -3.167837154704898239e+03
-2.298509537200363329e-02 2.130949608937254131e-02 -6.748235136828872015e-03 1.926176719265104654e-03 4.951130216597400156e-04 -3.589412922572946148e-03 -3.170340902625633589e+03
-2.300303103602809734e-02 2.129278505909912647e-02 -6.706734637615716088e-03 1.898515964389345650e-03 5.072477177696039022e-04 -3.646332048956694126e-03 -3.172843853715248770e+03
-2.302096032649042501e-02 2.127597827548041026e-02 -6.665129259848407220e-03 1.870799885918689783e-03 5.193952849618367574e-04 -3.703290209565497908e-03 -3.175346007219764942e+03
-2.303888323691123327e-02 2.125907559405071368e-02 -6.623418986862088416e-03 1.843028502468305055e-03 5.315564097719976695e-04 -3.760285445507080809e-03 -3.177847362380659433e+03
-2.305679976070327403e-02 2.124207687157927960e-02 -6.581603786584088768e-03 1.815201890274507554e-03 5.437312159186221631e-04 -3.817319541926528833e-03 -3.180347918428665707e+03
-2.307470989136232997e-02 2.122498196379677890e-02 -6.539683580679337208e-03 1.787320066944545404e-03 5.559196320751829800e-04 -3.874390390432067878e-03 -3.182847674603275664e+03
-2.309261362227725545e-02 2.120779072643617924e-02 -6.497658301096384710e-03 1.759383081710234930e-03 5.681209232530380149e-04 -3.931498383279676510e-03 -3.185346630129673485e+03
-2.311051094692670796e-02 2.119050301417380391e-02 -6.455527872236709042e-03 1.731390947283145123e-03 5.803345229017272929e-04 -3.988643274844025192e-03 -3.187844784249209170e+03
-2.312840185868971637e-02 2.117311868232860453e-02 -6.413292256774554868e-03 1.703343724939526552e-03 5.925594377298531133e-04 -4.045823853761092680e-03 -3.190342136192161888e+03
-2.314628635084947997e-02 2.115563758688817839e-02 -6.370951424687860964e-03 1.675241496926940408e-03 6.047952312964758811e-04 -4.103038997687759488e-03 -3.192838685177593106e+03
-2.316416441665540907e-02 2.113805958239908800e-02 -6.328505344952538650e-03 1.647084353927049175e-03 6.170421277242490836e-04 -4.160288914783760728e-03 -3.195334430423290542e+03
-2.318203604946794671e-02 2.112038452094607693e-02 -6.285953967244193100e-03 1.618872304692048000e-03 6.292999369698722882e-04 -4.217572044773566960e-03 -3.197829371163645646e+03
-2.319990124257934744e-02 2.110261225455993886e-02 -6.243297289723752884e-03 1.590605384696303385e-03 6.415687024417339240e-04 -4.274890354878305501e-03 -3.200323506619160526e+03
-2.321775998930723436e-02 2.108474263437967039e-02 -6.200535292866013633e-03 1.562283537338951143e-03 6.538490534069001797e-04 -4.332242507988475974e-03 -3.202816836009845247e+03
-2.323561228297356743e-02 2.106677551042677662e-02 -6.157667978076829945e-03 1.533906827449071962e-03 6.661409966517948004e-04 -4.389627898380786541e-03 -3.205309358556857660e+03
-2.325345811678449642e-02 2.104871073294931755e-02 -6.114695304257472368e-03 1.505475295429863558e-03 6.784449747057871632e-04 -4.447046135576409980e-03 -3.207801073465027002e+03
-2.327129748411448790e-02 2.103054815138848815e-02 -6.071617240923719849e-03 1.476989058657806860e-03 6.907609545397247214e-04 -4.504496823843032183e-03 -3.210291979960317349e+03
-2.328913037827139501e-02 2.101228761697360864e-02 -6.028433749176832258e-03 1.448448173085538273e-03 7.030892268307327485e-04 -4.561979051419123160e-03 -3.212782077260163078e+03
-2.330695679253125957e-02 2.099392898123509515e-02 -5.985144788928218294e-03 1.419852694306401094e-03 7.154296855442748414e-04 -4.619492548831787525e-03 -3.215271364580187765e+03
-2.332477672005744268e-02 2.097547209437216828e-02 -5.941750298117554063e-03 1.391202678305494909e-03 7.277822854656421786e-04 -4.677037061869085584e-03 -3.217759841118566328e+03
-2.334259015412985805e-02 2.095691680533954410e-02 -5.898250196526767797e-03 1.362498174248846002e-03 7.401461799105709359e-04 -4.734612092809810206e-03 -3.220247506088655427e+03
-2.336039708792150144e-02 2.093826296430006603e-02 -5.854644411114404666e-03 1.333739131705734661e-03 7.525209144018735674e-04 -4.792217430260110184e-03 -3.222734358694840012e+03
-2.337819751461232484e-02 2.091951042055827797e-02 -5.810932926723938463e-03 1.304925628154046538e-03 7.649058908825685310e-04 -4.849852228931648794e-03 -3.225220398148222557e+03
-2.339599142728631190e-02 2.090065902323742092e-02 -5.767115761178440332e-03 1.276057683875792513e-03 7.773009463746565666e-04 -4.907515528106409612e-03 -3.227705623648081655e+03
-2.341377881895647869e-02 2.088170862111619897e-02 -5.723192944088203657e-03 1.247135402967575668e-03 7.897058439264743055e-04 -4.965209062725928560e-03 -3.230190034383025704e+03
-2.343155968288233165e-02 2.086265905941545040e-02 -5.679164446698031429e-03 1.218158813157826882e-03 8.021209603214201744e-04 -5.022930458682117565e-03 -3.232673629578426244e+03
-2.344933401197145731e-02 2.084351018574343364e-02 -5.635030238734218232e-03 1.189127923382539377e-03 8.145469690845888108e-04 -5.080679874820183579e-03 -3.235156408409217875e+03
-2.346710179932993620e-02 2.082426184555632651e-02 -5.590790279843812181e-03 1.160042809542914709e-03 8.269838187682307254e-04 -5.138456496119870459e-03 -3.237638370075354032e+03
-2.348486303800881997e-02 2.080491388372703726e-02 -5.546444527307085350e-03 1.130903561858518855e-03 8.394315923583474523e-04 -5.196259370490764751e-03 -3.240119513766217096e+03
-2.350261772125237375e-02 2.078546614349648450e-02 -5.501992931290700627e-03 1.101710276289678088e-03 8.518902838663821187e-04 -5.254086407674173759e-03 -3.242599838697765790e+03
-2.352036584195457344e-02 2.076591847115318371e-02 -5.457435457150853694e-03 1.072462986307199046e-03 8.643597127428867197e-04 -5.311939234655098201e-03 -3.245079344032236349e+03
-2.353810739327572704e-02 2.074627071145368484e-02 -5.412772076730397799e-03 1.043161763316346460e-03 8.768396464305065882e-04 -5.369816077026216480e-03 -3.247558028971870954e+03
-2.355584236827176423e-02 2.072652270952746179e-02 -5.368002760213190332e-03 1.013806680569806582e-03 8.893301580083806017e-04 -5.427718308135295704e-03 -3.250035892707348467e+03
-2.357357075990106424e-02 2.070667430935189957e-02 -5.323127457427360293e-03 9.843978412577957665e-04 9.018310895872202028e-04 -5.485644339515548078e-03 -3.252512934417760334e+03
-2.359129256112716885e-02 2.068672535418703690e-02 -5.278146119010247890e-03 9.549352018458123802e-04 9.143423020810598819e-04 -5.543595183504976959e-03 -3.254989153282604548e+03
-2.360900776496387479e-02 2.066667568744233810e-02 -5.233058721018143261e-03 9.254187348994605223e-04 9.268630045850059784e-04 -5.601570696269159676e-03 -3.257464548490249854e+03
-2.362671636434472006e-02 2.064652515270662750e-02 -5.187865266560314458e-03 8.958484166159301010e-04 9.393927661280856078e-04 -5.659569781201109588e-03 -3.259939119220629891e+03
-2.364441835208384163e-02 2.062627359340154024e-02 -5.142565771825352745e-03 8.662243437052673375e-04 9.519318386604250053e-04 -5.717591762952846900e-03 -3.262412864642641125e+03
-2.366211372113950426e-02 2.060592085166039825e-02 -5.097160223692650226e-03 8.365466455538290037e-04 9.644802883016986850e-04 -5.775636828786500157e-03 -3.264885783946896026e+03
-2.367980246416467177e-02 2.058546677020868174e-02 -5.051648591503542056e-03 8.068154114550734691e-04 9.770384116591093130e-04 -5.833701807176331147e-03 -3.267357876278071217e+03
-2.369748457422344440e-02 2.056491118705832191e-02 -5.006030814899979815e-03 7.770307304768359806e-04 9.896063347220220973e-04 -5.891787245628167004e-03 -3.269829140839073261e+03
-2.371516004402837025e-02 2.054425394264604993e-02 -4.960306850520491972e-03 7.471926503381243201e-04 1.002184202434734921e-03 -5.949892013592759758e-03 -3.272299576778637856e+03
-2.373282886642622685e-02 2.052349487530788497e-02 -4.914476671705181147e-03 7.173012493077130869e-04 1.014771888775534538e-03 -6.008014868179731120e-03 -3.274769183264784260e+03
-2.375049103439472523e-02 2.050263382245346572e-02 -4.868540260544438648e-03 6.873565771349544884e-04 1.027368945922370238e-03 -6.066155098431548660e-03 -3.277237959482497445e+03
-2.376814654058448384e-02 2.048167062430401864e-02 -4.822497591245346327e-03 6.573587137135895615e-04 1.039974942135908501e-03 -6.124313501745377170e-03 -3.279705904567741072e+03
-2.378579537800913635e-02 2.046060511777513663e-02 -4.776348636970020704e-03 6.273077538702761169e-04 1.052589843520336521e-03 -6.182488883363663340e-03 -3.282173017713236277e+03
-2.380343753932143494e-02 2.043943714291918123e-02 -4.730093391043554626e-03 5.972037581644670063e-04 1.065213889103566562e-03 -6.240683855594527860e-03 -3.284639298059747489e+03
-2.382107301730088805e-02 2.041816653779828655e-02 -4.683731848939103048e-03 5.670467895871188647e-04 1.077847233358613082e-03 -6.298897256782946819e-03 -3.287104744768505043e+03
-2.383870180478782352e-02 2.039679313955217177e-02 -4.637263981525127643e-03 5.368367943321038444e-04 1.090489358986707590e-03 -6.357128555858144320e-03 -3.289569357011184820e+03
-2.385632389431702541e-02 2.037531678784113356e-02 -4.590689727588083760e-03 5.065737271246780306e-04 1.103139981910127151e-03 -6.415377253124238469e-03 -3.292033133916692805e+03
-2.387393927867304325e-02 2.035373731925893895e-02 -4.544009045056577288e-03 4.762576998091533386e-04 1.115798815548841878e-03 -6.473641307973037294e-03 -3.294496074651041454e+03
-2.389154795054515210e-02 2.033205457042236083e-02 -4.497221931113340974e-03 4.458888233403908441e-04 1.128466031232490396e-03 -6.531921851333334986e-03 -3.296958178368473455e+03
-2.390914990256120740e-02 2.031026837708237512e-02 -4.450328387537069198e-03 4.154672229514934064e-04 1.141141656685141842e-03 -6.590215379753498574e-03 -3.299419444217098317e+03
-2.392674512721673294e-02 2.028837857442701911e-02 -4.403328412204440476e-03 3.849930050338959127e-04 1.153826210501596563e-03 -6.648523344288910682e-03 -3.301879871328342233e+03
-2.394433361721344522e-02 2.026638499460702361e-02 -4.356221955982648476e-03 3.544662006236032922e-04 1.166519320246875435e-03 -6.706841748254309919e-03 -3.304339458859890328e+03
-2.396191536510257694e-02 2.024428747009635043e-02 -4.309009001408429726e-03 3.238868637808049755e-04 1.179221171826741032e-03 -6.765171918387488832e-03 -3.306798205944750862e+03
-2.397949036350914900e-02 2.022208583197068407e-02 -4.261689543623690263e-03 2.932550581918079500e-04 1.191930980880047224e-03 -6.823512533833048406e-03 -3.309256111729368968e+03
-2.399705860498460575e-02 2.019977991205695531e-02 -4.214263571406052025e-03 2.625709381563914955e-04 1.204648421076002195e-03 -6.881864709630276106e-03 -3.311713175347918877e+03
-2.401462008214828511e-02 2.017736954267984606e-02 -4.166731071711637403e-03 2.318345570245729410e-04 1.217373417447478821e-03 -6.940227960739803886e-03 -3.314169395942824849e+03
-2.403217478749690439e-02 2.015485455762653852e-02 -4.119092028336416092e-03 2.010460022119169553e-04 1.230105912455497661e-03 -6.998603110576035249e-03 -3.316624772641184791e+03
-2.404972271365723654e-02 2.013223479014004252e-02 -4.071346414615731497e-03 1.702053190737254904e-04 1.242846409963378057e-03 -7.056988808102724643e-03 -3.319079304590370157e+03
-2.406726385303132459e-02 2.010951007435949137e-02 -4.023494182419193321e-03 1.393125682619781062e-04 1.255594611927936125e-03 -7.115385445826197253e-03 -3.321532990904458075e+03
-2.408479819826322282e-02 2.008668024076031358e-02 -3.975535293746864166e-03 1.083677776821318005e-04 1.268350414344810318e-03 -7.173791144857577864e-03 -3.323985830732012346e+03
-2.410232574162697594e-02 2.006374512155333426e-02 -3.927469724234540667e-03 7.737094783466174990e-05 1.281113628568968750e-03 -7.232205415527480710e-03 -3.326437823171381297e+03
-2.411984647571806945e-02 2.004070454503278573e-02 -3.879297449203348430e-03 4.632213725867454754e-05 1.293883976720604147e-03 -7.290628016011931750e-03 -3.328888967370734463e+03
-2.413736039285051260e-02 2.001755834150124869e-02 -3.831018481268751250e-03 1.522148310126939235e-05 1.306661684474120589e-03 -7.349056865242517902e-03 -3.331339262436739773e+03
-2.415486748541579784e-02 1.999430633922595277e-02 -3.782632849813389545e-03 -1.593097122265898615e-05 1.319447214072071986e-03 -7.407491647343627909e-03 -3.333788707491296464e+03
-2.417236774575399691e-02 1.997094836527454551e-02 -3.734140562085134455e-03 -4.713508378113287820e-05 1.332239890780656522e-03 -7.465932322117963156e-03 -3.336237301651897269e+03
-2.418986116629713926e-02 1.994748424377719084e-02 -3.685541620414074793e-03 -7.839080162568189060e-05 1.345040043049760192e-03 -7.524377248755331066e-03 -3.338685044046282655e+03
-2.420734773928286815e-02 1.992391380024811573e-02 -3.636835979433105520e-03 -1.096980323417695948e-04 1.357846791473545350e-03 -7.582826381422544566e-03 -3.341131933774275694e+03
-2.422482745703462628e-02 1.990023686017354868e-02 -3.588023624695056181e-03 -1.410566272043410618e-04 1.370659929049871523e-03 -7.641279563700820350e-03 -3.343577969950821625e+03
-2.424230031186138529e-02 1.987645325044514605e-02 -3.539104519454168429e-03 -1.724664674980302221e-04 1.383479258888565058e-03 -7.699736356354965061e-03 -3.346023151686113579e+03
-2.425976629603466411e-02 1.985256279936904386e-02 -3.490078619241812098e-03 -2.039274840562680649e-04 1.396304309117295034e-03 -7.758195484546407186e-03 -3.348467478079964621e+03
-2.427722540203789900e-02 1.982856533276796535e-02 -3.440945899887170797e-03 -2.354396144842160808e-04 1.409135362813171812e-03 -7.816657182480686236e-03 -3.350910948263195678e+03
-2.429467762196603139e-02 1.980446067862553713e-02 -3.391706352410243756e-03 -2.670027897063138671e-04 1.421973099851457601e-03 -7.875121404657200661e-03 -3.353353561313736463e+03
-2.431212294811067876e-02 1.978024866229710632e-02 -3.342359973547295339e-03 -2.986169659765608138e-04 1.434817667202389598e-03 -7.933586652243659540e-03 -3.355795316339570491e+03
-2.432956137270525163e-02 1.975592910791400605e-02 -3.292906774016148008e-03 -3.302821238836031845e-04 1.447668719820530917e-03 -7.992052713948569892e-03 -3.358236212438273469e+03
-2.434699288794633237e-02 1.973150183818890221e-02 -3.243346753374493248e-03 -3.619982628042029728e-04 1.460526123165077281e-03 -8.050518684459835594e-03 -3.360676248705588023e+03
-2.436441748607822214e-02 1.970696667421606083e-02 -3.193679923695246642e-03 -3.937652930401829075e-04 1.473389653222436724e-03 -8.108984461553331649e-03 -3.363115424245442682e+03
-2.438183515919160535e-02 1.968232343790609837e-02 -3.143906286336992876e-03 -4.255831344741654127e-04 1.486259154845083127e-03 -8.167449707980332582e-03 -3.365553738143056762e+03
-2.439924589934510182e-02 1.965757195029146226e-02 -3.094025880006923915e-03 -4.574516450334595828e-04 1.499134857325593387e-03 -8.225912373871244881e-03 -3.367991189484897404e+03
-2.441664969857372872e-02 1.963271203122465142e-02 -3.044038692958213159e-03 -4.893706383622353990e-04 1.512016136016760279e-03 -8.284372652174005688e-03 -3.370427777355741455e+03
-2.443404654909577325e-02 1.960774349815686685e-02 -2.993944669810225633e-03 -5.213399669613546323e-04 1.524902698639407899e-03 -8.342829806590679187e-03 -3.372863500862589262e+03
-2.445143644276042902e-02 1.958266617297184722e-02 -2.943743746187580876e-03 -5.533595389903289436e-04 1.537793943729554979e-03 -8.401282318610564515e-03 -3.375298359057497692e+03
-2.446881937175813398e-02 1.955747987408418265e-02 -2.893435893789801042e-03 -5.854292587863612046e-04 1.550689764286233320e-03 -8.459729303092364608e-03 -3.377732351043571271e+03
-2.448619532807023297e-02 1.953218442176819780e-02 -2.843021112820411263e-03 -6.175490262761957434e-04 1.563590122798821360e-03 -8.518170834428040808e-03 -3.380165475893594248e+03
-2.450356430379543871e-02 1.950677963554606209e-02 -2.792499377303302253e-03 -6.497188075480832834e-04 1.576495084980898860e-03 -8.576606615713924797e-03 -3.382597732692220234e+03
-2.452092629082815861e-02 1.948126533632788329e-02 -2.741870701714954357e-03 -6.819385550571784851e-04 1.589405275116691696e-03 -8.635035305876760658e-03 -3.385029120493099526e+03
-2.453828128131494563e-02 1.945564134163043149e-02 -2.691135136742858671e-03 -7.142082412849128700e-04 1.602321215246208094e-03 -8.693456921370258314e-03 -3.387459638389583233e+03
-2.455562926714700139e-02 1.942990746960302981e-02 -2.640292727717270804e-03 -7.465278022186718930e-04 1.615242568602910222e-03 -8.751871730651903172e-03 -3.389889285437774106e+03
-2.457297024031080551e-02 1.940406353564830266e-02 -2.589343510162777934e-03 -7.788971752706707729e-04 1.628169245790642887e-03 -8.810278956640851117e-03 -3.392318060710906138e+03
-2.459030419265265111e-02 1.937810935544487592e-02 -2.538287467119417981e-03 -8.113162620882488586e-04 1.641100689562317557e-03 -8.868676496184960123e-03 -3.394745963267844672e+03
-2.460763111619173465e-02 1.935204474217596185e-02 -2.487124557650859796e-03 -8.437849441015417198e-04 1.654036538638209560e-03 -8.927065579403363482e-03 -3.397172992193850860e+03
-2.462495100258548300e-02 1.932586951161801431e-02 -2.435854766646121904e-03 -8.763030354553460587e-04 1.666976771283999476e-03 -8.985444134932433699e-03 -3.399599146522867613e+03
-2.464226384374836737e-02 1.929958347666416857e-02 -2.384478075284744789e-03 -9.088703771480198361e-04 1.679920656556278856e-03 -9.043811901140275805e-03 -3.402024425327779682e+03
-2.465956963149722181e-02 1.927318645007689360e-02 -2.332994494723934255e-03 -9.414867942297514697e-04 1.692867801745156185e-03 -9.102166721259742979e-03 -3.404448827667490605e+03
-2.467686835753444413e-02 1.924667824497225052e-02 -2.281403982583769981e-03 -9.741522128639581697e-04 1.705818542398765446e-03 -9.160510365613837996e-03 -3.406872352586331544e+03
-2.469416001360449919e-02 1.922005867337173157e-02 -2.229706494369237523e-03 -1.006866540592170128e-03 1.718772352827459228e-03 -9.218840041636033877e-03 -3.409294999133333022e+03
-2.471144459145781583e-02 1.919332754742729755e-02 -2.177902026743574158e-03 -1.039629699528799934e-03 1.731729605632686790e-03 -9.277155637035532434e-03 -3.411716766357352753e+03
-2.472872208294187371e-02 1.916648467876180817e-02 -2.125990613848987177e-03 -1.072441730303484286e-03 1.744690576705115867e-03 -9.335455801488527772e-03 -3.414137653316270644e+03
-2.474599247980390632e-02 1.913952987919186402e-02 -2.073972313305940101e-03 -1.105302591751568383e-03 1.757655136108266913e-03 -9.393741529670405349e-03 -3.416557659050362872e+03
-2.476325577376449483e-02 1.911246295975726692e-02 -2.021847175598509919e-03 -1.138212207134181109e-03 1.770623758197331339e-03 -9.452010768355374390e-03 -3.418976782600376737e+03
-2.478051195640941853e-02 1.908528373233154413e-02 -1.969615224699341680e-03 -1.171170390217062679e-03 1.783596526993146960e-03 -9.510264147121992584e-03 -3.421395022993720886e+03
-2.479776101950668943e-02 1.905799200542772701e-02 -1.917276476340520506e-03 -1.204176997487302770e-03 1.796573282930842693e-03 -9.568499256787169061e-03 -3.423812379282666825e+03
-2.481500295470042555e-02 1.903058758798322272e-02 -1.864830921652387051e-03 -1.237231858828216104e-03 1.809553137866870250e-03 -9.626717529066448550e-03 -3.426228850503373451e+03
-2.483223775363269797e-02 1.900307028744059254e-02 -1.812278531158259803e-03 -1.270334896077829259e-03 1.822535798650325688e-03 -9.684915862754446547e-03 -3.428644435692058778e+03
-2.484946540781709720e-02 1.897543991080937603e-02 -1.759619297468032438e-03 -1.303485972990519595e-03 1.835520448922132097e-03 -9.743095449549122114e-03 -3.431059133870320238e+03
-2.486668590875995913e-02 1.894769626414176747e-02 -1.706853203054049415e-03 -1.336684947394669752e-03 1.848506696554088908e-03 -9.801254970355745971e-03 -3.433472944060607460e+03
-2.488389924798305869e-02 1.891983915317087261e-02 -1.653980261311517553e-03 -1.369931677558735260e-03 1.861494880661914049e-03 -9.859394976334761793e-03 -3.435885865291419577e+03
-2.490110541704478389e-02 1.889186838312310879e-02 -1.601000459724441667e-03 -1.403226018668931457e-03 1.874485046527530696e-03 -9.917513408674152875e-03 -3.438297896594182021e+03
-2.491830440741712310e-02 1.886378375868816293e-02 -1.547913792892352406e-03 -1.436567932928647017e-03 1.887477508499006609e-03 -9.975610400297653738e-03 -3.440709036984551403e+03
-2.493549621046352305e-02 1.883558508482055180e-02 -1.494720272131177348e-03 -1.469957440059351623e-03 1.900472465535013155e-03 -1.003368492024172762e-02 -3.443119285463451888e+03
-2.495268081777855806e-02 1.880727216405627886e-02 -1.441419932444829672e-03 -1.503394525419894353e-03 1.913469549506855490e-03 -1.009173516169706991e-02 -3.445528641069812693e+03
-2.496985822067028862e-02 1.877884480139929702e-02 -1.388012816613387471e-03 -1.536879043770522039e-03 1.926468539363484838e-03 -1.014976033990871128e-02 -3.447937102798453452e+03
-2.498702841062836258e-02 1.875030279959108426e-02 -1.334498920156768423e-03 -1.570410836180439074e-03 1.939469737759251132e-03 -1.020775865426956815e-02 -3.450344669668738334e+03
-2.500419137902664887e-02 1.872164596221879973e-02 -1.280878284563626186e-03 -1.603989681157694811e-03 1.952473577934650149e-03 -1.026573070999982525e-02 -3.452751340684036222e+03
-2.502134711731817188e-02 1.869287409121353147e-02 -1.227150965102027794e-03 -1.637615384551278442e-03 1.965479607288032372e-03 -1.032367481763843409e-02 -3.455157114859104695e+03
-2.503849561676691274e-02 1.866398698899853631e-02 -1.173316993902177342e-03 -1.671287817218218910e-03 1.978486751885952157e-03 -1.038159164300677187e-02 -3.457561991183963528e+03
-2.505563686884838825e-02 1.863498445466050743e-02 -1.119376378993376447e-03 -1.705006906272393949e-03 1.991494374248518797e-03 -1.043947870142348383e-02 -3.459965968680198330e+03
-2.507277086471046759e-02 1.860586628824940220e-02 -1.065329123886121472e-03 -1.738772498157227248e-03 2.004502067492774844e-03 -1.049733783110081906e-02 -3.462369046324680312e+03
-2.508989759578421005e-02 1.857663228607620357e-02 -1.011175203610388106e-03 -1.772584483223328764e-03 2.017510096917293338e-03 -1.055516914867667827e-02 -3.464771223136593562e+03
-2.510701705310254550e-02 1.854728224828452662e-02 -9.569146001141800358e-04 -1.806442759671337238e-03 2.030518506412359349e-03 -1.061297227711839250e-02 -3.467172498076713055e+03
-2.512412922802955903e-02 1.851781597166792317e-02 -9.025473547583061362e-04 -1.840347228169598873e-03 2.043527949923648699e-03 -1.067074514649460348e-02 -3.469572870157871876e+03
-2.514123411162223071e-02 1.848823325520292105e-02 -8.480734708482623669e-04 -1.874297790531044517e-03 2.056538170721702082e-03 -1.072848596047668544e-02 -3.471972338351629332e+03
-2.515833169502887726e-02 1.845853389467259908e-02 -7.934929221332453304e-04 -1.908294436676644763e-03 2.069549210408729457e-03 -1.078619483420010204e-02 -3.474370901646568655e+03
-2.517542196929936985e-02 1.842871768582084874e-02 -7.388056968022797604e-04 -1.942337041657152047e-03 2.082560613563415146e-03 -1.084386887775268954e-02 -3.476768559017271400e+03
-2.519250492576940309e-02 1.839878442121206659e-02 -6.840118708507315817e-04 -1.976425441685022294e-03 2.095572249292268225e-03 -1.090150681339484631e-02 -3.479165309475553840e+03
-2.520958055534476203e-02 1.836873389775871973e-02 -6.291115004071945373e-04 -2.010559435956274857e-03 2.108584344794748027e-03 -1.095910726624884507e-02 -3.481561151964109285e+03
-2.522664884922564202e-02 1.833856590918304594e-02 -5.741046388417277591e-04 -2.044738858501145978e-03 2.121597007002574108e-03 -1.101666990984257605e-02 -3.483956085471074402e+03
-2.524370979850818278e-02 1.830828024991942513e-02 -5.189913639542035858e-04 -2.078963555630065907e-03 2.134609378659898127e-03 -1.107419586124712939e-02 -3.486350108970476413e+03
-2.526076339418536348e-02 1.827787671431910579e-02 -4.637717463262644902e-04 -2.113233344171961282e-03 2.147620951431783443e-03 -1.113168234168698117e-02 -3.488743221420018926e+03
-2.527780962749406543e-02 1.824735509330243505e-02 -4.084458189516299909e-04 -2.147548071674700888e-03 2.160631087583962315e-03 -1.118913303749004620e-02 -3.491135421813216908e+03
-2.529484848926442236e-02 1.821671518075285157e-02 -3.530135717696017742e-04 -2.181907593137630448e-03 2.173640211261378304e-03 -1.124654522251666844e-02 -3.493526709085611401e+03
-2.531187997055126329e-02 1.818595676681476064e-02 -2.974749992135938565e-04 -2.216311854785369111e-03 2.186647943682747727e-03 -1.130391920672475445e-02 -3.495917082210515218e+03
-2.532890406224448318e-02 1.815507964154375667e-02 -2.418300577547002536e-04 -2.250760731946126192e-03 2.199654594423275898e-03 -1.136125479710765884e-02 -3.498306540144563769e+03
-2.534592075507633227e-02 1.812408359591518442e-02 -1.860787104054825985e-04 -2.285254151356400955e-03 2.212660446121445315e-03 -1.141854940430425160e-02 -3.500695081828274851e+03
-2.536293004009252186e-02 1.809296841795507427e-02 -1.302209728164259494e-04 -2.319791941851827733e-03 2.225664945513881627e-03 -1.147580256124643323e-02 -3.503082706248375871e+03
-2.537993190789653020e-02 1.806173389718260247e-02 -7.425689003110839948e-05 -2.354374021450723366e-03 2.238668711806426816e-03 -1.153301037857594295e-02 -3.505469412323537199e+03
-2.539692634935649534e-02 1.803037981744856633e-02 -1.818648623419819057e-05 -2.389000294559446343e-03 2.251671161963453294e-03 -1.159017191994803075e-02 -3.507855199011728018e+03
-2.541391335525002362e-02 1.799890596386768613e-02 3.799014015908232521e-05 -2.423670582322882353e-03 2.264672225763870832e-03 -1.164728691486614266e-02 -3.510240065254481124e+03
-2.543089291638810090e-02 1.796731212275290077e-02 9.427287874024440999e-05 -2.458384716253229560e-03 2.277671461951660727e-03 -1.170435472932282103e-02 -3.512624009994141488e+03
-2.544786502364887112e-02 1.793559807939477946e-02 1.506616558037924419e-04 -2.493142531869992334e-03 2.290668582038841213e-03 -1.176137492172642587e-02 -3.515007032178340069e+03
-2.546482966781237617e-02 1.790376361960598767e-02 2.071564302484907316e-04 -2.527943783008650049e-03 2.303663449556790730e-03 -1.181834712065329279e-02 -3.517389130740610653e+03
-2.548178683958874161e-02 1.787180852954393592e-02 2.637571493909542401e-04 -2.562788258558469645e-03 2.316655685184845857e-03 -1.187527219259914765e-02 -3.519770304606775881e+03
-2.549873652969911544e-02 1.783973259514528426e-02 3.204637719571548811e-04 -2.597675816425638710e-03 2.329645302046455535e-03 -1.193214811766342420e-02 -3.522150552707313636e+03
-2.551567872896773684e-02 1.780753559977527392e-02 3.772762797528606991e-04 -2.632606269839832345e-03 2.342632093319065023e-03 -1.198897587015671298e-02 -3.524529873995172238e+03
-2.553261342774951551e-02 1.777521732928479675e-02 4.341947175051770144e-04 -2.667579504240748332e-03 2.355615395632607977e-03 -1.204575224976234434e-02 -3.526908267360572154e+03
-2.554954061669626950e-02 1.774277756441401677e-02 4.912191398476555785e-04 -2.702595463484188439e-03 2.368595784174195012e-03 -1.210247890461625328e-02 -3.529285731741809286e+03
-2.556646028636015353e-02 1.771021608443158410e-02 5.483495506295698848e-04 -2.737654054615646596e-03 2.381573013292513901e-03 -1.215915299572560386e-02 -3.531662266064742198e+03
-2.558337242718912094e-02 1.767753266919487934e-02 6.055858676538966026e-04 -2.772755169922972406e-03 2.394547344712877942e-03 -1.221577341027223554e-02 -3.534037869237883115e+03
-2.560027702960398360e-02 1.764472709709522663e-02 6.629279885790278874e-04 -2.807898692072049920e-03 2.407518990266201489e-03 -1.227233811007781387e-02 -3.536412540161287779e+03
-2.561717408427595724e-02 1.761179914205443856e-02 7.203758081076475171e-04 -2.843084453505723922e-03 2.420487570431164789e-03 -1.232884648484810705e-02 -3.538786277772605445e+03
-2.563406358157245893e-02 1.757874858152147848e-02 7.779292630388111220e-04 -2.878312314281523607e-03 2.433452252180029040e-03 -1.238529765420496621e-02 -3.541159080961892414e+03
-2.565094551195180872e-02 1.754557519317186814e-02 8.355882932494467083e-04 -2.913582034982745497e-03 2.446412581072052693e-03 -1.244169092443555592e-02 -3.543530948628849728e+03
-2.566781986602540561e-02 1.751227875254816532e-02 8.933528340349794613e-04 -2.948893354940008114e-03 2.459368775029019665e-03 -1.249802503960243880e-02 -3.545901879694115905e+03
-2.568468663411203889e-02 1.747885903798805651e-02 9.512228608634548969e-04 -2.984246047232905381e-03 2.472321020394024123e-03 -1.255430061600713160e-02 -3.548271873040261198e+03
-2.570154580667787653e-02 1.744531582585954338e-02 1.009198329806148100e-03 -3.019639892489879053e-03 2.485269152741335225e-03 -1.261051530949648496e-02 -3.550640927576567719e+03
-2.571839737396366954e-02 1.741164889485116718e-02 1.067279210562889578e-03 -3.055074646504886589e-03 2.498212406747828650e-03 -1.266666950453091377e-02 -3.553009042185927228e+03
-2.573524132625515035e-02 1.737785802226292017e-02 1.125465466447476319e-03 -3.090550160363217998e-03 2.511150517818872604e-03 -1.272276193533186488e-02 -3.555376215761178628e+03
-2.575207765379432939e-02 1.734394298237483534e-02 1.183757072500176560e-03 -3.126066396855868741e-03 2.524083453118484022e-03 -1.277879235502190486e-02 -3.557742447187506059e+03
-2.576890634695458079e-02 1.730990354460914052e-02 1.242153993928827227e-03 -3.161623314616086346e-03 2.537010962181144354e-03 -1.283475854454326631e-02 -3.560107735369309012e+03
-2.578572739579686884e-02 1.727573947951880490e-02 1.300656164913107119e-03 -3.197220870868648646e-03 2.549933357138974097e-03 -1.289066152326703678e-02 -3.562472079165380819e+03
-2.580254079053695415e-02 1.724145055586499137e-02 1.359263476794845453e-03 -3.232858927468204146e-03 2.562851305008312115e-03 -1.294649908139637248e-02 -3.564835477456517765e+03
-2.581934652136223113e-02 1.720703654233347868e-02 1.417975862560648696e-03 -3.268537254494884112e-03 2.575763921284903845e-03 -1.300227197698653955e-02 -3.567197929116670366e+03
-2.583614457840022541e-02 1.717249720680823905e-02 1.476793265510392217e-03 -3.304255595498069124e-03 2.588670706757901282e-03 -1.305797616332541981e-02 -3.569559433014147999e+03
-2.585293495187223137e-02 1.713783231520082245e-02 1.535715642201659903e-03 -3.340013764551240209e-03 2.601571243321741233e-03 -1.311361159769666544e-02 -3.571919988035128881e+03
-2.586971763177751960e-02 1.710304163596433266e-02 1.594742942891281883e-03 -3.375811516049969079e-03 2.614465815064127147e-03 -1.316917599202790078e-02 -3.574279593029801617e+03
-2.588649260819468612e-02 1.706812493717297513e-02 1.653875136994485597e-03 -3.411648543655057368e-03 2.627354432085796110e-03 -1.322466881243325974e-02 -3.576638246861632979e+03
-2.590325987111819980e-02 1.703308198694990228e-02 1.713112207155601408e-03 -3.447524536277453856e-03 2.640237024708309756e-03 -1.328008956901422476e-02 -3.578995948388529541e+03
-2.592001941064478801e-02 1.699791255152105843e-02 1.772454058541573629e-03 -3.483439340958109903e-03 2.653112998638767605e-03 -1.333543732567998678e-02 -3.581352696485681918e+03
-2.593677121653607462e-02 1.696261640097991921e-02 1.831900582919126401e-03 -3.519392831569861674e-03 2.665982366142280024e-03 -1.339070916889935001e-02 -3.583708489980776449e+03
-2.595351527894827759e-02 1.692719330046453877e-02 1.891451648032541196e-03 -3.555384883664388165e-03 2.678844302158589919e-03 -1.344590956789694716e-02 -3.586063327755381124e+03
-2.597025158768314496e-02 1.689164301561166606e-02 1.951107161332993507e-03 -3.591415509246599028e-03 2.691698893785228301e-03 -1.350103372934039446e-02 -3.588417208630027744e+03
-2.598698013276881311e-02 1.685596530647554686e-02 2.010867049790779956e-03 -3.627484623464752745e-03 2.704545441743855944e-03 -1.355608360174049253e-02 -3.590770131463038069e+03
-2.600370090405182757e-02 1.682015993329338821e-02 2.070731264532181884e-03 -3.663592030489526939e-03 2.717384752903143248e-03 -1.361105667056200855e-02 -3.593122095092214749e+03
-2.602041389127405027e-02 1.678422665556580581e-02 2.130699806180665849e-03 -3.699737478788041583e-03 2.730216226429552345e-03 -1.366595258650700126e-02 -3.595473098344234586e+03
-2.603711908425337951e-02 1.674816523121583703e-02 2.190772602074645033e-03 -3.735920719468210048e-03 2.743039781019869505e-03 -1.372077052987508497e-02 -3.597823140056382272e+03
-2.605381647277662735e-02 1.671197541880647605e-02 2.250949629636569797e-03 -3.772141509389041053e-03 2.755855638084254468e-03 -1.377550727074430999e-02 -3.600172219067648712e+03
-2.607050604647633343e-02 1.667565697708470185e-02 2.311230887765390336e-03 -3.808399516623301936e-03 2.768663395065564230e-03 -1.383016106396183810e-02 -3.602520334198056389e+03
-2.608718779501742469e-02 1.663920966204615604e-02 2.371616314938829358e-03 -3.844694483177066996e-03 2.781463307289541113e-03 -1.388473058403817857e-02 -3.604867484270148907e+03
-2.610386170811706749e-02 1.660263323034165059e-02 2.432105779116619688e-03 -3.881026141215332924e-03 2.794255023978350818e-03 -1.393921418331777774e-02 -3.607213668115227392e+03
-2.612052777544915036e-02 1.656592743885195937e-02 2.492699134566067187e-03 -3.917394361558555922e-03 2.807038964765552584e-03 -1.399361238040707812e-02 -3.609558884555118311e+03
-2.613718598653409775e-02 1.652909204710203972e-02 2.553396248944866335e-03 -3.953798951804828217e-03 2.819814458810303466e-03 -1.404792452472099044e-02 -3.611903132387553796e+03
-2.615383633116461631e-02 1.649212681146719484e-02 2.614196985135703536e-03 -3.990239839434913532e-03 2.832580357541197510e-03 -1.410215082171232225e-02 -3.614246410451906286e+03
-2.617047879871415780e-02 1.645503149131977844e-02 2.675101189180844208e-03 -4.026716928925685134e-03 2.845335978927615236e-03 -1.415628961139699105e-02 -3.616588717520292448e+03
-2.618711337898202082e-02 1.641780583829687001e-02 2.736108786220837683e-03 -4.063230104923876151e-03 2.858080969596370029e-03 -1.421034062058430456e-02 -3.618930052428372164e+03
-2.620374006135309242e-02 1.638044960493999919e-02 2.797219733565059485e-03 -4.099779129048110315e-03 2.870815300999409510e-03 -1.426430424136326293e-02 -3.621270413956842276e+03
-2.622035883529251141e-02 1.634296254065354184e-02 2.858434038566612552e-03 -4.136363690068741404e-03 2.883538950350416144e-03 -1.431817567715762581e-02 -3.623609800905857810e+03
-2.623696969020453129e-02 1.630534439429677865e-02 2.919751716007004064e-03 -4.172983500757769353e-03 2.896252326737472349e-03 -1.437195712118478561e-02 -3.625948212072631577e+03
-2.625357261553032742e-02 1.626759491258621126e-02 2.981172763666172214e-03 -4.209638314878804376e-03 2.908956111863641916e-03 -1.442564418194758509e-02 -3.628285646261651436e+03
-2.627016760047292190e-02 1.622971384329048236e-02 3.042697092718091040e-03 -4.246327844278032296e-03 2.921650186230178442e-03 -1.447923610316752090e-02 -3.630622102246930808e+03
-2.628675463435029697e-02 1.619170093273344588e-02 3.104324554762874847e-03 -4.283051863231989755e-03 2.934335041081993865e-03 -1.453273204359022824e-02 -3.632957578813754935e+03
-2.630333370647958829e-02 1.615355592687976738e-02 3.166054980969873651e-03 -4.319810101502340703e-03 2.947010114617653817e-03 -1.458612980011098591e-02 -3.635292074743008925e+03
-2.631990480615075539e-02 1.611527857232547198e-02 3.227888224157317212e-03 -4.356602350645551007e-03 2.959675197747691205e-03 -1.463942785575242204e-02 -3.637625588810607496e+03
-2.633646792275105494e-02 1.607686861617560123e-02 3.289824123667531297e-03 -4.393428455637537686e-03 2.972329331502094121e-03 -1.469262838067545741e-02 -3.639958119807139155e+03
-2.635302304538093832e-02 1.603832580779568709e-02 3.351862529210182778e-03 -4.430288304872677559e-03 2.984971365348308356e-03 -1.474572841506629865e-02 -3.642289666486431543e+03
-2.636957016321708758e-02 1.599964989478211766e-02 3.414003309825840854e-03 -4.467181762321875520e-03 2.997600412027845440e-03 -1.479872812163210427e-02 -3.644620227614149371e+03
-2.638610926542475296e-02 1.596084062290639011e-02 3.476246398254794270e-03 -4.504108615976707732e-03 3.010215315334792679e-03 -1.485162693612148734e-02 -3.646949801951716836e+03
-2.640264034127097828e-02 1.592189773415490089e-02 3.538591776315197675e-03 -4.541068601580931438e-03 3.022816373555036081e-03 -1.490442160312567890e-02 -3.649278388277522936e+03
-2.641916337968556322e-02 1.588282096999030918e-02 3.601039421669364679e-03 -4.578061371548092229e-03 3.035403704693012163e-03 -1.495711298490519196e-02 -3.651605985323712048e+03
-2.643567836987534975e-02 1.584361006564759602e-02 3.663589272080672310e-03 -4.615086624904335758e-03 3.047978503593353882e-03 -1.500969809344057659e-02 -3.653932591873701313e+03
-2.645218530065411577e-02 1.580426475959092678e-02 3.726241266442315188e-03 -4.652144107897466553e-03 3.060541824407929466e-03 -1.506217661406917402e-02 -3.656258206650927150e+03
-2.646868416107342123e-02 1.576478478665054722e-02 3.788995302839386244e-03 -4.689233623521177514e-03 3.073094128896731569e-03 -1.511454816652621665e-02 -3.658582828412697836e+03
-2.648517494011359830e-02 1.572516988217408443e-02 3.851851231966477596e-03 -4.726354880748395541e-03 3.085635377786831533e-03 -1.516681160325760239e-02 -3.660906455909689157e+03
-2.650165762656090176e-02 1.568541978397739942e-02 3.914808858057598588e-03 -4.763507588211571622e-03 3.098165380210416917e-03 -1.521896243609962597e-02 -3.663229087857178001e+03
-2.651813220936757864e-02 1.564553422675198091e-02 3.977867996720594462e-03 -4.800691533813230757e-03 3.110682700211989983e-03 -1.527100100177518002e-02 -3.665550722999138998e+03
-2.653459867744074538e-02 1.560551294661648332e-02 4.041028499310574985e-03 -4.837906549331148602e-03 3.123186008621903556e-03 -1.532292662324300295e-02 -3.667871360075556822e+03
-2.655105701950736044e-02 1.556535568213311162e-02 4.104290256216067481e-03 -4.875152423121130799e-03 3.135674185094977293e-03 -1.537473791739147819e-02 -3.670190997805226289e+03
-2.656750722419923272e-02 1.552506217197126802e-02 4.167653179304569785e-03 -4.912428953114058965e-03 3.148145805509602359e-03 -1.542643378055779183e-02 -3.672509634898181957e+03
-2.658394928046163216e-02 1.548463214961261908e-02 4.231117200954010761e-03 -4.949735954873119188e-03 3.160600519205899583e-03 -1.547801232311518671e-02 -3.674827270105570733e+03
-2.660038317692415069e-02 1.544406534791705442e-02 4.294682227241347454e-03 -4.987073116758769173e-03 3.173037864607600005e-03 -1.552947413167140266e-02 -3.677143902126889316e+03
-2.661680890228708407e-02 1.540336149601738945e-02 4.358348144626894398e-03 -5.024440126889068506e-03 3.185459405193447665e-03 -1.558081659979684321e-02 -3.679459529668677078e+03
-2.663322644536268019e-02 1.536252031946901304e-02 4.422114820503234359e-03 -5.061836635641867380e-03 3.197866020013847947e-03 -1.563203895284251410e-02 -3.681774151459560017e+03
-2.664963579467741900e-02 1.532154154589907349e-02 4.485982106891233182e-03 -5.099262391605558116e-03 3.210259076297709499e-03 -1.568314219184211572e-02 -3.684087766192079016e+03
-2.666603693886644352e-02 1.528042490003151364e-02 4.549949906364644976e-03 -5.136717110362776922e-03 3.222639192491525122e-03 -1.573412306361360660e-02 -3.686400372573512414e+03
-2.668242986639840150e-02 1.523917010697099089e-02 4.614018114118061467e-03 -5.174200555445892732e-03 3.235006557280880636e-03 -1.578498165971767980e-02 -3.688711969291773585e+03
-2.669881456577239201e-02 1.519777689143853722e-02 4.678186558063447860e-03 -5.211712409605183394e-03 3.247359910443562130e-03 -1.583571607628793398e-02 -3.691022555042922249e+03
-2.671519102532742343e-02 1.515624498015590536e-02 4.742455060968882308e-03 -5.249252416143533953e-03 3.259697932197696407e-03 -1.588632327199585026e-02 -3.693332128501815077e+03
-2.673155923376706322e-02 1.511457409473370567e-02 4.806823504372999961e-03 -5.286820299264698327e-03 3.272018417201193533e-03 -1.593680035962769317e-02 -3.695640688405097080e+03
-2.674791917905770117e-02 1.507276396516494567e-02 4.871291795839693441e-03 -5.324415855900226438e-03 3.284320120216977727e-03 -1.598714683169254192e-02 -3.697948233381091086e+03
-2.676427084963858491e-02 1.503081431544609457e-02 4.935859788155321295e-03 -5.362038902585164121e-03 3.296601984708596045e-03 -1.603736321544189589e-02 -3.700254762127138747e+03
-2.678061423382736145e-02 1.498872486900974105e-02 5.000527334012472465e-03 -5.399689173913606657e-03 3.308863352884279085e-03 -1.608744672866050524e-02 -3.702560273317853444e+03
-2.679694931984577533e-02 1.494649534738196582e-02 5.065294309182804926e-03 -5.437366418573498679e-03 3.321106033250087030e-03 -1.613739807797631015e-02 -3.704864765605481807e+03
-2.681327609637927656e-02 1.490412546384036613e-02 5.130160511705527705e-03 -5.475070295754153223e-03 3.333330201663692056e-03 -1.618721635101217152e-02 -3.707168237708638117e+03
-2.682959455139594107e-02 1.486161493791807869e-02 5.195125746184170099e-03 -5.512800471848694657e-03 3.345537180719580349e-03 -1.623689997163722462e-02 -3.709470688240900927e+03
-2.684590467322905613e-02 1.481896348425865324e-02 5.260189850682770937e-03 -5.550556588973147923e-03 3.357727809628638892e-03 -1.628644665044489889e-02 -3.711772115877658962e+03
-2.686220645003608437e-02 1.477617081810154477e-02 5.325352677510651091e-03 -5.588338285223059566e-03 3.369903058209648521e-03 -1.633585755333012701e-02 -3.714072519270459452e+03
-2.687849986985385922e-02 1.473323665405705009e-02 5.390614192065776647e-03 -5.626145273925625169e-03 3.382062931158019529e-03 -1.638513053611560105e-02 -3.716371897062304470e+03
-2.689478492084730610e-02 1.469016070400550565e-02 5.455974315952385502e-03 -5.663977225264162953e-03 3.394206160315934445e-03 -1.643426246403540542e-02 -3.718670247926087995e+03
-2.691106159081304086e-02 1.464694268333774883e-02 5.521432913541528612e-03 -5.701833898304704829e-03 3.406330392563736674e-03 -1.648325196355865038e-02 -3.720967570481942403e+03
-2.692732986766549833e-02 1.460358230509486814e-02 5.586989768001168408e-03 -5.739715055487358032e-03 3.418433406911939275e-03 -1.653209594901553295e-02 -3.723263863366371879e+03
-2.694358973926291867e-02 1.456007928208150580e-02 5.652644704406900068e-03 -5.777620452250385383e-03 3.430513675372743893e-03 -1.658079326499622627e-02 -3.725559125206403678e+03
-2.695984119373706633e-02 1.451643332384531561e-02 5.718397549325239006e-03 -5.815549835012562285e-03 3.442571022057674002e-03 -1.662934328856442712e-02 -3.727853354668807242e+03
-2.697608421858589331e-02 1.447264414596852178e-02 5.784248117437044111e-03 -5.853502941029643976e-03 3.454606204690985338e-03 -1.667774703414427392e-02 -3.730146550326031957e+03
-2.699231880194285366e-02 1.442871145324268328e-02 5.850196179554664755e-03 -5.891479468125964021e-03 3.466620107411577147e-03 -1.672600110205166649e-02 -3.732438710838112456e+03
-2.700854493169562234e-02 1.438463495093324392e-02 5.916241530295031879e-03 -5.929479108400134008e-03 3.478613282099031392e-03 -1.677410597574667886e-02 -3.734729834817835581e+03
-2.702476259575317327e-02 1.434041434179277388e-02 5.982383938739909562e-03 -5.967501445418132121e-03 3.490586281292563844e-03 -1.682205827977011764e-02 -3.737019920887438275e+03
-2.704097178162572987e-02 1.429604933315232335e-02 6.048623248434913634e-03 -6.005546064372071537e-03 3.502539788654003908e-03 -1.686985882046559970e-02 -3.739308967619663235e+03
-2.705717247730300007e-02 1.425153962657593580e-02 6.114959368772654447e-03 -6.043612513349946175e-03 3.514474627355339189e-03 -1.691750536534668281e-02 -3.741596973662881737e+03
-2.707336467021395632e-02 1.420688492858081416e-02 6.181392262074552994e-03 -6.081700410115311282e-03 3.526390382106576755e-03 -1.696499623532345472e-02 -3.743883937588715980e+03
-2.708954834795199856e-02 1.416208494033437300e-02 6.247921810386601604e-03 -6.119809541383786251e-03 3.538286752436816274e-03 -1.701233063446888627e-02 -3.746169858001500415e+03
-2.710572349791889185e-02 1.411713936290032688e-02 6.314547847685308447e-03 -6.157939722287067257e-03 3.550160462001715651e-03 -1.705950664887914345e-02 -3.748454733479439710e+03
-2.712189010791196675e-02 1.407204789148921303e-02 6.381270152289753375e-03 -6.196090744234311783e-03 3.562009067537850841e-03 -1.710652095041300183e-02 -3.750738562657544207e+03
-2.713804816495777456e-02 1.402681022989326655e-02 6.448088457919534146e-03 -6.234262162190333176e-03 3.573831581832877420e-03 -1.715337388816821559e-02 -3.753021344061582113e+03
-2.715419765662028737e-02 1.398142607536810578e-02 6.515002555056207366e-03 -6.272453714462876764e-03 3.585628719927368580e-03 -1.720006188436686012e-02 -3.755303076296298514e+03
-2.717033857032281202e-02 1.393589512491407757e-02 6.582012210078562117e-03 -6.310665111141006145e-03 3.597401403523016721e-03 -1.724658429953884048e-02 -3.757583757940808937e+03
-2.718647089334923911e-02 1.389021707404669743e-02 6.649117146589760691e-03 -6.348896039271204050e-03 3.609150475713894697e-03 -1.729294045102852326e-02 -3.759863387548867649e+03
-2.720259461321175923e-02 1.384439161396940586e-02 6.716317130316716046e-03 -6.387146108435177300e-03 3.620875617813740233e-03 -1.733912743917353019e-02 -3.762141963699849384e+03
-2.721870971715791704e-02 1.379841843820669468e-02 6.783611975753368016e-03 -6.425414803058397510e-03 3.632576887081500911e-03 -1.738514526963186660e-02 -3.764419484939501672e+03
-2.723481619261215736e-02 1.375229723662862655e-02 6.851001557327715888e-03 -6.463701701555421911e-03 3.644255299722267295e-03 -1.743099311123419079e-02 -3.766695949848674445e+03
-2.725091402679920977e-02 1.370602770098151499e-02 6.918485737273263533e-03 -6.502006344623971132e-03 3.655910969305657936e-03 -1.747666946079072178e-02 -3.768971356982146062e+03
-2.726700320676456873e-02 1.365960952584625160e-02 6.986064385205007811e-03 -6.540328456006942043e-03 3.667544600248413920e-03 -1.752217379965917768e-02 -3.771245704867686072e+03
-2.728308371963471951e-02 1.361304240179911536e-02 7.053737382975958266e-03 -6.578667795622299662e-03 3.679154908621151427e-03 -1.756750465970255415e-02 -3.773518992052019257e+03
-2.729915555238171879e-02 1.356632601589996025e-02 7.121504566006776026e-03 -6.617024111751029433e-03 3.690738677241450685e-03 -1.761266022352802121e-02 -3.775791217070130187e+03
-2.731521869209069600e-02 1.351946005017302076e-02 7.189365687198009079e-03 -6.655397094493216599e-03 3.702293887780853335e-03 -1.765763699628224506e-02 -3.778062378475470723e+03
-2.733127312563371145e-02 1.347244418884628071e-02 7.257320419457944337e-03 -6.693786306792132677e-03 3.713820179198570968e-03 -1.770243223820213915e-02 -3.780332474794440259e+03
-2.734731883970855509e-02 1.342527811917159503e-02 7.325368465318330378e-03 -6.732191418559774730e-03 3.725318442402052524e-03 -1.774704471562352573e-02 -3.782601504526086956e+03
-2.736335582136159225e-02 1.337796152263953826e-02 7.393509573810064066e-03 -6.770612015467364873e-03 3.736789456229518049e-03 -1.779147179639941484e-02 -3.784869466214496242e+03
-2.737938405737028527e-02 1.333049408183625828e-02 7.461743475856281310e-03 -6.809047775131940768e-03 3.748233797303396168e-03 -1.783571273109255811e-02 -3.787136358356490291e+03
-2.739540353473600073e-02 1.328287547433540210e-02 7.530069910359346412e-03 -6.847498234699613516e-03 3.759650563680269793e-03 -1.787976708156566522e-02 -3.789402179481446638e+03
-2.741141424025568887e-02 1.323510537904587503e-02 7.598488639824539301e-03 -6.885962938660772185e-03 3.771039763288260190e-03 -1.792363351112352676e-02 -3.791666928090803140e+03
-2.742741616057628798e-02 1.318718347627331582e-02 7.666999493588203159e-03 -6.924441443877235244e-03 3.782402086504849104e-03 -1.796731212690601612e-02 -3.793930602663118862e+03
-2.744340928278382954e-02 1.313910944133918519e-02 7.735602386196393718e-03 -6.962933352779076927e-03 3.793738207454236139e-03 -1.801080118224360205e-02 -3.796193201753376798e+03
-2.745939359321680068e-02 1.309088295880595290e-02 7.804297209942081918e-03 -7.001438330990416951e-03 3.805048093955078637e-03 -1.805410103907702582e-02 -3.798454723807454684e+03
-2.747536907851250848e-02 1.304250370492919878e-02 7.873083798267611205e-03 -7.039956078078495050e-03 3.816330507717447234e-03 -1.809720648043150124e-02 -3.800715167319913689e+03
-2.749133572511262835e-02 1.299397135181943816e-02 7.941961854232458193e-03 -7.078486296936983835e-03 3.827583004709293139e-03 -1.814011779052309911e-02 -3.802974530763053735e+03
-2.750729351978712864e-02 1.294528556332994601e-02 8.010931101983042452e-03 -7.117028562668986993e-03 3.838802910996007896e-03 -1.818283009532187244e-02 -3.805232812667856706e+03
-2.752324244840304371e-02 1.289644601497497156e-02 8.079991220501412177e-03 -7.155582387969903341e-03 3.849991067108219679e-03 -1.822534144606915291e-02 -3.807490011436054374e+03
-2.753918249750265598e-02 1.284745237428323167e-02 8.149141869076562822e-03 -7.194147341671908343e-03 3.861148475958870851e-03 -1.826765064522157742e-02 -3.809746125567350191e+03
-2.755511365351390532e-02 1.279830430846391927e-02 8.218382689423127732e-03 -7.232723066253458379e-03 3.872275824562407612e-03 -1.830975418719585704e-02 -3.812001153534992682e+03
-2.757103590272891661e-02 1.274900148531450846e-02 8.287713358282331258e-03 -7.271309206130885903e-03 3.883372680697865648e-03 -1.835165332834689383e-02 -3.814255093783602206e+03
-2.758694923135616636e-02 1.269954357230987201e-02 8.357133599191228848e-03 -7.309905252625735657e-03 3.894437670826732863e-03 -1.839334621732434047e-02 -3.816507944743102144e+03
-2.760285362599227896e-02 1.264993023165023565e-02 8.426643251835900378e-03 -7.348510693782271154e-03 3.905470995841674176e-03 -1.843483281300829085e-02 -3.818759704909707580e+03
-2.761874907267960338e-02 1.260016113115410008e-02 8.496242180994722018e-03 -7.387125083203558221e-03 3.916473494335245657e-03 -1.847611070860099430e-02 -3.821010372700694916e+03
-2.763463555748909076e-02 1.255023593579522243e-02 8.565930271672848526e-03 -7.425748092109709861e-03 3.927445889712717457e-03 -1.851717843680690187e-02 -3.823259946545523235e+03
-2.765051306678118978e-02 1.250015430645503613e-02 8.635707328281786582e-03 -7.464379356492295038e-03 3.938387973472897569e-03 -1.855803476378972000e-02 -3.825508424914899024e+03
-2.766638158634209324e-02 1.244991590807553380e-02 8.705573118334758095e-03 -7.503018482577523268e-03 3.949298140555710691e-03 -1.859867682255346433e-02 -3.827755806192731143e+03
-2.768224110241450722e-02 1.239952039442875943e-02 8.775527310274696541e-03 -7.541664990278658560e-03 3.960173409105045839e-03 -1.863910378917175981e-02 -3.830002088842391458e+03
-2.769809160061483672e-02 1.234896742211464941e-02 8.845569543452988515e-03 -7.580318387172601223e-03 3.971013399079328411e-03 -1.867931351314631658e-02 -3.832247271250486847e+03
-2.771393306671721818e-02 1.229825664437393662e-02 8.915699395045670675e-03 -7.618978271365202219e-03 3.981819042621136812e-03 -1.871930211411835382e-02 -3.834491351828464758e+03
-2.772976548661795423e-02 1.224738771390129419e-02 8.985916456823747275e-03 -7.657644206718437416e-03 3.992591159984848481e-03 -1.875906839660435380e-02 -3.836734328997316425e+03
-2.774558884610123580e-02 1.219636028547113789e-02 9.056220421890677150e-03 -7.696315752599087665e-03 4.003329130704662286e-03 -1.879860888340599209e-02 -3.838976201152281647e+03
-2.776140313098242676e-02 1.214517401182530279e-02 9.126610994017158793e-03 -7.734992342858213604e-03 4.014031634218827131e-03 -1.883792251332588527e-02 -3.841216966697928910e+03
-2.777720832688634900e-02 1.209382854582864708e-02 9.197087922970623164e-03 -7.773673523429641685e-03 4.024698078278391745e-03 -1.887700789280469249e-02 -3.843456624011218992e+03
-2.779300441950537451e-02 1.204232353694979080e-02 9.267650975779303385e-03 -7.812358816657652243e-03 4.035328609387028170e-03 -1.891586461228709354e-02 -3.845695171477985241e+03
-2.780879139467753308e-02 1.199065863190010642e-02 9.338299983344374236e-03 -7.851047790196406459e-03 4.045924287159061508e-03 -1.895449060568744903e-02 -3.847932607507428656e+03
-2.782456923773317034e-02 1.193883348207913989e-02 9.409034823073904319e-03 -7.889740081455915918e-03 4.056485051984060584e-03 -1.899288378242959541e-02 -3.850168930439834639e+03
-2.784033793446307956e-02 1.188684773012087074e-02 9.479855228372004172e-03 -7.928435242691210180e-03 4.067010977711818867e-03 -1.903104522694135450e-02 -3.852404138687702471e+03
-2.785609747013603754e-02 1.183470102357743123e-02 9.550760841360370415e-03 -7.967132801991197444e-03 4.077500019247833757e-03 -1.906897423207957673e-02 -3.854638230581625066e+03
-2.787184783019076850e-02 1.178239300510246224e-02 9.621751232164571857e-03 -8.005832250211755013e-03 4.087951376577701572e-03 -1.910666749614148285e-02 -3.856871204484185455e+03
-2.788758900016232237e-02 1.172992331107546027e-02 9.692825997978483238e-03 -8.044533049389155505e-03 4.098364666560857898e-03 -1.914412164106639794e-02 -3.859103058786758993e+03
-2.790332096479909013e-02 1.167729158594446072e-02 9.763984778499655223e-03 -8.083234690495710861e-03 4.108740544838704149e-03 -1.918133159964162740e-02 -3.861333791772243785e+03
-2.791904370946457839e-02 1.162449746376764681e-02 9.835227188357569331e-03 -8.121936650327135632e-03 4.119078095066462490e-03 -1.921829545664563085e-02 -3.863563401814717963e+03
-2.793475721942445533e-02 1.157154058199151743e-02 9.906552843582269036e-03 -8.160638408751972814e-03 4.129376366574261971e-03 -1.925500987329524169e-02 -3.865791887268188020e+03
-2.795046147977930245e-02 1.151842057854945284e-02 9.977961402032454671e-03 -8.199339482740770901e-03 4.139634523836465199e-03 -1.929147378984420735e-02 -3.868019246454533913e+03
-2.796615647542481306e-02 1.146513709029213512e-02 1.004945253007089034e-02 -8.238039337644862542e-03 4.149851750652872734e-03 -1.932768612827666724e-02 -3.870245477663106158e+03
-2.798184219189321989e-02 1.141168974257733386e-02 1.012102601304071779e-02 -8.276737493368662921e-03 4.160028236841664846e-03 -1.936364746498713332e-02 -3.872470579284744872e+03
-2.799751861383822232e-02 1.135807817240623747e-02 1.019268163621068340e-02 -8.315433542029900676e-03 4.170165276490171019e-03 -1.939935601842632945e-02 -3.874694549582119180e+03
-2.801318572632878826e-02 1.130430200959507345e-02 1.026441916618045687e-02 -8.354127033051815879e-03 4.180263346819915703e-03 -1.943481454778261952e-02 -3.876917386877222270e+03
-2.802884351422886555e-02 1.125036088538409855e-02 1.033623829621601459e-02 -8.392817504403578266e-03 4.190322309940754282e-03 -1.947001849371758631e-02 -3.879139089457833052e+03
-2.804449196285404428e-02 1.119625442391145899e-02 1.040813868649687231e-02 -8.431504367552682122e-03 4.200341118856351641e-03 -1.950496597923729800e-02 -3.881359655688261682e+03
-2.806013105641813610e-02 1.114198225975822354e-02 1.048011991994172824e-02 -8.470187000834746016e-03 4.210318632183398732e-03 -1.953965427785875342e-02 -3.883579083779784924e+03
-2.807576077976891085e-02 1.108754401278473807e-02 1.055218155703662591e-02 -8.508864760018632761e-03 4.220253963687699283e-03 -1.957407708016720843e-02 -3.885797372053026720e+03
-2.809138111750394962e-02 1.103293930394769889e-02 1.062432310432106022e-02 -8.547537091146554730e-03 4.230146248408154890e-03 -1.960822964291708548e-02 -3.888014518795310323e+03
-2.810699205396738343e-02 1.097816775499860231e-02 1.069654406209811885e-02 -8.586203520919630933e-03 4.239995129706128525e-03 -1.964211121583703604e-02 -3.890230522259811551e+03
-2.812259357370946664e-02 1.092322898487475998e-02 1.076884397758764815e-02 -8.624863517220002912e-03 4.249800009778465122e-03 -1.967571946902364061e-02 -3.892445380722521804e+03
-2.813818566117774755e-02 1.086812261174678954e-02 1.084122244505529575e-02 -8.663516481321274082e-03 4.259558995278881974e-03 -1.970905481445616239e-02 -3.894659092433233127e+03
-2.815376830108128406e-02 1.081284824830917868e-02 1.091367919143640050e-02 -8.702161869496483418e-03 4.269271817380035881e-03 -1.974211708176523347e-02 -3.896871655681624361e+03
-2.816934147789334000e-02 1.075740551030830890e-02 1.098621397333632461e-02 -8.740799174888470510e-03 4.278939617744047588e-03 -1.977490650162060451e-02 -3.899083068721749441e+03
-2.818490517584752025e-02 1.070179401614221142e-02 1.105882659745147968e-02 -8.779427944478170390e-03 4.288564100671781593e-03 -1.980742159469923644e-02 -3.901293329772873221e+03
-2.820045937915954468e-02 1.064601338182065079e-02 1.113151683027169270e-02 -8.818047664711409911e-03 4.298146140213136325e-03 -1.983965859468249729e-02 -3.903502437056917188e+03
-2.821600407223395085e-02 1.059006321751976461e-02 1.120428435214801052e-02 -8.856657694578920839e-03 4.307685628823953311e-03 -1.987161586726068907e-02 -3.905710388827626048e+03
-2.823153923934591802e-02 1.053394313390217628e-02 1.127712878068388297e-02 -8.895257414020706771e-03 4.317179766814995164e-03 -1.990329022799636194e-02 -3.907917183324464986e+03
-2.824706486456649013e-02 1.047765273905357578e-02 1.135004950196987633e-02 -8.933846212492305497e-03 4.326627095973951433e-03 -1.993467685841038631e-02 -3.910122818773965264e+03
-2.826258093165521373e-02 1.042119164030751860e-02 1.142304581383797937e-02 -8.972423488017480797e-03 4.336026713428843549e-03 -1.996577315014665122e-02 -3.912327293364494835e+03
-2.827808742441617965e-02 1.036455944072099677e-02 1.149611712372339972e-02 -9.010988600595935122e-03 4.345378220364858740e-03 -1.999657608838747644e-02 -3.914530605295854912e+03
-2.829358432671275070e-02 1.030775573904229095e-02 1.156926296703532711e-02 -9.049540924285812832e-03 4.354680861502345686e-03 -2.002708284228838301e-02 -3.916732752775593781e+03
-2.830907162258131451e-02 1.025078013351137483e-02 1.164248294604668110e-02 -9.088079757111022089e-03 4.363932914104973193e-03 -2.005729533676200646e-02 -3.918933734023232319e+03
-2.832454929583780312e-02 1.019363222531349117e-02 1.171577673509688333e-02 -9.126604576535489455e-03 4.373133570333281005e-03 -2.008720801894514629e-02 -3.921133547221605568e+03
-2.834001733004013618e-02 1.013631161773872677e-02 1.178914405210956980e-02 -9.165114803307136335e-03 4.382283557527321023e-03 -2.011682298635039320e-02 -3.923332190515662205e+03
-2.835547570930854050e-02 1.007881790382015967e-02 1.186258474865171768e-02 -9.203609871073189022e-03 4.391385828887455454e-03 -2.014613683629867466e-02 -3.925529662134501905e+03
-2.837092441708494520e-02 1.002115068425625186e-02 1.193609856041374581e-02 -9.242089144754106478e-03 4.400442055745109986e-03 -2.017514779346969017e-02 -3.927725960206170384e+03
-2.838636343706394533e-02 9.963309551810546963e-03 1.200968511513849854e-02 -9.280552131689250722e-03 4.409451837602849054e-03 -2.020385500256292183e-02 -3.929921082914027465e+03
-2.840179275267781800e-02 9.905294100664048529e-03 1.208334386121693096e-02 -9.318998387748975501e-03 4.418412299899699726e-03 -2.023225589810478953e-02 -3.932115028404872646e+03
-2.841721234742713639e-02 9.847103920920106945e-03 1.215707415583990730e-02 -9.357427261732356033e-03 4.427320575312434191e-03 -2.026034831314237755e-02 -3.934307794840776296e+03
-2.843262220459400261e-02 9.788738601647665669e-03 1.223087522998869345e-02 -9.395837890953781871e-03 4.436175739426294166e-03 -2.028812767447062473e-02 -3.936499380352648586e+03
-2.844802230759043218e-02 9.730197725735188416e-03 1.230474647153546007e-02 -9.434229406972676618e-03 4.444977931817127061e-03 -2.031559020185884357e-02 -3.938689783107471612e+03
-2.846341263928295687e-02 9.671480880250798995e-03 1.237868739520229730e-02 -9.472601073837716087e-03 4.453726088461158403e-03 -2.034273242307020613e-02 -3.940879001193421118e+03
-2.847879318310204272e-02 9.612587641913817801e-03 1.245269759221060389e-02 -9.510952255154770177e-03 4.462418914676457952e-03 -2.036955261133714667e-02 -3.943067032778287285e+03
-2.849416392190712993e-02 9.553517597802102176e-03 1.252677669619701312e-02 -9.549282281074978479e-03 4.471055085487549152e-03 -2.039604720315617292e-02 -3.945253875934423831e+03
-2.850952483900550880e-02 9.494270327047261634e-03 1.260092437890286687e-02 -9.587590483011356607e-03 4.479635395204893157e-03 -2.042221486758442547e-02 -3.947439528800248809e+03
-2.852487591734881658e-02 9.434845409429459817e-03 1.267514033057040405e-02 -9.625876295672000996e-03 4.488163896664303446e-03 -2.044805606919092300e-02 -3.949623989459147197e+03
-2.854021713998716736e-02 9.375242421521341046e-03 1.274942418214358372e-02 -9.664139251755398188e-03 4.496642175000886525e-03 -2.047356974056744813e-02 -3.951807256019008037e+03
-2.855554848966280340e-02 9.315460942873903319e-03 1.282377544829967249e-02 -9.702378924473445063e-03 4.505068845401585635e-03 -2.049875503539340740e-02 -3.953989326547693963e+03
-2.857086994970192001e-02 9.255500541165447362e-03 1.289819357400721206e-02 -9.740594679896470709e-03 4.513440503763702268e-03 -2.052361081852827063e-02 -3.956170199200516890e+03
-2.858618150234575397e-02 9.195360795957435024e-03 1.297267794768304158e-02 -9.778785724837393140e-03 4.521754401408036375e-03 -2.054813184510064991e-02 -3.958349871973965037e+03
-2.860148313048637564e-02 9.135041272083343697e-03 1.304722786522410742e-02 -9.816951116834350330e-03 4.530009711941763127e-03 -2.057231518617198829e-02 -3.960528342975680516e+03
-2.861677481674409357e-02 9.074541537870971925e-03 1.312184267200889286e-02 -9.855089817903780330e-03 4.538206723214467837e-03 -2.059615532577483907e-02 -3.962705610270951638e+03
-2.863205654340843231e-02 9.013861162383906417e-03 1.319652186098387893e-02 -9.893200940340532434e-03 4.546344315949532068e-03 -2.061964640782720098e-02 -3.964881671883786566e+03
-2.864732829308410528e-02 8.952999703479198185e-03 1.327126490404723080e-02 -9.931283777621653652e-03 4.554421695162264895e-03 -2.064278719638093854e-02 -3.967056525898672135e+03
-2.866259004780190300e-02 8.891956725794524646e-03 1.334607128863927149e-02 -9.969337739318451935e-03 4.562437668036725680e-03 -2.066557674507620707e-02 -3.969230170313308008e+03
-2.867784179013925169e-02 8.830731787471445340e-03 1.342094050386642180e-02 -1.000736217893757884e-02 4.570394303108186312e-03 -2.068801331121077058e-02 -3.971402603194268522e+03
-2.869308350249080708e-02 8.769324448350263382e-03 1.349587213606949151e-02 -1.004535655677840991e-02 4.578293772990219349e-03 -2.071009758882653290e-02 -3.973573822568756896e+03
-2.870831516693388499e-02 8.707734271607460441e-03 1.357086579922452997e-02 -1.008332035448613120e-02 4.586136732666305435e-03 -2.073182661845613881e-02 -3.975743826421832637e+03
-2.872353676593284583e-02 8.645960810145862999e-03 1.364592100754902747e-02 -1.012125302951343182e-02 4.593921697347604083e-03 -2.075320095927665753e-02 -3.977912612815411649e+03
-2.873874828127360309e-02 8.584003622695467878e-03 1.372103718823249226e-02 -1.015915374659845903e-02 4.601645195743558209e-03 -2.077421691694170125e-02 -3.980080179710933407e+03
-2.875394969525735950e-02 8.521862258128468093e-03 1.379621378414433094e-02 -1.019702166899839890e-02 4.609305641084141675e-03 -2.079487050219994831e-02 -3.982246525134654803e+03
-2.876914098982556386e-02 8.459536265544995853e-03 1.387145010182553630e-02 -1.023485558647768169e-02 4.616901540739935111e-03 -2.081515636259773094e-02 -3.984411647069485753e+03
-2.878432214647224860e-02 8.397025195145086524e-03 1.394674544376346692e-02 -1.027265452829380886e-02 4.624433452680427707e-03 -2.083506992496986579e-02 -3.986575543455373918e+03
-2.879949314757294584e-02 8.334328581301930425e-03 1.402209909569402009e-02 -1.031041761110303503e-02 4.631901209986801285e-03 -2.085461023754713386e-02 -3.988738212371501504e+03
-2.881465397412221255e-02 8.271445976588616064e-03 1.409751035879602647e-02 -1.034814409808286137e-02 4.639304499433930321e-03 -2.087377349027486062e-02 -3.990899651688918766e+03
-2.882980460780196208e-02 8.208376920875677663e-03 1.417297860954701977e-02 -1.038583337267178115e-02 4.646642147924580010e-03 -2.089255733029380183e-02 -3.993059859386369226e+03
-2.884494503010464478e-02 8.145120956469546411e-03 1.424850333065313078e-02 -1.042348473435194579e-02 4.653914847665678416e-03 -2.091096074670110994e-02 -3.995218833402595919e+03
-2.886007522292905608e-02 8.081677617850913445e-03 1.432408402265813313e-02 -1.046109755911994385e-02 4.661124063561514555e-03 -2.092898356750631794e-02 -3.997376571737384893e+03
-2.887519516729117677e-02 8.018046452979040589e-03 1.439972026824947599e-02 -1.049867123288895573e-02 4.668269047548734112e-03 -2.094662070198216250e-02 -3.999533072250316309e+03
-2.889030484511607988e-02 7.954226992039174771e-03 1.447541162262481161e-02 -1.053620504301169304e-02 4.675348591333110260e-03 -2.096386981382620390e-02 -4.001688332940446344e+03
-2.890540423757716887e-02 7.890218769833630061e-03 1.455115748457116477e-02 -1.057369804194076279e-02 4.682360821236646389e-03 -2.098073023980694118e-02 -4.003842351703187433e+03
-2.892049332609275547e-02 7.826021309759257152e-03 1.462695713108029712e-02 -1.061114923292516381e-02 4.689304209403487647e-03 -2.099719661650712235e-02 -4.005995126479904229e+03
-2.893557209131654429e-02 7.761634143568612622e-03 1.470280975638189533e-02 -1.064855741352321167e-02 4.696177588255519113e-03 -2.101326885452875839e-02 -4.008146655105090758e+03
-2.895064051481125583e-02 7.697056787099110578e-03 1.477871461518865011e-02 -1.068592162534791334e-02 4.702982338353187998e-03 -2.102894302901224532e-02 -4.010296935558841142e+03
-2.896569857716067842e-02 7.632288771818310745e-03 1.485467097629996312e-02 -1.072324100310338181e-02 4.709718063821298831e-03 -2.104421560910579511e-02 -4.012445965670126498e+03
-2.898074625922024070e-02 7.567329622247901885e-03 1.493067806545003012e-02 -1.076051480360638510e-02 4.716384107492786922e-03 -2.105908257674347916e-02 -4.014593743329908193e+03
-2.899578354150362386e-02 7.502178862407243680e-03 1.500673515974803793e-02 -1.079774219901634413e-02 4.722978662404296417e-03 -2.107353982222279210e-02 -4.016740266390928355e+03
-2.901081040531807917e-02 7.436836003245248308e-03 1.508284169553819089e-02 -1.083492243230853996e-02 4.729501426694449409e-03 -2.108758522927342907e-02 -4.018885532804817103e+03
-2.902582683082235299e-02 7.371300573462464915e-03 1.515899716013008498e-02 -1.087205474140886738e-02 4.735952192823999693e-03 -2.110121271770714832e-02 -4.021029540329656356e+03
-2.904083279898991149e-02 7.305572085723887818e-03 1.523520099286538275e-02 -1.090913846404407452e-02 4.742331150617849593e-03 -2.111442340850661764e-02 -4.023172286854667618e+03
-2.905582829043691293e-02 7.239650050321641203e-03 1.531145257631031861e-02 -1.094617280636882989e-02 4.748638473592060871e-03 -2.112721470084498107e-02 -4.025313770229482543e+03
-2.907081328542012594e-02 7.173533975604530488e-03 1.538775117710371697e-02 -1.098315662441545944e-02 4.754872833032316136e-03 -2.113958768382077913e-02 -4.027453988255403601e+03
-2.908578776480357994e-02 7.107223357830770409e-03 1.546409603230166838e-02 -1.102008870604426205e-02 4.761032719720011130e-03 -2.115153925466218068e-02 -4.029592938818715993e+03
-2.910075170848743301e-02 7.040717708034658837e-03 1.554048637366841658e-02 -1.105696790941622550e-02 4.767117889960484182e-03 -2.116306630832052310e-02 -4.031730619666299845e+03
-2.911570509684980462e-02 6.974016527029632158e-03 1.561692144399495601e-02 -1.109379333574567195e-02 4.773128472218909554e-03 -2.117416418875219322e-02 -4.033867028643249341e+03
-2.913064790988963149e-02 6.907119318166720159e-03 1.569340047530575280e-02 -1.113056411578187965e-02 4.779064078442579223e-03 -2.118482835368010533e-02 -4.036002163546489555e+03
-2.914558012728515543e-02 6.840025590837345640e-03 1.576992265762501219e-02 -1.116727930714133711e-02 4.784922281476653230e-03 -2.119505250066693047e-02 -4.038136022122027498e+03
-2.916050172933324844e-02 6.772734840082287461e-03 1.584648717493990222e-02 -1.120393807995506349e-02 4.790701997848947208e-03 -2.120483398587429819e-02 -4.040268602214541261e+03
-2.917541269547381522e-02 6.705246566723844712e-03 1.592309320495469832e-02 -1.124053963862263993e-02 4.796401756501643063e-03 -2.121416868829456570e-02 -4.042399901534474793e+03
-2.919031300575189100e-02 6.637560258395579053e-03 1.599974003728968711e-02 -1.127708319379645482e-02 4.802022418767350198e-03 -2.122305373175497820e-02 -4.044529917881915480e+03
-2.920520263996843197e-02 6.569675404608101010e-03 1.607642702702392554e-02 -1.131356780425542274e-02 4.807565292197631297e-03 -2.123149061282692679e-02 -4.046658649008849352e+03
-2.922008157761307040e-02 6.501591496791909834e-03 1.615315350501541833e-02 -1.134999231015624589e-02 4.813030223572695339e-03 -2.123947854472894511e-02 -4.048786092617129270e+03
-2.923494979907503150e-02 6.433308003690059972e-03 1.622991876008308618e-02 -1.138635542478797294e-02 4.818416532085702600e-03 -2.124701494422508857e-02 -4.050912246562333621e+03
-2.924980728313907388e-02 6.364824417209576611e-03 1.630672200204905456e-02 -1.142265594688975094e-02 4.823721762800858501e-03 -2.125409660803268333e-02 -4.053037108466188329e+03
-2.926465400932237726e-02 6.296140217007232046e-03 1.638356247970447835e-02 -1.145889284491438155e-02 4.828945428322737807e-03 -2.126071758288661240e-02 -4.055160676072448041e+03
-2.927948995678011229e-02 6.227254887718276267e-03 1.646043941514485978e-02 -1.149506514429651967e-02 4.834087356448272740e-03 -2.126687453979408948e-02 -4.057282947074570075e+03
-2.929431510498533078e-02 6.158167903625923201e-03 1.653735183234234657e-02 -1.153117206531307885e-02 4.839146659767478396e-03 -2.127256124838194581e-02 -4.059403919227421738e+03
-2.930912943230515322e-02 6.088878752170997187e-03 1.661429872440677719e-02 -1.156721276673429617e-02 4.844121669783405665e-03 -2.127777708824165129e-02 -4.061523590132553636e+03
-2.932393291829426055e-02 6.019386898430807015e-03 1.669127904721972450e-02 -1.160318628871378523e-02 4.849009746341332097e-03 -2.128251394060485732e-02 -4.063641957566788733e+03
-2.933872554151588374e-02 5.949691817693660185e-03 1.676829192178042396e-02 -1.163909154231176565e-02 4.853810875441335812e-03 -2.128677380035181796e-02 -4.065759019141811223e+03
-2.935350728134308862e-02 5.879792966323861211e-03 1.684533663979661741e-02 -1.167492736477089912e-02 4.858526676328192399e-03 -2.129055295025685315e-02 -4.067874772588786072e+03
-2.936827811604743668e-02 5.809689817904212933e-03 1.692241249966485936e-02 -1.171069246281769387e-02 4.863158936297568360e-03 -2.129384618733197454e-02 -4.069989215470460294e+03
-2.938303802496207776e-02 5.739381825799229342e-03 1.699951881910930981e-02 -1.174638549508521396e-02 4.867705920712982366e-03 -2.129665352777436807e-02 -4.072102345514865647e+03
-2.939778698640862706e-02 5.668868453918946351e-03 1.707665483088740416e-02 -1.178200526324059416e-02 4.872165441985120728e-03 -2.129897229521456048e-02 -4.074214160306236408e+03
-2.941252497895436788e-02 5.598149156631026906e-03 1.715381968569870685e-02 -1.181755069296655525e-02 4.876536147838973594e-03 -2.130079883651445766e-02 -4.076324657484497038e+03
-2.942725198074491386e-02 5.527223394034621283e-03 1.723101241454256388e-02 -1.185302096065337166e-02 4.880818496905176170e-03 -2.130212859088036897e-02 -4.078433834634401592e+03
-2.944196797067077584e-02 5.456090611582297203e-03 1.730823200166653475e-02 -1.188841519697934716e-02 4.885012185792718224e-03 -2.130295956492443687e-02 -4.080541689463493640e+03
-2.945667292611319973e-02 5.384750276604053677e-03 1.738547733644357079e-02 -1.192373250913423589e-02 4.889115753331451340e-03 -2.130328635476431628e-02 -4.082648219449105454e+03
-2.947136682542931749e-02 5.313201833876406328e-03 1.746274733896113762e-02 -1.195897181719370907e-02 4.893126256593409093e-03 -2.130310697032831990e-02 -4.084753422232201501e+03
-2.948604964667262893e-02 5.241444728513555522e-03 1.754004106922731065e-02 -1.199413168377322023e-02 4.897042187662048983e-03 -2.130241591692833003e-02 -4.086857295400080147e+03
-2.950072136761762442e-02 5.169478404320796382e-03 1.761735757517049472e-02 -1.202921058665522465e-02 4.900864802716898595e-03 -2.130120801735178870e-02 -4.088959836484551943e+03
-2.951538196644213144e-02 5.097302294827270840e-03 1.769469607484646864e-02 -1.206420708946512842e-02 4.904595158180600004e-03 -2.129947843272076216e-02 -4.091061043080862873e+03
-2.953003142067450043e-02 5.024915843992398129e-03 1.777205577837849895e-02 -1.209911994164692729e-02 4.908232623509624359e-03 -2.129722639182764568e-02 -4.093160912693857426e+03
-2.954466970837959366e-02 4.952318480598173062e-03 1.784943575411142638e-02 -1.213394796709674206e-02 4.911775842262583631e-03 -2.129444999473975933e-02 -4.095259442910914913e+03
-2.955929680714908594e-02 4.879509634802299892e-03 1.792683503372398401e-02 -1.216869019425756079e-02 4.915224026409922148e-03 -2.129114811801872953e-02 -4.097356631259025562e+03
-2.957391269409534798e-02 4.806488742144810269e-03 1.800425262772139406e-02 -1.220334570011671893e-02 4.918576653454443358e-03 -2.128731668627899601e-02 -4.099452475206033341e+03
-2.958851734672726316e-02 4.733255230422558218e-03 1.808168746701869015e-02 -1.223791355900812235e-02 4.921834082859729426e-03 -2.128295397594681670e-02 -4.101546972286334494e+03
-2.960311074204979159e-02 4.659808531991625757e-03 1.815913849606222777e-02 -1.227239267961331530e-02 4.924995041639457227e-03 -2.127805270548143238e-02 -4.103640119967782994e+03
-2.961769285743229285e-02 4.586148067800221995e-03 1.823660464805089768e-02 -1.230678167322981145e-02 4.928056277389465667e-03 -2.127261008980046303e-02 -4.105731915778627808e+03
-2.963226366983077315e-02 4.512273258201201544e-03 1.831408484872248943e-02 -1.234107900276405941e-02 4.931015204990478983e-03 -2.126662094839510894e-02 -4.107822357187540547e+03
-2.964682315589105624e-02 4.438183521235389110e-03 1.839157797305503161e-02 -1.237528295374315523e-02 4.933871799624292391e-03 -2.126007756517767425e-02 -4.109911441604809625e+03
-2.966137129303449485e-02 4.363878259794532963e-03 1.846908290239995462e-02 -1.240939195777083018e-02 4.936626880522102662e-03 -2.125297715631436699e-02 -4.111999166573898947e+03
-2.967590805754469901e-02 4.289356894999333571e-03 1.854659858447683593e-02 -1.244340480258051586e-02 4.939280574865775528e-03 -2.124531861729079055e-02 -4.114085529463104649e+03
-2.969043342643751596e-02 4.214618831974321737e-03 1.862412399616339073e-02 -1.247732037383406795e-02 4.941832981477728252e-03 -2.123709891680625531e-02 -4.116170527739216595e+03
-2.970494737631527646e-02 4.139663478073488806e-03 1.870165813402585239e-02 -1.251113760117894026e-02 4.944284017037154852e-03 -2.122831542549939374e-02 -4.118254158808515058e+03
-2.971944988358044687e-02 4.064490239139225379e-03 1.877920000542005266e-02 -1.254485541653308986e-02 4.946632615118299464e-03 -2.121896792810608334e-02 -4.120336420075857859e+03
-2.973394092465089789e-02 3.989098515302103888e-03 1.885674862360979184e-02 -1.257847272782944455e-02 4.948878365155210193e-03 -2.120905051686866605e-02 -4.122417308968473662e+03
-2.974842047569279876e-02 3.913487707447853986e-03 1.893430297418332089e-02 -1.261198813748217948e-02 4.951020086479321521e-03 -2.119855697568203898e-02 -4.124496822868785785e+03
-2.976288851260259355e-02 3.837657214993954458e-03 1.901186182837760752e-02 -1.264540014763745716e-02 4.953054165387613464e-03 -2.118748419880357031e-02 -4.126574959119844607e+03
-2.977734501149226914e-02 3.761606426850101943e-03 1.908942388239576529e-02 -1.267870715809262840e-02 4.954978169188811905e-03 -2.117582791076048215e-02 -4.128651715113878709e+03
-2.979178994841700720e-02 3.685334722796121312e-03 1.916698778926426844e-02 -1.271190739418675067e-02 4.956790502007538818e-03 -2.116358374252927735e-02 -4.130727088240633748e+03
-2.980622329878278645e-02 3.608841494018170341e-03 1.924455217083297087e-02 -1.274499929228659068e-02 4.958491561016947942e-03 -2.115074580737342710e-02 -4.132801075779687380e+03
-2.982064503850178142e-02 3.532126125100449546e-03 1.932211577853578527e-02 -1.277798156390628700e-02 4.960082862667069929e-03 -2.113731227445862088e-02 -4.134873675084338174e+03
-2.983505514342139897e-02 3.455187997407998396e-03 1.939967753622261898e-02 -1.281085290322979062e-02 4.961565225854554922e-03 -2.112327764217559328e-02 -4.136944883495281829e+03
-2.984945358890397568e-02 3.378026495572962560e-03 1.947723645931325256e-02 -1.284361205715000599e-02 4.962939514525692430e-03 -2.110863991648884858e-02 -4.139014698288786349e+03
-2.986384035051227806e-02 3.300640995527622228e-03 1.955479159823561228e-02 -1.287625779019547362e-02 4.964203736299990961e-03 -2.109339311445656423e-02 -4.141083116786020582e+03
-2.987821540315127936e-02 3.223030873831350153e-03 1.963234186365817729e-02 -1.290878876431757021e-02 4.965356511840225348e-03 -2.107753683011687543e-02 -4.143150136227428447e+03
-2.989257872238149788e-02 3.145195487784006264e-03 1.970988603316954288e-02 -1.294120343480963282e-02 4.966396111346860209e-03 -2.106106688679666716e-02 -4.145215753966560442e+03
-2.990693028300408368e-02 3.067134204355040274e-03 1.978742276207144657e-02 -1.297350026436213180e-02 4.967319944030120990e-03 -2.104397994740630010e-02 -4.147279967238205245e+03
-2.992127005991272043e-02 2.988846385470351249e-03 1.986495055084692291e-02 -1.300567767146354123e-02 4.968124653493673215e-03 -2.102627401414964431e-02 -4.149342773293147729e+03
-2.993559802740502346e-02 2.910331398723551514e-03 1.994246779103283143e-02 -1.303773388337400169e-02 4.968808694800252827e-03 -2.100793977428097245e-02 -4.151404169285397074e+03
-2.994991416096413200e-02 2.831588583642204778e-03 2.001997298874428483e-02 -1.306966713293359998e-02 4.969371570607073081e-03 -2.098897448783700048e-02 -4.153464152560614821e+03
-2.996421843470753812e-02 2.752617306277099773e-03 2.009746488960933303e-02 -1.310147592653354912e-02 4.969815998755061116e-03 -2.096937025859530596e-02 -4.155522720265427779e+03
-2.997851082307988538e-02 2.673416926882023030e-03 2.017494242172595750e-02 -1.313315879287988569e-02 4.970144258986176379e-03 -2.094912276133860732e-02 -4.157579869587970279e+03
-2.999279130109372069e-02 2.593986785989043763e-03 2.025240443991152550e-02 -1.316471428390538455e-02 4.970356112548646177e-03 -2.092822601467504012e-02 -4.159635597812720334e+03
-3.000705984197490558e-02 2.514326247788949836e-03 2.032984975582698833e-02 -1.319614102952243809e-02 4.970449000329902819e-03 -2.090667979596954815e-02 -4.161689901954730885e+03
-3.002131642076153600e-02 2.434434630840921245e-03 2.040727712393256010e-02 -1.322743736306691842e-02 4.970420942517881149e-03 -2.088448282893522190e-02 -4.163742779335549130e+03
-3.003556101075777196e-02 2.354311280616538677e-03 2.048468516391915850e-02 -1.325860170999025416e-02 4.970270215939733699e-03 -2.086163444931930094e-02 -4.165794227021052393e+03
-3.004979358602246492e-02 2.273955527049815930e-03 2.056207233636166837e-02 -1.328963256724471388e-02 4.969994545500038517e-03 -2.083812917852860200e-02 -4.167844242172893246e+03
-3.006401412060651784e-02 2.193366696238042458e-03 2.063943705029865419e-02 -1.332052835171731661e-02 4.969589736083122357e-03 -2.081396341925907320e-02 -4.169892821951696533e+03
-3.007822258753251043e-02 2.112544127124981169e-03 2.071677759484278833e-02 -1.335128701260497944e-02 4.969053801265886292e-03 -2.078912786715102212e-02 -4.171939963373934916e+03
-3.009241896059944646e-02 2.031487139714487598e-03 2.079409247342931671e-02 -1.338190660124937564e-02 4.968388548635156200e-03 -2.076361317084825589e-02 -4.173985663587990530e+03
-3.010660321331161404e-02 1.950195055275877245e-03 2.087138034744247250e-02 -1.341238544728457285e-02 4.967597017985101934e-03 -2.073741586597585909e-02 -4.176029919723531748e+03
-3.012077531874387051e-02 1.868667200245067994e-03 2.094863988168134752e-02 -1.344272201535362532e-02 4.966680157972178968e-03 -2.071053174919018289e-02 -4.178072728838626972e+03
-3.013493524960398837e-02 1.786902902612562101e-03 2.102586972870487680e-02 -1.347291466607793663e-02 4.965637012110473390e-03 -2.068295645175565606e-02 -4.180114087919636404e+03
-3.014908297954403682e-02 1.704901460521398562e-03 2.110306849063101758e-02 -1.350296166084462811e-02 4.964465273826441059e-03 -2.065469073519372867e-02 -4.182153994114121815e+03
-3.016321848097957420e-02 1.622662189916252839e-03 2.118023470458826191e-02 -1.353286123495977405e-02 4.963162181174696035e-03 -2.062573130322129314e-02 -4.184192444383601469e+03
-3.017734172686174776e-02 1.540184390553009418e-03 2.125736686753632726e-02 -1.356261186217494301e-02 4.961726162109315191e-03 -2.059607664209812256e-02 -4.186229435780862332e+03
-3.019145268967611193e-02 1.457467364632788857e-03 2.133446335974736874e-02 -1.359221186816416370e-02 4.960153333691008117e-03 -2.056572025481879368e-02 -4.188264965284981372e+03
-3.020555134227163180e-02 1.374510404345187118e-03 2.141152245133937093e-02 -1.362165943530388446e-02 4.958441275069141140e-03 -2.053465516097847249e-02 -4.190299029925961804e+03
-3.021963765653365094e-02 1.291312810904557450e-03 2.148854239901811999e-02 -1.365095235464977921e-02 4.956589888222721028e-03 -2.050287292492127336e-02 -4.192331626618835799e+03
-3.023371160517748790e-02 1.207873863066960063e-03 2.156552155512062030e-02 -1.368008856380749892e-02 4.954600910657894555e-03 -2.047036717368509728e-02 -4.194362752429537068e+03
-3.024777315944823797e-02 1.124192866129910401e-03 2.164245832598712949e-02 -1.370906631569689116e-02 4.952475768591464364e-03 -2.043713419891758296e-02 -4.196392404207555046e+03
-3.026182229188503076e-02 1.040269095208840294e-03 2.171935118444339938e-02 -1.373788384338085408e-02 4.950215180018823630e-03 -2.040317048734781660e-02 -4.198420579009442008e+03
-3.027585897340153917e-02 9.561018531221651424e-04 2.179619861406511053e-02 -1.376653919231099303e-02 4.947817618536377686e-03 -2.036847369593487375e-02 -4.200447273600473636e+03
-3.028988317673430436e-02 8.716904005929182638e-04 2.187299906783359699e-02 -1.379503051431484051e-02 4.945280532211670382e-03 -2.033304154080940382e-02 -4.202472485033282283e+03
-3.030389487288232681e-02 7.870340235147865130e-04 2.194975087498628533e-02 -1.382335593658407663e-02 4.942600532313229204e-03 -2.029686601169660917e-02 -4.204496210109772619e+03
-3.031789403340456185e-02 7.021319892702179797e-04 2.202645234202487909e-02 -1.385151374786033548e-02 4.939774676891059771e-03 -2.025994564600676687e-02 -4.206518445723435434e+03
-3.033188062953648748e-02 6.169835600594612487e-04 2.210310167161541606e-02 -1.387950212287833614e-02 4.936801833813155016e-03 -2.022227423236876154e-02 -4.208539188730346723e+03
-3.034585463302691064e-02 5.315879809574882309e-04 2.217969702619035366e-02 -1.390731892357891832e-02 4.933680283644379869e-03 -2.018384509468669485e-02 -4.210558436076061298e+03
-3.035981601407806638e-02 4.459445223439884140e-04 2.225623648506429991e-02 -1.393496192301821486e-02 4.930410860009944857e-03 -2.014465282351738870e-02 -4.212576184487448700e+03
-3.037376474347239230e-02 3.600524365403636731e-04 2.233271823341230825e-02 -1.396242888742046766e-02 4.926994177422121778e-03 -2.010469215557669082e-02 -4.214592430813355350e+03
-3.038770079170414334e-02 2.739109836458336069e-04 2.240914054145807036e-02 -1.398971792604674323e-02 4.923430437802143837e-03 -2.006395863565397022e-02 -4.216607171862500763e+03
-3.040162412886013299e-02 1.875194268371246779e-04 2.248550173570741662e-02 -1.401682693240148547e-02 4.919719603025755547e-03 -2.002244670720675426e-02 -4.218620404361521651e+03
-3.041553472668275665e-02 1.008769875245435444e-04 2.256180015852408613e-02 -1.404375380485565344e-02 4.915859679673534322e-03 -1.998015355953306968e-02 -4.220632125276233637e+03
-3.042943255439873804e-02 1.398293177140260973e-05 2.263803399324189336e-02 -1.407049662090276154e-02 4.911847020752675187e-03 -1.993707123525359504e-02 -4.222642331175488835e+03
-3.044331758256881015e-02 -7.316351299519409834e-05 2.271420123881777095e-02 -1.409705333044520247e-02 4.907679104190705403e-03 -1.989319508333161485e-02 -4.224651018866194136e+03
-3.045718978115090347e-02 -1.605631160460268061e-04 2.279029994934502965e-02 -1.412342196897724972e-02 4.903354308802856942e-03 -1.984852249938797927e-02 -4.226658185071955813e+03
-3.047104911975750605e-02 -2.482166535887928927e-04 2.286632817223190756e-02 -1.414960043277519765e-02 4.898872103850422481e-03 -1.980305144533020187e-02 -4.228663826471076391e+03
-3.048489556875852088e-02 -3.361249247469301092e-04 2.294228392615151393e-02 -1.417558631020433141e-02 4.894232050149204330e-03 -1.975677225591723762e-02 -4.230667939884431689e+03
-3.049872909687735209e-02 -4.242886915288343456e-04 2.301816522127725015e-02 -1.420137722877825789e-02 4.889433239089767402e-03 -1.970968320389173550e-02 -4.232670521882694629e+03
-3.051254967327310386e-02 -5.127087316124467973e-04 2.309397012437052962e-02 -1.422697092737284022e-02 4.884474930168660606e-03 -1.966177429121836184e-02 -4.234671569140427891e+03
-3.052635726678230507e-02 -6.013858199358206990e-04 2.316969678794779733e-02 -1.425236523971783881e-02 4.879357951938766494e-03 -1.961304257215767954e-02 -4.236671078284744908e+03
-3.054015184708361308e-02 -6.903207543385674310e-04 2.324534326859286487e-02 -1.427755788094578655e-02 4.874080897202284074e-03 -1.956347950648741965e-02 -4.238669046041228285e+03
-3.055393338225988534e-02 -7.795143104735036002e-04 2.332090755119542100e-02 -1.430254662853619289e-02 4.868641359639057191e-03 -1.951307768126039899e-02 -4.240665468874418366e+03
-3.056770184231548740e-02 -8.689673166385196608e-04 2.339638743062859641e-02 -1.432732941216017034e-02 4.863036199364866898e-03 -1.946183702299999346e-02 -4.242660343567023119e+03
-3.058145719493155640e-02 -9.586805599706139892e-04 2.347178065736935798e-02 -1.435190386562321119e-02 4.857263601774731293e-03 -1.940975228742462116e-02 -4.244653666559104749e+03
-3.059519940926922615e-02 -1.048654866368945110e-03 2.354708519110894696e-02 -1.437626755204434413e-02 4.851323379648418005e-03 -1.935682094821960381e-02 -4.246645434531508727e+03
-3.060892845299548887e-02 -1.138891041771470563e-03 2.362229896925262945e-02 -1.440041806714883153e-02 4.845214564724730118e-03 -1.930303811531165412e-02 -4.248635643935717781e+03
-3.062264429438665142e-02 -1.229389911385190192e-03 2.369741989775457289e-02 -1.442435300259583240e-02 4.838935316041413463e-03 -1.924839484466243575e-02 -4.250624291352714863e+03
-3.063634690096507171e-02 -1.320152284297279512e-03 2.377244584810324357e-02 -1.444806983014034277e-02 4.832484450041124764e-03 -1.919288458049300816e-02 -4.252611373260760047e+03
-3.065003624042896002e-02 -1.411178977402600824e-03 2.384737466844775652e-02 -1.447156617672252718e-02 4.825861979706626455e-03 -1.913650094527981696e-02 -4.254596886185790936e+03
-3.066371227992347251e-02 -1.502470809767971751e-03 2.392220415756961607e-02 -1.449483967349142130e-02 4.819068090634063758e-03 -1.907923559204307423e-02 -4.256580826560256355e+03
-3.067737498742441685e-02 -1.594028625804850803e-03 2.399693194305517821e-02 -1.451788788626558538e-02 4.812100848747987401e-03 -1.902108686491377904e-02 -4.258563190921613568e+03
-3.069102432965041538e-02 -1.685853251918669913e-03 2.407155568815183902e-02 -1.454070834625961241e-02 4.804957165937357062e-03 -1.896204959533673295e-02 -4.260543975607499306e+03
-3.070466027438056508e-02 -1.777945548191124398e-03 2.414607304344640326e-02 -1.456329833030469215e-02 4.797634826547359475e-03 -1.890211805858517391e-02 -4.262523177148739705e+03
-3.071828278865223680e-02 -1.870306365792495000e-03 2.422048170343127707e-02 -1.458565516781965693e-02 4.790131978590351537e-03 -1.884128929254765342e-02 -4.264500791979065980e+03
-3.073189183892601969e-02 -1.962936548663694099e-03 2.429477943265125062e-02 -1.460777630575186940e-02 4.782448907554715314e-03 -1.877955752062017078e-02 -4.266476816432909800e+03
-3.074548739113526150e-02 -2.055836940942286015e-03 2.436896403383741888e-02 -1.462965925200394868e-02 4.774583055684611214e-03 -1.871691460797624690e-02 -4.268451246787473792e+03
-3.075906941258591334e-02 -2.149008425619865735e-03 2.444303311380892005e-02 -1.465130149338962282e-02 4.766533521978839373e-03 -1.865335332023756315e-02 -4.270424079569075730e+03
-3.077263786866653306e-02 -2.242451847735098171e-03 2.451698414324493189e-02 -1.467270035872469264e-02 4.758300325827678236e-03 -1.858886520803910980e-02 -4.272395311013635364e+03
-3.078619272501186693e-02 -2.336168062933632276e-03 2.459081458322585206e-02 -1.469385326290508116e-02 4.749883592157996132e-03 -1.852344800404937333e-02 -4.274364937398202528e+03
-3.079973394848397120e-02 -2.430157970215517799e-03 2.466452199131164910e-02 -1.471475746864543341e-02 4.741280954653806154e-03 -1.845709675677204009e-02 -4.276332955197116462e+03
-3.081326150306071265e-02 -2.524422411921262415e-03 2.473810384952986746e-02 -1.473541003307079870e-02 4.732489404319129706e-03 -1.838980554893146491e-02 -4.278299360413902832e+03
-3.082677535610464301e-02 -2.618962316072487046e-03 2.481155760262919452e-02 -1.475580799119620250e-02 4.723506431648680920e-03 -1.832156948555580672e-02 -4.280264149594705486e+03
-3.084027547178143369e-02 -2.713778545296817706e-03 2.488488069946079295e-02 -1.477594839822219189e-02 4.714329941532984132e-03 -1.825238153150416168e-02 -4.282227318799720706e+03
-3.085376181527074019e-02 -2.808871991467181903e-03 2.495807069159240374e-02 -1.479582855441255278e-02 4.704958871741331435e-03 -1.818223388367850094e-02 -4.284188864262237075e+03
-3.086723435260574702e-02 -2.904243576087294117e-03 2.503112502809827847e-02 -1.481544609225758646e-02 4.695393339011820315e-03 -1.811112103097286402e-02 -4.286148782350152942e+03
-3.088069304689643191e-02 -2.999894166862834225e-03 2.510404092851761110e-02 -1.483479827615484525e-02 4.685632261456853902e-03 -1.803903511480284272e-02 -4.288107068982900273e+03
-3.089413786373444715e-02 -3.095824698340504406e-03 2.517681565833548504e-02 -1.485388204781287573e-02 4.675675422003281075e-03 -1.796597202190385739e-02 -4.290063720516478497e+03
-3.090756876667267311e-02 -3.192036060029088129e-03 2.524944654489640061e-02 -1.487269444010569375e-02 4.665521686672081773e-03 -1.789192777557985226e-02 -4.292018733011869699e+03
-3.092098572023365202e-02 -3.288529173537042480e-03 2.532193090773181970e-02 -1.489123238617456706e-02 4.655168141966439799e-03 -1.781689593306105823e-02 -4.293972102666908540e+03
-3.093438868779153916e-02 -3.385304954697155536e-03 2.539426609261283968e-02 -1.490949260865811338e-02 4.644610964662829189e-03 -1.774087162152781366e-02 -4.295923825501825377e+03
-3.094777763318773758e-02 -3.482364336712481627e-03 2.546644935335821286e-02 -1.492747180386993187e-02 4.633848146561649409e-03 -1.766384554722718117e-02 -4.297873897605811180e+03
-3.096115252000965906e-02 -3.579708253473759365e-03 2.553847776494799077e-02 -1.494516693760799403e-02 4.622877176193843432e-03 -1.758580818178558797e-02 -4.299822315039045861e+03
-3.097451331202029368e-02 -3.677337648110172875e-03 2.561034828399239710e-02 -1.496257542047949377e-02 4.611698138187543018e-03 -1.750675424740824257e-02 -4.301769073898178249e+03
-3.098785997236497974e-02 -3.775253456653409646e-03 2.568205807841219060e-02 -1.497969468586220557e-02 4.600312775517230793e-03 -1.742667938462583860e-02 -4.303714170167187149e+03
-3.100119246349920810e-02 -3.873456617968584238e-03 2.575360422767212706e-02 -1.499652143045458741e-02 4.588719735260315957e-03 -1.734557673550970666e-02 -4.305657599753514660e+03
-3.101451074923285839e-02 -3.971948111009250722e-03 2.582498380683363043e-02 -1.501305224663508978e-02 4.576917448988744412e-03 -1.726344140792311285e-02 -4.307599358835826934e+03
-3.102781479080921404e-02 -4.070728860134906896e-03 2.589619396143661920e-02 -1.502928375568542835e-02 4.564903461692798071e-03 -1.718026878973723942e-02 -4.309539443212318474e+03
-3.104110455035749908e-02 -4.169799820237683405e-03 2.596723188157113935e-02 -1.504521248322823919e-02 4.552673037252330697e-03 -1.709605229399973128e-02 -4.311477848818657549e+03
-3.105437999007986533e-02 -4.269161964653331656e-03 2.603809458751071490e-02 -1.506083489920459657e-02 4.540223118386818059e-03 -1.701078484862264192e-02 -4.313414571583635734e+03
-3.106764107254492494e-02 -4.368816296578536228e-03 2.610877881034102260e-02 -1.507614763681974085e-02 4.527551730477100134e-03 -1.692445728952976861e-02 -4.315349607512684088e+03
-3.108088775859629144e-02 -4.468763775611184381e-03 2.617928107582999028e-02 -1.509114781000230748e-02 4.514658733785670633e-03 -1.683706120282511473e-02 -4.317282952308204585e+03
-3.109412001022400854e-02 -4.569005391236737566e-03 2.624959812196160647e-02 -1.510583262768913637e-02 4.501545378871337107e-03 -1.674858844334042168e-02 -4.319214601873608444e+03
-3.110733778894898480e-02 -4.669542136301690904e-03 2.631972683458991963e-02 -1.512019877059351397e-02 4.488211523925245833e-03 -1.665903397545388798e-02 -4.321144552062496587e+03
-3.112054105547665261e-02 -4.770374996572401827e-03 2.638966413831103988e-02 -1.513424249529807947e-02 4.474656196885864849e-03 -1.656839528782746637e-02 -4.323072798602544026e+03
-3.113372977092925681e-02 -4.871504982310763572e-03 2.645940708320246651e-02 -1.514795991318227363e-02 4.460876601321425716e-03 -1.647666505892972019e-02 -4.324999337361257858e+03
-3.114690389476106047e-02 -4.972933068385157473e-03 2.652895259069150066e-02 -1.516134733457660290e-02 4.446868140061371877e-03 -1.638383643439957418e-02 -4.326924163968270477e+03
-3.116006338783192109e-02 -5.074660281022437894e-03 2.659829725933064368e-02 -1.517440107086677828e-02 4.432624947213407995e-03 -1.628990329984954244e-02 -4.328847274271464812e+03
-3.117320821048417609e-02 -5.176687645530821634e-03 2.666743754731464369e-02 -1.518711747820671032e-02 4.418145158846630352e-03 -1.619486057884234054e-02 -4.330768663994059352e+03
-3.118633832224068994e-02 -5.279016180554622559e-03 2.673636967165824233e-02 -1.519949325526620369e-02 4.403430161982788138e-03 -1.609869815448096084e-02 -4.332688328725299471e+03
-3.119945368265856708e-02 -5.381646920546635793e-03 2.680508987565219381e-02 -1.521152530174016936e-02 4.388480189719896202e-03 -1.600140498573593764e-02 -4.334606264110233496e+03
-3.121255425130595521e-02 -5.484580899106947932e-03 2.687359474849706012e-02 -1.522321020126186572e-02 4.373294621539034442e-03 -1.590297414331339268e-02 -4.336522465783766165e+03
-3.122563998812226405e-02 -5.587819169407713497e-03 2.694188107744482918e-02 -1.523454386302672964e-02 4.357873317069617045e-03 -1.580340030967421552e-02 -4.338436929462352964e+03
-3.123871085193285352e-02 -5.691362774432319645e-03 2.700994574235541373e-02 -1.524552199891648918e-02 4.342215173995508069e-03 -1.570267760013177930e-02 -4.340349650732016926e+03
-3.125176680057756978e-02 -5.795212744955477620e-03 2.707778528401870444e-02 -1.525614064630056999e-02 4.326315626002818875e-03 -1.560079733952768159e-02 -4.342260625041147250e+03
-3.126480779240174701e-02 -5.899370135950886100e-03 2.714539595900278268e-02 -1.526639594443690746e-02 4.310166836425289964e-03 -1.549776056327626349e-02 -4.344169847946146547e+03
-3.127783378558818966e-02 -6.003836006072696407e-03 2.721277383290806456e-02 -1.527628393293756735e-02 4.293765049672803799e-03 -1.539355894393987928e-02 -4.346077314946392107e+03
-3.129084473881105916e-02 -6.108611444912216346e-03 2.727991477702839881e-02 -1.528580097747251308e-02 4.277111399509780400e-03 -1.528818535897334338e-02 -4.347983021616237238e+03
-3.130384060979939098e-02 -6.213697530982218928e-03 2.734681468829757225e-02 -1.529494349558892935e-02 4.260208376607502699e-03 -1.518162734776094293e-02 -4.349886963392705184e+03
-3.131682135525888644e-02 -6.319095330469938140e-03 2.741346981618159387e-02 -1.530370756605500641e-02 4.243054496829408787e-03 -1.507387478169061254e-02 -4.351789135570998951e+03
-3.132978693356848476e-02 -6.424805970629913696e-03 2.747987679352710891e-02 -1.531208901887568322e-02 4.225648139778427799e-03 -1.496491514117284476e-02 -4.353689533769828813e+03
-3.134273730055815721e-02 -6.530830514913996479e-03 2.754603204906255765e-02 -1.532008340402611635e-02 4.207989859986430679e-03 -1.485474652403390508e-02 -4.355588153202402282e+03
-3.135567241340061345e-02 -6.637170073034832050e-03 2.761193178634289980e-02 -1.532768632762265826e-02 4.190077452596024411e-03 -1.474336597089375735e-02 -4.357484989296974163e+03
-3.136859222825851695e-02 -6.743825742835405333e-03 2.767757193266342369e-02 -1.533489371002966228e-02 4.171901460642099546e-03 -1.463076692266833574e-02 -4.359380037339399678e+03
-3.138149670141748837e-02 -6.850798638268784137e-03 2.774294809039110077e-02 -1.534170134746487210e-02 4.153456500589634663e-03 -1.451694512610833196e-02 -4.361273292666227462e+03
-3.139438578863622958e-02 -6.958089868300456476e-03 2.780805573569298042e-02 -1.534810507092012992e-02 4.134742531130451530e-03 -1.440189661966926639e-02 -4.363164750510088197e+03
-3.140725944642019235e-02 -7.065700573911326728e-03 2.787289058991022223e-02 -1.535410079890351005e-02 4.115760556765738105e-03 -1.428560650177788591e-02 -4.365054406217524047e+03
-3.142011762928084012e-02 -7.173631872946306144e-03 2.793744860600249139e-02 -1.535968404728801223e-02 4.096512154844238196e-03 -1.416806208857445716e-02 -4.366942254863344715e+03
-3.143296029313948081e-02 -7.281884939255378088e-03 2.800172583602835580e-02 -1.536485024542706690e-02 4.076995251804910181e-03 -1.404925112432264984e-02 -4.368828291793935932e+03
-3.144578739207153778e-02 -7.390460906754826344e-03 2.806571829784485980e-02 -1.536959498314288512e-02 4.057209176041893725e-03 -1.392917019020923491e-02 -4.370712512051373778e+03
-3.145859888087694511e-02 -7.499360936377467805e-03 2.812942189179384184e-02 -1.537391369853710089e-02 4.037152782699641659e-03 -1.380781415630021221e-02 -4.372594910827898275e+03
-3.147139471353388451e-02 -7.608586175348043892e-03 2.819283206227292393e-02 -1.537780186405037809e-02 4.016818743178960337e-03 -1.368518076892838442e-02 -4.374475483173342582e+03
-3.148417484432571717e-02 -7.718137792736013900e-03 2.825594406200109682e-02 -1.538125514551832822e-02 3.996200445535067272e-03 -1.356126530582715817e-02 -4.376354224200605131e+03
-3.149693922647570088e-02 -7.828016935768157547e-03 2.831875308893443133e-02 -1.538426870162421141e-02 3.975295248756145240e-03 -1.343605682388086808e-02 -4.378231128864029415e+03
-3.150968781479415032e-02 -7.938224813993683890e-03 2.838125454024877786e-02 -1.538683769721781863e-02 3.954102173154307003e-03 -1.330954503258186504e-02 -4.380106192408819879e+03
-3.152242056087878330e-02 -8.048762574525733515e-03 2.844344389942691023e-02 -1.538895730434721061e-02 3.932623624905728400e-03 -1.318171979885464015e-02 -4.381979409561498869e+03
-3.153513741855452912e-02 -8.159631449704697614e-03 2.850531668774778857e-02 -1.539062246458056636e-02 3.910860901989326489e-03 -1.305257067126926185e-02 -4.383850775431400507e+03
-3.154783834062753478e-02 -8.270832654330938921e-03 2.856686843049965896e-02 -1.539182844179487301e-02 3.888811338367440668e-03 -1.292208957992867224e-02 -4.385720284969996101e+03
-3.156052327850623201e-02 -8.382367382322978774e-03 2.862809443483260718e-02 -1.539257062377431644e-02 3.866472612972732172e-03 -1.279027128107407783e-02 -4.387587932962732339e+03
-3.157319218440875902e-02 -8.494236857189396347e-03 2.868898984224283952e-02 -1.539284431741584983e-02 3.843840121989350756e-03 -1.265711137549738186e-02 -4.389453714342516832e+03
-3.158584500958608321e-02 -8.606442282445671624e-03 2.874954964410714187e-02 -1.539264464606378627e-02 3.820907321369762088e-03 -1.252260295131889939e-02 -4.391317623850583004e+03
-3.159848170613343415e-02 -8.718984901975188051e-03 2.880976876753644361e-02 -1.539196636339324603e-02 3.797669904618494307e-03 -1.238673410714013871e-02 -4.393179656422433254e+03
-3.161110222500066597e-02 -8.831865945662252873e-03 2.886964210588035748e-02 -1.539080389286886369e-02 3.774124596637138361e-03 -1.224949839141011888e-02 -4.395039806831343412e+03
-3.162370651625680956e-02 -8.945086630125687402e-03 2.892916449640988569e-02 -1.538915172272917707e-02 3.750273558317223765e-03 -1.211088811099935575e-02 -4.396898069684681104e+03
-3.163629453114578244e-02 -9.058648228947786818e-03 2.898833088297991453e-02 -1.538700435473262622e-02 3.726119505383490224e-03 -1.197089352370952868e-02 -4.398754439782722329e+03
-3.164886621939762279e-02 -9.172552003819989946e-03 2.904713628258322536e-02 -1.538435660030536625e-02 3.701660883777803824e-03 -1.182950712408027856e-02 -4.400608911725747930e+03
-3.166142153162793821e-02 -9.286799245161743432e-03 2.910557547696448685e-02 -1.538120366260220702e-02 3.676893106785930013e-03 -1.168671980184113161e-02 -4.402461480273026609e+03
-3.167396041694185010e-02 -9.401391215785781866e-03 2.916364312344941687e-02 -1.537754058125939509e-02 3.651812570790241835e-03 -1.154252029885869529e-02 -4.404312140004960384e+03
-3.168648282311672254e-02 -9.516329171495158806e-03 2.922133396319078272e-02 -1.537336215601810621e-02 3.626415380825344370e-03 -1.139690285024382022e-02 -4.406160885321578462e+03
-3.169898870054848466e-02 -9.631614457613148911e-03 2.927864259392006646e-02 -1.536866264436729732e-02 3.600694166861543883e-03 -1.124985931906693180e-02 -4.408007711055491200e+03
-3.171147799612807766e-02 -9.747248323429899206e-03 2.933556349049355055e-02 -1.536343605808138287e-02 3.574645477512791887e-03 -1.110138352924099764e-02 -4.409852611458526553e+03
-3.172395065870422387e-02 -9.863232088498716590e-03 2.939209087768866399e-02 -1.535767624809221410e-02 3.548270659244094280e-03 -1.095146916879495384e-02 -4.411695581105493147e+03
-3.173640663612597307e-02 -9.979567054457998826e-03 2.944821901202167996e-02 -1.535137687744209979e-02 3.521570427589749107e-03 -1.080010696640383225e-02 -4.413536614392839510e+03
-3.174884587667817920e-02 -1.009625455409048252e-02 2.950394215341801615e-02 -1.534453208812429532e-02 3.494544124379575251e-03 -1.064728578017597183e-02 -4.415375705784091224e+03
-3.176126832731454575e-02 -1.021329591021744726e-02 2.955925451704803295e-02 -1.533713685563848662e-02 3.467188804583169574e-03 -1.049299351608485101e-02 -4.417212849588723657e+03
-3.177367393552991970e-02 -1.033069247622907076e-02 2.961415030124728287e-02 -1.532918599510535787e-02 3.439501245665426993e-03 -1.033722186698654393e-02 -4.419048040269706689e+03
-3.178606264619300570e-02 -1.044844556199377682e-02 2.966862368378786127e-02 -1.532067347175260913e-02 3.411477911278303684e-03 -1.017996415664730592e-02 -4.420881271933940297e+03
-3.179843440595062770e-02 -1.056655656591872113e-02 2.972266883624233996e-02 -1.531159310297246570e-02 3.383110911705658821e-03 -1.002121564245363021e-02 -4.422712539007196938e+03
-3.181078915959772296e-02 -1.068502684285207484e-02 2.977627976562894491e-02 -1.530193871475615461e-02 3.354397588913482931e-03 -9.860970060153548961e-03 -4.424541835597106910e+03
-3.182312685268278568e-02 -1.080385776890167848e-02 2.982945051110374654e-02 -1.529170347546850509e-02 3.325335393299518830e-03 -9.699218929449516385e-03 -4.426369155914418116e+03
-3.183544743025974733e-02 -1.092305071350177341e-02 2.988217470546888216e-02 -1.528088052504200309e-02 3.295923396605328088e-03 -9.535949539377818612e-03 -4.428194494068316089e+03
-3.184775083774472187e-02 -1.104260707264539607e-02 2.993444558285902890e-02 -1.526946368967342996e-02 3.266161736227112325e-03 -9.371148969922513117e-03 -4.430017844229036200e+03
-3.186003701917870107e-02 -1.116252821679871061e-02 2.998625659757220632e-02 -1.525744725596888188e-02 3.236049139405537418e-03 -9.204806883071127779e-03 -4.431839200362270276e+03
-3.187230591980561717e-02 -1.128281558153941891e-02 3.003760153017049836e-02 -1.524482530664751645e-02 3.205583095065720617e-03 -9.036914535719689154e-03 -4.433658556732548277e+03
-3.188455748110852889e-02 -1.140347052013853182e-02 3.008847395065512853e-02 -1.523159126097143462e-02 3.174759959814465841e-03 -8.867472918358003733e-03 -4.435475907047301916e+03
-3.189679164690355229e-02 -1.152449449483829158e-02 3.013886712294932407e-02 -1.521773817823022894e-02 3.143574276251849195e-03 -8.696474123850821136e-03 -4.437291245451037867e+03
-3.190900835967300231e-02 -1.164588895549531662e-02 3.018877479124482816e-02 -1.520325882992312055e-02 3.112019797163827727e-03 -8.523907442543207647e-03 -4.439104565882172210e+03
-3.192120756072779064e-02 -1.176765533232501139e-02 3.023819049230085446e-02 -1.518814617155894893e-02 3.080092272923925633e-03 -8.349762374905023848e-03 -4.440915862072194614e+03
-3.193338919226353795e-02 -1.188979508503877972e-02 3.028710696458237692e-02 -1.517239342415548954e-02 3.047790561713295977e-03 -8.174026459484258836e-03 -4.442725127843771588e+03
-3.194555319625153045e-02 -1.201230967077542358e-02 3.033551679103807866e-02 -1.515599394203264588e-02 3.015115075631625598e-03 -7.996687618553864965e-03 -4.444532356971965783e+03
-3.195769951516924667e-02 -1.213520057594447490e-02 3.038341286684188153e-02 -1.513894101731543332e-02 2.982065209119882324e-03 -7.817738083778367347e-03 -4.446337543394372915e+03
-3.196982808983291763e-02 -1.225846926456515204e-02 3.043078823114761522e-02 -1.512122795218700556e-02 2.948638823158069872e-03 -7.637172646475560815e-03 -4.448140680834755585e+03
-3.198193885949093818e-02 -1.238211717329608559e-02 3.047763580501560571e-02 -1.510284758594952238e-02 2.914831777119532459e-03 -7.454987897343808359e-03 -4.449941762787369044e+03
-3.199403176338707494e-02 -1.250614578102975279e-02 3.052394854522509984e-02 -1.508379196764446546e-02 2.880639042636635051e-03 -7.271174681726532904e-03 -4.451740782838605810e+03
-3.200610674072285056e-02 -1.263055660801944147e-02 3.056971903650109942e-02 -1.506405316114569660e-02 2.846053161707529176e-03 -7.085719483032511430e-03 -4.453537734602158707e+03
-3.201816373144570488e-02 -1.275535122554627421e-02 3.061493948271853949e-02 -1.504362370221655823e-02 2.811070234657573469e-03 -6.898612687325969724e-03 -4.455332611764427384e+03
-3.203020267446511637e-02 -1.288053117655132279e-02 3.065960205763800309e-02 -1.502249639772925555e-02 2.775688453347998578e-03 -6.709844977291615220e-03 -4.457125407788802477e+03
-3.204222350692177007e-02 -1.300609796038114038e-02 3.070369905724069579e-02 -1.500066381364888006e-02 2.739907964527759938e-03 -6.519404878705807246e-03 -4.458916115913282738e+03
-3.205422616773055677e-02 -1.313205314886308449e-02 3.074722272238392118e-02 -1.497811862610240290e-02 2.703728723352748654e-03 -6.327284861791652656e-03 -4.460704729737645721e+03
-3.206621059331660889e-02 -1.325839824567327623e-02 3.079016551008328939e-02 -1.495485337520816027e-02 2.667146046359851301e-03 -6.133474556082883604e-03 -4.462491242479417451e+03
-3.207817672112966978e-02 -1.338513481566500941e-02 3.083251987951531742e-02 -1.493086012427295370e-02 2.630156082402970545e-03 -5.937967274514709300e-03 -4.464275647592201494e+03
-3.209012448706873716e-02 -1.351226440969471518e-02 3.087427773501993933e-02 -1.490613059721031426e-02 2.592755046354255910e-03 -5.740756406386810992e-03 -4.466057938282785472e+03
-3.210205382613588732e-02 -1.363978859136810544e-02 3.091543019736719619e-02 -1.488065622890119913e-02 2.554934562778868670e-03 -5.541835525029878244e-03 -4.467838107595913243e+03
-3.211396467624945406e-02 -1.376770905590481327e-02 3.095596834548494658e-02 -1.485442842559545583e-02 2.516691901184414572e-03 -5.341192424201265943e-03 -4.469616149099944778e+03
-3.212585697069993140e-02 -1.389602737177775965e-02 3.099588395656171363e-02 -1.482743884637326669e-02 2.478025025473231183e-03 -5.138820487762860156e-03 -4.471392055597650142e+03
-3.213773064431144771e-02 -1.402474516026909826e-02 3.103516889615186986e-02 -1.479967934747417231e-02 2.438934356564482608e-03 -4.934707136198502112e-03 -4.473165820178045578e+03
-3.214958563059657631e-02 -1.415386402173077554e-02 3.107381493558698457e-02 -1.477114207215621776e-02 2.399416979691792236e-03 -4.728836907270159325e-03 -4.474937435820646897e+03
-3.216142186515085627e-02 -1.428338564808276714e-02 3.111181353841406538e-02 -1.474181891665473677e-02 2.359466298787724764e-03 -4.521198381317073980e-03 -4.476706895938647904e+03
-3.217323927795070343e-02 -1.441331156321361100e-02 3.114915598505927849e-02 -1.471170163875726994e-02 2.319080928167067783e-03 -4.311789557269935826e-03 -4.478474192906950520e+03
-3.218503780338621140e-02 -1.454364346894938993e-02 3.118583267009937890e-02 -1.468078125466052916e-02 2.278255748226532245e-03 -4.100605517192264932e-03 -4.480239319839398377e+03
-3.219681737412029982e-02 -1.467438305899948850e-02 3.122183382222464693e-02 -1.464904789087970172e-02 2.236983775300411224e-03 -3.887641285385346271e-03 -4.482002269633983815e+03
-3.220857792099514338e-02 -1.480553200518288856e-02 3.125715008526546573e-02 -1.461649150847455642e-02 2.195262838352744772e-03 -3.672887281742722582e-03 -4.483763034922939369e+03
-3.222031937481271285e-02 -1.493709199952383826e-02 3.129177257514252630e-02 -1.458310265602461193e-02 2.153092494279907048e-03 -3.456330001266460974e-03 -4.485521608376991935e+03
-3.223204166658879405e-02 -1.506906475503149920e-02 3.132569240051360365e-02 -1.454887281818125627e-02 2.110469832145005480e-03 -3.237956396872443063e-03 -4.487277982769335722e+03
-3.224374472660646029e-02 -1.520145198001492982e-02 3.135890021096016805e-02 -1.451379389747994332e-02 2.067388170444384166e-03 -3.017750363893509542e-03 -4.489032150815780369e+03
-3.225542848307073190e-02 -1.533425534377028283e-02 3.139138615645811758e-02 -1.447785745318255074e-02 2.023843797377935377e-03 -2.795705944203249332e-03 -4.490784104884418412e+03
-3.226709286713536767e-02 -1.546747664412637807e-02 3.142313987329203168e-02 -1.444105404015639735e-02 1.979834383849363080e-03 -2.571820077120734113e-03 -4.492533837796344415e+03
-3.227873780415970589e-02 -1.560111750688403243e-02 3.145415119612735705e-02 -1.440337321366129929e-02 1.935353751257363510e-03 -2.346089587048909037e-03 -4.494281341376079581e+03
-3.229036322622932942e-02 -1.573517984844705064e-02 3.148440972551263400e-02 -1.436480328816325085e-02 1.890397661741058909e-03 -2.118506523611973693e-03 -4.496026608764736011e+03
-3.230196905739927266e-02 -1.586966534997305209e-02 3.151390528121879309e-02 -1.432533335694576200e-02 1.844966558616375780e-03 -1.889056031045302248e-03 -4.497769631794807538e+03
-3.231355522439842420e-02 -1.600457579130189906e-02 3.154262787992607314e-02 -1.428495361831125590e-02 1.799057482552237708e-03 -1.657725600421755150e-03 -4.499510402763091406e+03
-3.232512165611654137e-02 -1.613991303479873213e-02 3.157056742499845386e-02 -1.424365553875446382e-02 1.752661160585683399e-03 -1.424505561465230384e-03 -4.501248914345456797e+03
-3.233666827449785397e-02 -1.627567873029211326e-02 3.159771320579921744e-02 -1.420143084583052467e-02 1.705773546597723084e-03 -1.189385702399514688e-03 -4.502985158036896792e+03
-3.234819500872981868e-02 -1.641187482275082918e-02 3.162405386430327398e-02 -1.415826925718929874e-02 1.658391489097186308e-03 -9.523630341015036464e-04 -4.504719126617816983e+03
-3.235970178087171911e-02 -1.654850304994108165e-02 3.164957849146497748e-02 -1.411415933244128569e-02 1.610510246559455254e-03 -7.134303996516601050e-04 -4.506450811669582436e+03
-3.237118851499606875e-02 -1.668556527324050950e-02 3.167427592288726834e-02 -1.406908887330874519e-02 1.562127156845810388e-03 -4.725804175235510571e-04 -4.508180205216457580e+03
-3.238265513658071526e-02 -1.682306345195262731e-02 3.169813461835161578e-02 -1.402304529452402457e-02 1.513242304844434564e-03 -2.297995307561871963e-04 -4.509907299637274264e+03
-3.239410156391357709e-02 -1.696099930445094800e-02 3.172114327827896957e-02 -1.397601751318080718e-02 1.463852725321006677e-03 1.491884969978965511e-05 -4.511632086084131515e+03
-3.240552772175812890e-02 -1.709937478226841376e-02 3.174329049540845077e-02 -1.392799572000183277e-02 1.413947711733612835e-03 2.615882313168506465e-04 -4.513354556821688675e+03
-3.241693353183854043e-02 -1.723819174158430778e-02 3.176456457990069204e-02 -1.387897111507189335e-02 1.363519556677903312e-03 5.102159953431810923e-04 -4.515074703536682136e+03
-3.242831891616505813e-02 -1.737745210652838837e-02 3.178495340788331514e-02 -1.382893287266014418e-02 1.312564321295428202e-03 7.608130197345199484e-04 -4.516792518084205767e+03
-3.243968379244153988e-02 -1.751715770397242050e-02 3.180444501213684078e-02 -1.377786889248868232e-02 1.261078660554114123e-03 1.013381944984288567e-03 -4.518507991654443686e+03
-3.245102808200567984e-02 -1.765731053943645282e-02 3.182302716678521437e-02 -1.372576591388484542e-02 1.209062648239075380e-03 1.267934147663571116e-03 -4.520221116075796999e+03
-3.246235170292589151e-02 -1.779791254133357079e-02 3.184068745122604210e-02 -1.367261065664241056e-02 1.156516683301136387e-03 1.524471468234258557e-03 -4.521931882663815486e+03
-3.247365457406866524e-02 -1.793896569141620323e-02 3.185741326198201356e-02 -1.361839048803901130e-02 1.103438659873998313e-03 1.783003148392660808e-03 -4.523640282983829820e+03
-3.248493661227409152e-02 -1.808047190890462244e-02 3.187319179269531427e-02 -1.356309416321748937e-02 1.049816252915523451e-03 2.043538712049922622e-03 -4.525346308253057032e+03
-3.249619773481067508e-02 -1.822243315280398790e-02 3.188801003685729635e-02 -1.350671157749667832e-02 9.956377454561655006e-04 2.306090456521395562e-03 -4.527049949774180277e+03
-3.250743785791617574e-02 -1.836485140552754705e-02 3.190185472418100021e-02 -1.344923154024293792e-02 9.408985176126742015e-04 2.570672101650693479e-03 -4.528751198780154482e+03
-3.251865689800290810e-02 -1.850772870118781721e-02 3.191471258276433465e-02 -1.339064088142193423e-02 8.855945129722249919e-04 2.837287791804365533e-03 -4.530450046574216685e+03
-3.252985476846045193e-02 -1.865106701558007229e-02 3.192657010790416611e-02 -1.333092532466199735e-02 8.297286702732237056e-04 3.105942154507945058e-03 -4.532146483903598892e+03
-3.254103138639317938e-02 -1.879486850229493411e-02 3.193741360888446151e-02 -1.327007026802501551e-02 7.733030384879522245e-04 3.376640269926308932e-03 -4.533840502219142763e+03
-3.255218666265627392e-02 -1.893913509704029177e-02 3.194722964044494767e-02 -1.320806199829257718e-02 7.163133584767296348e-04 3.649386947796073952e-03 -4.535532091939494421e+03
-3.256332051172999148e-02 -1.908386892237797991e-02 3.195600380098314458e-02 -1.314488794954477187e-02 6.587482633288625289e-04 3.924193659267676340e-03 -4.537221244292496522e+03
-3.257443284358683966e-02 -1.922907197161679085e-02 3.196372147131946312e-02 -1.308053665419501785e-02 6.005935509759125325e-04 4.201073531748535442e-03 -4.538907949788098449e+03
-3.258552357005040090e-02 -1.937474632738744179e-02 3.197036822345152712e-02 -1.301499620172389370e-02 5.418423120920303404e-04 4.480034662493698715e-03 -4.540592199206068472e+03
-3.259659260073945880e-02 -1.952089404937278408e-02 3.197592932640846292e-02 -1.294825242656523316e-02 4.824919928289946752e-04 4.761080166076485029e-03 -4.542273982985547264e+03
-3.260763985020446315e-02 -1.966751743617106002e-02 3.198038994931287626e-02 -1.288028938023298361e-02 4.225469647187454162e-04 5.044212594824546564e-03 -4.543953292425720974e+03
-3.261866522367927457e-02 -1.981461845839752392e-02 3.198373535412906560e-02 -1.281109120697335180e-02 3.620086100081063452e-04 5.329440630477921999e-03 -4.545630117180279740e+03
-3.262966863080559582e-02 -1.996219932362336413e-02 3.198595030308520187e-02 -1.274064316605447340e-02 3.008723392480692951e-04 5.616771829384682030e-03 -4.547304447930095193e+03
-3.264064997838066889e-02 -2.011026218467866153e-02 3.198701871095276095e-02 -1.266893143424243848e-02 2.391251998192512858e-04 5.906213993245669307e-03 -4.548976275013616942e+03
-3.265160917082070985e-02 -2.025880911903166562e-02 3.198692433425251447e-02 -1.259594350244044175e-02 1.767538263673497454e-04 6.197779364825674493e-03 -4.550645588347733792e+03
-3.266254611819745940e-02 -2.040784247482656938e-02 3.198565090631176611e-02 -1.252166553234066934e-02 1.137489241087619342e-04 6.491469351816917324e-03 -4.552312378863042795e+03
-3.267346072195742579e-02 -2.055736427809494796e-02 3.198318273043190829e-02 -1.244608183614397470e-02 5.010927125115568277e-05 6.787287580143137010e-03 -4.553976635841899224e+03
-3.268435288891183982e-02 -2.070737682530611815e-02 3.197950386213902624e-02 -1.236917508598062848e-02 -1.416033101707757037e-05 7.085239182520816290e-03 -4.555638349577096051e+03
-3.269522252253219408e-02 -2.085788236847150104e-02 3.197459758128063517e-02 -1.229092811492231603e-02 -7.905995973592325112e-05 7.385332995527302616e-03 -4.557297509944660305e+03
-3.270606952305147447e-02 -2.100888307899917429e-02 3.196844667209236546e-02 -1.221132554101550007e-02 -1.445946693649474539e-04 7.687577127968061620e-03 -4.558954106435989161e+03
-3.271689379674189851e-02 -2.116038141783754128e-02 3.196103296272888306e-02 -1.213035229205469689e-02 -2.107783043799807540e-04 7.991975409259395591e-03 -4.560608129681159880e+03
-3.272769523939763475e-02 -2.131237944426308401e-02 3.195233875368132248e-02 -1.204799439032359573e-02 -2.776219231533868267e-04 8.298531652916175602e-03 -4.562259568473641593e+03
-3.273847375226320022e-02 -2.146487947561675352e-02 3.194234659773183965e-02 -1.196423564587838564e-02 -3.451367541902218951e-04 8.607249228972133764e-03 -4.563908412554557799e+03
-3.274922923464908958e-02 -2.161788379872416066e-02 3.193103922843729126e-02 -1.187905828204286439e-02 -4.133232548962850143e-04 8.918134171860773313e-03 -4.565554651283377098e+03
-3.275996158658486812e-02 -2.177139483450703933e-02 3.191839871556681474e-02 -1.179244352202407642e-02 -4.821788662769239367e-04 9.231189067153739922e-03 -4.567198274373177810e+03
-3.277067070260828580e-02 -2.192541483135113448e-02 3.190440603640246064e-02 -1.170437363401067264e-02 -5.517038268070611432e-04 9.546424938006668401e-03 -4.568839270609630148e+03
-3.278135648240172034e-02 -2.207994629953372728e-02 3.188904134023853865e-02 -1.161483200183732918e-02 -6.219054599780524627e-04 9.863845832689314627e-03 -4.570477629823306415e+03
-3.279201881815103220e-02 -2.223499145286369702e-02 3.187228531127222347e-02 -1.152380250623405607e-02 -6.927960709352342207e-04 1.018345198205401411e-02 -4.572113340490086557e+03
-3.280265760675262626e-02 -2.239055275147693730e-02 3.185411874249576003e-02 -1.143126831796005896e-02 -7.643853390018104767e-04 1.050524640458224378e-02 -4.573746392027454021e+03
-3.281327274018599333e-02 -2.254663251961957354e-02 3.183452251648977160e-02 -1.133721110644431672e-02 -8.366836827082893818e-04 1.082922791514097545e-02 -4.575376773075096025e+03
-3.282386411078760252e-02 -2.270323318491274112e-02 3.181347732315704252e-02 -1.124161104248574267e-02 -9.096926107357999631e-04 1.115540007832030618e-02 -4.577004472421671380e+03
-3.283443160975852565e-02 -2.286035719440198538e-02 3.179096250655698286e-02 -1.114444845790027970e-02 -9.834124670119203694e-04 1.148376900033445946e-02 -4.578629478716726226e+03
-3.284497512892643051e-02 -2.301800706746708752e-02 3.176695622511508527e-02 -1.104570466052244744e-02 -1.057843976847329956e-03 1.181434128214906704e-02 -4.580251780727197911e+03
-3.285549455683779013e-02 -2.317618520246196925e-02 3.174143717566610401e-02 -1.094536148955666324e-02 -1.132997385932369783e-03 1.214712065284997630e-02 -4.581871366687020782e+03
-3.286598978370757623e-02 -2.333489412696904824e-02 3.171438419389930458e-02 -1.084340017812356928e-02 -1.208880522100881693e-03 1.248210497896451270e-02 -4.583488225233507364e+03
-3.287646069377354874e-02 -2.349413619908123987e-02 3.168577634487094313e-02 -1.073980201600609370e-02 -1.285503922314322261e-03 1.281929131683405033e-02 -4.585102344170660217e+03
-3.288690717616651882e-02 -2.365391409002107898e-02 3.165559222963190700e-02 -1.063454574255374811e-02 -1.362876333712377888e-03 1.315867709503584781e-02 -4.586713712344309897e+03
-3.289732911516641406e-02 -2.381423030385147743e-02 3.162380961841327470e-02 -1.052761020200119850e-02 -1.441002327638245999e-03 1.350026214371292423e-02 -4.588322317572809879e+03
-3.290772639586049542e-02 -2.397508742679219443e-02 3.159040502510858384e-02 -1.041897487227314532e-02 -1.519882481198299483e-03 1.384405333162295679e-02 -4.589928147857550357e+03
-3.291809889804765688e-02 -2.413648783463123032e-02 3.155535501349076427e-02 -1.030861969660017835e-02 -1.599520981727944055e-03 1.419005865523059913e-02 -4.591531190227661682e+03
-3.292844651020619684e-02 -2.429843440548241223e-02 3.151863547528718779e-02 -1.019652367859087520e-02 -1.679926474264189541e-03 1.453827675090269521e-02 -4.593131433646674850e+03
-3.293876910799988650e-02 -2.446092952244488528e-02 3.148022327695117889e-02 -1.008266587656205318e-02 -1.761105496393356113e-03 1.488870030185945187e-02 -4.594728864925838025e+03
-3.294906656953375951e-02 -2.462397575228153154e-02 3.144009519066715691e-02 -9.967024349903362904e-03 -1.843068593609799126e-03 1.524131572325606102e-02 -4.596323471450866236e+03
-3.295933877848054167e-02 -2.478757598163102913e-02 3.139822679117244136e-02 -9.849575782192235632e-03 -1.925824547134733595e-03 1.559612175078640625e-02 -4.597915241532589789e+03
-3.296958560611795014e-02 -2.495173253583946038e-02 3.135459335342315190e-02 -9.730298391392442833e-03 -2.009379668057576646e-03 1.595312142877766681e-02 -4.599504161011883298e+03
-3.297980693687921350e-02 -2.511644845517765900e-02 3.130916830838033349e-02 -9.609169395257298116e-03 -2.093735059790473134e-03 1.631232381185405630e-02 -4.601090218419396479e+03
-3.299000264023560502e-02 -2.528172618836733651e-02 3.126192537484525497e-02 -9.486166824416582613e-03 -2.178897352267499411e-03 1.667372697780434079e-02 -4.602673399826075183e+03
-3.300017258842924406e-02 -2.544756840509785831e-02 3.121283852707177481e-02 -9.361267431004556203e-03 -2.264871985778754964e-03 1.703731923235743059e-02 -4.604253692069560202e+03
-3.301031665905818091e-02 -2.561397810000814665e-02 3.116188170922004966e-02 -9.234446039365266576e-03 -2.351668891863747252e-03 1.740308554507687816e-02 -4.605831083048065011e+03
-3.302043471454449430e-02 -2.578095756245350409e-02 3.110902940373782080e-02 -9.105678847341544882e-03 -2.439294355836761369e-03 1.777101109921761304e-02 -4.607405557658656107e+03
-3.303052663370317776e-02 -2.594850994299500654e-02 3.105425360908072724e-02 -8.974940740670527342e-03 -2.527762048858436632e-03 1.814110345138899433e-02 -4.608977103790687579e+03
-3.304059228212381100e-02 -2.611663786512271462e-02 3.099752584241439665e-02 -8.842208257756051584e-03 -2.617074397059215417e-03 1.851336252246603420e-02 -4.610545707119105828e+03
-3.305063152869466142e-02 -2.628534425243874914e-02 3.093881648328977024e-02 -8.707457255223677306e-03 -2.707235910133601840e-03 1.888778854710913835e-02 -4.612111354344018764e+03
-3.306064423690137366e-02 -2.645463181406248684e-02 3.087809692128759206e-02 -8.570662471127548157e-03 -2.798255977431672852e-03 1.926437087656567015e-02 -4.613674031258289688e+03
-3.307063026963173030e-02 -2.662450330583550351e-02 3.081533880228683880e-02 -8.431796373257527399e-03 -2.890141272653175795e-03 1.964309029917908969e-02 -4.615233723611161622e+03
-3.308058949065402488e-02 -2.679496157125139597e-02 3.075051335229029431e-02 -8.290831567706935523e-03 -2.982894979830403269e-03 2.002392579592658650e-02 -4.616790417279234134e+03
-3.309052176448336324e-02 -2.696600959504652853e-02 3.068358991338848707e-02 -8.147741515750818800e-03 -3.076529212610360463e-03 2.040686506918022378e-02 -4.618344098287144334e+03
-3.310042695041928718e-02 -2.713765025209734227e-02 3.061453675837783397e-02 -8.002500179100747318e-03 -3.171051701052489315e-03 2.079190786610703862e-02 -4.619894751970916332e+03
-3.311030490360177686e-02 -2.730988626887799822e-02 3.054332215061423758e-02 -7.855081813994281570e-03 -3.266466934772722323e-03 2.117905316296334745e-02 -4.621442363048090556e+03
-3.312015548880929000e-02 -2.748272095626042022e-02 3.046991382850751731e-02 -7.705458001041953948e-03 -3.362788329361237737e-03 2.156829620616254606e-02 -4.622986918266436078e+03
-3.312997855600112451e-02 -2.765615691416435651e-02 3.039428093434682829e-02 -7.553599578539161273e-03 -3.460023972061833809e-03 2.195961687273103452e-02 -4.624528401503922396e+03
-3.313977395994499586e-02 -2.783019709481461199e-02 3.031639120341326696e-02 -7.399476750027142273e-03 -3.558171510783318583e-03 2.235298160334283149e-02 -4.626066797752443563e+03
-3.314954155269629610e-02 -2.800484448506807694e-02 3.023621040827690828e-02 -7.243060468813948549e-03 -3.657238478049679858e-03 2.274836010326771948e-02 -4.627602091781186573e+03
-3.315928119039638494e-02 -2.818010237604217857e-02 3.015370348131577935e-02 -7.084320984625861600e-03 -3.757235091750018002e-03 2.314575056434313438e-02 -4.629134269168745959e+03
-3.316899271677978267e-02 -2.835597344579245463e-02 3.006883618003873201e-02 -6.923229977791542540e-03 -3.858171573562499661e-03 2.354514884458440427e-02 -4.630663313124751767e+03
-3.317867598277283309e-02 -2.853246084333846758e-02 2.998157353554789864e-02 -6.759757287568658908e-03 -3.960063744959498380e-03 2.394655256887050568e-02 -4.632189208407754450e+03
-3.318833083602534817e-02 -2.870956765659826715e-02 2.989188003978952152e-02 -6.593871267848610759e-03 -4.062920890394648016e-03 2.434993371966648681e-02 -4.633711939324396553e+03
-3.319795711759451068e-02 -2.888729679737112727e-02 2.979971930445588293e-02 -6.425539949716938849e-03 -4.166736756317412221e-03 2.475524650710545296e-02 -4.635231489324948598e+03
-3.320755467246443854e-02 -2.906565151433094032e-02 2.970505347131812898e-02 -6.254729501190373596e-03 -4.271513567198915659e-03 2.516245883304208189e-02 -4.636747842769334056e+03
-3.321712333878543144e-02 -2.924463472775822720e-02 2.960784500639701555e-02 -6.081407765592249798e-03 -4.377260092458914661e-03 2.557156096540912776e-02 -4.638260982499503370e+03
-3.322666296100391936e-02 -2.942424978814986089e-02 2.950805537353037508e-02 -5.905541665483176640e-03 -4.483994462163657865e-03 2.598254745910867636e-02 -4.639770892756082503e+03
-3.323617337771844066e-02 -2.960449985745323281e-02 2.940564569256294211e-02 -5.727099517894377809e-03 -4.591734980911934237e-03 2.639539601608527006e-02 -4.641277556895499401e+03
-3.324565442075441690e-02 -2.978538788664238449e-02 2.930057637757955968e-02 -5.546049059371057494e-03 -4.700489303565509938e-03 2.681006444525194446e-02 -4.642780957344963099e+03
-3.325510592212577166e-02 -2.996691698145819219e-02 2.919280770577838829e-02 -5.362354681106854676e-03 -4.810252200298651033e-03 2.722650797954873428e-02 -4.644281076850437785e+03
-3.326452771422523658e-02 -3.014909034365471224e-02 2.908229832891837466e-02 -5.175979260380765383e-03 -4.921018095170485301e-03 2.764469887203155340e-02 -4.645777898155332878e+03
-3.327391963206757092e-02 -3.033191143207219012e-02 2.896900588615090172e-02 -4.986884957659909294e-03 -5.032798756270148721e-03 2.806461418693625628e-02 -4.647271404526530205e+03
-3.328328150498501004e-02 -3.051538349375937723e-02 2.885288724915807679e-02 -4.795036511727670571e-03 -5.145615821246512719e-03 2.848622603162823466e-02 -4.648761578280803406e+03
-3.329261315467312021e-02 -3.069950952934026242e-02 2.873389906535037813e-02 -4.600400951285964213e-03 -5.259492182831818421e-03 2.890949260046042982e-02 -4.650248400710721398e+03
-3.330191440506891087e-02 -3.088429279360138668e-02 2.861199772110793738e-02 -4.402941968129107757e-03 -5.374441471637098934e-03 2.933437931022777126e-02 -4.651731853858367685e+03
-3.331118507791833855e-02 -3.106973651488250526e-02 2.848713936445659498e-02 -4.202620882734403596e-03 -5.490460475914416341e-03 2.976084547356355053e-02 -4.653211919366915026e+03
-3.332042499743189529e-02 -3.125584419498057820e-02 2.835927743466038972e-02 -3.999395874323124524e-03 -5.607543133819634616e-03 3.018885620292401095e-02 -4.654688579421561371e+03
-3.332963398132709337e-02 -3.144261913888319465e-02 2.822836431667219773e-02 -3.793226607431886711e-03 -5.725685061675801941e-03 3.061835483811763126e-02 -4.656161815169853071e+03
-3.333881183997181724e-02 -3.163006435743546257e-02 2.809435246716660353e-02 -3.584075499390752644e-03 -5.844901406900224021e-03 3.104928845409196322e-02 -4.657631606641883081e+03
-3.334795839378654897e-02 -3.181818363298642705e-02 2.795719329012995996e-02 -3.371903491974803657e-03 -5.965211009985899905e-03 3.148161992829039135e-02 -4.659097936319387372e+03
-3.335707344812333802e-02 -3.200697987386492971e-02 2.781683979112991104e-02 -3.156670871765049347e-03 -6.086628577656547773e-03 3.191530850822334869e-02 -4.660560783485567299e+03
-3.336615681564782110e-02 -3.219645661893128646e-02 2.767324182618830647e-02 -2.938334493437091879e-03 -6.209161465314277061e-03 3.235030902038173173e-02 -4.662020129130113673e+03
-3.337520830224960378e-02 -3.238661720227485608e-02 2.752634685630148126e-02 -2.716850436804261418e-03 -6.332806294781240068e-03 3.278654915562992378e-02 -4.663475953110117189e+03
-3.338422771385109872e-02 -3.257746515968652778e-02 2.737610167462311075e-02 -2.492174240746464209e-03 -6.457568689318914784e-03 3.322396572381678542e-02 -4.664928235735432281e+03
-3.339321485005682100e-02 -3.276900374783868475e-02 2.722245441698954369e-02 -2.264263264848603418e-03 -6.583460257928547624e-03 3.366250523643112003e-02 -4.666376956346799489e+03
-3.340216951501234766e-02 -3.296123661745355149e-02 2.706535162709911707e-02 -2.033073651373162264e-03 -6.710493312566311042e-03 3.410212115534635297e-02 -4.667822095311309567e+03
-3.341109150042939624e-02 -3.315416679433527691e-02 2.690473979491721235e-02 -1.798561912733901433e-03 -6.838677676036496351e-03 3.454274502767486904e-02 -4.669263630605044455e+03
-3.341998060790369457e-02 -3.334779819407947266e-02 2.674056040276925200e-02 -1.560680467265871231e-03 -6.968021413592236438e-03 3.498430221763604991e-02 -4.670701542559207155e+03
-3.342883662452530991e-02 -3.354213397846274314e-02 2.657275641324137114e-02 -1.319381238612240756e-03 -7.098528630056439095e-03 3.542672107056443059e-02 -4.672135808789713337e+03
-3.343765934227416886e-02 -3.373717778784312421e-02 2.640126982995296551e-02 -1.074615732583113431e-03 -7.230208786012183413e-03 3.586993382332032826e-02 -4.673566408396838597e+03
-3.344644854553949220e-02 -3.393293287079759274e-02 2.622604268720318474e-02 -8.263377528735562630e-04 -7.363070576519225793e-03 3.631386859565382402e-02 -4.674993319021971729e+03
-3.345520401990718928e-02 -3.412940280120362740e-02 2.604701424407603397e-02 -5.744995306430074160e-04 -7.497123890484021225e-03 3.675844041074128460e-02 -4.676416518944466588e+03
-3.346392554359823440e-02 -3.432659085457884923e-02 2.586412319570446233e-02 -3.190512710867580135e-04 -7.632372474894000107e-03 3.720355937668543000e-02 -4.677835985054226512e+03
-3.347261290523115967e-02 -3.452450128151100806e-02 2.567730449024939812e-02 -5.993816153767380918e-05 -7.768824740497825947e-03 3.764914905942255696e-02 -4.679251696925884062e+03
-3.348126586955100376e-02 -3.472313678206519899e-02 2.548649638352408486e-02 2.028898021532520946e-04 -7.906489646908612667e-03 3.809511970860517127e-02 -4.680663629148224572e+03
-3.348988421509270508e-02 -3.492250127270467991e-02 2.529163258927357924e-02 4.694847743936204020e-04 -8.045376373811466073e-03 3.854137606027744495e-02 -4.682071759888944143e+03
-3.349846771250614141e-02 -3.512259831972701363e-02 2.509264679952514371e-02 7.398982447641771435e-04 -8.185491475793102434e-03 3.898781140305530163e-02 -4.683476065886020479e+03
-3.350701612373011701e-02 -3.532343112179147510e-02 2.488947189163353765e-02 1.014183998630767804e-03 -8.326842980172544789e-03 3.943433034191919789e-02 -4.684876522327540442e+03
-3.351552921688336073e-02 -3.552500352776720438e-02 2.468203795576255979e-02 1.292399740502433308e-03 -8.469438507029272006e-03 3.988083646915637631e-02 -4.686273106006043236e+03
-3.352400674838833250e-02 -3.572731875281748987e-02 2.447027478125465491e-02 1.574601499468269387e-03 -8.613289038311211510e-03 4.032721073488515495e-02 -4.687665791536409415e+03
-3.353244848096528785e-02 -3.593038074792880704e-02 2.425410939132748370e-02 1.860846141758924679e-03 -8.758405932574056529e-03 4.077332569664145895e-02 -4.689054555539383728e+03
-3.354085416849063306e-02 -3.613419302642383035e-02 2.403346877315095526e-02 2.151190074779470683e-03 -8.904789983145519616e-03 4.121906624129938190e-02 -4.690439373018105471e+03
-3.354922355578280474e-02 -3.633875866666495813e-02 2.380827986658868439e-02 2.445691494072708798e-03 -9.052446807951499558e-03 4.166432200642933986e-02 -4.691820217261202743e+03
-3.355755639544497071e-02 -3.654408160019514268e-02 2.357846488911980246e-02 2.744412384488918461e-03 -9.201382360545132949e-03 4.210896415854987335e-02 -4.693197063701150910e+03
-3.356585242682479792e-02 -3.675016503566722048e-02 2.334394582201499910e-02 3.047412601458948829e-03 -9.351606744701954771e-03 4.255283833055630016e-02 -4.694569885349282231e+03
-3.357411139522675086e-02 -3.695701289405917828e-02 2.310464254720394697e-02 3.354754538996070588e-03 -9.503126940133171593e-03 4.299580146511826351e-02 -4.695938657066490123e+03
-3.358233303611282000e-02 -3.716462859133972535e-02 2.286047497006847909e-02 3.666500721519857803e-03 -9.655945347670429751e-03 4.343772088268289117e-02 -4.697303351928785560e+03
-3.359051707497693467e-02 -3.737301501578601387e-02 2.261136241725555593e-02 3.982713743799918930e-03 -9.810070600912594585e-03 4.387844931506008905e-02 -4.698663941061562582e+03
-3.359866325576876811e-02 -3.758217689668902350e-02 2.235721533383608350e-02 4.303461838035707414e-03 -9.965505862108920213e-03 4.431781291163520292e-02 -4.700020400531177074e+03
-3.360677129058998319e-02 -3.779211667312935841e-02 2.209795065628388649e-02 4.628808067759368310e-03 -1.012225708428499647e-02 4.475563739906237432e-02 -4.701372699526625183e+03
-3.361484090542442987e-02 -3.800283816049896540e-02 2.183348036079189175e-02 4.958820804189412179e-03 -1.028032800202386202e-02 4.519176198520408888e-02 -4.702720810932255517e+03
-3.362287181519366119e-02 -3.821434459911571963e-02 2.156371601905145152e-02 5.293568215534262544e-03 -1.043972365301165835e-02 4.562601964033823759e-02 -4.704064705628499723e+03
-3.363086373728555595e-02 -3.842663980975019600e-02 2.128856340121324658e-02 5.633120280710203487e-03 -1.060044787835068628e-02 4.605820824048135337e-02 -4.705404355674878389e+03
-3.363881637462098895e-02 -3.863972672340290626e-02 2.100792959297956633e-02 5.977546086502505927e-03 -1.076250484487403444e-02 4.648811606523882423e-02 -4.706739730341331779e+03
-3.364672944140200544e-02 -3.885360954024769803e-02 2.072171766072999216e-02 6.326920551862120871e-03 -1.092589859166142284e-02 4.691555251705661900e-02 -4.708070802183113301e+03
-3.365460262760957416e-02 -3.906829068582812897e-02 2.042983397946607563e-02 6.681314397697522313e-03 -1.109063290994066059e-02 4.734032035706301628e-02 -4.709397538469911524e+03
-3.366243563913886433e-02 -3.928377442541718806e-02 2.013217491799096717e-02 7.040803739897557277e-03 -1.125670875660815355e-02 4.776219124071776762e-02 -4.710719911147168204e+03
-3.367022815801561098e-02 -3.950006328552656265e-02 1.982863972237948469e-02 7.405461340815005893e-03 -1.142412872582285535e-02 4.818091459419066025e-02 -4.712037886989766776e+03
-3.367797987545068095e-02 -3.971716096469161267e-02 1.951912410376005144e-02 7.775365961274275685e-03 -1.159289603374424708e-02 4.859625943046479851e-02 -4.713351435765983297e+03
-3.368569046938690165e-02 -3.993507029595523561e-02 1.920352436971879684e-02 8.150595300266709128e-03 -1.176301076699855230e-02 4.900799540209715977e-02 -4.714660524547753994e+03
-3.369335961904340593e-02 -4.015379473877033617e-02 1.888173049388244817e-02 8.531228714705990646e-03 -1.193447417598547319e-02 4.941585064331409372e-02 -4.715965121661301055e+03
-3.370098699081779808e-02 -4.037333691633968047e-02 1.855363169435267703e-02 8.917344326798195067e-03 -1.210728312988563517e-02 4.981954046661354191e-02 -4.717265192851452412e+03
-3.370857226475266338e-02 -4.059370124583796396e-02 1.821911107112611852e-02 9.309028856564089197e-03 -1.228144133315706675e-02 5.021878892138837563e-02 -4.718560708408193932e+03
-3.371611508533286367e-02 -4.081488910436808365e-02 1.787805945232267754e-02 9.706361235194966089e-03 -1.245694509172521995e-02 5.061331810033076195e-02 -4.719851630149235461e+03
-3.372361511822059843e-02 -4.103690444830098566e-02 1.753035495823349402e-02 1.010942875675777466e-02 -1.263379255140862495e-02 5.100281226838630083e-02 -4.721137926400826473e+03
-3.373107201570561126e-02 -4.125975038664639327e-02 1.717587510932564940e-02 1.051831737227176822e-02 -1.281198181335315746e-02 5.138694258546264854e-02 -4.722419562842031155e+03
-3.373848541508106536e-02 -4.148342900795094074e-02 1.681449891740846234e-02 1.093311236689451481e-02 -1.299150683897438117e-02 5.176538150803108168e-02 -4.723696502226129269e+03
-3.374585495708844890e-02 -4.170794328478993201e-02 1.644610031407597178e-02 1.135390385883762281e-02 -1.317236503169375537e-02 5.213779294657205909e-02 -4.724968709277064590e+03
-3.375318027038174545e-02 -4.193329549942356044e-02 1.607055106958249838e-02 1.178078025601100344e-02 -1.335454860596377996e-02 5.250380264743940983e-02 -4.726236146600748725e+03
-3.376046099164490416e-02 -4.215948926144163361e-02 1.568771533629488915e-02 1.221383622530842344e-02 -1.353805364467565095e-02 5.286303072175332907e-02 -4.727498779876718800e+03
-3.376769674238878222e-02 -4.238652713072750544e-02 1.529745776723753260e-02 1.265316499200886020e-02 -1.372287047775209122e-02 5.321508794912722246e-02 -4.728756571782481842e+03
-3.377488712615411837e-02 -4.261441045690282647e-02 1.489964466055167247e-02 1.309885797132696872e-02 -1.390899008855728952e-02 5.355957481352518340e-02 -4.730009481628429057e+03
-3.378203175183842888e-02 -4.284314167935231177e-02 1.449413464547637774e-02 1.355101153609579619e-02 -1.409640280548023553e-02 5.389605938059132545e-02 -4.731257471159900888e+03
-3.378913021911721798e-02 -4.307272282821064668e-02 1.408078284631954745e-02 1.400972204546139209e-02 -1.428509595360796629e-02 5.422408890187178226e-02 -4.732500500785907207e+03
-3.379618213124448850e-02 -4.330315694280203326e-02 1.365943850472849629e-02 1.447509144195693528e-02 -1.447505741141912571e-02 5.454319875185700134e-02 -4.733738533207309047e+03
-3.380318707304860032e-02 -4.353444578482026928e-02 1.322995124438066002e-02 1.494722032917626155e-02 -1.466627250841797715e-02 5.485291487435710323e-02 -4.734971527649016934e+03
-3.381014461118261177e-02 -4.376658969591496612e-02 1.279217303732513994e-02 1.542620546366807628e-02 -1.485872690583034568e-02 5.515273895533008564e-02 -4.736199439453901505e+03
-3.381705433349413426e-02 -4.399959202216287280e-02 1.234593773014271492e-02 1.591215544371509319e-02 -1.505240232122067277e-02 5.544213006623775059e-02 -4.737422231242548150e+03
-3.382391579128387477e-02 -4.423345275699906709e-02 1.189109005541844587e-02 1.640516936967523209e-02 -1.524727803713040244e-02 5.572053385914649271e-02 -4.738639857007653518e+03
-3.383072854837975568e-02 -4.446817406545848506e-02 1.142746140977619375e-02 1.690535736914743417e-02 -1.544333430583113079e-02 5.598739266779616253e-02 -4.739852276016918950e+03
-3.383749214908001596e-02 -4.470375661202660028e-02 1.095488404190012206e-02 1.741282444050600703e-02 -1.564054702835084715e-02 5.624210191053267971e-02 -4.741059443504281262e+03
-3.384420612853227678e-02 -4.494020059017814900e-02 1.047318754687823553e-02 1.792767660772898175e-02 -1.583889023945767721e-02 5.648402814189391885e-02 -4.742261313405891087e+03
-3.385087003280109336e-02 -4.517750857319813990e-02 9.982186882880154932e-03 1.845003161408780706e-02 -1.603833594226449638e-02 5.671251881125718292e-02 -4.743457845302565147e+03
-3.385748337428075988e-02 -4.541567979188303184e-02 9.481706481692133565e-03 1.897999575041720705e-02 -1.623885571659065483e-02 5.692689723415848141e-02 -4.744648990418999347e+03
-3.386404566193286503e-02 -4.565471379568693949e-02 8.971562354327946090e-03 1.951767977681459487e-02 -1.644041204458080579e-02 5.712644546611057167e-02 -4.745834700723330570e+03
-3.387055640160074182e-02 -4.589461073179183781e-02 8.451564541386558799e-03 2.006319734602030405e-02 -1.664297251627919194e-02 5.731041533629207402e-02 -4.747014929467916772e+03
-3.387701510293091023e-02 -4.613537244935608794e-02 7.921509397935034072e-03 2.061667305744013107e-02 -1.684649607965649221e-02 5.747803212918598664e-02 -4.748189633856811270e+03
-3.388342122690077979e-02 -4.637699501149707138e-02 7.381211438038027227e-03 2.117820918696826024e-02 -1.705094304788997914e-02 5.762847783551663244e-02 -4.749358757317654636e+03
-3.388977425721635683e-02 -4.661947871332916549e-02 6.830462552190105091e-03 2.174792907450356569e-02 -1.725626757212555401e-02 5.776090350997663270e-02 -4.750522253264452047e+03
-3.389607366167759345e-02 -4.686282293588394515e-02 6.269050480949019295e-03 2.232595256539614270e-02 -1.746241846035802292e-02 5.787441649033418095e-02 -4.751680073032881410e+03
-3.390231888366746632e-02 -4.710702468936370235e-02 5.696768646477247226e-03 2.291239425324757828e-02 -1.766934645903875736e-02 5.796809750685412432e-02 -4.752832162337925183e+03
-3.390850936811870553e-02 -4.735208223920273074e-02 5.113396498293877601e-03 2.350737441112920462e-02 -1.787698907403850387e-02 5.804096090301738564e-02 -4.753978470053097226e+03
-3.391464453628807024e-02 -4.759799188007009935e-02 4.518717113272437656e-03 2.411100884691143309e-02 -1.808529190117616481e-02 5.809200110378937021e-02 -4.755118940577925059e+03
-3.392072382542185571e-02 -4.784475373151027972e-02 3.912488029291115096e-03 2.472343089394289303e-02 -1.829417705878410780e-02 5.812013703247349838e-02 -4.756253527249993567e+03
-3.392674662989676043e-02 -4.809236237741913722e-02 3.294482600636476372e-03 2.534475395988534246e-02 -1.850358713577296768e-02 5.812426819628245533e-02 -4.757382171084367656e+03
-3.393271234817676202e-02 -4.834081500294071243e-02 2.664457315964922912e-03 2.597510497808445604e-02 -1.871343063038049745e-02 5.810321584343675072e-02 -4.758504819195884011e+03
-3.393862032880892721e-02 -4.859010201631455000e-02 2.022191975247001651e-03 2.661458250028060635e-02 -1.892363943784700075e-02 5.805579078737006793e-02 -4.759621403921243655e+03
-3.394446997634963797e-02 -4.884022510434556791e-02 1.367405652326479648e-03 2.726333341193002205e-02 -1.913411825627726187e-02 5.798065810290604916e-02 -4.760731883185881998e+03
-3.395026061814532953e-02 -4.909117446613617264e-02 6.998637618241604005e-04 2.792146229340849647e-02 -1.934477527119692758e-02 5.787651664234422233e-02 -4.761836189592532719e+03
-3.395599158997417849e-02 -4.934294262990209651e-02 1.930140936615992137e-05 2.858909199899663939e-02 -1.955549345095592556e-02 5.774201483172689692e-02 -4.762934262266743644e+03
-3.396166224964923541e-02 -4.959552796635189470e-02 -6.745871237264238927e-04 2.926637026493027899e-02 -1.976617593886097896e-02 5.757565939746869116e-02 -4.764026054312022097e+03
-3.396727184306586739e-02 -4.984891226850429735e-02 -1.382014746819636283e-03 2.995335618034935393e-02 -1.997672174489267816e-02 5.737589459803512509e-02 -4.765111482570959197e+03
-3.397281969126660084e-02 -5.010309727724083367e-02 -2.103273679109744256e-03 3.065018345214965897e-02 -2.018701545629809913e-02 5.714088150721106929e-02 -4.766190506151920090e+03
-3.397830503528651014e-02 -5.035806916062783578e-02 -2.838601588132769974e-03 3.135694184323482847e-02 -2.039684232946292752e-02 5.686894343355913817e-02 -4.767263048852826614e+03
-3.398372719054559149e-02 -5.061381747169597933e-02 -3.588386878234848393e-03 3.207381682519497984e-02 -2.060597211596109507e-02 5.655873122237981693e-02 -4.768329049216396015e+03
-3.398908546436652661e-02 -5.087032616971313981e-02 -4.353085920937110019e-03 3.280100441882796009e-02 -2.081446075897648920e-02 5.620896974371012572e-02 -4.769388450117414322e+03
-3.399437893796977694e-02 -5.112756943004258953e-02 -5.132852966851466324e-03 3.353848723878294358e-02 -2.102248787228966354e-02 5.581740691106908819e-02 -4.770441175057944747e+03
-3.399960661237393100e-02 -5.138555099133537002e-02 -5.927554241260337906e-03 3.428608947567604592e-02 -2.122948080037215246e-02 5.538016771916148828e-02 -4.771487164576257783e+03
-3.400476772351147814e-02 -5.164429782127698959e-02 -6.737322222064978834e-03 3.504371602481563125e-02 -2.143424386994313355e-02 5.489278129466135941e-02 -4.772526337896731093e+03
-3.400986181458210550e-02 -5.190381620826191311e-02 -7.563096934519742895e-03 3.581171979041352510e-02 -2.163643309519762761e-02 5.435147055515629488e-02 -4.773558589972091795e+03
-3.401488818447401252e-02 -5.216405187261294318e-02 -8.405816830791569202e-03 3.659056037410549772e-02 -2.183578954756962981e-02 5.375368244180370181e-02 -4.774583829932053050e+03
-3.401984577198757798e-02 -5.242493438310692061e-02 -9.265742557329223125e-03 3.738043667972467538e-02 -2.203169730741154700e-02 5.310034757411321443e-02 -4.775602046193700517e+03
-3.402473335745424127e-02 -5.268639548112106358e-02 -1.014265835960515526e-02 3.818128456511994673e-02 -2.222536238049039811e-02 5.239556425012190793e-02 -4.776613209610245576e+03
-3.402954988378256718e-02 -5.294840185719935227e-02 -1.103659789915255145e-02 3.899312960987622728e-02 -2.241866013951043790e-02 5.164113281666549843e-02 -4.777617286757328657e+03
-3.403429439093993286e-02 -5.321093060097555061e-02 -1.194778057313093493e-02 3.981600160207248579e-02 -2.261246801682350108e-02 5.083542958912933701e-02 -4.778614200110766433e+03
-3.403896593955155203e-02 -5.347397752825375911e-02 -1.287661236804181486e-02 4.064986291871567486e-02 -2.280649271624668462e-02 4.997353830361456889e-02 -4.779603857809550391e+03
-3.404356340685029542e-02 -5.373754760579358553e-02 -1.382378300272734187e-02 4.149454903286345364e-02 -2.299857738400000809e-02 4.904479434999448051e-02 -4.780586121281490705e+03
-3.404808599771202288e-02 -5.400168378574422140e-02 -1.479016278478033526e-02 4.235001217632720916e-02 -2.318524019482027382e-02 4.803441479124010566e-02 -4.781560876605187332e+03
-3.405253301347284378e-02 -5.426633587832494637e-02 -1.577527072052827342e-02 4.321597055234460000e-02 -2.336448578603743387e-02 4.694101287210642598e-02 -4.782528022370695908e+03
-3.405690298587442377e-02 -5.453141328943630212e-02 -1.677980423961544093e-02 4.409283655391064982e-02 -2.353875856048217446e-02 4.577045803972271121e-02 -4.783487554931073646e+03
-3.406119462482159327e-02 -5.479685580164363190e-02 -1.780390384165362119e-02 4.498027709525915380e-02 -2.370750029099431486e-02 4.451674399081175654e-02 -4.784439371206593023e+03
-3.406540684228775290e-02 -5.506263172695801539e-02 -1.884802094893802196e-02 4.587830351036441962e-02 -2.387083626677179854e-02 4.317619271670496833e-02 -4.785383434365972789e+03
-3.406953838717215882e-02 -5.532867253153021803e-02 -1.991242489081665804e-02 4.678675956662869950e-02 -2.402827387733340661e-02 4.174549409144895362e-02 -4.786319630257503377e+03
-3.407358798823691831e-02 -5.559492459729674374e-02 -2.099746329056386904e-02 4.770546981888681287e-02 -2.417917278533794623e-02 4.022027887878413394e-02 -4.787247881512694221e+03
-3.407755432679963198e-02 -5.586132566431435686e-02 -2.210340729207262850e-02 4.863421443736789390e-02 -2.432290464994973575e-02 3.859604787934216991e-02 -4.788168108267916068e+03
-3.408143606159124567e-02 -5.612781792523917346e-02 -2.323060544420661039e-02 4.957277489655017438e-02 -2.445881509333146242e-02 3.686787166290333984e-02 -4.789080255017252057e+03
-3.408523176861651127e-02 -5.639431216638276373e-02 -2.437920994740282871e-02 5.052075250535362216e-02 -2.458623752405844631e-02 3.503115592924927607e-02 -4.789984209414947145e+03
-3.408893999306883416e-02 -5.666072827812923540e-02 -2.554945046910788928e-02 5.147777816385987193e-02 -2.470445640812918286e-02 3.308086108865533614e-02 -4.790879893991682366e+03
-3.409255923052662007e-02 -5.692697631835211963e-02 -2.674150846058259354e-02 5.244339574907536800e-02 -2.481278871609360684e-02 3.101183594153549689e-02 -4.791767227326633474e+03
-3.409608791798676708e-02 -5.719294522226721356e-02 -2.795541967585241788e-02 5.341704122154584955e-02 -2.491032928250351899e-02 2.881924677913944022e-02 -4.792646100212983583e+03
-3.409952445665874465e-02 -5.745856284108034201e-02 -2.919155561650088257e-02 5.439827372119161036e-02 -2.499610942296416616e-02 2.649677923768934198e-02 -4.793516512387402145e+03
-3.410286714859830925e-02 -5.772367166625805984e-02 -3.044962199263873820e-02 5.538620065920043384e-02 -2.506928601386832975e-02 2.403996263960796534e-02 -4.794378295474953120e+03
-3.410611425842648842e-02 -5.798814952783017812e-02 -3.172962237132419261e-02 5.638005489179849505e-02 -2.512893912893130258e-02 2.144308846111019767e-02 -4.795231388325524676e+03
-3.410926400810460751e-02 -5.825184739052477467e-02 -3.303136641909157345e-02 5.737890548518193717e-02 -2.517393534895239274e-02 1.870084226239763364e-02 -4.796075698952174207e+03
-3.411231453717383788e-02 -5.851459805241311651e-02 -3.435451903792317851e-02 5.838165833244229885e-02 -2.520316664813731719e-02 1.580841532469281704e-02 -4.796911127207399659e+03
-3.411526391175219441e-02 -5.877624600830173157e-02 -3.569887506965824936e-02 5.938720351725398222e-02 -2.521540689732201801e-02 1.275978235046781178e-02 -4.797737640555137659e+03
-3.411811016665232399e-02 -5.903657275910066671e-02 -3.706367132861179692e-02 6.039407812662622027e-02 -2.520966896831637952e-02 9.550925205890554645e-03 -4.798555100408338149e+03
-3.412085128978648713e-02 -5.929535138943214240e-02 -3.844810725343976443e-02 6.140069118406525639e-02 -2.518451146594651024e-02 6.177685327305751546e-03 -4.799363395403931463e+03
-3.412348523248324994e-02 -5.955232564915718951e-02 -3.985110597841744901e-02 6.240524379004992739e-02 -2.513880214594190268e-02 2.637202272678241047e-03 -4.800162395059813207e+03
-3.412600979702820614e-02 -5.980726901689395469e-02 -4.127189370482300945e-02 6.340595949318261759e-02 -2.507106336994692833e-02 -1.075388916430965874e-03 -4.800952117982031268e+03
-3.412842303058060550e-02 -6.005979731385899939e-02 -4.270822216193625315e-02 6.440027648898914714e-02 -2.498035897139229411e-02 -4.958786225903376484e-03 -4.801732227356263138e+03
-3.413072266414670514e-02 -6.030963645877085444e-02 -4.415893545846900220e-02 6.538600776443681539e-02 -2.486487800635706416e-02 -9.016482653396830707e-03 -4.802502779781044410e+03
-3.413290675286703019e-02 -6.055635882404230425e-02 -4.562140578146103853e-02 6.636018705277678398e-02 -2.472367301996549610e-02 -1.324521680066110228e-02 -4.803263488622139448e+03
-3.413497312284143048e-02 -6.079958821022665716e-02 -4.709353625776818014e-02 6.731999143925239404e-02 -2.455536980697176769e-02 -1.764455280748458352e-02 -4.804014342984241011e+03
-3.413692028315040011e-02 -6.103876035735564254e-02 -4.857138740274458827e-02 6.826173092543381948e-02 -2.435930936756593168e-02 -2.220506144988447159e-02 -4.804754847999086451e+03
-3.413874637396550893e-02 -6.127339504062118136e-02 -5.005201103169947680e-02 6.918191161170764159e-02 -2.413435067099190326e-02 -2.692196436331266776e-02 -4.805484932403610401e+03
-3.414045034699264569e-02 -6.150284723592969183e-02 -5.153078414929256751e-02 7.007641510262047069e-02 -2.388000772500362481e-02 -3.178239571041814593e-02 -4.806204097973529315e+03
-3.414203131898366217e-02 -6.172646066696171885e-02 -5.300314985161361930e-02 7.094099721983768148e-02 -2.359567654362832931e-02 -3.677376729187297605e-02 -4.806911974912337428e+03
-3.414348937682636087e-02 -6.194345774580647945e-02 -5.446337270987360035e-02 7.177104528192637667e-02 -2.328176519046554899e-02 -4.187608635920120337e-02 -4.807607848595308496e+03
-3.414482457961925260e-02 -6.215308386594532719e-02 -5.590635958824575341e-02 7.256198228455465471e-02 -2.293779076229608693e-02 -4.707406514687370591e-02 -4.808291393335445719e+03
-3.414603941626698225e-02 -6.235434370215158645e-02 -5.732414503193490607e-02 7.330884167332500645e-02 -2.256595255576421266e-02 -5.233542221899750019e-02 -4.808961131879677851e+03
-3.414713618398132478e-02 -6.254632582214945946e-02 -5.871038552710584196e-02 7.400679639429341705e-02 -2.216706037872299626e-02 -5.763708565161989456e-02 -4.809616268165394104e+03
-3.414811896207261416e-02 -6.272800411867106296e-02 -6.005747946058128534e-02 7.465121829172217949e-02 -2.174279221247085031e-02 -6.294979273373110806e-02 -4.810255475092209963e+03
-3.414899402388450050e-02 -6.289827894611391135e-02 -6.135646110606240294e-02 7.523794233016849187e-02 -2.129713506796073949e-02 -6.823366148588877467e-02 -4.810876550872210828e+03
-3.414976921689418660e-02 -6.305609793283291353e-02 -6.259792146518117217e-02 7.576375919120008351e-02 -2.083495483709295326e-02 -7.344341288867652084e-02 -4.811476627215475673e+03
-3.415045259224899071e-02 -6.320048387138629820e-02 -6.377350232687581388e-02 7.622590527287065321e-02 -2.036032139065212590e-02 -7.854123900330819974e-02 -4.812053256944943314e+03
-3.415105373190360089e-02 -6.333056313008531002e-02 -6.487370390884704408e-02 7.662317768612163238e-02 -1.987977293497693310e-02 -8.347467120248049099e-02 -4.812602789983218827e+03
-3.415158237429443550e-02 -6.344570271584283605e-02 -6.588840039292333250e-02 7.695643508820362855e-02 -1.940207744569147352e-02 -8.817912707862247956e-02 -4.813120456505251241e+03
-3.415204695160511256e-02 -6.354543009423614663e-02 -6.680852182094845770e-02 7.722703075222286939e-02 -1.893531202284839607e-02 -9.259286433700293639e-02 -4.813602044078549625e+03
-3.415245329823682341e-02 -6.363007876987772371e-02 -6.762300189084922974e-02 7.744225142590084598e-02 -1.849576538589478916e-02 -9.661105982093584621e-02 -4.814039230766602486e+03
-3.415280480075649078e-02 -6.369966786929974478e-02 -6.832533778773827726e-02 7.760507718485183670e-02 -1.809153979986272490e-02 -1.001733682450026142e-01 -4.814428368995248093e+03
-3.415310090257716452e-02 -6.375512372772955405e-02 -6.890855987453195497e-02 7.772447279044363000e-02 -1.773842123586892930e-02 -1.031896023427121278e-01 -4.814761706395814144e+03
-3.415333943204318379e-02 -6.379734516740356853e-02 -6.936912725280734715e-02 7.780779765971451711e-02 -1.744794663949460201e-02 -1.056018786550012578e-01 -4.815033387192742339e+03
-3.415351763135843211e-02 -6.382709485440365982e-02 -6.970461181190658329e-02 7.785898931736814910e-02 -1.722754742651594340e-02 -1.073742221791024187e-01 -4.815238865736010666e+03
-3.415363212624179801e-02 -6.384593882301420331e-02 -6.991886745353312338e-02 7.789021200321179228e-02 -1.708542692657862364e-02 -1.085084735545819162e-01 -4.815371266920112248e+03
-3.415368474505925400e-02 -6.385459901214425582e-02 -7.001733367883004877e-02 7.790456112210435158e-02 -1.702011186148776403e-02 -1.090297453289467144e-01 -4.815432114999377518e+03
-3.415370243471046313e-02 -6.385718868280436389e-02 -7.004756350267622722e-02 7.790389715040303698e-02 -1.699400088363312716e-02 -1.092057657445926894e-01 -4.815452139768844063e+03
-3.415378546623047684e-02 -6.386934405483478405e-02 -7.018945598954347276e-02 7.790078055948082558e-02 -1.687143925189869137e-02 -1.100319662571253021e-01 -4.815546131845189848e+03
-3.415393647758118573e-02 -6.389145131175771875e-02 -7.044751912939670180e-02 7.789511233890146491e-02 -1.664853442821460569e-02 -1.115345965064936523e-01 -4.815717077413845800e+03
-3.415416336181095053e-02 -6.392227498990578349e-02 -7.081362736361901389e-02 7.780957454010756225e-02 -1.623287863916393278e-02 -1.138923353110453396e-01 -4.815970389325777433e+03
-3.415446799005757844e-02 -6.396090833593531810e-02 -7.128445800382109121e-02 7.757932122155804244e-02 -1.555191626336576566e-02 -1.172241707467784055e-01 -4.816310309843641335e+03
-3.415485215378987610e-02 -6.400544130513279029e-02 -7.185593338641045602e-02 7.706467003565206642e-02 -1.446744736215188447e-02 -1.216963865567160241e-01 -4.816745735020546817e+03
-3.415533803447950989e-02 -6.405351463001567047e-02 -7.252098504770150555e-02 7.611889514644100407e-02 -1.288917787866494108e-02 -1.272175473907937726e-01 -4.817286080225539990e+03
-3.415600016319272902e-02 -6.410169080617374171e-02 -7.326316617484168736e-02 7.456106466319993575e-02 -1.077608309382953496e-02 -1.333003098470213477e-01 -4.817943181887203536e+03
-3.415697546976782795e-02 -6.414578542942295236e-02 -7.406476643542284077e-02 7.214472109667936783e-02 -8.127289119826153554e-03 -1.389038720683918038e-01 -4.818732070988769919e+03
-3.415845560873984749e-02 -6.418292129595495887e-02 -7.492601314653751787e-02 6.850348717702267609e-02 -4.939884630020732921e-03 -1.421264189836522474e-01 -4.819668758640033047e+03
-3.416071587276591631e-02 -6.421358356693199210e-02 -7.587431476626531335e-02 6.292243609750641786e-02 -9.118376142594511154e-04 -1.395373788484780553e-01 -4.820769054773652897e+03
-3.416432868941902262e-02 -6.424486941887862235e-02 -7.703436548089369340e-02 5.333095630845467727e-02 7.204048304669532013e-03 -1.207706462414487869e-01 -4.822053464360347789e+03
-3.417027324062575644e-02 -6.430001115461059236e-02 -7.974810441503149550e-02 3.308930218368369425e-02 7.966645458913400313e-02 -3.592347746648674733e-02 -4.823537403188149256e+03
-3.417834005545736936e-02 -6.440961024034191906e-02 -8.362144173616205267e-02 7.045994269865252409e-03 1.793847864606354925e-01 9.208996465389064634e-02 -4.825192418682418975e+03
-3.418298640628782831e-02 -6.445525805683909037e-02 -8.673125254862856792e-02 -1.149457105292709357e-02 2.373068714283885217e-01 1.351897780674584104e-01 -4.826933303742114731e+03
-3.418694858651467883e-02 -6.454435965169150191e-02 -8.949101961427066709e-02 -2.238035528633583460e-02 2.511501756767128835e-01 1.202378651663454368e-01 -4.828793151045145351e+03
-3.419447468247832633e-02 -6.471748003108990233e-02 -9.368603560644210571e-02 -3.025709528088177738e-02 2.570425350502539841e-01 5.966213126239833242e-02 -4.830745473042888989e+03
-3.420502915227686958e-02 -6.493688876913221442e-02 -9.910129469725507956e-02 -3.659793031192915685e-02 2.612014511367518610e-01 -2.345289668629516044e-02 -4.832801050974971986e+03
-3.421280829171929883e-02 -6.514499340226503898e-02 -1.039579655804441088e-01 -4.239317017156953721e-02 2.609428384129660050e-01 -6.232448084677073147e-02 -4.835050541282536869e+03
-3.422045188375789915e-02 -6.532598045924511987e-02 -1.090714881167853950e-01 -5.180984734140003239e-02 2.586624148696377024e-01 -7.497525983679614869e-02 -4.837489388840984248e+03
-3.423194376216547041e-02 -6.548502491726163055e-02 -1.161006246033606665e-01 -8.217392096125498979e-02 2.478170625551174289e-01 2.160522215662470744e-03 -4.840138448086945573e+03
-3.424677677056878894e-02 -6.572886240593678320e-02 -1.225820163985644334e-01 -1.192140711449827112e-01 2.132092349611048321e-01 1.246833933900263203e-01 -4.842925670510215241e+03
-3.425767914402678971e-02 -6.596038377707479083e-02 -1.282155807769853606e-01 -1.382167185414193977e-01 1.676238540790190301e-01 1.217060812036387246e-01 -4.845696222978294827e+03
-3.427114345292036485e-02 -6.622756633056739450e-02 -1.349270440843426400e-01 -1.493642227040228310e-01 1.647482307155201386e-01 1.935215634851122565e-02 -4.848476155025860862e+03
-3.428145870150214880e-02 -6.652326923707710393e-02 -1.412518867810507728e-01 -1.566527776204776345e-01 1.610405794047553019e-01 -2.695329796557538113e-02 -4.851466081749796103e+03
-3.429251315975240938e-02 -6.678144544930815496e-02 -1.489248420254234984e-01 -1.713380008994536130e-01 1.468102413870138734e-01 -2.980604746571357405e-02 -4.854682461775401862e+03
-3.431199977132508294e-02 -6.706089200842890730e-02 -1.590510645708855531e-01 -2.184910800912106821e-01 -3.384202825003961718e-02 8.100566410295503839e-02 -4.858145055020097971e+03
-3.432712385128851990e-02 -6.735337844608781099e-02 -1.671783786299301799e-01 -2.451123924323537484e-01 -1.210670474768264226e-01 8.764322852194625368e-02 -4.861567450430068675e+03
-3.434163923510854394e-02 -6.765618953237349797e-02 -1.755475597419625666e-01 -2.593976757320358706e-01 -1.355289306440955743e-01 -2.837526115627855144e-02 -4.864949756466159670e+03
-3.435280847954517297e-02 -6.800642948661833609e-02 -1.833199613258539307e-01 -2.688015225151677567e-01 -1.434460944284595696e-01 -7.485559511990659554e-02 -4.868563497102864858e+03
-3.436999497212400029e-02 -6.831012775093904532e-02 -1.942213349286185664e-01 -2.988528121213017696e-01 -2.652095835969121018e-01 -5.216194536684563149e-02 -4.872451388031136958e+03
-3.439260552566647533e-02 -6.866304101864070808e-02 -2.043094425845608797e-01 -3.387686872292022811e-01 -4.178402189225171037e-01 7.095682183701497447e-03 -4.876494774328395579e+03
3.556048570075802854e+04 1.541150838615542398e+03 7.621802711392641072e+01 3.163739646710651243e+01 1.090234222609496584e+01 6.148750930358977129e+00 nan
3.548050245573688745e+08 3.207823918499666615e+05 4.287448475329365465e+02 1.569987000204537253e+02 3.392976702937946065e+00 2.235828865768576978e+00 nan
