2.236067918587983719e-02 5.333265426372353624e-02 5.333265426372353624e-02 -1.721291055040737820e-03 1.294917997740023009e-03
2.236067918587614570e-02 6.049606764290694008e-03 6.049606764290694008e-03 -5.574418954009232978e-03 1.294917997740023009e-03
2.236067918588109660e-02 -7.635754507127115714e-04 -7.635754507127115714e-04 2.333144170278672450e-04 1.294917997740023009e-03
2.236067918588109660e-02 -7.635754507259148770e-04 -7.635754507259148770e-04 2.333144170452267584e-04 1.294917997740023009e-03
2.236067918588109660e-02 -7.635754507174060584e-04 -7.635754507174060584e-04 2.333144170278397605e-04 1.294917997740023009e-03
2.236067918588109660e-02 -7.635754507225244684e-04 -7.635754507225244684e-04 2.333144170339069830e-04 1.294917997740023009e-03
2.236067918588109660e-02 -7.635754507225716312e-04 -7.635754507225716312e-04 2.333144170315260208e-04 1.294917997740023009e-03
2.236067918588109660e-02 -7.635754507226759314e-04 -7.635754507226759314e-04 2.333144170333215680e-04 1.294917997740023009e-03
2.236067918588109660e-02 -7.635754507226833040e-04 -7.635754507226833040e-04 2.333144170327711457e-04 1.294917997740023009e-03
2.236067918588109660e-02 -7.635754507226722452e-04 -7.635754507226722452e-04 2.333144170331860970e-04 1.294917997740023009e-03
2.236067918588109660e-02 -7.635754507226720283e-04 -7.635754507226720283e-04 2.333144170330057941e-04 1.294917997740023009e-03
2.236067918588109660e-02 -7.635754507226727873e-04 -7.635754507226727873e-04 2.333144170341028170e-04 1.294917997740023009e-03
2.236067918588109660e-02 -7.635754507226721367e-04 -7.635754507226721367e-04 2.333144170328349239e-04 1.294917997740023009e-03
2.236067918588109660e-02 -7.635754507226722452e-04 -7.635754507226722452e-04 2.333144170338384343e-04 1.294917997740023009e-03
2.236067918588109660e-02 -7.635754507226720283e-04 -7.635754507226720283e-04 2.333144170341612826e-04 1.294917997740023009e-03
2.236067918588109660e-02 -7.635754507226720283e-04 -7.635754507226720283e-04 2.333144170328970487e-04 1.294917997740023009e-03
2.236067918588109660e-02 -7.635754507226720283e-04 -7.635754507226720283e-04 2.333144170346809949e-04 1.294917997740023009e-03
2.236067918588109660e-02 -7.635754507226720283e-04 -7.635754507226720283e-04 2.333144170335505515e-04 1.294917997740023009e-03
2.236067918588109660e-02 -7.635754507226720283e-04 -7.635754507226720283e-04 2.333144170331751465e-04 1.294917997740023009e-03
2.236067918588109660e-02 -7.635754507226720283e-04 -7.635754507226720283e-04 2.333144170331053239e-04 1.294917997740023009e-03
2.236067918588109660e-02 -7.635754507226720283e-04 -7.635754507226720283e-04 2.333144170332039321e-04 1.294917997740023009e-03
2.236067918588109660e-02 -7.635754507226720283e-04 -7.635754507226720283e-04 2.333144170331962614e-04 1.294917997740023009e-03
2.236067918588109660e-02 -7.635754507226720283e-04 -7.635754507226720283e-04 2.333144170331972371e-04 1.294917997740023009e-03
2.236067918588109660e-02 -7.635754507226720283e-04 -7.635754507226720283e-04 2.333144170331976708e-04 1.294917997740023009e-03
2.236067918588109660e-02 -7.635754507226720283e-04 -7.635754507226720283e-04 2.333144170331971829e-04 1.294917997740023009e-03
2.236067918588109660e-02 -7.635754507226720283e-04 -7.635754507226720283e-04 2.333144170331971287e-04 1.294917997740023009e-03
2.236067918588109660e-02 -7.635754507226720283e-04 -7.635754507226720283e-04 2.333144170331971287e-04 1.294917997740023009e-03
2.236067918588109660e-02 -7.635754507226720283e-04 -7.635754507226720283e-04 2.333144170331970203e-04 1.294917997740023009e-03
2.236067918588109660e-02 -7.635754507226720283e-04 -7.635754507226720283e-04 2.333144170331970203e-04 1.294917997740023009e-03
2.236067918588109660e-02 -7.635754507226720283e-04 -7.635754507226720283e-04 2.333144170331970203e-04 1.294917997740023009e-03
2.236067918588109660e-02 -7.635754507226720283e-04 -7.635754507226720283e-04 2.333144170331970203e-04 1.294917997740023009e-03
2.236067918588109660e-02 -7.635754507226720283e-04 -7.635754507226720283e-04 2.333144170331970203e-04 1.294917997740023009e-03
2.236067918588109660e-02 -7.635754507226720283e-04 -7.635754507226720283e-04 2.333144170331970203e-04 1.294917997740023009e-03
2.236067918588109660e-02 -7.635754507226720283e-04 -7.635754507226720283e-04 2.333144170331970203e-04 1.294917997740023009e-03
2.236067918588109660e-02 -7.635754507226720283e-04 -7.635754507226720283e-04 2.333144170331970203e-04 1.294917997740023009e-03
2.236067918588109660e-02 -7.635754507226720283e-04 -7.635754507226720283e-04 2.333144170331970203e-04 1.294917997740023009e-03
2.236067918588109660e-02 -7.635754507226720283e-04 -7.635754507226720283e-04 2.333144170331970203e-04 1.294917997740023009e-03
2.236067918588109660e-02 -7.635754507226720283e-04 -7.635754507226720283e-04 2.333144170331970203e-04 1.294917997740023009e-03
2.236067918588109660e-02 -7.635754507226720283e-04 -7.635754507226720283e-04 2.333144170331970203e-04 1.294917997740023009e-03
2.236067918588109660e-02 -7.635754507226720283e-04 -7.635754507226720283e-04 2.333144170331970203e-04 1.294917997740023009e-03
2.236067918588109660e-02 -7.635754507226720283e-04 -7.635754507226720283e-04 2.333144170331970203e-04 1.294917997740023009e-03
2.236067918588109660e-02 -7.635754507226720283e-04 -7.635754507226720283e-04 2.333144170331970203e-04 1.294917997740023009e-03
2.236067918588109660e-02 -7.635754507226720283e-04 -7.635754507226720283e-04 2.333144170331970203e-04 1.294917997740023009e-03
2.236067918588109660e-02 -7.635754507226720283e-04 -7.635754507226720283e-04 2.333144170331970203e-04 1.294917997740023009e-03
2.236067918588109660e-02 -7.635754507226720283e-04 -7.635754507226720283e-04 2.333144170331970203e-04 1.294917997740023009e-03
2.236067918588109660e-02 -7.635754507226720283e-04 -7.635754507226720283e-04 2.333144170331970203e-04 1.294917997740023009e-03
2.236067918588109660e-02 -7.635754507226720283e-04 -7.635754507226720283e-04 2.333144170331970203e-04 1.294917997740023009e-03
2.236067918588109660e-02 -7.635754507226720283e-04 -7.635754507226720283e-04 2.333144170331970203e-04 1.294917997740023009e-03
2.236067918588109660e-02 -7.635754507226720283e-04 -7.635754507226720283e-04 2.333144170331970203e-04 1.294917997740023009e-03
2.236067918588109660e-02 -7.635754507226720283e-04 -7.635754507226720283e-04 2.333144170331970203e-04 1.294917997740023009e-03
2.236067918588109660e-02 -7.635754507226720283e-04 -7.635754507226720283e-04 2.333144170331970203e-04 1.294917997740023009e-03
2.236067918588109660e-02 -7.635754507226720283e-04 -7.635754507226720283e-04 2.333144170331970203e-04 1.294917997740023009e-03
2.236067918588109660e-02 -7.635754507226720283e-04 -7.635754507226720283e-04 2.333144170331970203e-04 1.294917997740023009e-03
2.236067918588109660e-02 -7.635754507226720283e-04 -7.635754507226720283e-04 2.333144170331970203e-04 1.294917997740023009e-03
2.236067918588109660e-02 -7.635754507226720283e-04 -7.635754507226720283e-04 2.333144170331970203e-04 1.294917997740023009e-03
2.236067918588109660e-02 -7.635754507226720283e-04 -7.635754507226720283e-04 2.333144170331970203e-04 1.294917997740023009e-03
2.236067918588109660e-02 -7.635754507226720283e-04 -7.635754507226720283e-04 2.333144170331970203e-04 1.294917997740023009e-03
2.236067918588109660e-02 -7.635754507226720283e-04 -7.635754507226720283e-04 2.333144170331970203e-04 1.294917997740023009e-03
2.236067918588109660e-02 -7.635754507226720283e-04 -7.635754507226720283e-04 2.333144170331970203e-04 1.294917997740023009e-03
2.236067918588109660e-02 -7.635754507226720283e-04 -7.635754507226720283e-04 2.333144170331970203e-04 1.294917997740023009e-03
2.236067918588109660e-02 -7.635754507226720283e-04 -7.635754507226720283e-04 2.333144170331970203e-04 1.294917997740023009e-03
2.236067918588109660e-02 -7.635754507226720283e-04 -7.635754507226720283e-04 2.333144170331970203e-04 1.294917997740023009e-03
2.236067918588109660e-02 -7.635754507226720283e-04 -7.635754507226720283e-04 2.333144170331970203e-04 1.294917997740023009e-03
2.236067918588109660e-02 -7.635754507226720283e-04 -7.635754507226720283e-04 2.333144170331970203e-04 1.294917997740023009e-03
2.236067918588109660e-02 -7.635754507226720283e-04 -7.635754507226720283e-04 2.333144170331970203e-04 1.294917997740023009e-03
2.236067918588109660e-02 -7.635754507226720283e-04 -7.635754507226720283e-04 2.333144170331970203e-04 1.294917997740023009e-03
2.236067918588109660e-02 -7.635754507226720283e-04 -7.635754507226720283e-04 2.333144170331970203e-04 1.294917997740023009e-03
2.236067918588109660e-02 -7.635754507226720283e-04 -7.635754507226720283e-04 2.333144170331970203e-04 1.294917997740023009e-03
2.236067918588109660e-02 -7.635754507226720283e-04 -7.635754507226720283e-04 2.333144170331970203e-04 1.294917997740023009e-03
2.236067918588109660e-02 -7.635754507226720283e-04 -7.635754507226720283e-04 2.333144170331970203e-04 1.294917997740023009e-03
2.236067918588109660e-02 -7.635754507226720283e-04 -7.635754507226720283e-04 2.333144170331970203e-04 1.294917997740023009e-03
2.236067918588109660e-02 -7.635754507226720283e-04 -7.635754507226720283e-04 2.333144170331970203e-04 1.294917997740023009e-03
2.236067918588109660e-02 -7.635754507226720283e-04 -7.635754507226720283e-04 2.333144170331970203e-04 1.294917997740023009e-03
2.236067918588109660e-02 -7.635754507226720283e-04 -7.635754507226720283e-04 2.333144170331970203e-04 1.294917997740023009e-03
2.236067918588109660e-02 -7.635754507226720283e-04 -7.635754507226720283e-04 2.333144170331970203e-04 1.294917997740023009e-03
2.236067918588109660e-02 -7.635754507226720283e-04 -7.635754507226720283e-04 2.333144170331970203e-04 1.294917997740023009e-03
2.236067918588109660e-02 -7.635754507226720283e-04 -7.635754507226720283e-04 2.333144170331970203e-04 1.294917997740023009e-03
2.236067918588109660e-02 -7.635754507226720283e-04 -7.635754507226720283e-04 2.333144170331970203e-04 1.294917997740023009e-03
2.236067918588109660e-02 -7.635754507226720283e-04 -7.635754507226720283e-04 2.333144170331970203e-04 1.294917997740023009e-03
2.236067918588109660e-02 -7.635754507226720283e-04 -7.635754507226720283e-04 2.333144170331970203e-04 1.294917997740023009e-03
2.236067918588109660e-02 -7.635754507226720283e-04 -7.635754507226720283e-04 2.333144170331970203e-04 1.294917997740023009e-03
2.236067918588109660e-02 -7.635754507226720283e-04 -7.635754507226720283e-04 2.333144170331970203e-04 1.294917997740023009e-03
2.236067918588109660e-02 -7.635754507226720283e-04 -7.635754507226720283e-04 2.333144170331970203e-04 1.294917997740023009e-03
2.236067918588109660e-02 -7.635754507226720283e-04 -7.635754507226720283e-04 2.333144170331970203e-04 1.294917997740023009e-03
2.236067918588109660e-02 -7.635754507226720283e-04 -7.635754507226720283e-04 2.333144170331970203e-04 1.294917997740023009e-03
2.236067918588109660e-02 -7.635754507226720283e-04 -7.635754507226720283e-04 2.333144170331970203e-04 1.294917997740023009e-03
2.236067918588109660e-02 -7.635754507226720283e-04 -7.635754507226720283e-04 2.333144170331970203e-04 1.294917997740023009e-03
2.236067918588109660e-02 -7.635754507226720283e-04 -7.635754507226720283e-04 2.333144170331970203e-04 1.294917997740023009e-03
2.236067918588109660e-02 -7.635754507226720283e-04 -7.635754507226720283e-04 2.333144170331970203e-04 1.294917997740023009e-03
2.236067918588109660e-02 -7.635754507226720283e-04 -7.635754507226720283e-04 2.333144170331970203e-04 1.294917997740023009e-03
2.236067918588109660e-02 -7.635754507226720283e-04 -7.635754507226720283e-04 2.333144170331970203e-04 1.294917997740023009e-03
2.236067918588109660e-02 -7.635754507226720283e-04 -7.635754507226720283e-04 2.333144170331970203e-04 1.294917997740023009e-03
2.236067918588109660e-02 -7.635754507226720283e-04 -7.635754507226720283e-04 2.333144170331970203e-04 1.294917997740023009e-03
2.236067918588109660e-02 -7.635754507226720283e-04 -7.635754507226720283e-04 2.333144170331970203e-04 1.294917997740023009e-03
2.236067918588109660e-02 -7.635754507226720283e-04 -7.635754507226720283e-04 2.333144170331970203e-04 1.294917997740023009e-03
2.236067918588109660e-02 -7.635754507226720283e-04 -7.635754507226720283e-04 2.333144170331970203e-04 1.294917997740023009e-03
2.236067918588109660e-02 -7.635754507226720283e-04 -7.635754507226720283e-04 2.333144170331970203e-04 1.294917997740023009e-03
2.236067918588109660e-02 -7.635754507226720283e-04 -7.635754507226720283e-04 2.333144170331970203e-04 1.294917997740023009e-03
2.236067918588109660e-02 -7.635754507226720283e-04 -7.635754507226720283e-04 2.333144170331970203e-04 1.294917997740023009e-03
2.236067918588109660e-02 -7.635754507226720283e-04 -7.635754507226720283e-04 2.333144170331970203e-04 1.294917997740023009e-03
2.236067918588109660e-02 -7.635754507226720283e-04 -7.635754507226720283e-04 2.333144170331970203e-04 1.294917997740023009e-03
2.236067918588109660e-02 -7.635754507226720283e-04 -7.635754507226720283e-04 2.333144170331970203e-04 1.294917997740023009e-03
2.236067918588109660e-02 -7.635754507226720283e-04 -7.635754507226720283e-04 2.333144170331970203e-04 1.294917997740023009e-03
2.236067918588109660e-02 -7.635754507226720283e-04 -7.635754507226720283e-04 2.333144170331970203e-04 1.294917997740023009e-03
2.236067918588109660e-02 -7.635754507226720283e-04 -7.635754507226720283e-04 2.333144170331970203e-04 1.294917997740023009e-03
2.236067918588109660e-02 -7.635754507226720283e-04 -7.635754507226720283e-04 2.333144170331970203e-04 1.294917997740023009e-03
2.236067918588109660e-02 -7.635754507226720283e-04 -7.635754507226720283e-04 2.333144170331970203e-04 1.294917997740023009e-03
2.236067918588109660e-02 -7.635754507226720283e-04 -7.635754507226720283e-04 2.333144170331970203e-04 1.294917997740023009e-03
2.236067918588109660e-02 -7.635754507226720283e-04 -7.635754507226720283e-04 2.333144170331970203e-04 1.294917997740023009e-03
2.236067918588109660e-02 -7.635754507226720283e-04 -7.635754507226720283e-04 2.333144170331970203e-04 1.294917997740023009e-03
2.236067918588109660e-02 -7.635754507226720283e-04 -7.635754507226720283e-04 2.333144170331970203e-04 1.294917997740023009e-03
2.236067918588109660e-02 -7.635754507226720283e-04 -7.635754507226720283e-04 2.333144170331970203e-04 1.294917997740023009e-03
2.236067918588109660e-02 -7.635754507226720283e-04 -7.635754507226720283e-04 2.333144170331970203e-04 1.294917997740023009e-03
2.236067918588109660e-02 -7.635754507226720283e-04 -7.635754507226720283e-04 2.333144170331970203e-04 1.294917997740023009e-03
2.236067918588109660e-02 -7.635754507226720283e-04 -7.635754507226720283e-04 2.333144170331970203e-04 1.294917997740023009e-03
2.236067918588109660e-02 -7.635754507226720283e-04 -7.635754507226720283e-04 2.333144170331970203e-04 1.294917997740023009e-03
2.236067918588109660e-02 -7.635754507226720283e-04 -7.635754507226720283e-04 2.333144170331970203e-04 1.294917997740023009e-03
2.236067918588109660e-02 -7.635754507226720283e-04 -7.635754507226720283e-04 2.333144170331970203e-04 1.294917997740023009e-03
2.236067918588109660e-02 -7.635754507226720283e-04 -7.635754507226720283e-04 2.333144170331970203e-04 1.294917997740023009e-03
2.236067918588109660e-02 -7.635754507226720283e-04 -7.635754507226720283e-04 2.333144170331970203e-04 1.294917997740023009e-03
2.236067918588109660e-02 -7.635754507226720283e-04 -7.635754507226720283e-04 2.333144170331970203e-04 1.294917997740023009e-03
2.236067918588109660e-02 -7.635754507226720283e-04 -7.635754507226720283e-04 2.333144170331970203e-04 1.294917997740023009e-03
2.236067918588109660e-02 -7.635754507226720283e-04 -7.635754507226720283e-04 2.333144170331970203e-04 1.294917997740023009e-03
2.236067918588109660e-02 -7.635754507226720283e-04 -7.635754507226720283e-04 2.333144170331970203e-04 1.294917997740023009e-03
2.236067918588109660e-02 -7.635754507226720283e-04 -7.635754507226720283e-04 2.333144170331970203e-04 1.294917997740023009e-03
2.236067918588109660e-02 -7.635754507226720283e-04 -7.635754507226720283e-04 2.333144170331970203e-04 1.294917997740023009e-03
2.236067918588109660e-02 -7.635754507226720283e-04 -7.635754507226720283e-04 2.333144170331970203e-04 1.294917997740023009e-03
2.236067918588109660e-02 -7.635754507226720283e-04 -7.635754507226720283e-04 2.333144170331970203e-04 1.294917997740023009e-03
2.236067918588109660e-02 -7.635754507226720283e-04 -7.635754507226720283e-04 2.333144170331970203e-04 1.294917997740023009e-03
2.236067918588109660e-02 -7.635754507226720283e-04 -7.635754507226720283e-04 2.333144170331970203e-04 1.294917997740023009e-03
2.236067918588109660e-02 -7.635754507226720283e-04 -7.635754507226720283e-04 2.333144170331970203e-04 1.294917997740023009e-03
2.236067918588109660e-02 -7.635754507226720283e-04 -7.635754507226720283e-04 2.333144170331970203e-04 1.294917997740023009e-03
2.236067918588109660e-02 -7.635754507226720283e-04 -7.635754507226720283e-04 2.333144170331970203e-04 1.294917997740023009e-03
2.236067918588109660e-02 -7.635754507226720283e-04 -7.635754507226720283e-04 2.333144170331970203e-04 1.294917997740023009e-03
2.236067918588109660e-02 -7.635754507226720283e-04 -7.635754507226720283e-04 2.333144170331970203e-04 1.294917997740023009e-03
2.236067918588109660e-02 -7.635754507226720283e-04 -7.635754507226720283e-04 2.333144170331970203e-04 1.294917997740023009e-03
2.236067918588109660e-02 -7.635754507226720283e-04 -7.635754507226720283e-04 2.333144170331970203e-04 1.294917997740023009e-03
2.236067918588109660e-02 -7.635754507226720283e-04 -7.635754507226720283e-04 2.333144170331970203e-04 1.294917997740023009e-03
2.236067918588109660e-02 -7.635754507226720283e-04 -7.635754507226720283e-04 2.333144170331970203e-04 1.294917997740023009e-03
2.236067918588109660e-02 -7.635754507226720283e-04 -7.635754507226720283e-04 2.333144170331970203e-04 1.294917997740023009e-03
2.236067918588109660e-02 -7.635754507226720283e-04 -7.635754507226720283e-04 2.333144170331970203e-04 1.294917997740023009e-03
2.236067918588109660e-02 -7.635754507226720283e-04 -7.635754507226720283e-04 2.333144170331970203e-04 1.294917997740023009e-03
2.236067918588109660e-02 -7.635754507226720283e-04 -7.635754507226720283e-04 2.333144170331970203e-04 1.294917997740023009e-03
2.236067918588109660e-02 -7.635754507226720283e-04 -7.635754507226720283e-04 2.333144170331970203e-04 1.294917997740023009e-03
2.236067918588109660e-02 -7.635754507226720283e-04 -7.635754507226720283e-04 2.333144170331970203e-04 1.294917997740023009e-03
2.236067918588109660e-02 -7.635754507226720283e-04 -7.635754507226720283e-04 2.333144170331970203e-04 1.294917997740023009e-03
2.236067918588109660e-02 -7.635754507226720283e-04 -7.635754507226720283e-04 2.333144170331970203e-04 1.294917997740023009e-03
2.236067918588109660e-02 -7.635754507226720283e-04 -7.635754507226720283e-04 2.333144170331970203e-04 1.294917997740023009e-03
2.236067918588109660e-02 -7.635754507226720283e-04 -7.635754507226720283e-04 2.333144170331970203e-04 1.294917997740023009e-03
2.236067918588109660e-02 -7.635754507226720283e-04 -7.635754507226720283e-04 2.333144170331970203e-04 1.294917997740023009e-03
2.236067918588109660e-02 -7.635754507226720283e-04 -7.635754507226720283e-04 2.333144170331970203e-04 1.294917997740023009e-03
2.236067918588109660e-02 -7.635754507226720283e-04 -7.635754507226720283e-04 2.333144170331970203e-04 1.294917997740023009e-03
2.236067918588109660e-02 -7.635754507226720283e-04 -7.635754507226720283e-04 2.333144170331970203e-04 1.294917997740023009e-03
2.236067918588109660e-02 -7.635754507226720283e-04 -7.635754507226720283e-04 2.333144170331970203e-04 1.294917997740023009e-03
2.236067918588109660e-02 -7.635754507226720283e-04 -7.635754507226720283e-04 2.333144170331970203e-04 1.294917997740023009e-03
2.236067918588109660e-02 -7.635754507226720283e-04 -7.635754507226720283e-04 2.333144170331970203e-04 1.294917997740023009e-03
2.236067918588109660e-02 -7.635754507226720283e-04 -7.635754507226720283e-04 2.333144170331970203e-04 1.294917997740023009e-03
2.236067918588109660e-02 -7.635754507226720283e-04 -7.635754507226720283e-04 2.333144170331970203e-04 1.294917997740023009e-03
2.236067918588109660e-02 -7.635754507226720283e-04 -7.635754507226720283e-04 2.333144170331970203e-04 1.294917997740023009e-03
2.236067918588109660e-02 -7.635754507226720283e-04 -7.635754507226720283e-04 2.333144170331970203e-04 1.294917997740023009e-03
2.236067918588109660e-02 -7.635754507226720283e-04 -7.635754507226720283e-04 2.333144170331970203e-04 1.294917997740023009e-03
2.236067918588109660e-02 -7.635754507226720283e-04 -7.635754507226720283e-04 2.333144170331970203e-04 1.294917997740023009e-03
2.236067918588109660e-02 -7.635754507226720283e-04 -7.635754507226720283e-04 2.333144170331970203e-04 1.294917997740023009e-03
2.236067918588109660e-02 -7.635754507226720283e-04 -7.635754507226720283e-04 2.333144170331970203e-04 1.294917997740023009e-03
2.236067918588109660e-02 -7.635754507226720283e-04 -7.635754507226720283e-04 2.333144170331970203e-04 1.294917997740023009e-03
2.236067918588109660e-02 -7.635754507226720283e-04 -7.635754507226720283e-04 2.333144170331970203e-04 1.294917997740023009e-03
2.236067918588109660e-02 -7.635754507226720283e-04 -7.635754507226720283e-04 2.333144170331970203e-04 1.294917997740023009e-03
2.236067918588109660e-02 -7.635754507226720283e-04 -7.635754507226720283e-04 2.333144170331970203e-04 1.294917997740023009e-03
2.236067918588109660e-02 -7.635754507226720283e-04 -7.635754507226720283e-04 2.333144170331970203e-04 1.294917997740023009e-03
2.236067918588109660e-02 -7.635754507226720283e-04 -7.635754507226720283e-04 2.333144170331970203e-04 1.294917997740023009e-03
2.236067918588109660e-02 -7.635754507226720283e-04 -7.635754507226720283e-04 2.333144170331970203e-04 1.294917997740023009e-03
2.236067918588109660e-02 -7.635754507226720283e-04 -7.635754507226720283e-04 2.333144170331970203e-04 1.294917997740023009e-03
2.236067918588109660e-02 -7.635754507226720283e-04 -7.635754507226720283e-04 2.333144170331970203e-04 1.294917997740023009e-03
2.236067918588109660e-02 -7.635754507226720283e-04 -7.635754507226720283e-04 2.333144170331970203e-04 1.294917997740023009e-03
2.236067918588109660e-02 -7.635754507226720283e-04 -7.635754507226720283e-04 2.333144170331970203e-04 1.294917997740023009e-03
2.236067918588109660e-02 -7.635754507226720283e-04 -7.635754507226720283e-04 2.333144170331970203e-04 1.294917997740023009e-03
2.236067918588109660e-02 -7.635754507226720283e-04 -7.635754507226720283e-04 2.333144170331970203e-04 1.294917997740023009e-03
2.236067918588109660e-02 -7.635754507226720283e-04 -7.635754507226720283e-04 2.333144170331970203e-04 1.294917997740023009e-03
2.236067918588109660e-02 -7.635754507226720283e-04 -7.635754507226720283e-04 2.333144170331970203e-04 1.294917997740023009e-03
2.236067918588109660e-02 -7.635754507226720283e-04 -7.635754507226720283e-04 2.333144170331970203e-04 1.294917997740023009e-03
2.236067918588109660e-02 -7.635754507226720283e-04 -7.635754507226720283e-04 2.333144170331970203e-04 1.294917997740023009e-03
2.236067918588109660e-02 -7.635754507226720283e-04 -7.635754507226720283e-04 2.333144170331970203e-04 1.294917997740023009e-03
2.236067918588109660e-02 -7.635754507226720283e-04 -7.635754507226720283e-04 2.333144170331970203e-04 1.294917997740023009e-03
2.236067918588109660e-02 -7.635754507226720283e-04 -7.635754507226720283e-04 2.333144170331970203e-04 1.294917997740023009e-03
2.236067918588109660e-02 -7.635754507226720283e-04 -7.635754507226720283e-04 2.333144170331970203e-04 1.294917997740023009e-03
2.236067918588109660e-02 -7.635754507226720283e-04 -7.635754507226720283e-04 2.333144170331970203e-04 1.294917997740023009e-03
2.236067918588109660e-02 -7.635754507226720283e-04 -7.635754507226720283e-04 2.333144170331970203e-04 1.294917997740023009e-03
2.236067918588109660e-02 -7.635754507226720283e-04 -7.635754507226720283e-04 2.333144170331970203e-04 1.294917997740023009e-03
2.236067918588109660e-02 -7.635754507226720283e-04 -7.635754507226720283e-04 2.333144170331970203e-04 1.294917997740023009e-03
2.236067918588109660e-02 -7.635754507226720283e-04 -7.635754507226720283e-04 2.333144170331970203e-04 1.294917997740023009e-03
2.236067918588109660e-02 -7.635754507226720283e-04 -7.635754507226720283e-04 2.333144170331970203e-04 1.294917997740023009e-03
2.236067918588109660e-02 -7.635754507226720283e-04 -7.635754507226720283e-04 2.333144170331970203e-04 1.294917997740023009e-03
2.236067918588109660e-02 -7.635754507226720283e-04 -7.635754507226720283e-04 2.333144170331970203e-04 1.294917997740023009e-03
2.236067918588109660e-02 -7.635754507226720283e-04 -7.635754507226720283e-04 2.333144170331970203e-04 1.294917997740023009e-03
2.236067918588109660e-02 -7.635754507226720283e-04 -7.635754507226720283e-04 2.333144170331970203e-04 1.294917997740023009e-03
2.236067918588109660e-02 -7.635754507226720283e-04 -7.635754507226720283e-04 2.333144170331970203e-04 1.294917997740023009e-03
2.236067918588109660e-02 -7.635754507226720283e-04 -7.635754507226720283e-04 2.333144170331970203e-04 1.294917997740023009e-03
2.236067918588109660e-02 -7.635754507226720283e-04 -7.635754507226720283e-04 2.333144170331970203e-04 1.294917997740023009e-03
2.236067918588109660e-02 -7.635754507226720283e-04 -7.635754507226720283e-04 2.333144170331970203e-04 1.294917997740023009e-03
2.236067918588109660e-02 -7.635754507226720283e-04 -7.635754507226720283e-04 2.333144170331970203e-04 1.294917997740023009e-03
2.236067918588109660e-02 -7.635754507226720283e-04 -7.635754507226720283e-04 2.333144170331970203e-04 1.294917997740023009e-03
2.236067918588109660e-02 -7.635754507226720283e-04 -7.635754507226720283e-04 2.333144170331970203e-04 1.294917997740023009e-03
2.236067918588109660e-02 -7.635754507226720283e-04 -7.635754507226720283e-04 2.333144170331970203e-04 1.294917997740023009e-03
2.236067918588109660e-02 -7.635754507226720283e-04 -7.635754507226720283e-04 2.333144170331970203e-04 1.294917997740023009e-03
2.236067918588109660e-02 -7.635754507226720283e-04 -7.635754507226720283e-04 2.333144170331970203e-04 1.294917997740023009e-03
2.236067918588109660e-02 -7.635754507226720283e-04 -7.635754507226720283e-04 2.333144170331970203e-04 1.294917997740023009e-03
2.236067918588109660e-02 -7.635754507226720283e-04 -7.635754507226720283e-04 2.333144170331970203e-04 1.294917997740023009e-03
2.236067918588109660e-02 -7.635754507226720283e-04 -7.635754507226720283e-04 2.333144170331970203e-04 1.294917997740023009e-03
2.236067918588109660e-02 -7.635754507226720283e-04 -7.635754507226720283e-04 2.333144170331970203e-04 1.294917997740023009e-03
2.236067918588109660e-02 -7.635754507226720283e-04 -7.635754507226720283e-04 2.333144170331970203e-04 1.294917997740023009e-03
2.236067918588109660e-02 -7.635754507226720283e-04 -7.635754507226720283e-04 2.333144170331970203e-04 1.294917997740023009e-03
2.236067918588109660e-02 -7.635754507226720283e-04 -7.635754507226720283e-04 2.333144170331970203e-04 1.294917997740023009e-03
2.236067918588109660e-02 -7.635754507226720283e-04 -7.635754507226720283e-04 2.333144170331970203e-04 1.294917997740023009e-03
2.236067918588109660e-02 -7.635754507226720283e-04 -7.635754507226720283e-04 2.333144170331970203e-04 1.294917997740023009e-03
2.236067918588109660e-02 -7.635754507226720283e-04 -7.635754507226720283e-04 2.333144170331970203e-04 1.294917997740023009e-03
2.236067918588109660e-02 -7.635754507226720283e-04 -7.635754507226720283e-04 2.333144170331970203e-04 1.294917997740023009e-03
2.236067918588109660e-02 -7.635754507226720283e-04 -7.635754507226720283e-04 2.333144170331970203e-04 1.294917997740023009e-03
2.236067918588109660e-02 -7.635754507226720283e-04 -7.635754507226720283e-04 2.333144170331970203e-04 1.294917997740023009e-03
2.236067918588109660e-02 -7.635754507226720283e-04 -7.635754507226720283e-04 2.333144170331970203e-04 1.294917997740023009e-03
2.236067918588109660e-02 -7.635754507226720283e-04 -7.635754507226720283e-04 2.333144170331970203e-04 1.294917997740023009e-03
2.236067918588109660e-02 -7.635754507226720283e-04 -7.635754507226720283e-04 2.333144170331970203e-04 1.294917997740023009e-03
2.236067918588109660e-02 -7.635754507226720283e-04 -7.635754507226720283e-04 2.333144170331970203e-04 1.294917997740023009e-03
2.236067918588109660e-02 -7.635754507226720283e-04 -7.635754507226720283e-04 2.333144170331970203e-04 1.294917997740023009e-03
2.236067918588109660e-02 -7.635754507226720283e-04 -7.635754507226720283e-04 2.333144170331970203e-04 1.294917997740023009e-03
2.236067918588109660e-02 -7.635754507226720283e-04 -7.635754507226720283e-04 2.333144170331970203e-04 1.294917997740023009e-03
2.236067918588109660e-02 -7.635754507226720283e-04 -7.635754507226720283e-04 2.333144170331970203e-04 1.294917997740023009e-03
2.236067918588109660e-02 -7.635754507226720283e-04 -7.635754507226720283e-04 2.333144170331970203e-04 1.294917997740023009e-03
2.236067918588109660e-02 -7.635754507226720283e-04 -7.635754507226720283e-04 2.333144170331970203e-04 1.294917997740023009e-03
2.236067918588109660e-02 -7.635754507226720283e-04 -7.635754507226720283e-04 2.333144170331970203e-04 1.294917997740023009e-03
2.236067918588109660e-02 -7.635754507226720283e-04 -7.635754507226720283e-04 2.333144170331970203e-04 1.294917997740023009e-03
2.236067918588109660e-02 -7.635754507226720283e-04 -7.635754507226720283e-04 2.333144170331970203e-04 1.294917997740023009e-03
2.236067918588109660e-02 -7.635754507226720283e-04 -7.635754507226720283e-04 2.333144170331970203e-04 1.294917997740023009e-03
2.236067918588109660e-02 -7.635754507226720283e-04 -7.635754507226720283e-04 2.333144170331970203e-04 1.294917997740023009e-03
2.236067918588109660e-02 -7.635754507226720283e-04 -7.635754507226720283e-04 2.333144170331970203e-04 1.294917997740023009e-03
2.236067918588109660e-02 -7.635754507226720283e-04 -7.635754507226720283e-04 2.333144170331970203e-04 1.294917997740023009e-03
2.236067918588109660e-02 -7.635754507226720283e-04 -7.635754507226720283e-04 2.333144170331970203e-04 1.294917997740023009e-03
2.236067918588109660e-02 -7.635754507226720283e-04 -7.635754507226720283e-04 2.333144170331970203e-04 1.294917997740023009e-03
2.236067918588109660e-02 -7.635754507226720283e-04 -7.635754507226720283e-04 2.333144170331970203e-04 1.294917997740023009e-03
2.236067918588109660e-02 -7.635754507226720283e-04 -7.635754507226720283e-04 2.333144170331970203e-04 1.294917997740023009e-03
2.236067918588109660e-02 -7.635754507226720283e-04 -7.635754507226720283e-04 2.333144170331970203e-04 1.294917997740023009e-03
2.236067918588109660e-02 -7.635754507226720283e-04 -7.635754507226720283e-04 2.333144170331970203e-04 1.294917997740023009e-03
2.236067918588109660e-02 -7.635754507226720283e-04 -7.635754507226720283e-04 2.333144170331970203e-04 1.294917997740023009e-03
2.236067918588109660e-02 -7.635754507226720283e-04 -7.635754507226720283e-04 2.333144170331970203e-04 1.294917997740023009e-03
2.236067918588109660e-02 -7.635754507226720283e-04 -7.635754507226720283e-04 2.333144170331970203e-04 1.294917997740023009e-03
2.236067918588109660e-02 -7.635754507226720283e-04 -7.635754507226720283e-04 2.333144170331970203e-04 1.294917997740023009e-03
2.236067918588109660e-02 -7.635754507226720283e-04 -7.635754507226720283e-04 2.333144170331970203e-04 1.294917997740023009e-03
2.236067918588109660e-02 -7.635754507226720283e-04 -7.635754507226720283e-04 2.333144170331970203e-04 1.294917997740023009e-03
2.236067918588109660e-02 -7.635754507226720283e-04 -7.635754507226720283e-04 2.333144170331970203e-04 1.294917997740023009e-03
2.236067918588109660e-02 -7.635754507226720283e-04 -7.635754507226720283e-04 2.333144170331970203e-04 1.294917997740023009e-03
2.236067918588109660e-02 -7.635754507226720283e-04 -7.635754507226720283e-04 2.333144170331970203e-04 1.294917997740023009e-03
2.236067918588109660e-02 -7.635754507226720283e-04 -7.635754507226720283e-04 2.333144170331970203e-04 1.294917997740023009e-03
2.236067918588109660e-02 -7.635754507226720283e-04 -7.635754507226720283e-04 2.333144170331970203e-04 1.294917997740023009e-03
2.236067918588109660e-02 -7.635754507226720283e-04 -7.635754507226720283e-04 2.333144170331970203e-04 1.294917997740023009e-03
2.236067918588109660e-02 -7.635754507226720283e-04 -7.635754507226720283e-04 2.333144170331970203e-04 1.294917997740023009e-03
2.236067918588109660e-02 -7.635754507226720283e-04 -7.635754507226720283e-04 2.333144170331970203e-04 1.294917997740023009e-03
2.236067918588109660e-02 -7.635754507226720283e-04 -7.635754507226720283e-04 2.333144170331970203e-04 1.294917997740023009e-03
2.236067918588109660e-02 -7.635754507226720283e-04 -7.635754507226720283e-04 2.333144170331970203e-04 1.294917997740023009e-03
2.236067918588109660e-02 -7.635754507226720283e-04 -7.635754507226720283e-04 2.333144170331970203e-04 1.294917997740023009e-03
2.236067918588109660e-02 -7.635754507226720283e-04 -7.635754507226720283e-04 2.333144170331970203e-04 1.294917997740023009e-03
2.236067918588109660e-02 -7.635754507226720283e-04 -7.635754507226720283e-04 2.333144170331970203e-04 1.294917997740023009e-03
2.236067918588109660e-02 -7.635754507226720283e-04 -7.635754507226720283e-04 2.333144170331970203e-04 1.294917997740023009e-03
2.236067918588109660e-02 -7.635754507226720283e-04 -7.635754507226720283e-04 2.333144170331970203e-04 1.294917997740023009e-03
2.236067918588109660e-02 -7.635754507226720283e-04 -7.635754507226720283e-04 2.333144170331970203e-04 1.294917997740023009e-03
2.236067918588109660e-02 -7.635754507226720283e-04 -7.635754507226720283e-04 2.333144170331970203e-04 1.294917997740023009e-03
2.236067918588109660e-02 -7.635754507226720283e-04 -7.635754507226720283e-04 2.333144170331970203e-04 1.294917997740023009e-03
2.236067918588109660e-02 -7.635754507226720283e-04 -7.635754507226720283e-04 2.333144170331970203e-04 1.294917997740023009e-03
2.236067918588109660e-02 -7.635754507226720283e-04 -7.635754507226720283e-04 2.333144170331970203e-04 1.294917997740023009e-03
2.236067918588109660e-02 -7.635754507226720283e-04 -7.635754507226720283e-04 2.333144170331970203e-04 1.294917997740023009e-03
2.236067918588109660e-02 -7.635754507226720283e-04 -7.635754507226720283e-04 2.333144170331970203e-04 1.294917997740023009e-03
2.236067918588109660e-02 -7.635754507226720283e-04 -7.635754507226720283e-04 2.333144170331970203e-04 1.294917997740023009e-03
2.236067918588109660e-02 -7.635754507226720283e-04 -7.635754507226720283e-04 2.333144170331970203e-04 1.294917997740023009e-03
2.236067918588109660e-02 -7.635754507226720283e-04 -7.635754507226720283e-04 2.333144170331970203e-04 1.294917997740023009e-03
2.236067918588109660e-02 -7.635754507226720283e-04 -7.635754507226720283e-04 2.333144170331970203e-04 1.294917997740023009e-03
2.236067918588109660e-02 -7.635754507226720283e-04 -7.635754507226720283e-04 2.333144170331970203e-04 1.294917997740023009e-03
2.236067918588109660e-02 -7.635754507226720283e-04 -7.635754507226720283e-04 2.333144170331970203e-04 1.294917997740023009e-03
2.236067918588109660e-02 -7.635754507226720283e-04 -7.635754507226720283e-04 2.333144170331970203e-04 1.294917997740023009e-03
2.236067918588109660e-02 -7.635754507226720283e-04 -7.635754507226720283e-04 2.333144170331970203e-04 1.294917997740023009e-03
2.236067918588109660e-02 -7.635754507226720283e-04 -7.635754507226720283e-04 2.333144170331970203e-04 1.294917997740023009e-03
2.236067918588109660e-02 -7.635754507226720283e-04 -7.635754507226720283e-04 2.333144170331970203e-04 1.294917997740023009e-03
2.236067918588109660e-02 -7.635754507226720283e-04 -7.635754507226720283e-04 2.333144170331970203e-04 1.294917997740023009e-03
2.236067918588109660e-02 -7.635754507226720283e-04 -7.635754507226720283e-04 2.333144170331970203e-04 1.294917997740023009e-03
2.236067918588109660e-02 -7.635754507226720283e-04 -7.635754507226720283e-04 2.333144170331970203e-04 1.294917997740023009e-03
2.236067918588109660e-02 -7.635754507226720283e-04 -7.635754507226720283e-04 2.333144170331970203e-04 1.294917997740023009e-03
2.236067918588109660e-02 -7.635754507226720283e-04 -7.635754507226720283e-04 2.333144170331970203e-04 1.294917997740023009e-03
2.236067918588109660e-02 -7.635754507226720283e-04 -7.635754507226720283e-04 2.333144170331970203e-04 1.294917997740023009e-03
2.236067918588109660e-02 -7.635754507226720283e-04 -7.635754507226720283e-04 2.333144170331970203e-04 1.294917997740023009e-03
2.236067918588109660e-02 -7.635754507226720283e-04 -7.635754507226720283e-04 2.333144170331970203e-04 1.294917997740023009e-03
2.236067918588109660e-02 -7.635754507226720283e-04 -7.635754507226720283e-04 2.333144170331970203e-04 1.294917997740023009e-03
2.236067918588109660e-02 -7.635754507226720283e-04 -7.635754507226720283e-04 2.333144170331970203e-04 1.294917997740023009e-03
2.236067918588109660e-02 -7.635754507226720283e-04 -7.635754507226720283e-04 2.333144170331970203e-04 1.294917997740023009e-03
2.236067918588109660e-02 -7.635754507226720283e-04 -7.635754507226720283e-04 2.333144170331970203e-04 1.294917997740023009e-03
2.236067918588109660e-02 -7.635754507226720283e-04 -7.635754507226720283e-04 2.333144170331970203e-04 1.294917997740023009e-03
2.236067918588109660e-02 -7.635754507226720283e-04 -7.635754507226720283e-04 2.333144170331970203e-04 1.294917997740023009e-03
2.236067918588109660e-02 -7.635754507226720283e-04 -7.635754507226720283e-04 2.333144170331970203e-04 1.294917997740023009e-03
2.236067918588109660e-02 -7.635754507226720283e-04 -7.635754507226720283e-04 2.333144170331970203e-04 1.294917997740023009e-03
2.236067918588109660e-02 -7.635754507226720283e-04 -7.635754507226720283e-04 2.333144170331970203e-04 1.294917997740023009e-03
2.236067918588109660e-02 -7.635754507226720283e-04 -7.635754507226720283e-04 2.333144170331970203e-04 1.294917997740023009e-03
2.236067918588109660e-02 -7.635754507226720283e-04 -7.635754507226720283e-04 2.333144170331970203e-04 1.294917997740023009e-03
2.236067918588109660e-02 -7.635754507226720283e-04 -7.635754507226720283e-04 2.333144170331970203e-04 1.294917997740023009e-03
2.236067918588109660e-02 -7.635754507226720283e-04 -7.635754507226720283e-04 2.333144170331970203e-04 1.294917997740023009e-03
2.236067918588109660e-02 -7.635754507226720283e-04 -7.635754507226720283e-04 2.333144170331970203e-04 1.294917997740023009e-03
2.236067918588109660e-02 -7.635754507226720283e-04 -7.635754507226720283e-04 2.333144170331970203e-04 1.294917997740023009e-03
2.236067918588109660e-02 -7.635754507226720283e-04 -7.635754507226720283e-04 2.333144170331970203e-04 1.294917997740023009e-03
2.236067918588109660e-02 -7.635754507226720283e-04 -7.635754507226720283e-04 2.333144170331970203e-04 1.294917997740023009e-03
2.236067918588109660e-02 -7.635754507226720283e-04 -7.635754507226720283e-04 2.333144170331970203e-04 1.294917997740023009e-03
2.236067918588109660e-02 -7.635754507226720283e-04 -7.635754507226720283e-04 2.333144170331970203e-04 1.294917997740023009e-03
2.236067918588109660e-02 -7.635754507226720283e-04 -7.635754507226720283e-04 2.333144170331970203e-04 1.294917997740023009e-03
2.236067918588109660e-02 -7.635754507226720283e-04 -7.635754507226720283e-04 2.333144170331970203e-04 1.294917997740023009e-03
2.236067918588109660e-02 -7.635754507226720283e-04 -7.635754507226720283e-04 2.333144170331970203e-04 1.294917997740023009e-03
2.236067918588109660e-02 -7.635754507226720283e-04 -7.635754507226720283e-04 2.333144170331970203e-04 1.294917997740023009e-03
2.236067918588109660e-02 -7.635754507226720283e-04 -7.635754507226720283e-04 2.333144170331970203e-04 1.294917997740023009e-03
2.236067918588109660e-02 -7.635754507226720283e-04 -7.635754507226720283e-04 2.333144170331970203e-04 1.294917997740023009e-03
2.236067918588109660e-02 -7.635754507226720283e-04 -7.635754507226720283e-04 2.333144170331970203e-04 1.294917997740023009e-03
2.236067918588109660e-02 -7.635754507226720283e-04 -7.635754507226720283e-04 2.333144170331970203e-04 1.294917997740023009e-03
2.236067918588109660e-02 -7.635754507226720283e-04 -7.635754507226720283e-04 2.333144170331970203e-04 1.294917997740023009e-03
2.236067918588109660e-02 -7.635754507226720283e-04 -7.635754507226720283e-04 2.333144170331970203e-04 1.294917997740023009e-03
2.236067918588109660e-02 -7.635754507226720283e-04 -7.635754507226720283e-04 2.333144170331970203e-04 1.294917997740023009e-03
2.236067918588109660e-02 -7.635754507226720283e-04 -7.635754507226720283e-04 2.333144170331970203e-04 1.294917997740023009e-03
2.236067918588109660e-02 -7.635754507226720283e-04 -7.635754507226720283e-04 2.333144170331970203e-04 1.294917997740023009e-03
2.236067918588109660e-02 -7.635754507226720283e-04 -7.635754507226720283e-04 2.333144170331970203e-04 1.294917997740023009e-03
2.236067918588109660e-02 -7.635754507226720283e-04 -7.635754507226720283e-04 2.333144170331970203e-04 1.294917997740023009e-03
2.236067918588109660e-02 -7.635754507226720283e-04 -7.635754507226720283e-04 2.333144170331970203e-04 1.294917997740023009e-03
2.236067918588109660e-02 -7.635754507226720283e-04 -7.635754507226720283e-04 2.333144170331970203e-04 1.294917997740023009e-03
2.236067918588109660e-02 -7.635754507226720283e-04 -7.635754507226720283e-04 2.333144170331970203e-04 1.294917997740023009e-03
2.236067918588109660e-02 -7.635754507226720283e-04 -7.635754507226720283e-04 2.333144170331970203e-04 1.294917997740023009e-03
2.236067918588109660e-02 -7.635754507226720283e-04 -7.635754507226720283e-04 2.333144170331970203e-04 1.294917997740023009e-03
2.236067918588109660e-02 -7.635754507226720283e-04 -7.635754507226720283e-04 2.333144170331970203e-04 1.294917997740023009e-03
2.236067918588109660e-02 -7.635754507226720283e-04 -7.635754507226720283e-04 2.333144170331970203e-04 1.294917997740023009e-03
2.236067918588109660e-02 -7.635754507226720283e-04 -7.635754507226720283e-04 2.333144170331970203e-04 1.294917997740023009e-03
2.236067918588109660e-02 -7.635754507226720283e-04 -7.635754507226720283e-04 2.333144170331970203e-04 1.294917997740023009e-03
2.236067918588109660e-02 -7.635754507226720283e-04 -7.635754507226720283e-04 2.333144170331970203e-04 1.294917997740023009e-03
2.236067918588109660e-02 -7.635754507226720283e-04 -7.635754507226720283e-04 2.333144170331970203e-04 1.294917997740023009e-03
2.236067918588109660e-02 -7.635754507226720283e-04 -7.635754507226720283e-04 2.333144170331970203e-04 1.294917997740023009e-03
2.236067918588109660e-02 -7.635754507226720283e-04 -7.635754507226720283e-04 2.333144170331970203e-04 1.294917997740023009e-03
2.236067918588109660e-02 -7.635754507226720283e-04 -7.635754507226720283e-04 2.333144170331970203e-04 1.294917997740023009e-03
2.236067918588109660e-02 -7.635754507226720283e-04 -7.635754507226720283e-04 2.333144170331970203e-04 1.294917997740023009e-03
2.236067918588109660e-02 -7.635754507226720283e-04 -7.635754507226720283e-04 2.333144170331970203e-04 1.294917997740023009e-03
2.236067918588109660e-02 -7.635754507226720283e-04 -7.635754507226720283e-04 2.333144170331970203e-04 1.294917997740023009e-03
2.236067918588109660e-02 -7.635754507226720283e-04 -7.635754507226720283e-04 2.333144170331970203e-04 1.294917997740023009e-03
2.236067918588109660e-02 -7.635754507226720283e-04 -7.635754507226720283e-04 2.333144170331970203e-04 1.294917997740023009e-03
2.236067918588109660e-02 -7.635754507226720283e-04 -7.635754507226720283e-04 2.333144170331970203e-04 1.294917997740023009e-03
2.236067918588109660e-02 -7.635754507226720283e-04 -7.635754507226720283e-04 2.333144170331970203e-04 1.294917997740023009e-03
2.236067918588109660e-02 -7.635754507226720283e-04 -7.635754507226720283e-04 2.333144170331970203e-04 1.294917997740023009e-03
2.236067918588109660e-02 -7.635754507226720283e-04 -7.635754507226720283e-04 2.333144170331970203e-04 1.294917997740023009e-03
2.236067918588109660e-02 -7.635754507226720283e-04 -7.635754507226720283e-04 2.333144170331970203e-04 1.294917997740023009e-03
2.236067918588109660e-02 -7.635754507226720283e-04 -7.635754507226720283e-04 2.333144170331970203e-04 1.294917997740023009e-03
2.236067918588109660e-02 -7.635754507226720283e-04 -7.635754507226720283e-04 2.333144170331970203e-04 1.294917997740023009e-03
2.236067918588109660e-02 -7.635754507226720283e-04 -7.635754507226720283e-04 2.333144170331970203e-04 1.294917997740023009e-03
2.236067918588109660e-02 -7.635754507226720283e-04 -7.635754507226720283e-04 2.333144170331970203e-04 1.294917997740023009e-03
2.236067918588109660e-02 -7.635754507226720283e-04 -7.635754507226720283e-04 2.333144170331970203e-04 1.294917997740023009e-03
2.236067918588109660e-02 -7.635754507226720283e-04 -7.635754507226720283e-04 2.333144170331970203e-04 1.294917997740023009e-03
2.236067918588109660e-02 -7.635754507226720283e-04 -7.635754507226720283e-04 2.333144170331970203e-04 1.294917997740023009e-03
2.236067918588109660e-02 -7.635754507226720283e-04 -7.635754507226720283e-04 2.333144170331970203e-04 1.294917997740023009e-03
2.236067918588109660e-02 -7.635754507226720283e-04 -7.635754507226720283e-04 2.333144170331970203e-04 1.294917997740023009e-03
2.236067918588109660e-02 -7.635754507226720283e-04 -7.635754507226720283e-04 2.333144170331970203e-04 1.294917997740023009e-03
2.236067918588109660e-02 -7.635754507226720283e-04 -7.635754507226720283e-04 2.333144170331970203e-04 1.294917997740023009e-03
2.236067918588109660e-02 -7.635754507226720283e-04 -7.635754507226720283e-04 2.333144170331970203e-04 1.294917997740023009e-03
2.236067918588109660e-02 -7.635754507226720283e-04 -7.635754507226720283e-04 2.333144170331970203e-04 1.294917997740023009e-03
2.236067918588109660e-02 -7.635754507226720283e-04 -7.635754507226720283e-04 2.333144170331970203e-04 1.294917997740023009e-03
2.236067918588109660e-02 -7.635754507226720283e-04 -7.635754507226720283e-04 2.333144170331970203e-04 1.294917997740023009e-03
2.236067918588109660e-02 -7.635754507226720283e-04 -7.635754507226720283e-04 2.333144170331970203e-04 1.294917997740023009e-03
2.236067918588109660e-02 -7.635754507226720283e-04 -7.635754507226720283e-04 2.333144170331970203e-04 1.294917997740023009e-03
2.236067918588109660e-02 -7.635754507226720283e-04 -7.635754507226720283e-04 2.333144170331970203e-04 1.294917997740023009e-03
2.236067918588109660e-02 -7.635754507226720283e-04 -7.635754507226720283e-04 2.333144170331970203e-04 1.294917997740023009e-03
2.236067918588109660e-02 -7.635754507226720283e-04 -7.635754507226720283e-04 2.333144170331970203e-04 1.294917997740023009e-03
2.236067918588109660e-02 -7.635754507226720283e-04 -7.635754507226720283e-04 2.333144170331970203e-04 1.294917997740023009e-03
2.236067918588109660e-02 -7.635754507226720283e-04 -7.635754507226720283e-04 2.333144170331970203e-04 1.294917997740023009e-03
2.236067918588109660e-02 -7.635754507226720283e-04 -7.635754507226720283e-04 2.333144170331970203e-04 1.294917997740023009e-03
2.236067918588109660e-02 -7.635754507226720283e-04 -7.635754507226720283e-04 2.333144170331970203e-04 1.294917997740023009e-03
2.236067918588109660e-02 -7.635754507226720283e-04 -7.635754507226720283e-04 2.333144170331970203e-04 1.294917997740023009e-03
2.236067918588109660e-02 -7.635754507226720283e-04 -7.635754507226720283e-04 2.333144170331970203e-04 1.294917997740023009e-03
2.236067918588109660e-02 -7.635754507226720283e-04 -7.635754507226720283e-04 2.333144170331970203e-04 1.294917997740023009e-03
2.236067918588109660e-02 -7.635754507226720283e-04 -7.635754507226720283e-04 2.333144170331970203e-04 1.294917997740023009e-03
2.236067918588109660e-02 -7.635754507226720283e-04 -7.635754507226720283e-04 2.333144170331970203e-04 1.294917997740023009e-03
2.236067918588109660e-02 -7.635754507226720283e-04 -7.635754507226720283e-04 2.333144170331970203e-04 1.294917997740023009e-03
2.236067918588109660e-02 -7.635754507226720283e-04 -7.635754507226720283e-04 2.333144170331970203e-04 1.294917997740023009e-03
2.236067918588109660e-02 -7.635754507226720283e-04 -7.635754507226720283e-04 2.333144170331970203e-04 1.294917997740023009e-03
2.236067918588109660e-02 -7.635754507226720283e-04 -7.635754507226720283e-04 2.333144170331970203e-04 1.294917997740023009e-03
2.236067918588109660e-02 -7.635754507226720283e-04 -7.635754507226720283e-04 2.333144170331970203e-04 1.294917997740023009e-03
2.236067918588109660e-02 -7.635754507226720283e-04 -7.635754507226720283e-04 2.333144170331970203e-04 1.294917997740023009e-03
2.236067918588109660e-02 -7.635754507226720283e-04 -7.635754507226720283e-04 2.333144170331970203e-04 1.294917997740023009e-03
2.236067918588109660e-02 -7.635754507226720283e-04 -7.635754507226720283e-04 2.333144170331970203e-04 1.294917997740023009e-03
2.236067918588109660e-02 -7.635754507226720283e-04 -7.635754507226720283e-04 2.333144170331970203e-04 1.294917997740023009e-03
2.236067918588109660e-02 -7.635754507226720283e-04 -7.635754507226720283e-04 2.333144170331970203e-04 1.294917997740023009e-03
2.236067918588109660e-02 -7.635754507226720283e-04 -7.635754507226720283e-04 2.333144170331970203e-04 1.294917997740023009e-03
2.236067918588109660e-02 -7.635754507226720283e-04 -7.635754507226720283e-04 2.333144170331970203e-04 1.294917997740023009e-03
2.236067918588109660e-02 -7.635754507226720283e-04 -7.635754507226720283e-04 2.333144170331970203e-04 1.294917997740023009e-03
2.236067918588109660e-02 -7.635754507226720283e-04 -7.635754507226720283e-04 2.333144170331970203e-04 1.294917997740023009e-03
2.236067918588109660e-02 -7.635754507226720283e-04 -7.635754507226720283e-04 2.333144170331970203e-04 1.294917997740023009e-03
2.236067918588109660e-02 -7.635754507226720283e-04 -7.635754507226720283e-04 2.333144170331970203e-04 1.294917997740023009e-03
2.236067918588109660e-02 -7.635754507226720283e-04 -7.635754507226720283e-04 2.333144170331970203e-04 1.294917997740023009e-03
2.236067918588109660e-02 -7.635754507226720283e-04 -7.635754507226720283e-04 2.333144170331970203e-04 1.294917997740023009e-03
2.236067918588109660e-02 -7.635754507226720283e-04 -7.635754507226720283e-04 2.333144170331970203e-04 1.294917997740023009e-03
2.236067918588109660e-02 -7.635754507226720283e-04 -7.635754507226720283e-04 2.333144170331970203e-04 1.294917997740023009e-03
2.236067918588109660e-02 -7.635754507226720283e-04 -7.635754507226720283e-04 2.333144170331970203e-04 1.294917997740023009e-03
2.236067918588109660e-02 -7.635754507226720283e-04 -7.635754507226720283e-04 2.333144170331970203e-04 1.294917997740023009e-03
2.236067918588109660e-02 -7.635754507226720283e-04 -7.635754507226720283e-04 2.333144170331970203e-04 1.294917997740023009e-03
2.236067918588109660e-02 -7.635754507226720283e-04 -7.635754507226720283e-04 2.333144170331970203e-04 1.294917997740023009e-03
2.236067918588109660e-02 -7.635754507226720283e-04 -7.635754507226720283e-04 2.333144170331970203e-04 1.294917997740023009e-03
2.236067918588109660e-02 -7.635754507226720283e-04 -7.635754507226720283e-04 2.333144170331970203e-04 1.294917997740023009e-03
2.236067918588109660e-02 -7.635754507226720283e-04 -7.635754507226720283e-04 2.333144170331970203e-04 1.294917997740023009e-03
2.236067918588109660e-02 -7.635754507226720283e-04 -7.635754507226720283e-04 2.333144170331970203e-04 1.294917997740023009e-03
2.236067918588109660e-02 -7.635754507226720283e-04 -7.635754507226720283e-04 2.333144170331970203e-04 1.294917997740023009e-03
2.236067918588109660e-02 -7.635754507226720283e-04 -7.635754507226720283e-04 2.333144170331970203e-04 1.294917997740023009e-03
2.236067918588109660e-02 -7.635754507226720283e-04 -7.635754507226720283e-04 2.333144170331970203e-04 1.294917997740023009e-03
2.236067918588109660e-02 -7.635754507226720283e-04 -7.635754507226720283e-04 2.333144170331970203e-04 1.294917997740023009e-03
2.236067918588109660e-02 -7.635754507226720283e-04 -7.635754507226720283e-04 2.333144170331970203e-04 1.294917997740023009e-03
2.236067918588109660e-02 -7.635754507226720283e-04 -7.635754507226720283e-04 2.333144170331970203e-04 1.294917997740023009e-03
2.236067918588109660e-02 -7.635754507226720283e-04 -7.635754507226720283e-04 2.333144170331970203e-04 1.294917997740023009e-03
2.236067918588109660e-02 -7.635754507226720283e-04 -7.635754507226720283e-04 2.333144170331970203e-04 1.294917997740023009e-03
2.236067918588109660e-02 -7.635754507226720283e-04 -7.635754507226720283e-04 2.333144170331970203e-04 1.294917997740023009e-03
2.236067918588109660e-02 -7.635754507226720283e-04 -7.635754507226720283e-04 2.333144170331970203e-04 1.294917997740023009e-03
2.236067918588109660e-02 -7.635754507226720283e-04 -7.635754507226720283e-04 2.333144170331970203e-04 1.294917997740023009e-03
2.236067918588109660e-02 -7.635754507226720283e-04 -7.635754507226720283e-04 2.333144170331970203e-04 1.294917997740023009e-03
2.236067918588109660e-02 -7.635754507226720283e-04 -7.635754507226720283e-04 2.333144170331970203e-04 1.294917997740023009e-03
2.236067918588109660e-02 -7.635754507226720283e-04 -7.635754507226720283e-04 2.333144170331970203e-04 1.294917997740023009e-03
2.236067918588109660e-02 -7.635754507226720283e-04 -7.635754507226720283e-04 2.333144170331970203e-04 1.294917997740023009e-03
2.236067918588109660e-02 -7.635754507226720283e-04 -7.635754507226720283e-04 2.333144170331970203e-04 1.294917997740023009e-03
2.236067918588109660e-02 -7.635754507226720283e-04 -7.635754507226720283e-04 2.333144170331970203e-04 1.294917997740023009e-03
2.236067918588109660e-02 -7.635754507226720283e-04 -7.635754507226720283e-04 2.333144170331970203e-04 1.294917997740023009e-03
2.236067918588109660e-02 -7.635754507226720283e-04 -7.635754507226720283e-04 2.333144170331970203e-04 1.294917997740023009e-03
2.236067918588109660e-02 -7.635754507226720283e-04 -7.635754507226720283e-04 2.333144170331970203e-04 1.294917997740023009e-03
2.236067918588109660e-02 -7.635754507226720283e-04 -7.635754507226720283e-04 2.333144170331970203e-04 1.294917997740023009e-03
2.236067918588109660e-02 -7.635754507226720283e-04 -7.635754507226720283e-04 2.333144170331970203e-04 1.294917997740023009e-03
2.236067918588109660e-02 -7.635754507226720283e-04 -7.635754507226720283e-04 2.333144170331970203e-04 1.294917997740023009e-03
2.236067918588109660e-02 -7.635754507226720283e-04 -7.635754507226720283e-04 2.333144170331970203e-04 1.294917997740023009e-03
2.236067918588109660e-02 -7.635754507226720283e-04 -7.635754507226720283e-04 2.333144170331970203e-04 1.294917997740023009e-03
2.236067918588109660e-02 -7.635754507226720283e-04 -7.635754507226720283e-04 2.333144170331970203e-04 1.294917997740023009e-03
2.236067918588109660e-02 -7.635754507226720283e-04 -7.635754507226720283e-04 2.333144170331970203e-04 1.294917997740023009e-03
2.236067918588109660e-02 -7.635754507226720283e-04 -7.635754507226720283e-04 2.333144170331970203e-04 1.294917997740023009e-03
2.236067918588109660e-02 -7.635754507226720283e-04 -7.635754507226720283e-04 2.333144170331970203e-04 1.294917997740023009e-03
2.236067918588109660e-02 -7.635754507226720283e-04 -7.635754507226720283e-04 2.333144170331970203e-04 1.294917997740023009e-03
2.236067918588109660e-02 -7.635754507226720283e-04 -7.635754507226720283e-04 2.333144170331970203e-04 1.294917997740023009e-03
2.236067918588109660e-02 -7.635754507226720283e-04 -7.635754507226720283e-04 2.333144170331970203e-04 1.294917997740023009e-03
2.236067918588109660e-02 -7.635754507226720283e-04 -7.635754507226720283e-04 2.333144170331970203e-04 1.294917997740023009e-03
2.236067918588109660e-02 -7.635754507226720283e-04 -7.635754507226720283e-04 2.333144170331970203e-04 1.294917997740023009e-03
2.236067918588109660e-02 -7.635754507226720283e-04 -7.635754507226720283e-04 2.333144170331970203e-04 1.294917997740023009e-03
2.236067918588109660e-02 -7.635754507226720283e-04 -7.635754507226720283e-04 2.333144170331970203e-04 1.294917997740023009e-03
2.236067918588109660e-02 -7.635754507226720283e-04 -7.635754507226720283e-04 2.333144170331970203e-04 1.294917997740023009e-03
2.236067918588109660e-02 -7.635754507226720283e-04 -7.635754507226720283e-04 2.333144170331970203e-04 1.294917997740023009e-03
2.236067918588109660e-02 -7.635754507226720283e-04 -7.635754507226720283e-04 2.333144170331970203e-04 1.294917997740023009e-03
2.236067918588109660e-02 -7.635754507226720283e-04 -7.635754507226720283e-04 2.333144170331970203e-04 1.294917997740023009e-03
2.236067918588109660e-02 -7.635754507226720283e-04 -7.635754507226720283e-04 2.333144170331970203e-04 1.294917997740023009e-03
2.236067918588109660e-02 -7.635754507226720283e-04 -7.635754507226720283e-04 2.333144170331970203e-04 1.294917997740023009e-03
2.236067918588109660e-02 -7.635754507226720283e-04 -7.635754507226720283e-04 2.333144170331970203e-04 1.294917997740023009e-03
2.236067918588109660e-02 -7.635754507226720283e-04 -7.635754507226720283e-04 2.333144170331970203e-04 1.294917997740023009e-03
2.236067918588109660e-02 -7.635754507226720283e-04 -7.635754507226720283e-04 2.333144170331970203e-04 1.294917997740023009e-03
2.236067918588109660e-02 -7.635754507226720283e-04 -7.635754507226720283e-04 2.333144170331970203e-04 1.294917997740023009e-03
2.236067918588109660e-02 -7.635754507226720283e-04 -7.635754507226720283e-04 2.333144170331970203e-04 1.294917997740023009e-03
2.236067918588109660e-02 -7.635754507226720283e-04 -7.635754507226720283e-04 2.333144170331970203e-04 1.294917997740023009e-03
2.236067918588109660e-02 -7.635754507226720283e-04 -7.635754507226720283e-04 2.333144170331970203e-04 1.294917997740023009e-03
2.236067918588109660e-02 -7.635754507226720283e-04 -7.635754507226720283e-04 2.333144170331970203e-04 1.294917997740023009e-03
2.236067918588109660e-02 -7.635754507226720283e-04 -7.635754507226720283e-04 2.333144170331970203e-04 1.294917997740023009e-03
2.236067918588109660e-02 -7.635754507226720283e-04 -7.635754507226720283e-04 2.333144170331970203e-04 1.294917997740023009e-03
2.236067918588109660e-02 -7.635754507226720283e-04 -7.635754507226720283e-04 2.333144170331970203e-04 1.294917997740023009e-03
2.236067918588109660e-02 -7.635754507226720283e-04 -7.635754507226720283e-04 2.333144170331970203e-04 1.294917997740023009e-03
2.236067918588109660e-02 -7.635754507226720283e-04 -7.635754507226720283e-04 2.333144170331970203e-04 1.294917997740023009e-03
2.236067918588109660e-02 -7.635754507226720283e-04 -7.635754507226720283e-04 2.333144170331970203e-04 1.294917997740023009e-03
2.236067918588109660e-02 -7.635754507226720283e-04 -7.635754507226720283e-04 2.333144170331970203e-04 1.294917997740023009e-03
2.236067918588109660e-02 -7.635754507226720283e-04 -7.635754507226720283e-04 2.333144170331970203e-04 1.294917997740023009e-03
2.236067918588109660e-02 -7.635754507226720283e-04 -7.635754507226720283e-04 2.333144170331970203e-04 1.294917997740023009e-03
2.236067918588109660e-02 -7.635754507226720283e-04 -7.635754507226720283e-04 2.333144170331970203e-04 1.294917997740023009e-03
2.236067918588109660e-02 -7.635754507226720283e-04 -7.635754507226720283e-04 2.333144170331970203e-04 1.294917997740023009e-03
2.236067918588109660e-02 -7.635754507226720283e-04 -7.635754507226720283e-04 2.333144170331970203e-04 1.294917997740023009e-03
2.236067918588109660e-02 -7.635754507226720283e-04 -7.635754507226720283e-04 2.333144170331970203e-04 1.294917997740023009e-03
2.236067918588109660e-02 -7.635754507226720283e-04 -7.635754507226720283e-04 2.333144170331970203e-04 1.294917997740023009e-03
2.236067918588109660e-02 -7.635754507226720283e-04 -7.635754507226720283e-04 2.333144170331970203e-04 1.294917997740023009e-03
2.236067918588109660e-02 -7.635754507226720283e-04 -7.635754507226720283e-04 2.333144170331970203e-04 1.294917997740023009e-03
2.236067918588109660e-02 -7.635754507226720283e-04 -7.635754507226720283e-04 2.333144170331970203e-04 1.294917997740023009e-03
2.236067918588109660e-02 -7.635754507226720283e-04 -7.635754507226720283e-04 2.333144170331970203e-04 1.294917997740023009e-03
2.236067918588109660e-02 -7.635754507226720283e-04 -7.635754507226720283e-04 2.333144170331970203e-04 1.294917997740023009e-03
2.236067918588109660e-02 -7.635754507226720283e-04 -7.635754507226720283e-04 2.333144170331970203e-04 1.294917997740023009e-03
2.236067918588109660e-02 -7.635754507226720283e-04 -7.635754507226720283e-04 2.333144170331970203e-04 1.294917997740023009e-03
2.236067918588109660e-02 -7.635754507226720283e-04 -7.635754507226720283e-04 2.333144170331970203e-04 1.294917997740023009e-03
2.236067918588109660e-02 -7.635754507226720283e-04 -7.635754507226720283e-04 2.333144170331970203e-04 1.294917997740023009e-03
2.236067918588109660e-02 -7.635754507226720283e-04 -7.635754507226720283e-04 2.333144170331970203e-04 1.294917997740023009e-03
2.236067918588109660e-02 -7.635754507226720283e-04 -7.635754507226720283e-04 2.333144170331970203e-04 1.294917997740023009e-03
2.236067918588109660e-02 -7.635754507226720283e-04 -7.635754507226720283e-04 2.333144170331970203e-04 1.294917997740023009e-03
2.236067918588109660e-02 -7.635754507226720283e-04 -7.635754507226720283e-04 2.333144170331970203e-04 1.294917997740023009e-03
2.236067918588109660e-02 -7.635754507226720283e-04 -7.635754507226720283e-04 2.333144170331970203e-04 1.294917997740023009e-03
2.236067918588109660e-02 -7.635754507226720283e-04 -7.635754507226720283e-04 2.333144170331970203e-04 1.294917997740023009e-03
2.236067918588109660e-02 -7.635754507226720283e-04 -7.635754507226720283e-04 2.333144170331970203e-04 1.294917997740023009e-03
2.236067918588109660e-02 -7.635754507226720283e-04 -7.635754507226720283e-04 2.333144170331970203e-04 1.294917997740023009e-03
2.236067918588109660e-02 -7.635754507226720283e-04 -7.635754507226720283e-04 2.333144170331970203e-04 1.294917997740023009e-03
2.236067918588109660e-02 -7.635754507226720283e-04 -7.635754507226720283e-04 2.333144170331970203e-04 1.294917997740023009e-03
2.236067918588109660e-02 -7.635754507226720283e-04 -7.635754507226720283e-04 2.333144170331970203e-04 1.294917997740023009e-03
2.236067918588109660e-02 -7.635754507226720283e-04 -7.635754507226720283e-04 2.333144170331970203e-04 1.294917997740023009e-03
2.236067918588109660e-02 -7.635754507226720283e-04 -7.635754507226720283e-04 2.333144170331970203e-04 1.294917997740023009e-03
2.236067918588109660e-02 -7.635754507226720283e-04 -7.635754507226720283e-04 2.333144170331970203e-04 1.294917997740023009e-03
2.236067918588109660e-02 -7.635754507226720283e-04 -7.635754507226720283e-04 2.333144170331970203e-04 1.294917997740023009e-03
2.236067918588109660e-02 -7.635754507226720283e-04 -7.635754507226720283e-04 2.333144170331970203e-04 1.294917997740023009e-03
2.236067918588109660e-02 -7.635754507226720283e-04 -7.635754507226720283e-04 2.333144170331970203e-04 1.294917997740023009e-03
2.236067918588109660e-02 -7.635754507226720283e-04 -7.635754507226720283e-04 2.333144170331970203e-04 1.294917997740023009e-03
2.236067918588109660e-02 -7.635754507226720283e-04 -7.635754507226720283e-04 2.333144170331970203e-04 1.294917997740023009e-03
2.236067918588109660e-02 -7.635754507226720283e-04 -7.635754507226720283e-04 2.333144170331970203e-04 1.294917997740023009e-03
2.236067918588109660e-02 -7.635754507226720283e-04 -7.635754507226720283e-04 2.333144170331970203e-04 1.294917997740023009e-03
2.236067918588109660e-02 -7.635754507226720283e-04 -7.635754507226720283e-04 2.333144170331970203e-04 1.294917997740023009e-03
2.236067918588109660e-02 -7.635754507226720283e-04 -7.635754507226720283e-04 2.333144170331970203e-04 1.294917997740023009e-03
2.236067918588109660e-02 -7.635754507226720283e-04 -7.635754507226720283e-04 2.333144170331970203e-04 1.294917997740023009e-03
2.236067918588109660e-02 -7.635754507226720283e-04 -7.635754507226720283e-04 2.333144170331970203e-04 1.294917997740023009e-03
2.236067918588109660e-02 -7.635754507226720283e-04 -7.635754507226720283e-04 2.333144170331970203e-04 1.294917997740023009e-03
2.236067918588109660e-02 -7.635754507226720283e-04 -7.635754507226720283e-04 2.333144170331970203e-04 1.294917997740023009e-03
2.236067918588109660e-02 -7.635754507226720283e-04 -7.635754507226720283e-04 2.333144170331970203e-04 1.294917997740023009e-03
2.236067918588109660e-02 -7.635754507226720283e-04 -7.635754507226720283e-04 2.333144170331970203e-04 1.294917997740023009e-03
2.236067918588109660e-02 -7.635754507226720283e-04 -7.635754507226720283e-04 2.333144170331970203e-04 1.294917997740023009e-03
2.236067918588109660e-02 -7.635754507226720283e-04 -7.635754507226720283e-04 2.333144170331970203e-04 1.294917997740023009e-03
2.236067918588109660e-02 -7.635754507226720283e-04 -7.635754507226720283e-04 2.333144170331970203e-04 1.294917997740023009e-03
2.236067918588109660e-02 -7.635754507226720283e-04 -7.635754507226720283e-04 2.333144170331970203e-04 1.294917997740023009e-03
2.236067918588109660e-02 -7.635754507226720283e-04 -7.635754507226720283e-04 2.333144170331970203e-04 1.294917997740023009e-03
2.236067918588109660e-02 -7.635754507226720283e-04 -7.635754507226720283e-04 2.333144170331970203e-04 1.294917997740023009e-03
2.236067918588109660e-02 -7.635754507226720283e-04 -7.635754507226720283e-04 2.333144170331970203e-04 1.294917997740023009e-03
2.236067918588109660e-02 -7.635754507226720283e-04 -7.635754507226720283e-04 2.333144170331970203e-04 1.294917997740023009e-03
2.236067918588109660e-02 -7.635754507226720283e-04 -7.635754507226720283e-04 2.333144170331970203e-04 1.294917997740023009e-03
2.236067918588109660e-02 -7.635754507226720283e-04 -7.635754507226720283e-04 2.333144170331970203e-04 1.294917997740023009e-03
2.236067918588109660e-02 -7.635754507226720283e-04 -7.635754507226720283e-04 2.333144170331970203e-04 1.294917997740023009e-03
2.236067918588109660e-02 -7.635754507226720283e-04 -7.635754507226720283e-04 2.333144170331970203e-04 1.294917997740023009e-03
2.236067918588109660e-02 -7.635754507226720283e-04 -7.635754507226720283e-04 2.333144170331970203e-04 1.294917997740023009e-03
2.236067918588109660e-02 -7.635754507226720283e-04 -7.635754507226720283e-04 2.333144170331970203e-04 1.294917997740023009e-03
2.236067918588109660e-02 -7.635754507226720283e-04 -7.635754507226720283e-04 2.333144170331970203e-04 1.294917997740023009e-03
2.236067918588109660e-02 -7.635754507226720283e-04 -7.635754507226720283e-04 2.333144170331970203e-04 1.294917997740023009e-03
2.236067918588109660e-02 -7.635754507226720283e-04 -7.635754507226720283e-04 2.333144170331970203e-04 1.294917997740023009e-03
2.236067918588109660e-02 -7.635754507226720283e-04 -7.635754507226720283e-04 2.333144170331970203e-04 1.294917997740023009e-03
2.236067918588109660e-02 -7.635754507226720283e-04 -7.635754507226720283e-04 2.333144170331970203e-04 1.294917997740023009e-03
2.236067918588109660e-02 -7.635754507226720283e-04 -7.635754507226720283e-04 2.333144170331970203e-04 1.294917997740023009e-03
2.236067918588109660e-02 -7.635754507226720283e-04 -7.635754507226720283e-04 2.333144170331970203e-04 1.294917997740023009e-03
2.236067918588109660e-02 -7.635754507226720283e-04 -7.635754507226720283e-04 2.333144170331970203e-04 1.294917997740023009e-03
2.236067918588109660e-02 -7.635754507226720283e-04 -7.635754507226720283e-04 2.333144170331970203e-04 1.294917997740023009e-03
2.236067918588109660e-02 -7.635754507226720283e-04 -7.635754507226720283e-04 2.333144170331970203e-04 1.294917997740023009e-03
2.236067918588109660e-02 -7.635754507226720283e-04 -7.635754507226720283e-04 2.333144170331970203e-04 1.294917997740023009e-03
2.236067918588109660e-02 -7.635754507226720283e-04 -7.635754507226720283e-04 2.333144170331970203e-04 1.294917997740023009e-03
2.236067918588109660e-02 -7.635754507226720283e-04 -7.635754507226720283e-04 2.333144170331970203e-04 1.294917997740023009e-03
2.236067918588109660e-02 -7.635754507226720283e-04 -7.635754507226720283e-04 2.333144170331970203e-04 1.294917997740023009e-03
2.236067918588109660e-02 -7.635754507226720283e-04 -7.635754507226720283e-04 2.333144170331970203e-04 1.294917997740023009e-03
2.236067918588109660e-02 -7.635754507226720283e-04 -7.635754507226720283e-04 2.333144170331970203e-04 1.294917997740023009e-03
2.236067918588109660e-02 -7.635754507226720283e-04 -7.635754507226720283e-04 2.333144170331970203e-04 1.294917997740023009e-03
2.236067918588109660e-02 -7.635754507226720283e-04 -7.635754507226720283e-04 2.333144170331970203e-04 1.294917997740023009e-03
2.236067918588109660e-02 -7.635754507226720283e-04 -7.635754507226720283e-04 2.333144170331970203e-04 1.294917997740023009e-03
2.236067918588109660e-02 -7.635754507226720283e-04 -7.635754507226720283e-04 2.333144170331970203e-04 1.294917997740023009e-03
2.236067918588109660e-02 -7.635754507226720283e-04 -7.635754507226720283e-04 2.333144170331970203e-04 1.294917997740023009e-03
2.236067918588109660e-02 -7.635754507226720283e-04 -7.635754507226720283e-04 2.333144170331970203e-04 1.294917997740023009e-03
2.236067918588109660e-02 -7.635754507226720283e-04 -7.635754507226720283e-04 2.333144170331970203e-04 1.294917997740023009e-03
2.236067918588109660e-02 -7.635754507226720283e-04 -7.635754507226720283e-04 2.333144170331970203e-04 1.294917997740023009e-03
2.236067918588109660e-02 -7.635754507226720283e-04 -7.635754507226720283e-04 2.333144170331970203e-04 1.294917997740023009e-03
2.236067918588109660e-02 -7.635754507226720283e-04 -7.635754507226720283e-04 2.333144170331970203e-04 1.294917997740023009e-03
2.236067918588109660e-02 -7.635754507226720283e-04 -7.635754507226720283e-04 2.333144170331970203e-04 1.294917997740023009e-03
2.236067918588109660e-02 -7.635754507226720283e-04 -7.635754507226720283e-04 2.333144170331970203e-04 1.294917997740023009e-03
2.236067918588109660e-02 -7.635754507226720283e-04 -7.635754507226720283e-04 2.333144170331970203e-04 1.294917997740023009e-03
2.236067918588109660e-02 -7.635754507226720283e-04 -7.635754507226720283e-04 2.333144170331970203e-04 1.294917997740023009e-03
2.236067918588109660e-02 -7.635754507226720283e-04 -7.635754507226720283e-04 2.333144170331970203e-04 1.294917997740023009e-03
2.236067918588109660e-02 -7.635754507226720283e-04 -7.635754507226720283e-04 2.333144170331970203e-04 1.294917997740023009e-03
2.236067918588109660e-02 -7.635754507226720283e-04 -7.635754507226720283e-04 2.333144170331970203e-04 1.294917997740023009e-03
2.236067918588109660e-02 -7.635754507226720283e-04 -7.635754507226720283e-04 2.333144170331970203e-04 1.294917997740023009e-03
2.236067918588109660e-02 -7.635754507226720283e-04 -7.635754507226720283e-04 2.333144170331970203e-04 1.294917997740023009e-03
2.236067918588109660e-02 -7.635754507226720283e-04 -7.635754507226720283e-04 2.333144170331970203e-04 1.294917997740023009e-03
2.236067918588109660e-02 -7.635754507226720283e-04 -7.635754507226720283e-04 2.333144170331970203e-04 1.294917997740023009e-03
2.236067918588109660e-02 -7.635754507226720283e-04 -7.635754507226720283e-04 2.333144170331970203e-04 1.294917997740023009e-03
2.236067918588109660e-02 -7.635754507226720283e-04 -7.635754507226720283e-04 2.333144170331970203e-04 1.294917997740023009e-03
2.236067918588109660e-02 -7.635754507226720283e-04 -7.635754507226720283e-04 2.333144170331970203e-04 1.294917997740023009e-03
2.236067918588109660e-02 -7.635754507226720283e-04 -7.635754507226720283e-04 2.333144170331970203e-04 1.294917997740023009e-03
2.236067918588109660e-02 -7.635754507226720283e-04 -7.635754507226720283e-04 2.333144170331970203e-04 1.294917997740023009e-03
2.236067918588109660e-02 -7.635754507226720283e-04 -7.635754507226720283e-04 2.333144170331970203e-04 1.294917997740023009e-03
2.236067918588109660e-02 -7.635754507226720283e-04 -7.635754507226720283e-04 2.333144170331970203e-04 1.294917997740023009e-03
2.236067918588109660e-02 -7.635754507226720283e-04 -7.635754507226720283e-04 2.333144170331970203e-04 1.294917997740023009e-03
2.236067918588109660e-02 -7.635754507226720283e-04 -7.635754507226720283e-04 2.333144170331970203e-04 1.294917997740023009e-03
2.236067918588109660e-02 -7.635754507226720283e-04 -7.635754507226720283e-04 2.333144170331970203e-04 1.294917997740023009e-03
2.236067918588109660e-02 -7.635754507226720283e-04 -7.635754507226720283e-04 2.333144170331970203e-04 1.294917997740023009e-03
2.236067918588109660e-02 -7.635754507226720283e-04 -7.635754507226720283e-04 2.333144170331970203e-04 1.294917997740023009e-03
2.236067918588109660e-02 -7.635754507226720283e-04 -7.635754507226720283e-04 2.333144170331970203e-04 1.294917997740023009e-03
2.236067918588109660e-02 -7.635754507226720283e-04 -7.635754507226720283e-04 2.333144170331970203e-04 1.294917997740023009e-03
2.236067918588109660e-02 -7.635754507226720283e-04 -7.635754507226720283e-04 2.333144170331970203e-04 1.294917997740023009e-03
2.236067918588109660e-02 -7.635754507226720283e-04 -7.635754507226720283e-04 2.333144170331970203e-04 1.294917997740023009e-03
2.236067918588109660e-02 -7.635754507226720283e-04 -7.635754507226720283e-04 2.333144170331970203e-04 1.294917997740023009e-03
2.236067918588109660e-02 -7.635754507226720283e-04 -7.635754507226720283e-04 2.333144170331970203e-04 1.294917997740023009e-03
2.236067918588109660e-02 -7.635754507226720283e-04 -7.635754507226720283e-04 2.333144170331970203e-04 1.294917997740023009e-03
2.236067918588109660e-02 -7.635754507226720283e-04 -7.635754507226720283e-04 2.333144170331970203e-04 1.294917997740023009e-03
2.236067918588109660e-02 -7.635754507226720283e-04 -7.635754507226720283e-04 2.333144170331970203e-04 1.294917997740023009e-03
2.236067918588109660e-02 -7.635754507226720283e-04 -7.635754507226720283e-04 2.333144170331970203e-04 1.294917997740023009e-03
2.236067918588109660e-02 -7.635754507226720283e-04 -7.635754507226720283e-04 2.333144170331970203e-04 1.294917997740023009e-03
2.236067918588109660e-02 -7.635754507226720283e-04 -7.635754507226720283e-04 2.333144170331970203e-04 1.294917997740023009e-03
2.236067918588109660e-02 -7.635754507226720283e-04 -7.635754507226720283e-04 2.333144170331970203e-04 1.294917997740023009e-03
2.236067918588109660e-02 -7.635754507226720283e-04 -7.635754507226720283e-04 2.333144170331970203e-04 1.294917997740023009e-03
2.236067918588109660e-02 -7.635754507226720283e-04 -7.635754507226720283e-04 2.333144170331970203e-04 1.294917997740023009e-03
2.236067918588109660e-02 -7.635754507226720283e-04 -7.635754507226720283e-04 2.333144170331970203e-04 1.294917997740023009e-03
2.236067918588109660e-02 -7.635754507226720283e-04 -7.635754507226720283e-04 2.333144170331970203e-04 1.294917997740023009e-03
2.236067918588109660e-02 -7.635754507226720283e-04 -7.635754507226720283e-04 2.333144170331970203e-04 1.294917997740023009e-03
2.236067918588109660e-02 -7.635754507226720283e-04 -7.635754507226720283e-04 2.333144170331970203e-04 1.294917997740023009e-03
2.236067918588109660e-02 -7.635754507226720283e-04 -7.635754507226720283e-04 2.333144170331970203e-04 1.294917997740023009e-03
2.236067918588109660e-02 -7.635754507226720283e-04 -7.635754507226720283e-04 2.333144170331970203e-04 1.294917997740023009e-03
2.236067918588109660e-02 -7.635754507226720283e-04 -7.635754507226720283e-04 2.333144170331970203e-04 1.294917997740023009e-03
2.236067918588109660e-02 -7.635754507226720283e-04 -7.635754507226720283e-04 2.333144170331970203e-04 1.294917997740023009e-03
2.236067918588109660e-02 -7.635754507226720283e-04 -7.635754507226720283e-04 2.333144170331970203e-04 1.294917997740023009e-03
2.236067918588109660e-02 -7.635754507226720283e-04 -7.635754507226720283e-04 2.333144170331970203e-04 1.294917997740023009e-03
2.236067918588109660e-02 -7.635754507226720283e-04 -7.635754507226720283e-04 2.333144170331970203e-04 1.294917997740023009e-03
2.236067918588109660e-02 -7.635754507226720283e-04 -7.635754507226720283e-04 2.333144170331970203e-04 1.294917997740023009e-03
2.236067918588109660e-02 -7.635754507226720283e-04 -7.635754507226720283e-04 2.333144170331970203e-04 1.294917997740023009e-03
2.236067918588109660e-02 -7.635754507226720283e-04 -7.635754507226720283e-04 2.333144170331970203e-04 1.294917997740023009e-03
2.236067918588109660e-02 -7.635754507226720283e-04 -7.635754507226720283e-04 2.333144170331970203e-04 1.294917997740023009e-03
2.236067918588109660e-02 -7.635754507226720283e-04 -7.635754507226720283e-04 2.333144170331970203e-04 1.294917997740023009e-03
2.236067918588109660e-02 -7.635754507226720283e-04 -7.635754507226720283e-04 2.333144170331970203e-04 1.294917997740023009e-03
2.236067918588109660e-02 -7.635754507226720283e-04 -7.635754507226720283e-04 2.333144170331970203e-04 1.294917997740023009e-03
2.236067918588109660e-02 -7.635754507226720283e-04 -7.635754507226720283e-04 2.333144170331970203e-04 1.294917997740023009e-03
2.236067918588109660e-02 -7.635754507226720283e-04 -7.635754507226720283e-04 2.333144170331970203e-04 1.294917997740023009e-03
2.236067918588109660e-02 -7.635754507226720283e-04 -7.635754507226720283e-04 2.333144170331970203e-04 1.294917997740023009e-03
2.236067918588109660e-02 -7.635754507226720283e-04 -7.635754507226720283e-04 2.333144170331970203e-04 1.294917997740023009e-03
2.236067918588109660e-02 -7.635754507226720283e-04 -7.635754507226720283e-04 2.333144170331970203e-04 1.294917997740023009e-03
2.236067918588109660e-02 -7.635754507226720283e-04 -7.635754507226720283e-04 2.333144170331970203e-04 1.294917997740023009e-03
2.236067918588109660e-02 -7.635754507226720283e-04 -7.635754507226720283e-04 2.333144170331970203e-04 1.294917997740023009e-03
2.236067918588109660e-02 -7.635754507226720283e-04 -7.635754507226720283e-04 2.333144170331970203e-04 1.294917997740023009e-03
2.236067918588109660e-02 -7.635754507226720283e-04 -7.635754507226720283e-04 2.333144170331970203e-04 1.294917997740023009e-03
2.236067918588109660e-02 -7.635754507226720283e-04 -7.635754507226720283e-04 2.333144170331970203e-04 1.294917997740023009e-03
2.236067918588109660e-02 -7.635754507226720283e-04 -7.635754507226720283e-04 2.333144170331970203e-04 1.294917997740023009e-03
2.236067918588109660e-02 -7.635754507226720283e-04 -7.635754507226720283e-04 2.333144170331970203e-04 1.294917997740023009e-03
2.236067918588109660e-02 -7.635754507226720283e-04 -7.635754507226720283e-04 2.333144170331970203e-04 1.294917997740023009e-03
2.236067918588109660e-02 -7.635754507226720283e-04 -7.635754507226720283e-04 2.333144170331970203e-04 1.294917997740023009e-03
2.236067918588109660e-02 -7.635754507226720283e-04 -7.635754507226720283e-04 2.333144170331970203e-04 1.294917997740023009e-03
2.236067918588109660e-02 -7.635754507226720283e-04 -7.635754507226720283e-04 2.333144170331970203e-04 1.294917997740023009e-03
2.236067918588109660e-02 -7.635754507226720283e-04 -7.635754507226720283e-04 2.333144170331970203e-04 1.294917997740023009e-03
2.236067918588109660e-02 -7.635754507226720283e-04 -7.635754507226720283e-04 2.333144170331970203e-04 1.294917997740023009e-03
2.236067918588109660e-02 -7.635754507226720283e-04 -7.635754507226720283e-04 2.333144170331970203e-04 1.294917997740023009e-03
2.236067918588109660e-02 -7.635754507226720283e-04 -7.635754507226720283e-04 2.333144170331970203e-04 1.294917997740023009e-03
2.236067918588109660e-02 -7.635754507226720283e-04 -7.635754507226720283e-04 2.333144170331970203e-04 1.294917997740023009e-03
2.236067918588109660e-02 -7.635754507226720283e-04 -7.635754507226720283e-04 2.333144170331970203e-04 1.294917997740023009e-03
2.236067918588109660e-02 -7.635754507226720283e-04 -7.635754507226720283e-04 2.333144170331970203e-04 1.294917997740023009e-03
2.236067918588109660e-02 -7.635754507226720283e-04 -7.635754507226720283e-04 2.333144170331970203e-04 1.294917997740023009e-03
2.236067918588109660e-02 -7.635754507226720283e-04 -7.635754507226720283e-04 2.333144170331970203e-04 1.294917997740023009e-03
2.236067918588109660e-02 -7.635754507226720283e-04 -7.635754507226720283e-04 2.333144170331970203e-04 1.294917997740023009e-03
2.236067918588109660e-02 -7.635754507226720283e-04 -7.635754507226720283e-04 2.333144170331970203e-04 1.294917997740023009e-03
2.236067918588109660e-02 -7.635754507226720283e-04 -7.635754507226720283e-04 2.333144170331970203e-04 1.294917997740023009e-03
2.236067918588109660e-02 -7.635754507226720283e-04 -7.635754507226720283e-04 2.333144170331970203e-04 1.294917997740023009e-03
2.236067918588109660e-02 -7.635754507226720283e-04 -7.635754507226720283e-04 2.333144170331970203e-04 1.294917997740023009e-03
2.236067918588109660e-02 -7.635754507226720283e-04 -7.635754507226720283e-04 2.333144170331970203e-04 1.294917997740023009e-03
2.236067918588109660e-02 -7.635754507226720283e-04 -7.635754507226720283e-04 2.333144170331970203e-04 1.294917997740023009e-03
2.236067918588109660e-02 -7.635754507226720283e-04 -7.635754507226720283e-04 2.333144170331970203e-04 1.294917997740023009e-03
2.236067918588109660e-02 -7.635754507226720283e-04 -7.635754507226720283e-04 2.333144170331970203e-04 1.294917997740023009e-03
2.236067918588109660e-02 -7.635754507226720283e-04 -7.635754507226720283e-04 2.333144170331970203e-04 1.294917997740023009e-03
2.236067918588109660e-02 -7.635754507226720283e-04 -7.635754507226720283e-04 2.333144170331970203e-04 1.294917997740023009e-03
2.236067918588109660e-02 -7.635754507226720283e-04 -7.635754507226720283e-04 2.333144170331970203e-04 1.294917997740023009e-03
2.236067918588109660e-02 -7.635754507226720283e-04 -7.635754507226720283e-04 2.333144170331970203e-04 1.294917997740023009e-03
2.236067918588109660e-02 -7.635754507226720283e-04 -7.635754507226720283e-04 2.333144170331970203e-04 1.294917997740023009e-03
2.236067918588109660e-02 -7.635754507226720283e-04 -7.635754507226720283e-04 2.333144170331970203e-04 1.294917997740023009e-03
2.236067918588109660e-02 -7.635754507226720283e-04 -7.635754507226720283e-04 2.333144170331970203e-04 1.294917997740023009e-03
2.236067918588109660e-02 -7.635754507226720283e-04 -7.635754507226720283e-04 2.333144170331970203e-04 1.294917997740023009e-03
2.236067918588109660e-02 -7.635754507226720283e-04 -7.635754507226720283e-04 2.333144170331970203e-04 1.294917997740023009e-03
2.236067918588109660e-02 -7.635754507226720283e-04 -7.635754507226720283e-04 2.333144170331970203e-04 1.294917997740023009e-03
2.236067918588109660e-02 -7.635754507226720283e-04 -7.635754507226720283e-04 2.333144170331970203e-04 1.294917997740023009e-03
2.236067918588109660e-02 -7.635754507226720283e-04 -7.635754507226720283e-04 2.333144170331970203e-04 1.294917997740023009e-03
2.236067918588109660e-02 -7.635754507226720283e-04 -7.635754507226720283e-04 2.333144170331970203e-04 1.294917997740023009e-03
2.236067918588109660e-02 -7.635754507226720283e-04 -7.635754507226720283e-04 2.333144170331970203e-04 1.294917997740023009e-03
2.236067918588109660e-02 -7.635754507226720283e-04 -7.635754507226720283e-04 2.333144170331970203e-04 1.294917997740023009e-03
2.236067918588109660e-02 -7.635754507226720283e-04 -7.635754507226720283e-04 2.333144170331970203e-04 1.294917997740023009e-03
2.236067918588109660e-02 -7.635754507226720283e-04 -7.635754507226720283e-04 2.333144170331970203e-04 1.294917997740023009e-03
2.236067918588109660e-02 -7.635754507226720283e-04 -7.635754507226720283e-04 2.333144170331970203e-04 1.294917997740023009e-03
2.236067918588109660e-02 -7.635754507226720283e-04 -7.635754507226720283e-04 2.333144170331970203e-04 1.294917997740023009e-03
2.236067918588109660e-02 -7.635754507226720283e-04 -7.635754507226720283e-04 2.333144170331970203e-04 1.294917997740023009e-03
2.236067918588109660e-02 -7.635754507226720283e-04 -7.635754507226720283e-04 2.333144170331970203e-04 1.294917997740023009e-03
2.236067918588109660e-02 -7.635754507226720283e-04 -7.635754507226720283e-04 2.333144170331970203e-04 1.294917997740023009e-03
2.236067918588109660e-02 -7.635754507226720283e-04 -7.635754507226720283e-04 2.333144170331970203e-04 1.294917997740023009e-03
2.236067918588109660e-02 -7.635754507226720283e-04 -7.635754507226720283e-04 2.333144170331970203e-04 1.294917997740023009e-03
2.236067918588109660e-02 -7.635754507226720283e-04 -7.635754507226720283e-04 2.333144170331970203e-04 1.294917997740023009e-03
2.236067918588109660e-02 -7.635754507226720283e-04 -7.635754507226720283e-04 2.333144170331970203e-04 1.294917997740023009e-03
2.236067918588109660e-02 -7.635754507226720283e-04 -7.635754507226720283e-04 2.333144170331970203e-04 1.294917997740023009e-03
2.236067918588109660e-02 -7.635754507226720283e-04 -7.635754507226720283e-04 2.333144170331970203e-04 1.294917997740023009e-03
2.236067918588109660e-02 -7.635754507226720283e-04 -7.635754507226720283e-04 2.333144170331970203e-04 1.294917997740023009e-03
2.236067918588109660e-02 -7.635754507226720283e-04 -7.635754507226720283e-04 2.333144170331970203e-04 1.294917997740023009e-03
2.236067918588109660e-02 -7.635754507226720283e-04 -7.635754507226720283e-04 2.333144170331970203e-04 1.294917997740023009e-03
2.236067918588109660e-02 -7.635754507226720283e-04 -7.635754507226720283e-04 2.333144170331970203e-04 1.294917997740023009e-03
2.236067918588109660e-02 -7.635754507226720283e-04 -7.635754507226720283e-04 2.333144170331970203e-04 1.294917997740023009e-03
2.236067918588109660e-02 -7.635754507226720283e-04 -7.635754507226720283e-04 2.333144170331970203e-04 1.294917997740023009e-03
2.236067918588109660e-02 -7.635754507226720283e-04 -7.635754507226720283e-04 2.333144170331970203e-04 1.294917997740023009e-03
2.236067918588109660e-02 -7.635754507226720283e-04 -7.635754507226720283e-04 2.333144170331970203e-04 1.294917997740023009e-03
2.236067918588109660e-02 -7.635754507226720283e-04 -7.635754507226720283e-04 2.333144170331970203e-04 1.294917997740023009e-03
2.236067918588109660e-02 -7.635754507226720283e-04 -7.635754507226720283e-04 2.333144170331970203e-04 1.294917997740023009e-03
2.236067918588109660e-02 -7.635754507226720283e-04 -7.635754507226720283e-04 2.333144170331970203e-04 1.294917997740023009e-03
2.236067918588109660e-02 -7.635754507226720283e-04 -7.635754507226720283e-04 2.333144170331970203e-04 1.294917997740023009e-03
2.236067918588109660e-02 -7.635754507226720283e-04 -7.635754507226720283e-04 2.333144170331970203e-04 1.294917997740023009e-03
2.236067918588109660e-02 -7.635754507226720283e-04 -7.635754507226720283e-04 2.333144170331970203e-04 1.294917997740023009e-03
2.236067918588109660e-02 -7.635754507226720283e-04 -7.635754507226720283e-04 2.333144170331970203e-04 1.294917997740023009e-03
2.236067918588109660e-02 -7.635754507226720283e-04 -7.635754507226720283e-04 2.333144170331970203e-04 1.294917997740023009e-03
2.236067918588109660e-02 -7.635754507226720283e-04 -7.635754507226720283e-04 2.333144170331970203e-04 1.294917997740023009e-03
2.236067918588109660e-02 -7.635754507226720283e-04 -7.635754507226720283e-04 2.333144170331970203e-04 1.294917997740023009e-03
2.236067918588109660e-02 -7.635754507226720283e-04 -7.635754507226720283e-04 2.333144170331970203e-04 1.294917997740023009e-03
2.236067918588109660e-02 -7.635754507226720283e-04 -7.635754507226720283e-04 2.333144170331970203e-04 1.294917997740023009e-03
2.236067918588109660e-02 -7.635754507226720283e-04 -7.635754507226720283e-04 2.333144170331970203e-04 1.294917997740023009e-03
2.236067918588109660e-02 -7.635754507226720283e-04 -7.635754507226720283e-04 2.333144170331970203e-04 1.294917997740023009e-03
2.236067918588109660e-02 -7.635754507226720283e-04 -7.635754507226720283e-04 2.333144170331970203e-04 1.294917997740023009e-03
2.236067918588109660e-02 -7.635754507226720283e-04 -7.635754507226720283e-04 2.333144170331970203e-04 1.294917997740023009e-03
2.236067918588109660e-02 -7.635754507226720283e-04 -7.635754507226720283e-04 2.333144170331970203e-04 1.294917997740023009e-03
2.236067918588109660e-02 -7.635754507226720283e-04 -7.635754507226720283e-04 2.333144170331970203e-04 1.294917997740023009e-03
2.236067918588109660e-02 -7.635754507226720283e-04 -7.635754507226720283e-04 2.333144170331970203e-04 1.294917997740023009e-03
2.236067918588109660e-02 -7.635754507226720283e-04 -7.635754507226720283e-04 2.333144170331970203e-04 1.294917997740023009e-03
2.236067918588109660e-02 -7.635754507226720283e-04 -7.635754507226720283e-04 2.333144170331970203e-04 1.294917997740023009e-03
2.236067918588109660e-02 -7.635754507226720283e-04 -7.635754507226720283e-04 2.333144170331970203e-04 1.294917997740023009e-03
2.236067918588109660e-02 -7.635754507226720283e-04 -7.635754507226720283e-04 2.333144170331970203e-04 1.294917997740023009e-03
2.236067918588109660e-02 -7.635754507226720283e-04 -7.635754507226720283e-04 2.333144170331970203e-04 1.294917997740023009e-03
2.236067918588109660e-02 -7.635754507226720283e-04 -7.635754507226720283e-04 2.333144170331970203e-04 1.294917997740023009e-03
2.236067918588109660e-02 -7.635754507226720283e-04 -7.635754507226720283e-04 2.333144170331970203e-04 1.294917997740023009e-03
2.236067918588109660e-02 -7.635754507226720283e-04 -7.635754507226720283e-04 2.333144170331970203e-04 1.294917997740023009e-03
2.236067918588109660e-02 -7.635754507226720283e-04 -7.635754507226720283e-04 2.333144170331970203e-04 1.294917997740023009e-03
2.236067918588109660e-02 -7.635754507226720283e-04 -7.635754507226720283e-04 2.333144170331970203e-04 1.294917997740023009e-03
2.236067918588109660e-02 -7.635754507226720283e-04 -7.635754507226720283e-04 2.333144170331970203e-04 1.294917997740023009e-03
2.236067918588109660e-02 -7.635754507226720283e-04 -7.635754507226720283e-04 2.333144170331970203e-04 1.294917997740023009e-03
2.236067918588109660e-02 -7.635754507226720283e-04 -7.635754507226720283e-04 2.333144170331970203e-04 1.294917997740023009e-03
2.236067918588109660e-02 -7.635754507226720283e-04 -7.635754507226720283e-04 2.333144170331970203e-04 1.294917997740023009e-03
2.236067918588109660e-02 -7.635754507226720283e-04 -7.635754507226720283e-04 2.333144170331970203e-04 1.294917997740023009e-03
2.236067918588109660e-02 -7.635754507226720283e-04 -7.635754507226720283e-04 2.333144170331970203e-04 1.294917997740023009e-03
2.236067918588109660e-02 -7.635754507226720283e-04 -7.635754507226720283e-04 2.333144170331970203e-04 1.294917997740023009e-03
2.236067918588109660e-02 -7.635754507226720283e-04 -7.635754507226720283e-04 2.333144170331970203e-04 1.294917997740023009e-03
2.236067918588109660e-02 -7.635754507226720283e-04 -7.635754507226720283e-04 2.333144170331970203e-04 1.294917997740023009e-03
2.236067918588109660e-02 -7.635754507226720283e-04 -7.635754507226720283e-04 2.333144170331970203e-04 1.294917997740023009e-03
2.236067918588109660e-02 -7.635754507226720283e-04 -7.635754507226720283e-04 2.333144170331970203e-04 1.294917997740023009e-03
2.236067918588109660e-02 -7.635754507226720283e-04 -7.635754507226720283e-04 2.333144170331970203e-04 1.294917997740023009e-03
2.236067918588109660e-02 -7.635754507226720283e-04 -7.635754507226720283e-04 2.333144170331970203e-04 1.294917997740023009e-03
2.236067918588109660e-02 -7.635754507226720283e-04 -7.635754507226720283e-04 2.333144170331970203e-04 1.294917997740023009e-03
2.236067918588109660e-02 -7.635754507226720283e-04 -7.635754507226720283e-04 2.333144170331970203e-04 1.294917997740023009e-03
2.236067918588109660e-02 -7.635754507226720283e-04 -7.635754507226720283e-04 2.333144170331970203e-04 1.294917997740023009e-03
2.236067918588109660e-02 -7.635754507226720283e-04 -7.635754507226720283e-04 2.333144170331970203e-04 1.294917997740023009e-03
2.236067918588109660e-02 -7.635754507226720283e-04 -7.635754507226720283e-04 2.333144170331970203e-04 1.294917997740023009e-03
2.236067918588109660e-02 -7.635754507226720283e-04 -7.635754507226720283e-04 2.333144170331970203e-04 1.294917997740023009e-03
2.236067918588109660e-02 -7.635754507226720283e-04 -7.635754507226720283e-04 2.333144170331970203e-04 1.294917997740023009e-03
2.236067918588109660e-02 -7.635754507226720283e-04 -7.635754507226720283e-04 2.333144170331970203e-04 1.294917997740023009e-03
2.236067918588109660e-02 -7.635754507226720283e-04 -7.635754507226720283e-04 2.333144170331970203e-04 1.294917997740023009e-03
2.236067918588109660e-02 -7.635754507226720283e-04 -7.635754507226720283e-04 2.333144170331970203e-04 1.294917997740023009e-03
2.236067918588109660e-02 -7.635754507226720283e-04 -7.635754507226720283e-04 2.333144170331970203e-04 1.294917997740023009e-03
2.236067918588109660e-02 -7.635754507226720283e-04 -7.635754507226720283e-04 2.333144170331970203e-04 1.294917997740023009e-03
2.236067918588109660e-02 -7.635754507226720283e-04 -7.635754507226720283e-04 2.333144170331970203e-04 1.294917997740023009e-03
2.236067918588109660e-02 -7.635754507226720283e-04 -7.635754507226720283e-04 2.333144170331970203e-04 1.294917997740023009e-03
2.236067918588109660e-02 -7.635754507226720283e-04 -7.635754507226720283e-04 2.333144170331970203e-04 1.294917997740023009e-03
2.236067918588109660e-02 -7.635754507226720283e-04 -7.635754507226720283e-04 2.333144170331970203e-04 1.294917997740023009e-03
2.236067918588109660e-02 -7.635754507226720283e-04 -7.635754507226720283e-04 2.333144170331970203e-04 1.294917997740023009e-03
2.236067918588109660e-02 -7.635754507226720283e-04 -7.635754507226720283e-04 2.333144170331970203e-04 1.294917997740023009e-03
2.236067918588109660e-02 -7.635754507226720283e-04 -7.635754507226720283e-04 2.333144170331970203e-04 1.294917997740023009e-03
2.236067918588109660e-02 -7.635754507226720283e-04 -7.635754507226720283e-04 2.333144170331970203e-04 1.294917997740023009e-03
2.236067918588109660e-02 -7.635754507226720283e-04 -7.635754507226720283e-04 2.333144170331970203e-04 1.294917997740023009e-03
2.236067918588109660e-02 -7.635754507226720283e-04 -7.635754507226720283e-04 2.333144170331970203e-04 1.294917997740023009e-03
2.236067918588109660e-02 -7.635754507226720283e-04 -7.635754507226720283e-04 2.333144170331970203e-04 1.294917997740023009e-03
2.236067918588109660e-02 -7.635754507226720283e-04 -7.635754507226720283e-04 2.333144170331970203e-04 1.294917997740023009e-03
2.236067918588109660e-02 -7.635754507226720283e-04 -7.635754507226720283e-04 2.333144170331970203e-04 1.294917997740023009e-03
2.236067918588109660e-02 -7.635754507226720283e-04 -7.635754507226720283e-04 2.333144170331970203e-04 1.294917997740023009e-03
2.236067918588109660e-02 -7.635754507226720283e-04 -7.635754507226720283e-04 2.333144170331970203e-04 1.294917997740023009e-03
2.236067918588109660e-02 -7.635754507226720283e-04 -7.635754507226720283e-04 2.333144170331970203e-04 1.294917997740023009e-03
2.236067918588109660e-02 -7.635754507226720283e-04 -7.635754507226720283e-04 2.333144170331970203e-04 1.294917997740023009e-03
2.236067918588109660e-02 -7.635754507226720283e-04 -7.635754507226720283e-04 2.333144170331970203e-04 1.294917997740023009e-03
2.236067918588109660e-02 -7.635754507226720283e-04 -7.635754507226720283e-04 2.333144170331970203e-04 1.294917997740023009e-03
2.236067918588109660e-02 -7.635754507226720283e-04 -7.635754507226720283e-04 2.333144170331970203e-04 1.294917997740023009e-03
2.236067918588109660e-02 -7.635754507226720283e-04 -7.635754507226720283e-04 2.333144170331970203e-04 1.294917997740023009e-03
2.236067918588109660e-02 -7.635754507226720283e-04 -7.635754507226720283e-04 2.333144170331970203e-04 1.294917997740023009e-03
2.236067918588109660e-02 -7.635754507226720283e-04 -7.635754507226720283e-04 2.333144170331970203e-04 1.294917997740023009e-03
2.236067918588109660e-02 -7.635754507226720283e-04 -7.635754507226720283e-04 2.333144170331970203e-04 1.294917997740023009e-03
2.236067918588109660e-02 -7.635754507226720283e-04 -7.635754507226720283e-04 2.333144170331970203e-04 1.294917997740023009e-03
2.236067918588109660e-02 -7.635754507226720283e-04 -7.635754507226720283e-04 2.333144170331970203e-04 1.294917997740023009e-03
2.236067918588109660e-02 -7.635754507226720283e-04 -7.635754507226720283e-04 2.333144170331970203e-04 1.294917997740023009e-03
2.236067918588109660e-02 -7.635754507226720283e-04 -7.635754507226720283e-04 2.333144170331970203e-04 1.294917997740023009e-03
2.236067918588109660e-02 -7.635754507226720283e-04 -7.635754507226720283e-04 2.333144170331970203e-04 1.294917997740023009e-03
2.236067918588109660e-02 -7.635754507226720283e-04 -7.635754507226720283e-04 2.333144170331970203e-04 1.294917997740023009e-03
2.236067918588109660e-02 -7.635754507226720283e-04 -7.635754507226720283e-04 2.333144170331970203e-04 1.294917997740023009e-03
2.236067918588109660e-02 -7.635754507226720283e-04 -7.635754507226720283e-04 2.333144170331970203e-04 1.294917997740023009e-03
2.236067918588109660e-02 -7.635754507226720283e-04 -7.635754507226720283e-04 2.333144170331970203e-04 1.294917997740023009e-03
2.236067918588109660e-02 -7.635754507226720283e-04 -7.635754507226720283e-04 2.333144170331970203e-04 1.294917997740023009e-03
2.236067918588109660e-02 -7.635754507226720283e-04 -7.635754507226720283e-04 2.333144170331970203e-04 1.294917997740023009e-03
2.236067918588109660e-02 -7.635754507226720283e-04 -7.635754507226720283e-04 2.333144170331970203e-04 1.294917997740023009e-03
2.236067918588109660e-02 -7.635754507226720283e-04 -7.635754507226720283e-04 2.333144170331970203e-04 1.294917997740023009e-03
2.236067918588109660e-02 -7.635754507226720283e-04 -7.635754507226720283e-04 2.333144170331970203e-04 1.294917997740023009e-03
2.236067918588109660e-02 -7.635754507226720283e-04 -7.635754507226720283e-04 2.333144170331970203e-04 1.294917997740023009e-03
2.236067918588109660e-02 -7.635754507226720283e-04 -7.635754507226720283e-04 2.333144170331970203e-04 1.294917997740023009e-03
2.236067918588109660e-02 -7.635754507226720283e-04 -7.635754507226720283e-04 2.333144170331970203e-04 1.294917997740023009e-03
2.236067918588109660e-02 -7.635754507226720283e-04 -7.635754507226720283e-04 2.333144170331970203e-04 1.294917997740023009e-03
2.236067918588109660e-02 -7.635754507226720283e-04 -7.635754507226720283e-04 2.333144170331970203e-04 1.294917997740023009e-03
2.236067918588109660e-02 -7.635754507226720283e-04 -7.635754507226720283e-04 2.333144170331970203e-04 1.294917997740023009e-03
2.236067918588109660e-02 -7.635754507226720283e-04 -7.635754507226720283e-04 2.333144170331970203e-04 1.294917997740023009e-03
2.236067918588109660e-02 -7.635754507226720283e-04 -7.635754507226720283e-04 2.333144170331970203e-04 1.294917997740023009e-03
2.236067918588109660e-02 -7.635754507226720283e-04 -7.635754507226720283e-04 2.333144170331970203e-04 1.294917997740023009e-03
2.236067918588109660e-02 -7.635754507226720283e-04 -7.635754507226720283e-04 2.333144170331970203e-04 1.294917997740023009e-03
2.236067918588109660e-02 -7.635754507226720283e-04 -7.635754507226720283e-04 2.333144170331970203e-04 1.294917997740023009e-03
2.236067918588109660e-02 -7.635754507226720283e-04 -7.635754507226720283e-04 2.333144170331970203e-04 1.294917997740023009e-03
2.236067918588109660e-02 -7.635754507226720283e-04 -7.635754507226720283e-04 2.333144170331970203e-04 1.294917997740023009e-03
2.236067918588109660e-02 -7.635754507226720283e-04 -7.635754507226720283e-04 2.333144170331970203e-04 1.294917997740023009e-03
2.236067918588109660e-02 -7.635754507226720283e-04 -7.635754507226720283e-04 2.333144170331970203e-04 1.294917997740023009e-03
2.236067918588109660e-02 -7.635754507226720283e-04 -7.635754507226720283e-04 2.333144170331970203e-04 1.294917997740023009e-03
2.236067918588109660e-02 -7.635754507226720283e-04 -7.635754507226720283e-04 2.333144170331970203e-04 1.294917997740023009e-03
2.236067918588109660e-02 -7.635754507226720283e-04 -7.635754507226720283e-04 2.333144170331970203e-04 1.294917997740023009e-03
2.236067918588109660e-02 -7.635754507226720283e-04 -7.635754507226720283e-04 2.333144170331970203e-04 1.294917997740023009e-03
2.236067918588109660e-02 -7.635754507226720283e-04 -7.635754507226720283e-04 2.333144170331970203e-04 1.294917997740023009e-03
2.236067918588109660e-02 -7.635754507226720283e-04 -7.635754507226720283e-04 2.333144170331970203e-04 1.294917997740023009e-03
2.236067918588109660e-02 -7.635754507226720283e-04 -7.635754507226720283e-04 2.333144170331970203e-04 1.294917997740023009e-03
2.236067918588109660e-02 -7.635754507226720283e-04 -7.635754507226720283e-04 2.333144170331970203e-04 1.294917997740023009e-03
2.236067918588109660e-02 -7.635754507226720283e-04 -7.635754507226720283e-04 2.333144170331970203e-04 1.294917997740023009e-03
2.236067918588109660e-02 -7.635754507226720283e-04 -7.635754507226720283e-04 2.333144170331970203e-04 1.294917997740023009e-03
2.236067918588109660e-02 -7.635754507226720283e-04 -7.635754507226720283e-04 2.333144170331970203e-04 1.294917997740023009e-03
2.236067918588109660e-02 -7.635754507226720283e-04 -7.635754507226720283e-04 2.333144170331970203e-04 1.294917997740023009e-03
2.236067918588109660e-02 -7.635754507226720283e-04 -7.635754507226720283e-04 2.333144170331970203e-04 1.294917997740023009e-03
2.236067918588109660e-02 -7.635754507226720283e-04 -7.635754507226720283e-04 2.333144170331970203e-04 1.294917997740023009e-03
2.236067918588109660e-02 -7.635754507226720283e-04 -7.635754507226720283e-04 2.333144170331970203e-04 1.294917997740023009e-03
2.236067918588109660e-02 -7.635754507226720283e-04 -7.635754507226720283e-04 2.333144170331970203e-04 1.294917997740023009e-03
2.236067918588109660e-02 -7.635754507226720283e-04 -7.635754507226720283e-04 2.333144170331970203e-04 1.294917997740023009e-03
2.236067918588109660e-02 -7.635754507226720283e-04 -7.635754507226720283e-04 2.333144170331970203e-04 1.294917997740023009e-03
2.236067918588109660e-02 -7.635754507226720283e-04 -7.635754507226720283e-04 2.333144170331970203e-04 1.294917997740023009e-03
2.236067918588109660e-02 -7.635754507226720283e-04 -7.635754507226720283e-04 2.333144170331970203e-04 1.294917997740023009e-03
2.236067918588109660e-02 -7.635754507226720283e-04 -7.635754507226720283e-04 2.333144170331970203e-04 1.294917997740023009e-03
2.236067918588109660e-02 -7.635754507226720283e-04 -7.635754507226720283e-04 2.333144170331970203e-04 1.294917997740023009e-03
2.236067918588109660e-02 -7.635754507226720283e-04 -7.635754507226720283e-04 2.333144170331970203e-04 1.294917997740023009e-03
2.236067918588109660e-02 -7.635754507226720283e-04 -7.635754507226720283e-04 2.333144170331970203e-04 1.294917997740023009e-03
2.236067918588109660e-02 -7.635754507226720283e-04 -7.635754507226720283e-04 2.333144170331970203e-04 1.294917997740023009e-03
2.236067918588109660e-02 -7.635754507226720283e-04 -7.635754507226720283e-04 2.333144170331970203e-04 1.294917997740023009e-03
2.236067918588109660e-02 -7.635754507226720283e-04 -7.635754507226720283e-04 2.333144170331970203e-04 1.294917997740023009e-03
2.236067918588109660e-02 -7.635754507226720283e-04 -7.635754507226720283e-04 2.333144170331970203e-04 1.294917997740023009e-03
2.236067918588109660e-02 -7.635754507226720283e-04 -7.635754507226720283e-04 2.333144170331970203e-04 1.294917997740023009e-03
2.236067918588109660e-02 -7.635754507226720283e-04 -7.635754507226720283e-04 2.333144170331970203e-04 1.294917997740023009e-03
2.236067918588109660e-02 -7.635754507226720283e-04 -7.635754507226720283e-04 2.333144170331970203e-04 1.294917997740023009e-03
2.236067918588109660e-02 -7.635754507226720283e-04 -7.635754507226720283e-04 2.333144170331970203e-04 1.294917997740023009e-03
2.236067918588109660e-02 -7.635754507226720283e-04 -7.635754507226720283e-04 2.333144170331970203e-04 1.294917997740023009e-03
2.236067918588109660e-02 -7.635754507226720283e-04 -7.635754507226720283e-04 2.333144170331970203e-04 1.294917997740023009e-03
2.236067918588109660e-02 -7.635754507226720283e-04 -7.635754507226720283e-04 2.333144170331970203e-04 1.294917997740023009e-03
2.236067918588109660e-02 -7.635754507226720283e-04 -7.635754507226720283e-04 2.333144170331970203e-04 1.294917997740023009e-03
2.236067918588109660e-02 -7.635754507226720283e-04 -7.635754507226720283e-04 2.333144170331970203e-04 1.294917997740023009e-03
2.236067918588109660e-02 -7.635754507226720283e-04 -7.635754507226720283e-04 2.333144170331970203e-04 1.294917997740023009e-03
2.236067918588109660e-02 -7.635754507226720283e-04 -7.635754507226720283e-04 2.333144170331970203e-04 1.294917997740023009e-03
2.236067918588109660e-02 -7.635754507226720283e-04 -7.635754507226720283e-04 2.333144170331970203e-04 1.294917997740023009e-03
2.236067918588109660e-02 -7.635754507226720283e-04 -7.635754507226720283e-04 2.333144170331970203e-04 1.294917997740023009e-03
2.236067918588109660e-02 -7.635754507226720283e-04 -7.635754507226720283e-04 2.333144170331970203e-04 1.294917997740023009e-03
2.236067918588109660e-02 -7.635754507226720283e-04 -7.635754507226720283e-04 2.333144170331970203e-04 1.294917997740023009e-03
2.236067918588109660e-02 -7.635754507226720283e-04 -7.635754507226720283e-04 2.333144170331970203e-04 1.294917997740023009e-03
2.236067918588109660e-02 -7.635754507226720283e-04 -7.635754507226720283e-04 2.333144170331970203e-04 1.294917997740023009e-03
2.236067918588109660e-02 -7.635754507226720283e-04 -7.635754507226720283e-04 2.333144170331970203e-04 1.294917997740023009e-03
2.236067918588109660e-02 -7.635754507226720283e-04 -7.635754507226720283e-04 2.333144170331970203e-04 1.294917997740023009e-03
2.236067918588109660e-02 -7.635754507226720283e-04 -7.635754507226720283e-04 2.333144170331970203e-04 1.294917997740023009e-03
2.236067918588109660e-02 -7.635754507226720283e-04 -7.635754507226720283e-04 2.333144170331970203e-04 1.294917997740023009e-03
2.236067918588109660e-02 -7.635754507226720283e-04 -7.635754507226720283e-04 2.333144170331970203e-04 1.294917997740023009e-03
2.236067918588109660e-02 -7.635754507226720283e-04 -7.635754507226720283e-04 2.333144170331970203e-04 1.294917997740023009e-03
2.236067918588109660e-02 -7.635754507226720283e-04 -7.635754507226720283e-04 2.333144170331970203e-04 1.294917997740023009e-03
2.236067918588109660e-02 -7.635754507226720283e-04 -7.635754507226720283e-04 2.333144170331970203e-04 1.294917997740023009e-03
2.236067918588109660e-02 -7.635754507226720283e-04 -7.635754507226720283e-04 2.333144170331970203e-04 1.294917997740023009e-03
2.236067918588109660e-02 -7.635754507226720283e-04 -7.635754507226720283e-04 2.333144170331970203e-04 1.294917997740023009e-03
2.236067918588109660e-02 -7.635754507226720283e-04 -7.635754507226720283e-04 2.333144170331970203e-04 1.294917997740023009e-03
2.236067918588109660e-02 -7.635754507226720283e-04 -7.635754507226720283e-04 2.333144170331970203e-04 1.294917997740023009e-03
2.236067918588109660e-02 -7.635754507226720283e-04 -7.635754507226720283e-04 2.333144170331970203e-04 1.294917997740023009e-03
2.236067918588109660e-02 -7.635754507226720283e-04 -7.635754507226720283e-04 2.333144170331970203e-04 1.294917997740023009e-03
2.236067918588109660e-02 -7.635754507226720283e-04 -7.635754507226720283e-04 2.333144170331970203e-04 1.294917997740023009e-03
2.236067918588109660e-02 -7.635754507226720283e-04 -7.635754507226720283e-04 2.333144170331970203e-04 1.294917997740023009e-03
2.236067918588109660e-02 -7.635754507226720283e-04 -7.635754507226720283e-04 2.333144170331970203e-04 1.294917997740023009e-03
2.236067918588109660e-02 -7.635754507226720283e-04 -7.635754507226720283e-04 2.333144170331970203e-04 1.294917997740023009e-03
2.236067918588109660e-02 -7.635754507226720283e-04 -7.635754507226720283e-04 2.333144170331970203e-04 1.294917997740023009e-03
2.236067918588109660e-02 -7.635754507226720283e-04 -7.635754507226720283e-04 2.333144170331970203e-04 1.294917997740023009e-03
2.236067918588109660e-02 -7.635754507226720283e-04 -7.635754507226720283e-04 2.333144170331970203e-04 1.294917997740023009e-03
2.236067918588109660e-02 -7.635754507226720283e-04 -7.635754507226720283e-04 2.333144170331970203e-04 1.294917997740023009e-03
2.236067918588109660e-02 -7.635754507226720283e-04 -7.635754507226720283e-04 2.333144170331970203e-04 1.294917997740023009e-03
2.236067918588109660e-02 -7.635754507226720283e-04 -7.635754507226720283e-04 2.333144170331970203e-04 1.294917997740023009e-03
2.236067918588109660e-02 -7.635754507226720283e-04 -7.635754507226720283e-04 2.333144170331970203e-04 1.294917997740023009e-03
2.236067918588109660e-02 -7.635754507226720283e-04 -7.635754507226720283e-04 2.333144170331970203e-04 1.294917997740023009e-03
2.236067918588109660e-02 -7.635754507226720283e-04 -7.635754507226720283e-04 2.333144170331970203e-04 1.294917997740023009e-03
2.236067918588109660e-02 -7.635754507226720283e-04 -7.635754507226720283e-04 2.333144170331970203e-04 1.294917997740023009e-03
2.236067918588109660e-02 -7.635754507226720283e-04 -7.635754507226720283e-04 2.333144170331970203e-04 1.294917997740023009e-03
2.236067918588109660e-02 -7.635754507226720283e-04 -7.635754507226720283e-04 2.333144170331970203e-04 1.294917997740023009e-03
2.236067918588109660e-02 -7.635754507226720283e-04 -7.635754507226720283e-04 2.333144170331970203e-04 1.294917997740023009e-03
2.236067918588109660e-02 -7.635754507226720283e-04 -7.635754507226720283e-04 2.333144170331970203e-04 1.294917997740023009e-03
2.236067918588109660e-02 -7.635754507226720283e-04 -7.635754507226720283e-04 2.333144170331970203e-04 1.294917997740023009e-03
2.236067918588109660e-02 -7.635754507226720283e-04 -7.635754507226720283e-04 2.333144170331970203e-04 1.294917997740023009e-03
2.236067918588109660e-02 -7.635754507226720283e-04 -7.635754507226720283e-04 2.333144170331970203e-04 1.294917997740023009e-03
2.236067918588109660e-02 -7.635754507226720283e-04 -7.635754507226720283e-04 2.333144170331970203e-04 1.294917997740023009e-03
2.236067918588109660e-02 -7.635754507226720283e-04 -7.635754507226720283e-04 2.333144170331970203e-04 1.294917997740023009e-03
2.236067918588109660e-02 -7.635754507226720283e-04 -7.635754507226720283e-04 2.333144170331970203e-04 1.294917997740023009e-03
2.236067918588109660e-02 -7.635754507226720283e-04 -7.635754507226720283e-04 2.333144170331970203e-04 1.294917997740023009e-03
2.236067918588109660e-02 -7.635754507226720283e-04 -7.635754507226720283e-04 2.333144170331970203e-04 1.294917997740023009e-03
2.236067918588109660e-02 -7.635754507226720283e-04 -7.635754507226720283e-04 2.333144170331970203e-04 1.294917997740023009e-03
2.236067918588109660e-02 -7.635754507226720283e-04 -7.635754507226720283e-04 2.333144170331970203e-04 1.294917997740023009e-03
2.236067918588109660e-02 -7.635754507226720283e-04 -7.635754507226720283e-04 2.333144170331970203e-04 1.294917997740023009e-03
2.236067918588109660e-02 -7.635754507226720283e-04 -7.635754507226720283e-04 2.333144170331970203e-04 1.294917997740023009e-03
2.236067918588109660e-02 -7.635754507226720283e-04 -7.635754507226720283e-04 2.333144170331970203e-04 1.294917997740023009e-03
2.236067918588109660e-02 -7.635754507226720283e-04 -7.635754507226720283e-04 2.333144170331970203e-04 1.294917997740023009e-03
2.236067918588109660e-02 -7.635754507226720283e-04 -7.635754507226720283e-04 2.333144170331970203e-04 1.294917997740023009e-03
2.236067918588109660e-02 -7.635754507226720283e-04 -7.635754507226720283e-04 2.333144170331970203e-04 1.294917997740023009e-03
2.236067918588109660e-02 -7.635754507226720283e-04 -7.635754507226720283e-04 2.333144170331970203e-04 1.294917997740023009e-03
2.236067918588109660e-02 -7.635754507226720283e-04 -7.635754507226720283e-04 2.333144170331970203e-04 1.294917997740023009e-03
2.236067918588109660e-02 -7.635754507226720283e-04 -7.635754507226720283e-04 2.333144170331970203e-04 1.294917997740023009e-03
2.236067918588109660e-02 -7.635754507226720283e-04 -7.635754507226720283e-04 2.333144170331970203e-04 1.294917997740023009e-03
2.236067918588109660e-02 -7.635754507226720283e-04 -7.635754507226720283e-04 2.333144170331970203e-04 1.294917997740023009e-03
2.236067918588109660e-02 -7.635754507226720283e-04 -7.635754507226720283e-04 2.333144170331970203e-04 1.294917997740023009e-03
2.236067918588109660e-02 -7.635754507226720283e-04 -7.635754507226720283e-04 2.333144170331970203e-04 1.294917997740023009e-03
2.236067918588109660e-02 -7.635754507226720283e-04 -7.635754507226720283e-04 2.333144170331970203e-04 1.294917997740023009e-03
2.236067918588109660e-02 -7.635754507226720283e-04 -7.635754507226720283e-04 2.333144170331970203e-04 1.294917997740023009e-03
2.236067918588109660e-02 -7.635754507226720283e-04 -7.635754507226720283e-04 2.333144170331970203e-04 1.294917997740023009e-03
2.236067918588109660e-02 -7.635754507226720283e-04 -7.635754507226720283e-04 2.333144170331970203e-04 1.294917997740023009e-03
2.236067918588109660e-02 -7.635754507226720283e-04 -7.635754507226720283e-04 2.333144170331970203e-04 1.294917997740023009e-03
2.236067918588109660e-02 -7.635754507226720283e-04 -7.635754507226720283e-04 2.333144170331970203e-04 1.294917997740023009e-03
2.236067918588109660e-02 -7.635754507226720283e-04 -7.635754507226720283e-04 2.333144170331970203e-04 1.294917997740023009e-03
2.236067918588109660e-02 -7.635754507226720283e-04 -7.635754507226720283e-04 2.333144170331970203e-04 1.294917997740023009e-03
2.236067918588109660e-02 -7.635754507226720283e-04 -7.635754507226720283e-04 2.333144170331970203e-04 1.294917997740023009e-03
2.236067918588109660e-02 -7.635754507226720283e-04 -7.635754507226720283e-04 2.333144170331970203e-04 1.294917997740023009e-03
2.236067918588109660e-02 -7.635754507226720283e-04 -7.635754507226720283e-04 2.333144170331970203e-04 1.294917997740023009e-03
2.236067918588109660e-02 -7.635754507226720283e-04 -7.635754507226720283e-04 2.333144170331970203e-04 1.294917997740023009e-03
2.236067918588109660e-02 -7.635754507226720283e-04 -7.635754507226720283e-04 2.333144170331970203e-04 1.294917997740023009e-03
2.236067918588109660e-02 -7.635754507226720283e-04 -7.635754507226720283e-04 2.333144170331970203e-04 1.294917997740023009e-03
2.236067918588109660e-02 -7.635754507226720283e-04 -7.635754507226720283e-04 2.333144170331970203e-04 1.294917997740023009e-03
2.236067918588109660e-02 -7.635754507226720283e-04 -7.635754507226720283e-04 2.333144170331970203e-04 1.294917997740023009e-03
2.236067918588109660e-02 -7.635754507226720283e-04 -7.635754507226720283e-04 2.333144170331970203e-04 1.294917997740023009e-03
2.236067918588109660e-02 -7.635754507226720283e-04 -7.635754507226720283e-04 2.333144170331970203e-04 1.294917997740023009e-03
2.236067918588109660e-02 -7.635754507226720283e-04 -7.635754507226720283e-04 2.333144170331970203e-04 1.294917997740023009e-03
2.236067918588109660e-02 -7.635754507226720283e-04 -7.635754507226720283e-04 2.333144170331970203e-04 1.294917997740023009e-03
2.236067918588109660e-02 -7.635754507226720283e-04 -7.635754507226720283e-04 2.333144170331970203e-04 1.294917997740023009e-03
2.236067918588109660e-02 -7.635754507226720283e-04 -7.635754507226720283e-04 2.333144170331970203e-04 1.294917997740023009e-03
2.236067918588109660e-02 -7.635754507226720283e-04 -7.635754507226720283e-04 2.333144170331970203e-04 1.294917997740023009e-03
2.236067918588109660e-02 -7.635754507226720283e-04 -7.635754507226720283e-04 2.333144170331970203e-04 1.294917997740023009e-03
2.236067918588109660e-02 -7.635754507226720283e-04 -7.635754507226720283e-04 2.333144170331970203e-04 1.294917997740023009e-03
2.236067918588109660e-02 -7.635754507226720283e-04 -7.635754507226720283e-04 2.333144170331970203e-04 1.294917997740023009e-03
2.236067918588109660e-02 -7.635754507226720283e-04 -7.635754507226720283e-04 2.333144170331970203e-04 1.294917997740023009e-03
2.236067918588109660e-02 -7.635754507226720283e-04 -7.635754507226720283e-04 2.333144170331970203e-04 1.294917997740023009e-03
2.236067918588109660e-02 -7.635754507226720283e-04 -7.635754507226720283e-04 2.333144170331970203e-04 1.294917997740023009e-03
2.236067918588109660e-02 -7.635754507226720283e-04 -7.635754507226720283e-04 2.333144170331970203e-04 1.294917997740023009e-03
2.236067918588109660e-02 -7.635754507226720283e-04 -7.635754507226720283e-04 2.333144170331970203e-04 1.294917997740023009e-03
2.236067918588109660e-02 -7.635754507226720283e-04 -7.635754507226720283e-04 2.333144170331970203e-04 1.294917997740023009e-03
2.236067918588109660e-02 -7.635754507226720283e-04 -7.635754507226720283e-04 2.333144170331970203e-04 1.294917997740023009e-03
2.236067918588109660e-02 -7.635754507226720283e-04 -7.635754507226720283e-04 2.333144170331970203e-04 1.294917997740023009e-03
2.236067918588109660e-02 -7.635754507226720283e-04 -7.635754507226720283e-04 2.333144170331970203e-04 1.294917997740023009e-03
2.236067918588109660e-02 -7.635754507226720283e-04 -7.635754507226720283e-04 2.333144170331970203e-04 1.294917997740023009e-03
2.236067918588109660e-02 -7.635754507226720283e-04 -7.635754507226720283e-04 2.333144170331970203e-04 1.294917997740023009e-03
2.236067918588109660e-02 -7.635754507226720283e-04 -7.635754507226720283e-04 2.333144170331970203e-04 1.294917997740023009e-03
2.236067918588109660e-02 -7.635754507226720283e-04 -7.635754507226720283e-04 2.333144170331970203e-04 1.294917997740023009e-03
2.236067918588109660e-02 -7.635754507226720283e-04 -7.635754507226720283e-04 2.333144170331970203e-04 1.294917997740023009e-03
2.236067918588109660e-02 -7.635754507226720283e-04 -7.635754507226720283e-04 2.333144170331970203e-04 1.294917997740023009e-03
2.236067918588109660e-02 -7.635754507226720283e-04 -7.635754507226720283e-04 2.333144170331970203e-04 1.294917997740023009e-03
2.236067918588109660e-02 -7.635754507226720283e-04 -7.635754507226720283e-04 2.333144170331970203e-04 1.294917997740023009e-03
2.236067918588109660e-02 -7.635754507226720283e-04 -7.635754507226720283e-04 2.333144170331970203e-04 1.294917997740023009e-03
2.236067918588109660e-02 -7.635754507226720283e-04 -7.635754507226720283e-04 2.333144170331970203e-04 1.294917997740023009e-03
2.236067918588109660e-02 -7.635754507226720283e-04 -7.635754507226720283e-04 2.333144170331970203e-04 1.294917997740023009e-03
2.236067918588109660e-02 -7.635754507226720283e-04 -7.635754507226720283e-04 2.333144170331970203e-04 1.294917997740023009e-03
2.236067918588109660e-02 -7.635754507226720283e-04 -7.635754507226720283e-04 2.333144170331970203e-04 1.294917997740023009e-03
2.236067918588109660e-02 -7.635754507226720283e-04 -7.635754507226720283e-04 2.333144170331970203e-04 1.294917997740023009e-03
2.236067918588109660e-02 -7.635754507226720283e-04 -7.635754507226720283e-04 2.333144170331970203e-04 1.294917997740023009e-03
2.236067918588109660e-02 -7.635754507226720283e-04 -7.635754507226720283e-04 2.333144170331970203e-04 1.294917997740023009e-03
2.236067918588109660e-02 -7.635754507226720283e-04 -7.635754507226720283e-04 2.333144170331970203e-04 1.294917997740023009e-03
2.236067918588109660e-02 -7.635754507226720283e-04 -7.635754507226720283e-04 2.333144170331970203e-04 1.294917997740023009e-03
2.236067918588109660e-02 -7.635754507226720283e-04 -7.635754507226720283e-04 2.333144170331970203e-04 1.294917997740023009e-03
2.236067918588109660e-02 -7.635754507226720283e-04 -7.635754507226720283e-04 2.333144170331970203e-04 1.294917997740023009e-03
2.236067918588109660e-02 -7.635754507226720283e-04 -7.635754507226720283e-04 2.333144170331970203e-04 1.294917997740023009e-03
2.236067918588109660e-02 -7.635754507226720283e-04 -7.635754507226720283e-04 2.333144170331970203e-04 1.294917997740023009e-03
2.236067918588109660e-02 -7.635754507226720283e-04 -7.635754507226720283e-04 2.333144170331970203e-04 1.294917997740023009e-03
2.236067918588109660e-02 -7.635754507226720283e-04 -7.635754507226720283e-04 2.333144170331970203e-04 1.294917997740023009e-03
2.236067918588109660e-02 -7.635754507226720283e-04 -7.635754507226720283e-04 2.333144170331970203e-04 1.294917997740023009e-03
2.236067918588109660e-02 -7.635754507226720283e-04 -7.635754507226720283e-04 2.333144170331970203e-04 1.294917997740023009e-03
2.236067918588109660e-02 -7.635754507226720283e-04 -7.635754507226720283e-04 2.333144170331970203e-04 1.294917997740023009e-03
2.236067918588109660e-02 -7.635754507226720283e-04 -7.635754507226720283e-04 2.333144170331970203e-04 1.294917997740023009e-03
2.236067918588109660e-02 -7.635754507226720283e-04 -7.635754507226720283e-04 2.333144170331970203e-04 1.294917997740023009e-03
2.236067918588109660e-02 -7.635754507226720283e-04 -7.635754507226720283e-04 2.333144170331970203e-04 1.294917997740023009e-03
2.236067918588109660e-02 -7.635754507226720283e-04 -7.635754507226720283e-04 2.333144170331970203e-04 1.294917997740023009e-03
2.236067918588109660e-02 -7.635754507226720283e-04 -7.635754507226720283e-04 2.333144170331970203e-04 1.294917997740023009e-03
2.236067918588109660e-02 -7.635754507226720283e-04 -7.635754507226720283e-04 2.333144170331970203e-04 1.294917997740023009e-03
2.236067918588109660e-02 -7.635754507226720283e-04 -7.635754507226720283e-04 2.333144170331970203e-04 1.294917997740023009e-03
2.236067918588109660e-02 -7.635754507226720283e-04 -7.635754507226720283e-04 2.333144170331970203e-04 1.294917997740023009e-03
2.236067918588109660e-02 -7.635754507226720283e-04 -7.635754507226720283e-04 2.333144170331970203e-04 1.294917997740023009e-03
2.236067918588109660e-02 -7.635754507226720283e-04 -7.635754507226720283e-04 2.333144170331970203e-04 1.294917997740023009e-03
2.236067918588109660e-02 -7.635754507226720283e-04 -7.635754507226720283e-04 2.333144170331970203e-04 1.294917997740023009e-03
2.236067918588109660e-02 -7.635754507226720283e-04 -7.635754507226720283e-04 2.333144170331970203e-04 1.294917997740023009e-03
2.236067918588109660e-02 -7.635754507226720283e-04 -7.635754507226720283e-04 2.333144170331970203e-04 1.294917997740023009e-03
2.236067918588109660e-02 -7.635754507226720283e-04 -7.635754507226720283e-04 2.333144170331970203e-04 1.294917997740023009e-03
2.236067918588109660e-02 -7.635754507226720283e-04 -7.635754507226720283e-04 2.333144170331970203e-04 1.294917997740023009e-03
2.236067918588109660e-02 -7.635754507226720283e-04 -7.635754507226720283e-04 2.333144170331970203e-04 1.294917997740023009e-03
2.236067918588109660e-02 -7.635754507226720283e-04 -7.635754507226720283e-04 2.333144170331970203e-04 1.294917997740023009e-03
2.236067918588109660e-02 -7.635754507226720283e-04 -7.635754507226720283e-04 2.333144170331970203e-04 1.294917997740023009e-03
2.236067918588109660e-02 -7.635754507226720283e-04 -7.635754507226720283e-04 2.333144170331970203e-04 1.294917997740023009e-03
2.236067918588109660e-02 -7.635754507226720283e-04 -7.635754507226720283e-04 2.333144170331970203e-04 1.294917997740023009e-03
2.236067918588109660e-02 -7.635754507226720283e-04 -7.635754507226720283e-04 2.333144170331970203e-04 1.294917997740023009e-03
2.236067918588109660e-02 -7.635754507226720283e-04 -7.635754507226720283e-04 2.333144170331970203e-04 1.294917997740023009e-03
2.236067918588109660e-02 -7.635754507226720283e-04 -7.635754507226720283e-04 2.333144170331970203e-04 1.294917997740023009e-03
2.236067918588109660e-02 -7.635754507226720283e-04 -7.635754507226720283e-04 2.333144170331970203e-04 1.294917997740023009e-03
2.236067918588109660e-02 -7.635754507226720283e-04 -7.635754507226720283e-04 2.333144170331970203e-04 1.294917997740023009e-03
2.236067918588109660e-02 -7.635754507226720283e-04 -7.635754507226720283e-04 2.333144170331970203e-04 1.294917997740023009e-03
2.236067918588109660e-02 -7.635754507226720283e-04 -7.635754507226720283e-04 2.333144170331970203e-04 1.294917997740023009e-03
2.236067918588109660e-02 -7.635754507226720283e-04 -7.635754507226720283e-04 2.333144170331970203e-04 1.294917997740023009e-03
2.236067918588109660e-02 -7.635754507226720283e-04 -7.635754507226720283e-04 2.333144170331970203e-04 1.294917997740023009e-03
2.236067918588109660e-02 -7.635754507226720283e-04 -7.635754507226720283e-04 2.333144170331970203e-04 1.294917997740023009e-03
2.236067918588109660e-02 -7.635754507226720283e-04 -7.635754507226720283e-04 2.333144170331970203e-04 1.294917997740023009e-03
2.236067918588109660e-02 -7.635754507226720283e-04 -7.635754507226720283e-04 2.333144170331970203e-04 1.294917997740023009e-03
2.236067918588109660e-02 -7.635754507226720283e-04 -7.635754507226720283e-04 2.333144170331970203e-04 1.294917997740023009e-03
2.236067918588109660e-02 -7.635754507226720283e-04 -7.635754507226720283e-04 2.333144170331970203e-04 1.294917997740023009e-03
2.236067918588109660e-02 -7.635754507226720283e-04 -7.635754507226720283e-04 2.333144170331970203e-04 1.294917997740023009e-03
2.236067918588109660e-02 -7.635754507226720283e-04 -7.635754507226720283e-04 2.333144170331970203e-04 1.294917997740023009e-03
2.236067918588109660e-02 -7.635754507226720283e-04 -7.635754507226720283e-04 2.333144170331970203e-04 1.294917997740023009e-03
2.236067918588109660e-02 -7.635754507226720283e-04 -7.635754507226720283e-04 2.333144170331970203e-04 1.294917997740023009e-03
2.236067918588109660e-02 -7.635754507226720283e-04 -7.635754507226720283e-04 2.333144170331970203e-04 1.294917997740023009e-03
2.236067918588109660e-02 -7.635754507226720283e-04 -7.635754507226720283e-04 2.333144170331970203e-04 1.294917997740023009e-03
2.236067918588109660e-02 -7.635754507226720283e-04 -7.635754507226720283e-04 2.333144170331970203e-04 1.294917997740023009e-03
2.236067918588109660e-02 -7.635754507226720283e-04 -7.635754507226720283e-04 2.333144170331970203e-04 1.294917997740023009e-03
2.236067918588109660e-02 -7.635754507226720283e-04 -7.635754507226720283e-04 2.333144170331970203e-04 1.294917997740023009e-03
2.236067918588109660e-02 -7.635754507226720283e-04 -7.635754507226720283e-04 2.333144170331970203e-04 1.294917997740023009e-03
2.236067918588109660e-02 -7.635754507226720283e-04 -7.635754507226720283e-04 2.333144170331970203e-04 1.294917997740023009e-03
2.236067918588109660e-02 -7.635754507226720283e-04 -7.635754507226720283e-04 2.333144170331970203e-04 1.294917997740023009e-03
2.236067918588109660e-02 -7.635754507226720283e-04 -7.635754507226720283e-04 2.333144170331970203e-04 1.294917997740023009e-03
2.236067918588109660e-02 -7.635754507226720283e-04 -7.635754507226720283e-04 2.333144170331970203e-04 1.294917997740023009e-03
2.236067918588109660e-02 -7.635754507226720283e-04 -7.635754507226720283e-04 2.333144170331970203e-04 1.294917997740023009e-03
2.236067918588109660e-02 -7.635754507226720283e-04 -7.635754507226720283e-04 2.333144170331970203e-04 1.294917997740023009e-03
2.236067918588109660e-02 -7.635754507226720283e-04 -7.635754507226720283e-04 2.333144170331970203e-04 1.294917997740023009e-03
2.236067918588109660e-02 -7.635754507226720283e-04 -7.635754507226720283e-04 2.333144170331970203e-04 1.294917997740023009e-03
2.236067918588109660e-02 -7.635754507226720283e-04 -7.635754507226720283e-04 2.333144170331970203e-04 1.294917997740023009e-03
2.236067918588109660e-02 -7.635754507226720283e-04 -7.635754507226720283e-04 2.333144170331970203e-04 1.294917997740023009e-03
2.236067918588109660e-02 -7.635754507226720283e-04 -7.635754507226720283e-04 2.333144170331970203e-04 1.294917997740023009e-03
2.236067918588109660e-02 -7.635754507226720283e-04 -7.635754507226720283e-04 2.333144170331970203e-04 1.294917997740023009e-03
2.236067918588109660e-02 -7.635754507226720283e-04 -7.635754507226720283e-04 2.333144170331970203e-04 1.294917997740023009e-03
2.236067918588109660e-02 -7.635754507226720283e-04 -7.635754507226720283e-04 2.333144170331970203e-04 1.294917997740023009e-03
2.236067918588109660e-02 -7.635754507226720283e-04 -7.635754507226720283e-04 2.333144170331970203e-04 1.294917997740023009e-03
2.236067918588109660e-02 -7.635754507226720283e-04 -7.635754507226720283e-04 2.333144170331970203e-04 1.294917997740023009e-03
2.236067918588109660e-02 -7.635754507226720283e-04 -7.635754507226720283e-04 2.333144170331970203e-04 1.294917997740023009e-03
2.236067918588109660e-02 -7.635754507226720283e-04 -7.635754507226720283e-04 2.333144170331970203e-04 1.294917997740023009e-03
2.236067918588109660e-02 -7.635754507226720283e-04 -7.635754507226720283e-04 2.333144170331970203e-04 1.294917997740023009e-03
2.236067918588109660e-02 -7.635754507226720283e-04 -7.635754507226720283e-04 2.333144170331970203e-04 1.294917997740023009e-03
2.236067918588109660e-02 -7.635754507226720283e-04 -7.635754507226720283e-04 2.333144170331970203e-04 1.294917997740023009e-03
2.236067918588109660e-02 -7.635754507226720283e-04 -7.635754507226720283e-04 2.333144170331970203e-04 1.294917997740023009e-03
2.236067918588109660e-02 -7.635754507226720283e-04 -7.635754507226720283e-04 2.333144170331970203e-04 1.294917997740023009e-03
2.236067918588109660e-02 -7.635754507226720283e-04 -7.635754507226720283e-04 2.333144170331970203e-04 1.294917997740023009e-03
2.236067918588109660e-02 -7.635754507226720283e-04 -7.635754507226720283e-04 2.333144170331970203e-04 1.294917997740023009e-03
2.236067918588109660e-02 -7.635754507226720283e-04 -7.635754507226720283e-04 2.333144170331970203e-04 1.294917997740023009e-03
2.236067918588109660e-02 -7.635754507226720283e-04 -7.635754507226720283e-04 2.333144170331970203e-04 1.294917997740023009e-03
2.236067918588109660e-02 -7.635754507226720283e-04 -7.635754507226720283e-04 2.333144170331970203e-04 1.294917997740023009e-03
2.236067918588109660e-02 -7.635754507226720283e-04 -7.635754507226720283e-04 2.333144170331970203e-04 1.294917997740023009e-03
2.236067918588109660e-02 -7.635754507226720283e-04 -7.635754507226720283e-04 2.333144170331970203e-04 1.294917997740023009e-03
2.236067918588109660e-02 -7.635754507226720283e-04 -7.635754507226720283e-04 2.333144170331970203e-04 1.294917997740023009e-03
2.236067918588109660e-02 -7.635754507226720283e-04 -7.635754507226720283e-04 2.333144170331970203e-04 1.294917997740023009e-03
2.236067918588109660e-02 -7.635754507226720283e-04 -7.635754507226720283e-04 2.333144170331970203e-04 1.294917997740023009e-03
2.236067918588109660e-02 -7.635754507226720283e-04 -7.635754507226720283e-04 2.333144170331970203e-04 1.294917997740023009e-03
2.236067918588109660e-02 -7.635754507226720283e-04 -7.635754507226720283e-04 2.333144170331970203e-04 1.294917997740023009e-03
2.236067918588109660e-02 -7.635754507226720283e-04 -7.635754507226720283e-04 2.333144170331970203e-04 1.294917997740023009e-03
2.236067918588109660e-02 -7.635754507226720283e-04 -7.635754507226720283e-04 2.333144170331970203e-04 1.294917997740023009e-03
2.236067918588109660e-02 -7.635754507226720283e-04 -7.635754507226720283e-04 2.333144170331970203e-04 1.294917997740023009e-03
2.236067918588109660e-02 -7.635754507226720283e-04 -7.635754507226720283e-04 2.333144170331970203e-04 1.294917997740023009e-03
2.236067918588109660e-02 -7.635754507226720283e-04 -7.635754507226720283e-04 2.333144170331970203e-04 1.294917997740023009e-03
2.236067918588109660e-02 -7.635754507226720283e-04 -7.635754507226720283e-04 2.333144170331970203e-04 1.294917997740023009e-03
2.236067918588109660e-02 -7.635754507226720283e-04 -7.635754507226720283e-04 2.333144170331970203e-04 1.294917997740023009e-03
2.236067918588109660e-02 -7.635754507226720283e-04 -7.635754507226720283e-04 2.333144170331970203e-04 1.294917997740023009e-03
2.236067918588109660e-02 -7.635754507226720283e-04 -7.635754507226720283e-04 2.333144170331970203e-04 1.294917997740023009e-03
2.236067918588109660e-02 -7.635754507226720283e-04 -7.635754507226720283e-04 2.333144170331970203e-04 1.294917997740023009e-03
2.236067918588109660e-02 -7.635754507226720283e-04 -7.635754507226720283e-04 2.333144170331970203e-04 1.294917997740023009e-03
2.236067918588109660e-02 -7.635754507226720283e-04 -7.635754507226720283e-04 2.333144170331970203e-04 1.294917997740023009e-03
2.236067918588109660e-02 -7.635754507226720283e-04 -7.635754507226720283e-04 2.333144170331970203e-04 1.294917997740023009e-03
2.236067918588109660e-02 -7.635754507226720283e-04 -7.635754507226720283e-04 2.333144170331970203e-04 1.294917997740023009e-03
2.236067918588109660e-02 -7.635754507226720283e-04 -7.635754507226720283e-04 2.333144170331970203e-04 1.294917997740023009e-03
2.236067918588109660e-02 -7.635754507226720283e-04 -7.635754507226720283e-04 2.333144170331970203e-04 1.294917997740023009e-03
2.236067918588109660e-02 -7.635754507226720283e-04 -7.635754507226720283e-04 2.333144170331970203e-04 1.294917997740023009e-03
2.236067918588109660e-02 -7.635754507226720283e-04 -7.635754507226720283e-04 2.333144170331970203e-04 1.294917997740023009e-03
2.236067918588109660e-02 -7.635754507226720283e-04 -7.635754507226720283e-04 2.333144170331970203e-04 1.294917997740023009e-03
2.236067918588109660e-02 -7.635754507226720283e-04 -7.635754507226720283e-04 2.333144170331970203e-04 1.294917997740023009e-03
2.236067918588109660e-02 -7.635754507226720283e-04 -7.635754507226720283e-04 2.333144170331970203e-04 1.294917997740023009e-03
2.236067918588109660e-02 -7.635754507226720283e-04 -7.635754507226720283e-04 2.333144170331970203e-04 1.294917997740023009e-03
2.236067918588109660e-02 -7.635754507226720283e-04 -7.635754507226720283e-04 2.333144170331970203e-04 1.294917997740023009e-03
2.236067918588109660e-02 -7.635754507226720283e-04 -7.635754507226720283e-04 2.333144170331970203e-04 1.294917997740023009e-03
2.236067918588109660e-02 -7.635754507226720283e-04 -7.635754507226720283e-04 2.333144170331970203e-04 1.294917997740023009e-03
2.236067918588109660e-02 -7.635754507226720283e-04 -7.635754507226720283e-04 2.333144170331970203e-04 1.294917997740023009e-03
2.236067918588109660e-02 -7.635754507226720283e-04 -7.635754507226720283e-04 2.333144170331970203e-04 1.294917997740023009e-03
2.236067918588109660e-02 -7.635754507226720283e-04 -7.635754507226720283e-04 2.333144170331970203e-04 1.294917997740023009e-03
2.236067918588109660e-02 -7.635754507226720283e-04 -7.635754507226720283e-04 2.333144170331970203e-04 1.294917997740023009e-03
2.236067918588109660e-02 -7.635754507226720283e-04 -7.635754507226720283e-04 2.333144170331970203e-04 1.294917997740023009e-03
2.236067918588109660e-02 -7.635754507226720283e-04 -7.635754507226720283e-04 2.333144170331970203e-04 1.294917997740023009e-03
2.236067918588109660e-02 -7.635754507226720283e-04 -7.635754507226720283e-04 2.333144170331970203e-04 1.294917997740023009e-03
2.236067918588109660e-02 -7.635754507226720283e-04 -7.635754507226720283e-04 2.333144170331970203e-04 1.294917997740023009e-03
2.236067918588109660e-02 -7.635754507226720283e-04 -7.635754507226720283e-04 2.333144170331970203e-04 1.294917997740023009e-03
2.236067918588109660e-02 -7.635754507226720283e-04 -7.635754507226720283e-04 2.333144170331970203e-04 1.294917997740023009e-03
2.236067918588109660e-02 -7.635754507226720283e-04 -7.635754507226720283e-04 2.333144170331970203e-04 1.294917997740023009e-03
2.236067918588109660e-02 -7.635754507226720283e-04 -7.635754507226720283e-04 2.333144170331970203e-04 1.294917997740023009e-03
2.236067918588109660e-02 -7.635754507226720283e-04 -7.635754507226720283e-04 2.333144170331970203e-04 1.294917997740023009e-03
2.236067918588109660e-02 -7.635754507226720283e-04 -7.635754507226720283e-04 2.333144170331970203e-04 1.294917997740023009e-03
2.236067918588109660e-02 -7.635754507226720283e-04 -7.635754507226720283e-04 2.333144170331970203e-04 1.294917997740023009e-03
2.236067918588109660e-02 -7.635754507226720283e-04 -7.635754507226720283e-04 2.333144170331970203e-04 1.294917997740023009e-03
2.236067918588109660e-02 -7.635754507226720283e-04 -7.635754507226720283e-04 2.333144170331970203e-04 1.294917997740023009e-03
2.236067918588109660e-02 -7.635754507226720283e-04 -7.635754507226720283e-04 2.333144170331970203e-04 1.294917997740023009e-03
2.236067918588109660e-02 -7.635754507226720283e-04 -7.635754507226720283e-04 2.333144170331970203e-04 1.294917997740023009e-03
2.236067918588109660e-02 -7.635754507226720283e-04 -7.635754507226720283e-04 2.333144170331970203e-04 1.294917997740023009e-03
2.236067918588109660e-02 -7.635754507226720283e-04 -7.635754507226720283e-04 2.333144170331970203e-04 1.294917997740023009e-03
2.236067918588109660e-02 -7.635754507226720283e-04 -7.635754507226720283e-04 2.333144170331970203e-04 1.294917997740023009e-03
2.236067918588109660e-02 -7.635754507226720283e-04 -7.635754507226720283e-04 2.333144170331970203e-04 1.294917997740023009e-03
2.236067918588109660e-02 -7.635754507226720283e-04 -7.635754507226720283e-04 2.333144170331970203e-04 1.294917997740023009e-03
2.236067918588109660e-02 -7.635754507226720283e-04 -7.635754507226720283e-04 2.333144170331970203e-04 1.294917997740023009e-03
2.236067918588109660e-02 -7.635754507226720283e-04 -7.635754507226720283e-04 2.333144170331970203e-04 1.294917997740023009e-03
2.236067918588109660e-02 -7.635754507226720283e-04 -7.635754507226720283e-04 2.333144170331970203e-04 1.294917997740023009e-03
2.236067918588109660e-02 -7.635754507226720283e-04 -7.635754507226720283e-04 2.333144170331970203e-04 1.294917997740023009e-03
2.236067918588109660e-02 -7.635754507226720283e-04 -7.635754507226720283e-04 2.333144170331970203e-04 1.294917997740023009e-03
2.236067918588109660e-02 -7.635754507226720283e-04 -7.635754507226720283e-04 2.333144170331970203e-04 1.294917997740023009e-03
2.236067918588109660e-02 -7.635754507226720283e-04 -7.635754507226720283e-04 2.333144170331970203e-04 1.294917997740023009e-03
2.236067918588109660e-02 -7.635754507226720283e-04 -7.635754507226720283e-04 2.333144170331970203e-04 1.294917997740023009e-03
2.236067918588109660e-02 -7.635754507226720283e-04 -7.635754507226720283e-04 2.333144170331970203e-04 1.294917997740023009e-03
2.236067918588109660e-02 -7.635754507226720283e-04 -7.635754507226720283e-04 2.333144170331970203e-04 1.294917997740023009e-03
2.236067918588109660e-02 -7.635754507226720283e-04 -7.635754507226720283e-04 2.333144170331970203e-04 1.294917997740023009e-03
2.236067918588109660e-02 -7.635754507226720283e-04 -7.635754507226720283e-04 2.333144170331970203e-04 1.294917997740023009e-03
2.236067918588109660e-02 -7.635754507226720283e-04 -7.635754507226720283e-04 2.333144170331970203e-04 1.294917997740023009e-03
2.236067918588109660e-02 -7.635754507226720283e-04 -7.635754507226720283e-04 2.333144170331970203e-04 1.294917997740023009e-03
2.236067918588109660e-02 -7.635754507226720283e-04 -7.635754507226720283e-04 2.333144170331970203e-04 1.294917997740023009e-03
2.236067918588109660e-02 -7.635754507226720283e-04 -7.635754507226720283e-04 2.333144170331970203e-04 1.294917997740023009e-03
2.236067918588109660e-02 -7.635754507226720283e-04 -7.635754507226720283e-04 2.333144170331970203e-04 1.294917997740023009e-03
2.236067918588109660e-02 -7.635754507226720283e-04 -7.635754507226720283e-04 2.333144170331970203e-04 1.294917997740023009e-03
2.236067918588109660e-02 -7.635754507226720283e-04 -7.635754507226720283e-04 2.333144170331970203e-04 1.294917997740023009e-03
2.236067918588109660e-02 -7.635754507226720283e-04 -7.635754507226720283e-04 2.333144170331970203e-04 1.294917997740023009e-03
2.236067918588109660e-02 -7.635754507226720283e-04 -7.635754507226720283e-04 2.333144170331970203e-04 1.294917997740023009e-03
2.236067918588109660e-02 -7.635754507226720283e-04 -7.635754507226720283e-04 2.333144170331970203e-04 1.294917997740023009e-03
2.236067918588109660e-02 -7.635754507226720283e-04 -7.635754507226720283e-04 2.333144170331970203e-04 1.294917997740023009e-03
2.236067918588109660e-02 -7.635754507226720283e-04 -7.635754507226720283e-04 2.333144170331970203e-04 1.294917997740023009e-03
2.236067918588109660e-02 -7.635754507226720283e-04 -7.635754507226720283e-04 2.333144170331970203e-04 1.294917997740023009e-03
2.236067918588109660e-02 -7.635754507226720283e-04 -7.635754507226720283e-04 2.333144170331970203e-04 1.294917997740023009e-03
2.236067918588109660e-02 -7.635754507226720283e-04 -7.635754507226720283e-04 2.333144170331970203e-04 1.294917997740023009e-03
2.236067918588109660e-02 -7.635754507226720283e-04 -7.635754507226720283e-04 2.333144170331970203e-04 1.294917997740023009e-03
2.236067918588109660e-02 -7.635754507226720283e-04 -7.635754507226720283e-04 2.333144170331970203e-04 1.294917997740023009e-03
2.236067918588109660e-02 -7.635754507226720283e-04 -7.635754507226720283e-04 2.333144170331970203e-04 1.294917997740023009e-03
2.236067918588109660e-02 -7.635754507226720283e-04 -7.635754507226720283e-04 2.333144170331970203e-04 1.294917997740023009e-03
2.236067918588109660e-02 -7.635754507226720283e-04 -7.635754507226720283e-04 2.333144170331970203e-04 1.294917997740023009e-03
2.236067918588109660e-02 -7.635754507226720283e-04 -7.635754507226720283e-04 2.333144170331970203e-04 1.294917997740023009e-03
2.236067918588109660e-02 -7.635754507226720283e-04 -7.635754507226720283e-04 2.333144170331970203e-04 1.294917997740023009e-03
2.236067918588109660e-02 -7.635754507226720283e-04 -7.635754507226720283e-04 2.333144170331970203e-04 1.294917997740023009e-03
2.236067918588109660e-02 -7.635754507226720283e-04 -7.635754507226720283e-04 2.333144170331970203e-04 1.294917997740023009e-03
2.236067918588109660e-02 -7.635754507226720283e-04 -7.635754507226720283e-04 2.333144170331970203e-04 1.294917997740023009e-03
2.236067918588109660e-02 -7.635754507226720283e-04 -7.635754507226720283e-04 2.333144170331970203e-04 1.294917997740023009e-03
2.236067918588109660e-02 -7.635754507226720283e-04 -7.635754507226720283e-04 2.333144170331970203e-04 1.294917997740023009e-03
2.236067918588109660e-02 -7.635754507226720283e-04 -7.635754507226720283e-04 2.333144170331970203e-04 1.294917997740023009e-03
2.236067918588109660e-02 -7.635754507226720283e-04 -7.635754507226720283e-04 2.333144170331970203e-04 1.294917997740023009e-03
2.236067918588109660e-02 -7.635754507226720283e-04 -7.635754507226720283e-04 2.333144170331970203e-04 1.294917997740023009e-03
2.236067918588109660e-02 -7.635754507226720283e-04 -7.635754507226720283e-04 2.333144170331970203e-04 1.294917997740023009e-03
2.236067918588109660e-02 -7.635754507226720283e-04 -7.635754507226720283e-04 2.333144170331970203e-04 1.294917997740023009e-03
2.236067918588109660e-02 -7.635754507226720283e-04 -7.635754507226720283e-04 2.333144170331970203e-04 1.294917997740023009e-03
2.236067918588109660e-02 -7.635754507226720283e-04 -7.635754507226720283e-04 2.333144170331970203e-04 1.294917997740023009e-03
2.236067918588109660e-02 -7.635754507226720283e-04 -7.635754507226720283e-04 2.333144170331970203e-04 1.294917997740023009e-03
2.236067918588109660e-02 -7.635754507226720283e-04 -7.635754507226720283e-04 2.333144170331970203e-04 1.294917997740023009e-03
2.236067918588109660e-02 -7.635754507226720283e-04 -7.635754507226720283e-04 2.333144170331970203e-04 1.294917997740023009e-03
2.236067918588109660e-02 -7.635754507226720283e-04 -7.635754507226720283e-04 2.333144170331970203e-04 1.294917997740023009e-03
2.236067918588109660e-02 -7.635754507226720283e-04 -7.635754507226720283e-04 2.333144170331970203e-04 1.294917997740023009e-03
2.236067918588109660e-02 -7.635754507226720283e-04 -7.635754507226720283e-04 2.333144170331970203e-04 1.294917997740023009e-03
2.236067918588109660e-02 -7.635754507226720283e-04 -7.635754507226720283e-04 2.333144170331970203e-04 1.294917997740023009e-03
2.236067918588109660e-02 -7.635754507226720283e-04 -7.635754507226720283e-04 2.333144170331970203e-04 1.294917997740023009e-03
2.236067918588109660e-02 -7.635754507226720283e-04 -7.635754507226720283e-04 2.333144170331970203e-04 1.294917997740023009e-03
2.236067918588109660e-02 -7.635754507226720283e-04 -7.635754507226720283e-04 2.333144170331970203e-04 1.294917997740023009e-03
2.236067918588109660e-02 -7.635754507226720283e-04 -7.635754507226720283e-04 2.333144170331970203e-04 1.294917997740023009e-03
2.236067918588109660e-02 -7.635754507226720283e-04 -7.635754507226720283e-04 2.333144170331970203e-04 1.294917997740023009e-03
2.236067918588109660e-02 -7.635754507226720283e-04 -7.635754507226720283e-04 2.333144170331970203e-04 1.294917997740023009e-03
2.236067918588109660e-02 -7.635754507226720283e-04 -7.635754507226720283e-04 2.333144170331970203e-04 1.294917997740023009e-03
2.236067918588109660e-02 -7.635754507226720283e-04 -7.635754507226720283e-04 2.333144170331970203e-04 1.294917997740023009e-03
2.236067918588109660e-02 -7.635754507226720283e-04 -7.635754507226720283e-04 2.333144170331970203e-04 1.294917997740023009e-03
2.236067918588109660e-02 -7.635754507226720283e-04 -7.635754507226720283e-04 2.333144170331970203e-04 1.294917997740023009e-03
2.236067918588109660e-02 -7.635754507226720283e-04 -7.635754507226720283e-04 2.333144170331970203e-04 1.294917997740023009e-03
2.236067918588109660e-02 -7.635754507226720283e-04 -7.635754507226720283e-04 2.333144170331970203e-04 1.294917997740023009e-03
2.236067918588109660e-02 -7.635754507226720283e-04 -7.635754507226720283e-04 2.333144170331970203e-04 1.294917997740023009e-03
2.236067918588109660e-02 -7.635754507226720283e-04 -7.635754507226720283e-04 2.333144170331970203e-04 1.294917997740023009e-03
2.236067918588109660e-02 -7.635754507226720283e-04 -7.635754507226720283e-04 2.333144170331970203e-04 1.294917997740023009e-03
2.236067918588109660e-02 -7.635754507226720283e-04 -7.635754507226720283e-04 2.333144170331970203e-04 1.294917997740023009e-03
2.236067918588109660e-02 -7.635754507226720283e-04 -7.635754507226720283e-04 2.333144170331970203e-04 1.294917997740023009e-03
2.236067918588109660e-02 -7.635754507226720283e-04 -7.635754507226720283e-04 2.333144170331970203e-04 1.294917997740023009e-03
2.236067918588109660e-02 -7.635754507226720283e-04 -7.635754507226720283e-04 2.333144170331970203e-04 1.294917997740023009e-03
2.236067918588109660e-02 -7.635754507226720283e-04 -7.635754507226720283e-04 2.333144170331970203e-04 1.294917997740023009e-03
2.236067918588109660e-02 -7.635754507226720283e-04 -7.635754507226720283e-04 2.333144170331970203e-04 1.294917997740023009e-03
2.236067918588109660e-02 -7.635754507226720283e-04 -7.635754507226720283e-04 2.333144170331970203e-04 1.294917997740023009e-03
2.236067918588109660e-02 -7.635754507226720283e-04 -7.635754507226720283e-04 2.333144170331970203e-04 1.294917997740023009e-03
2.236067918588109660e-02 -7.635754507226720283e-04 -7.635754507226720283e-04 2.333144170331970203e-04 1.294917997740023009e-03
2.236067918588109660e-02 -7.635754507226720283e-04 -7.635754507226720283e-04 2.333144170331970203e-04 1.294917997740023009e-03
2.236067918588109660e-02 -7.635754507226720283e-04 -7.635754507226720283e-04 2.333144170331970203e-04 1.294917997740023009e-03
2.236067918588109660e-02 -7.635754507226720283e-04 -7.635754507226720283e-04 2.333144170331970203e-04 1.294917997740023009e-03
2.236067918588109660e-02 -7.635754507226720283e-04 -7.635754507226720283e-04 2.333144170331970203e-04 1.294917997740023009e-03
2.236067918588109660e-02 -7.635754507226720283e-04 -7.635754507226720283e-04 2.333144170331970203e-04 1.294917997740023009e-03
2.236067918588109660e-02 -7.635754507226720283e-04 -7.635754507226720283e-04 2.333144170331970203e-04 1.294917997740023009e-03
2.236067918588109660e-02 -7.635754507226720283e-04 -7.635754507226720283e-04 2.333144170331970203e-04 1.294917997740023009e-03
2.236067918588109660e-02 -7.635754507226720283e-04 -7.635754507226720283e-04 2.333144170331970203e-04 1.294917997740023009e-03
2.236067918588109660e-02 -7.635754507226720283e-04 -7.635754507226720283e-04 2.333144170331970203e-04 1.294917997740023009e-03
2.236067918588109660e-02 -7.635754507226720283e-04 -7.635754507226720283e-04 2.333144170331970203e-04 1.294917997740023009e-03
2.236067918588109660e-02 -7.635754507226720283e-04 -7.635754507226720283e-04 2.333144170331970203e-04 1.294917997740023009e-03
2.236067918588109660e-02 -7.635754507226720283e-04 -7.635754507226720283e-04 2.333144170331970203e-04 1.294917997740023009e-03
2.236067918588109660e-02 -7.635754507226720283e-04 -7.635754507226720283e-04 2.333144170331970203e-04 1.294917997740023009e-03
2.236067918588109660e-02 -7.635754507226720283e-04 -7.635754507226720283e-04 2.333144170331970203e-04 1.294917997740023009e-03
2.236067918588109660e-02 -7.635754507226720283e-04 -7.635754507226720283e-04 2.333144170331970203e-04 1.294917997740023009e-03
2.236067918588109660e-02 -7.635754507226720283e-04 -7.635754507226720283e-04 2.333144170331970203e-04 1.294917997740023009e-03
2.236067918588109660e-02 -7.635754507226720283e-04 -7.635754507226720283e-04 2.333144170331970203e-04 1.294917997740023009e-03
2.236067918588109660e-02 -7.635754507226720283e-04 -7.635754507226720283e-04 2.333144170331970203e-04 1.294917997740023009e-03
2.236067918588109660e-02 -7.635754507226720283e-04 -7.635754507226720283e-04 2.333144170331970203e-04 1.294917997740023009e-03
2.236067918588109660e-02 -7.635754507226720283e-04 -7.635754507226720283e-04 2.333144170331970203e-04 1.294917997740023009e-03
2.236067918588109660e-02 -7.635754507226720283e-04 -7.635754507226720283e-04 2.333144170331970203e-04 1.294917997740023009e-03
2.236067918588109660e-02 -7.635754507226720283e-04 -7.635754507226720283e-04 2.333144170331970203e-04 1.294917997740023009e-03
2.236067918588109660e-02 -7.635754507226720283e-04 -7.635754507226720283e-04 2.333144170331970203e-04 1.294917997740023009e-03
2.236067918588109660e-02 -7.635754507226720283e-04 -7.635754507226720283e-04 2.333144170331970203e-04 1.294917997740023009e-03
2.236067918588109660e-02 -7.635754507226720283e-04 -7.635754507226720283e-04 2.333144170331970203e-04 1.294917997740023009e-03
2.236067918588109660e-02 -7.635754507226720283e-04 -7.635754507226720283e-04 2.333144170331970203e-04 1.294917997740023009e-03
2.236067918588109660e-02 -7.635754507226720283e-04 -7.635754507226720283e-04 2.333144170331970203e-04 1.294917997740023009e-03
2.236067918588109660e-02 -7.635754507226720283e-04 -7.635754507226720283e-04 2.333144170331970203e-04 1.294917997740023009e-03
2.236067918588109660e-02 -7.635754507226720283e-04 -7.635754507226720283e-04 2.333144170331970203e-04 1.294917997740023009e-03
2.236067918588109660e-02 -7.635754507226720283e-04 -7.635754507226720283e-04 2.333144170331970203e-04 1.294917997740023009e-03
2.236067918588109660e-02 -7.635754507226720283e-04 -7.635754507226720283e-04 2.333144170331970203e-04 1.294917997740023009e-03
2.236067918588109660e-02 -7.635754507226720283e-04 -7.635754507226720283e-04 2.333144170331970203e-04 1.294917997740023009e-03
2.236067918588109660e-02 -7.635754507226720283e-04 -7.635754507226720283e-04 2.333144170331970203e-04 1.294917997740023009e-03
2.236067918588109660e-02 -7.635754507226720283e-04 -7.635754507226720283e-04 2.333144170331970203e-04 1.294917997740023009e-03
2.236067918588109660e-02 -7.635754507226720283e-04 -7.635754507226720283e-04 2.333144170331970203e-04 1.294917997740023009e-03
2.236067918588109660e-02 -7.635754507226720283e-04 -7.635754507226720283e-04 2.333144170331970203e-04 1.294917997740023009e-03
2.236067918588109660e-02 -7.635754507226720283e-04 -7.635754507226720283e-04 2.333144170331970203e-04 1.294917997740023009e-03
2.236067918588109660e-02 -7.635754507226720283e-04 -7.635754507226720283e-04 2.333144170331970203e-04 1.294917997740023009e-03
2.236067918588109660e-02 -7.635754507226720283e-04 -7.635754507226720283e-04 2.333144170331970203e-04 1.294917997740023009e-03
2.236067918588109660e-02 -7.635754507226720283e-04 -7.635754507226720283e-04 2.333144170331970203e-04 1.294917997740023009e-03
2.236067918588109660e-02 -7.635754507226720283e-04 -7.635754507226720283e-04 2.333144170331970203e-04 1.294917997740023009e-03
2.236067918588109660e-02 -7.635754507226720283e-04 -7.635754507226720283e-04 2.333144170331970203e-04 1.294917997740023009e-03
2.236067918588109660e-02 -7.635754507226720283e-04 -7.635754507226720283e-04 2.333144170331970203e-04 1.294917997740023009e-03
2.236067918588109660e-02 -7.635754507226720283e-04 -7.635754507226720283e-04 2.333144170331970203e-04 1.294917997740023009e-03
2.236067918588109660e-02 -7.635754507226720283e-04 -7.635754507226720283e-04 2.333144170331970203e-04 1.294917997740023009e-03
2.236067918588109660e-02 -7.635754507226720283e-04 -7.635754507226720283e-04 2.333144170331970203e-04 1.294917997740023009e-03
2.236067918588109660e-02 -7.635754507226720283e-04 -7.635754507226720283e-04 2.333144170331970203e-04 1.294917997740023009e-03
2.236067918588109660e-02 -7.635754507226720283e-04 -7.635754507226720283e-04 2.333144170331970203e-04 1.294917997740023009e-03
2.236067918588109660e-02 -7.635754507226720283e-04 -7.635754507226720283e-04 2.333144170331970203e-04 1.294917997740023009e-03
2.236067918588109660e-02 -7.635754507226720283e-04 -7.635754507226720283e-04 2.333144170331970203e-04 1.294917997740023009e-03
2.236067918588109660e-02 -7.635754507226720283e-04 -7.635754507226720283e-04 2.333144170331970203e-04 1.294917997740023009e-03
2.236067918588109660e-02 -7.635754507226720283e-04 -7.635754507226720283e-04 2.333144170331970203e-04 1.294917997740023009e-03
2.236067918588109660e-02 -7.635754507226720283e-04 -7.635754507226720283e-04 2.333144170331970203e-04 1.294917997740023009e-03
2.236067918588109660e-02 -7.635754507226720283e-04 -7.635754507226720283e-04 2.333144170331970203e-04 1.294917997740023009e-03
2.236067918588109660e-02 -7.635754507226720283e-04 -7.635754507226720283e-04 2.333144170331970203e-04 1.294917997740023009e-03
2.236067918588109660e-02 -7.635754507226720283e-04 -7.635754507226720283e-04 2.333144170331970203e-04 1.294917997740023009e-03
2.236067918588109660e-02 -7.635754507226720283e-04 -7.635754507226720283e-04 2.333144170331970203e-04 1.294917997740023009e-03
2.236067918588109660e-02 -7.635754507226720283e-04 -7.635754507226720283e-04 2.333144170331970203e-04 1.294917997740023009e-03
2.236067918588109660e-02 -7.635754507226720283e-04 -7.635754507226720283e-04 2.333144170331970203e-04 1.294917997740023009e-03
2.236067918588109660e-02 -7.635754507226720283e-04 -7.635754507226720283e-04 2.333144170331970203e-04 1.294917997740023009e-03
2.236067918588109660e-02 -7.635754507226720283e-04 -7.635754507226720283e-04 2.333144170331970203e-04 1.294917997740023009e-03
2.236067918588109660e-02 -7.635754507226720283e-04 -7.635754507226720283e-04 2.333144170331970203e-04 1.294917997740023009e-03
2.236067918588109660e-02 -7.635754507226720283e-04 -7.635754507226720283e-04 2.333144170331970203e-04 1.294917997740023009e-03
2.236067918588109660e-02 -7.635754507226720283e-04 -7.635754507226720283e-04 2.333144170331970203e-04 1.294917997740023009e-03
2.236067918588109660e-02 -7.635754507226720283e-04 -7.635754507226720283e-04 2.333144170331970203e-04 1.294917997740023009e-03
2.236067918588109660e-02 -7.635754507226720283e-04 -7.635754507226720283e-04 2.333144170331970203e-04 1.294917997740023009e-03
2.236067918588109660e-02 -7.635754507226720283e-04 -7.635754507226720283e-04 2.333144170331970203e-04 1.294917997740023009e-03
2.236067918588109660e-02 -7.635754507226720283e-04 -7.635754507226720283e-04 2.333144170331970203e-04 1.294917997740023009e-03
2.236067918588109660e-02 -7.635754507226720283e-04 -7.635754507226720283e-04 2.333144170331970203e-04 1.294917997740023009e-03
2.236067918588109660e-02 -7.635754507226720283e-04 -7.635754507226720283e-04 2.333144170331970203e-04 1.294917997740023009e-03
2.236067918588109660e-02 -7.635754507226720283e-04 -7.635754507226720283e-04 2.333144170331970203e-04 1.294917997740023009e-03
2.236067918588109660e-02 -7.635754507226720283e-04 -7.635754507226720283e-04 2.333144170331970203e-04 1.294917997740023009e-03
2.236067918588109660e-02 -7.635754507226720283e-04 -7.635754507226720283e-04 2.333144170331970203e-04 1.294917997740023009e-03
2.236067918588109660e-02 -7.635754507226720283e-04 -7.635754507226720283e-04 2.333144170331970203e-04 1.294917997740023009e-03
2.236067918588109660e-02 -7.635754507226720283e-04 -7.635754507226720283e-04 2.333144170331970203e-04 1.294917997740023009e-03
2.236067918588109660e-02 -7.635754507226720283e-04 -7.635754507226720283e-04 2.333144170331970203e-04 1.294917997740023009e-03
2.236067918588109660e-02 -7.635754507226720283e-04 -7.635754507226720283e-04 2.333144170331970203e-04 1.294917997740023009e-03
2.236067918588109660e-02 -7.635754507226720283e-04 -7.635754507226720283e-04 2.333144170331970203e-04 1.294917997740023009e-03
2.236067918588109660e-02 -7.635754507226720283e-04 -7.635754507226720283e-04 2.333144170331970203e-04 1.294917997740023009e-03
2.236067918588109660e-02 -7.635754507226720283e-04 -7.635754507226720283e-04 2.333144170331970203e-04 1.294917997740023009e-03
2.236067918588109660e-02 -7.635754507226720283e-04 -7.635754507226720283e-04 2.333144170331970203e-04 1.294917997740023009e-03
2.236067918588109660e-02 -7.635754507226720283e-04 -7.635754507226720283e-04 2.333144170331970203e-04 1.294917997740023009e-03
2.236067918588109660e-02 -7.635754507226720283e-04 -7.635754507226720283e-04 2.333144170331970203e-04 1.294917997740023009e-03
2.236067918588109660e-02 -7.635754507226720283e-04 -7.635754507226720283e-04 2.333144170331970203e-04 1.294917997740023009e-03
2.236067918588109660e-02 -7.635754507226720283e-04 -7.635754507226720283e-04 2.333144170331970203e-04 1.294917997740023009e-03
2.236067918588109660e-02 -7.635754507226720283e-04 -7.635754507226720283e-04 2.333144170331970203e-04 1.294917997740023009e-03
2.236067918588109660e-02 -7.635754507226720283e-04 -7.635754507226720283e-04 2.333144170331970203e-04 1.294917997740023009e-03
2.236067918588109660e-02 -7.635754507226720283e-04 -7.635754507226720283e-04 2.333144170331970203e-04 1.294917997740023009e-03
2.236067918588109660e-02 -7.635754507226720283e-04 -7.635754507226720283e-04 2.333144170331970203e-04 1.294917997740023009e-03
2.236067918588109660e-02 -7.635754507226720283e-04 -7.635754507226720283e-04 2.333144170331970203e-04 1.294917997740023009e-03
2.236067918588109660e-02 -7.635754507226720283e-04 -7.635754507226720283e-04 2.333144170331970203e-04 1.294917997740023009e-03
2.236067918588109660e-02 -7.635754507226720283e-04 -7.635754507226720283e-04 2.333144170331970203e-04 1.294917997740023009e-03
2.236067918588109660e-02 -7.635754507226720283e-04 -7.635754507226720283e-04 2.333144170331970203e-04 1.294917997740023009e-03
2.236067918588109660e-02 -7.635754507226720283e-04 -7.635754507226720283e-04 2.333144170331970203e-04 1.294917997740023009e-03
2.236067918588109660e-02 -7.635754507226720283e-04 -7.635754507226720283e-04 2.333144170331970203e-04 1.294917997740023009e-03
2.236067918588109660e-02 -7.635754507226720283e-04 -7.635754507226720283e-04 2.333144170331970203e-04 1.294917997740023009e-03
2.236067918588109660e-02 -7.635754507226720283e-04 -7.635754507226720283e-04 2.333144170331970203e-04 1.294917997740023009e-03
2.236067918588109660e-02 -7.635754507226720283e-04 -7.635754507226720283e-04 2.333144170331970203e-04 1.294917997740023009e-03
2.236067918588109660e-02 -7.635754507226720283e-04 -7.635754507226720283e-04 2.333144170331970203e-04 1.294917997740023009e-03
2.236067918588109660e-02 -7.635754507226720283e-04 -7.635754507226720283e-04 2.333144170331970203e-04 1.294917997740023009e-03
2.236067918588109660e-02 -7.635754507226720283e-04 -7.635754507226720283e-04 2.333144170331970203e-04 1.294917997740023009e-03
2.236067918588109660e-02 -7.635754507226720283e-04 -7.635754507226720283e-04 2.333144170331970203e-04 1.294917997740023009e-03
2.236067918588109660e-02 -7.635754507226720283e-04 -7.635754507226720283e-04 2.333144170331970203e-04 1.294917997740023009e-03
2.236067918588109660e-02 -7.635754507226720283e-04 -7.635754507226720283e-04 2.333144170331970203e-04 1.294917997740023009e-03
2.236067918588109660e-02 -7.635754507226720283e-04 -7.635754507226720283e-04 2.333144170331970203e-04 1.294917997740023009e-03
2.236067918588109660e-02 -7.635754507226720283e-04 -7.635754507226720283e-04 2.333144170331970203e-04 1.294917997740023009e-03
2.236067918588109660e-02 -7.635754507226720283e-04 -7.635754507226720283e-04 2.333144170331970203e-04 1.294917997740023009e-03
2.236067918588109660e-02 -7.635754507226720283e-04 -7.635754507226720283e-04 2.333144170331970203e-04 1.294917997740023009e-03
2.236067918588109660e-02 -7.635754507226720283e-04 -7.635754507226720283e-04 2.333144170331970203e-04 1.294917997740023009e-03
2.236067918588109660e-02 -7.635754507226720283e-04 -7.635754507226720283e-04 2.333144170331970203e-04 1.294917997740023009e-03
2.236067918588109660e-02 -7.635754507226720283e-04 -7.635754507226720283e-04 2.333144170331970203e-04 1.294917997740023009e-03
2.236067918588109660e-02 -7.635754507226720283e-04 -7.635754507226720283e-04 2.333144170331970203e-04 1.294917997740023009e-03
2.236067918588109660e-02 -7.635754507226720283e-04 -7.635754507226720283e-04 2.333144170331970203e-04 1.294917997740023009e-03
2.236067918588109660e-02 -7.635754507226720283e-04 -7.635754507226720283e-04 2.333144170331970203e-04 1.294917997740023009e-03
2.236067918588109660e-02 -7.635754507226720283e-04 -7.635754507226720283e-04 2.333144170331970203e-04 1.294917997740023009e-03
2.236067918588109660e-02 -7.635754507226720283e-04 -7.635754507226720283e-04 2.333144170331970203e-04 1.294917997740023009e-03
2.236067918588109660e-02 -7.635754507226720283e-04 -7.635754507226720283e-04 2.333144170331970203e-04 1.294917997740023009e-03
2.236067918588109660e-02 -7.635754507226720283e-04 -7.635754507226720283e-04 2.333144170331970203e-04 1.294917997740023009e-03
2.236067918588109660e-02 -7.635754507226720283e-04 -7.635754507226720283e-04 2.333144170331970203e-04 1.294917997740023009e-03
2.236067918588109660e-02 -7.635754507226720283e-04 -7.635754507226720283e-04 2.333144170331970203e-04 1.294917997740023009e-03
2.236067918588109660e-02 -7.635754507226720283e-04 -7.635754507226720283e-04 2.333144170331970203e-04 1.294917997740023009e-03
2.236067918588109660e-02 -7.635754507226720283e-04 -7.635754507226720283e-04 2.333144170331970203e-04 1.294917997740023009e-03
2.236067918588109660e-02 -7.635754507226720283e-04 -7.635754507226720283e-04 2.333144170331970203e-04 1.294917997740023009e-03
2.236067918588109660e-02 -7.635754507226720283e-04 -7.635754507226720283e-04 2.333144170331970203e-04 1.294917997740023009e-03
2.236067918588109660e-02 -7.635754507226720283e-04 -7.635754507226720283e-04 2.333144170331970203e-04 1.294917997740023009e-03
2.236067918588109660e-02 -7.635754507226720283e-04 -7.635754507226720283e-04 2.333144170331970203e-04 1.294917997740023009e-03
2.236067918588109660e-02 -7.635754507226720283e-04 -7.635754507226720283e-04 2.333144170331970203e-04 1.294917997740023009e-03
2.236067918588109660e-02 -7.635754507226720283e-04 -7.635754507226720283e-04 2.333144170331970203e-04 1.294917997740023009e-03
2.236067918588109660e-02 -7.635754507226720283e-04 -7.635754507226720283e-04 2.333144170331970203e-04 1.294917997740023009e-03
2.236067918588109660e-02 -7.635754507226720283e-04 -7.635754507226720283e-04 2.333144170331970203e-04 1.294917997740023009e-03
2.236067918588109660e-02 -7.635754507226720283e-04 -7.635754507226720283e-04 2.333144170331970203e-04 1.294917997740023009e-03
2.236067918588109660e-02 -7.635754507226720283e-04 -7.635754507226720283e-04 2.333144170331970203e-04 1.294917997740023009e-03
2.236067918588109660e-02 -7.635754507226720283e-04 -7.635754507226720283e-04 2.333144170331970203e-04 1.294917997740023009e-03
2.236067918588109660e-02 -7.635754507226720283e-04 -7.635754507226720283e-04 2.333144170331970203e-04 1.294917997740023009e-03
2.236067918588109660e-02 -7.635754507226720283e-04 -7.635754507226720283e-04 2.333144170331970203e-04 1.294917997740023009e-03
2.236067918588109660e-02 -7.635754507226720283e-04 -7.635754507226720283e-04 2.333144170331970203e-04 1.294917997740023009e-03
2.236067918588109660e-02 -7.635754507226720283e-04 -7.635754507226720283e-04 2.333144170331970203e-04 1.294917997740023009e-03
2.236067918588109660e-02 -7.635754507226720283e-04 -7.635754507226720283e-04 2.333144170331970203e-04 1.294917997740023009e-03
2.236067918588109660e-02 -7.635754507226720283e-04 -7.635754507226720283e-04 2.333144170331970203e-04 1.294917997740023009e-03
2.236067918588109660e-02 -7.635754507226720283e-04 -7.635754507226720283e-04 2.333144170331970203e-04 1.294917997740023009e-03
2.236067918588109660e-02 -7.635754507226720283e-04 -7.635754507226720283e-04 2.333144170331970203e-04 1.294917997740023009e-03
2.236067918588109660e-02 -7.635754507226720283e-04 -7.635754507226720283e-04 2.333144170331970203e-04 1.294917997740023009e-03
2.236067918588109660e-02 -7.635754507226720283e-04 -7.635754507226720283e-04 2.333144170331970203e-04 1.294917997740023009e-03
2.236067918588109660e-02 -7.635754507226720283e-04 -7.635754507226720283e-04 2.333144170331970203e-04 1.294917997740023009e-03
2.236067918588109660e-02 -7.635754507226720283e-04 -7.635754507226720283e-04 2.333144170331970203e-04 1.294917997740023009e-03
2.236067918588109660e-02 -7.635754507226720283e-04 -7.635754507226720283e-04 2.333144170331970203e-04 1.294917997740023009e-03
2.236067918588109660e-02 -7.635754507226720283e-04 -7.635754507226720283e-04 2.333144170331970203e-04 1.294917997740023009e-03
2.236067918588109660e-02 -7.635754507226720283e-04 -7.635754507226720283e-04 2.333144170331970203e-04 1.294917997740023009e-03
2.236067918588109660e-02 -7.635754507226720283e-04 -7.635754507226720283e-04 2.333144170331970203e-04 1.294917997740023009e-03
2.236067918588109660e-02 -7.635754507226720283e-04 -7.635754507226720283e-04 2.333144170331970203e-04 1.294917997740023009e-03
2.236067918588109660e-02 -7.635754507226720283e-04 -7.635754507226720283e-04 2.333144170331970203e-04 1.294917997740023009e-03
2.236067918588109660e-02 -7.635754507226720283e-04 -7.635754507226720283e-04 2.333144170331970203e-04 1.294917997740023009e-03
2.236067918588109660e-02 -7.635754507226720283e-04 -7.635754507226720283e-04 2.333144170331970203e-04 1.294917997740023009e-03
2.236067918588109660e-02 -7.635754507226720283e-04 -7.635754507226720283e-04 2.333144170331970203e-04 1.294917997740023009e-03
2.236067918588109660e-02 -7.635754507226720283e-04 -7.635754507226720283e-04 2.333144170331970203e-04 1.294917997740023009e-03
2.236067918588109660e-02 -7.635754507226720283e-04 -7.635754507226720283e-04 2.333144170331970203e-04 1.294917997740023009e-03
2.236067918588109660e-02 -7.635754507226720283e-04 -7.635754507226720283e-04 2.333144170331970203e-04 1.294917997740023009e-03
2.236067918588109660e-02 -7.635754507226720283e-04 -7.635754507226720283e-04 2.333144170331970203e-04 1.294917997740023009e-03
2.236067918588109660e-02 -7.635754507226720283e-04 -7.635754507226720283e-04 2.333144170331970203e-04 1.294917997740023009e-03
2.236067918588109660e-02 -7.635754507226720283e-04 -7.635754507226720283e-04 2.333144170331970203e-04 1.294917997740023009e-03
2.236067918588109660e-02 -7.635754507226720283e-04 -7.635754507226720283e-04 2.333144170331970203e-04 1.294917997740023009e-03
2.236067918588109660e-02 -7.635754507226720283e-04 -7.635754507226720283e-04 2.333144170331970203e-04 1.294917997740023009e-03
2.236067918588109660e-02 -7.635754507226720283e-04 -7.635754507226720283e-04 2.333144170331970203e-04 1.294917997740023009e-03
2.236067918588109660e-02 -7.635754507226720283e-04 -7.635754507226720283e-04 2.333144170331970203e-04 1.294917997740023009e-03
2.236067918588109660e-02 -7.635754507226720283e-04 -7.635754507226720283e-04 2.333144170331970203e-04 1.294917997740023009e-03
2.236067918588109660e-02 -7.635754507226720283e-04 -7.635754507226720283e-04 2.333144170331970203e-04 1.294917997740023009e-03
2.236067918588109660e-02 -7.635754507226720283e-04 -7.635754507226720283e-04 2.333144170331970203e-04 1.294917997740023009e-03
2.236067918588109660e-02 -7.635754507226720283e-04 -7.635754507226720283e-04 2.333144170331970203e-04 1.294917997740023009e-03
2.236067918588109660e-02 -7.635754507226720283e-04 -7.635754507226720283e-04 2.333144170331970203e-04 1.294917997740023009e-03
2.236067918588109660e-02 -7.635754507226720283e-04 -7.635754507226720283e-04 2.333144170331970203e-04 1.294917997740023009e-03
2.236067918588109660e-02 -7.635754507226720283e-04 -7.635754507226720283e-04 2.333144170331970203e-04 1.294917997740023009e-03
2.236067918588109660e-02 -7.635754507226720283e-04 -7.635754507226720283e-04 2.333144170331970203e-04 1.294917997740023009e-03
2.236067918588109660e-02 -7.635754507226720283e-04 -7.635754507226720283e-04 2.333144170331970203e-04 1.294917997740023009e-03
2.236067918588109660e-02 -7.635754507226720283e-04 -7.635754507226720283e-04 2.333144170331970203e-04 1.294917997740023009e-03
2.236067918588109660e-02 -7.635754507226720283e-04 -7.635754507226720283e-04 2.333144170331970203e-04 1.294917997740023009e-03
2.236067918588109660e-02 -7.635754507226720283e-04 -7.635754507226720283e-04 2.333144170331970203e-04 1.294917997740023009e-03
2.236067918588109660e-02 -7.635754507226720283e-04 -7.635754507226720283e-04 2.333144170331970203e-04 1.294917997740023009e-03
2.236067918588109660e-02 -7.635754507226720283e-04 -7.635754507226720283e-04 2.333144170331970203e-04 1.294917997740023009e-03
2.236067918588109660e-02 -7.635754507226720283e-04 -7.635754507226720283e-04 2.333144170331970203e-04 1.294917997740023009e-03
2.236067918588109660e-02 -7.635754507226720283e-04 -7.635754507226720283e-04 2.333144170331970203e-04 1.294917997740023009e-03
2.236067918588109660e-02 -7.635754507226720283e-04 -7.635754507226720283e-04 2.333144170331970203e-04 1.294917997740023009e-03
2.236067918588109660e-02 -7.635754507226720283e-04 -7.635754507226720283e-04 2.333144170331970203e-04 1.294917997740023009e-03
2.236067918588109660e-02 -7.635754507226720283e-04 -7.635754507226720283e-04 2.333144170331970203e-04 1.294917997740023009e-03
2.236067918588109660e-02 -7.635754507226720283e-04 -7.635754507226720283e-04 2.333144170331970203e-04 1.294917997740023009e-03
2.236067918588109660e-02 -7.635754507226720283e-04 -7.635754507226720283e-04 2.333144170331970203e-04 1.294917997740023009e-03
2.236067918588109660e-02 -7.635754507226720283e-04 -7.635754507226720283e-04 2.333144170331970203e-04 1.294917997740023009e-03
2.236067918588109660e-02 -7.635754507226720283e-04 -7.635754507226720283e-04 2.333144170331970203e-04 1.294917997740023009e-03
2.236067918588109660e-02 -7.635754507226720283e-04 -7.635754507226720283e-04 2.333144170331970203e-04 1.294917997740023009e-03
2.236067918588109660e-02 -7.635754507226720283e-04 -7.635754507226720283e-04 2.333144170331970203e-04 1.294917997740023009e-03
2.236067918588109660e-02 -7.635754507226720283e-04 -7.635754507226720283e-04 2.333144170331970203e-04 1.294917997740023009e-03
2.236067918588109660e-02 -7.635754507226720283e-04 -7.635754507226720283e-04 2.333144170331970203e-04 1.294917997740023009e-03
2.236067918588109660e-02 -7.635754507226720283e-04 -7.635754507226720283e-04 2.333144170331970203e-04 1.294917997740023009e-03
2.236067918588109660e-02 -7.635754507226720283e-04 -7.635754507226720283e-04 2.333144170331970203e-04 1.294917997740023009e-03
2.236067918588109660e-02 -7.635754507226720283e-04 -7.635754507226720283e-04 2.333144170331970203e-04 1.294917997740023009e-03
2.236067918588109660e-02 -7.635754507226720283e-04 -7.635754507226720283e-04 2.333144170331970203e-04 1.294917997740023009e-03
2.236067918588109660e-02 -7.635754507226720283e-04 -7.635754507226720283e-04 2.333144170331970203e-04 1.294917997740023009e-03
2.236067918588109660e-02 -7.635754507226720283e-04 -7.635754507226720283e-04 2.333144170331970203e-04 1.294917997740023009e-03
2.236067918588109660e-02 -7.635754507226720283e-04 -7.635754507226720283e-04 2.333144170331970203e-04 1.294917997740023009e-03
2.236067918588109660e-02 -7.635754507226720283e-04 -7.635754507226720283e-04 2.333144170331970203e-04 1.294917997740023009e-03
2.236067918588109660e-02 -7.635754507226720283e-04 -7.635754507226720283e-04 2.333144170331970203e-04 1.294917997740023009e-03
2.236067918588109660e-02 -7.635754507226720283e-04 -7.635754507226720283e-04 2.333144170331970203e-04 1.294917997740023009e-03
2.236067918588109660e-02 -7.635754507226720283e-04 -7.635754507226720283e-04 2.333144170331970203e-04 1.294917997740023009e-03
2.236067918588109660e-02 -7.635754507226720283e-04 -7.635754507226720283e-04 2.333144170331970203e-04 1.294917997740023009e-03
2.236067918588109660e-02 -7.635754507226720283e-04 -7.635754507226720283e-04 2.333144170331970203e-04 1.294917997740023009e-03
2.236067918588109660e-02 -7.635754507226720283e-04 -7.635754507226720283e-04 2.333144170331970203e-04 1.294917997740023009e-03
2.236067918588109660e-02 -7.635754507226720283e-04 -7.635754507226720283e-04 2.333144170331970203e-04 1.294917997740023009e-03
2.236067918588109660e-02 -7.635754507226720283e-04 -7.635754507226720283e-04 2.333144170331970203e-04 1.294917997740023009e-03
2.236067918588109660e-02 -7.635754507226720283e-04 -7.635754507226720283e-04 2.333144170331970203e-04 1.294917997740023009e-03
2.236067918588109660e-02 -7.635754507226720283e-04 -7.635754507226720283e-04 2.333144170331970203e-04 1.294917997740023009e-03
2.236067918588109660e-02 -7.635754507226720283e-04 -7.635754507226720283e-04 2.333144170331970203e-04 1.294917997740023009e-03
2.236067918588109660e-02 -7.635754507226720283e-04 -7.635754507226720283e-04 2.333144170331970203e-04 1.294917997740023009e-03
2.236067918588109660e-02 -7.635754507226720283e-04 -7.635754507226720283e-04 2.333144170331970203e-04 1.294917997740023009e-03
2.236067918588109660e-02 -7.635754507226720283e-04 -7.635754507226720283e-04 2.333144170331970203e-04 1.294917997740023009e-03
2.236067918588109660e-02 -7.635754507226720283e-04 -7.635754507226720283e-04 2.333144170331970203e-04 1.294917997740023009e-03
2.236067918588109660e-02 -7.635754507226720283e-04 -7.635754507226720283e-04 2.333144170331970203e-04 1.294917997740023009e-03
2.236067918588109660e-02 -7.635754507226720283e-04 -7.635754507226720283e-04 2.333144170331970203e-04 1.294917997740023009e-03
2.236067918588109660e-02 -7.635754507226720283e-04 -7.635754507226720283e-04 2.333144170331970203e-04 1.294917997740023009e-03
2.236067918588109660e-02 -7.635754507226720283e-04 -7.635754507226720283e-04 2.333144170331970203e-04 1.294917997740023009e-03
2.236067918588109660e-02 -7.635754507226720283e-04 -7.635754507226720283e-04 2.333144170331970203e-04 1.294917997740023009e-03
2.236067918588109660e-02 -7.635754507226720283e-04 -7.635754507226720283e-04 2.333144170331970203e-04 1.294917997740023009e-03
2.236067918588109660e-02 -7.635754507226720283e-04 -7.635754507226720283e-04 2.333144170331970203e-04 1.294917997740023009e-03
2.236067918588109660e-02 -7.635754507226720283e-04 -7.635754507226720283e-04 2.333144170331970203e-04 1.294917997740023009e-03
2.236067918588109660e-02 -7.635754507226720283e-04 -7.635754507226720283e-04 2.333144170331970203e-04 1.294917997740023009e-03
2.236067918588109660e-02 -7.635754507226720283e-04 -7.635754507226720283e-04 2.333144170331970203e-04 1.294917997740023009e-03
2.236067918588109660e-02 -7.635754507226720283e-04 -7.635754507226720283e-04 2.333144170331970203e-04 1.294917997740023009e-03
2.236067918588109660e-02 -7.635754507226720283e-04 -7.635754507226720283e-04 2.333144170331970203e-04 1.294917997740023009e-03
2.236067918588109660e-02 -7.635754507226720283e-04 -7.635754507226720283e-04 2.333144170331970203e-04 1.294917997740023009e-03
2.236067918588109660e-02 -7.635754507226720283e-04 -7.635754507226720283e-04 2.333144170331970203e-04 1.294917997740023009e-03
2.236067918588109660e-02 -7.635754507226720283e-04 -7.635754507226720283e-04 2.333144170331970203e-04 1.294917997740023009e-03
2.236067918588109660e-02 -7.635754507226720283e-04 -7.635754507226720283e-04 2.333144170331970203e-04 1.294917997740023009e-03
2.236067918588109660e-02 -7.635754507226720283e-04 -7.635754507226720283e-04 2.333144170331970203e-04 1.294917997740023009e-03
2.236067918588109660e-02 -7.635754507226720283e-04 -7.635754507226720283e-04 2.333144170331970203e-04 1.294917997740023009e-03
2.236067918588109660e-02 -7.635754507226720283e-04 -7.635754507226720283e-04 2.333144170331970203e-04 1.294917997740023009e-03
2.236067918588109660e-02 -7.635754507226720283e-04 -7.635754507226720283e-04 2.333144170331970203e-04 1.294917997740023009e-03
2.236067918588109660e-02 -7.635754507226720283e-04 -7.635754507226720283e-04 2.333144170331970203e-04 1.294917997740023009e-03
2.236067918588109660e-02 -7.635754507226720283e-04 -7.635754507226720283e-04 2.333144170331970203e-04 1.294917997740023009e-03
2.236067918588109660e-02 -7.635754507226720283e-04 -7.635754507226720283e-04 2.333144170331970203e-04 1.294917997740023009e-03
2.236067918588109660e-02 -7.635754507226720283e-04 -7.635754507226720283e-04 2.333144170331970203e-04 1.294917997740023009e-03
2.236067918588109660e-02 -7.635754507226720283e-04 -7.635754507226720283e-04 2.333144170331970203e-04 1.294917997740023009e-03
2.236067918588109660e-02 -7.635754507226720283e-04 -7.635754507226720283e-04 2.333144170331970203e-04 1.294917997740023009e-03
2.236067918588109660e-02 -7.635754507226720283e-04 -7.635754507226720283e-04 2.333144170331970203e-04 1.294917997740023009e-03
2.236067918588109660e-02 -7.635754507226720283e-04 -7.635754507226720283e-04 2.333144170331970203e-04 1.294917997740023009e-03
2.236067918588109660e-02 -7.635754507226720283e-04 -7.635754507226720283e-04 2.333144170331970203e-04 1.294917997740023009e-03
2.236067918588109660e-02 -7.635754507226720283e-04 -7.635754507226720283e-04 2.333144170331970203e-04 1.294917997740023009e-03
2.236067918588109660e-02 -7.635754507226720283e-04 -7.635754507226720283e-04 2.333144170331970203e-04 1.294917997740023009e-03
2.236067918588109660e-02 -7.635754507226720283e-04 -7.635754507226720283e-04 2.333144170331970203e-04 1.294917997740023009e-03
2.236067918588109660e-02 -7.635754507226720283e-04 -7.635754507226720283e-04 2.333144170331970203e-04 1.294917997740023009e-03
2.236067918588109660e-02 -7.635754507226720283e-04 -7.635754507226720283e-04 2.333144170331970203e-04 1.294917997740023009e-03
2.236067918588109660e-02 -7.635754507226720283e-04 -7.635754507226720283e-04 2.333144170331970203e-04 1.294917997740023009e-03
2.236067918588109660e-02 -7.635754507226720283e-04 -7.635754507226720283e-04 2.333144170331970203e-04 1.294917997740023009e-03
2.236067918588109660e-02 -7.635754507226720283e-04 -7.635754507226720283e-04 2.333144170331970203e-04 1.294917997740023009e-03
2.236067918588109660e-02 -7.635754507226720283e-04 -7.635754507226720283e-04 2.333144170331970203e-04 1.294917997740023009e-03
2.236067918588109660e-02 -7.635754507226720283e-04 -7.635754507226720283e-04 2.333144170331970203e-04 1.294917997740023009e-03
2.236067918588109660e-02 -7.635754507226720283e-04 -7.635754507226720283e-04 2.333144170331970203e-04 1.294917997740023009e-03
2.236067918588109660e-02 -7.635754507226720283e-04 -7.635754507226720283e-04 2.333144170331970203e-04 1.294917997740023009e-03
2.236067918588109660e-02 -7.635754507226720283e-04 -7.635754507226720283e-04 2.333144170331970203e-04 1.294917997740023009e-03
2.236067918588109660e-02 -7.635754507226720283e-04 -7.635754507226720283e-04 2.333144170331970203e-04 1.294917997740023009e-03
2.236067918588109660e-02 -7.635754507226720283e-04 -7.635754507226720283e-04 2.333144170331970203e-04 1.294917997740023009e-03
2.236067918588109660e-02 -7.635754507226720283e-04 -7.635754507226720283e-04 2.333144170331970203e-04 1.294917997740023009e-03
2.236067918588109660e-02 -7.635754507226720283e-04 -7.635754507226720283e-04 2.333144170331970203e-04 1.294917997740023009e-03
2.236067918588109660e-02 -7.635754507226720283e-04 -7.635754507226720283e-04 2.333144170331970203e-04 1.294917997740023009e-03
2.236067918588109660e-02 -7.635754507226720283e-04 -7.635754507226720283e-04 2.333144170331970203e-04 1.294917997740023009e-03
2.236067918588109660e-02 -7.635754507226720283e-04 -7.635754507226720283e-04 2.333144170331970203e-04 1.294917997740023009e-03
2.236067918588109660e-02 -7.635754507226720283e-04 -7.635754507226720283e-04 2.333144170331970203e-04 1.294917997740023009e-03
2.236067918588109660e-02 -7.635754507226720283e-04 -7.635754507226720283e-04 2.333144170331970203e-04 1.294917997740023009e-03
2.236067918588109660e-02 -7.635754507226720283e-04 -7.635754507226720283e-04 2.333144170331970203e-04 1.294917997740023009e-03
2.236067918588109660e-02 -7.635754507226720283e-04 -7.635754507226720283e-04 2.333144170331970203e-04 1.294917997740023009e-03
2.236067918588109660e-02 -7.635754507226720283e-04 -7.635754507226720283e-04 2.333144170331970203e-04 1.294917997740023009e-03
2.236067918588109660e-02 -7.635754507226720283e-04 -7.635754507226720283e-04 2.333144170331970203e-04 1.294917997740023009e-03
2.236067918588109660e-02 -7.635754507226720283e-04 -7.635754507226720283e-04 2.333144170331970203e-04 1.294917997740023009e-03
2.236067918588109660e-02 -7.635754507226720283e-04 -7.635754507226720283e-04 2.333144170331970203e-04 1.294917997740023009e-03
2.236067918588109660e-02 -7.635754507226720283e-04 -7.635754507226720283e-04 2.333144170331970203e-04 1.294917997740023009e-03
2.236067918588109660e-02 -7.635754507226720283e-04 -7.635754507226720283e-04 2.333144170331970203e-04 1.294917997740023009e-03
2.236067918588109660e-02 -7.635754507226720283e-04 -7.635754507226720283e-04 2.333144170331970203e-04 1.294917997740023009e-03
2.236067918588109660e-02 -7.635754507226720283e-04 -7.635754507226720283e-04 2.333144170331970203e-04 1.294917997740023009e-03
2.236067918588109660e-02 -7.635754507226720283e-04 -7.635754507226720283e-04 2.333144170331970203e-04 1.294917997740023009e-03
2.236067918588109660e-02 -7.635754507226720283e-04 -7.635754507226720283e-04 2.333144170331970203e-04 1.294917997740023009e-03
2.236067918588109660e-02 -7.635754507226720283e-04 -7.635754507226720283e-04 2.333144170331970203e-04 1.294917997740023009e-03
2.236067918588109660e-02 -7.635754507226720283e-04 -7.635754507226720283e-04 2.333144170331970203e-04 1.294917997740023009e-03
2.236067918588109660e-02 -7.635754507226720283e-04 -7.635754507226720283e-04 2.333144170331970203e-04 1.294917997740023009e-03
2.236067918588109660e-02 -7.635754507226720283e-04 -7.635754507226720283e-04 2.333144170331970203e-04 1.294917997740023009e-03
2.236067918588109660e-02 -7.635754507226720283e-04 -7.635754507226720283e-04 2.333144170331970203e-04 1.294917997740023009e-03
2.236067918588109660e-02 -7.635754507226720283e-04 -7.635754507226720283e-04 2.333144170331970203e-04 1.294917997740023009e-03
2.236067918588109660e-02 -7.635754507226720283e-04 -7.635754507226720283e-04 2.333144170331970203e-04 1.294917997740023009e-03
2.236067918588109660e-02 -7.635754507226720283e-04 -7.635754507226720283e-04 2.333144170331970203e-04 1.294917997740023009e-03
2.236067918588109660e-02 -7.635754507226720283e-04 -7.635754507226720283e-04 2.333144170331970203e-04 1.294917997740023009e-03
2.236067918588109660e-02 -7.635754507226720283e-04 -7.635754507226720283e-04 2.333144170331970203e-04 1.294917997740023009e-03
2.236067918588109660e-02 -7.635754507226720283e-04 -7.635754507226720283e-04 2.333144170331970203e-04 1.294917997740023009e-03
2.236067918588109660e-02 -7.635754507226720283e-04 -7.635754507226720283e-04 2.333144170331970203e-04 1.294917997740023009e-03
2.236067918588109660e-02 -7.635754507226720283e-04 -7.635754507226720283e-04 2.333144170331970203e-04 1.294917997740023009e-03
2.236067918588109660e-02 -7.635754507226720283e-04 -7.635754507226720283e-04 2.333144170331970203e-04 1.294917997740023009e-03
2.236067918588109660e-02 -7.635754507226720283e-04 -7.635754507226720283e-04 2.333144170331970203e-04 1.294917997740023009e-03
2.236067918588109660e-02 -7.635754507226720283e-04 -7.635754507226720283e-04 2.333144170331970203e-04 1.294917997740023009e-03
2.236067918588109660e-02 -7.635754507226720283e-04 -7.635754507226720283e-04 2.333144170331970203e-04 1.294917997740023009e-03
2.236067918588109660e-02 -7.635754507226720283e-04 -7.635754507226720283e-04 2.333144170331970203e-04 1.294917997740023009e-03
2.236067918588109660e-02 -7.635754507226720283e-04 -7.635754507226720283e-04 2.333144170331970203e-04 1.294917997740023009e-03
2.236067918588109660e-02 -7.635754507226720283e-04 -7.635754507226720283e-04 2.333144170331970203e-04 1.294917997740023009e-03
2.236067918588109660e-02 -7.635754507226720283e-04 -7.635754507226720283e-04 2.333144170331970203e-04 1.294917997740023009e-03
2.236067918588109660e-02 -7.635754507226720283e-04 -7.635754507226720283e-04 2.333144170331970203e-04 1.294917997740023009e-03
2.236067918588109660e-02 -7.635754507226720283e-04 -7.635754507226720283e-04 2.333144170331970203e-04 1.294917997740023009e-03
2.236067918588109660e-02 -7.635754507226720283e-04 -7.635754507226720283e-04 2.333144170331970203e-04 1.294917997740023009e-03
2.236067918588109660e-02 -7.635754507226720283e-04 -7.635754507226720283e-04 2.333144170331970203e-04 1.294917997740023009e-03
2.236067918588109660e-02 -7.635754507226720283e-04 -7.635754507226720283e-04 2.333144170331970203e-04 1.294917997740023009e-03
2.236067918588109660e-02 -7.635754507226720283e-04 -7.635754507226720283e-04 2.333144170331970203e-04 1.294917997740023009e-03
2.236067918588109660e-02 -7.635754507226720283e-04 -7.635754507226720283e-04 2.333144170331970203e-04 1.294917997740023009e-03
2.236067918588109660e-02 -7.635754507226720283e-04 -7.635754507226720283e-04 2.333144170331970203e-04 1.294917997740023009e-03
2.236067918588109660e-02 -7.635754507226720283e-04 -7.635754507226720283e-04 2.333144170331970203e-04 1.294917997740023009e-03
2.236067918588109660e-02 -7.635754507226720283e-04 -7.635754507226720283e-04 2.333144170331970203e-04 1.294917997740023009e-03
2.236067918588109660e-02 -7.635754507226720283e-04 -7.635754507226720283e-04 2.333144170331970203e-04 1.294917997740023009e-03
2.236067918588109660e-02 -7.635754507226720283e-04 -7.635754507226720283e-04 2.333144170331970203e-04 1.294917997740023009e-03
2.236067918588109660e-02 -7.635754507226720283e-04 -7.635754507226720283e-04 2.333144170331970203e-04 1.294917997740023009e-03
2.236067918588109660e-02 -7.635754507226720283e-04 -7.635754507226720283e-04 2.333144170331970203e-04 1.294917997740023009e-03
2.236067918588109660e-02 -7.635754507226720283e-04 -7.635754507226720283e-04 2.333144170331970203e-04 1.294917997740023009e-03
2.236067918588109660e-02 -7.635754507226720283e-04 -7.635754507226720283e-04 2.333144170331970203e-04 1.294917997740023009e-03
2.236067918588109660e-02 -7.635754507226720283e-04 -7.635754507226720283e-04 2.333144170331970203e-04 1.294917997740023009e-03
2.236067918588109660e-02 -7.635754507226720283e-04 -7.635754507226720283e-04 2.333144170331970203e-04 1.294917997740023009e-03
2.236067918588109660e-02 -7.635754507226720283e-04 -7.635754507226720283e-04 2.333144170331970203e-04 1.294917997740023009e-03
2.236067918588109660e-02 -7.635754507226720283e-04 -7.635754507226720283e-04 2.333144170331970203e-04 1.294917997740023009e-03
2.236067918588109660e-02 -7.635754507226720283e-04 -7.635754507226720283e-04 2.333144170331970203e-04 1.294917997740023009e-03
2.236067918588109660e-02 -7.635754507226720283e-04 -7.635754507226720283e-04 2.333144170331970203e-04 1.294917997740023009e-03
2.236067918588109660e-02 -7.635754507226720283e-04 -7.635754507226720283e-04 2.333144170331970203e-04 1.294917997740023009e-03
2.236067918588109660e-02 -7.635754507226720283e-04 -7.635754507226720283e-04 2.333144170331970203e-04 1.294917997740023009e-03
2.236067918588109660e-02 -7.635754507226720283e-04 -7.635754507226720283e-04 2.333144170331970203e-04 1.294917997740023009e-03
2.236067918588109660e-02 -7.635754507226720283e-04 -7.635754507226720283e-04 2.333144170331970203e-04 1.294917997740023009e-03
2.236067918588109660e-02 -7.635754507226720283e-04 -7.635754507226720283e-04 2.333144170331970203e-04 1.294917997740023009e-03
2.236067918588109660e-02 -7.635754507226720283e-04 -7.635754507226720283e-04 2.333144170331970203e-04 1.294917997740023009e-03
2.236067918588109660e-02 -7.635754507226720283e-04 -7.635754507226720283e-04 2.333144170331970203e-04 1.294917997740023009e-03
2.236067918588109660e-02 -7.635754507226720283e-04 -7.635754507226720283e-04 2.333144170331970203e-04 1.294917997740023009e-03
2.236067918588109660e-02 -7.635754507226720283e-04 -7.635754507226720283e-04 2.333144170331970203e-04 1.294917997740023009e-03
2.236067918588109660e-02 -7.635754507226720283e-04 -7.635754507226720283e-04 2.333144170331970203e-04 1.294917997740023009e-03
2.236067918588109660e-02 -7.635754507226720283e-04 -7.635754507226720283e-04 2.333144170331970203e-04 1.294917997740023009e-03
2.236067918588109660e-02 -7.635754507226720283e-04 -7.635754507226720283e-04 2.333144170331970203e-04 1.294917997740023009e-03
2.236067918588109660e-02 -7.635754507226720283e-04 -7.635754507226720283e-04 2.333144170331970203e-04 1.294917997740023009e-03
2.236067918588109660e-02 -7.635754507226720283e-04 -7.635754507226720283e-04 2.333144170331970203e-04 1.294917997740023009e-03
2.236067918588109660e-02 -7.635754507226720283e-04 -7.635754507226720283e-04 2.333144170331970203e-04 1.294917997740023009e-03
2.236067918588109660e-02 -7.635754507226720283e-04 -7.635754507226720283e-04 2.333144170331970203e-04 1.294917997740023009e-03
2.236067918588109660e-02 -7.635754507226720283e-04 -7.635754507226720283e-04 2.333144170331970203e-04 1.294917997740023009e-03
2.236067918588109660e-02 -7.635754507226720283e-04 -7.635754507226720283e-04 2.333144170331970203e-04 1.294917997740023009e-03
2.236067918588109660e-02 -7.635754507226720283e-04 -7.635754507226720283e-04 2.333144170331970203e-04 1.294917997740023009e-03
2.236067918588109660e-02 -7.635754507226720283e-04 -7.635754507226720283e-04 2.333144170331970203e-04 1.294917997740023009e-03
2.236067918588109660e-02 -7.635754507226720283e-04 -7.635754507226720283e-04 2.333144170331970203e-04 1.294917997740023009e-03
2.236067918588109660e-02 -7.635754507226720283e-04 -7.635754507226720283e-04 2.333144170331970203e-04 1.294917997740023009e-03
2.236067918588109660e-02 -7.635754507226720283e-04 -7.635754507226720283e-04 2.333144170331970203e-04 1.294917997740023009e-03
2.236067918588109660e-02 -7.635754507226720283e-04 -7.635754507226720283e-04 2.333144170331970203e-04 1.294917997740023009e-03
2.236067918588109660e-02 -7.635754507226720283e-04 -7.635754507226720283e-04 2.333144170331970203e-04 1.294917997740023009e-03
2.236067918588109660e-02 -7.635754507226720283e-04 -7.635754507226720283e-04 2.333144170331970203e-04 1.294917997740023009e-03
2.236067918588109660e-02 -7.635754507226720283e-04 -7.635754507226720283e-04 2.333144170331970203e-04 1.294917997740023009e-03
2.236067918588109660e-02 -7.635754507226720283e-04 -7.635754507226720283e-04 2.333144170331970203e-04 1.294917997740023009e-03
2.236067918588109660e-02 -7.635754507226720283e-04 -7.635754507226720283e-04 2.333144170331970203e-04 1.294917997740023009e-03
2.236067918588109660e-02 -7.635754507226720283e-04 -7.635754507226720283e-04 2.333144170331970203e-04 1.294917997740023009e-03
2.236067918588109660e-02 -7.635754507226720283e-04 -7.635754507226720283e-04 2.333144170331970203e-04 1.294917997740023009e-03
2.236067918588109660e-02 -7.635754507226720283e-04 -7.635754507226720283e-04 2.333144170331970203e-04 1.294917997740023009e-03
2.236067918588109660e-02 -7.635754507226720283e-04 -7.635754507226720283e-04 2.333144170331970203e-04 1.294917997740023009e-03
2.236067918588109660e-02 -7.635754507226720283e-04 -7.635754507226720283e-04 2.333144170331970203e-04 1.294917997740023009e-03
2.236067918588109660e-02 -7.635754507226720283e-04 -7.635754507226720283e-04 2.333144170331970203e-04 1.294917997740023009e-03
2.236067918588109660e-02 -7.635754507226720283e-04 -7.635754507226720283e-04 2.333144170331970203e-04 1.294917997740023009e-03
2.236067918588109660e-02 -7.635754507226720283e-04 -7.635754507226720283e-04 2.333144170331970203e-04 1.294917997740023009e-03
2.236067918588109660e-02 -7.635754507226720283e-04 -7.635754507226720283e-04 2.333144170331970203e-04 1.294917997740023009e-03
2.236067918588109660e-02 -7.635754507226720283e-04 -7.635754507226720283e-04 2.333144170331970203e-04 1.294917997740023009e-03
2.236067918588109660e-02 -7.635754507226720283e-04 -7.635754507226720283e-04 2.333144170331970203e-04 1.294917997740023009e-03
2.236067918588109660e-02 -7.635754507226720283e-04 -7.635754507226720283e-04 2.333144170331970203e-04 1.294917997740023009e-03
2.236067918588109660e-02 -7.635754507226720283e-04 -7.635754507226720283e-04 2.333144170331970203e-04 1.294917997740023009e-03
2.236067918588109660e-02 -7.635754507226720283e-04 -7.635754507226720283e-04 2.333144170331970203e-04 1.294917997740023009e-03
2.236067918588109660e-02 -7.635754507226720283e-04 -7.635754507226720283e-04 2.333144170331970203e-04 1.294917997740023009e-03
2.236067918588109660e-02 -7.635754507226720283e-04 -7.635754507226720283e-04 2.333144170331970203e-04 1.294917997740023009e-03
2.236067918588109660e-02 -7.635754507226720283e-04 -7.635754507226720283e-04 2.333144170331970203e-04 1.294917997740023009e-03
2.236067918588109660e-02 -7.635754507226720283e-04 -7.635754507226720283e-04 2.333144170331970203e-04 1.294917997740023009e-03
2.236067918588109660e-02 -7.635754507226720283e-04 -7.635754507226720283e-04 2.333144170331970203e-04 1.294917997740023009e-03
2.236067918588109660e-02 -7.635754507226720283e-04 -7.635754507226720283e-04 2.333144170331970203e-04 1.294917997740023009e-03
2.236067918588109660e-02 -7.635754507226720283e-04 -7.635754507226720283e-04 2.333144170331970203e-04 1.294917997740023009e-03
2.236067918588109660e-02 -7.635754507226720283e-04 -7.635754507226720283e-04 2.333144170331970203e-04 1.294917997740023009e-03
2.236067918588109660e-02 -7.635754507226720283e-04 -7.635754507226720283e-04 2.333144170331970203e-04 1.294917997740023009e-03
2.236067918588109660e-02 -7.635754507226720283e-04 -7.635754507226720283e-04 2.333144170331970203e-04 1.294917997740023009e-03
2.236067918588109660e-02 -7.635754507226720283e-04 -7.635754507226720283e-04 2.333144170331970203e-04 1.294917997740023009e-03
2.236067918588109660e-02 -7.635754507226720283e-04 -7.635754507226720283e-04 2.333144170331970203e-04 1.294917997740023009e-03
2.236067918588109660e-02 -7.635754507226720283e-04 -7.635754507226720283e-04 2.333144170331970203e-04 1.294917997740023009e-03
2.236067918588109660e-02 -7.635754507226720283e-04 -7.635754507226720283e-04 2.333144170331970203e-04 1.294917997740023009e-03
2.236067918588109660e-02 -7.635754507226720283e-04 -7.635754507226720283e-04 2.333144170331970203e-04 1.294917997740023009e-03
2.236067918588109660e-02 -7.635754507226720283e-04 -7.635754507226720283e-04 2.333144170331970203e-04 1.294917997740023009e-03
2.236067918588109660e-02 -7.635754507226720283e-04 -7.635754507226720283e-04 2.333144170331970203e-04 1.294917997740023009e-03
2.236067918588109660e-02 -7.635754507226720283e-04 -7.635754507226720283e-04 2.333144170331970203e-04 1.294917997740023009e-03
2.236067918588109660e-02 -7.635754507226720283e-04 -7.635754507226720283e-04 2.333144170331970203e-04 1.294917997740023009e-03
2.236067918588109660e-02 -7.635754507226720283e-04 -7.635754507226720283e-04 2.333144170331970203e-04 1.294917997740023009e-03
2.236067918588109660e-02 -7.635754507226720283e-04 -7.635754507226720283e-04 2.333144170331970203e-04 1.294917997740023009e-03
2.236067918588109660e-02 -7.635754507226720283e-04 -7.635754507226720283e-04 2.333144170331970203e-04 1.294917997740023009e-03
2.236067918588109660e-02 -7.635754507226720283e-04 -7.635754507226720283e-04 2.333144170331970203e-04 1.294917997740023009e-03
2.236067918588109660e-02 -7.635754507226720283e-04 -7.635754507226720283e-04 2.333144170331970203e-04 1.294917997740023009e-03
2.236067918588109660e-02 -7.635754507226720283e-04 -7.635754507226720283e-04 2.333144170331970203e-04 1.294917997740023009e-03
2.236067918588109660e-02 -7.635754507226720283e-04 -7.635754507226720283e-04 2.333144170331970203e-04 1.294917997740023009e-03
2.236067918588109660e-02 -7.635754507226720283e-04 -7.635754507226720283e-04 2.333144170331970203e-04 1.294917997740023009e-03
2.236067918588109660e-02 -7.635754507226720283e-04 -7.635754507226720283e-04 2.333144170331970203e-04 1.294917997740023009e-03
2.236067918588109660e-02 -7.635754507226720283e-04 -7.635754507226720283e-04 2.333144170331970203e-04 1.294917997740023009e-03
2.236067918588109660e-02 -7.635754507226720283e-04 -7.635754507226720283e-04 2.333144170331970203e-04 1.294917997740023009e-03
2.236067918588109660e-02 -7.635754507226720283e-04 -7.635754507226720283e-04 2.333144170331970203e-04 1.294917997740023009e-03
2.236067918588109660e-02 -7.635754507226720283e-04 -7.635754507226720283e-04 2.333144170331970203e-04 1.294917997740023009e-03
2.236067918588109660e-02 -7.635754507226720283e-04 -7.635754507226720283e-04 2.333144170331970203e-04 1.294917997740023009e-03
2.236067918588109660e-02 -7.635754507226720283e-04 -7.635754507226720283e-04 2.333144170331970203e-04 1.294917997740023009e-03
2.236067918588109660e-02 -7.635754507226720283e-04 -7.635754507226720283e-04 2.333144170331970203e-04 1.294917997740023009e-03
2.236067918588109660e-02 -7.635754507226720283e-04 -7.635754507226720283e-04 2.333144170331970203e-04 1.294917997740023009e-03
2.236067918588109660e-02 -7.635754507226720283e-04 -7.635754507226720283e-04 2.333144170331970203e-04 1.294917997740023009e-03
2.236067918588109660e-02 -7.635754507226720283e-04 -7.635754507226720283e-04 2.333144170331970203e-04 1.294917997740023009e-03
2.236067918588109660e-02 -7.635754507226720283e-04 -7.635754507226720283e-04 2.333144170331970203e-04 1.294917997740023009e-03
2.236067918588109660e-02 -7.635754507226720283e-04 -7.635754507226720283e-04 2.333144170331970203e-04 1.294917997740023009e-03
2.236067918588109660e-02 -7.635754507226720283e-04 -7.635754507226720283e-04 2.333144170331970203e-04 1.294917997740023009e-03
2.236067918588109660e-02 -7.635754507226720283e-04 -7.635754507226720283e-04 2.333144170331970203e-04 1.294917997740023009e-03
2.236067918588109660e-02 -7.635754507226720283e-04 -7.635754507226720283e-04 2.333144170331970203e-04 1.294917997740023009e-03
2.236067918588109660e-02 -7.635754507226720283e-04 -7.635754507226720283e-04 2.333144170331970203e-04 1.294917997740023009e-03
2.236067918588109660e-02 -7.635754507226720283e-04 -7.635754507226720283e-04 2.333144170331970203e-04 1.294917997740023009e-03
2.236067918588109660e-02 -7.635754507226720283e-04 -7.635754507226720283e-04 2.333144170331970203e-04 1.294917997740023009e-03
2.236067918588109660e-02 -7.635754507226720283e-04 -7.635754507226720283e-04 2.333144170331970203e-04 1.294917997740023009e-03
2.236067918588109660e-02 -7.635754507226720283e-04 -7.635754507226720283e-04 2.333144170331970203e-04 1.294917997740023009e-03
2.236067918588109660e-02 -7.635754507226720283e-04 -7.635754507226720283e-04 2.333144170331970203e-04 1.294917997740023009e-03
2.236067918588109660e-02 -7.635754507226720283e-04 -7.635754507226720283e-04 2.333144170331970203e-04 1.294917997740023009e-03
2.236067918588109660e-02 -7.635754507226720283e-04 -7.635754507226720283e-04 2.333144170331970203e-04 1.294917997740023009e-03
2.236067918588109660e-02 -7.635754507226720283e-04 -7.635754507226720283e-04 2.333144170331970203e-04 1.294917997740023009e-03
2.236067918588109660e-02 -7.635754507226720283e-04 -7.635754507226720283e-04 2.333144170331970203e-04 1.294917997740023009e-03
2.236067918588109660e-02 -7.635754507226720283e-04 -7.635754507226720283e-04 2.333144170331970203e-04 1.294917997740023009e-03
2.236067918588109660e-02 -7.635754507226720283e-04 -7.635754507226720283e-04 2.333144170331970203e-04 1.294917997740023009e-03
2.236067918588109660e-02 -7.635754507226720283e-04 -7.635754507226720283e-04 2.333144170331970203e-04 1.294917997740023009e-03
2.236067918588109660e-02 -7.635754507226720283e-04 -7.635754507226720283e-04 2.333144170331970203e-04 1.294917997740023009e-03
2.236067918588109660e-02 -7.635754507226720283e-04 -7.635754507226720283e-04 2.333144170331970203e-04 1.294917997740023009e-03
2.236067918588109660e-02 -7.635754507226720283e-04 -7.635754507226720283e-04 2.333144170331970203e-04 1.294917997740023009e-03
2.236067918588109660e-02 -7.635754507226720283e-04 -7.635754507226720283e-04 2.333144170331970203e-04 1.294917997740023009e-03
2.236067918588109660e-02 -7.635754507226720283e-04 -7.635754507226720283e-04 2.333144170331970203e-04 1.294917997740023009e-03
2.236067918588109660e-02 -7.635754507226720283e-04 -7.635754507226720283e-04 2.333144170331970203e-04 1.294917997740023009e-03
2.236067918588109660e-02 -7.635754507226720283e-04 -7.635754507226720283e-04 2.333144170331970203e-04 1.294917997740023009e-03
2.236067918588109660e-02 -7.635754507226720283e-04 -7.635754507226720283e-04 2.333144170331970203e-04 1.294917997740023009e-03
2.236067918588109660e-02 -7.635754507226720283e-04 -7.635754507226720283e-04 2.333144170331970203e-04 1.294917997740023009e-03
2.236067918588109660e-02 -7.635754507226720283e-04 -7.635754507226720283e-04 2.333144170331970203e-04 1.294917997740023009e-03
2.236067918588109660e-02 -7.635754507226720283e-04 -7.635754507226720283e-04 2.333144170331970203e-04 1.294917997740023009e-03
2.236067918588109660e-02 -7.635754507226720283e-04 -7.635754507226720283e-04 2.333144170331970203e-04 1.294917997740023009e-03
2.236067918588109660e-02 -7.635754507226720283e-04 -7.635754507226720283e-04 2.333144170331970203e-04 1.294917997740023009e-03
2.236067918588109660e-02 -7.635754507226720283e-04 -7.635754507226720283e-04 2.333144170331970203e-04 1.294917997740023009e-03
2.236067918588109660e-02 -7.635754507226720283e-04 -7.635754507226720283e-04 2.333144170331970203e-04 1.294917997740023009e-03
2.236067918588109660e-02 -7.635754507226720283e-04 -7.635754507226720283e-04 2.333144170331970203e-04 1.294917997740023009e-03
2.236067918588109660e-02 -7.635754507226720283e-04 -7.635754507226720283e-04 2.333144170331970203e-04 1.294917997740023009e-03
2.236067918588109660e-02 -7.635754507226720283e-04 -7.635754507226720283e-04 2.333144170331970203e-04 1.294917997740023009e-03
2.236067918588109660e-02 -7.635754507226720283e-04 -7.635754507226720283e-04 2.333144170331970203e-04 1.294917997740023009e-03
2.236067918588109660e-02 -7.635754507226720283e-04 -7.635754507226720283e-04 2.333144170331970203e-04 1.294917997740023009e-03
2.236067918588109660e-02 -7.635754507226720283e-04 -7.635754507226720283e-04 2.333144170331970203e-04 1.294917997740023009e-03
2.236067918588109660e-02 -7.635754507226720283e-04 -7.635754507226720283e-04 2.333144170331970203e-04 1.294917997740023009e-03
2.236067918588109660e-02 -7.635754507226720283e-04 -7.635754507226720283e-04 2.333144170331970203e-04 1.294917997740023009e-03
2.236067918588109660e-02 -7.635754507226720283e-04 -7.635754507226720283e-04 2.333144170331970203e-04 1.294917997740023009e-03
2.236067918588109660e-02 -7.635754507226720283e-04 -7.635754507226720283e-04 2.333144170331970203e-04 1.294917997740023009e-03
2.236067918588109660e-02 -7.635754507226720283e-04 -7.635754507226720283e-04 2.333144170331970203e-04 1.294917997740023009e-03
2.236067918588109660e-02 -7.635754507226720283e-04 -7.635754507226720283e-04 2.333144170331970203e-04 1.294917997740023009e-03
2.236067918588109660e-02 -7.635754507226720283e-04 -7.635754507226720283e-04 2.333144170331970203e-04 1.294917997740023009e-03
2.236067918588109660e-02 -7.635754507226720283e-04 -7.635754507226720283e-04 2.333144170331970203e-04 1.294917997740023009e-03
2.236067918588109660e-02 -7.635754507226720283e-04 -7.635754507226720283e-04 2.333144170331970203e-04 1.294917997740023009e-03
2.236067918588109660e-02 -7.635754507226720283e-04 -7.635754507226720283e-04 2.333144170331970203e-04 1.294917997740023009e-03
2.236067918588109660e-02 -7.635754507226720283e-04 -7.635754507226720283e-04 2.333144170331970203e-04 1.294917997740023009e-03
2.236067918588109660e-02 -7.635754507226720283e-04 -7.635754507226720283e-04 2.333144170331970203e-04 1.294917997740023009e-03
2.236067918588109660e-02 -7.635754507226720283e-04 -7.635754507226720283e-04 2.333144170331970203e-04 1.294917997740023009e-03
2.236067918588109660e-02 -7.635754507226720283e-04 -7.635754507226720283e-04 2.333144170331970203e-04 1.294917997740023009e-03
2.236067918588109660e-02 -7.635754507226720283e-04 -7.635754507226720283e-04 2.333144170331970203e-04 1.294917997740023009e-03
2.236067918588109660e-02 -7.635754507226720283e-04 -7.635754507226720283e-04 2.333144170331970203e-04 1.294917997740023009e-03
2.236067918588109660e-02 -7.635754507226720283e-04 -7.635754507226720283e-04 2.333144170331970203e-04 1.294917997740023009e-03
2.236067918588109660e-02 -7.635754507226720283e-04 -7.635754507226720283e-04 2.333144170331970203e-04 1.294917997740023009e-03
2.236067918588109660e-02 -7.635754507226720283e-04 -7.635754507226720283e-04 2.333144170331970203e-04 1.294917997740023009e-03
2.236067918588109660e-02 -7.635754507226720283e-04 -7.635754507226720283e-04 2.333144170331970203e-04 1.294917997740023009e-03
2.236067918588109660e-02 -7.635754507226720283e-04 -7.635754507226720283e-04 2.333144170331970203e-04 1.294917997740023009e-03
2.236067918588109660e-02 -7.635754507226720283e-04 -7.635754507226720283e-04 2.333144170331970203e-04 1.294917997740023009e-03
2.236067918588109660e-02 -7.635754507226720283e-04 -7.635754507226720283e-04 2.333144170331970203e-04 1.294917997740023009e-03
2.236067918588109660e-02 -7.635754507226720283e-04 -7.635754507226720283e-04 2.333144170331970203e-04 1.294917997740023009e-03
2.236067918588109660e-02 -7.635754507226720283e-04 -7.635754507226720283e-04 2.333144170331970203e-04 1.294917997740023009e-03
2.236067918588109660e-02 -7.635754507226720283e-04 -7.635754507226720283e-04 2.333144170331970203e-04 1.294917997740023009e-03
2.236067918588109660e-02 -7.635754507226720283e-04 -7.635754507226720283e-04 2.333144170331970203e-04 1.294917997740023009e-03
2.236067918588109660e-02 -7.635754507226720283e-04 -7.635754507226720283e-04 2.333144170331970203e-04 1.294917997740023009e-03
2.236067918588109660e-02 -7.635754507226720283e-04 -7.635754507226720283e-04 2.333144170331970203e-04 1.294917997740023009e-03
2.236067918588109660e-02 -7.635754507226720283e-04 -7.635754507226720283e-04 2.333144170331970203e-04 1.294917997740023009e-03
2.236067918588109660e-02 -7.635754507226720283e-04 -7.635754507226720283e-04 2.333144170331970203e-04 1.294917997740023009e-03
2.236067918588109660e-02 -7.635754507226720283e-04 -7.635754507226720283e-04 2.333144170331970203e-04 1.294917997740023009e-03
2.236067918588109660e-02 -7.635754507226720283e-04 -7.635754507226720283e-04 2.333144170331970203e-04 1.294917997740023009e-03
2.236067918588109660e-02 -7.635754507226720283e-04 -7.635754507226720283e-04 2.333144170331970203e-04 1.294917997740023009e-03
2.236067918588109660e-02 -7.635754507226720283e-04 -7.635754507226720283e-04 2.333144170331970203e-04 1.294917997740023009e-03
2.236067918588109660e-02 -7.635754507226720283e-04 -7.635754507226720283e-04 2.333144170331970203e-04 1.294917997740023009e-03
2.236067918588109660e-02 -7.635754507226720283e-04 -7.635754507226720283e-04 2.333144170331970203e-04 1.294917997740023009e-03
2.236067918588109660e-02 -7.635754507226720283e-04 -7.635754507226720283e-04 2.333144170331970203e-04 1.294917997740023009e-03
2.236067918588109660e-02 -7.635754507226720283e-04 -7.635754507226720283e-04 2.333144170331970203e-04 1.294917997740023009e-03
2.236067918588109660e-02 -7.635754507226720283e-04 -7.635754507226720283e-04 2.333144170331970203e-04 1.294917997740023009e-03
2.236067918588109660e-02 -7.635754507226720283e-04 -7.635754507226720283e-04 2.333144170331970203e-04 1.294917997740023009e-03
2.236067918588109660e-02 -7.635754507226720283e-04 -7.635754507226720283e-04 2.333144170331970203e-04 1.294917997740023009e-03
2.236067918588109660e-02 -7.635754507226720283e-04 -7.635754507226720283e-04 2.333144170331970203e-04 1.294917997740023009e-03
2.236067918588109660e-02 -7.635754507226720283e-04 -7.635754507226720283e-04 2.333144170331970203e-04 1.294917997740023009e-03
2.236067918588109660e-02 -7.635754507226720283e-04 -7.635754507226720283e-04 2.333144170331970203e-04 1.294917997740023009e-03
2.236067918588109660e-02 -7.635754507226720283e-04 -7.635754507226720283e-04 2.333144170331970203e-04 1.294917997740023009e-03
2.236067918588109660e-02 -7.635754507226720283e-04 -7.635754507226720283e-04 2.333144170331970203e-04 1.294917997740023009e-03
2.236067918588109660e-02 -7.635754507226720283e-04 -7.635754507226720283e-04 2.333144170331970203e-04 1.294917997740023009e-03
2.236067918588109660e-02 -7.635754507226720283e-04 -7.635754507226720283e-04 2.333144170331970203e-04 1.294917997740023009e-03
2.236067918588109660e-02 -7.635754507226720283e-04 -7.635754507226720283e-04 2.333144170331970203e-04 1.294917997740023009e-03
2.236067918588109660e-02 -7.635754507226720283e-04 -7.635754507226720283e-04 2.333144170331970203e-04 1.294917997740023009e-03
2.236067918588109660e-02 -7.635754507226720283e-04 -7.635754507226720283e-04 2.333144170331970203e-04 1.294917997740023009e-03
2.236067918588109660e-02 -7.635754507226720283e-04 -7.635754507226720283e-04 2.333144170331970203e-04 1.294917997740023009e-03
2.236067918588109660e-02 -7.635754507226720283e-04 -7.635754507226720283e-04 2.333144170331970203e-04 1.294917997740023009e-03
2.236067918588109660e-02 -7.635754507226720283e-04 -7.635754507226720283e-04 2.333144170331970203e-04 1.294917997740023009e-03
2.236067918588109660e-02 -7.635754507226720283e-04 -7.635754507226720283e-04 2.333144170331970203e-04 1.294917997740023009e-03
2.236067918588109660e-02 -7.635754507226720283e-04 -7.635754507226720283e-04 2.333144170331970203e-04 1.294917997740023009e-03
2.236067918588109660e-02 -7.635754507226720283e-04 -7.635754507226720283e-04 2.333144170331970203e-04 1.294917997740023009e-03
2.236067918588109660e-02 -7.635754507226720283e-04 -7.635754507226720283e-04 2.333144170331970203e-04 1.294917997740023009e-03
2.236067918588109660e-02 -7.635754507226720283e-04 -7.635754507226720283e-04 2.333144170331970203e-04 1.294917997740023009e-03
2.236067918588109660e-02 -7.635754507226720283e-04 -7.635754507226720283e-04 2.333144170331970203e-04 1.294917997740023009e-03
2.236067918588109660e-02 -7.635754507226720283e-04 -7.635754507226720283e-04 2.333144170331970203e-04 1.294917997740023009e-03
2.236067918588109660e-02 -7.635754507226720283e-04 -7.635754507226720283e-04 2.333144170331970203e-04 1.294917997740023009e-03
2.236067918588109660e-02 -7.635754507226720283e-04 -7.635754507226720283e-04 2.333144170331970203e-04 1.294917997740023009e-03
2.236067918588109660e-02 -7.635754507226720283e-04 -7.635754507226720283e-04 2.333144170331970203e-04 1.294917997740023009e-03
2.236067918588109660e-02 -7.635754507226720283e-04 -7.635754507226720283e-04 2.333144170331970203e-04 1.294917997740023009e-03
2.236067918588109660e-02 -7.635754507226720283e-04 -7.635754507226720283e-04 2.333144170331970203e-04 1.294917997740023009e-03
2.236067918588109660e-02 -7.635754507226720283e-04 -7.635754507226720283e-04 2.333144170331970203e-04 1.294917997740023009e-03
2.236067918588109660e-02 -7.635754507226720283e-04 -7.635754507226720283e-04 2.333144170331970203e-04 1.294917997740023009e-03
2.236067918588109660e-02 -7.635754507226720283e-04 -7.635754507226720283e-04 2.333144170331970203e-04 1.294917997740023009e-03
2.236067918588109660e-02 -7.635754507226720283e-04 -7.635754507226720283e-04 2.333144170331970203e-04 1.294917997740023009e-03
2.236067918588109660e-02 -7.635754507226720283e-04 -7.635754507226720283e-04 2.333144170331970203e-04 1.294917997740023009e-03
2.236067918588109660e-02 -7.635754507226720283e-04 -7.635754507226720283e-04 2.333144170331970203e-04 1.294917997740023009e-03
2.236067918588109660e-02 -7.635754507226720283e-04 -7.635754507226720283e-04 2.333144170331970203e-04 1.294917997740023009e-03
2.236067918588109660e-02 -7.635754507226720283e-04 -7.635754507226720283e-04 2.333144170331970203e-04 1.294917997740023009e-03
2.236067918588109660e-02 -7.635754507226720283e-04 -7.635754507226720283e-04 2.333144170331970203e-04 1.294917997740023009e-03
2.236067918588109660e-02 -7.635754507226720283e-04 -7.635754507226720283e-04 2.333144170331970203e-04 1.294917997740023009e-03
2.236067918588109660e-02 -7.635754507226720283e-04 -7.635754507226720283e-04 2.333144170331970203e-04 1.294917997740023009e-03
2.236067918588109660e-02 -7.635754507226720283e-04 -7.635754507226720283e-04 2.333144170331970203e-04 1.294917997740023009e-03
2.236067918588109660e-02 -7.635754507226720283e-04 -7.635754507226720283e-04 2.333144170331970203e-04 1.294917997740023009e-03
2.236067918588109660e-02 -7.635754507226720283e-04 -7.635754507226720283e-04 2.333144170331970203e-04 1.294917997740023009e-03
2.236067918588109660e-02 -7.635754507226720283e-04 -7.635754507226720283e-04 2.333144170331970203e-04 1.294917997740023009e-03
2.236067918588109660e-02 -7.635754507226720283e-04 -7.635754507226720283e-04 2.333144170331970203e-04 1.294917997740023009e-03
2.236067918588109660e-02 -7.635754507226720283e-04 -7.635754507226720283e-04 2.333144170331970203e-04 1.294917997740023009e-03
2.236067918588109660e-02 -7.635754507226720283e-04 -7.635754507226720283e-04 2.333144170331970203e-04 1.294917997740023009e-03
2.236067918588109660e-02 -7.635754507226720283e-04 -7.635754507226720283e-04 2.333144170331970203e-04 1.294917997740023009e-03
2.236067918588109660e-02 -7.635754507226720283e-04 -7.635754507226720283e-04 2.333144170331970203e-04 1.294917997740023009e-03
2.236067918588109660e-02 -7.635754507226720283e-04 -7.635754507226720283e-04 2.333144170331970203e-04 1.294917997740023009e-03
2.236067918588109660e-02 -7.635754507226720283e-04 -7.635754507226720283e-04 2.333144170331970203e-04 1.294917997740023009e-03
2.236067918588109660e-02 -7.635754507226720283e-04 -7.635754507226720283e-04 2.333144170331970203e-04 1.294917997740023009e-03
2.236067918588109660e-02 -7.635754507226720283e-04 -7.635754507226720283e-04 2.333144170331970203e-04 1.294917997740023009e-03
2.236067918588109660e-02 -7.635754507226720283e-04 -7.635754507226720283e-04 2.333144170331970203e-04 1.294917997740023009e-03
2.236067918588109660e-02 -7.635754507226720283e-04 -7.635754507226720283e-04 2.333144170331970203e-04 1.294917997740023009e-03
2.236067918588109660e-02 -7.635754507226720283e-04 -7.635754507226720283e-04 2.333144170331970203e-04 1.294917997740023009e-03
2.236067918588109660e-02 -7.635754507226720283e-04 -7.635754507226720283e-04 2.333144170331970203e-04 1.294917997740023009e-03
2.236067918588109660e-02 -7.635754507226720283e-04 -7.635754507226720283e-04 2.333144170331970203e-04 1.294917997740023009e-03
2.236067918588109660e-02 -7.635754507226720283e-04 -7.635754507226720283e-04 2.333144170331970203e-04 1.294917997740023009e-03
2.236067918588109660e-02 -7.635754507226720283e-04 -7.635754507226720283e-04 2.333144170331970203e-04 1.294917997740023009e-03
2.236067918588109660e-02 -7.635754507226720283e-04 -7.635754507226720283e-04 2.333144170331970203e-04 1.294917997740023009e-03
2.236067918588109660e-02 -7.635754507226720283e-04 -7.635754507226720283e-04 2.333144170331970203e-04 1.294917997740023009e-03
2.236067918588109660e-02 -7.635754507226720283e-04 -7.635754507226720283e-04 2.333144170331970203e-04 1.294917997740023009e-03
2.236067918588109660e-02 -7.635754507226720283e-04 -7.635754507226720283e-04 2.333144170331970203e-04 1.294917997740023009e-03
2.236067918588109660e-02 -7.635754507226720283e-04 -7.635754507226720283e-04 2.333144170331970203e-04 1.294917997740023009e-03
2.236067918588109660e-02 -7.635754507226720283e-04 -7.635754507226720283e-04 2.333144170331970203e-04 1.294917997740023009e-03
2.236067918588109660e-02 -7.635754507226720283e-04 -7.635754507226720283e-04 2.333144170331970203e-04 1.294917997740023009e-03
2.236067918588109660e-02 -7.635754507226720283e-04 -7.635754507226720283e-04 2.333144170331970203e-04 1.294917997740023009e-03
2.236067918588109660e-02 -7.635754507226720283e-04 -7.635754507226720283e-04 2.333144170331970203e-04 1.294917997740023009e-03
2.236067918588109660e-02 -7.635754507226720283e-04 -7.635754507226720283e-04 2.333144170331970203e-04 1.294917997740023009e-03
2.236067918588109660e-02 -7.635754507226720283e-04 -7.635754507226720283e-04 2.333144170331970203e-04 1.294917997740023009e-03
2.236067918588109660e-02 -7.635754507226720283e-04 -7.635754507226720283e-04 2.333144170331970203e-04 1.294917997740023009e-03
2.236067918588109660e-02 -7.635754507226720283e-04 -7.635754507226720283e-04 2.333144170331970203e-04 1.294917997740023009e-03
2.236067918588109660e-02 -7.635754507226720283e-04 -7.635754507226720283e-04 2.333144170331970203e-04 1.294917997740023009e-03
2.236067918588109660e-02 -7.635754507226720283e-04 -7.635754507226720283e-04 2.333144170331970203e-04 1.294917997740023009e-03
2.236067918588109660e-02 -7.635754507226720283e-04 -7.635754507226720283e-04 2.333144170331970203e-04 1.294917997740023009e-03
2.236067918588109660e-02 -7.635754507226720283e-04 -7.635754507226720283e-04 2.333144170331970203e-04 1.294917997740023009e-03
2.236067918588109660e-02 -7.635754507226720283e-04 -7.635754507226720283e-04 2.333144170331970203e-04 1.294917997740023009e-03
2.236067918588109660e-02 -7.635754507226720283e-04 -7.635754507226720283e-04 2.333144170331970203e-04 1.294917997740023009e-03
2.236067918588109660e-02 -7.635754507226720283e-04 -7.635754507226720283e-04 2.333144170331970203e-04 1.294917997740023009e-03
2.236067918588109660e-02 -7.635754507226720283e-04 -7.635754507226720283e-04 2.333144170331970203e-04 1.294917997740023009e-03
2.236067918588109660e-02 -7.635754507226720283e-04 -7.635754507226720283e-04 2.333144170331970203e-04 1.294917997740023009e-03
2.236067918588109660e-02 -7.635754507226720283e-04 -7.635754507226720283e-04 2.333144170331970203e-04 1.294917997740023009e-03
2.236067918588109660e-02 -7.635754507226720283e-04 -7.635754507226720283e-04 2.333144170331970203e-04 1.294917997740023009e-03
2.236067918588109660e-02 -7.635754507226720283e-04 -7.635754507226720283e-04 2.333144170331970203e-04 1.294917997740023009e-03
2.236067918588109660e-02 -7.635754507226720283e-04 -7.635754507226720283e-04 2.333144170331970203e-04 1.294917997740023009e-03
2.236067918588109660e-02 -7.635754507226720283e-04 -7.635754507226720283e-04 2.333144170331970203e-04 1.294917997740023009e-03
2.236067918588109660e-02 -7.635754507226720283e-04 -7.635754507226720283e-04 2.333144170331970203e-04 1.294917997740023009e-03
2.236067918588109660e-02 -7.635754507226720283e-04 -7.635754507226720283e-04 2.333144170331970203e-04 1.294917997740023009e-03
2.236067918588109660e-02 -7.635754507226720283e-04 -7.635754507226720283e-04 2.333144170331970203e-04 1.294917997740023009e-03
2.236067918588109660e-02 -7.635754507226720283e-04 -7.635754507226720283e-04 2.333144170331970203e-04 1.294917997740023009e-03
2.236067918588109660e-02 -7.635754507226720283e-04 -7.635754507226720283e-04 2.333144170331970203e-04 1.294917997740023009e-03
2.236067918588109660e-02 -7.635754507226720283e-04 -7.635754507226720283e-04 2.333144170331970203e-04 1.294917997740023009e-03
2.236067918588109660e-02 -7.635754507226720283e-04 -7.635754507226720283e-04 2.333144170331970203e-04 1.294917997740023009e-03
2.236067918588109660e-02 -7.635754507226720283e-04 -7.635754507226720283e-04 2.333144170331970203e-04 1.294917997740023009e-03
2.236067918588109660e-02 -7.635754507226720283e-04 -7.635754507226720283e-04 2.333144170331970203e-04 1.294917997740023009e-03
2.236067918588109660e-02 -7.635754507226720283e-04 -7.635754507226720283e-04 2.333144170331970203e-04 1.294917997740023009e-03
2.236067918588109660e-02 -7.635754507226720283e-04 -7.635754507226720283e-04 2.333144170331970203e-04 1.294917997740023009e-03
2.236067918588109660e-02 -7.635754507226720283e-04 -7.635754507226720283e-04 2.333144170331970203e-04 1.294917997740023009e-03
2.236067918588109660e-02 -7.635754507226720283e-04 -7.635754507226720283e-04 2.333144170331970203e-04 1.294917997740023009e-03
2.236067918588109660e-02 -7.635754507226720283e-04 -7.635754507226720283e-04 2.333144170331970203e-04 1.294917997740023009e-03
2.236067918588109660e-02 -7.635754507226720283e-04 -7.635754507226720283e-04 2.333144170331970203e-04 1.294917997740023009e-03
2.236067918588109660e-02 -7.635754507226720283e-04 -7.635754507226720283e-04 2.333144170331970203e-04 1.294917997740023009e-03
2.236067918588109660e-02 -7.635754507226720283e-04 -7.635754507226720283e-04 2.333144170331970203e-04 1.294917997740023009e-03
2.236067918588109660e-02 -7.635754507226720283e-04 -7.635754507226720283e-04 2.333144170331970203e-04 1.294917997740023009e-03
2.236067918588109660e-02 -7.635754507226720283e-04 -7.635754507226720283e-04 2.333144170331970203e-04 1.294917997740023009e-03
2.236067918588109660e-02 -7.635754507226720283e-04 -7.635754507226720283e-04 2.333144170331970203e-04 1.294917997740023009e-03
2.236067918588109660e-02 -7.635754507226720283e-04 -7.635754507226720283e-04 2.333144170331970203e-04 1.294917997740023009e-03
2.236067918588109660e-02 -7.635754507226720283e-04 -7.635754507226720283e-04 2.333144170331970203e-04 1.294917997740023009e-03
2.236067918588109660e-02 -7.635754507226720283e-04 -7.635754507226720283e-04 2.333144170331970203e-04 1.294917997740023009e-03
2.236067918588109660e-02 -7.635754507226720283e-04 -7.635754507226720283e-04 2.333144170331970203e-04 1.294917997740023009e-03
2.236067918588109660e-02 -7.635754507226720283e-04 -7.635754507226720283e-04 2.333144170331970203e-04 1.294917997740023009e-03
2.236067918588109660e-02 -7.635754507226720283e-04 -7.635754507226720283e-04 2.333144170331970203e-04 1.294917997740023009e-03
2.236067918588109660e-02 -7.635754507226720283e-04 -7.635754507226720283e-04 2.333144170331970203e-04 1.294917997740023009e-03
2.236067918588109660e-02 -7.635754507226720283e-04 -7.635754507226720283e-04 2.333144170331970203e-04 1.294917997740023009e-03
2.236067918588109660e-02 -7.635754507226720283e-04 -7.635754507226720283e-04 2.333144170331970203e-04 1.294917997740023009e-03
2.236067918588109660e-02 -7.635754507226720283e-04 -7.635754507226720283e-04 2.333144170331970203e-04 1.294917997740023009e-03
2.236067918588109660e-02 -7.635754507226720283e-04 -7.635754507226720283e-04 2.333144170331970203e-04 1.294917997740023009e-03
2.236067918588109660e-02 -7.635754507226720283e-04 -7.635754507226720283e-04 2.333144170331970203e-04 1.294917997740023009e-03
2.236067918588109660e-02 -7.635754507226720283e-04 -7.635754507226720283e-04 2.333144170331970203e-04 1.294917997740023009e-03
2.236067918588109660e-02 -7.635754507226720283e-04 -7.635754507226720283e-04 2.333144170331970203e-04 1.294917997740023009e-03
2.236067918588109660e-02 -7.635754507226720283e-04 -7.635754507226720283e-04 2.333144170331970203e-04 1.294917997740023009e-03
2.236067918588109660e-02 -7.635754507226720283e-04 -7.635754507226720283e-04 2.333144170331970203e-04 1.294917997740023009e-03
2.236067918588109660e-02 -7.635754507226720283e-04 -7.635754507226720283e-04 2.333144170331970203e-04 1.294917997740023009e-03
2.236067918588109660e-02 -7.635754507226720283e-04 -7.635754507226720283e-04 2.333144170331970203e-04 1.294917997740023009e-03
2.236067918588109660e-02 -7.635754507226720283e-04 -7.635754507226720283e-04 2.333144170331970203e-04 1.294917997740023009e-03
2.236067918588109660e-02 -7.635754507226720283e-04 -7.635754507226720283e-04 2.333144170331970203e-04 1.294917997740023009e-03
2.236067918588109660e-02 -7.635754507226720283e-04 -7.635754507226720283e-04 2.333144170331970203e-04 1.294917997740023009e-03
2.236067918588109660e-02 -7.635754507226720283e-04 -7.635754507226720283e-04 2.333144170331970203e-04 1.294917997740023009e-03
2.236067918588109660e-02 -7.635754507226720283e-04 -7.635754507226720283e-04 2.333144170331970203e-04 1.294917997740023009e-03
2.236067918588109660e-02 -7.635754507226720283e-04 -7.635754507226720283e-04 2.333144170331970203e-04 1.294917997740023009e-03
2.236067918588109660e-02 -7.635754507226720283e-04 -7.635754507226720283e-04 2.333144170331970203e-04 1.294917997740023009e-03
2.236067918588109660e-02 -7.635754507226720283e-04 -7.635754507226720283e-04 2.333144170331970203e-04 1.294917997740023009e-03
2.236067918588109660e-02 -7.635754507226720283e-04 -7.635754507226720283e-04 2.333144170331970203e-04 1.294917997740023009e-03
2.236067918588109660e-02 -7.635754507226720283e-04 -7.635754507226720283e-04 2.333144170331970203e-04 1.294917997740023009e-03
2.236067918588109660e-02 -7.635754507226720283e-04 -7.635754507226720283e-04 2.333144170331970203e-04 1.294917997740023009e-03
2.236067918588109660e-02 -7.635754507226720283e-04 -7.635754507226720283e-04 2.333144170331970203e-04 1.294917997740023009e-03
2.236067918588109660e-02 -7.635754507226720283e-04 -7.635754507226720283e-04 2.333144170331970203e-04 1.294917997740023009e-03
2.236067918588109660e-02 -7.635754507226720283e-04 -7.635754507226720283e-04 2.333144170331970203e-04 1.294917997740023009e-03
2.236067918588109660e-02 -7.635754507226720283e-04 -7.635754507226720283e-04 2.333144170331970203e-04 1.294917997740023009e-03
2.236067918588109660e-02 -7.635754507226720283e-04 -7.635754507226720283e-04 2.333144170331970203e-04 1.294917997740023009e-03
2.236067918588109660e-02 -7.635754507226720283e-04 -7.635754507226720283e-04 2.333144170331970203e-04 1.294917997740023009e-03
2.236067918588109660e-02 -7.635754507226720283e-04 -7.635754507226720283e-04 2.333144170331970203e-04 1.294917997740023009e-03
2.236067918588109660e-02 -7.635754507226720283e-04 -7.635754507226720283e-04 2.333144170331970203e-04 1.294917997740023009e-03
2.236067918588109660e-02 -7.635754507226720283e-04 -7.635754507226720283e-04 2.333144170331970203e-04 1.294917997740023009e-03
2.236067918588109660e-02 -7.635754507226720283e-04 -7.635754507226720283e-04 2.333144170331970203e-04 1.294917997740023009e-03
2.236067918588109660e-02 -7.635754507226720283e-04 -7.635754507226720283e-04 2.333144170331970203e-04 1.294917997740023009e-03
2.236067918588109660e-02 -7.635754507226720283e-04 -7.635754507226720283e-04 2.333144170331970203e-04 1.294917997740023009e-03
2.236067918588109660e-02 -7.635754507226720283e-04 -7.635754507226720283e-04 2.333144170331970203e-04 1.294917997740023009e-03
2.236067918588109660e-02 -7.635754507226720283e-04 -7.635754507226720283e-04 2.333144170331970203e-04 1.294917997740023009e-03
2.236067918588109660e-02 -7.635754507226720283e-04 -7.635754507226720283e-04 2.333144170331970203e-04 1.294917997740023009e-03
2.236067918588109660e-02 -7.635754507226720283e-04 -7.635754507226720283e-04 2.333144170331970203e-04 1.294917997740023009e-03
2.236067918588109660e-02 -7.635754507226720283e-04 -7.635754507226720283e-04 2.333144170331970203e-04 1.294917997740023009e-03
2.236067918588109660e-02 -7.635754507226720283e-04 -7.635754507226720283e-04 2.333144170331970203e-04 1.294917997740023009e-03
2.236067918588109660e-02 -7.635754507226720283e-04 -7.635754507226720283e-04 2.333144170331970203e-04 1.294917997740023009e-03
2.236067918588109660e-02 -7.635754507226720283e-04 -7.635754507226720283e-04 2.333144170331970203e-04 1.294917997740023009e-03
2.236067918588109660e-02 -7.635754507226720283e-04 -7.635754507226720283e-04 2.333144170331970203e-04 1.294917997740023009e-03
2.236067918588109660e-02 -7.635754507226720283e-04 -7.635754507226720283e-04 2.333144170331970203e-04 1.294917997740023009e-03
2.236067918588109660e-02 -7.635754507226720283e-04 -7.635754507226720283e-04 2.333144170331970203e-04 1.294917997740023009e-03
2.236067918588109660e-02 -7.635754507226720283e-04 -7.635754507226720283e-04 2.333144170331970203e-04 1.294917997740023009e-03
2.236067918588109660e-02 -7.635754507226720283e-04 -7.635754507226720283e-04 2.333144170331970203e-04 1.294917997740023009e-03
2.236067918588109660e-02 -7.635754507226720283e-04 -7.635754507226720283e-04 2.333144170331970203e-04 1.294917997740023009e-03
2.236067918588109660e-02 -7.635754507226720283e-04 -7.635754507226720283e-04 2.333144170331970203e-04 1.294917997740023009e-03
2.236067918588109660e-02 -7.635754507226720283e-04 -7.635754507226720283e-04 2.333144170331970203e-04 1.294917997740023009e-03
2.236067918588109660e-02 -7.635754507226720283e-04 -7.635754507226720283e-04 2.333144170331970203e-04 1.294917997740023009e-03
2.236067918588109660e-02 -7.635754507226720283e-04 -7.635754507226720283e-04 2.333144170331970203e-04 1.294917997740023009e-03
2.236067918588109660e-02 -7.635754507226720283e-04 -7.635754507226720283e-04 2.333144170331970203e-04 1.294917997740023009e-03
2.236067918588109660e-02 -7.635754507226720283e-04 -7.635754507226720283e-04 2.333144170331970203e-04 1.294917997740023009e-03
2.236067918588109660e-02 -7.635754507226720283e-04 -7.635754507226720283e-04 2.333144170331970203e-04 1.294917997740023009e-03
2.236067918588109660e-02 -7.635754507226720283e-04 -7.635754507226720283e-04 2.333144170331970203e-04 1.294917997740023009e-03
2.236067918588109660e-02 -7.635754507226720283e-04 -7.635754507226720283e-04 2.333144170331970203e-04 1.294917997740023009e-03
2.236067918588109660e-02 -7.635754507226720283e-04 -7.635754507226720283e-04 2.333144170331970203e-04 1.294917997740023009e-03
2.236067918588109660e-02 -7.635754507226720283e-04 -7.635754507226720283e-04 2.333144170331970203e-04 1.294917997740023009e-03
2.236067918588109660e-02 -7.635754507226720283e-04 -7.635754507226720283e-04 2.333144170331970203e-04 1.294917997740023009e-03
2.236067918588109660e-02 -7.635754507226720283e-04 -7.635754507226720283e-04 2.333144170331970203e-04 1.294917997740023009e-03
2.236067918588109660e-02 -7.635754507226720283e-04 -7.635754507226720283e-04 2.333144170331970203e-04 1.294917997740023009e-03
2.236067918588109660e-02 -7.635754507226720283e-04 -7.635754507226720283e-04 2.333144170331970203e-04 1.294917997740023009e-03
2.236067918588109660e-02 -7.635754507226720283e-04 -7.635754507226720283e-04 2.333144170331970203e-04 1.294917997740023009e-03
2.236067918588109660e-02 -7.635754507226720283e-04 -7.635754507226720283e-04 2.333144170331970203e-04 1.294917997740023009e-03
2.236067918588109660e-02 -7.635754507226720283e-04 -7.635754507226720283e-04 2.333144170331970203e-04 1.294917997740023009e-03
2.236067918588109660e-02 -7.635754507226720283e-04 -7.635754507226720283e-04 2.333144170331970203e-04 1.294917997740023009e-03
2.236067918588109660e-02 -7.635754507226720283e-04 -7.635754507226720283e-04 2.333144170331970203e-04 1.294917997740023009e-03
2.236067918588109660e-02 -7.635754507226720283e-04 -7.635754507226720283e-04 2.333144170331970203e-04 1.294917997740023009e-03
2.236067918588109660e-02 -7.635754507226720283e-04 -7.635754507226720283e-04 2.333144170331970203e-04 1.294917997740023009e-03
2.236067918588109660e-02 -7.635754507226720283e-04 -7.635754507226720283e-04 2.333144170331970203e-04 1.294917997740023009e-03
2.236067918588109660e-02 -7.635754507226720283e-04 -7.635754507226720283e-04 2.333144170331970203e-04 1.294917997740023009e-03
2.236067918588109660e-02 -7.635754507226720283e-04 -7.635754507226720283e-04 2.333144170331970203e-04 1.294917997740023009e-03
2.236067918588109660e-02 -7.635754507226720283e-04 -7.635754507226720283e-04 2.333144170331970203e-04 1.294917997740023009e-03
2.236067918588109660e-02 -7.635754507226720283e-04 -7.635754507226720283e-04 2.333144170331970203e-04 1.294917997740023009e-03
2.236067918588109660e-02 -7.635754507226720283e-04 -7.635754507226720283e-04 2.333144170331970203e-04 1.294917997740023009e-03
2.236067918588109660e-02 -7.635754507226720283e-04 -7.635754507226720283e-04 2.333144170331970203e-04 1.294917997740023009e-03
2.236067918588109660e-02 -7.635754507226720283e-04 -7.635754507226720283e-04 2.333144170331970203e-04 1.294917997740023009e-03
2.236067918588109660e-02 -7.635754507226720283e-04 -7.635754507226720283e-04 2.333144170331970203e-04 1.294917997740023009e-03
2.236067918588109660e-02 -7.635754507226720283e-04 -7.635754507226720283e-04 2.333144170331970203e-04 1.294917997740023009e-03
2.236067918588109660e-02 -7.635754507226720283e-04 -7.635754507226720283e-04 2.333144170331970203e-04 1.294917997740023009e-03
2.236067918588109660e-02 -7.635754507226720283e-04 -7.635754507226720283e-04 2.333144170331970203e-04 1.294917997740023009e-03
2.236067918588109660e-02 -7.635754507226720283e-04 -7.635754507226720283e-04 2.333144170331970203e-04 1.294917997740023009e-03
2.236067918588109660e-02 -7.635754507226720283e-04 -7.635754507226720283e-04 2.333144170331970203e-04 1.294917997740023009e-03
2.236067918588109660e-02 -7.635754507226720283e-04 -7.635754507226720283e-04 2.333144170331970203e-04 1.294917997740023009e-03
2.236067918588109660e-02 -7.635754507226720283e-04 -7.635754507226720283e-04 2.333144170331970203e-04 1.294917997740023009e-03
2.236067918588109660e-02 -7.635754507226720283e-04 -7.635754507226720283e-04 2.333144170331970203e-04 1.294917997740023009e-03
2.236067918588109660e-02 -7.635754507226720283e-04 -7.635754507226720283e-04 2.333144170331970203e-04 1.294917997740023009e-03
2.236067918588109660e-02 -7.635754507226720283e-04 -7.635754507226720283e-04 2.333144170331970203e-04 1.294917997740023009e-03
2.236067918588109660e-02 -7.635754507226720283e-04 -7.635754507226720283e-04 2.333144170331970203e-04 1.294917997740023009e-03
2.236067918588109660e-02 -7.635754507226720283e-04 -7.635754507226720283e-04 2.333144170331970203e-04 1.294917997740023009e-03
2.236067918588109660e-02 -7.635754507226720283e-04 -7.635754507226720283e-04 2.333144170331970203e-04 1.294917997740023009e-03
2.236067918588109660e-02 -7.635754507226720283e-04 -7.635754507226720283e-04 2.333144170331970203e-04 1.294917997740023009e-03
2.236067918588109660e-02 -7.635754507226720283e-04 -7.635754507226720283e-04 2.333144170331970203e-04 1.294917997740023009e-03
2.236067918588109660e-02 -7.635754507226720283e-04 -7.635754507226720283e-04 2.333144170331970203e-04 1.294917997740023009e-03
2.236067918588109660e-02 -7.635754507226720283e-04 -7.635754507226720283e-04 2.333144170331970203e-04 1.294917997740023009e-03
2.236067918588109660e-02 -7.635754507226720283e-04 -7.635754507226720283e-04 2.333144170331970203e-04 1.294917997740023009e-03
2.236067918588109660e-02 -7.635754507226720283e-04 -7.635754507226720283e-04 2.333144170331970203e-04 1.294917997740023009e-03
2.236067918588109660e-02 -7.635754507226720283e-04 -7.635754507226720283e-04 2.333144170331970203e-04 1.294917997740023009e-03
2.236067918588109660e-02 -7.635754507226720283e-04 -7.635754507226720283e-04 2.333144170331970203e-04 1.294917997740023009e-03
2.236067918588109660e-02 -7.635754507226720283e-04 -7.635754507226720283e-04 2.333144170331970203e-04 1.294917997740023009e-03
2.236067918588109660e-02 -7.635754507226720283e-04 -7.635754507226720283e-04 2.333144170331970203e-04 1.294917997740023009e-03
2.236067918588109660e-02 -7.635754507226720283e-04 -7.635754507226720283e-04 2.333144170331970203e-04 1.294917997740023009e-03
2.236067918588109660e-02 -7.635754507226720283e-04 -7.635754507226720283e-04 2.333144170331970203e-04 1.294917997740023009e-03
2.236067918588109660e-02 -7.635754507226720283e-04 -7.635754507226720283e-04 2.333144170331970203e-04 1.294917997740023009e-03
2.236067918588109660e-02 -7.635754507226720283e-04 -7.635754507226720283e-04 2.333144170331970203e-04 1.294917997740023009e-03
2.236067918588109660e-02 -7.635754507226720283e-04 -7.635754507226720283e-04 2.333144170331970203e-04 1.294917997740023009e-03
2.236067918588109660e-02 -7.635754507226720283e-04 -7.635754507226720283e-04 2.333144170331970203e-04 1.294917997740023009e-03
2.236067918588109660e-02 -7.635754507226720283e-04 -7.635754507226720283e-04 2.333144170331970203e-04 1.294917997740023009e-03
2.236067918588109660e-02 -7.635754507226720283e-04 -7.635754507226720283e-04 2.333144170331970203e-04 1.294917997740023009e-03
2.236067918588109660e-02 -7.635754507226720283e-04 -7.635754507226720283e-04 2.333144170331970203e-04 1.294917997740023009e-03
2.236067918588109660e-02 -7.635754507226720283e-04 -7.635754507226720283e-04 2.333144170331970203e-04 1.294917997740023009e-03
2.236067918588109660e-02 -7.635754507226720283e-04 -7.635754507226720283e-04 2.333144170331970203e-04 1.294917997740023009e-03
2.236067918588109660e-02 -7.635754507226720283e-04 -7.635754507226720283e-04 2.333144170331970203e-04 1.294917997740023009e-03
2.236067918588109660e-02 -7.635754507226720283e-04 -7.635754507226720283e-04 2.333144170331970203e-04 1.294917997740023009e-03
2.236067918588109660e-02 -7.635754507226720283e-04 -7.635754507226720283e-04 2.333144170331970203e-04 1.294917997740023009e-03
2.236067918588109660e-02 -7.635754507226720283e-04 -7.635754507226720283e-04 2.333144170331970203e-04 1.294917997740023009e-03
2.236067918588109660e-02 -7.635754507226720283e-04 -7.635754507226720283e-04 2.333144170331970203e-04 1.294917997740023009e-03
2.236067918588109660e-02 -7.635754507226720283e-04 -7.635754507226720283e-04 2.333144170331970203e-04 1.294917997740023009e-03
2.236067918588109660e-02 -7.635754507226720283e-04 -7.635754507226720283e-04 2.333144170331970203e-04 1.294917997740023009e-03
2.236067918588109660e-02 -7.635754507226720283e-04 -7.635754507226720283e-04 2.333144170331970203e-04 1.294917997740023009e-03
2.236067918588109660e-02 -7.635754507226720283e-04 -7.635754507226720283e-04 2.333144170331970203e-04 1.294917997740023009e-03
2.236067918588109660e-02 -7.635754507226720283e-04 -7.635754507226720283e-04 2.333144170331970203e-04 1.294917997740023009e-03
2.236067918588109660e-02 -7.635754507226720283e-04 -7.635754507226720283e-04 2.333144170331970203e-04 1.294917997740023009e-03
2.236067918588109660e-02 -7.635754507226720283e-04 -7.635754507226720283e-04 2.333144170331970203e-04 1.294917997740023009e-03
2.236067918588109660e-02 -7.635754507226720283e-04 -7.635754507226720283e-04 2.333144170331970203e-04 1.294917997740023009e-03
2.236067918588109660e-02 -7.635754507226720283e-04 -7.635754507226720283e-04 2.333144170331970203e-04 1.294917997740023009e-03
2.236067918588109660e-02 -7.635754507226720283e-04 -7.635754507226720283e-04 2.333144170331970203e-04 1.294917997740023009e-03
2.236067918588109660e-02 -7.635754507226720283e-04 -7.635754507226720283e-04 2.333144170331970203e-04 1.294917997740023009e-03
2.236067918588109660e-02 -7.635754507226720283e-04 -7.635754507226720283e-04 2.333144170331970203e-04 1.294917997740023009e-03
2.236067918588109660e-02 -7.635754507226720283e-04 -7.635754507226720283e-04 2.333144170331970203e-04 1.294917997740023009e-03
2.236067918588109660e-02 -7.635754507226720283e-04 -7.635754507226720283e-04 2.333144170331970203e-04 1.294917997740023009e-03
2.236067918588109660e-02 -7.635754507226720283e-04 -7.635754507226720283e-04 2.333144170331970203e-04 1.294917997740023009e-03
2.236067918588109660e-02 -7.635754507226720283e-04 -7.635754507226720283e-04 2.333144170331970203e-04 1.294917997740023009e-03
2.236067918588109660e-02 -7.635754507226720283e-04 -7.635754507226720283e-04 2.333144170331970203e-04 1.294917997740023009e-03
2.236067918588109660e-02 -7.635754507226720283e-04 -7.635754507226720283e-04 2.333144170331970203e-04 1.294917997740023009e-03
2.236067918588109660e-02 -7.635754507226720283e-04 -7.635754507226720283e-04 2.333144170331970203e-04 1.294917997740023009e-03
2.236067918588109660e-02 -7.635754507226720283e-04 -7.635754507226720283e-04 2.333144170331970203e-04 1.294917997740023009e-03
2.236067918588109660e-02 -7.635754507226720283e-04 -7.635754507226720283e-04 2.333144170331970203e-04 1.294917997740023009e-03
2.236067918588109660e-02 -7.635754507226720283e-04 -7.635754507226720283e-04 2.333144170331970203e-04 1.294917997740023009e-03
2.236067918588109660e-02 -7.635754507226720283e-04 -7.635754507226720283e-04 2.333144170331970203e-04 1.294917997740023009e-03
2.236067918588109660e-02 -7.635754507226720283e-04 -7.635754507226720283e-04 2.333144170331970203e-04 1.294917997740023009e-03
2.236067918588109660e-02 -7.635754507226720283e-04 -7.635754507226720283e-04 2.333144170331970203e-04 1.294917997740023009e-03
2.236067918588109660e-02 -7.635754507226720283e-04 -7.635754507226720283e-04 2.333144170331970203e-04 1.294917997740023009e-03
2.236067918588109660e-02 -7.635754507226720283e-04 -7.635754507226720283e-04 2.333144170331970203e-04 1.294917997740023009e-03
2.236067918588109660e-02 -7.635754507226720283e-04 -7.635754507226720283e-04 2.333144170331970203e-04 1.294917997740023009e-03
2.236067918588109660e-02 -7.635754507226720283e-04 -7.635754507226720283e-04 2.333144170331970203e-04 1.294917997740023009e-03
2.236067918588109660e-02 -7.635754507226720283e-04 -7.635754507226720283e-04 2.333144170331970203e-04 1.294917997740023009e-03
2.236067918588109660e-02 -7.635754507226720283e-04 -7.635754507226720283e-04 2.333144170331970203e-04 1.294917997740023009e-03
2.236067918588109660e-02 -7.635754507226720283e-04 -7.635754507226720283e-04 2.333144170331970203e-04 1.294917997740023009e-03
2.236067918588109660e-02 -7.635754507226720283e-04 -7.635754507226720283e-04 2.333144170331970203e-04 1.294917997740023009e-03
2.236067918588109660e-02 -7.635754507226720283e-04 -7.635754507226720283e-04 2.333144170331970203e-04 1.294917997740023009e-03
2.236067918588109660e-02 -7.635754507226720283e-04 -7.635754507226720283e-04 2.333144170331970203e-04 1.294917997740023009e-03
2.236067918588109660e-02 -7.635754507226720283e-04 -7.635754507226720283e-04 2.333144170331970203e-04 1.294917997740023009e-03
2.236067918588109660e-02 -7.635754507226720283e-04 -7.635754507226720283e-04 2.333144170331970203e-04 1.294917997740023009e-03
2.236067918588109660e-02 -7.635754507226720283e-04 -7.635754507226720283e-04 2.333144170331970203e-04 1.294917997740023009e-03
2.236067918588109660e-02 -7.635754507226720283e-04 -7.635754507226720283e-04 2.333144170331970203e-04 1.294917997740023009e-03
2.236067918588109660e-02 -7.635754507226720283e-04 -7.635754507226720283e-04 2.333144170331970203e-04 1.294917997740023009e-03
2.236067918588109660e-02 -7.635754507226720283e-04 -7.635754507226720283e-04 2.333144170331970203e-04 1.294917997740023009e-03
2.236067918588109660e-02 -7.635754507226720283e-04 -7.635754507226720283e-04 2.333144170331970203e-04 1.294917997740023009e-03
2.236067918588109660e-02 -7.635754507226720283e-04 -7.635754507226720283e-04 2.333144170331970203e-04 1.294917997740023009e-03
2.236067918588109660e-02 -7.635754507226720283e-04 -7.635754507226720283e-04 2.333144170331970203e-04 1.294917997740023009e-03
2.236067918588109660e-02 -7.635754507226720283e-04 -7.635754507226720283e-04 2.333144170331970203e-04 1.294917997740023009e-03
2.236067918588109660e-02 -7.635754507226720283e-04 -7.635754507226720283e-04 2.333144170331970203e-04 1.294917997740023009e-03
2.236067918588109660e-02 -7.635754507226720283e-04 -7.635754507226720283e-04 2.333144170331970203e-04 1.294917997740023009e-03
2.236067918588109660e-02 -7.635754507226720283e-04 -7.635754507226720283e-04 2.333144170331970203e-04 1.294917997740023009e-03
2.236067918588109660e-02 -7.635754507226720283e-04 -7.635754507226720283e-04 2.333144170331970203e-04 1.294917997740023009e-03
2.236067918588109660e-02 -7.635754507226720283e-04 -7.635754507226720283e-04 2.333144170331970203e-04 1.294917997740023009e-03
2.236067918588109660e-02 -7.635754507226720283e-04 -7.635754507226720283e-04 2.333144170331970203e-04 1.294917997740023009e-03
2.236067918588109660e-02 -7.635754507226720283e-04 -7.635754507226720283e-04 2.333144170331970203e-04 1.294917997740023009e-03
2.236067918588109660e-02 -7.635754507226720283e-04 -7.635754507226720283e-04 2.333144170331970203e-04 1.294917997740023009e-03
2.236067918588109660e-02 -7.635754507226720283e-04 -7.635754507226720283e-04 2.333144170331970203e-04 1.294917997740023009e-03
2.236067918588109660e-02 -7.635754507226720283e-04 -7.635754507226720283e-04 2.333144170331970203e-04 1.294917997740023009e-03
2.236067918588109660e-02 -7.635754507226720283e-04 -7.635754507226720283e-04 2.333144170331970203e-04 1.294917997740023009e-03
2.236067918588109660e-02 -7.635754507226720283e-04 -7.635754507226720283e-04 2.333144170331970203e-04 1.294917997740023009e-03
2.236067918588109660e-02 -7.635754507226720283e-04 -7.635754507226720283e-04 2.333144170331970203e-04 1.294917997740023009e-03
2.236067918588109660e-02 -7.635754507226720283e-04 -7.635754507226720283e-04 2.333144170331970203e-04 1.294917997740023009e-03
2.236067918588109660e-02 -7.635754507226720283e-04 -7.635754507226720283e-04 2.333144170331970203e-04 1.294917997740023009e-03
2.236067918588109660e-02 -7.635754507226720283e-04 -7.635754507226720283e-04 2.333144170331970203e-04 1.294917997740023009e-03
2.236067918588109660e-02 -7.635754507226720283e-04 -7.635754507226720283e-04 2.333144170331970203e-04 1.294917997740023009e-03
2.236067918588109660e-02 -7.635754507226720283e-04 -7.635754507226720283e-04 2.333144170331970203e-04 1.294917997740023009e-03
2.236067918588109660e-02 -7.635754507226720283e-04 -7.635754507226720283e-04 2.333144170331970203e-04 1.294917997740023009e-03
2.236067918588109660e-02 -7.635754507226720283e-04 -7.635754507226720283e-04 2.333144170331970203e-04 1.294917997740023009e-03
2.236067918588109660e-02 -7.635754507226720283e-04 -7.635754507226720283e-04 2.333144170331970203e-04 1.294917997740023009e-03
2.236067918588109660e-02 -7.635754507226720283e-04 -7.635754507226720283e-04 2.333144170331970203e-04 1.294917997740023009e-03
2.236067918588109660e-02 -7.635754507226720283e-04 -7.635754507226720283e-04 2.333144170331970203e-04 1.294917997740023009e-03
2.236067918588109660e-02 -7.635754507226720283e-04 -7.635754507226720283e-04 2.333144170331970203e-04 1.294917997740023009e-03
2.236067918588109660e-02 -7.635754507226720283e-04 -7.635754507226720283e-04 2.333144170331970203e-04 1.294917997740023009e-03
2.236067918588109660e-02 -7.635754507226720283e-04 -7.635754507226720283e-04 2.333144170331970203e-04 1.294917997740023009e-03
2.236067918588109660e-02 -7.635754507226720283e-04 -7.635754507226720283e-04 2.333144170331970203e-04 1.294917997740023009e-03
2.236067918588109660e-02 -7.635754507226720283e-04 -7.635754507226720283e-04 2.333144170331970203e-04 1.294917997740023009e-03
2.236067918588109660e-02 -7.635754507226720283e-04 -7.635754507226720283e-04 2.333144170331970203e-04 1.294917997740023009e-03
2.236067918588109660e-02 -7.635754507226720283e-04 -7.635754507226720283e-04 2.333144170331970203e-04 1.294917997740023009e-03
2.236067918588109660e-02 -7.635754507226720283e-04 -7.635754507226720283e-04 2.333144170331970203e-04 1.294917997740023009e-03
2.236067918588109660e-02 -7.635754507226720283e-04 -7.635754507226720283e-04 2.333144170331970203e-04 1.294917997740023009e-03
2.236067918588109660e-02 -7.635754507226720283e-04 -7.635754507226720283e-04 2.333144170331970203e-04 1.294917997740023009e-03
2.236067918588109660e-02 -7.635754507226720283e-04 -7.635754507226720283e-04 2.333144170331970203e-04 1.294917997740023009e-03
2.236067918588109660e-02 -7.635754507226720283e-04 -7.635754507226720283e-04 2.333144170331970203e-04 1.294917997740023009e-03
2.236067918588109660e-02 -7.635754507226720283e-04 -7.635754507226720283e-04 2.333144170331970203e-04 1.294917997740023009e-03
2.236067918588109660e-02 -7.635754507226720283e-04 -7.635754507226720283e-04 2.333144170331970203e-04 1.294917997740023009e-03
2.236067918588109660e-02 -7.635754507226720283e-04 -7.635754507226720283e-04 2.333144170331970203e-04 1.294917997740023009e-03
2.236067918588109660e-02 -7.635754507226720283e-04 -7.635754507226720283e-04 2.333144170332059650e-04 1.294917997740023009e-03
2.236067918588109660e-02 -7.635754507226720283e-04 -7.635754507226720283e-04 2.333144170332183520e-04 1.294917997740023009e-03
2.236067918588109660e-02 -7.635754507226720283e-04 -7.635754507226720283e-04 2.333144170332183520e-04 1.294917997740023009e-03
2.236067918588109660e-02 -7.635754507226720283e-04 -7.635754507226720283e-04 2.333144170332204662e-04 1.294917997740023009e-03
2.236067918588109660e-02 -7.635754507226720283e-04 -7.635754507226720283e-04 2.333144170332204662e-04 1.294917997740023009e-03
2.236067918588109660e-02 -7.635754507226720283e-04 -7.635754507226720283e-04 2.333144170332204662e-04 1.294917997740023009e-03
2.236067918588109660e-02 -7.635754507226720283e-04 -7.635754507226720283e-04 2.333144170332204662e-04 1.294917997740023009e-03
2.236067918588109660e-02 -7.635754507226720283e-04 -7.635754507226720283e-04 2.333144170332204662e-04 1.294917997740023009e-03
2.236067918588109660e-02 -7.635754507226720283e-04 -7.635754507226720283e-04 2.333144170332204662e-04 1.294917997740023009e-03
2.236067918588109660e-02 -7.635754507226720283e-04 -7.635754507226720283e-04 2.333144170332204662e-04 1.294917997740023009e-03
2.236067918588109660e-02 -7.635754507226720283e-04 -7.635754507226720283e-04 2.333144170332204662e-04 1.294917997740023009e-03
2.236067918588109660e-02 -7.635754507226720283e-04 -7.635754507226720283e-04 2.333144170332204662e-04 1.294917997740023009e-03
2.236067918588109660e-02 -7.635754507226720283e-04 -7.635754507226720283e-04 2.333144170332204662e-04 1.294917997740023009e-03
2.236067918588109660e-02 -7.635754507226720283e-04 -7.635754507226720283e-04 2.333144170332204662e-04 1.294917997740023009e-03
2.236067918588109660e-02 -7.635754507226720283e-04 -7.635754507226720283e-04 2.333144170332204662e-04 1.294917997740023009e-03
2.236067918588109660e-02 -7.635754507226720283e-04 -7.635754507226720283e-04 2.333144170332204662e-04 1.294917997740023009e-03
2.236067918588109660e-02 -7.635754507226720283e-04 -7.635754507226720283e-04 2.333144170332204662e-04 1.294917997740023009e-03
2.236067918588109660e-02 -7.635754507226720283e-04 -7.635754507226720283e-04 2.333144170332204662e-04 1.294917997740023009e-03
2.236067918588109660e-02 -7.635754507226720283e-04 -7.635754507226720283e-04 2.333144170332204662e-04 1.294917997740023009e-03
2.236067918588109660e-02 -7.635754507226720283e-04 -7.635754507226720283e-04 2.333144170332204662e-04 1.294917997740023009e-03
2.236067918588109660e-02 -7.635754507226720283e-04 -7.635754507226720283e-04 2.333144170332204662e-04 1.294917997740023009e-03
2.236067918588109660e-02 -7.635754507226720283e-04 -7.635754507226720283e-04 2.333144170332204662e-04 1.294917997740023009e-03
2.236067918588109660e-02 -7.635754507226720283e-04 -7.635754507226720283e-04 2.333144170332204662e-04 1.294917997740023009e-03
2.236067918588109660e-02 -7.635754507226720283e-04 -7.635754507226720283e-04 2.333144170332204662e-04 1.294917997740023009e-03
2.236067918588109660e-02 -7.635754507226720283e-04 -7.635754507226720283e-04 2.333144170332204662e-04 1.294917997740023009e-03
2.236067918588109660e-02 -7.635754507226720283e-04 -7.635754507226720283e-04 2.333144170332204662e-04 1.294917997740023009e-03
2.236067918588109660e-02 -7.635754507226720283e-04 -7.635754507226720283e-04 2.333144170332204662e-04 1.294917997740023009e-03
2.236067918588109660e-02 -7.635754507226720283e-04 -7.635754507226720283e-04 2.333144170332204662e-04 1.294917997740023009e-03
2.236067918588109660e-02 -7.635754507226720283e-04 -7.635754507226720283e-04 2.333144170332204662e-04 1.294917997740023009e-03
2.236067918588109660e-02 -7.635754507226720283e-04 -7.635754507226720283e-04 2.333144170332204662e-04 1.294917997740023009e-03
2.236067918588109660e-02 -7.635754507226720283e-04 -7.635754507226720283e-04 2.333144170332204662e-04 1.294917997740023009e-03
2.236067924088321751e-02 -7.838418339739801344e-02 -7.838418339739801344e-02 4.074310053688110639e-02 1.294918000915450595e-03
2.236067949905939239e-02 3.607044512060388064e-02 3.607044512060388064e-02 -2.803818040565608447e-02 1.294918015820199688e-03
2.236067996860915605e-02 -3.911089645739500992e-02 -3.911089645739500992e-02 1.128171421506411337e-01 1.294918042927837003e-03
2.236068064953480525e-02 2.437181452536504589e-01 2.437181452536504589e-01 -2.331770633505169110e-01 1.294918082238335870e-03
2.236068154183382811e-02 1.736826636656951528e-01 1.736826636656951528e-01 -1.321738054117775896e-01 1.294918133751703877e-03
2.236068264550608586e-02 2.277104690732512926e-01 2.277104690732512926e-01 -1.522431830639207340e-01 1.294918197467932568e-03
2.236068396055257076e-02 1.338403158968723139e-01 1.338403158968723139e-01 1.018440426270326993e-02 1.294918273387049698e-03
2.236068548697430283e-02 -9.927132736610104480e-03 -9.927132736610104480e-03 -1.421147038813834994e-02 1.294918361509025343e-03
2.236068722477185106e-02 -1.091187009621263360e-01 -1.091187009621263360e-01 4.190868547754880019e-02 1.294918461833895282e-03
2.236068917394246763e-02 -1.074192696440964684e-01 -1.074192696440964684e-01 2.269642706684389666e-01 1.294918574361605089e-03
2.236069133448745708e-02 8.678547461374246097e-02 8.678547461374246097e-02 2.694484935882264232e-01 1.294918699092225452e-03
2.236069370640529977e-02 -1.727927741413360918e-01 -1.727927741413360918e-01 -1.540792012551329138e-01 1.294918836025682213e-03
2.236069628969852494e-02 1.686204346706354495e-01 1.686204346706354495e-01 3.416378679736184476e-01 1.294918985162018740e-03
2.236069908436819770e-02 9.648148748397146479e-02 9.648148748397146479e-02 -5.349151164951271992e-02 1.294919146501230913e-03
2.236070209040911388e-02 3.535154774471560013e-01 3.535154774471560013e-01 -1.068715949556328093e-01 1.294919320043308539e-03
2.236070530782548541e-02 -2.332504403025131845e-01 -2.332504403025131845e-01 -1.235445382604987430e-01 1.294919505788262029e-03
2.236070873661758635e-02 -2.258233844492512077e-01 -2.258233844492512077e-01 -2.658304538530123495e-01 1.294919703736070998e-03
2.236071237678219359e-02 -6.378769415195877091e-02 -6.378769415195877091e-02 1.238413960965610398e-02 1.294919913886779031e-03
2.236071622832239494e-02 9.708132440928385343e-02 9.708132440928385343e-02 3.293457561961480456e-02 1.294920136240339291e-03
2.236072029123616425e-02 2.013190637364748944e-02 2.013190637364748944e-02 4.763504647592415459e-02 1.294920370796770210e-03
2.236072456552482338e-02 5.592027064469062836e-02 5.592027064469062836e-02 -6.587269233357878791e-03 1.294920617556074172e-03
2.236072905118761250e-02 9.250831094921550812e-02 9.250831094921550812e-02 -2.228289103955409869e-02 1.294920876518279151e-03
2.236073374822563492e-02 -1.749118263340007987e-02 -1.749118263340007987e-02 4.916119487973317180e-03 1.294921147683321177e-03
2.236073865663651059e-02 6.002475356771209275e-02 6.002475356771209275e-02 -2.429416288536077537e-02 1.294921431051233862e-03
2.236074377642257097e-02 5.705561897493180434e-02 5.705561897493180434e-02 4.778281138320501775e-02 1.294921726622038456e-03
2.236074910758277176e-02 1.104274156362666237e-01 1.104274156362666237e-01 -6.654426761641293875e-02 1.294922034395697662e-03
2.236075465011797339e-02 9.476265447230257377e-02 9.476265447230257377e-02 -5.156927667617714969e-03 1.294922354372222539e-03
2.236076040402653828e-02 1.455122102665112327e-01 1.455122102665112327e-01 5.369543956158046895e-03 1.294922686551632602e-03
2.236076636931075973e-02 -3.047533846598361740e-02 -3.047533846598361740e-02 -4.426271619057339096e-02 1.294923030933922648e-03
2.236077254596878852e-02 1.442728913896713094e-01 1.442728913896713094e-01 -1.272997765723716569e-02 1.294923387519063837e-03
2.236077893400108957e-02 4.448862815646015267e-02 4.448862815646015267e-02 -1.774021855458057240e-01 1.294923756307095417e-03
2.236078553340727429e-02 8.677423334904352248e-02 8.677423334904352248e-02 -2.320380453605292922e-02 1.294924137297995053e-03
4.049285608173301687e-02 3.226656713491799985e-10 3.226656713491799985e-10 1.568997649970091564e-10 nan
7.094106200762861610e-04 2.845932961585088347e-19 2.845932961585088347e-19 1.538218996782194234e-19 nan
