0.000000000000000000e+00 0.000000000000000000e+00 0.000000000000000000e+00 0.000000000000000000e+00 0.000000000000000000e+00 0.000000000000000000e+00 0.000000000000000000e+00
-2.276788483129175020e-05 4.398849767130751830e-05 -4.529272805160562205e-05 -4.078085245540396728e-05 6.002967676335896010e-05 2.334752820495361077e-05 -6.241135755851034084e+00
-4.553262287949478556e-05 8.794391950066748236e-05 -9.053032509782435477e-05 -8.149595264407018778e-05 1.199467217013937623e-04 4.663342569209200832e-05 -1.248145278222688859e+01
-6.829421284723397219e-05 1.318662453728856800e-04 -1.357127592977564151e-04 -1.221452969928200839e-04 1.797506153574017853e-04 6.986368347603179817e-05 -1.872095075598707226e+01
-9.105265342074393958e-05 1.757554551791018352e-04 -1.808399964538704742e-04 -1.627288024315994973e-04 2.394416300844801559e-04 9.303757613486760751e-05 -2.495962935008076400e+01
-1.138079432845794510e-04 2.196115286862339333e-04 -2.259120016743712143e-04 -2.032463967052097233e-04 2.990199406832756636e-04 1.161562679458164445e-04 -3.119748823778118663e+01
-1.365600811070212799e-04 2.634344455853765920e-04 -2.709287392496571812e-04 -2.436980039653999046e-04 3.584857796362458829e-04 1.392208790975555050e-04 -3.743452708853275368e+01
-1.593090655737255696e-04 3.072241855165435179e-04 -3.158901734445153007e-04 -2.840835515246485123e-04 4.178393824112778101e-04 1.622317716936359257e-04 -4.367074557729061013e+01
-1.820548953482588740e-04 3.509807280732717876e-04 -3.607962664420500429e-04 -3.244029771385366985e-04 4.770808381907596990e-04 1.851900805181609666e-04 -4.990614337408781864e+01
-2.047975690997128550e-04 3.947040526398482713e-04 -4.056469814182629675e-04 -3.646562456304429465e-04 5.362103034351759293e-04 2.080960716423466313e-04 -5.614072015122972914e+01
-2.275370854905038229e-04 4.383941384613940337e-04 -4.504422830899358870e-04 -4.048433271561468452e-04 5.952279118224958025e-04 2.309496014461419550e-04 -6.237447557884807026e+01
-2.502734431957643973e-04 4.820509646288582712e-04 -4.951821404565483458e-04 -4.449642080705905464e-04 6.541337061571780810e-04 2.537510470578467994e-04 -6.860740932974375994e+01
-2.730066408783782066e-04 5.256745102158701588e-04 -5.398665266344425005e-04 -4.850189009775224985e-04 7.129275799195001432e-04 2.764991847201675847e-04 -7.483952107188078173e+01
-2.957366772322573634e-04 5.692647541184988648e-04 -5.844954200850208939e-04 -5.250074510564894372e-04 7.716093680799159709e-04 2.991942518288644788e-04 -8.107081047877726121e+01
-3.184635509462470696e-04 6.128216751395672377e-04 -6.290688013901681898e-04 -5.649298944673613286e-04 8.301788828224519615e-04 3.218341427793189216e-04 -8.730127722057859785e+01
-3.411872607113889040e-04 6.563452520753533396e-04 -6.735866485484339220e-04 -6.047862781221447328e-04 8.886361131576487726e-04 3.444186972288403991e-04 -9.353092096728202876e+01
-3.639078052083975280e-04 6.998354636918392626e-04 -7.180489359259745186e-04 -6.445766109080083199e-04 9.469810240063399444e-04 3.669467019091510749e-04 -9.975974138536666658e+01
-3.866251831494190577e-04 7.432922886095855554e-04 -7.624556355102994317e-04 -6.843009039675019721e-04 1.005213337929889610e-03 3.894168216797543611e-04 -1.059877381500809150e+02
-4.093393932041558591e-04 7.867157055826576274e-04 -8.068067199437093306e-04 -7.239591458530202387e-04 1.063332824068650507e-03 4.118282546284878247e-04 -1.122149109263312710e+02
-4.320504340531452180e-04 8.301056934408330024e-04 -8.511021607797214159e-04 -7.635513255524454699e-04 1.121339315588314222e-03 4.341814755757149942e-04 -1.184412593830150513e+02
-4.547583043807217301e-04 8.734622311210942479e-04 -8.953419303151103400e-04 -8.030774281893035896e-04 1.179232347466370890e-03 4.564756451089915855e-04 -1.246667831909673509e+02
-4.774630028487201940e-04 9.167852976288626754e-04 -9.395260022252785448e-04 -8.425374315929177365e-04 1.237012013628730747e-03 4.787109639556720955e-04 -1.308914820150103822e+02
-5.001645281387839988e-04 9.600748719705724582e-04 -9.836543501589574238e-04 -8.819313218715878373e-04 1.294677687965328523e-03 5.008881709556644527e-04 -1.371153555255637002e+02
-5.228628789092767612e-04 1.003330933378651256e-03 -1.027726945941359604e-03 -9.212590384130790429e-04 1.352229565204283047e-03 5.230074523738447931e-04 -1.433384033878835169e+02
-5.455580538207396640e-04 1.046553461228889913e-03 -1.071743756351232731e-03 -9.605205240899301715e-04 1.409667628116490976e-03 5.450692289869562635e-04 -1.495606252691768248e+02
-5.682500515353963548e-04 1.089742434831049520e-03 -1.115704745860464234e-03 -9.997157030330065721e-04 1.466992180761393563e-03 5.670749043966238738e-04 -1.557820208382351552e+02
-5.909388706930862600e-04 1.132897833462776990e-03 -1.159609877258717739e-03 -1.038844514969418809e-03 1.524203290751014643e-03 5.890248020724988621e-04 -1.620025897588831469e+02
-6.136245099502609518e-04 1.176019636343186197e-03 -1.203459110857655777e-03 -1.077906868394901997e-03 1.581301212517674916e-03 6.109209727810068283e-04 -1.682223316999510416e+02
-6.363069679435803252e-04 1.219107822735319199e-03 -1.247252407449260005e-03 -1.116902703614308439e-03 1.638286549563010199e-03 6.327613396714138480e-04 -1.744412463248698089e+02
-6.589862433151783038e-04 1.262162371802627147e-03 -1.290989727479799907e-03 -1.155831964819331375e-03 1.695159115270526099e-03 6.545501888456399173e-04 -1.806593332986957421e+02
-6.816623347211379393e-04 1.305183262468383957e-03 -1.334671031264613892e-03 -1.194694586618200681e-03 1.751919252798042484e-03 6.762853872739673375e-04 -1.868765922903936314e+02
-7.043352407793193864e-04 1.348170473552760037e-03 -1.378296281993353790e-03 -1.233490548684384666e-03 1.808567152870511679e-03 6.979687602878037250e-04 -1.930930229585074187e+02
-7.270049601470051498e-04 1.391123983690854436e-03 -1.421865443877790664e-03 -1.272219837216948543e-03 1.865102542741450299e-03 7.195994417379233867e-04 -1.993086249714059193e+02
-7.496714914666272002e-04 1.434043771372173464e-03 -1.465378486371492596e-03 -1.310882471425235630e-03 1.921525474171851839e-03 7.411760910719907350e-04 -2.055233979914906683e+02
-7.723348334002477474e-04 1.476929814923703911e-03 -1.508835385083720591e-03 -1.349478502807580603e-03 1.977835623895231754e-03 7.627004960587586849e-04 -2.117373416849018213e+02
-7.949949845967709070e-04 1.519782092666117088e-03 -1.552236118329561234e-03 -1.388007957296444935e-03 2.034032961584577009e-03 7.841699577339004664e-04 -2.179504557118754633e+02
-8.176519437298242904e-04 1.562600582788528300e-03 -1.595580667470006654e-03 -1.426470843390167378e-03 2.090117780197284659e-03 8.055843306805804968e-04 -2.241627397379234878e+02
-8.403057094636726641e-04 1.605385263416831288e-03 -1.638869012865054337e-03 -1.464867172984193064e-03 2.146089525446131380e-03 8.269432072550910329e-04 -2.303741934251500822e+02
-8.629562804692985116e-04 1.648136112719283475e-03 -1.682101130599904237e-03 -1.503196933760004477e-03 2.201948243489832042e-03 8.482448227940824923e-04 -2.365848164374922931e+02
-8.856036554046731310e-04 1.690853108931909907e-03 -1.725276994365894509e-03 -1.541460146632658195e-03 2.257693374274248599e-03 8.694883344054186872e-04 -2.427946084365456727e+02
-9.082478329241344423e-04 1.733536230456690771e-03 -1.768396578213079183e-03 -1.579656771335829872e-03 2.313324932278055818e-03 8.906751528216563232e-04 -2.490035690852613470e+02
-9.308888116700733250e-04 1.776185455634291584e-03 -1.811459857508115369e-03 -1.617786806886082436e-03 2.368842337194179172e-03 9.118031798435003192e-04 -2.552116980442058889e+02
-9.535265902927965269e-04 1.818800762852082042e-03 -1.854466807611442709e-03 -1.655850243431532254e-03 2.424245257423113861e-03 9.328722563129903181e-04 -2.614189949774618640e+02
-9.761611674209274029e-04 1.861382130578724883e-03 -1.897417395727913746e-03 -1.693847081353613360e-03 2.479534134875065795e-03 9.538851144122593084e-04 -2.676254595436697628e+02
-9.987925417005258811e-04 1.903929537371106115e-03 -1.940311587672870772e-03 -1.731777264651142897e-03 2.534708677108755016e-03 9.748382603898848994e-04 -2.738310914071731190e+02
-1.021420711744176063e-03 1.946442961952799802e-03 -1.983149347666043547e-03 -1.769640730368241856e-03 2.589768836613071893e-03 9.957348671877032289e-04 -2.800358902236881704e+02
-1.044045676195251224e-03 1.988922383117232989e-03 -2.025930638288891365e-03 -1.807437428421543530e-03 2.644715196856427166e-03 1.016575025111140194e-03 -2.862398556581678690e+02
-1.066667433666789420e-03 2.031367779583358006e-03 -2.068655422934338132e-03 -1.845167281883423275e-03 2.699547960076495792e-03 1.037358086002447511e-03 -2.924429873672206668e+02
-1.089285982782298417e-03 2.073779130073581667e-03 -2.111323657728851437e-03 -1.882830256658078955e-03 2.754266627317806648e-03 1.058087581079910191e-03 -2.986452850104979575e+02
-1.111901322167257707e-03 2.116156413298571261e-03 -2.153935302276158582e-03 -1.920426247169135453e-03 2.808872121958818496e-03 1.078761316412133386e-03 -3.048467482475718384e+02
-1.134513450446826078e-03 2.158499607885090710e-03 -2.196490315947454558e-03 -1.957955225278288584e-03 2.863364078269033802e-03 1.099380488375821616e-03 -3.110473767376261662e+02
-1.157122366235689573e-03 2.200808692333188887e-03 -2.238988661874146986e-03 -1.995417168802514699e-03 2.917743184994116799e-03 1.119946951788823022e-03 -3.172471701377548925e+02
-1.179728068149152450e-03 2.243083644924423210e-03 -2.281430300619495966e-03 -2.032812007531569279e-03 2.972009364173840672e-03 1.140458571861009728e-03 -3.234461281054886967e+02
-1.202330554800724394e-03 2.285324443708137542e-03 -2.323815199919760776e-03 -2.070139728948466613e-03 3.026162177899987919e-03 1.160919513356023546e-03 -3.296442502983284726e+02
-1.224929824806913125e-03 2.327531066536909533e-03 -2.366143327423493505e-03 -2.107400320407993698e-03 3.080201580665647369e-03 1.181327840514774779e-03 -3.358415363731874663e+02
-1.247525876796911964e-03 2.369703491124822148e-03 -2.408414656670113466e-03 -2.144593805516336119e-03 3.134128095552366280e-03 1.201681940743613234e-03 -3.420379859889636691e+02
-1.270118709390521787e-03 2.411841695190548862e-03 -2.450629165140096218e-03 -2.181720133100369108e-03 3.187940565694235596e-03 1.221983239714284934e-03 -3.482335988002753311e+02
-1.292708321220973266e-03 2.453945656458459551e-03 -2.492786832931166621e-03 -2.218779379863619877e-03 3.241639714192173002e-03 1.242230995358790382e-03 -3.544283744637845075e+02
-1.315294710927628454e-03 2.496015352626146464e-03 -2.534887642087425320e-03 -2.255771496843128436e-03 3.295224812456072714e-03 1.262422772742084537e-03 -3.606223126358843842e+02
-1.337877877151441661e-03 2.538050761496180811e-03 -2.576931571123247840e-03 -2.292696504034023169e-03 3.348696060226575427e-03 1.282559118089464162e-03 -3.668154129744752936e+02
-1.360457818514134755e-03 2.580051860934048751e-03 -2.618918595665375559e-03 -2.329554426767741979e-03 3.402053420532461219e-03 1.302637496115788794e-03 -3.730076751339515226e+02
-1.383034533642417581e-03 2.622018628792314923e-03 -2.660848688675426094e-03 -2.366345241367944462e-03 3.455296684826639035e-03 1.322660478266810512e-03 -3.791990987720927251e+02
-1.405608021144374260e-03 2.663951042878759043e-03 -2.702721824810152846e-03 -2.403068953763047230e-03 3.508425310509148253e-03 1.342624213647410254e-03 -3.853896835417879174e+02
-1.428178279636567157e-03 2.705849080952546504e-03 -2.744537970123311996e-03 -2.439725578028288655e-03 3.561439668935914050e-03 1.362530554974181228e-03 -3.915794290983257611e+02
-1.450745307741244409e-03 2.747712720838140724e-03 -2.786297095066546294e-03 -2.476315121751003576e-03 3.614339381630782798e-03 1.382378290047825463e-03 -3.977683350989324822e+02
-1.473309104052547298e-03 2.789541940524570534e-03 -2.827999163899924326e-03 -2.512837564559638158e-03 3.667124233444449873e-03 1.402170495064811520e-03 -4.039564011933802021e+02
-1.495869667185471732e-03 2.831336718082439266e-03 -2.869644140237631591e-03 -2.549292847133581910e-03 3.719795264963527814e-03 1.421901291654656526e-03 -4.101436270372295780e+02
-1.518426995748758425e-03 2.873097031660510389e-03 -2.911231984222725690e-03 -2.585680933314570083e-03 3.772351380952981142e-03 1.441577281542889138e-03 -4.163300122846446811e+02
-1.540981088340538305e-03 2.914822859382726512e-03 -2.952762655284592048e-03 -2.622001767283642544e-03 3.824793689562154281e-03 1.461195062192229867e-03 -4.225155565873621981e+02
-1.563531943548735403e-03 2.956514179333575264e-03 -2.994236111001778028e-03 -2.658255290536432579e-03 3.877121592721375319e-03 1.480756487131155031e-03 -4.287002595948317776e+02
-1.586079559989051662e-03 2.998170969500332100e-03 -3.035652314608035165e-03 -2.694441427898724810e-03 3.929335429682991390e-03 1.500263686782047842e-03 -4.348841209652426301e+02
-1.608623936236765412e-03 3.039793207857619407e-03 -3.077011230123520655e-03 -2.730560101166595432e-03 3.981435073876560433e-03 1.519716343949662320e-03 -4.410671403453255266e+02
-1.631165070886220246e-03 3.081380872318361091e-03 -3.118312822781455201e-03 -2.766611287744182197e-03 4.033420817946647280e-03 1.539115055578722151e-03 -4.472493173870156511e+02
-1.653702962526858080e-03 3.122933940555961286e-03 -3.159557053928920695e-03 -2.802594903470579431e-03 4.085292059504358822e-03 1.558462431844000705e-03 -4.534306517414750033e+02
-1.676237609749641529e-03 3.164452390068398045e-03 -3.200743891330754248e-03 -2.838510854944098407e-03 4.137049357198002361e-03 1.577755326716345297e-03 -4.596111430613265156e+02
-1.698769011126275178e-03 3.205936198290689799e-03 -3.241873301102751823e-03 -2.874359181818624768e-03 4.188692402509909020e-03 1.596996442295824364e-03 -4.657907909935833572e+02
-1.721297165243434492e-03 3.247385342520754149e-03 -3.282945250571267081e-03 -2.910139802148225836e-03 4.240221388127918441e-03 1.616189324228846326e-03 -4.719695951890369656e+02
-1.743822070690183865e-03 3.288799800022982559e-03 -3.323959711130255405e-03 -2.945852721014497778e-03 4.291636624983159558e-03 1.635324951532798150e-03 -4.781475552978731685e+02
-1.766343726055637784e-03 3.330179547920580387e-03 -3.364916660312562355e-03 -2.981497960436636958e-03 4.342936844421934652e-03 1.654407609554823600e-03 -4.843246709684071902e+02
-1.788862129957157453e-03 3.371524563423434519e-03 -3.405816075155815477e-03 -3.017075575611503479e-03 4.394123252143395351e-03 1.673437017576492403e-03 -4.905009418538090813e+02
-1.811377280989264274e-03 3.412834823958019442e-03 -3.446657936633928509e-03 -3.052585565983808452e-03 4.445195270775721165e-03 1.692410808083801574e-03 -4.966763675998270173e+02
-1.833889177761957069e-03 3.454110306979552274e-03 -3.487442219743351873e-03 -3.088027934609493229e-03 4.496152988460488595e-03 1.711327499577531587e-03 -5.028509478577257710e+02
-1.856397818874061089e-03 3.495350989814113851e-03 -3.528168901379490074e-03 -3.123402723303507749e-03 4.546995663870430707e-03 1.730186041897608306e-03 -5.090246822761515659e+02
-1.878903202914649836e-03 3.536556849642835416e-03 -3.568837947667236835e-03 -3.158709968739960208e-03 4.597724365287944072e-03 1.748987166711416831e-03 -5.151975705013629749e+02
-1.901405328485174717e-03 3.577727863554926082e-03 -3.609449329821303766e-03 -3.193949664917028301e-03 4.648338675031941057e-03 1.767729696480384218e-03 -5.213696121835572512e+02
-1.923904194165494382e-03 3.618864008798121368e-03 -3.650003015022297397e-03 -3.229121844284812796e-03 4.698837961014764274e-03 1.786415262682028654e-03 -5.275408069675144134e+02
-1.946399798544187505e-03 3.659965262608223194e-03 -3.690498971054126387e-03 -3.264226487025494866e-03 4.749222221665654574e-03 1.805041930408904285e-03 -5.337111545018829020e+02
-1.968892140198650730e-03 3.701031602300619994e-03 -3.730937161031880681e-03 -3.299263602152342940e-03 4.799491553094623400e-03 1.823610610738195508e-03 -5.398806544328461996e+02
-1.991381217696877853e-03 3.742063005237764115e-03 -3.771317540976287797e-03 -3.334233072340664957e-03 4.849646359399903926e-03 1.842121256819425484e-03 -5.460493064041417028e+02
-2.013867029625910146e-03 3.783059448771880409e-03 -3.811640078493641962e-03 -3.369134769785271741e-03 4.899685913927471007e-03 1.860577043215615742e-03 -5.522171100657689067e+02
-2.036349574539678218e-03 3.824020910328469747e-03 -3.851904739382717557e-03 -3.403968713103741692e-03 4.949610426642981481e-03 1.878977030328450462e-03 -5.583840650591572512e+02
-2.058828851005937554e-03 3.864947367298574455e-03 -3.892111484929410177e-03 -3.438734787399218024e-03 4.999420481555747614e-03 1.897319695229197521e-03 -5.645501710307103167e+02
-2.081304857580932016e-03 3.905838797147097915e-03 -3.932260280825826924e-03 -3.473432935775514190e-03 5.049113738995800356e-03 1.915610263202297946e-03 -5.707154276243720687e+02
-2.103777592823098588e-03 3.946695177211387989e-03 -3.972351084210296555e-03 -3.508063001204155332e-03 5.098692723183939970e-03 1.933848245516694812e-03 -5.768798344843974064e+02
-2.126247055290558102e-03 3.987516484632263117e-03 -4.012383857137325968e-03 -3.542624987775484964e-03 5.148156707066329184e-03 1.952034105693613427e-03 -5.830433912551867479e+02
-2.148713243532592541e-03 4.028302696430916506e-03 -4.052358562433471152e-03 -3.577118825595220018e-03 5.197505554209422979e-03 1.970165769365525132e-03 -5.892060975802386338e+02
-2.171176156090331554e-03 4.069053789629688452e-03 -4.092275163722085621e-03 -3.611544430599778876e-03 5.246739671749507845e-03 1.988244412248424756e-03 -5.953679531010434403e+02
-2.193635791517302425e-03 4.109769741138065077e-03 -4.132133625279930771e-03 -3.645901832390514592e-03 5.295859647406648239e-03 2.006274626126960340e-03 -6.015289574611243779e+02
-2.216092148377844535e-03 4.150450527703527549e-03 -4.171933911714825229e-03 -3.680191028790067310e-03 5.344864946472111140e-03 2.024249062815502900e-03 -6.076891103046792750e+02
-2.238545225229292886e-03 4.191096125914245234e-03 -4.211675997097904037e-03 -3.714412046500302576e-03 5.393755274211456570e-03 2.042170105580107427e-03 -6.138484112711004173e+02
-2.260995020653572621e-03 4.231706512510126361e-03 -4.251359857231396672e-03 -3.748564926977729621e-03 5.442532035859589529e-03 2.060037489971586980e-03 -6.200068600039779767e+02
-2.283441533238064584e-03 4.272281664390682396e-03 -4.290985471576575297e-03 -3.782649656892455702e-03 5.491193689994383793e-03 2.077847948206850565e-03 -6.261644561463417631e+02
-2.305884761558503557e-03 4.312821558305579388e-03 -4.330552819277790240e-03 -3.816666417047036037e-03 5.539739824642170643e-03 2.095602602104456799e-03 -6.323211993387876646e+02
-2.328324704188828882e-03 4.353326170881985022e-03 -4.370061874080678234e-03 -3.850615102584182409e-03 5.588172069117826671e-03 2.113299691048599761e-03 -6.384770892228718822e+02
-2.350761359695759112e-03 4.393795478632775593e-03 -4.409512606613107816e-03 -3.884495834584851710e-03 5.636489832772721177e-03 2.130937594838985209e-03 -6.446321254393398021e+02
-2.373194726647183308e-03 4.434229457968146514e-03 -4.448904986321605172e-03 -3.918308559731548991e-03 5.684691699588345984e-03 2.148519402764667314e-03 -6.507863076305933419e+02
-2.395624803591587648e-03 4.474628085334395391e-03 -4.488238986578840621e-03 -3.952053312269613455e-03 5.732778730978448783e-03 2.166042025263930238e-03 -6.569396354344894462e+02
-2.418051589088406582e-03 4.514991337192125233e-03 -4.527514579481216328e-03 -3.985730060469476477e-03 5.780749814985849597e-03 2.183507521039935052e-03 -6.630921084930751022e+02
-2.440475081662415221e-03 4.555319190152993560e-03 -4.566731731493343417e-03 -4.019338733685268693e-03 5.828605558303326037e-03 2.200915017361559142e-03 -6.692437264402577739e+02
-2.462895279876953312e-03 4.595611620962898602e-03 -4.605890399737293250e-03 -4.052879277882907340e-03 5.876345456502575157e-03 2.218269556689683644e-03 -6.753944889216685397e+02
-2.485312182252434870e-03 4.635868606432524443e-03 -4.644990548963398060e-03 -4.086351586713098463e-03 5.923969506052357420e-03 2.235568258618540055e-03 -6.815443955710265982e+02
-2.507725787324698204e-03 4.676090123384208166e-03 -4.684032140471473295e-03 -4.119755554573229471e-03 5.971477323482649729e-03 2.252805983595775226e-03 -6.876934460263945539e+02
-2.530136093636643248e-03 4.716276148705564504e-03 -4.723015137178109696e-03 -4.153091179726497821e-03 6.018868732653386878e-03 2.269995008459615733e-03 -6.938416399288000775e+02
-2.552543099697844597e-03 4.756426659312496322e-03 -4.761939497202784775e-03 -4.186358303048257762e-03 6.066144980095622592e-03 2.287126697208131509e-03 -6.999889769105244568e+02
-2.574946804051885235e-03 4.796541631868472995e-03 -4.800805179358041443e-03 -4.219556925519681034e-03 6.113304717282332448e-03 2.304206191352153356e-03 -7.061354566132549735e+02
-2.597347205212310536e-03 4.836621042916848176e-03 -4.839612139606236374e-03 -4.252686942396506631e-03 6.160349366647359035e-03 2.321232270602215444e-03 -7.122810786697605181e+02
-2.619744301700518974e-03 4.876664869125171310e-03 -4.878360340265591732e-03 -4.285748306338980906e-03 6.207278914423159689e-03 2.338204489153299873e-03 -7.184258427156844391e+02
-2.642138092054637389e-03 4.916673087184191167e-03 -4.917049740209650244e-03 -4.318740968856460069e-03 6.254093434628520305e-03 2.355126578521592965e-03 -7.245697483907985088e+02
-2.664528574779283406e-03 4.956645673539409984e-03 -4.955680300365084001e-03 -4.351664934780493342e-03 6.300792834926415703e-03 2.371991986077270995e-03 -7.307127953235795985e+02
-2.686915748425130687e-03 4.996582604265667298e-03 -4.994251986429157006e-03 -4.384520227956069209e-03 6.347377794369516747e-03 2.388810658815987333e-03 -7.368549831549590863e+02
-2.709299611516569669e-03 5.036483855302916618e-03 -5.032764771558269866e-03 -4.417306806492863128e-03 6.393847447225549374e-03 2.405566950412231595e-03 -7.429963115165014642e+02
-2.731680162605797102e-03 5.076349402604420254e-03 -5.071218628570619766e-03 -4.450024797642834068e-03 6.440202954112491177e-03 2.422274713100136968e-03 -7.491367800451519088e+02
-2.754057400239733576e-03 5.116179222195738584e-03 -5.109613536561394970e-03 -4.482674271232605680e-03 6.486443070083194179e-03 2.438923948121638884e-03 -7.552763883748787066e+02
-2.776431322963230589e-03 5.155973290069988321e-03 -5.147949471447498850e-03 -4.515255245712074955e-03 6.532566962232265288e-03 2.455521148036486721e-03 -7.614151361393020352e+02
-2.798801929320024213e-03 5.195731582184367862e-03 -5.186226414798422550e-03 -4.547767719843295517e-03 6.578576554224802378e-03 2.472056381658606881e-03 -7.675530229728325367e+02
-2.821169217845661756e-03 5.235454074403615710e-03 -5.224444347622355343e-03 -4.580211716376843094e-03 6.624470077655516924e-03 2.488538478522935461e-03 -7.736900485103168421e+02
-2.843533187061467529e-03 5.275140742486275798e-03 -5.262603242193884118e-03 -4.612587223072706598e-03 6.670248432367176065e-03 2.504961244181112389e-03 -7.798262123839780315e+02
-2.865893835479156344e-03 5.314791562270989450e-03 -5.300703072019409892e-03 -4.644894195963909268e-03 6.715910696296834709e-03 2.521328868702653412e-03 -7.859615142242346337e+02
-2.888251161630703712e-03 5.354406509680547689e-03 -5.338743801732797299e-03 -4.677132649841011375e-03 6.761456747201466388e-03 2.537641403150633305e-03 -7.920959536679986286e+02
-2.910605164016235192e-03 5.393985560781811191e-03 -5.376725397987322519e-03 -4.709302542999031435e-03 6.806885676166821685e-03 2.553894216765953840e-03 -7.982295303430613558e+02
-2.932955841144637994e-03 5.433528691750761676e-03 -5.414647817591518655e-03 -4.741403736512211399e-03 6.852198028295368969e-03 2.570094868950344603e-03 -8.043622438806647779e+02
-2.955303191524769838e-03 5.473035878714508501e-03 -5.452511017977003729e-03 -4.773436224017914287e-03 6.897393635044511695e-03 2.586235017554493979e-03 -8.104940939120195935e+02
-2.977647213669346472e-03 5.512507097875536492e-03 -5.490314963938945636e-03 -4.805399961686942882e-03 6.942472656297183145e-03 2.602322866658642216e-03 -8.166250800696333272e+02
-2.999987906068793744e-03 5.551942325601826565e-03 -5.528059611978252026e-03 -4.837294786806401944e-03 6.987435179582898205e-03 2.618347864348745391e-03 -8.227552019802644736e+02
-3.022325267231371331e-03 5.591341538173018842e-03 -5.565744921317021011e-03 -4.869120689135446843e-03 7.032281383706799442e-03 2.634327799110951131e-03 -8.288844592742756276e+02
-3.044659295660107415e-03 5.630704711716713606e-03 -5.603370848880879530e-03 -4.900877584077089309e-03 7.077011150172871773e-03 2.650249340904106514e-03 -8.350128515811485386e+02
-3.066989989843593809e-03 5.670031822286668299e-03 -5.640937345728669165e-03 -4.932565442750838462e-03 7.121625342506767223e-03 2.666117697039994267e-03 -8.411403785276889948e+02
-3.089317348283466148e-03 5.709322845971880403e-03 -5.678444369462258036e-03 -4.964184088318870404e-03 7.166124421795816435e-03 2.681936568806775334e-03 -8.472670397448009680e+02
-3.111641369459440098e-03 5.748577758815006863e-03 -5.715891877100225636e-03 -4.995733554792190952e-03 7.210508720259034728e-03 2.697696360518060579e-03 -8.533928348572609366e+02
-3.133962051874840480e-03 5.787796536461754793e-03 -5.753279836304157034e-03 -5.027213858230760758e-03 7.254777532311245010e-03 2.713405611499665037e-03 -8.595177634952644894e+02
-3.156279394027692534e-03 5.826979154265656165e-03 -5.790608210007318866e-03 -5.058624946446181256e-03 7.298930881262375922e-03 2.729064336390058399e-03 -8.656418252865946670e+02
-3.178593394411588849e-03 5.866125587404944809e-03 -5.827876968276709743e-03 -5.089966986130061745e-03 7.342968894072413391e-03 2.744666629691013948e-03 -8.717650198567606594e+02
-3.200904051537378173e-03 5.905235810940268060e-03 -5.865086091333385557e-03 -5.121239878965595273e-03 7.386890608161271465e-03 2.760217641706408202e-03 -8.778873468341454327e+02
-3.223211363912599405e-03 5.944309800059396388e-03 -5.902235554128582896e-03 -5.152443782428943291e-03 7.430697548463096984e-03 2.775712331622679895e-03 -8.840088058450620565e+02
-3.245515330053181432e-03 5.983347530168827214e-03 -5.939325345350699066e-03 -5.183578671680611621e-03 7.474388017979616272e-03 2.791153929427954081e-03 -8.901293965184278250e+02
-3.267815948465327414e-03 6.022348976739328591e-03 -5.976355444647268693e-03 -5.214644512393507882e-03 7.517963554769862763e-03 2.806539281082139591e-03 -8.962491184803947135e+02
-3.290113217643836872e-03 6.061314115179411086e-03 -6.013325829997190689e-03 -5.245641393317404359e-03 7.561421423809527864e-03 2.821867124402605877e-03 -9.023679713542238687e+02
-3.312407136092566755e-03 6.100242920729364790e-03 -6.050236474937621851e-03 -5.276569256413370622e-03 7.604762722130200409e-03 2.837139262436842030e-03 -9.084859547670025677e+02
-3.334697702295099427e-03 6.139135368588270573e-03 -6.087087344393859491e-03 -5.307428091731480370e-03 7.647988257864113404e-03 2.852351327063152968e-03 -9.146030683418109675e+02
-3.356984914738575607e-03 6.177991434022629333e-03 -6.123878403045086155e-03 -5.338217942700030152e-03 7.691095893922953244e-03 2.867511025982917312e-03 -9.207193117046191446e+02
-3.379268771900863048e-03 6.216811092451702582e-03 -6.160609615605178863e-03 -5.368938778414301949e-03 7.734086519998171518e-03 2.882611743615382145e-03 -9.268346844785215808e+02
-3.401549272252970841e-03 6.255594319434886266e-03 -6.197280941401611502e-03 -5.399590478289694427e-03 7.776960290820926665e-03 2.897656920345819710e-03 -9.329491862837770668e+02
-3.423826414298157018e-03 6.294341090519296224e-03 -6.233892337947020620e-03 -5.430172933261069590e-03 7.819715543869782196e-03 2.912642800932264964e-03 -9.390628167489459202e+02
-3.446100196495358731e-03 6.333051381378747291e-03 -6.270443760267478857e-03 -5.460686154962352164e-03 7.862355336481850754e-03 2.927575578738526255e-03 -9.451755754912325074e+02
-3.468370617319753175e-03 6.371725167709903215e-03 -6.306935165749879592e-03 -5.491129983340318869e-03 7.904877650339432738e-03 2.942453836632722558e-03 -9.512874621341047714e+02
-3.490637675235754023e-03 6.410362425124894667e-03 -6.343366508437249356e-03 -5.521504371849870335e-03 7.947282737223391666e-03 2.957280348369570669e-03 -9.573984762983511700e+02
-3.512901368717885348e-03 6.448963129042764586e-03 -6.379737744205367378e-03 -5.551809313413187327e-03 7.989572807794196457e-03 2.972046594804389659e-03 -9.635086176079091729e+02
-3.535161696209453575e-03 6.487527254875753192e-03 -6.416048825243744584e-03 -5.582044611509807616e-03 8.031745478335301780e-03 2.986760910304110932e-03 -9.696178856791111684e+02
-3.557418656184180902e-03 6.526054777877424683e-03 -6.452299701354042433e-03 -5.612210293086426077e-03 8.073804009240953886e-03 3.001423552207943893e-03 -9.757262801370135321e+02
-3.579672247090723639e-03 6.564545673136127323e-03 -6.488490339106250428e-03 -5.642306236577181167e-03 8.115746107535272424e-03 3.016032140342115187e-03 -9.818338005998997460e+02
-3.601922467393529718e-03 6.602999915558990622e-03 -6.524620706872972555e-03 -5.672332532826855102e-03 8.157572524453810328e-03 3.030593999944523279e-03 -9.879404466900000443e+02
-3.624169315538021494e-03 6.641417479846526382e-03 -6.560690770939527593e-03 -5.702289074982064103e-03 8.199283639300770227e-03 3.045099917649633694e-03 -9.940462180225562179e+02
-3.646412790011492339e-03 6.679798340449287497e-03 -6.596700511607086169e-03 -5.732176101861790121e-03 8.240877459939750099e-03 3.059551203244630958e-03 -1.000151114222407614e+03
-3.668652889277559687e-03 6.718142471917010541e-03 -6.632649898323393980e-03 -5.761993493995655122e-03 8.282355943434932533e-03 3.073951381362231838e-03 -1.006255134905165278e+03
-3.690889611818314910e-03 6.756449848888356619e-03 -6.668538916057471962e-03 -5.791741472562058485e-03 8.323717999442000956e-03 3.088296562604167170e-03 -1.012358279690499558e+03
-3.713122956106863510e-03 6.794720446197666242e-03 -6.704367542700465435e-03 -5.821419841084071733e-03 8.364963268748493511e-03 3.102585193274758329e-03 -1.018460548196308196e+03
-3.735352920633097044e-03 6.832954238682748503e-03 -6.740135758763055387e-03 -5.851028856045955781e-03 8.406092129417808492e-03 3.116817489119625469e-03 -1.024561940045118490e+03
-3.757579503851516105e-03 6.871151200968811726e-03 -6.775843540539452751e-03 -5.880568338529037348e-03 8.447102398944007773e-03 3.130998567560016634e-03 -1.030662454849729784e+03
-3.779802704234117711e-03 6.909311307584649169e-03 -6.811490857631735500e-03 -5.910038416550496623e-03 8.487995931669406469e-03 3.145120495206702414e-03 -1.036762092228897700e+03
-3.802022520239188054e-03 6.947434533192387539e-03 -6.847077675727420223e-03 -5.939438991622076128e-03 8.528772505978611876e-03 3.159185099359760555e-03 -1.042860851799099692e+03
-3.824238950306044996e-03 6.985520852595876115e-03 -6.882603958672079379e-03 -5.968770084414380846e-03 8.569430938157467786e-03 3.173187561377403820e-03 -1.048958733174084955e+03
-3.846451992893881126e-03 7.023570240723032466e-03 -6.918069666644555311e-03 -5.998031602139988067e-03 8.609971332166189636e-03 3.187137997437226606e-03 -1.055055735973898209e+03
-3.868661646432058725e-03 7.061582672475759381e-03 -6.953474750745849454e-03 -6.027223488622860011e-03 8.650395112843314513e-03 3.201034179839147217e-03 -1.061151859808686595e+03
-3.890867909375593167e-03 7.099558122639011530e-03 -6.988819170485437680e-03 -6.056345659012915723e-03 8.690700019081900110e-03 3.214874418389477521e-03 -1.067247104295563759e+03
-3.913070780167506382e-03 7.137496566078221742e-03 -7.024102878586292210e-03 -6.085398022129940784e-03 8.730890369805236612e-03 3.228656051240260619e-03 -1.073341469048934641e+03
-3.935270257232691138e-03 7.175397977721385649e-03 -7.059325833983279980e-03 -6.114380538753414265e-03 8.770960422125996872e-03 3.242387490234124783e-03 -1.079434953680467515e+03
-3.957466339016676472e-03 7.213262332334139174e-03 -7.094487988017952190e-03 -6.143293034854629790e-03 8.810915663274106538e-03 3.256059757568217309e-03 -1.085527557809220525e+03
-3.979659023927819769e-03 7.251089604582883381e-03 -7.129589295605170095e-03 -6.172135470028504434e-03 8.850754197348336197e-03 3.269679230972989594e-03 -1.091619281043471801e+03
-4.001848310399354347e-03 7.288879769047249338e-03 -7.164629708223640807e-03 -6.200907818718965313e-03 8.890475903290661133e-03 3.283248290593716086e-03 -1.097710122998053976e+03
-4.024034196859536602e-03 7.326632800279790809e-03 -7.199609186238249692e-03 -6.229610015202070514e-03 8.930081651160617917e-03 3.296761960925972089e-03 -1.103800083285033907e+03
-4.046216681734987088e-03 7.364348672729934854e-03 -7.234527696021429005e-03 -6.258242013711895133e-03 8.969571915734678158e-03 3.310227164412058842e-03 -1.109889161515893420e+03
-4.068395763465188462e-03 7.402027360663199218e-03 -7.269385202856454460e-03 -6.286803871267216022e-03 9.008945051190786826e-03 3.323640385116758897e-03 -1.115977357305452870e+03
-4.090571440472885040e-03 7.439668838131904133e-03 -7.304181688572154024e-03 -6.315295711657404297e-03 9.048201681902750051e-03 3.336996495340274066e-03 -1.122064670263083599e+03
-4.112743711188283045e-03 7.477273078940557642e-03 -7.338917122976446224e-03 -6.343717458833358913e-03 9.087342054168272287e-03 3.350302364124432743e-03 -1.128151099999453891e+03
-4.134912574049954409e-03 7.514840056887940600e-03 -7.373591479272155469e-03 -6.372069155694869494e-03 9.126363759182628405e-03 3.363557717761195623e-03 -1.134236646124651998e+03
-4.157078027523327182e-03 7.552369745859687997e-03 -7.408204739021107162e-03 -6.400350940349686102e-03 9.165269725002294504e-03 3.376752426714899318e-03 -1.140321308254764290e+03
-4.179240070023861574e-03 7.589862120070406913e-03 -7.442756874776187276e-03 -6.428562753293861828e-03 9.204057748974639117e-03 3.389893479577891014e-03 -1.146405085992831573e+03
-4.201398700004898949e-03 7.627317153716560959e-03 -7.477247863794477152e-03 -6.456704665208345614e-03 9.242727794863974181e-03 3.402982978984460047e-03 -1.152487978952275625e+03
-4.223553915905782323e-03 7.664734820928398480e-03 -7.511677673031408840e-03 -6.484776658903276814e-03 9.281280388911685233e-03 3.416014880730712522e-03 -1.158569986743479376e+03
-4.245705716143438613e-03 7.702115095738405748e-03 -7.546046276747843222e-03 -6.512778622929330831e-03 9.319714390387796518e-03 3.428983926328713419e-03 -1.164651108973723012e+03
-4.267854099119879584e-03 7.739457952238788623e-03 -7.580353635964800531e-03 -6.540710658419497670e-03 9.358031328859962861e-03 3.441906629943726308e-03 -1.170731345247139188e+03
-4.289999063272846233e-03 7.776763364474301339e-03 -7.614599711400722726e-03 -6.568572642581370011e-03 9.396230361218275984e-03 3.454766565517745653e-03 -1.176810695178570086e+03
-4.312140606991078824e-03 7.814031306528806606e-03 -7.648784465131119002e-03 -6.596364471911080919e-03 9.434310781121101400e-03 3.467573029233037268e-03 -1.182889158369579718e+03
-4.334278728689809450e-03 7.851261752392403592e-03 -7.682907843819187371e-03 -6.624086097819375379e-03 9.472274335089850977e-03 3.480324249057744831e-03 -1.188966734428053087e+03
-4.356413426782114809e-03 7.888454676134585425e-03 -7.716969813183869806e-03 -6.651737452755368367e-03 9.510120250897606889e-03 3.493015681565617668e-03 -1.195043422961711713e+03
-4.378544699680324802e-03 7.925610051917351961e-03 -7.750970313650774011e-03 -6.679318509919581447e-03 9.547848064316237504e-03 3.505650913614716778e-03 -1.201119223578072251e+03
-4.400672545780133331e-03 7.962727853863505248e-03 -7.784909313579089357e-03 -6.706829111818076589e-03 9.585457788480595404e-03 3.518238283858618389e-03 -1.207194135880584781e+03
-4.422796963480927525e-03 7.999808055992775266e-03 -7.818786756845051353e-03 -6.734269326417158252e-03 9.622950805588620024e-03 3.530770117413322036e-03 -1.213268159474827598e+03
-4.444917951182531662e-03 8.036850632288554744e-03 -7.852602605536223787e-03 -6.761639049390860169e-03 9.660328135656188683e-03 3.543245493803335016e-03 -1.219341293966215517e+03
-4.467035507272102204e-03 8.073855556584914883e-03 -7.886356819026706447e-03 -6.788938181318743444e-03 9.697587823848103153e-03 3.555662609599457950e-03 -1.225413538957285709e+03
-4.489149630163418413e-03 8.110822802510672669e-03 -7.920049356876209326e-03 -6.816166651659371668e-03 9.734730935211070510e-03 3.568044227284697389e-03 -1.231484894058230566e+03
-4.511260318230692241e-03 8.147752343742955400e-03 -7.953680190251144130e-03 -6.843324549522946700e-03 9.771756521640374490e-03 3.580359572667697523e-03 -1.237555358866495453e+03
-4.533367569875417641e-03 8.184644153823406737e-03 -7.987249287643266929e-03 -6.870411846255418918e-03 9.808665178713701222e-03 3.592630990614943676e-03 -1.243624932987812144e+03
-4.555471383490006416e-03 8.221498206170902226e-03 -8.020756621294205732e-03 -6.897428563959537642e-03 9.845456828768958668e-03 3.604846852635333089e-03 -1.249693616025212577e+03
-4.577571757462910000e-03 8.258314474121978763e-03 -8.054202155435204527e-03 -6.924374885012776239e-03 9.882130922008781210e-03 3.617008693741323184e-03 -1.255761407578831950e+03
-4.599668690216121569e-03 8.295092930913188986e-03 -8.087585866446705615e-03 -6.951250728495891179e-03 9.918685866502952725e-03 3.629122418092824501e-03 -1.261828307257047300e+03
-4.621762180133973455e-03 8.331833549877853615e-03 -8.120907723032359804e-03 -6.978056191617600969e-03 9.955123503257484047e-03 3.641180092593961515e-03 -1.267894314656117558e+03
-4.643852225627393901e-03 8.368536304385219490e-03 -8.154167705321173354e-03 -7.004791165331288386e-03 9.991444184376058191e-03 3.653180582976351884e-03 -1.273959429379643780e+03
-4.665938825096767502e-03 8.405201167911414972e-03 -8.187365790386411102e-03 -7.031455739097996170e-03 1.002764573447877117e-02 3.665126007433367177e-03 -1.280023651028323911e+03
-4.688021976932898842e-03 8.441828113893039276e-03 -8.220501935657724760e-03 -7.058049701665536704e-03 1.006373201722817086e-02 3.677009296134534609e-03 -1.286086979201849317e+03
-4.710101679528815553e-03 8.478417115680019628e-03 -8.253576123029831429e-03 -7.084573098732280423e-03 1.009969625760363116e-02 3.688845339383332693e-03 -1.292149413502920197e+03
-4.732177931258171009e-03 8.514968146615998351e-03 -8.286588305114726133e-03 -7.111026038274849762e-03 1.013554391572731549e-02 3.700621536614896907e-03 -1.298210953528882783e+03
-4.754250730498238084e-03 8.551481180034308308e-03 -8.319538437557187985e-03 -7.137408300984995208e-03 1.017127340755286276e-02 3.712339275290942216e-03 -1.304271598878355462e+03
-4.776320075627579417e-03 8.587956189256782877e-03 -8.352426474749017477e-03 -7.163719990929557843e-03 1.020688414409905327e-02 3.724002352912529623e-03 -1.310331349149319067e+03
-4.798385965048215449e-03 8.624393147420307895e-03 -8.385252376034569091e-03 -7.189961009871767388e-03 1.024237674335266510e-02 3.735613992603431781e-03 -1.316390203945492203e+03
-4.820448397110547317e-03 8.660792027807888427e-03 -8.418016100483241906e-03 -7.216131304038404456e-03 1.027774995056439378e-02 3.747164112795953010e-03 -1.322448162857740954e+03
-4.842507370199551804e-03 8.697152803609848465e-03 -8.450717605004367736e-03 -7.242230831184608662e-03 1.031300660732139760e-02 3.758666895729488328e-03 -1.328505225487631378e+03
-4.864562882685653962e-03 8.733475448011169054e-03 -8.483356846087005201e-03 -7.268259465835968762e-03 1.034814695587097169e-02 3.770110786898707347e-03 -1.334561391433576773e+03
-4.886614932926106221e-03 8.769759934302304161e-03 -8.515933782460856361e-03 -7.294217134294734596e-03 1.038316758395829362e-02 3.781502008732067974e-03 -1.340616660291118933e+03
-4.908663519269093611e-03 8.806006235786228986e-03 -8.548448364076201636e-03 -7.320103831200685217e-03 1.041807061282969994e-02 3.792838964310946397e-03 -1.346671031652778311e+03
-4.930708640096848581e-03 8.842214325542921763e-03 -8.580900551342732566e-03 -7.345919466265615760e-03 1.045285787065166304e-02 3.804125518652446726e-03 -1.352724505121078664e+03
-4.952750293743034792e-03 8.878384176660586782e-03 -8.613290299240463146e-03 -7.371664079152352202e-03 1.048752643650161138e-02 3.815365732749440367e-03 -1.358777080286548198e+03
-4.974788478562107430e-03 8.914515762163946130e-03 -8.645617581315441502e-03 -7.397337702339004152e-03 1.052207640408543872e-02 3.826549388656544284e-03 -1.364828756744975863e+03
-4.996823192903228177e-03 8.950609055034766670e-03 -8.677882363940261218e-03 -7.422940238500205963e-03 1.055651137179960432e-02 3.837680989509118738e-03 -1.370879534090253173e+03
-5.018854435137856847e-03 8.986664028038599331e-03 -8.710084622411067012e-03 -7.448471772079028226e-03 1.059082733698759812e-02 3.848761118854414614e-03 -1.376929411920883012e+03
-5.040882203611515670e-03 9.022680653724355834e-03 -8.742224326547087809e-03 -7.473932329958168398e-03 1.062502500193556951e-02 3.859783935883645632e-03 -1.382978389825175100e+03
-5.062906496700680416e-03 9.058658904521028205e-03 -8.774301441850675815e-03 -7.499321802704283016e-03 1.065910535779291193e-02 3.870757524738912755e-03 -1.389026467398525256e+03
-5.084927312776381554e-03 9.094598753088762103e-03 -8.806315951187282040e-03 -7.524640356838649749e-03 1.069306574460316198e-02 3.881680292828806975e-03 -1.395073644234323410e+03
-5.106944650198580286e-03 9.130500172182013166e-03 -8.838267818228729908e-03 -7.549887895913826551e-03 1.072690946010579696e-02 3.892541947243956246e-03 -1.401119919923186217e+03
-5.128958507344647498e-03 9.166363134509514926e-03 -8.870157006567231175e-03 -7.575064491418784414e-03 1.076063339575197841e-02 3.903342152101306559e-03 -1.407165294061352824e+03
-5.150968882553554236e-03 9.202187612799440225e-03 -8.901983486973474163e-03 -7.600170042873005335e-03 1.079423964236603597e-02 3.914092573513769553e-03 -1.413209766235938332e+03
-5.172975774182735943e-03 9.237973579589435491e-03 -8.933747219585595062e-03 -7.625204666629991669e-03 1.082772517644729759e-02 3.924791166772384488e-03 -1.419253336040751037e+03
-5.194979180580125248e-03 9.273721007233042685e-03 -8.965448170379634873e-03 -7.650168184289179996e-03 1.086109321224977553e-02 3.935427059522317653e-03 -1.425296003066652020e+03
-5.216979100082552549e-03 9.309429868018944190e-03 -8.997086301352713242e-03 -7.675060718414803383e-03 1.089434193160069946e-02 3.946010485866634915e-03 -1.431337766901516034e+03
-5.238975531047107212e-03 9.345100134156859514e-03 -9.028661572764939969e-03 -7.699882107175323211e-03 1.092747289519838648e-02 3.956533194314357064e-03 -1.437378627139068385e+03
-5.260968471804626165e-03 9.380731778022234971e-03 -9.060173943069920258e-03 -7.724632268678746291e-03 1.096048398336211226e-02 3.967011656979814622e-03 -1.443418583365555605e+03
-5.282957920701129503e-03 9.416324772203868779e-03 -9.091623359473069432e-03 -7.749311427207521141e-03 1.099337638250488108e-02 3.977433881934584227e-03 -1.449457635172486334e+03
-5.304943876062759127e-03 9.451879089432404027e-03 -9.123009775088319548e-03 -7.773919167950646240e-03 1.102615136081911557e-02 3.987801608104375901e-03 -1.455495782148256467e+03
-5.326926336201345466e-03 9.487394702255048939e-03 -9.154333147331652695e-03 -7.798455528133680162e-03 1.105880748449517698e-02 3.998111708832887724e-03 -1.461533023878174617e+03
-5.348905299462262432e-03 9.522871583058797884e-03 -9.185593425032998957e-03 -7.822920547413776335e-03 1.109134756395028544e-02 4.008373450494006653e-03 -1.467569359956720291e+03
-5.370880764145661429e-03 9.558309704352349959e-03 -9.216790574638211025e-03 -7.847313963793076455e-03 1.112376714971698502e-02 4.018582783823295042e-03 -1.473604789965127338e+03
-5.392852728576571532e-03 9.593709038677669318e-03 -9.247924551507628876e-03 -7.871635920397428501e-03 1.115607184639257066e-02 4.028740694476875585e-03 -1.479639313491787107e+03
-5.414821191068800756e-03 9.629069558581173152e-03 -9.278995323345052074e-03 -7.895886259640149188e-03 1.118825746056017166e-02 4.038837687929111228e-03 -1.485672930121876334e+03
-5.436786149946469179e-03 9.664391236468937788e-03 -9.310002856510606745e-03 -7.920065121485214688e-03 1.122032533774123750e-02 4.048890574012353576e-03 -1.491705639442609709e+03
-5.458747603520260581e-03 9.699674044662509945e-03 -9.340947114228609696e-03 -7.944172373642578028e-03 1.125227541162574646e-02 4.058894323100080935e-03 -1.497737441036757900e+03
-5.480705550130032452e-03 9.734917955048468310e-03 -9.371828070681421236e-03 -7.968208075788942024e-03 1.128410563607046280e-02 4.068839844066118525e-03 -1.503768334492845725e+03
-5.502659988094407532e-03 9.770122939252803146e-03 -9.402645692831317764e-03 -7.992172396820160576e-03 1.131581961221077813e-02 4.078731441990150579e-03 -1.509798319391786208e+03
-5.524610915752733303e-03 9.805288969002628682e-03 -9.433399949425226236e-03 -8.016065335247056847e-03 1.134741341603678899e-02 4.088568641718590482e-03 -1.515827395321244694e+03
-5.546558331424616094e-03 9.840416016158863577e-03 -9.464090815059021666e-03 -8.039886693476876178e-03 1.137888816894599281e-02 4.098355204930698853e-03 -1.521855561863122603e+03
-5.568502233437782473e-03 9.875504052460747778e-03 -9.494718257481821536e-03 -8.063636719533995648e-03 1.141024197647942315e-02 4.108083454191310650e-03 -1.527882818601643976e+03
-5.590442620107246956e-03 9.910553049678553703e-03 -9.525282238051824280e-03 -8.087315242440270419e-03 1.144147941424820958e-02 4.117756965188655756e-03 -1.533909165119081081e+03
-5.612379489751661774e-03 9.945562979460921896e-03 -9.555782725053483043e-03 -8.110922242174556027e-03 1.147259496875840945e-02 4.127375130088993364e-03 -1.539934600998912401e+03
-5.634312840676989655e-03 9.980533813373755267e-03 -9.586219683267751396e-03 -8.134457782403316933e-03 1.150359366817592030e-02 4.136936693441848126e-03 -1.545959125821748557e+03
-5.656242671203125759e-03 1.001546552287302556e-02 -9.616593075633483520e-03 -8.157921875545058599e-03 1.153447052974447377e-02 4.146447241581628120e-03 -1.551982739172570291e+03
-5.678168979618351646e-03 1.005035807947309880e-02 -9.646902859468885552e-03 -8.181314386991080101e-03 1.156522898269967542e-02 4.155904897056555969e-03 -1.558005440628754741e+03
-5.700091764236005221e-03 1.008521145481170930e-02 -9.677148987687223675e-03 -8.204635305170841775e-03 1.159586783324621090e-02 4.165309182450810388e-03 -1.564027229774608713e+03
-5.722011023360626739e-03 1.012002562074637048e-02 -9.707331414316585846e-03 -8.227884605787475283e-03 1.162639035717418293e-02 4.174647842618216600e-03 -1.570048106191067518e+03
-5.743926755282910759e-03 1.015480054913806170e-02 -9.737450091164225399e-03 -8.251061993870961730e-03 1.165679193817944007e-02 4.183945774652230928e-03 -1.576068069455978048e+03
-5.765838958292769482e-03 1.018953621181903704e-02 -9.767504976964467428e-03 -8.274167605672127709e-03 1.168707663838105919e-02 4.193182734984837907e-03 -1.582087119147130579e+03
-5.787747630688135601e-03 1.022423258057226364e-02 -9.797496021760715781e-03 -8.297201314933519076e-03 1.171724197277316214e-02 4.202368310611304635e-03 -1.588105254845215768e+03
-5.809652770756678318e-03 1.025888962741128112e-02 -9.827423185262064431e-03 -8.320163156682484906e-03 1.174729040206683867e-02 4.211504814888567677e-03 -1.594122476128996595e+03
-5.831554376779530396e-03 1.029350732444595309e-02 -9.857286421144197466e-03 -8.343052996443117361e-03 1.177721988331227945e-02 4.220585653220523467e-03 -1.600138782575232199e+03
-5.853452447039308656e-03 1.032808564363209454e-02 -9.887085692078469504e-03 -8.365870863342766278e-03 1.180703190737699207e-02 4.229612488135179628e-03 -1.606154173761534366e+03
-5.875346979798506258e-03 1.036262455654577731e-02 -9.916820965767783255e-03 -8.388616615346329228e-03 1.183672582344107854e-02 4.238591407183315597e-03 -1.612168649260801658e+03
-5.897237973346375339e-03 1.039712403456919537e-02 -9.946492203454454159e-03 -8.411290412886464687e-03 1.186630011175563229e-02 4.247512708125118601e-03 -1.618182208652846157e+03
-5.919125425963406815e-03 1.043158404884949458e-02 -9.976099382131028634e-03 -8.433892235227335998e-03 1.189575625772074617e-02 4.256387117675824311e-03 -1.624194851513741469e+03
-5.941009335941200772e-03 1.046600457020238628e-02 -1.000564247299355961e-02 -8.456422201547896325e-03 1.192509303426899682e-02 4.265205970183570845e-03 -1.630206577420421581e+03
-5.962889701559958427e-03 1.050038556953176126e-02 -1.003512144347554723e-02 -8.478880162773594353e-03 1.195431031186302943e-02 4.273968459858067809e-03 -1.636217385946064951e+03
-5.984766521104782459e-03 1.053472701770787230e-02 -1.006453626049426224e-02 -8.501266197432520363e-03 1.198340754226529664e-02 4.282680357704700576e-03 -1.642227276665205409e+03
-6.006639792861211830e-03 1.056902888548213147e-02 -1.009388688773379429e-02 -8.523580447640816127e-03 1.201238513085147591e-02 4.291343491477267284e-03 -1.648236249153009567e+03
-6.028509515111663865e-03 1.060329114365444851e-02 -1.012317329083938650e-02 -8.545822678465318442e-03 1.204124346168671672e-02 4.299947256629767928e-03 -1.654244302985818194e+03
-6.050375686127370395e-03 1.063751376303023570e-02 -1.015239543340707741e-02 -8.567992997066235100e-03 1.206998146811407227e-02 4.308495688626662497e-03 -1.660251437736581465e+03
-6.072238304174859547e-03 1.067169671436878423e-02 -1.018155328643132254e-02 -8.590091189938286673e-03 1.209859997792899107e-02 4.316990053555591102e-03 -1.666257652975021756e+03
-6.094097367556301076e-03 1.070583996837694632e-02 -1.021064681037680243e-02 -8.612117450965784543e-03 1.212709715345590064e-02 4.325435603608166792e-03 -1.672262948279990269e+03
-6.115952874529541686e-03 1.073994349598339677e-02 -1.023967596349450310e-02 -8.634071687234935732e-03 1.215547658407032348e-02 4.333815664347673638e-03 -1.678267323218680758e+03
-6.137804823372380869e-03 1.077400726816925454e-02 -1.026864069877625463e-02 -8.655953848883173041e-03 1.218373748497131141e-02 4.342147239398955715e-03 -1.684270777364286914e+03
-6.159653212348152260e-03 1.080803125605335306e-02 -1.029754096725621348e-02 -8.677763789404843373e-03 1.221187797847285775e-02 4.350426896158581490e-03 -1.690273310286858532e+03
-6.181498039736213999e-03 1.084201543073577342e-02 -1.032637671157772379e-02 -8.699501577614990669e-03 1.223989996773826479e-02 4.358657525503115138e-03 -1.696274921560468556e+03
-6.203339303775002971e-03 1.087595976330827871e-02 -1.035514789325635288e-02 -8.721167211061997895e-03 1.226780354831008557e-02 4.366822776090809044e-03 -1.702275610749886255e+03
-6.225177002727579588e-03 1.090986422488519035e-02 -1.038385446157471560e-02 -8.742760465532739556e-03 1.229559065120647450e-02 4.374937478582055679e-03 -1.708275377428942875e+03
-6.247011134832243691e-03 1.094372878674253896e-02 -1.041249638203325598e-02 -8.764281400761660470e-03 1.232325720204784786e-02 4.383007039037799431e-03 -1.714274221165834888e+03
-6.268841698327207515e-03 1.097755342014838063e-02 -1.044107360727795052e-02 -8.785729925635201235e-03 1.235080599233373197e-02 4.391015251496935105e-03 -1.720272141529180544e+03
-6.290668691432655182e-03 1.101133809636770794e-02 -1.046958610025309870e-02 -8.807106031812715966e-03 1.237823527503109991e-02 4.398970242359505171e-03 -1.726269138082074960e+03
-6.312492112411224703e-03 1.104508278624882767e-02 -1.049803382219351849e-02 -8.828409708897276553e-03 1.240554475306938735e-02 4.406883445696326528e-03 -1.732265210400204069e+03
-6.334311959476966215e-03 1.107878746030972056e-02 -1.052641674403587309e-02 -8.849640800778619393e-03 1.243273700648745393e-02 4.414739383887943992e-03 -1.738260358044905388e+03
-6.356128230870754757e-03 1.111245208866850145e-02 -1.055473483490616642e-02 -8.870799581034092759e-03 1.245980696444651779e-02 4.422549186853906925e-03 -1.744254580583786037e+03
-6.377940924837979982e-03 1.114607664130133451e-02 -1.058298807067504718e-02 -8.891885806254419544e-03 1.248675958522431177e-02 4.430294813541305055e-03 -1.750247877585189144e+03
-6.399750039622230033e-03 1.117966108818733810e-02 -1.061117641998830102e-02 -8.912899734364562385e-03 1.251359178026556149e-02 4.438000209930189656e-03 -1.756240248615607698e+03
-6.421555573469235438e-03 1.121320539928321106e-02 -1.063929984063402383e-02 -8.933841173468817093e-03 1.254030405641468407e-02 4.445648548805498403e-03 -1.762231693239968308e+03
-6.443357524627002682e-03 1.124670954453448751e-02 -1.066735830739826835e-02 -8.954710206025099165e-03 1.256689548780294888e-02 4.453241356700815730e-03 -1.768222211022688953e+03
-6.465155891345400474e-03 1.128017349391354646e-02 -1.069535177137449083e-02 -8.975506748986313357e-03 1.259336778812418511e-02 4.460780165081863237e-03 -1.774211801528561409e+03
-6.486950671867880783e-03 1.131359721741326436e-02 -1.072328020088737614e-02 -8.996230881433598878e-03 1.261971909035327320e-02 4.468268636082571230e-03 -1.780200464320952506e+03
-6.508741864458351435e-03 1.134698068499362215e-02 -1.075114355508742514e-02 -9.016882494277131746e-03 1.264595162697934073e-02 4.475697644914417711e-03 -1.786188198967901371e+03
-6.530529467347323362e-03 1.138032386678849636e-02 -1.077894179597680031e-02 -9.037461617819080723e-03 1.267206240005236927e-02 4.483078878507351650e-03 -1.792175005028452233e+03
-6.552313478775420065e-03 1.141362673294662664e-02 -1.080667487242605203e-02 -9.057968326459730352e-03 1.269805746044363852e-02 4.490405177455788176e-03 -1.798160882066330032e+03
-6.574093896972724865e-03 1.144688925367454840e-02 -1.083434274749535062e-02 -9.078402549650662831e-03 1.272393061408986191e-02 4.497670508141016731e-03 -1.804145829643611023e+03
-6.595870720161485339e-03 1.148011139916554381e-02 -1.086194536566011289e-02 -9.098764198674107184e-03 1.274968499299266797e-02 4.504887677605935725e-03 -1.810129847322607930e+03
-6.617643946565337706e-03 1.151329313970112303e-02 -1.088948267494205778e-02 -9.119053231019682779e-03 1.277531862487696519e-02 4.512049519760094954e-03 -1.816112934665711919e+03
-6.639413574392647420e-03 1.154643444563398409e-02 -1.091695463485886641e-02 -9.139269690395749463e-03 1.280083557612759181e-02 4.519156411495683749e-03 -1.822095091232783261e+03
-6.661179601839559671e-03 1.157953528747458077e-02 -1.094436119257482035e-02 -9.159413326536618855e-03 1.282623138306455447e-02 4.526208876169062097e-03 -1.828076316582471009e+03
-6.682942027101966380e-03 1.161259563569454201e-02 -1.097170231705119244e-02 -9.179484320575692635e-03 1.285150724730885034e-02 4.533208605043522604e-03 -1.834056610273634305e+03
-6.704700848393179563e-03 1.164561546063902150e-02 -1.099897796609355417e-02 -9.199482452336484387e-03 1.287666574735846052e-02 4.540164481339245550e-03 -1.840035971870915091e+03
-6.726456063878211329e-03 1.167859473248496552e-02 -1.102618810520832569e-02 -9.219407570867192703e-03 1.290170452935725069e-02 4.547065802907045845e-03 -1.846014400925144173e+03
-6.748207671772464902e-03 1.171153342110906742e-02 -1.105333271080704595e-02 -9.239259774108764603e-03 1.292662389217205839e-02 4.553907276057742037e-03 -1.851991897000352310e+03
-6.769955670266038228e-03 1.174443149611244068e-02 -1.108041174281763908e-02 -9.259038965328801954e-03 1.295142462926485855e-02 4.560706946984456438e-03 -1.857968459652360934e+03
-6.791700057568809436e-03 1.177728892692581422e-02 -1.110742516534984209e-02 -9.278745236383178357e-03 1.297610374772504259e-02 4.567443578021718187e-03 -1.863944088440458245e+03
-6.813440831873082172e-03 1.181010568294697284e-02 -1.113437295482982634e-02 -9.298378462187227231e-03 1.300066335806739429e-02 4.574137652959229909e-03 -1.869918782916270402e+03
-6.835177991407927547e-03 1.184288173331328811e-02 -1.116125506097159943e-02 -9.317938809328418087e-03 1.302510322558262171e-02 4.580781822348081907e-03 -1.875892542640843658e+03
-6.856911534374347979e-03 1.187561704712476393e-02 -1.118807145670032074e-02 -9.337426392774373154e-03 1.304942281701565281e-02 4.587371105673361364e-03 -1.881865367166952637e+03
-6.878641458987798732e-03 1.190831159334617383e-02 -1.121482210249205060e-02 -9.356841029128365808e-03 1.307362242014101922e-02 4.593904234825297445e-03 -1.887837256051165241e+03
-6.900367763454061387e-03 1.194096534099402772e-02 -1.124150695468314164e-02 -9.376182729103432409e-03 1.309770239600592523e-02 4.600389629985334600e-03 -1.893808208846770412e+03
-6.922090445996494611e-03 1.197357825916266737e-02 -1.126812597797961779e-02 -9.395451510450956653e-03 1.312166196453700556e-02 4.606811360331638378e-03 -1.899778225113212102e+03
-6.943809504797550554e-03 1.200615031703552299e-02 -1.129467912347902232e-02 -9.414647493374821846e-03 1.314549898268023605e-02 4.613189273468910022e-03 -1.905747304398983715e+03
-6.965524938068579260e-03 1.203868148396557147e-02 -1.132116634311046768e-02 -9.433770544536623434e-03 1.316921869393693906e-02 4.619517135008723886e-03 -1.911715446261792295e+03
-6.987236744001817587e-03 1.207117172946448914e-02 -1.134758759296250821e-02 -9.452820629891866763e-03 1.319281752610267956e-02 4.625777439946931503e-03 -1.917682650255786029e+03
-7.008944920770761311e-03 1.210362102304208230e-02 -1.137394282094785977e-02 -9.471798001055310376e-03 1.321629609810489984e-02 4.632002621364731017e-03 -1.923648915931418742e+03
-7.030649466543987397e-03 1.213602933403883262e-02 -1.140023198609179875e-02 -9.490702265807263519e-03 1.323965535308940442e-02 4.638156085283431408e-03 -1.929614242839022154e+03
-7.052350379502151691e-03 1.216839663173992399e-02 -1.142645504228150324e-02 -9.509533561090546122e-03 1.326289493773221036e-02 4.644263312227811351e-03 -1.935578630532799025e+03
-7.074047657812816345e-03 1.220072288549513967e-02 -1.145261194918654676e-02 -9.528291680358685553e-03 1.328601374768133975e-02 4.650313927245222113e-03 -1.941542078563898940e+03
-7.095741299633023282e-03 1.223300806477218595e-02 -1.147870268335993670e-02 -9.546976540139645237e-03 1.330901223487712670e-02 4.656310481030506536e-03 -1.947504586481253455e+03
-7.117431303135107745e-03 1.226525213913585467e-02 -1.150472720372829917e-02 -9.565588138981262131e-03 1.333189368412010696e-02 4.662263724944449780e-03 -1.953466153837151296e+03
-7.139117666457413941e-03 1.229745507817518041e-02 -1.153068546743213005e-02 -9.584126503089632557e-03 1.335465499389555319e-02 4.668156750198629475e-03 -1.959426780174250553e+03
-7.160800387787359667e-03 1.232961685133603796e-02 -1.155657743987079447e-02 -9.602591298441301784e-03 1.337729634584579330e-02 4.674005045297726681e-03 -1.965386465048030459e+03
-7.182479465278327445e-03 1.236173742780197725e-02 -1.158240307025620169e-02 -9.620982766412588053e-03 1.339981881488177574e-02 4.679798111751255589e-03 -1.971345208003232301e+03
-7.204154897090162511e-03 1.239381677630838931e-02 -1.160816233138495766e-02 -9.639300690321058948e-03 1.342221944014645139e-02 4.685531502222176764e-03 -1.977303008587825389e+03
-7.225826681389912673e-03 1.242585486538671721e-02 -1.163385518151906564e-02 -9.657545203935420652e-03 1.344449982358280997e-02 4.691224285959853801e-03 -1.983259866351084838e+03
-7.247494816326415477e-03 1.245785166342233685e-02 -1.165948159710113521e-02 -9.675716442952609492e-03 1.346666029991413355e-02 4.696866983542019591e-03 -1.989215780834590305e+03
-7.269159300075419237e-03 1.248980713855723894e-02 -1.168504153581177880e-02 -9.693814253118658228e-03 1.348870438089732476e-02 4.702452576170380698e-03 -1.995170751587841551e+03
-7.290820130808647707e-03 1.252172125891679380e-02 -1.171053495876741603e-02 -9.711838733658450379e-03 1.351062220015256804e-02 4.707991171131718951e-03 -2.001124778158427034e+03
-7.312477306695264190e-03 1.255359399266255983e-02 -1.173596182186861618e-02 -9.729789939256159800e-03 1.353242291866605870e-02 4.713482975561348459e-03 -2.007077860092216952e+03
-7.334130825884928491e-03 1.258542530818013844e-02 -1.176132207331123322e-02 -9.747667965242175908e-03 1.355410291762824786e-02 4.718911393724747362e-03 -2.013029996930939660e+03
-7.355780686544841074e-03 1.261721517379502978e-02 -1.178661565793279881e-02 -9.765472714955489644e-03 1.357566287913152155e-02 4.724289898138282068e-03 -2.018981188222645187e+03
-7.377426886819709109e-03 1.264896355788528402e-02 -1.181184253361202731e-02 -9.783204057604827364e-03 1.359710225915229838e-02 4.729618281239124540e-03 -2.024931433510079387e+03
-7.399069424864634231e-03 1.268067042881628609e-02 -1.183700265783778349e-02 -9.800862115899833596e-03 1.361841817240315271e-02 4.734891635983462695e-03 -2.030880732338868711e+03
-7.420708298819563530e-03 1.271233575511678503e-02 -1.186209599200071033e-02 -9.818446769063378723e-03 1.363961697348930677e-02 4.740106600280924801e-03 -2.036829084250931828e+03
-7.442343506822795239e-03 1.274395950526840786e-02 -1.188712250699169859e-02 -9.835957844129848693e-03 1.366069430289521512e-02 4.745271457214143840e-03 -2.042776488787407970e+03
-7.463975047027264324e-03 1.277554164763371539e-02 -1.191208216033208707e-02 -9.853395397153906152e-03 1.368164968457481062e-02 4.750386224276818142e-03 -2.048722945493228053e+03
-7.485602917567543702e-03 1.280708215062610275e-02 -1.193697491419007557e-02 -9.870759490925416421e-03 1.370248799109062728e-02 4.755446318844670263e-03 -2.054668453907989260e+03
-7.507227116571513724e-03 1.283858098289824071e-02 -1.196180072030517821e-02 -9.888050004093670506e-03 1.372320451999627967e-02 4.760445271615877660e-03 -2.060613013570515704e+03
-7.528847642173270259e-03 1.287003811309739981e-02 -1.198655954716810156e-02 -9.905266757600493868e-03 1.374380222515212205e-02 4.765400172228961492e-03 -2.066556624022915912e+03
-7.550464492494419165e-03 1.290145350994907972e-02 -1.201125134095400691e-02 -9.922409911910342467e-03 1.376427989412721577e-02 4.770294145627698712e-03 -2.072499284804718627e+03
-7.572077665649338575e-03 1.293282714204863244e-02 -1.203587607512749194e-02 -9.939479334964902366e-03 1.378463621936155958e-02 4.775142133541022439e-03 -2.078440995453186133e+03
-7.593687159757033130e-03 1.296415897782150772e-02 -1.206043370104781763e-02 -9.956474880771681163e-03 1.380487323259450318e-02 4.779941709185868241e-03 -2.084381755507054095e+03
-7.615292972936609818e-03 1.299544898542036309e-02 -1.208492418246939412e-02 -9.973396460943362296e-03 1.382499185867085492e-02 4.784688141761164921e-03 -2.090321564505188235e+03
-7.636895103291286430e-03 1.302669713283834130e-02 -1.210934748274634758e-02 -9.990244326749922812e-03 1.384498932357745328e-02 4.789389646077087462e-03 -2.096260421982818116e+03
-7.658493548950077827e-03 1.305790338776847276e-02 -1.213370355210419138e-02 -1.000701817032488561e-02 1.386486366887415729e-02 4.794029751339063013e-03 -2.102198327481199613e+03
-7.680088308010074756e-03 1.308906771774064406e-02 -1.215799235761129068e-02 -1.002371834911241523e-02 1.388462025849489245e-02 4.798632473835888652e-03 -2.108135280531595072e+03
-7.701679378597969285e-03 1.312019008998952137e-02 -1.218221386401570523e-02 -1.004034482151142278e-02 1.390425609692197591e-02 4.803169458059232400e-03 -2.114071280674137597e+03
-7.723266758831722617e-03 1.315127047170766561e-02 -1.220636800901826573e-02 -1.005689763416896081e-02 1.392377091585760354e-02 4.807668352057127559e-03 -2.120006327445679744e+03
-7.744850446821614602e-03 1.318230883022576336e-02 -1.223045476056157897e-02 -1.007337668238673066e-02 1.394316484279685756e-02 4.812115432353244841e-03 -2.125940420379516127e+03
-7.766430440691160161e-03 1.321330513294569596e-02 -1.225447406958295356e-02 -1.008978197410071234e-02 1.396243857883995576e-02 4.816503391487531385e-03 -2.131873559011950874e+03
-7.788006738553988027e-03 1.324425934733526253e-02 -1.227842589034241691e-02 -1.010611335687033874e-02 1.398159137046071573e-02 4.820841614469354927e-03 -2.137805742875582837e+03
-7.809579338539793074e-03 1.327517144071648295e-02 -1.230231018355113122e-02 -1.012237085007641930e-02 1.400062281984192428e-02 4.825126419147411118e-03 -2.143736971507058115e+03
-7.831148238764865099e-03 1.330604138057115207e-02 -1.232612690305613136e-02 -1.013855442669156851e-02 1.401953471282361627e-02 4.829359403490231760e-03 -2.149667244439088790e+03
-7.852713437327211651e-03 1.333686913456237806e-02 -1.234987601582906123e-02 -1.015466411843446957e-02 1.403832461425265701e-02 4.833523780211562183e-03 -2.155596561200819906e+03
-7.874274932336444710e-03 1.336765467020014676e-02 -1.237355748785554099e-02 -1.017069984683746132e-02 1.405699537183070433e-02 4.837655487257720016e-03 -2.161524921326581989e+03
-7.895832721884916625e-03 1.339839795488603769e-02 -1.239717127061540879e-02 -1.018666184690536144e-02 1.407554421133373063e-02 4.841718597230420564e-03 -2.167452324345626948e+03
-7.917386804073696729e-03 1.342909895601911326e-02 -1.242071732941953631e-02 -1.020254966707061749e-02 1.409397392211853006e-02 4.845737887219913123e-03 -2.173378769791222567e+03
-7.938937176982499913e-03 1.345975764125339515e-02 -1.244419562744587815e-02 -1.021836365675994097e-02 1.411228332541890861e-02 4.849704267831408781e-03 -2.179304257192903606e+03
-7.960483838674776297e-03 1.349037397839774298e-02 -1.246760611394142314e-02 -1.023410358645244697e-02 1.413046925188296554e-02 4.853614425298261037e-03 -2.185228786076472261e+03
-7.982026787249683550e-03 1.352094793516544873e-02 -1.249094875043996883e-02 -1.024976939062808429e-02 1.414853796570983771e-02 4.857472374759201801e-03 -2.191152355978223113e+03
-8.003566020758608526e-03 1.355147947939701857e-02 -1.251422348747475294e-02 -1.026536100335947131e-02 1.416648379884665084e-02 4.861284969207457785e-03 -2.197074966420211695e+03
-8.025101537277859118e-03 1.358196857870380865e-02 -1.253743027856953421e-02 -1.028087829824240150e-02 1.418431396205368893e-02 4.865044711358881314e-03 -2.202996616932579400e+03
-8.046633334864446152e-03 1.361241520051672919e-02 -1.256056909375776083e-02 -1.029632143348236002e-02 1.420202148169776545e-02 4.868757964217739105e-03 -2.208917307041687764e+03
-8.068161411585580631e-03 1.364281931184257307e-02 -1.258363987861881896e-02 -1.031169026979029089e-02 1.421960692474099654e-02 4.872420561407765464e-03 -2.214837036277407606e+03
-8.089685765490212122e-03 1.367318087922837939e-02 -1.260664260455838376e-02 -1.032698479781211237e-02 1.423707210846012275e-02 4.876031195601925571e-03 -2.220755804162226013e+03
-8.111206394674719267e-03 1.370349986901107237e-02 -1.262957723187996609e-02 -1.034220512308666427e-02 1.425441663601576502e-02 4.879582335854485212e-03 -2.226673610228360303e+03
-8.132723297202512289e-03 1.373377624759394497e-02 -1.265244371504484558e-02 -1.035735115594811975e-02 1.427164013511261764e-02 4.883097956624045909e-03 -2.232590453996032466e+03
-8.154236471181710438e-03 1.376400998143737647e-02 -1.267524201716069797e-02 -1.037242304193253944e-02 1.428874541823194066e-02 4.886553548478602023e-03 -2.238506334995989619e+03
-8.175745914676960796e-03 1.379420103704752376e-02 -1.269797208483005452e-02 -1.038742064433684741e-02 1.430572909211144488e-02 4.889958068360472469e-03 -2.244421252746137270e+03
-8.197251625784491083e-03 1.382434938083217275e-02 -1.272063387268974367e-02 -1.040234397345820259e-02 1.432258953780546698e-02 4.893311501664371517e-03 -2.250335206775269853e+03
-8.218753602569631861e-03 1.385445497908168420e-02 -1.274322733894354617e-02 -1.041719285664490652e-02 1.433933043807127626e-02 4.896616599280738218e-03 -2.256248196603869928e+03
-8.240251843106094140e-03 1.388451779805189960e-02 -1.276575243032410448e-02 -1.043196743294453471e-02 1.435595276916896111e-02 4.899868908644967359e-03 -2.262160221755782459e+03
-8.261746345448506973e-03 1.391453780430667100e-02 -1.278820910792639529e-02 -1.044666783845612547e-02 1.437244869773052214e-02 4.903067172235348915e-03 -2.268071281751257175e+03
-8.283237107680157044e-03 1.394451496425284237e-02 -1.281059733929708344e-02 -1.046129374451765411e-02 1.438882717747868092e-02 4.906209064420569491e-03 -2.273981376119384095e+03
-8.304724127821908747e-03 1.397444924440978224e-02 -1.283291708978477781e-02 -1.047584544788199117e-02 1.440508658528871083e-02 4.909308813462660327e-03 -2.279890504372997384e+03
-8.326207403934825224e-03 1.400434061126495412e-02 -1.285516830870519524e-02 -1.049032286499564787e-02 1.442122103418973234e-02 4.912342450304108335e-03 -2.285798666036325812e+03
-8.347686934060119177e-03 1.403418903138901191e-02 -1.287735096793296563e-02 -1.050472611387067400e-02 1.443723621026049217e-02 4.915328367196343702e-03 -2.291705860629755989e+03
-8.369162716218500608e-03 1.406399447167631066e-02 -1.289946500290055365e-02 -1.051905483380780396e-02 1.445313187149475410e-02 4.918260435426323289e-03 -2.297612087669903303e+03
-8.390634748447051844e-03 1.409375689911600109e-02 -1.292151038124637365e-02 -1.053330918952304247e-02 1.446890323863815088e-02 4.921149089079688600e-03 -2.303517346678746890e+03
-8.412103028755769235e-03 1.412347628068517241e-02 -1.294348705541460871e-02 -1.054748884951067257e-02 1.448455760995930042e-02 4.923963807477346223e-03 -2.309421637170971280e+03
-8.433567555179603131e-03 1.415315258322446569e-02 -1.296539498259108997e-02 -1.056159391677836609e-02 1.450008875084106072e-02 4.926760236553281817e-03 -2.315324958667695682e+03
-8.455028325741719905e-03 1.418278577332964842e-02 -1.298723412147049019e-02 -1.057562421802331343e-02 1.451550239036777067e-02 4.929487120743156550e-03 -2.321227310686069359e+03
-8.476485338458957658e-03 1.421237581738262791e-02 -1.300900443464796455e-02 -1.058957984865090823e-02 1.453079364703192995e-02 4.932168013986699615e-03 -2.327128692739181133e+03
-8.497938591377349887e-03 1.424192268127609864e-02 -1.303070588899557514e-02 -1.060346058618718244e-02 1.454596574953493510e-02 4.934797344688308593e-03 -2.333029104346193435e+03
-8.519388082518876415e-03 1.427142633068553650e-02 -1.305233844278123889e-02 -1.061726675666827338e-02 1.456101574030739879e-02 4.937377783463442298e-03 -2.338928545019350167e+03
-8.540833809930294118e-03 1.430088673099669770e-02 -1.307390206028961367e-02 -1.063099809976259837e-02 1.457594460222502372e-02 4.939914734900192027e-03 -2.344827014276357204e+03
-8.562275771646173442e-03 1.433030384756064056e-02 -1.309539667249796230e-02 -1.064465465432548781e-02 1.459075517793268460e-02 4.942394511643736187e-03 -2.350724511631226051e+03
-8.583713965687262554e-03 1.435967764565017867e-02 -1.311682225025782682e-02 -1.065823670427868027e-02 1.460544268535875038e-02 4.944827708959306789e-03 -2.356621036594240650e+03
-8.605148390112997425e-03 1.438900809048677086e-02 -1.313817874033792153e-02 -1.067174389134179294e-02 1.462001208832011331e-02 4.947212893737716957e-03 -2.362516588687512922e+03
-8.626579042920983278e-03 1.441829514752513905e-02 -1.315946608697205270e-02 -1.068517654513027534e-02 1.463445495228947978e-02 4.949537486547741713e-03 -2.368411167416646094e+03
-8.648005922142532748e-03 1.444753878207068187e-02 -1.318068425053253376e-02 -1.069853432378317128e-02 1.464878257185859949e-02 4.951814218665602681e-03 -2.374304772296245119e+03
-8.669429025792298182e-03 1.447673895940131128e-02 -1.320183317504819258e-02 -1.071181733617841171e-02 1.466298510350756874e-02 4.954039829461953474e-03 -2.380197402837187383e+03
-8.690848351890659990e-03 1.450589564483430183e-02 -1.322291283200508274e-02 -1.072502580534749617e-02 1.467706525413260341e-02 4.956211534806912594e-03 -2.386089058553425730e+03
-8.712263898424367492e-03 1.453500880391690557e-02 -1.324392317818005350e-02 -1.073815969076010769e-02 1.469102548947178420e-02 4.958331552326630462e-03 -2.391979738951334639e+03
-8.733675663413037818e-03 1.456407840224112869e-02 -1.326486418457975026e-02 -1.075121876907739887e-02 1.470486205140049234e-02 4.960395263284880264e-03 -2.397869443546584989e+03
-8.755083644831169673e-03 1.459310440563927648e-02 -1.328573580405816024e-02 -1.076420311655361395e-02 1.471857879717928218e-02 4.962417212331314206e-03 -2.403758171843013770e+03
-8.776487840686823458e-03 1.462208677995177446e-02 -1.330653798277020225e-02 -1.077711278543814523e-02 1.473217513033668429e-02 4.964386043401691415e-03 -2.409645923354581100e+03
-8.797888248952353760e-03 1.465102549110634637e-02 -1.332727067957589079e-02 -1.078994747576037319e-02 1.474565110146821255e-02 4.966290241185587935e-03 -2.415532697583844765e+03
-8.819284867633440939e-03 1.467992050515940818e-02 -1.334793385833657996e-02 -1.080270733179511389e-02 1.475900338430444214e-02 4.968151645253817902e-03 -2.421418494041534814e+03
-8.840677694711756782e-03 1.470877178814814987e-02 -1.336852748712884405e-02 -1.081539215604584818e-02 1.477223772909354131e-02 4.969968234012018919e-03 -2.427303312232030294e+03
-8.862066728176576369e-03 1.473757930593123933e-02 -1.338905151950323981e-02 -1.082800174631235943e-02 1.478535197437690595e-02 4.971717451478200808e-03 -2.433187151662711585e+03
-8.883451965999990610e-03 1.476634302407219164e-02 -1.340950592238224562e-02 -1.084053609168655549e-02 1.479834760003664700e-02 4.973437486389766828e-03 -2.439070011836844060e+03
-8.904833406183700409e-03 1.479506290770801237e-02 -1.342989063819712003e-02 -1.085299533188099387e-02 1.481121838964700489e-02 4.975095590771985710e-03 -2.444951892265900824e+03
-8.926211046680534306e-03 1.482373892155394723e-02 -1.345020564271915374e-02 -1.086537924448584963e-02 1.482397166166058051e-02 4.976719207894646918e-03 -2.450832792447241900e+03
-8.947584885482156095e-03 1.485237102991531638e-02 -1.347045087326606896e-02 -1.087768809982380021e-02 1.483660513096145099e-02 4.978276378606409473e-03 -2.456712711889369530e+03
-8.968954920571599321e-03 1.488095919705462525e-02 -1.349062628671334960e-02 -1.088992184319087335e-02 1.484911393445669837e-02 4.979797457842607793e-03 -2.462591650096620015e+03
-8.990321149924476382e-03 1.490950338710898479e-02 -1.351073182824189152e-02 -1.090208059478868681e-02 1.486150348703317407e-02 4.981253276292217126e-03 -2.468469606569399730e+03
-9.011683571526620667e-03 1.493800356431134943e-02 -1.353076744971291531e-02 -1.091416395811099262e-02 1.487377419088825418e-02 4.982678170099416257e-03 -2.474346580811907188e+03
-9.033042183346988441e-03 1.496645969304294214e-02 -1.355073310251926968e-02 -1.092617243868187343e-02 1.488591701863328093e-02 4.984038121803169644e-03 -2.480222572324382327e+03
-9.054396983372847707e-03 1.499487173760766928e-02 -1.357062873095566009e-02 -1.093810571699350108e-02 1.489794308954707665e-02 4.985358498966111981e-03 -2.486097580611951798e+03
-9.075747969576483665e-03 1.502323966227675153e-02 -1.359045429816825405e-02 -1.094996384620288213e-02 1.490984292332805591e-02 4.986614591914959212e-03 -2.491971605175619516e+03
-9.097095139910367501e-03 1.505156343154208723e-02 -1.361020975850200411e-02 -1.096174699350001107e-02 1.492162424193951842e-02 4.987827459882764047e-03 -2.497844645512392617e+03
-9.118438492340156035e-03 1.507984300988233356e-02 -1.362989506382979339e-02 -1.097345506183852910e-02 1.493328414715823331e-02 4.988981099918734716e-03 -2.503716701122319591e+03
-9.139778024825056385e-03 1.510807836183709896e-02 -1.364951018687061979e-02 -1.098508805762448033e-02 1.494482127160511736e-02 4.990096351849036306e-03 -2.509587771503216572e+03
-9.161113735336318120e-03 1.513626945207307423e-02 -1.366905509687570477e-02 -1.099664589512112586e-02 1.495623612316270695e-02 4.991145767153335432e-03 -2.515457856155992431e+03
-9.182445621831368532e-03 1.516441624543646456e-02 -1.368852974636535456e-02 -1.100812862584416886e-02 1.496753123530141470e-02 4.992147703563950753e-03 -2.521326954577642937e+03
-9.203773682245799947e-03 1.519251870685409816e-02 -1.370793409742953640e-02 -1.101953598901025781e-02 1.497870466019223315e-02 4.993099103381412780e-03 -2.527195066260992917e+03
-9.225097914537332827e-03 1.522057680139075019e-02 -1.372726811002080750e-02 -1.103086803737990916e-02 1.498975914501384128e-02 4.993996638356932097e-03 -2.533062190707372338e+03
-9.246418316626682510e-03 1.524859049427062380e-02 -1.374653174016508828e-02 -1.104212465590720567e-02 1.500069118227198572e-02 4.994852836565850593e-03 -2.538928327408643781e+03
-9.267734886448207934e-03 1.527655975039017740e-02 -1.376572494777111161e-02 -1.105330579095702322e-02 1.501150664884666648e-02 4.995643701276721721e-03 -2.544793475862610649e+03
-9.289047621922886383e-03 1.530448453423128262e-02 -1.378484769114000398e-02 -1.106441120953416922e-02 1.502219632499738472e-02 4.996401767303134366e-03 -2.550657635562957694e+03
-9.310356520974737843e-03 1.533236480992222241e-02 -1.380389991987464836e-02 -1.107544109029426696e-02 1.503276939271739297e-02 4.997100690696939726e-03 -2.556520806002472455e+03
-9.331661581546761910e-03 1.536020054125900730e-02 -1.382288158057673293e-02 -1.108639539344518851e-02 1.504321921950797954e-02 4.997757692551766176e-03 -2.562382986678937414e+03
-9.352962801556598260e-03 1.538799169172756776e-02 -1.384179262660608332e-02 -1.109727413658140663e-02 1.505354977505881341e-02 4.998365968852089107e-03 -2.568244177082601254e+03
-9.374260178930025889e-03 1.541573822446525022e-02 -1.386063301669090107e-02 -1.110807727722686045e-02 1.506375637350097080e-02 4.998919803096121828e-03 -2.574104376704632159e+03
-9.395553711600036773e-03 1.544344010264477561e-02 -1.387940269126149324e-02 -1.111880487049906989e-02 1.507384066923909277e-02 4.999441972004838898e-03 -2.579963585037566190e+03
-9.416843397514890190e-03 1.547109728948052425e-02 -1.389810159043737732e-02 -1.112945694985243567e-02 1.508380710602035511e-02 4.999893864250066523e-03 -2.585821801577460064e+03
-9.438129234582598101e-03 1.549870974836408191e-02 -1.391672967606034407e-02 -1.114003358591782004e-02 1.509365003420304850e-02 5.000307909089573427e-03 -2.591679025808295592e+03
-9.459411220748335444e-03 1.552627744270507031e-02 -1.393528689577715196e-02 -1.115053480319973603e-02 1.510337152395081414e-02 5.000663326465508082e-03 -2.597535257222640212e+03
-9.480689353951242057e-03 1.555380033573684762e-02 -1.395377319501308125e-02 -1.116096053085095796e-02 1.511296948219814640e-02 5.000969192377765701e-03 -2.603390495311126870e+03
-9.501963632114715161e-03 1.558127839075292356e-02 -1.397218853968762442e-02 -1.117131049800257694e-02 1.512244830939822593e-02 5.001233607928977018e-03 -2.609244739559925165e+03
-9.523234053162729640e-03 1.560871157097504236e-02 -1.399053289789041650e-02 -1.118158518052684430e-02 1.513180367074865723e-02 5.001439860556348288e-03 -2.615097989457426138e+03
-9.544500615002286109e-03 1.563609983991908967e-02 -1.400880623856038711e-02 -1.119178433610981335e-02 1.514103669438284124e-02 5.001586253863673712e-03 -2.620950244489463785e+03
-9.565763315552850907e-03 1.566344316112814813e-02 -1.402700852467153245e-02 -1.120190795873706770e-02 1.515014835064668573e-02 5.001694234632536595e-03 -2.626801504146942989e+03
-9.587022152704894468e-03 1.569074149850941194e-02 -1.404513971403214927e-02 -1.121195592869913583e-02 1.515914326897799431e-02 5.001739575240878206e-03 -2.632651767913490858e+03
-9.608277124361267948e-03 1.571799481590673356e-02 -1.406319975850998591e-02 -1.122192838742995871e-02 1.516801395049241150e-02 5.001747447899569828e-03 -2.638501035277372921e+03
-9.629528228380904512e-03 1.574520307722358792e-02 -1.408118862445870319e-02 -1.123182519208898444e-02 1.517676386822590720e-02 5.001700381127868397e-03 -2.644349305716282288e+03
-9.650775462680611164e-03 1.577236624629608022e-02 -1.409910626421243506e-02 -1.124164606572281531e-02 1.518539597394218121e-02 5.001599503960531094e-03 -2.650196578724634037e+03
-9.672018825117513485e-03 1.579948428722300138e-02 -1.411695262543611121e-02 -1.125139100908123871e-02 1.519390346739202431e-02 5.001440446137542066e-03 -2.656042853779874804e+03
-9.693258313566027046e-03 1.582655716358438019e-02 -1.413472767474473549e-02 -1.126106007404214029e-02 1.520228924848747096e-02 5.001235191408025423e-03 -2.661888130364503468e+03
-9.714493925930611090e-03 1.585358483857642400e-02 -1.415243134485240015e-02 -1.127065305162166381e-02 1.521055711586919920e-02 5.000997500193598427e-03 -2.667732407968919688e+03
-9.735725660043475366e-03 1.588056727515876204e-02 -1.417006359575379709e-02 -1.128017001689152199e-02 1.521870159428092596e-02 5.000698744366939216e-03 -2.673575686062724344e+03
-9.756953513828056992e-03 1.590750443582848728e-02 -1.418762436697994234e-02 -1.128961113798153913e-02 1.522672465703489228e-02 5.000365290572131131e-03 -2.679417964138943717e+03
-9.778177485144491296e-03 1.593439628293034926e-02 -1.420511361423930363e-02 -1.129897628282684231e-02 1.523462874644271152e-02 4.999974356866544040e-03 -2.685259241670788469e+03
-9.799397571885193337e-03 1.596124277843522996e-02 -1.422253128283235829e-02 -1.130826537391528379e-02 1.524240883923166229e-02 4.999531863443885601e-03 -2.691099518139738848e+03
-9.820613771956213101e-03 1.598804388440688493e-02 -1.423987731909675571e-02 -1.131747875595553315e-02 1.525006780056358154e-02 4.999055577039209462e-03 -2.696938793028945838e+03
-9.841826083218405824e-03 1.601479956313843142e-02 -1.425715168331084109e-02 -1.132661611896734755e-02 1.525760340874057069e-02 4.998511295395854231e-03 -2.702777065809271789e+03
-9.863034503572672834e-03 1.604150977695765340e-02 -1.427435432192711816e-02 -1.133567753285272782e-02 1.526502122329764788e-02 4.997928898008159593e-03 -2.708614335962850419e+03
-9.884239030910681525e-03 1.606817448814528912e-02 -1.429148518764150264e-02 -1.134466311075292208e-02 1.527231557142688309e-02 4.997307817141815461e-03 -2.714450602969816828e+03
-9.905439663102007589e-03 1.609479365879823085e-02 -1.430854425416948177e-02 -1.135357260901933077e-02 1.527948834508592764e-02 4.996617039460582443e-03 -2.720285866306530352e+03
-9.926636397993198260e-03 1.612136725094508866e-02 -1.432553148210415420e-02 -1.136240644643586248e-02 1.528654186624431657e-02 4.995882827629792924e-03 -2.726120125444568657e+03
-9.947829233455782530e-03 1.614789522670839403e-02 -1.434244684187880627e-02 -1.137116418012916116e-02 1.529347059441761927e-02 4.995083431728113317e-03 -2.731953379864861290e+03
-9.969018167326534202e-03 1.617437754851037968e-02 -1.435929028527411534e-02 -1.137984610783905441e-02 1.530027980411959032e-02 4.994242222096005081e-03 -2.737785629038971365e+03
-9.990203197464542564e-03 1.620081417903919754e-02 -1.437606178342435044e-02 -1.138845213128342020e-02 1.530696714594046576e-02 4.993355385718796849e-03 -2.743616872443633838e+03
-1.001138432171299990e-02 1.622720508109719989e-02 -1.439276127519908792e-02 -1.139698212709904998e-02 1.531353050344467365e-02 4.992414090746113454e-03 -2.749447109551285848e+03
-1.003256153791045290e-02 1.625355021759474286e-02 -1.440938872368507061e-02 -1.140543599852601384e-02 1.531997629701711133e-02 4.991420983569732489e-03 -2.755276339836758325e+03
-1.005373484387398451e-02 1.627984955152594893e-02 -1.442594406881155672e-02 -1.141381390229175528e-02 1.532630042776391734e-02 4.990386804225273483e-03 -2.761104562770130542e+03
-1.007490423745309102e-02 1.630610304578398659e-02 -1.444242727091325090e-02 -1.142211546170950921e-02 1.533250033155895455e-02 4.989293017678877139e-03 -2.766931777827597671e+03
-1.009606971646248748e-02 1.633231066304039608e-02 -1.445883827713568409e-02 -1.143034057642603255e-02 1.533858277291416140e-02 4.988155816503154344e-03 -2.772757984474790646e+03
-1.011723127875806608e-02 1.635847236551323663e-02 -1.447517703474845985e-02 -1.143848942583873714e-02 1.534453990974020583e-02 4.986972008123599122e-03 -2.778583182188921000e+03
-1.013838892214366343e-02 1.638458811503300250e-02 -1.449144349680140352e-02 -1.144656192397313504e-02 1.535037762041869397e-02 4.985732989567004392e-03 -2.784407370430673382e+03
-1.015954264448185561e-02 1.641065787313482349e-02 -1.450763760146289542e-02 -1.145455796186692701e-02 1.535609479069935564e-02 4.984460606131755483e-03 -2.790230548676314811e+03
-1.018069244359052702e-02 1.643668160113184035e-02 -1.452375931129542587e-02 -1.146247765995577449e-02 1.536168860731896083e-02 4.983129607705609129e-03 -2.796052716389444868e+03
-1.020183831730273570e-02 1.646265926006598365e-02 -1.453980857012138368e-02 -1.147032094900858265e-02 1.536716598851510344e-02 4.981762521378432437e-03 -2.801873873038445254e+03
-1.022298026344585151e-02 1.648859081099835616e-02 -1.455578531539907308e-02 -1.147808810951246421e-02 1.537251941916947633e-02 4.980345741849218945e-03 -2.807694018089609472e+03
-1.024411827987152003e-02 1.651447621472800290e-02 -1.457168951281062434e-02 -1.148577877592175250e-02 1.537775313095831806e-02 4.978878758533883224e-03 -2.813513151016049051e+03
-1.026525236438140080e-02 1.654031543224338333e-02 -1.458752113619326066e-02 -1.149339307550249767e-02 1.538286244997166645e-02 4.977349575794127491e-03 -2.819331271276761072e+03
-1.028638251481054158e-02 1.656610842452508822e-02 -1.460328012387953657e-02 -1.150093121637781220e-02 1.538785105777194101e-02 4.975791364425093642e-03 -2.825148378339762530e+03
-1.030750872898562875e-02 1.659185515252966855e-02 -1.461896646230730068e-02 -1.150839296466581001e-02 1.539271955956981325e-02 4.974189578330294632e-03 -2.830964471670461535e+03
-1.032863100470641018e-02 1.661755557718679055e-02 -1.463458008941374323e-02 -1.151577837998058254e-02 1.539746588142448455e-02 4.972506649646071114e-03 -2.836779550729718721e+03
-1.034974933980921732e-02 1.664320965945160005e-02 -1.465012097425500912e-02 -1.152308775826322434e-02 1.540208889177969477e-02 4.970789820236785374e-03 -2.842593614991109007e+03
-1.037086373205310490e-02 1.666881736076257156e-02 -1.466558906601072264e-02 -1.153032080153449518e-02 1.540659205775784038e-02 4.969016797480092090e-03 -2.848406663907421262e+03
-1.039197417924949546e-02 1.669437864275623642e-02 -1.468098432046851740e-02 -1.153747752868247885e-02 1.541097063442698270e-02 4.967190997719026120e-03 -2.854218696944474686e+03
-1.041308067919885331e-02 1.671989346706126076e-02 -1.469630669518363908e-02 -1.154455790868730118e-02 1.541523132561323402e-02 4.965320383285886166e-03 -2.860029713563359110e+03
-1.043418322968106549e-02 1.674536179549014972e-02 -1.471155613461094108e-02 -1.155156202932957829e-02 1.541936581789972796e-02 4.963400543731073811e-03 -2.865839713222352202e+03
-1.045528182850235036e-02 1.677078358978320582e-02 -1.472673258998919397e-02 -1.155848957586060391e-02 1.542337976385481195e-02 4.961437419753407345e-03 -2.871648695388561919e+03
-1.047637647342333431e-02 1.679615881190838975e-02 -1.474183602093560169e-02 -1.156534045130040191e-02 1.542727132115736220e-02 4.959411382579077300e-03 -2.877456659514174135e+03
-1.049746716223132897e-02 1.682148742352525955e-02 -1.475686637043250107e-02 -1.157211467235167920e-02 1.543104571656537215e-02 4.957352877137947283e-03 -2.883263605058637040e+03
-1.051855389269966759e-02 1.684676938584711570e-02 -1.477182356797494822e-02 -1.157881210848286067e-02 1.543469893733408552e-02 4.955240008611953677e-03 -2.889069531478903173e+03
-1.053963666262121117e-02 1.687200465968533014e-02 -1.478670757299693425e-02 -1.158543263247267634e-02 1.543823147413878050e-02 4.953086237452337080e-03 -2.894874438236697642e+03
-1.056071546974624541e-02 1.689719320562595856e-02 -1.480151832843499930e-02 -1.159197635489063634e-02 1.544163861263237944e-02 4.950884924690054575e-03 -2.900678324781110405e+03
-1.058179031187662586e-02 1.692233498344555484e-02 -1.481625579645698930e-02 -1.159844351486278430e-02 1.544493218609906300e-02 4.948630362314201947e-03 -2.906481190576886547e+03
-1.060286118675996155e-02 1.694742995284972617e-02 -1.483091994061645595e-02 -1.160483388279189704e-02 1.544809790374986405e-02 4.946323549543272732e-03 -2.912283035072002349e+03
-1.062392809219520756e-02 1.697247807330935429e-02 -1.484551071356810317e-02 -1.161114749118653637e-02 1.545114544790981287e-02 4.943994411482097694e-03 -2.918083857726821407e+03
-1.064499102594376051e-02 1.699747930464956536e-02 -1.486002805595733854e-02 -1.161738435237821832e-02 1.545407319087920700e-02 4.941597878407663277e-03 -2.923883657990859319e+03
-1.066604998578851889e-02 1.702243360673895423e-02 -1.487447194190920710e-02 -1.162354449107999912e-02 1.545687812771714097e-02 4.939157633837056201e-03 -2.929682435320155946e+03
-1.068710496949919729e-02 1.704734093942609011e-02 -1.488884230917434867e-02 -1.162962822959636225e-02 1.545956155088739140e-02 4.936682005216415370e-03 -2.935480189166632044e+03
-1.070815597485252381e-02 1.707220126240044031e-02 -1.490313912361421710e-02 -1.163563511223283595e-02 1.546212384415269515e-02 4.934135253197057154e-03 -2.941276918984400254e+03
-1.072920299960203848e-02 1.709701453543633828e-02 -1.491736235495470797e-02 -1.164156543592546542e-02 1.546456084176914270e-02 4.931542537301760072e-03 -2.947072624222849754e+03
-1.075024604150982312e-02 1.712178071857694411e-02 -1.493151195241556976e-02 -1.164741929065093648e-02 1.546687804278604368e-02 4.928905216913833168e-03 -2.952867304336098641e+03
-1.077128509830395549e-02 1.714649977216930674e-02 -1.494558786817944129e-02 -1.165319638424213745e-02 1.546907132302277610e-02 4.926219458748560751e-03 -2.958660958768614819e+03
-1.079232016775170423e-02 1.717117165657190345e-02 -1.495959005574184868e-02 -1.165889694247943149e-02 1.547114500972245586e-02 4.923485042228308538e-03 -2.964453586974726932e+03
-1.081335124759976070e-02 1.719579633238280114e-02 -1.497351845320685215e-02 -1.166452079007240100e-02 1.547309503480204934e-02 4.920688650701136521e-03 -2.970245188403680913e+03
-1.083437833556843977e-02 1.722037376027671721e-02 -1.498737301836181035e-02 -1.167006794892987837e-02 1.547492595781898260e-02 4.917844180323115155e-03 -2.976035762500655892e+03
-1.085540142936305442e-02 1.724490390106594301e-02 -1.500115370139978865e-02 -1.167553820633043457e-02 1.547663054184112569e-02 4.914973024099476319e-03 -2.981825308707299882e+03
-1.087642052674030364e-02 1.726938671550015333e-02 -1.501486043115774459e-02 -1.168093146688715250e-02 1.547821878992485314e-02 4.912026781151441167e-03 -2.987613826478623196e+03
-1.089743562540820658e-02 1.729382216408030526e-02 -1.502849317003092898e-02 -1.168624745793021141e-02 1.547968381106263648e-02 4.909055147104445654e-03 -2.993401315255649024e+03
-1.091844672308260426e-02 1.731821020657913282e-02 -1.504205184966376195e-02 -1.169148651303370499e-02 1.548103074949108530e-02 4.906029237609903226e-03 -2.999187774481777979e+03
-1.093945381751089754e-02 1.734255080244709660e-02 -1.505553644603941331e-02 -1.169664817884827172e-02 1.548225270608396924e-02 4.902955053635941682e-03 -3.004973203609695702e+03
-1.096045690636407270e-02 1.736684391084710247e-02 -1.506894690714745237e-02 -1.170173261515356639e-02 1.548336199117083395e-02 4.899842124514413276e-03 -3.010757602069556015e+03
-1.098145598740713977e-02 1.739108949033083690e-02 -1.508228318477730298e-02 -1.170674015665604945e-02 1.548434630044585349e-02 4.896668995496607744e-03 -3.016540969317390136e+03
-1.100245105833463216e-02 1.741528749936224404e-02 -1.509554524356558972e-02 -1.171167057252689263e-02 1.548520726434375085e-02 4.893456694673061283e-03 -3.022323304786940753e+03
-1.102344211687569624e-02 1.743943789621479196e-02 -1.510873302191124458e-02 -1.171652391856601270e-02 1.548595092417682367e-02 4.890206549651666436e-03 -3.028104607920699436e+03
-1.104442916078480184e-02 1.746354063920770375e-02 -1.512184647885323266e-02 -1.172130020820487568e-02 1.548657084369731672e-02 4.886912044271695017e-03 -3.033884878167997158e+03
-1.106541218774065305e-02 1.748759568710148843e-02 -1.513488558054788650e-02 -1.172599943529605178e-02 1.548706822003596655e-02 4.883550824929406425e-03 -3.039664114957632137e+03
-1.108639119549468047e-02 1.751160299865115247e-02 -1.514785027637843146e-02 -1.173062168452135984e-02 1.548744789894511420e-02 4.880157146149041204e-03 -3.045442317738679321e+03
-1.110736618175048492e-02 1.753556253265499756e-02 -1.516074052586147657e-02 -1.173516710067333546e-02 1.548769925610423218e-02 4.876707630835827242e-03 -3.051219485946577606e+03
-1.112833714421928265e-02 1.755947424800667275e-02 -1.517355627937564018e-02 -1.173963548333395793e-02 1.548783328867808610e-02 4.873232133369341523e-03 -3.056995619023088693e+03
-1.114930408057691717e-02 1.758333810391433591e-02 -1.518629748964664405e-02 -1.174402683804273706e-02 1.548784313905914381e-02 4.869689803997768497e-03 -3.062770716401384107e+03
-1.117026698851763741e-02 1.760715405938661701e-02 -1.519896410237699114e-02 -1.174834140972573493e-02 1.548773143540105139e-02 4.866092516606219422e-03 -3.068544777518446153e+03
-1.119122586573277275e-02 1.763092207343680898e-02 -1.521155606742133348e-02 -1.175257895556418471e-02 1.548749737147136693e-02 4.862441030284368228e-03 -3.074317801809924276e+03
-1.121218070991331778e-02 1.765464210526537445e-02 -1.522407332018822085e-02 -1.175673955929494759e-02 1.548714135158501051e-02 4.858751231243165804e-03 -3.080089788713542930e+03
-1.123313151872395131e-02 1.767831411435649702e-02 -1.523651582548373601e-02 -1.176082304239481520e-02 1.548666407435940473e-02 4.854998337747603449e-03 -3.085860737662064366e+03
-1.125407828981106299e-02 1.770193806038940221e-02 -1.524888351086436077e-02 -1.176482906271456540e-02 1.548606755354007408e-02 4.851210323677729482e-03 -3.091630648085508710e+03
-1.127502102087230354e-02 1.772551390263590876e-02 -1.526117633528390090e-02 -1.176875777362413819e-02 1.548534801784273024e-02 4.847370066278357953e-03 -3.097399519425594917e+03
-1.129595970955676355e-02 1.774904160007572534e-02 -1.527339424463996717e-02 -1.177260916535591805e-02 1.548450820039267567e-02 4.843482282226302740e-03 -3.103167351108307230e+03
-1.131689435353397735e-02 1.777252111122279779e-02 -1.528553719442968251e-02 -1.177638291494913919e-02 1.548355015495573618e-02 4.839548589333373708e-03 -3.108934142564655758e+03
-1.133782495047460509e-02 1.779595239410804164e-02 -1.529760513485242321e-02 -1.178007910064068561e-02 1.548246906979000408e-02 4.835582585449658098e-03 -3.114699893226325912e+03
-1.135875149805617643e-02 1.781933540620531803e-02 -1.530959803866120510e-02 -1.178369786899826667e-02 1.548126920406436673e-02 4.831564321268397300e-03 -3.120464602527714305e+03
-1.137967399392083613e-02 1.784267010480737950e-02 -1.532151585925686961e-02 -1.178723897497852870e-02 1.547994934361653085e-02 4.827512126133453457e-03 -3.126228269892268600e+03
-1.140059243574916177e-02 1.786595644680327721e-02 -1.533335854362193919e-02 -1.179070269894458810e-02 1.547851091287850110e-02 4.823407892356694655e-03 -3.131990894751529595e+03
-1.142150682121364016e-02 1.788919438962206787e-02 -1.534512604661099344e-02 -1.179408909029342097e-02 1.547694489763354851e-02 4.819264825783320383e-03 -3.137752476535248206e+03
-1.144241714796506368e-02 1.791238389107274384e-02 -1.535681831387397493e-02 -1.179739817613201062e-02 1.547526220221607900e-02 4.815073357298207089e-03 -3.143513014668183587e+03
-1.146332341367746130e-02 1.793552490902390953e-02 -1.536843530456039227e-02 -1.180062982955714171e-02 1.547345419614643350e-02 4.810825744415614565e-03 -3.149272508581687816e+03
-1.148422561599420251e-02 1.795861740111269825e-02 -1.537997696610569551e-02 -1.180378432734478615e-02 1.547152773258665334e-02 4.806532566495770077e-03 -3.155030957696354562e+03
-1.150512375258787648e-02 1.798166132492874311e-02 -1.539144325405339235e-02 -1.180686135115519009e-02 1.546947742848429203e-02 4.802197869550888995e-03 -3.160788361442102087e+03
-1.152601782110326475e-02 1.800465663818503342e-02 -1.540283411565237029e-02 -1.180986136027717404e-02 1.546730447936512862e-02 4.797806278458247725e-03 -3.166544719243952841e+03
-1.154690781916036142e-02 1.802760329853310764e-02 -1.541414950798383234e-02 -1.181278408872464027e-02 1.546501193421131841e-02 4.793355198848524464e-03 -3.172300030521767439e+03
-1.156779374438858532e-02 1.805050126348668391e-02 -1.542538938000030321e-02 -1.181562956702239542e-02 1.546259308585131755e-02 4.788868348185531566e-03 -3.178054294698963076e+03
-1.158867559441219795e-02 1.807335049084458564e-02 -1.543655367178166371e-02 -1.181839773795015196e-02 1.546005402381575924e-02 4.784328823907177744e-03 -3.183807511197267104e+03
-1.160955336686557947e-02 1.809615093843010974e-02 -1.544764231524251019e-02 -1.182108847349720195e-02 1.545739669235904681e-02 4.779736411372936290e-03 -3.189559679442040760e+03
-1.163042705936290222e-02 1.811890256440183006e-02 -1.545865525692261509e-02 -1.182370173034659813e-02 1.545461604079322211e-02 4.775106012762720883e-03 -3.195310798853512097e+03
-1.165129666950022978e-02 1.814160532681569418e-02 -1.546959245468543589e-02 -1.182623736961399552e-02 1.545171675780457506e-02 4.770415851841118549e-03 -3.201060868846842368e+03
-1.167216219489551621e-02 1.816425918345299442e-02 -1.548045387217649761e-02 -1.182869522119846424e-02 1.544869438872682917e-02 4.765687796934719826e-03 -3.206809888842538840e+03
-1.169302363315795346e-02 1.818686409164787382e-02 -1.549123944912711437e-02 -1.183107522225150532e-02 1.544555088172597408e-02 4.760925793015204771e-03 -3.212557858258124725e+03
-1.171388098190748704e-02 1.820942000846476755e-02 -1.550194914871029506e-02 -1.183337708509466998e-02 1.544229081774451187e-02 4.756102837347764810e-03 -3.218304776514990863e+03
-1.173473423874308967e-02 1.823192689056808355e-02 -1.551258293453868127e-02 -1.183560111773773738e-02 1.543891076982148274e-02 4.751258878744089170e-03 -3.224050643029401272e+03
-1.175558340124826379e-02 1.825438469448548151e-02 -1.552314075186591973e-02 -1.183774727435857148e-02 1.543540767205719630e-02 4.746362813195331015e-03 -3.229795457212572728e+03
-1.177642846706605795e-02 1.827679337632725012e-02 -1.553362254403412718e-02 -1.183981573964570932e-02 1.543178489009145761e-02 4.741414104858183119e-03 -3.235539218488894221e+03
-1.179726943378525857e-02 1.829915289239852222e-02 -1.554402825745202811e-02 -1.184180648357661264e-02 1.542804444890570094e-02 4.736431429351630785e-03 -3.241281926266060509e+03
-1.181810629902422562e-02 1.832146319918584801e-02 -1.555435785688896212e-02 -1.184371965273928011e-02 1.542417610157526681e-02 4.731401574097050811e-03 -3.247023579961060932e+03
-1.183893906037934186e-02 1.834372425325297290e-02 -1.556461127266281497e-02 -1.184555513339745694e-02 1.542018956575145171e-02 4.726324727614557644e-03 -3.252764178985788021e+03
-1.185976771545353865e-02 1.836593601100387427e-02 -1.557478847339163405e-02 -1.184731328423342840e-02 1.541608027499329590e-02 4.721201272084606104e-03 -3.258503722755375293e+03
-1.188059226183078507e-02 1.838809842877592998e-02 -1.558488941362319927e-02 -1.184899371249008466e-02 1.541185110358844583e-02 4.716020288005652768e-03 -3.264242210679037726e+03
-1.190141269711912989e-02 1.841021146264375241e-02 -1.559491404263850696e-02 -1.185059666856295990e-02 1.540749781060110971e-02 4.710787642961089886e-03 -3.269979642173026150e+03
-1.192222901888217827e-02 1.843227506886766648e-02 -1.560486231409131258e-02 -1.185212219635812213e-02 1.540302637257995148e-02 4.705524795468943311e-03 -3.275716016641442820e+03
-1.194304122472578285e-02 1.845428920353164165e-02 -1.561473416669583759e-02 -1.185356993447421979e-02 1.539842918122605840e-02 4.700192837768411673e-03 -3.281451333500123383e+03
-1.196384931220129469e-02 1.847625382275452921e-02 -1.562452955623919865e-02 -1.185494034201128866e-02 1.539371038220462701e-02 4.694828539095849407e-03 -3.287185592151638502e+03
-1.198465327888775800e-02 1.849816888267860268e-02 -1.563424840813732938e-02 -1.185623271152347336e-02 1.538887173671677107e-02 4.689401986758586459e-03 -3.292918792007423690e+03
-1.200545312232812606e-02 1.852003433972453442e-02 -1.564389067203094535e-02 -1.185744744448085849e-02 1.538391521180998422e-02 4.683942198441461147e-03 -3.298650932471593933e+03
-1.202624884007115653e-02 1.854185015051240323e-02 -1.565345632287398758e-02 -1.185858405795656677e-02 1.537883458160755994e-02 4.678429620088356104e-03 -3.304382012951559773e+03
-1.204704042965050459e-02 1.856361627173089973e-02 -1.566294529784117637e-02 -1.185964268681880505e-02 1.537363187918388240e-02 4.672868110244742315e-03 -3.310112032850130618e+03
-1.206782788864689017e-02 1.858533265990785013e-02 -1.567235753671965964e-02 -1.186062295354070421e-02 1.536831331350022728e-02 4.667279485433149279e-03 -3.315840991580941591e+03
-1.208861121457751112e-02 1.860699927154622554e-02 -1.568169300270111366e-02 -1.186152507012713971e-02 1.536287280082645340e-02 4.661633965611530067e-03 -3.321568888537799921e+03
-1.210939040501617450e-02 1.862861606248457369e-02 -1.569095162387798906e-02 -1.186234913646275202e-02 1.535731163260722204e-02 4.655956277191287442e-03 -3.327295723129133876e+03
-1.213016545751617430e-02 1.865018298804147281e-02 -1.570013336594403702e-02 -1.186309496175586529e-02 1.535163391469729008e-02 4.650231825769030741e-03 -3.333021494757991150e+03
-1.215093636960939104e-02 1.867170000326617840e-02 -1.570923817450583723e-02 -1.186376293030093863e-02 1.534583339916898923e-02 4.644461313084721245e-03 -3.338746202822683699e+03
-1.217170313885112924e-02 1.869316706309872775e-02 -1.571826600935087234e-02 -1.186435284310579340e-02 1.533991078724571480e-02 4.638655079996905142e-03 -3.344469846728257835e+03
-1.219246576276669311e-02 1.871458412270585528e-02 -1.572721681150911210e-02 -1.186486499413730647e-02 1.533386932069120273e-02 4.632790768295383388e-03 -3.350192425871097385e+03
-1.221322423891339770e-02 1.873595113723493938e-02 -1.573609054377709052e-02 -1.186529937588673596e-02 1.532770467590477415e-02 4.626890243775189961e-03 -3.355913939655004015e+03
-1.223397856483544530e-02 1.875726806172928196e-02 -1.574488716402845309e-02 -1.186565578004374066e-02 1.532142053060377151e-02 4.620939516544607557e-03 -3.361634387478721237e+03
-1.225472873805903175e-02 1.877853485110745485e-02 -1.575360662445252080e-02 -1.186593420595427432e-02 1.531501295078971023e-02 4.614939449019053903e-03 -3.367353768735869835e+03
-1.227547475613460261e-02 1.879975146005727349e-02 -1.576224888152357242e-02 -1.186613494064995243e-02 1.530848665052663045e-02 4.608909453326610201e-03 -3.373072082827454778e+03
-1.229621661657796967e-02 1.882091784319182490e-02 -1.577081387894359310e-02 -1.186625769540190084e-02 1.530183704803984510e-02 4.602810811476909687e-03 -3.378789329146425189e+03
-1.231695431692633909e-02 1.884203395500792799e-02 -1.577930158028295615e-02 -1.186630248733903416e-02 1.529506466908437529e-02 4.596667963237262983e-03 -3.384505507092142125e+03
-1.233768785468893764e-02 1.886309974996553188e-02 -1.578771190858389850e-02 -1.186626915540696728e-02 1.528817034952585294e-02 4.590492346792528558e-03 -3.390220616058632004e+03
-1.235841722734883595e-02 1.888411518284578358e-02 -1.579604481345289052e-02 -1.186615770784193134e-02 1.528115482543237862e-02 4.584251015706054637e-03 -3.395934655434382876e+03
-1.237914243243417971e-02 1.890508020865474051e-02 -1.580430023211603502e-02 -1.186596828299824220e-02 1.527402246125168957e-02 4.577978365879656342e-03 -3.401647624622961303e+03
-1.239986346739801147e-02 1.892599478281255243e-02 -1.581247810027124057e-02 -1.186570048148756842e-02 1.526676829806581162e-02 4.571632829679416268e-03 -3.407359523006754898e+03
-1.242058032973756415e-02 1.894685886103039674e-02 -1.582057837398750250e-02 -1.186535462512292201e-02 1.525939335434589941e-02 4.565285659991796981e-03 -3.413070349979873754e+03
-1.244129301693525959e-02 1.896767239902678870e-02 -1.582860099252489730e-02 -1.186493037305830570e-02 1.525189854175579458e-02 4.558867560265674433e-03 -3.418780104931277947e+03
-1.246200152649179146e-02 1.898843535163053514e-02 -1.583654589286210418e-02 -1.186442788593376589e-02 1.524428427247613571e-02 4.552409247965021229e-03 -3.424488787254234012e+03
-1.248270585588010829e-02 1.900914767330399643e-02 -1.584441303661841133e-02 -1.186384685248592467e-02 1.523654926037203323e-02 4.545914153467602199e-03 -3.430196396333628400e+03
-1.250340600261212569e-02 1.902980931804080719e-02 -1.585220236768710572e-02 -1.186318765078574547e-02 1.522869605653484268e-02 4.539362595723732408e-03 -3.435902931565097788e+03
-1.252410196415014269e-02 1.905042023985104374e-02 -1.585991386684260790e-02 -1.186245007983670330e-02 1.522072429131060729e-02 4.532791977693103116e-03 -3.441608392328819264e+03
-1.254479373800186821e-02 1.907098039250841939e-02 -1.586754747560113754e-02 -1.186163447235086613e-02 1.521262732940741220e-02 4.526172692601177980e-03 -3.447312778018329936e+03
-1.256548132162116707e-02 1.909148973001930857e-02 -1.587510315211826048e-02 -1.186074058833846631e-02 1.520441208347564181e-02 4.519499526965108441e-03 -3.453016088013109766e+03
-1.258616471249871666e-02 1.911194820605002440e-02 -1.588258085996375329e-02 -1.185976848859254286e-02 1.519607477620590723e-02 4.512797018058148542e-03 -3.458718321702114281e+03
-1.260684390810135232e-02 1.913235577397348966e-02 -1.588998053389264684e-02 -1.185871807801151812e-02 1.518761741409967690e-02 4.506042430206325458e-03 -3.464419478466790224e+03
-1.262751890591474330e-02 1.915271238719007743e-02 -1.589730215824860030e-02 -1.185758942821313507e-02 1.517904115429201568e-02 4.499244726969021772e-03 -3.470119557692329636e+03
-1.264818970341030635e-02 1.917301799909811727e-02 -1.590454568127458793e-02 -1.185638229992154805e-02 1.517034093594813587e-02 4.492389512881641081e-03 -3.475818558758646304e+03
-1.266885629809071795e-02 1.919327256279849264e-02 -1.591171104048831955e-02 -1.185509696302014700e-02 1.516152082262318783e-02 4.485504764278648582e-03 -3.481516481056132761e+03
-1.268951868738616567e-02 1.921347603154308428e-02 -1.591879816265690320e-02 -1.185373330659409037e-02 1.515257775496128660e-02 4.478562683854906898e-03 -3.487213323956146724e+03
-1.271017686877251758e-02 1.923362835846543009e-02 -1.592580698914699763e-02 -1.185229131078662478e-02 1.514351469823408368e-02 4.471572583198925831e-03 -3.492909086844603280e+03
-1.273083083969491110e-02 1.925372949696005018e-02 -1.593273745201983713e-02 -1.185077141820968516e-02 1.513433139714658385e-02 4.464533864409594814e-03 -3.498603769101586295e+03
-1.275148059756125302e-02 1.927377940086215727e-02 -1.593958949777819767e-02 -1.184917295153749099e-02 1.512502932081025500e-02 4.457458854330805832e-03 -3.504297370101285651e+03
-1.277212613979277628e-02 1.929377802398455494e-02 -1.594636305772158258e-02 -1.184749657586640914e-02 1.511560367093248321e-02 4.450317794772797562e-03 -3.509989889222441434e+03
-1.279276746379599643e-02 1.931372532018020907e-02 -1.595305807492840983e-02 -1.184574155869248281e-02 1.510606034634517057e-02 4.443144909963442704e-03 -3.515681325839309466e+03
-1.281340456701371595e-02 1.933362124315495673e-02 -1.595967450884896652e-02 -1.184390823594643968e-02 1.509639908142646099e-02 4.435934146051934319e-03 -3.521371679332685289e+03
-1.283403744687992669e-02 1.935346574631537087e-02 -1.596621230845074804e-02 -1.184199616091957327e-02 1.508661495355402560e-02 4.428681520279980841e-03 -3.527060949077823807e+03
-1.285466610081147272e-02 1.937325878297322529e-02 -1.597267142306214860e-02 -1.184000562722790570e-02 1.507671199660494052e-02 4.421387601965766009e-03 -3.532749134444794436e+03
-1.287529052623235214e-02 1.939300030643966583e-02 -1.597905181435619812e-02 -1.183793643500772805e-02 1.506669201668350486e-02 4.414044700816871329e-03 -3.538436234808463269e+03
-1.289591072055125930e-02 1.941269026968334838e-02 -1.598535343936545450e-02 -1.183578862646376441e-02 1.505655087717829542e-02 4.406684627989726315e-03 -3.544122249540755547e+03
-1.291652668119328343e-02 1.943232862521597493e-02 -1.599157626730341591e-02 -1.183356222720402182e-02 1.504628816583849886e-02 4.399258716110917601e-03 -3.549807178017539172e+03
-1.293713840557223806e-02 1.945191532540808260e-02 -1.599772025587331559e-02 -1.183125733488735870e-02 1.503590870567408228e-02 4.391804180309911987e-03 -3.555491019608750776e+03
-1.295774589109132541e-02 1.947145032235534506e-02 -1.600378535282256931e-02 -1.182887352613971529e-02 1.502540506092143666e-02 4.384304092307595054e-03 -3.561173773678536236e+03
-1.297834913519393257e-02 1.949093356822858072e-02 -1.600977151001871379e-02 -1.182641105789528427e-02 1.501477756211707856e-02 4.376763573179811434e-03 -3.566855439603154537e+03
-1.299894813528041336e-02 1.951036501525051786e-02 -1.601567867150751820e-02 -1.182386998402104247e-02 1.500404118643543575e-02 4.369171619509650863e-03 -3.572536016745819779e+03
-1.301954288878541879e-02 1.952974461547785090e-02 -1.602150677054887604e-02 -1.182125070907071723e-02 1.499317344257590327e-02 4.361535289212251955e-03 -3.578215504478151615e+03
-1.304013339311054995e-02 1.954907232074105938e-02 -1.602725575218438836e-02 -1.181855278357339667e-02 1.498218770690819442e-02 4.353850091425872336e-03 -3.583893902166145381e+03
-1.306071964564640454e-02 1.956834808259716799e-02 -1.603292554978384687e-02 -1.181577670846851481e-02 1.497108386326262419e-02 4.346116619224289594e-03 -3.589571209174426713e+03
-1.308130164379983640e-02 1.958757185238622911e-02 -1.603851609968539108e-02 -1.181292222719232052e-02 1.495985452552969427e-02 4.338334366033190850e-03 -3.595247424874025455e+03
-1.310187938493237794e-02 1.960674358180828844e-02 -1.604402736130377052e-02 -1.180998924256501312e-02 1.494850968032378387e-02 4.330504583399771845e-03 -3.600922548625169384e+03
-1.312245286639927844e-02 1.962586322271361178e-02 -1.604945925856962607e-02 -1.180697795870823061e-02 1.493704051802774609e-02 4.322630306769278431e-03 -3.606596579788737472e+03
-1.314302208556202521e-02 1.964493072715781108e-02 -1.605481174177628839e-02 -1.180388808741051655e-02 1.492545599552471021e-02 4.314732226752493460e-03 -3.612269517727697348e+03
-1.316358703978992573e-02 1.966394604718433095e-02 -1.606008475685061221e-02 -1.180071969163443493e-02 1.491374754514030766e-02 4.306775431104451282e-03 -3.617941361809177124e+03
-1.318414772639597311e-02 1.968290913533932845e-02 -1.606527825282507219e-02 -1.179747249328146931e-02 1.490192209481821899e-02 4.298790348225885877e-03 -3.623612111385280969e+03
-1.320470414274815298e-02 1.970181994404135439e-02 -1.607039218760661706e-02 -1.179414637775268865e-02 1.488997808198871259e-02 4.290741377155307679e-03 -3.629281765819601333e+03
-1.322525628621869231e-02 1.972067842550535854e-02 -1.607542651570250183e-02 -1.179074145512338211e-02 1.487791584332442615e-02 4.282673967102269656e-03 -3.634950324473133605e+03
-1.324580415416559860e-02 1.973948453173214601e-02 -1.608038118257902258e-02 -1.178725728724589090e-02 1.486573318357171068e-02 4.274564569932796064e-03 -3.640617786700752731e+03
-1.326634774395079111e-02 1.975823821448115941e-02 -1.608525616595201171e-02 -1.178369440664150079e-02 1.485343116565147545e-02 4.266407081131067848e-03 -3.646284151860576003e+03
-1.328688705291356138e-02 1.977693942535325641e-02 -1.609005140134978779e-02 -1.178005233569651318e-02 1.484100854893664716e-02 4.258215740055922016e-03 -3.651949419305704396e+03
-1.330742207842784165e-02 1.979558811518691841e-02 -1.609476684588828296e-02 -1.177633172425444213e-02 1.482846653748678620e-02 4.249972497749310817e-03 -3.657613588398308366e+03
-1.332795281782868900e-02 1.981418423472578946e-02 -1.609940242480212974e-02 -1.177253203629425801e-02 1.481580720961526813e-02 4.241686846718276810e-03 -3.663276658489158308e+03
-1.334847926847042461e-02 1.983272773471056807e-02 -1.610395808906437201e-02 -1.176865388778373586e-02 1.480302475512342182e-02 4.233370335620057108e-03 -3.668938628934617100e+03
-1.336900142767126140e-02 1.985121856563765511e-02 -1.610843378592195785e-02 -1.176469694716532170e-02 1.479012244697994194e-02 4.225003444764869644e-03 -3.674599499079345605e+03
-1.338951929283239278e-02 1.986965667748463726e-02 -1.611282947450243599e-02 -1.176066137165162478e-02 1.477710347180465240e-02 4.216581198566703506e-03 -3.680259268288709791e+03
-1.341003286127927241e-02 1.988804202032108323e-02 -1.611714510108713458e-02 -1.175654730294924642e-02 1.476395709071554908e-02 4.208135636963867936e-03 -3.685917935907209085e+03
-1.343054213034517753e-02 1.990637454380113705e-02 -1.612138060051703653e-02 -1.175235461404581724e-02 1.475069872036665133e-02 4.199631430675585149e-03 -3.691575501284513848e+03
-1.345104709737784954e-02 1.992465419751645803e-02 -1.612553592163377264e-02 -1.174808321762665919e-02 1.473731260957234640e-02 4.191082316455387556e-03 -3.697231963779413945e+03
-1.347154775961542650e-02 1.994288093173017529e-02 -1.612961100514590310e-02 -1.174373328773359315e-02 1.472380880086037250e-02 4.182489843793604604e-03 -3.702887322724684964e+03
-1.349204411439587289e-02 1.996105469643878749e-02 -1.613360579587551011e-02 -1.173930443412698858e-02 1.471018977565414013e-02 4.173864241226232785e-03 -3.708541577482373668e+03
-1.351253615897882177e-02 1.997917544249005334e-02 -1.613752022813551290e-02 -1.173479662872675168e-02 1.469644867883785483e-02 4.165180909861190828e-03 -3.714194727390277421e+03
-1.353302389065913665e-02 1.999724312088050140e-02 -1.614135426233925807e-02 -1.173021025759038959e-02 1.468258603080627167e-02 4.156453274652575046e-03 -3.719846771795755103e+03
-1.355350730673534308e-02 2.001525768286779167e-02 -1.614510783872341593e-02 -1.172554437715448566e-02 1.466861054475522737e-02 4.147688551418358960e-03 -3.725497710046455722e+03
-1.357398640447346483e-02 2.003321907979602190e-02 -1.614878089405494266e-02 -1.172079992513764234e-02 1.465451260934674121e-02 4.138897836628963912e-03 -3.731147541477341292e+03
-1.359446118118960017e-02 2.005112726250415922e-02 -1.615237339705419273e-02 -1.171597607697684972e-02 1.464029693534812070e-02 4.130047756738741520e-03 -3.736796265436130852e+03
-1.361493163418985713e-02 2.006898218181109306e-02 -1.615588525065875941e-02 -1.171107336904387425e-02 1.462596120957763285e-02 4.121177291595492717e-03 -3.742443881268969562e+03
-1.363539776074516006e-02 2.008678378818228721e-02 -1.615931644445547585e-02 -1.170609129912600355e-02 1.461151039331518194e-02 4.112274478540983713e-03 -3.748090388315413747e+03
-1.365585955810868883e-02 2.010453203137427952e-02 -1.616266689459102887e-02 -1.170103041023418111e-02 1.459693315269583458e-02 4.103314663279848847e-03 -3.753735785909286278e+03
-1.367631702359280860e-02 2.012222686019051951e-02 -1.616593657407932108e-02 -1.169589062114302636e-02 1.458224550135079310e-02 4.094297779019795934e-03 -3.759380073398539935e+03
-1.369677015446108155e-02 2.013986822359443637e-02 -1.616912542760864588e-02 -1.169067181771535867e-02 1.456743149563306805e-02 4.085274179411796901e-03 -3.765023250115753854e+03
-1.371721894801130638e-02 2.015745607051114968e-02 -1.617223341476187876e-02 -1.168537393543287763e-02 1.455250323822422989e-02 4.076185293747368842e-03 -3.770665315402231045e+03
-1.373766340151856731e-02 2.017499034937649677e-02 -1.617526048950974557e-02 -1.167999740401597618e-02 1.453745157757052597e-02 4.067063403536238381e-03 -3.776306268593350069e+03
-1.375810351227288973e-02 2.019247100851445653e-02 -1.617820660579124756e-02 -1.167454188137266417e-02 1.452228048452655629e-02 4.057896774075965725e-03 -3.781946109029550371e+03
-1.377853927752612472e-02 2.020989799632351078e-02 -1.618107171024396260e-02 -1.166900723929274915e-02 1.450698866585097349e-02 4.048680469603552039e-03 -3.787584836040618029e+03
-1.379897069457121025e-02 2.022727126093194078e-02 -1.618385574371794533e-02 -1.166339391759905857e-02 1.449158017182069352e-02 4.039422128338235850e-03 -3.793222448970231653e+03
-1.381939776063035447e-02 2.024459075083258341e-02 -1.618655865644439903e-02 -1.165770147567516020e-02 1.447604802364172404e-02 4.030132157164629039e-03 -3.798858947142592115e+03
-1.383982047297384679e-02 2.026185641455025693e-02 -1.618918037506492449e-02 -1.165193002735911802e-02 1.446040194460640645e-02 4.020776282464172055e-03 -3.804494329897839634e+03
-1.386023882878567766e-02 2.027906820137060154e-02 -1.619172083415437377e-02 -1.164607975100870677e-02 1.444463131391205898e-02 4.011403754422044991e-03 -3.810128596553810894e+03
-1.388065282532639083e-02 2.029622606078624117e-02 -1.619417997659966177e-02 -1.164015017559839535e-02 1.442874294482902366e-02 4.001964386608239561e-03 -3.815761746452444640e+03
-1.390106245977248620e-02 2.031332994275608303e-02 -1.619655772849305786e-02 -1.163414183818300453e-02 1.441274456192285884e-02 3.992499878632702233e-03 -3.821393778914326504e+03
-1.392146772933117865e-02 2.033037979705102152e-02 -1.619885404650692542e-02 -1.162805468810425812e-02 1.439662206136183183e-02 3.982986331487676709e-03 -3.827024693268640021e+03
-1.394186863122015563e-02 2.034737557308143388e-02 -1.620106886000953483e-02 -1.162188819990671307e-02 1.438038232652904223e-02 3.973432908827497466e-03 -3.832654488842778392e+03
-1.396226516269434212e-02 2.036431721981183524e-02 -1.620320211682282213e-02 -1.161564269116802800e-02 1.436402187301587079e-02 3.963846362210555856e-03 -3.838283164969395784e+03
-1.398265732095344341e-02 2.038120468595656584e-02 -1.620525376226965991e-02 -1.160931795299216703e-02 1.434754886231251643e-02 3.954227540242870667e-03 -3.843910720967181533e+03
-1.400304510321091420e-02 2.039803791987506582e-02 -1.620722374668424892e-02 -1.160291409700717723e-02 1.433095175114343194e-02 3.944574690975482731e-03 -3.849537156162390602e+03
-1.402342850667462858e-02 2.041481686929098524e-02 -1.620911202783867355e-02 -1.159643058206429912e-02 1.431423944203805143e-02 3.934861020598272655e-03 -3.855162469879593573e+03
-1.404380752853109926e-02 2.043154148164605388e-02 -1.621091858511522141e-02 -1.158986799365637789e-02 1.429740431591406367e-02 3.925132536761509819e-03 -3.860786661437849489e+03
-1.406418216603225191e-02 2.044821170420086168e-02 -1.621264335530178333e-02 -1.158322596774390145e-02 1.428045052213074671e-02 3.915348415642448329e-03 -3.866409730172983018e+03
-1.408455241635146911e-02 2.046482748423976081e-02 -1.621428629736392305e-02 -1.157650495407971415e-02 1.426338560455117817e-02 3.905533732465675013e-03 -3.872031675393438036e+03
-1.410491827672519585e-02 2.048138876860149463e-02 -1.621584737946439245e-02 -1.156970453473999891e-02 1.424619133194151080e-02 3.895669012852865081e-03 -3.877652496423657794e+03
-1.412527974437523953e-02 2.049789550420385437e-02 -1.621732653140525379e-02 -1.156282507924712329e-02 1.422888496431131376e-02 3.885747909304593153e-03 -3.883272192582752723e+03
-1.414563681650870923e-02 2.051434763816296220e-02 -1.621872369330360983e-02 -1.155586655225036841e-02 1.421145660959894849e-02 3.875796984046472275e-03 -3.888890763187432640e+03
-1.416598949033323791e-02 2.053074511748126732e-02 -1.622003881571865147e-02 -1.154882849683315851e-02 1.419391148309787770e-02 3.865824896692860065e-03 -3.894508207561258587e+03
-1.418633776299565996e-02 2.054708788938663239e-02 -1.622127181752619496e-02 -1.154171185372930564e-02 1.417624208918216722e-02 3.855786608138284024e-03 -3.900124525014837673e+03
-1.420668163164524010e-02 2.056337590118963166e-02 -1.622242262168165430e-02 -1.153451624128229089e-02 1.415846205705266828e-02 3.845705935047189893e-03 -3.905739714862190795e+03
-1.422702109342216005e-02 2.057960910038592398e-02 -1.622349117347081024e-02 -1.152724160525403843e-02 1.414055896173965071e-02 3.835585807376474567e-03 -3.911353776415349785e+03
-1.424735614549980586e-02 2.059578743463390607e-02 -1.622447741404232924e-02 -1.151988805039604741e-02 1.412254210697890498e-02 3.825419896321775957e-03 -3.916966708995611498e+03
-1.426768678496896127e-02 2.061191085202383408e-02 -1.622538128777650801e-02 -1.151245516029932026e-02 1.410440913113759909e-02 3.815227130564176252e-03 -3.922578511900639569e+03
-1.428801300901154023e-02 2.062797929984202736e-02 -1.622620275359940370e-02 -1.150494364770821183e-02 1.408614933452523831e-02 3.804982854993515379e-03 -3.928189184453995949e+03
-1.430833481474471855e-02 2.064399272534194266e-02 -1.622694173837932116e-02 -1.149735256816194692e-02 1.406777927357686850e-02 3.794697118913267341e-03 -3.933798725958453360e+03
-1.432865219934242873e-02 2.065995107549902302e-02 -1.622759819304079448e-02 -1.148968206790136615e-02 1.404928879172236654e-02 3.784395258220699890e-03 -3.939407135733057203e+03
-1.434896515990162144e-02 2.067585429732848520e-02 -1.622817205376448149e-02 -1.148193176524773922e-02 1.403068355950283681e-02 3.774044760134271335e-03 -3.945014413074943150e+03
-1.436927369358471408e-02 2.069170233749324794e-02 -1.622866327730264693e-02 -1.147410190049511468e-02 1.401195890638819858e-02 3.763656441641372117e-03 -3.950620557299722350e+03
-1.438957779751925958e-02 2.070749514251535306e-02 -1.622907182312260596e-02 -1.146619254671180088e-02 1.399311632488319315e-02 3.753246108653194961e-03 -3.956225567708860126e+03
-1.440987746886201841e-02 2.072323265848730056e-02 -1.622939765496862405e-02 -1.145820359133480071e-02 1.397415192750038962e-02 3.742779032614158667e-03 -3.961829443610275121e+03
-1.443017270475707541e-02 2.073891483131595423e-02 -1.622964072270015670e-02 -1.145013506756386093e-02 1.395507319356246480e-02 3.732276973174232255e-03 -3.967432184305604096e+03
-1.445046350237913155e-02 2.075454160653453922e-02 -1.622980098188444437e-02 -1.144198745744386819e-02 1.393587396357704421e-02 3.721741006374886928e-03 -3.973033789106744280e+03
-1.447074985882720183e-02 2.077011292979151491e-02 -1.622987835984646479e-02 -1.143376056207692608e-02 1.391655814953999919e-02 3.711163247761754217e-03 -3.978634257306738164e+03
-1.449103177125540647e-02 2.078562874647175290e-02 -1.622987279991523410e-02 -1.142545446424198322e-02 1.389712566102385000e-02 3.700532954522740229e-03 -3.984233588214787687e+03
-1.451130923679169564e-02 2.080108900202841393e-02 -1.622978424221913421e-02 -1.141706950712039099e-02 1.387757382840906252e-02 3.689854880029205114e-03 -3.989831781133158529e+03
-1.453158225253089152e-02 2.081649364170109692e-02 -1.622961263510080271e-02 -1.140860528828905804e-02 1.385790319925322284e-02 3.679157162162842790e-03 -3.995428835356967284e+03
-1.455185081555270335e-02 2.083184261072607360e-02 -1.622935791819824641e-02 -1.140006215207621694e-02 1.383811490326133063e-02 3.668400796093737419e-03 -4.001024750180321007e+03
-1.457211492295873781e-02 2.084713585429522759e-02 -1.622902002504885907e-02 -1.139143989485168554e-02 1.381821139751237583e-02 3.657608174495748706e-03 -4.006619524906312563e+03
-1.459237457180987546e-02 2.086237331790639221e-02 -1.622859890847307487e-02 -1.138273851550608562e-02 1.379818540915708422e-02 3.646793847677954475e-03 -4.012213158829772055e+03
-1.461262975915209213e-02 2.087755494721576371e-02 -1.622809450422671093e-02 -1.137395766777139945e-02 1.377804827030001782e-02 3.635911164959949263e-03 -4.017805651243708780e+03
-1.463288048206098924e-02 2.089268068789102914e-02 -1.622750676373957077e-02 -1.136509773701827562e-02 1.375778984131775101e-02 3.624990600383724317e-03 -4.023397001448600349e+03
-1.465312673755871618e-02 2.090775048582782861e-02 -1.622683562354370473e-02 -1.135615814443826851e-02 1.373741760386857670e-02 3.614050720665584228e-03 -4.028987208724407083e+03
-1.467336852277377826e-02 2.092276428645821473e-02 -1.622608100559181851e-02 -1.134713912975659177e-02 1.371692665859010514e-02 3.603065839753004027e-03 -4.034576272377707028e+03
-1.469360583475986561e-02 2.093772203569301688e-02 -1.622524286678679595e-02 -1.133804017041131589e-02 1.369631955656060336e-02 3.592041315764199754e-03 -4.040164191692945224e+03
-1.471383867058923510e-02 2.095262367921731442e-02 -1.622432111501403984e-02 -1.132886139698701354e-02 1.367559964921971107e-02 3.580996346525336122e-03 -4.045750965961334714e+03
-1.473406702733755062e-02 2.096746916210564735e-02 -1.622331571115834259e-02 -1.131960337373737364e-02 1.365475370074275066e-02 3.569901970805340087e-03 -4.051336594476637856e+03
-1.475429090202559461e-02 2.098225842943134828e-02 -1.622222660705709141e-02 -1.131026543131974718e-02 1.363379458064859460e-02 3.558790770470482596e-03 -4.056921076517272923e+03
-1.477451029173762476e-02 2.099699142563773643e-02 -1.622105377404506679e-02 -1.130084807896228338e-02 1.361271669922376956e-02 3.547633196595208552e-03 -4.062504411377537508e+03
-1.479472519356064483e-02 2.101166809474694364e-02 -1.621979715560793039e-02 -1.129135150659502616e-02 1.359152614378152449e-02 3.536420854262574496e-03 -4.068086598348203552e+03
-1.481493560456406504e-02 2.102628838023073640e-02 -1.621845670539777753e-02 -1.128177552720529934e-02 1.357021792466958296e-02 3.525176748148029730e-03 -4.073667636714648779e+03
-1.483514152178120118e-02 2.104085222576098160e-02 -1.621703238482835596e-02 -1.127212049110510456e-02 1.354878707471540537e-02 3.513891575562927069e-03 -4.079247525754139588e+03
-1.485534294228789062e-02 2.105535957478307796e-02 -1.621552412990905079e-02 -1.126238599716249469e-02 1.352724320796230666e-02 3.502577715694994796e-03 -4.084826264756136879e+03
-1.487553986310836962e-02 2.106981037055364464e-02 -1.621393189547568059e-02 -1.125257223215503193e-02 1.350558297494884076e-02 3.491207549008146314e-03 -4.090403852999231731e+03
-1.489573228127133789e-02 2.108420455631168297e-02 -1.621225563629660749e-02 -1.124267932742072269e-02 1.348380126520378093e-02 3.479805354097831229e-03 -4.095980289768011971e+03
-1.491592019377453900e-02 2.109854207517684876e-02 -1.621049528042400184e-02 -1.123270707878368767e-02 1.346190042189703180e-02 3.468357226334766504e-03 -4.101555574339918167e+03
-1.493610359761424894e-02 2.111282287034409871e-02 -1.620865076306907127e-02 -1.122265546693663844e-02 1.343989039992191624e-02 3.456859107328493375e-03 -4.107129705991848823e+03
-1.495628248980788305e-02 2.112704688560691421e-02 -1.620672203848545420e-02 -1.121252461854098555e-02 1.341776048002282264e-02 3.445339080063829218e-03 -4.112702684006239906e+03
-1.497645686734025428e-02 2.114121406533985351e-02 -1.620470901732974991e-02 -1.120231424512694793e-02 1.339551221623394225e-02 3.433776684078691192e-03 -4.118274507657847607e+03
-1.499662672718064110e-02 2.115532435418271406e-02 -1.620261163513780911e-02 -1.119202418069980241e-02 1.337315338820998720e-02 3.422165854199778201e-03 -4.123845176218343113e+03
-1.501679206633501837e-02 2.116937769632050090e-02 -1.620042981286259204e-02 -1.118165480652064808e-02 1.335067594486722201e-02 3.410542514350454503e-03 -4.129414688967813163e+03
-1.503695288178018459e-02 2.118337403598422389e-02 -1.619816347448082075e-02 -1.117120571260151081e-02 1.332808158047619172e-02 3.398883570288752966e-03 -4.134983045178576504e+03
-1.505710917048927976e-02 2.119731331727055246e-02 -1.619581255897357269e-02 -1.116067700342582986e-02 1.330537247591355443e-02 3.387170442448778247e-03 -4.140550244122748154e+03
-1.507726092943639448e-02 2.121119548391428578e-02 -1.619337700221343962e-02 -1.115006868338147203e-02 1.328254800302635860e-02 3.375457609653665769e-03 -4.146116285071304446e+03
-1.509740815561176272e-02 2.122502047886158996e-02 -1.619085676925364689e-02 -1.113938038311733381e-02 1.325960479647434777e-02 3.363676790548688050e-03 -4.151681167296663261e+03
-1.511755084599261667e-02 2.123878824482868313e-02 -1.618825182353393968e-02 -1.112861285316135013e-02 1.323654762950957249e-02 3.351868429170125688e-03 -4.157244890064566789e+03
-1.513768899761410054e-02 2.125249872405257992e-02 -1.618556214841626942e-02 -1.111776571210821782e-02 1.321337207327966806e-02 3.340035292867755100e-03 -4.162807452654637018e+03
-1.515782260742563545e-02 2.126615185871822203e-02 -1.618278769085661900e-02 -1.110683889278435768e-02 1.319008111044991764e-02 3.328141675514333011e-03 -4.168368854323157393e+03
-1.517795167243370449e-02 2.127974759028052054e-02 -1.617992841809445109e-02 -1.109583273302451600e-02 1.316667491511546231e-02 3.316224977925929900e-03 -4.173929094343969155e+03
-1.519807618962002414e-02 2.129328585997486770e-02 -1.617698428764374405e-02 -1.108474718901724700e-02 1.314315066557431369e-02 3.304271647091344168e-03 -4.179488171983615757e+03
-1.521819615593947121e-02 2.130676660911566891e-02 -1.617395522591934601e-02 -1.107358206497892003e-02 1.311951035025768660e-02 3.292269842993057749e-03 -4.185046086501092759e+03
-1.523831156837123120e-02 2.132018977900877396e-02 -1.617084119787211283e-02 -1.106233769476235550e-02 1.309574871022699781e-02 3.280226121838774982e-03 -4.190602837164033190e+03
-1.525842242384194830e-02 2.133355531119887627e-02 -1.616764212597740155e-02 -1.105101364328643643e-02 1.307187970682202431e-02 3.268139562028803038e-03 -4.196158423228803258e+03
-1.527852871930041219e-02 2.134686314727452308e-02 -1.616435794385052971e-02 -1.103961060238988802e-02 1.304788342813055328e-02 3.256021682817032085e-03 -4.201712843961942781e+03
-1.529863045165941009e-02 2.136011322949723026e-02 -1.616098856702907413e-02 -1.102812807764720453e-02 1.302378518025553746e-02 3.243856840615165840e-03 -4.207266098623124890e+03
-1.531872761779020514e-02 2.137330550063995874e-02 -1.615753390489785279e-02 -1.101656638369975967e-02 1.299956531365068814e-02 3.231671370240895430e-03 -4.212818186464576684e+03
-1.533882021460056602e-02 2.138643990327636010e-02 -1.615399390871157317e-02 -1.100492496515563697e-02 1.297523354086774043e-02 3.219448958692378709e-03 -4.218369106750802530e+03
-1.535890823896461990e-02 2.139951637987670685e-02 -1.615036849261304586e-02 -1.099320458699378639e-02 1.295078154909759700e-02 3.207176167371639068e-03 -4.223918858732132321e+03
-1.537899168780285791e-02 2.141253487265961167e-02 -1.614665758146500985e-02 -1.098140424310839990e-02 1.292622002914818428e-02 3.194880188407543675e-03 -4.229467441669197797e+03
-1.539907055801175220e-02 2.142549532390327499e-02 -1.614286113630605465e-02 -1.096952412183444317e-02 1.290154111534953969e-02 3.182547737149351089e-03 -4.235014854815192848e+03
-1.541914484646230744e-02 2.143839767562729856e-02 -1.613897908167754441e-02 -1.095756458513515164e-02 1.287674644405361994e-02 3.170186761489700907e-03 -4.240561097415816221e+03
-1.543921455011660129e-02 2.145124186895631946e-02 -1.613501136587711104e-02 -1.094552497072141459e-02 1.285183927512980641e-02 3.157805387458007592e-03 -4.246106168740611793e+03
-1.545927966583391516e-02 2.146402784486609386e-02 -1.613095798530666050e-02 -1.093340546037208441e-02 1.282681164037903498e-02 3.145379648448101001e-03 -4.251650068025959627e+03
-1.547934019055296692e-02 2.147675554375189089e-02 -1.612681888877387851e-02 -1.092120630606322439e-02 1.280166707811620716e-02 3.132911737236549095e-03 -4.257192794526371472e+03
-1.549939612119414709e-02 2.148942490572760405e-02 -1.612259406500615722e-02 -1.090892779834809999e-02 1.277641417595763197e-02 3.120411363858377040e-03 -4.262734347489434185e+03
-1.551944745470432672e-02 2.150203587039692041e-02 -1.611828346236920256e-02 -1.089656919985114783e-02 1.275104313440953395e-02 3.107863514992814224e-03 -4.268274726171868679e+03
-1.553949418794388013e-02 2.151458837742783320e-02 -1.611388703498349215e-02 -1.088413141498061412e-02 1.272555399689072678e-02 3.095288803236433389e-03 -4.273813929807711247e+03
-1.555953631784679457e-02 2.152708236598551220e-02 -1.610940470453266216e-02 -1.087161412319893189e-02 1.269995050826808712e-02 3.082678679382419400e-03 -4.279351957654990656e+03
-1.557957384126978234e-02 2.153951777604011519e-02 -1.610483642437482085e-02 -1.085901749459365108e-02 1.267423360784492026e-02 3.070006527166485935e-03 -4.284888808952524414e+03
-1.559960675508604601e-02 2.155189454732860804e-02 -1.610018212284922492e-02 -1.084634146225178092e-02 1.264840025502769576e-02 3.057334497465056221e-03 -4.290424482949794765e+03
-1.561963505608643908e-02 2.156421261970684414e-02 -1.609544171820631586e-02 -1.083358622384534252e-02 1.262245549282789252e-02 3.044590413316825873e-03 -4.295958978876599758e+03
-1.563965874114463597e-02 2.157647193318589299e-02 -1.609061514730482714e-02 -1.082075175151169487e-02 1.259639384337530275e-02 3.031830036025244101e-03 -4.301492295988354272e+03
-1.565967780703932805e-02 2.158867242860654581e-02 -1.608570232728885260e-02 -1.080783800875375136e-02 1.257022049746669978e-02 3.019014870934143367e-03 -4.307024433514930934e+03
-1.567969225058161650e-02 2.160081404658463489e-02 -1.608070319213754026e-02 -1.079484483695101506e-02 1.254393475721462224e-02 3.006175749669815194e-03 -4.312555390696513314e+03
-1.569970206857283432e-02 2.161289672766339778e-02 -1.607561766297253836e-02 -1.078177230452269895e-02 1.251752695319993842e-02 2.993315689993461103e-03 -4.318085166767138617e+03
-1.571970725788568099e-02 2.162492041207627821e-02 -1.607044567923339787e-02 -1.076861970140502965e-02 1.249101006165380563e-02 2.980404358444787172e-03 -4.323613760977300444e+03
-1.573970781528389457e-02 2.163688504054655376e-02 -1.606518717078280964e-02 -1.075538767460880105e-02 1.246437744253727463e-02 2.967461776147504570e-03 -4.329141172546125745e+03
-1.575970373760933463e-02 2.164879055314357370e-02 -1.605984207340706987e-02 -1.074207579365967120e-02 1.243763057736086731e-02 2.954509677532482937e-03 -4.334667400713420648e+03
-1.577969502169219301e-02 2.166063688907094234e-02 -1.605441034569585548e-02 -1.072868391252850863e-02 1.241076918029112089e-02 2.941530574893494714e-03 -4.340192444713162331e+03
-1.579968166435312751e-02 2.167242398695947564e-02 -1.604889195715344247e-02 -1.071521212588756600e-02 1.238379616740421449e-02 2.928486591349868055e-03 -4.345716303771994717e+03
-1.581966366247328226e-02 2.168415178523901837e-02 -1.604328688618127802e-02 -1.070166065376389718e-02 1.235670507622541395e-02 2.915416546003712396e-03 -4.351238977132512446e+03
-1.583964101285460432e-02 2.169582022226193563e-02 -1.603759507918329705e-02 -1.068802947167600027e-02 1.232949911385991353e-02 2.902326428961051353e-03 -4.356760464013683304e+03
-1.585961371234906325e-02 2.170742923620892773e-02 -1.603181651009971329e-02 -1.067431864283224958e-02 1.230217986198900090e-02 2.889188439773723947e-03 -4.362280763650998779e+03
-1.587958175776367498e-02 2.171897876470764779e-02 -1.602595112176669057e-02 -1.066052864005269905e-02 1.227474601705949055e-02 2.876014373285362344e-03 -4.367799875272816280e+03
-1.589954514586551515e-02 2.173046874519327792e-02 -1.601999884541916233e-02 -1.064665893808290804e-02 1.224720535694284740e-02 2.862806262313376173e-03 -4.373317798099613356e+03
-1.591950387348048737e-02 2.174189911510278350e-02 -1.601395963331478031e-02 -1.063270999823265686e-02 1.221954700929910043e-02 2.849568481165175651e-03 -4.378834531369396245e+03
-1.593945793734251326e-02 2.175326981258009218e-02 -1.600783342329026651e-02 -1.061868196367029941e-02 1.219177645185159573e-02 2.836279642862744952e-03 -4.384350074295028207e+03
-1.595940733422882354e-02 2.176458077554433920e-02 -1.600162013715284923e-02 -1.060457445173282158e-02 1.216389127611164356e-02 2.822955167080933112e-03 -4.389864426104551967e+03
-1.597935206088380716e-02 2.177583194251222001e-02 -1.599531969920810898e-02 -1.059038798678903041e-02 1.213589062689320736e-02 2.809599302464816945e-03 -4.395377586017570138e+03
-1.599929211402907961e-02 2.178702325230960982e-02 -1.598893204417407496e-02 -1.057612179985121907e-02 1.210777835115593899e-02 2.796226258647316418e-03 -4.400889553248283846e+03
-1.601922749044475472e-02 2.179815464323330704e-02 -1.598245708327553430e-02 -1.056177644808741108e-02 1.207955662385359376e-02 2.782789066243466364e-03 -4.406400327029634354e+03
-1.603915818681281649e-02 2.180922605404126205e-02 -1.597589473481749942e-02 -1.054735163802158864e-02 1.205121251080376599e-02 2.769323334748259244e-03 -4.411909906565967503e+03
-1.605908419987987432e-02 2.182023742294992436e-02 -1.596924493849050802e-02 -1.053284716508787189e-02 1.202275719436798722e-02 2.755837197030601600e-03 -4.417418291075611705e+03
-1.607900552637359093e-02 2.183118868833275328e-02 -1.596250762911332124e-02 -1.051826285012495352e-02 1.199419057055156612e-02 2.742318220056304007e-03 -4.422925479771254686e+03
-1.609892216306661392e-02 2.184207978814853290e-02 -1.595568273910015836e-02 -1.050359869196506105e-02 1.196551102278225510e-02 2.728773398540350770e-03 -4.428431471878689081e+03
-1.611883410664015012e-02 2.185291065981866815e-02 -1.594877021662501060e-02 -1.048885494874444296e-02 1.193672199328423521e-02 2.715215899266293798e-03 -4.433936266594713743e+03
-1.613874135387848019e-02 2.186368123973061670e-02 -1.594177004036135756e-02 -1.047403104988386610e-02 1.190781410142941962e-02 2.701587322617356526e-03 -4.439439863143508774e+03
-1.615864390151949131e-02 2.187439146408565183e-02 -1.593468216662433795e-02 -1.045912742670113658e-02 1.187879595704249662e-02 2.687963722468619896e-03 -4.444942260735866512e+03
-1.617854174630735387e-02 2.188504126902398109e-02 -1.592750658246963255e-02 -1.044414426784665874e-02 1.184966666922539907e-02 2.674280731794253033e-03 -4.450443458584527434e+03
-1.619843488492756639e-02 2.189563059090193081e-02 -1.592024324424038198e-02 -1.042908142097085690e-02 1.182042534330611690e-02 2.660582803927809617e-03 -4.455943455887578239e+03
-1.621832331415410181e-02 2.190615936545663167e-02 -1.591289209655761053e-02 -1.041393908148852653e-02 1.179107007125360963e-02 2.646832859010043656e-03 -4.461442251868865242e+03
-1.623820703067191396e-02 2.191662752876163273e-02 -1.590545308119388143e-02 -1.039871768810691870e-02 1.176160850932502812e-02 2.633058654152959418e-03 -4.466939845723789404e+03
-1.625808603120592818e-02 2.192703501668472749e-02 -1.589792612497111304e-02 -1.038341704812276861e-02 1.173202739610555712e-02 2.619229090186059837e-03 -4.472436236659651513e+03
-1.627796031244434921e-02 2.193738176524177505e-02 -1.589031116780674838e-02 -1.036803668629423907e-02 1.170233417194892905e-02 2.605385524088784516e-03 -4.477931423876707413e+03
-1.629782987111820861e-02 2.194766771023490617e-02 -1.588260813659518600e-02 -1.035257785838124105e-02 1.167252712224774343e-02 2.591487235771409298e-03 -4.483425406592535182e+03
-1.631769470382546383e-02 2.195789278820552137e-02 -1.587481695931126577e-02 -1.033703941086039010e-02 1.164260903863395362e-02 2.577559276292634271e-03 -4.488918183989584577e+03
-1.633755480724490353e-02 2.196805693583851055e-02 -1.586693757307515787e-02 -1.032142219699791301e-02 1.161257887731733524e-02 2.563616838232268217e-03 -4.494409755273811243e+03
-1.635741017802078492e-02 2.197816008947494487e-02 -1.585896987727916999e-02 -1.030572527004250220e-02 1.158243434175310407e-02 2.549625699947658235e-03 -4.499900119644238657e+03
-1.637726081276870763e-02 2.198820218540199767e-02 -1.585091379830805280e-02 -1.028994894735534536e-02 1.155217915086892595e-02 2.535610897245575788e-03 -4.505389276291686656e+03
-1.639710670816597188e-02 2.199818315950582276e-02 -1.584276925379037027e-02 -1.027409289344419219e-02 1.152181412859695081e-02 2.521572352375427584e-03 -4.510877224421728897e+03
-1.641694786080387727e-02 2.200810294782604148e-02 -1.583453618096632848e-02 -1.025815743876699535e-02 1.149133330393383758e-02 2.507504708267332180e-03 -4.516363963218460412e+03
-1.643678426733826900e-02 2.201796148577212300e-02 -1.582621453651196150e-02 -1.024214183807402312e-02 1.146074808675878222e-02 2.493371238546103746e-03 -4.521849491883050177e+03
-1.645661592440463006e-02 2.202775870832601041e-02 -1.581780428732548066e-02 -1.022604650916902891e-02 1.143004837899265144e-02 2.479255395352162120e-03 -4.527333809608945558e+03
-1.647644282861299159e-02 2.203749455015822575e-02 -1.580930540709296270e-02 -1.020987127193289518e-02 1.139923715761357800e-02 2.465102931438515992e-03 -4.532816915581498506e+03
-1.649626497665601307e-02 2.204716894550831641e-02 -1.580071783186813572e-02 -1.019361643587907845e-02 1.136831472123669626e-02 2.450901874523129815e-03 -4.538298809001516020e+03
-1.651608236517488476e-02 2.205678182904712362e-02 -1.579204153805940924e-02 -1.017728190569765906e-02 1.133727971782466128e-02 2.436694488336898796e-03 -4.543779489049186850e+03
-1.653589499084698669e-02 2.206633313524421214e-02 -1.578327647432755873e-02 -1.016086793683243159e-02 1.130613646757745207e-02 2.422421733140573113e-03 -4.549258954918695963e+03
-1.655570285031225317e-02 2.207582279846104570e-02 -1.577442257901109576e-02 -1.014437500100627207e-02 1.127487746440810311e-02 2.408135531107169144e-03 -4.554737205795735463e+03
-1.657550594018476764e-02 2.208525075274377081e-02 -1.576547978427412372e-02 -1.012780282503881503e-02 1.124351215354146838e-02 2.393793867232037447e-03 -4.560214240857870209e+03
-1.659530425715519120e-02 2.209461693100124927e-02 -1.575644804005094449e-02 -1.011115155441615759e-02 1.121203188747911528e-02 2.379444934234617708e-03 -4.565690059307851698e+03
-1.661509779776078333e-02 2.210392126725964357e-02 -1.574732728987809915e-02 -1.009442118129396347e-02 1.118044035409423986e-02 2.365024439125468485e-03 -4.571164660311232183e+03
-1.663488655859807208e-02 2.211316369566767789e-02 -1.573811745636316539e-02 -1.007761213414478524e-02 1.114873406770475021e-02 2.350628816527308013e-03 -4.576638043053439105e+03
-1.665467053622828389e-02 2.212234415051124101e-02 -1.572881848255561904e-02 -1.006072386699666601e-02 1.111692066163391147e-02 2.336142596032562101e-03 -4.582110206711567116e+03
-1.667444972722402496e-02 2.213146256583257976e-02 -1.571943027280169047e-02 -1.004375636729741561e-02 1.108499809497648196e-02 2.321668429950888516e-03 -4.587581150469472959e+03
-1.669422412808899484e-02 2.214051887572401553e-02 -1.570995276487395509e-02 -1.002670938410480349e-02 1.105296227707270804e-02 2.307136750770153073e-03 -4.593050873495313681e+03
-1.671399373539707647e-02 2.214951301316743157e-02 -1.570038586737904085e-02 -1.000958302479155147e-02 1.102081874459367311e-02 2.292571195523280484e-03 -4.598519374976966901e+03
-1.673375854563816448e-02 2.215844491187977244e-02 -1.569072950276734560e-02 -9.992376845422704795e-03 1.098856507425778270e-02 2.278007298174484531e-03 -4.603986654077933963e+03
-1.675351855537584797e-02 2.216731450536702300e-02 -1.568098364083123780e-02 -9.975090920978967393e-03 1.095620141540844077e-02 2.263400684815711564e-03 -4.609452709982027955e+03
-1.677327376113168719e-02 2.217612172769909892e-02 -1.567114821711148090e-02 -9.957725090304625493e-03 1.092372646265112913e-02 2.248772132074411314e-03 -4.614917541851900751e+03
-1.679302415949441782e-02 2.218486651251743227e-02 -1.566122317643042078e-02 -9.940279706333142798e-03 1.089114215618776360e-02 2.234116378526522593e-03 -4.620381148863846647e+03
-1.681276974701980190e-02 2.219354879265730829e-02 -1.565120846732992108e-02 -9.922754806617762810e-03 1.085844740308493026e-02 2.219428592742106552e-03 -4.625843530184051815e+03
-1.683251052029058684e-02 2.220216850048632728e-02 -1.564110404335054480e-02 -9.905150246528647909e-03 1.082564414981673599e-02 2.204708814473660492e-03 -4.631304684984166670e+03
-1.685224647585904789e-02 2.221072556844919804e-02 -1.563090985400669014e-02 -9.887466821218699950e-03 1.079272789997755277e-02 2.189942451204505026e-03 -4.636764612427496104e+03
-1.687197761032050575e-02 2.221921992847824753e-02 -1.562062583586795554e-02 -9.869704390146845363e-03 1.075970138869112441e-02 2.175182042494034230e-03 -4.642223311691619529e+03
-1.689170392018026975e-02 2.222765151224672872e-02 -1.561025197879378074e-02 -9.851862607397100791e-03 1.072656761321730268e-02 2.160347718271790531e-03 -4.647680781928193937e+03
-1.691142540201623357e-02 2.223602025106871660e-02 -1.559978820428358989e-02 -9.833942137974900632e-03 1.069332248861496089e-02 2.145501562482220268e-03 -4.653137022309959320e+03
-1.693114205234907618e-02 2.224432607646198434e-02 -1.558923449298835022e-02 -9.815942683584004749e-03 1.065997214877441659e-02 2.130613927235973284e-03 -4.658592032000566178e+03
-1.695085386763744290e-02 2.225256891995732941e-02 -1.557859076252439239e-02 -9.797864019849179471e-03 1.062651091051698346e-02 2.115711871163806612e-03 -4.664045810154392711e+03
-1.697056084434554399e-02 2.226074871328199978e-02 -1.556785695451171937e-02 -9.779706738602242724e-03 1.059293602263914821e-02 2.100758108746909793e-03 -4.669498355929697937e+03
-1.699026297893073065e-02 2.226886538804935534e-02 -1.555703299172206747e-02 -9.761470069574642444e-03 1.055925371917603404e-02 2.085800310140357473e-03 -4.674949668483811365e+03
-1.700996026787095911e-02 2.227691887552527006e-02 -1.554611880490988814e-02 -9.743154193442968639e-03 1.052546405568422112e-02 2.070784485287993377e-03 -4.680399746981053795e+03
-1.702965270761643349e-02 2.228490910703953207e-02 -1.553511430846332871e-02 -9.724758852984896271e-03 1.049156462141002423e-02 2.055743437864679477e-03 -4.685848590574760237e+03
-1.704934029460499628e-02 2.229283601447273194e-02 -1.552401942227411152e-02 -9.706284135963753196e-03 1.045755497948146033e-02 2.040688200449303127e-03 -4.691296198412379454e+03
-1.706902302527582224e-02 2.230069953012675868e-02 -1.551283407600726437e-02 -9.687729647828656129e-03 1.042343586558450858e-02 2.025598773647860600e-03 -4.696742569641662158e+03
-1.708870089608964526e-02 2.230849958582100528e-02 -1.550155815700024475e-02 -9.669095733152340000e-03 1.038921134146490038e-02 2.010508603668643111e-03 -4.702187703416301702e+03
-1.710837390352952861e-02 2.231623611317945163e-02 -1.549019162242160595e-02 -9.650382664439025385e-03 1.035487857891846664e-02 1.995353383155438424e-03 -4.707631598892839975e+03
-1.712804204405693476e-02 2.232390904377146504e-02 -1.547873443349657985e-02 -9.631590452880455996e-03 1.032043402673394304e-02 1.980188582983389341e-03 -4.713074255219309634e+03
-1.714770531411121193e-02 2.233151830807156638e-02 -1.546718652769747682e-02 -9.612718928122248457e-03 1.028588186970253240e-02 1.965015124840725942e-03 -4.718515671535419642e+03
-1.716736371018280985e-02 2.233906383549930444e-02 -1.545554788384679440e-02 -9.593768392175962625e-03 1.025122035179315376e-02 1.949797506320330139e-03 -4.723955846992268562e+03
-1.718701722872420859e-02 2.234654555533514830e-02 -1.544381844883759188e-02 -9.574738816837445946e-03 1.021645596080844424e-02 1.934553576008079872e-03 -4.729394780732307481e+03
-1.720666586620598834e-02 2.235396339674306648e-02 -1.543199820610753788e-02 -9.555630270283372793e-03 1.018157496101779191e-02 1.919265538624655805e-03 -4.734832471905668172e+03
-1.722630961905560407e-02 2.236131728886091991e-02 -1.542008710949212963e-02 -9.536442764847287076e-03 1.014659472844302648e-02 1.903970176819062268e-03 -4.740268919652847217e+03
-1.724594848365995636e-02 2.236860716125017509e-02 -1.540808510476860890e-02 -9.517176031290095969e-03 1.011150670720932856e-02 1.888612550404328901e-03 -4.745704123105186227e+03
-1.726558245650430118e-02 2.237583294288359240e-02 -1.539599213821238322e-02 -9.497830919302363908e-03 1.007630689176909448e-02 1.873258186507960159e-03 -4.751138081424972370e+03
-1.728521153390870715e-02 2.238299456332697862e-02 -1.538380815969900284e-02 -9.478405915958927272e-03 1.004099979109173042e-02 1.857844801887870547e-03 -4.756570793729458273e+03
-1.730483571227553127e-02 2.239009195175046402e-02 -1.537153308818151043e-02 -9.458902959375101865e-03 1.000558180915264023e-02 1.842407333275714217e-03 -4.762002259158697598e+03
-1.732445498797479874e-02 2.239712503760833348e-02 -1.535916684880399459e-02 -9.439320756980878330e-03 9.970065835125472425e-03 1.826932724956454104e-03 -4.767432476843072436e+03
-1.734406935743202857e-02 2.240409375008232257e-02 -1.534670934705790503e-02 -9.419659385481726765e-03 9.934429181971612954e-03 1.811461536578859357e-03 -4.772861445930685477e+03
-1.736367881693458987e-02 2.241099801952763440e-02 -1.533416049531436710e-02 -9.399918857975954334e-03 9.898695403103043022e-03 1.795941203050333175e-03 -4.778289165531946310e+03
-1.738328336286235065e-02 2.241783777597983543e-02 -1.532152016967693042e-02 -9.380099396139551099e-03 9.862850443423980956e-03 1.780390038866811646e-03 -4.783715634787674389e+03
-1.740288299156428353e-02 2.242461294886810563e-02 -1.530878829145641828e-02 -9.360201040181936188e-03 9.826895142865985089e-03 1.764843243436389417e-03 -4.789140852829603318e+03
-1.742247769937711049e-02 2.243132346756996839e-02 -1.529596482128957498e-02 -9.340223606852746802e-03 9.790833772396074705e-03 1.749252034236135813e-03 -4.794564818780489986e+03
-1.744206748262476167e-02 2.243796926092525568e-02 -1.528304968701420068e-02 -9.320166919559618943e-03 9.754671180032613298e-03 1.733644337984361966e-03 -4.799987531759251397e+03
-1.746165233772116812e-02 2.244455025707425486e-02 -1.527004289545905689e-02 -9.300031201325106162e-03 9.718399229304182374e-03 1.718019157450634661e-03 -4.805408990908315900e+03
-1.748123226098886873e-02 2.245106638334120469e-02 -1.525694439593218953e-02 -9.279816630064866359e-03 9.682023149867073283e-03 1.702330848176798490e-03 -4.810829195342822459e+03
-1.750080724877612140e-02 2.245751756603688032e-02 -1.524375416547234761e-02 -9.259522989373903182e-03 9.645541749821138003e-03 1.686656726574883077e-03 -4.816248144183668046e+03
-1.752037729748161590e-02 2.246390373194211490e-02 -1.523047216941925824e-02 -9.239150156339154957e-03 9.608948340804533000e-03 1.670945367814628433e-03 -4.821665836564742676e+03
-1.753994240340483318e-02 2.247022480849478546e-02 -1.521709833987403178e-02 -9.218698602019841093e-03 9.572258360332463675e-03 1.655207129305796224e-03 -4.827082271591638346e+03
-1.755950256293301731e-02 2.247648072291302812e-02 -1.520363263504533914e-02 -9.198168087542198806e-03 9.535453942393712704e-03 1.639421591098146405e-03 -4.832497448395582978e+03
-1.757905777236929909e-02 2.248267140246947016e-02 -1.519007498928580564e-02 -9.177558972636827572e-03 9.498544860501449000e-03 1.623610249581549378e-03 -4.837911366083689245e+03
-1.759860802803443411e-02 2.248879677417328637e-02 -1.517642535037332790e-02 -9.156871234141685661e-03 9.461529320018509728e-03 1.607777307580052478e-03 -4.843324023771365319e+03
-1.761815332624055291e-02 2.249485676491730021e-02 -1.516268364645161418e-02 -9.136104910448961808e-03 9.424410146054586213e-03 1.591914900850158405e-03 -4.848735420577043442e+03
-1.763769366324644330e-02 2.250085130214006177e-02 -1.514884978187435068e-02 -9.115260122972109955e-03 9.387182716109044450e-03 1.576024925972803513e-03 -4.854145555607778078e+03
-1.765722903532783439e-02 2.250678031333791865e-02 -1.513492370020838758e-02 -9.094336969613866367e-03 9.349849908767131346e-03 1.560105775994294428e-03 -4.859554427977843261e+03
-1.767675943872301994e-02 2.251264372602090544e-02 -1.512090529077268243e-02 -9.073335359068738365e-03 9.312408683408865406e-03 1.544166283704470968e-03 -4.864962036789756894e+03
-1.769628486967296521e-02 2.251844146757285905e-02 -1.510679443266141862e-02 -9.052254744088971891e-03 9.274863602035917157e-03 1.528201127784368238e-03 -4.870368381150263303e+03
-1.771580532443963601e-02 2.252417346478367485e-02 -1.509259108566961965e-02 -9.031095396405440859e-03 9.237215038870785072e-03 1.512212582397117269e-03 -4.875773460176017579e+03
-1.773532079919599991e-02 2.252983964408360185e-02 -1.507829516115010392e-02 -9.009857169399180035e-03 9.199457933098178011e-03 1.496208808144851776e-03 -4.881177272956848356e+03
-1.775483129023453649e-02 2.253543993131435982e-02 -1.506390664019533789e-02 -8.988539955224642691e-03 9.161599144810253503e-03 1.480178078350275015e-03 -4.886579818613779935e+03
-1.777433679376315412e-02 2.254097425254664167e-02 -1.504942548533984119e-02 -8.967143331918139143e-03 9.123637390445960699e-03 1.464129628157681681e-03 -4.891981096236118901e+03
-1.779383730606599184e-02 2.254644253307457394e-02 -1.503485168156819263e-02 -8.945668095281895590e-03 9.085575186622965593e-03 1.448014678142775296e-03 -4.897381104929498179e+03
-1.781333282343976546e-02 2.255184469763272387e-02 -1.502018516241036307e-02 -8.924113821412092001e-03 9.047400679975227747e-03 1.431943334435113908e-03 -4.902779843800893104e+03
-1.783282334210693418e-02 2.255718067091796314e-02 -1.500542587316540215e-02 -8.902481116390262295e-03 9.009124680459727058e-03 1.415792449386972214e-03 -4.908177311934812678e+03
-1.785230885834879558e-02 2.256245037757946201e-02 -1.499057376252240989e-02 -8.880769602225901255e-03 8.970746337951552088e-03 1.399667571712663594e-03 -4.913573508434565156e+03
-1.787178936842106006e-02 2.256765374248867820e-02 -1.497562876494720058e-02 -8.858979831339092517e-03 8.932264298894498217e-03 1.383470638200601666e-03 -4.918968432399787162e+03
-1.789126486853810649e-02 2.257279069051061973e-02 -1.496059082318261339e-02 -8.837111947512651597e-03 8.893675253923134447e-03 1.367233150362546883e-03 -4.924362082920469220e+03
-1.791073535487510554e-02 2.257786114674497496e-02 -1.494545988843212769e-02 -8.815165493177580178e-03 8.854982018540040120e-03 1.350998250932377263e-03 -4.929754459076285457e+03
-1.793020082371505480e-02 2.258286503563429470e-02 -1.493023589801967081e-02 -8.793141219888996746e-03 8.816183272845706104e-03 1.334731408462027898e-03 -4.935145559982200211e+03
-1.794966127115367113e-02 2.258780228234414517e-02 -1.491491880660571548e-02 -8.771038580900853560e-03 8.777283680442867289e-03 1.318464479648859570e-03 -4.940535384706064178e+03
-1.796911669335105738e-02 2.259267281161522062e-02 -1.489950851619431527e-02 -8.748857931113051753e-03 8.738275300166615731e-03 1.302154474570089851e-03 -4.945923932338310806e+03
-1.798856708644513622e-02 2.259747654805543959e-02 -1.488400493803442720e-02 -8.726598931071064338e-03 8.699168750920339976e-03 1.285812606531096291e-03 -4.951311201963120766e+03
-1.800801244662462997e-02 2.260221341565908648e-02 -1.486840799637160690e-02 -8.704261530324540821e-03 8.659958281631508631e-03 1.269448632881672694e-03 -4.956697192679411273e+03
-1.802745276996217672e-02 2.260688333904127198e-02 -1.485271759528997322e-02 -8.681845375428914185e-03 8.620643325208300276e-03 1.253059257516241998e-03 -4.962081903551288633e+03
-1.804688805261383741e-02 2.261148624210460728e-02 -1.483693370037231056e-02 -8.659350511104739814e-03 8.581226793502715749e-03 1.236652972284373866e-03 -4.967465333666632432e+03
-1.806631829072673570e-02 2.261602204849145342e-02 -1.482105624298578166e-02 -8.636776789204334351e-03 8.541698534280986119e-03 1.220227977679726400e-03 -4.972847482106750249e+03
-1.808574348043245558e-02 2.262049068166375326e-02 -1.480508514951268950e-02 -8.614124352541059626e-03 8.502077046185834916e-03 1.203797820936940762e-03 -4.978228347943683730e+03
-1.810516361792486109e-02 2.262489206492905580e-02 -1.478902038919787526e-02 -8.591393738679542133e-03 8.462354680942869856e-03 1.187316057246894617e-03 -4.983607930262311129e+03
-1.812457869933700033e-02 2.262922612127244229e-02 -1.477286190707524996e-02 -8.568584497883618631e-03 8.422521341499303316e-03 1.170804411726231132e-03 -4.988986228128562288e+03
-1.814398872085674908e-02 2.263349277255482378e-02 -1.475660965663323949e-02 -8.545697248059024378e-03 8.382594096327734140e-03 1.154306001887493759e-03 -4.994363240626249535e+03
-1.816339367862511434e-02 2.263769194080801975e-02 -1.474026355861450879e-02 -8.522731704218085291e-03 8.342560117570922348e-03 1.137760804943806952e-03 -4.999738966828963385e+03
-1.818279356873610600e-02 2.264182354863011198e-02 -1.472382359377397316e-02 -8.499687964846035226e-03 8.302429437588011024e-03 1.121207089025684544e-03 -5.005113405799064822e+03
-1.820218838730613270e-02 2.264588751836169381e-02 -1.470728968480930141e-02 -8.476566407050160554e-03 8.262193470257105099e-03 1.104619483947361178e-03 -5.010486556607731472e+03
-1.822157813042737246e-02 2.264988377232033182e-02 -1.469066179435818062e-02 -8.453366734227715437e-03 8.221857364658120490e-03 1.088002803618695266e-03 -5.015858418320294732e+03
-1.824096279421675085e-02 2.265381223252233012e-02 -1.467393988659941584e-02 -8.430089391809119856e-03 8.181419400538691294e-03 1.071349814444931070e-03 -5.021228990010687994e+03
-1.826034237473712560e-02 2.265767282097275528e-02 -1.465712389949339750e-02 -8.406734210596959050e-03 8.140876882770034170e-03 1.054680528178830864e-03 -5.026598270742804743e+03
-1.827971686801357215e-02 2.266146545995146103e-02 -1.464021377420128382e-02 -8.383301147620848826e-03 8.100231703600529673e-03 1.038019162441802465e-03 -5.031966259569267095e+03
-1.829908627012464400e-02 2.266519007145135003e-02 -1.462320942901003569e-02 -8.359790068642859381e-03 8.059488450823824521e-03 1.021284243183240596e-03 -5.037332955558452340e+03
-1.831845057709954525e-02 2.266884657705188835e-02 -1.460611076074866573e-02 -8.336201227121902563e-03 8.018638076903500736e-03 1.004569780406906710e-03 -5.042698357763368222e+03
-1.833780978500160197e-02 2.267243489840487999e-02 -1.458891767986342063e-02 -8.312533854246142995e-03 7.977692484600203485e-03 9.878087108375107738e-04 -5.048062465248292938e+03
-1.835716388985274977e-02 2.267595495740844583e-02 -1.457163011714014689e-02 -8.288788393874669050e-03 7.936637173258832487e-03 9.710451302839654981e-04 -5.053425277066455237e+03
-1.837651288763988283e-02 2.267940667547024489e-02 -1.455424797636770129e-02 -8.264964618387183118e-03 7.895486385895527509e-03 9.542638530907287088e-04 -5.058786792261274968e+03
-1.839585677447935774e-02 2.268278997250716342e-02 -1.453677120915690749e-02 -8.241062660250091099e-03 7.854236242038188653e-03 9.374291889705871567e-04 -5.064147009910510860e+03
-1.841519554632831818e-02 2.268610476945940799e-02 -1.451919976572603813e-02 -8.217082611299858508e-03 7.812887704342432599e-03 9.206180462805970853e-04 -5.069505929045179982e+03
-1.843452919924658262e-02 2.268935098661369401e-02 -1.450153358284240676e-02 -8.193024512494505307e-03 7.771438798167367573e-03 9.037647769372891783e-04 -5.074863548721603365e+03
-1.845385772925838691e-02 2.269252854403653805e-02 -1.448377262159796994e-02 -8.168888373228801181e-03 7.729890052707817823e-03 8.868982293345402954e-04 -5.080219867985725614e+03
-1.847318113242955515e-02 2.269563736116298955e-02 -1.446591684278812975e-02 -8.144674780723986512e-03 7.688246484794919629e-03 8.700067656640711987e-04 -5.085574885898403409e+03
-1.849249940468752559e-02 2.269867735798121455e-02 -1.444796620918609512e-02 -8.120382898560755958e-03 7.646498516466775433e-03 8.530806943991713943e-04 -5.090928601485202307e+03
-1.851181254208008123e-02 2.270164845368954562e-02 -1.442992065417345558e-02 -8.096013928466126025e-03 7.604649002353117485e-03 8.361497155425270380e-04 -5.096281013804148643e+03
-1.853112054061611599e-02 2.270455056781906997e-02 -1.441178015122993039e-02 -8.071567215376955831e-03 7.562701615893649247e-03 8.192103559420448392e-04 -5.101632121896798708e+03
-1.855042339629577389e-02 2.270738361979204520e-02 -1.439354465466565619e-02 -8.047042780142047227e-03 7.520653402830266079e-03 8.022191440243740899e-04 -5.106981924803297261e+03
-1.856972110504287107e-02 2.271014752927971725e-02 -1.437521411997324042e-02 -8.022441332092051722e-03 7.478507593413912316e-03 7.852126655004575606e-04 -5.112330421546607795e+03
-1.858901366289922655e-02 2.271284221511249077e-02 -1.435678845860661502e-02 -7.997762636545287240e-03 7.436258125267939528e-03 7.681943874652765901e-04 -5.117677611188108131e+03
-1.860830106574743251e-02 2.271546759722670866e-02 -1.433826759987443314e-02 -7.973006364504096541e-03 7.393908109519216863e-03 7.511397471045276088e-04 -5.123023492744730902e+03
-1.862758330953727740e-02 2.271802359477070529e-02 -1.431965146772340436e-02 -7.948172959139028493e-03 7.351461344100423609e-03 7.340647406026678265e-04 -5.128368065252606357e+03
-1.864686039019200145e-02 2.272051012666263456e-02 -1.430093992294772208e-02 -7.923261469037323756e-03 7.308917986940875224e-03 7.169800686903920073e-04 -5.133711327744948903e+03
-1.866613230363938294e-02 2.272292711143716545e-02 -1.428213288414072017e-02 -7.898272588310837131e-03 7.266276424198522127e-03 6.998750423242073746e-04 -5.139053279260071577e+03
-1.868539904573814081e-02 2.272527446710038285e-02 -1.426323030564484624e-02 -7.873205495613254737e-03 7.223533078633551791e-03 6.827491600660459941e-04 -5.144393918816327641e+03
-1.870466061239169087e-02 2.272755211133557426e-02 -1.424423209836776089e-02 -7.848061080628031955e-03 7.180695074064743881e-03 6.656104045179157651e-04 -5.149733245443016131e+03
-1.872391699950604407e-02 2.272975996246961311e-02 -1.422513822517514417e-02 -7.822838472091685549e-03 7.137757716835889041e-03 6.484609355031951006e-04 -5.155071258167295127e+03
-1.874316820297009314e-02 2.273189793862742669e-02 -1.420594861803609055e-02 -7.797538092126419032e-03 7.094730490181425445e-03 6.312910958137439533e-04 -5.160407956004960397e+03
-1.876241421879833518e-02 2.273396595692679309e-02 -1.418666322192303243e-02 -7.772160313614048105e-03 7.051599669486132739e-03 6.140942888817085181e-04 -5.165743338003478129e+03
-1.878165504282888060e-02 2.273596393516223724e-02 -1.416728204298726458e-02 -7.746704937408239663e-03 7.008372567323804814e-03 5.968762341940462993e-04 -5.171077403158211382e+03
-1.880089067099236996e-02 2.273789178994232649e-02 -1.414780501328865084e-02 -7.721172480381663372e-03 6.965046840912556513e-03 5.796626308753232218e-04 -5.176410150496594724e+03
-1.882012109917808804e-02 2.273974943752589406e-02 -1.412823210162033466e-02 -7.695563216774033502e-03 6.921624626182111724e-03 5.624010681103064823e-04 -5.181741579035202449e+03
-1.883934632324961445e-02 2.274153679458565738e-02 -1.410856324678119895e-02 -7.669876665498475722e-03 6.878105514790130472e-03 5.451133425388458766e-04 -5.187071687781326546e+03
-1.885856633918117642e-02 2.274325377721518604e-02 -1.408879843164242279e-02 -7.644113592928531917e-03 6.834487605569923400e-03 5.278162241963317092e-04 -5.192400475773018115e+03
-1.887778114276651015e-02 2.274490030241026889e-02 -1.406893756622633329e-02 -7.618273659514042395e-03 6.790773003504020806e-03 5.105020778322157419e-04 -5.197727941999746690e+03
-1.889699072985919284e-02 2.274647628674568781e-02 -1.404898060184766456e-02 -7.592357675255351733e-03 6.746955123523678925e-03 4.931822003801790248e-04 -5.203054085478271190e+03
-1.891619509625772078e-02 2.274798164674867937e-02 -1.402892746389238464e-02 -7.566364158105831281e-03 6.703043897490297900e-03 4.758246274908055351e-04 -5.208378905214871338e+03
-1.893539423778523023e-02 2.274941629823299880e-02 -1.400877805698788441e-02 -7.540293820089197935e-03 6.659039320213866985e-03 4.584473124574212207e-04 -5.213702400222106007e+03
-1.895458815021222598e-02 2.275078015725155375e-02 -1.398853227609800180e-02 -7.514146454060986920e-03 6.614938894513006096e-03 4.410577297458923647e-04 -5.219024569500027610e+03
-1.897377682934604445e-02 2.275207313942864684e-02 -1.396819004072955180e-02 -7.487921229982814723e-03 6.570743993370331722e-03 4.236502470463320382e-04 -5.224345412060178205e+03
-1.899296027093084691e-02 2.275329516048331391e-02 -1.394775127525118945e-02 -7.461619107737490000e-03 6.526455931829935712e-03 4.062475679143915004e-04 -5.229664926893207848e+03
-1.901213847076526492e-02 2.275444613586275269e-02 -1.392721588652589756e-02 -7.435239081037154155e-03 6.482066742282435040e-03 3.888086314520975144e-04 -5.234983113002641403e+03
-1.903131142467751405e-02 2.275552598120223272e-02 -1.390658382678486987e-02 -7.408782072443121855e-03 6.437591550825132354e-03 3.713468514498139664e-04 -5.240299969393247920e+03
-1.905047912843253755e-02 2.275653461208124867e-02 -1.388585501977754322e-02 -7.382247819003502805e-03 6.393012767877493362e-03 3.539031602869462351e-04 -5.245615495047610239e+03
-1.906964157786702682e-02 2.275747194292596781e-02 -1.386502945107163411e-02 -7.355636614414580443e-03 6.348346055651214910e-03 3.364002655241793492e-04 -5.250929688967225047e+03
-1.908879876879632925e-02 2.275833788767935711e-02 -1.384410707669632597e-02 -7.328948497220523495e-03 6.303576430798852291e-03 3.189160205149458964e-04 -5.256242550150111128e+03
-1.910795069698246335e-02 2.275913236033898918e-02 -1.382308789122675512e-02 -7.302184254296560997e-03 6.258717941107152724e-03 3.013993931992040910e-04 -5.261554077582432910e+03
-1.912709735817640783e-02 2.275985527426146321e-02 -1.380197182154187067e-02 -7.275343795084141842e-03 6.213755665134648373e-03 2.838514220548460994e-04 -5.266864270248871435e+03
-1.914623874817188501e-02 2.276050654232645784e-02 -1.378075885145792732e-02 -7.248426444271931397e-03 6.168703185402183396e-03 2.663210987279864797e-04 -5.272173127147833839e+03
-1.916537486270949303e-02 2.276108607784658316e-02 -1.375944893918041104e-02 -7.221433757098315656e-03 6.123560134895372764e-03 2.487311544975417954e-04 -5.277480647263774699e+03
-1.918450569749280410e-02 2.276159379433705110e-02 -1.373804201138087780e-02 -7.194364371403818258e-03 6.078319354313871208e-03 2.311496502884723137e-04 -5.282786829574677540e+03
-1.920363124827505902e-02 2.276202960502041878e-02 -1.371653799828509608e-02 -7.167219158287368302e-03 6.032980402996417774e-03 2.135454068359876037e-04 -5.288091673078642998e+03
-1.922275151068059129e-02 2.276239342382640682e-02 -1.369493683985906207e-02 -7.139997184029941817e-03 5.987558754349956228e-03 1.959019917048089913e-04 -5.293395176737801194e+03
-1.924186648045594222e-02 2.276268516408007023e-02 -1.367323843246105210e-02 -7.112698615895675369e-03 5.942036523706316527e-03 1.782728598511647061e-04 -5.298697339546158219e+03
-1.926097615325089024e-02 2.276290473954414861e-02 -1.365144266818633240e-02 -7.085323650708390091e-03 5.896428167609017376e-03 1.606075681085543968e-04 -5.303998160469202048e+03
-1.928008052475382525e-02 2.276305206346234192e-02 -1.362954948274564503e-02 -7.057871934178501332e-03 5.850721853948411683e-03 1.429291262474997046e-04 -5.309297638482332331e+03
-1.929917959063689320e-02 2.276312704889160363e-02 -1.360755874883040270e-02 -7.030343220274375658e-03 5.804927393458969055e-03 1.252543704915118090e-04 -5.314595772559123361e+03
-1.931827334658180531e-02 2.276312960835147683e-02 -1.358547039385522674e-02 -7.002737733185470867e-03 5.759035376978431132e-03 1.075658255726468437e-04 -5.319892561677384947e+03
-1.933736178823058233e-02 2.276305965424748473e-02 -1.356328433108042533e-02 -6.975055902815939166e-03 5.713052379614515751e-03 8.985733961397571233e-05 -5.325188004798667862e+03
-1.935644491126737449e-02 2.276291709842900857e-02 -1.354100055125979050e-02 -6.947297658901912913e-03 5.666985010914604541e-03 7.212389623486900711e-05 -5.330482100890904803e+03
-1.937552271137195359e-02 2.276270185197652382e-02 -1.351861900112680259e-02 -6.919462994691938547e-03 5.620814269427918362e-03 5.439759478904547079e-05 -5.335774848921363628e+03
-1.939459518420321577e-02 2.276241382574871117e-02 -1.349613968193919336e-02 -6.891552452342506775e-03 5.574553386389322768e-03 3.663662582939836089e-05 -5.341066247855485017e+03
-1.941366232541880815e-02 2.276205292992009022e-02 -1.347356256786660586e-02 -6.863566411545727816e-03 5.528192708884328323e-03 1.887556483283250853e-05 -5.346356296663429021e+03
-1.943272413061940956e-02 2.276161907437134271e-02 -1.345088764305983273e-02 -6.835504216293145779e-03 5.481747410830892231e-03 1.098518760951645349e-06 -5.351644994301139377e+03
-1.945178059542316748e-02 2.276111216918124194e-02 -1.342811487056588989e-02 -6.807366564784807055e-03 5.435213187447535295e-03 -1.670267528280802802e-05 -5.356932339725671227e+03
-1.947083171545132413e-02 2.276053212457310529e-02 -1.340524417205587668e-02 -6.779153301813227624e-03 5.388585332155241235e-03 -3.451556516311956831e-05 -5.362218331893323921e+03
-1.948987748636434036e-02 2.275987885099301986e-02 -1.338227548791200670e-02 -6.750864200262788641e-03 5.341866495961148688e-03 -5.234800574087505464e-05 -5.367502969772501274e+03
-1.950891790369122317e-02 2.275915225989850327e-02 -1.335920872926617091e-02 -6.722499631809866413e-03 5.295054480042432447e-03 -7.019306642140816545e-05 -5.372786252295375562e+03
-1.952795296310376114e-02 2.275835226207699805e-02 -1.333604381541351157e-02 -6.694059526304738973e-03 5.248158190647694843e-03 -8.806625223110794163e-05 -5.378068178435846676e+03
-1.954698266011497404e-02 2.275747876867771288e-02 -1.331278065999780789e-02 -6.665543253679556863e-03 5.201171342870260922e-03 -1.059272606548458966e-04 -5.383348747124236070e+03
-1.956600699031782117e-02 2.275653169018066607e-02 -1.328941914676302558e-02 -6.636951296644700432e-03 5.154101696713674075e-03 -1.238288570603184751e-04 -5.388627957318143672e+03
-1.958502594924053583e-02 2.275551093718132176e-02 -1.326595919589144967e-02 -6.608283714995270841e-03 5.106929933190082135e-03 -1.417154576880448472e-04 -5.393905807958963123e+03
-1.960403953238883112e-02 2.275441641949767918e-02 -1.324240068028639632e-02 -6.579540256056642077e-03 5.059672967925476182e-03 -1.596336287742714541e-04 -5.399182297985819787e+03
-1.962304773528628782e-02 2.275324804570672682e-02 -1.321874356682510576e-02 -6.550720653745986492e-03 5.012327474395123460e-03 -1.775307230144234131e-04 -5.404457426341155042e+03
-1.964205055347940237e-02 2.275200572368173135e-02 -1.319498777792142696e-02 -6.521824913704660394e-03 4.964886599311503154e-03 -1.954536572622295599e-04 -5.409731191970976397e+03
-1.966104798247856472e-02 2.275068936152918955e-02 -1.317113330885577582e-02 -6.492853574213953115e-03 4.917356390948456231e-03 -2.134164356782945662e-04 -5.415003593809607992e+03
-1.968004001780949627e-02 2.274929886729313427e-02 -1.314718011856467854e-02 -6.463806781637136852e-03 4.869740496143585423e-03 -2.313719501499552603e-04 -5.420274630792551761e+03
-1.969902665501241379e-02 2.274783414830518213e-02 -1.312312820362378750e-02 -6.434684386962982901e-03 4.822032847344217762e-03 -2.493192909997709000e-04 -5.425544301859777988e+03
-1.971800788961550546e-02 2.274629511182780367e-02 -1.309897756555868098e-02 -6.405486541945891975e-03 4.774234587791448790e-03 -2.673140821710296875e-04 -5.430812605947106022e+03
-1.973698371709543820e-02 2.274468166517592746e-02 -1.307472815348896707e-02 -6.376214089197296091e-03 4.726355999722537185e-03 -2.852967881146086090e-04 -5.436079541975037500e+03
-1.975595413303500580e-02 2.274299371538398423e-02 -1.305037989797233275e-02 -6.346866522960278000e-03 4.678382787767267244e-03 -3.033109530538351728e-04 -5.441345108890008305e+03
-1.977491913286540809e-02 2.274123117024905508e-02 -1.302593272825001286e-02 -6.317444515845651969e-03 4.630321344300034406e-03 -3.213314008067616988e-04 -5.446609305595507067e+03
-1.979387871214304331e-02 2.273939393712067977e-02 -1.300138657026040333e-02 -6.287947707339514546e-03 4.582178682621655501e-03 -3.393607821751192465e-04 -5.451872131035375787e+03
-1.981283286628620841e-02 2.273748192464275161e-02 -1.297674131784795973e-02 -6.258375914503764431e-03 4.533944108585459022e-03 -3.574101736039114199e-04 -5.457133584118748331e+03
-1.983178159074452940e-02 2.273549504094737189e-02 -1.295199691920039843e-02 -6.228729639758184486e-03 4.485627804275461178e-03 -3.754701897035445210e-04 -5.462393663768357328e+03
-1.985072488094664911e-02 2.273343319371914223e-02 -1.292715326416918331e-02 -6.199008722516400650e-03 4.437222697365038326e-03 -3.935361861309444190e-04 -5.467652368904195100e+03
-1.986966273231699151e-02 2.273129628972732352e-02 -1.290221026075009242e-02 -6.169212614923771064e-03 4.388729732610627612e-03 -4.116238196552555193e-04 -5.472909698452274824e+03
-1.988859514019957267e-02 2.272908423553086574e-02 -1.287716783804198489e-02 -6.139341288983962176e-03 4.340150568270483705e-03 -4.297144506261743276e-04 -5.478165651316502590e+03
-1.990752209996959898e-02 2.272679693634087339e-02 -1.285202591393918951e-02 -6.109394653087615000e-03 4.291486394416088937e-03 -4.478178301284906722e-04 -5.483420226410711621e+03
-1.992644360701961714e-02 2.272443429695634315e-02 -1.282678443950482222e-02 -6.079372570994597512e-03 4.242730556826832151e-03 -4.658914235663607663e-04 -5.488673422645783830e+03
-1.994535965674278793e-02 2.272199622198983748e-02 -1.280144335772721853e-02 -6.049275234465448584e-03 4.193884955525390736e-03 -4.840298159069962862e-04 -5.493925238929082298e+03
-1.996427024458624633e-02 2.271948261629200272e-02 -1.277600263870651461e-02 -6.019102741711636687e-03 4.144960927137845280e-03 -5.021557225105018453e-04 -5.499175674181770773e+03
-1.998317536591750002e-02 2.271689338537692671e-02 -1.275046222573171691e-02 -5.988855333610714968e-03 4.095953605189193297e-03 -5.202672251253161054e-04 -5.504424727296398487e+03
-2.000207501615795455e-02 2.271422843362200933e-02 -1.272482213206787074e-02 -5.958533276186428994e-03 4.046850248548210065e-03 -5.384251223461912657e-04 -5.509672397176592312e+03
-2.002096919070867759e-02 2.271148766533471336e-02 -1.269908234952828868e-02 -5.928137762595351440e-03 3.997663876116025472e-03 -5.565661379152515766e-04 -5.514918682721886398e+03
-2.003985788498305678e-02 2.270867098433880515e-02 -1.267324277966555904e-02 -5.897667640586115069e-03 3.948394687171259167e-03 -5.747276679006154852e-04 -5.520163582840134950e+03
-2.005874109430566890e-02 2.270577829494112646e-02 -1.264730337474841843e-02 -5.867123867122010610e-03 3.899040680161385431e-03 -5.929163746671450462e-04 -5.525407096416977765e+03
-2.007761881407555543e-02 2.270280950120159152e-02 -1.262126406391993194e-02 -5.836506756025793170e-03 3.849605939431945296e-03 -6.110732005210148948e-04 -5.530649222361610555e+03
-2.009649103956888741e-02 2.269976450825831812e-02 -1.259512476871077653e-02 -5.805815979875466118e-03 3.800082442223232191e-03 -6.292741877645029267e-04 -5.535889959553241169e+03
-2.011535776609582257e-02 2.269664322072314014e-02 -1.256888539364444529e-02 -5.775051336235354459e-03 3.750481973615015820e-03 -6.474878407531075176e-04 -5.541129306888465180e+03
-2.013421898897167078e-02 2.269344554231033512e-02 -1.254254589481124463e-02 -5.744212635404328388e-03 3.700792702980426098e-03 -6.656967262627509112e-04 -5.546367263267931776e+03
-2.015307470339698995e-02 2.269017137706268866e-02 -1.251610618031235266e-02 -5.713299672499729323e-03 3.651027984672515665e-03 -6.839295094551443074e-04 -5.551603827558517878e+03
-2.017192490466221746e-02 2.268682062769193652e-02 -1.248956618054133938e-02 -5.682312062962172061e-03 3.601176131809527906e-03 -7.021744377228582475e-04 -5.556838998653302951e+03
-2.019076958804879099e-02 2.268339319651607733e-02 -1.246292582397223909e-02 -5.651250205597000385e-03 3.551236716344173365e-03 -7.204276361563540952e-04 -5.562072775440455189e+03
-2.020960874880095570e-02 2.267988898572211726e-02 -1.243618502680139681e-02 -5.620113503424412765e-03 3.501218663828335569e-03 -7.386740501629179096e-04 -5.567305156795076073e+03
-2.022844238213898638e-02 2.267630789710949404e-02 -1.240934370601058136e-02 -5.588902514145480289e-03 3.451115582109468092e-03 -7.568964606179972611e-04 -5.572536141583137578e+03
-2.024727048342505123e-02 2.267264983211080345e-02 -1.238240179913347762e-02 -5.557617045450313591e-03 3.400926524620361338e-03 -7.751368577892916913e-04 -5.577765728706409391e+03
-2.026609304786928037e-02 2.266891469316553720e-02 -1.235535926342612618e-02 -5.526257959020757470e-03 3.350655440653790926e-03 -7.933988210227181908e-04 -5.582993917020133267e+03
-2.028491007075213653e-02 2.266510238152672288e-02 -1.232821608949200357e-02 -5.494824630387929940e-03 3.300305019702708988e-03 -8.116786712643881806e-04 -5.588220705396784069e+03
-2.030372154737150950e-02 2.266121279790770521e-02 -1.230097224777180857e-02 -5.463318721833971929e-03 3.249869094272230495e-03 -8.299464075584960920e-04 -5.593446092714620136e+03
-2.032252747296799805e-02 2.265724584301422734e-02 -1.227362773118470876e-02 -5.431739284676185067e-03 3.199352509780769606e-03 -8.482177700170777292e-04 -5.598670077842956744e+03
-2.034132784272996500e-02 2.265320141755805539e-02 -1.224618247104272521e-02 -5.400087192189689973e-03 3.148754115168952202e-03 -8.665262134675856803e-04 -5.603892659643617662e+03
-2.036012265183494152e-02 2.264907942250871109e-02 -1.221863640732199358e-02 -5.368362793826445337e-03 3.098079200308731518e-03 -8.848103320548361900e-04 -5.609113836980533961e+03
-2.037891189546936835e-02 2.264487975841360246e-02 -1.219098946830746849e-02 -5.336565413095489818e-03 3.047323894663607740e-03 -9.031119763592044842e-04 -5.614333608719523909e+03
-2.039769556877601975e-02 2.264060232615922041e-02 -1.216324159173111201e-02 -5.304695209621517089e-03 2.996489575045104166e-03 -9.214269075169140852e-04 -5.619551973711422761e+03
-2.041647366700997945e-02 2.263624702592100316e-02 -1.213539271497332712e-02 -5.272751721177866557e-03 2.945574652585409604e-03 -9.397682810262015553e-04 -5.624768930840510620e+03
-2.043524618522848252e-02 2.263181375875054219e-02 -1.210744276292670743e-02 -5.240734742488940487e-03 2.894578174109074028e-03 -9.581128158534576045e-04 -5.629984478932778984e+03
-2.045401311860784929e-02 2.262730242439276937e-02 -1.207939166172969717e-02 -5.208644660856386228e-03 2.843504131811533213e-03 -9.764487757294848655e-04 -5.635198616852841042e+03
-2.047277446227499520e-02 2.262271292198371475e-02 -1.205123931397033415e-02 -5.176480876150460139e-03 2.792351946894992745e-03 -9.947859296070475730e-04 -5.640411343451669381e+03
-2.049153021132291835e-02 2.261804515085408251e-02 -1.202298561364562382e-02 -5.144243465852380709e-03 2.741123052761608708e-03 -1.013128723742476615e-03 -5.645622657565635564e+03
-2.051028036095404322e-02 2.261329900931132939e-02 -1.199463047897843596e-02 -5.111933177945635585e-03 2.689808961292064742e-03 -1.031447237483068590e-03 -5.650832558064887053e+03
-2.052902490619155917e-02 2.260847439622869562e-02 -1.196617383635622915e-02 -5.079548931395580155e-03 2.638416055402739453e-03 -1.049812074765960144e-03 -5.656041043769253520e+03
-2.054776384218637633e-02 2.260357120929010200e-02 -1.193761564141314693e-02 -5.047091992867121929e-03 2.586945918250973739e-03 -1.068157221377551190e-03 -5.661248113530924456e+03
-2.056649716406424785e-02 2.259858934608684547e-02 -1.190895587182820049e-02 -5.014562629294098788e-03 2.535391503277508764e-03 -1.086506980283168762e-03 -5.666453766189888483e+03
-2.058522486690402692e-02 2.259352870433060934e-02 -1.188019455118450966e-02 -4.981960206943008423e-03 2.483764435011345806e-03 -1.104874261884026664e-03 -5.671658000575202095e+03
-2.060394694588950013e-02 2.258838918054696665e-02 -1.185133161170528505e-02 -4.949286145662401201e-03 2.432048664209117850e-03 -1.123223733575490300e-03 -5.676860815554377041e+03
-2.062266339598338091e-02 2.258317067233420877e-02 -1.182236705047243729e-02 -4.916540073515331469e-03 2.380263311297934996e-03 -1.141604746495765866e-03 -5.682062209935397732e+03
-2.064137421225546026e-02 2.257787307669017335e-02 -1.179330080984699811e-02 -4.883722538821339172e-03 2.328397940322639911e-03 -1.159976470029246707e-03 -5.687262182556305561e+03
-2.066007938975347735e-02 2.257249629092096532e-02 -1.176413284064064049e-02 -4.850833079439958659e-03 2.276460806956020350e-03 -1.178360612008568864e-03 -5.692460732242692757e+03
-2.067877892357520078e-02 2.256704021183034148e-02 -1.173486309583282074e-02 -4.817871485723585964e-03 2.224447235570929573e-03 -1.196751916089246366e-03 -5.697657857836242329e+03
-2.069747280866861272e-02 2.256150473722877414e-02 -1.170549145261008152e-02 -4.784838063792234975e-03 2.172364308270549691e-03 -1.215148970758676665e-03 -5.702853558137279833e+03
-2.071616104015791202e-02 2.255588976348168670e-02 -1.167601786201003834e-02 -4.751732334590384743e-03 2.120200960406041189e-03 -1.233560147413064259e-03 -5.708047831997307185e+03
-2.073484361296320036e-02 2.255019518785538260e-02 -1.164644221770791410e-02 -4.718554321151238219e-03 2.067967828746157186e-03 -1.251957467989920627e-03 -5.713240678212756393e+03
-2.075352052212950729e-02 2.254442090543452501e-02 -1.161676442037932674e-02 -4.685304139467078022e-03 2.015650948851229699e-03 -1.270360613939091731e-03 -5.718432095621025837e+03
-2.077219176254215677e-02 2.253856681184821312e-02 -1.158698439136982006e-02 -4.651981923352734027e-03 1.963263424971894728e-03 -1.288773810633292048e-03 -5.723622083015664430e+03
-2.079085732920893034e-02 2.253263280244206107e-02 -1.155710204624365092e-02 -4.618587158608717692e-03 1.910799227397774356e-03 -1.307150532241371397e-03 -5.728810639223113867e+03
-2.080951721704860438e-02 2.252661877226101728e-02 -1.152711729594542781e-02 -4.585120122376821171e-03 1.858262882461650042e-03 -1.325547162950426209e-03 -5.733997763045024840e+03
-2.082817142102566521e-02 2.252052461503772918e-02 -1.149703010410669732e-02 -4.551581307922716695e-03 1.805644373175999563e-03 -1.343966815113301332e-03 -5.739183453296002881e+03
-2.084681993607839789e-02 2.251435022439939732e-02 -1.146684047041252215e-02 -4.517970718346569353e-03 1.752956458630984277e-03 -1.362364781142139276e-03 -5.744367708777253029e+03
-2.086546275723355492e-02 2.250809549310516314e-02 -1.143654835585279812e-02 -4.484288660804460099e-03 1.700184342238947885e-03 -1.380757642559424974e-03 -5.749550528314357507e+03
-2.088409987936774154e-02 2.250176031567132848e-02 -1.140615378783319672e-02 -4.450535817741501504e-03 1.647337824003783629e-03 -1.399174298598225780e-03 -5.754731910686732590e+03
-2.090273129746399866e-02 2.249534458586047517e-02 -1.137565672031359484e-02 -4.416711880768140960e-03 1.594415610155076489e-03 -1.417551022975561742e-03 -5.759911854710010630e+03
-2.092135700644709786e-02 2.248884819738822261e-02 -1.134505711620598101e-02 -4.382816924365346735e-03 1.541427812640071716e-03 -1.435979633851205669e-03 -5.765090359184323461e+03
-2.093997700119997613e-02 2.248227104419272052e-02 -1.131435492388748257e-02 -4.348851296431983059e-03 1.488371167860314025e-03 -1.454403600921101236e-03 -5.770267422894477932e+03
-2.095859127661152399e-02 2.247561301980975298e-02 -1.128355003802605436e-02 -4.314814969650359287e-03 1.435238326664020842e-03 -1.472817547314892589e-03 -5.775443044630498662e+03
-2.097719982756716256e-02 2.246887401737175313e-02 -1.125264239168403263e-02 -4.280707825560425492e-03 1.382037869028242402e-03 -1.491248243372870173e-03 -5.780617223186076444e+03
-2.099580264896441784e-02 2.246205392945116106e-02 -1.122163188839088790e-02 -4.246529889027707109e-03 1.328768372488350414e-03 -1.509681946073689138e-03 -5.785789957359705113e+03
-2.101439973563793903e-02 2.245515264878724521e-02 -1.119051846677129348e-02 -4.212281268958558561e-03 1.275432755909569268e-03 -1.528098713756123953e-03 -5.790961245933344799e+03
-2.103299108239539347e-02 2.244817006716667146e-02 -1.115930200978975349e-02 -4.177961813668608186e-03 1.222023114527234951e-03 -1.546559811791586728e-03 -5.796131087687707804e+03
-2.105157668397817511e-02 2.244110607627534254e-02 -1.112798246768620034e-02 -4.143571350408245361e-03 1.168538787896843036e-03 -1.564939487889641231e-03 -5.801299481389452012e+03
-2.107015653520575779e-02 2.243396056783901818e-02 -1.109655971920045676e-02 -4.109109631211731867e-03 1.114986357587470370e-03 -1.583358770907563468e-03 -5.806466425828738465e+03
-2.108873063088572905e-02 2.242673343269766320e-02 -1.106503374495507001e-02 -4.074577429533971992e-03 1.061358488290742351e-03 -1.601779880052642095e-03 -5.811631919786191247e+03
-2.110729896585021234e-02 2.241942456024178035e-02 -1.103340448616735824e-02 -4.039974061268409612e-03 1.007662011187258465e-03 -1.620178499986444937e-03 -5.816795962041611347e+03
-2.112586153486984211e-02 2.241203384039680557e-02 -1.100167193244677363e-02 -4.005299916110570575e-03 9.538920690366579219e-04 -1.638561717898987836e-03 -5.821958551354203337e+03
-2.114441833275996704e-02 2.240456116351188798e-02 -1.096983605348707085e-02 -3.970555601921644216e-03 9.000483860508423075e-04 -1.656980327318050223e-03 -5.827119686494766938e+03
-2.116296935433116533e-02 2.239700642007295267e-02 -1.093789683599174015e-02 -3.935741228356402777e-03 8.461300935759197500e-04 -1.675381925927358533e-03 -5.832279366231280619e+03
-2.118151459440594658e-02 2.238936950077123622e-02 -1.090585426515592801e-02 -3.900856690583061944e-03 7.921450249486404428e-04 -1.693785829921527503e-03 -5.837437589337739155e+03
-2.120005404773673413e-02 2.238165029586386065e-02 -1.087370826717762307e-02 -3.865903046409935317e-03 7.380956432867291422e-04 -1.712187448984916951e-03 -5.842594354573086093e+03
-2.121858770901353247e-02 2.237384869510130811e-02 -1.084145879743990924e-02 -3.830879453273109726e-03 6.839807416566480360e-04 -1.730597784219985993e-03 -5.847749660681104615e+03
-2.123711557307271861e-02 2.236596458680930460e-02 -1.080910574891708921e-02 -3.795786481376430248e-03 6.297947046385955544e-04 -1.749006148549899810e-03 -5.852903506449136330e+03
-2.125563763453989022e-02 2.235799786012631143e-02 -1.077664906240029773e-02 -3.760624521728856470e-03 5.755508753067735449e-04 -1.767442362597897382e-03 -5.858055890607873152e+03
-2.127415388813803585e-02 2.234994840343039468e-02 -1.074408867072009464e-02 -3.725393223157387555e-03 5.212397848240983437e-04 -1.785819687251122886e-03 -5.863206811917574669e+03
-2.129266432851924934e-02 2.234181610502894086e-02 -1.071142448773410895e-02 -3.690092623243412459e-03 4.668636695809117994e-04 -1.804265011156847140e-03 -5.868356269122676167e+03
-2.131116895038696196e-02 2.233360085240417015e-02 -1.067865645104650041e-02 -3.654722471550749408e-03 4.124227089322381255e-04 -1.822665639883064076e-03 -5.873504260986134796e+03
-2.132966774827888337e-02 2.232530253374981691e-02 -1.064578450261317692e-02 -3.619283084780203739e-03 3.579048084049936428e-04 -1.841033754921403984e-03 -5.878650786227251956e+03
-2.134816071689493375e-02 2.231692103625875639e-02 -1.061280855014364033e-02 -3.583773425318116396e-03 3.033283676114884573e-04 -1.859425125301872881e-03 -5.883795843610974771e+03
-2.136664785087015808e-02 2.230845624724575593e-02 -1.057972853024880498e-02 -3.548194145965945234e-03 2.486828336283902915e-04 -1.877799190750852054e-03 -5.888939431870252520e+03
-2.138512914489599029e-02 2.229990805301770504e-02 -1.054654441834805556e-02 -3.512545530532943695e-03 1.939645045059435607e-04 -1.896161603639394486e-03 -5.894081549748450925e+03
-2.140360459354280487e-02 2.229127634056352406e-02 -1.051325617070204832e-02 -3.476827116099924422e-03 1.391821975657237735e-04 -1.914503939356709079e-03 -5.899222195955275311e+03
-2.142207419158034809e-02 2.228256099561555861e-02 -1.047986374691977848e-02 -3.441039806319629024e-03 8.433586833549291733e-05 -1.932859131330742384e-03 -5.904361369259944695e+03
-2.144053793355541609e-02 2.227376190546519891e-02 -1.044636712634347542e-02 -3.405183587655532303e-03 2.941918467760330568e-05 -1.951229792239877071e-03 -5.909499068366963911e+03
-2.145899581409740214e-02 2.226487895671350539e-02 -1.041276625081775410e-02 -3.369259069907167177e-03 -2.556022162575653729e-05 -1.969606303521707381e-03 -5.914635292007896169e+03
-2.147744782782925674e-02 2.225591203494686754e-02 -1.037906108113659069e-02 -3.333265992503883519e-03 -8.060031242487289958e-05 -1.987948815652367061e-03 -5.919770038913744429e+03
-2.149589396935904992e-02 2.224686102459435752e-02 -1.034525156191291005e-02 -3.297204758859467212e-03 -1.357044315227041802e-04 -2.006310564375564376e-03 -5.924903307815292465e+03
-2.151433423319874111e-02 2.223772580987367492e-02 -1.031133762477813749e-02 -3.261076209719012894e-03 -1.908688360887554017e-04 -2.024682141125076773e-03 -5.930035097422844046e+03
-2.153276861388536689e-02 2.222850627501865226e-02 -1.027731922046136795e-02 -3.224879755355328573e-03 -2.460942316622900783e-04 -2.043037635503390948e-03 -5.935165406454281765e+03
-2.155119710595106847e-02 2.221920230377315633e-02 -1.024319627497323471e-02 -3.188615536186647711e-03 -3.013843355290877222e-04 -2.061379086297071821e-03 -5.940294233625909328e+03
-2.156961970386823621e-02 2.220981378035915416e-02 -1.020896877208641099e-02 -3.152283626999117204e-03 -3.567249743688707389e-04 -2.079722070885308902e-03 -5.945421577641315707e+03
-2.158803640221378453e-02 2.220034058835752486e-02 -1.017463660658940623e-02 -3.115883388105993371e-03 -4.121347354327544441e-04 -2.098043708787238060e-03 -5.950547437239520150e+03
-2.160644719534881436e-02 2.219078261296469207e-02 -1.014019972266860456e-02 -3.079415089988957969e-03 -4.676090279273986358e-04 -2.116335929510663755e-03 -5.955671811094503937e+03
-2.162485207777374227e-02 2.218113973755155358e-02 -1.010565802427527450e-02 -3.042878380069056251e-03 -5.231343518890541056e-04 -2.134639331078740185e-03 -5.960794697919024657e+03
-2.164325104399208652e-02 2.217141184513422847e-02 -1.007101147497857854e-02 -3.006273878175259786e-03 -5.787348479528322100e-04 -2.152922398760622434e-03 -5.965916096414081949e+03
-2.166164408849932319e-02 2.216159881846032145e-02 -1.003625997626346293e-02 -2.969600534769948567e-03 -6.343843086509942924e-04 -2.171226685616529754e-03 -5.971036005275308526e+03
-2.168003120583457399e-02 2.215170054035489958e-02 -1.000140350909713496e-02 -2.932859447448556839e-03 -6.901051786913276788e-04 -2.189499217954352182e-03 -5.976154423217551084e+03
-2.169841239040576353e-02 2.214171689362777473e-02 -9.966442033923236452e-03 -2.896050661603889569e-03 -7.458845786779501113e-04 -2.207748303869536133e-03 -5.981271348920240598e+03
-2.171678763666138462e-02 2.213164775999806183e-02 -9.931375509149138747e-03 -2.859174946562654997e-03 -8.017282893571771405e-04 -2.226051612168525665e-03 -5.986386781075593717e+03
-2.173515693903322471e-02 2.212149302058582026e-02 -9.896203895269855763e-03 -2.822231951363981649e-03 -8.576277001620632220e-04 -2.244292335451408132e-03 -5.991500718370693903e+03
-2.175352029203614368e-02 2.211125255569391587e-02 -9.860927173143288135e-03 -2.785222454564230399e-03 -9.135872203480879675e-04 -2.262575260297693732e-03 -5.996613159513787650e+03
-2.177187768997443720e-02 2.210092624626209049e-02 -9.825545265818771273e-03 -2.748146488930525329e-03 -9.696104970959350342e-04 -2.280851209244911301e-03 -6.001724103157133868e+03
-2.179022912734008763e-02 2.209051397056309776e-02 -9.790058134927738173e-03 -2.711003896958033912e-03 -1.025684104878050269e-03 -2.299075565898298524e-03 -6.006833548018371403e+03
-2.180857459838860674e-02 2.208001560912245184e-02 -9.754465745974280969e-03 -2.673795477079281540e-03 -1.081811893462816766e-03 -2.317321192286966956e-03 -6.011941492748629571e+03
-2.182691409754088444e-02 2.206943104146093931e-02 -9.718768065219264909e-03 -2.636521042157503360e-03 -1.137996678381499472e-03 -2.335545679953816411e-03 -6.017047936044313246e+03
-2.184524761904872714e-02 2.205876014860650575e-02 -9.682965001595357502e-03 -2.599180115204109253e-03 -1.194236460720948150e-03 -2.353743094485088311e-03 -6.022152876556287993e+03
-2.186357515725895553e-02 2.204800281058045403e-02 -9.647056506923962216e-03 -2.561773001368132865e-03 -1.250534101864552794e-03 -2.371966507267142445e-03 -6.027256312963610071e+03
-2.188189670645663415e-02 2.203715890741156716e-02 -9.611042479263830207e-03 -2.524298809258288760e-03 -1.306880452872145014e-03 -2.390148590522743911e-03 -6.032358243924495582e+03
-2.190021226097217319e-02 2.202622831812632229e-02 -9.574922861031750707e-03 -2.486758245424869600e-03 -1.363285971696858497e-03 -2.408322490476617287e-03 -6.037458668109365135e+03
-2.191852181509702790e-02 2.201521092204216865e-02 -9.538697560595117697e-03 -2.449150978959365160e-03 -1.419748425477950588e-03 -2.426491396150212698e-03 -6.042557584172616771e+03
-2.193682536318011800e-02 2.200410659789816745e-02 -9.502366529263797656e-03 -2.411477333453801008e-03 -1.476268257523182231e-03 -2.444638782275248765e-03 -6.047654990787556926e+03
-2.195512289944849538e-02 2.199291522444872526e-02 -9.465929726755854812e-03 -2.373737363204501526e-03 -1.532845615337139009e-03 -2.462777576101136609e-03 -6.052750886592418283e+03
-2.197341441825711311e-02 2.198163667792669279e-02 -9.429387115711989481e-03 -2.335931219123945409e-03 -1.589483517388729124e-03 -2.480937518637270182e-03 -6.057845270261740552e+03
-2.199169991388336479e-02 2.197027083475276352e-02 -9.392738682862871585e-03 -2.298059630784553796e-03 -1.646171861219793489e-03 -2.499062913497674017e-03 -6.062938140449215098e+03
-2.200997938057346059e-02 2.195881757169024576e-02 -9.355984384225912720e-03 -2.260122815059003188e-03 -1.702913439981574087e-03 -2.517199607402956403e-03 -6.068029495797383788e+03
-2.202825281251976491e-02 2.194727676540843275e-02 -9.319124163525583510e-03 -2.222120839478482993e-03 -1.759718626437839278e-03 -2.535288098191381800e-03 -6.073119334933518985e+03
-2.204652020407366075e-02 2.193564829067358099e-02 -9.282157962401147572e-03 -2.184053916068423844e-03 -1.816568358094573267e-03 -2.553379195955636418e-03 -6.078207656537862931e+03
-2.206478154934119612e-02 2.192393202272257743e-02 -9.245085763186602565e-03 -2.145922807385969040e-03 -1.873471861968880421e-03 -2.571492665897223522e-03 -6.083294459227795414e+03
-2.208303684247285917e-02 2.191212783722434887e-02 -9.207907553661140790e-03 -2.107727127964353735e-03 -1.930425408871769928e-03 -2.589548901997227454e-03 -6.088379741633662888e+03
-2.210128607773991297e-02 2.190023560950812506e-02 -9.170623252708929446e-03 -2.069467487401836954e-03 -1.987428340054031226e-03 -2.607621135902494624e-03 -6.093463502417705058e+03
-2.211952924912604854e-02 2.188825521682660410e-02 -9.133232823625242469e-03 -2.031142540083555673e-03 -2.044474379137078621e-03 -2.625667100809747634e-03 -6.098545740164996459e+03
-2.213776635090504430e-02 2.187618653381536230e-02 -9.095736172568832587e-03 -1.992753543566214060e-03 -2.101568172222879026e-03 -2.643725603071662034e-03 -6.103626453546656194e+03
-2.215599737708968259e-02 2.186402943608523747e-02 -9.058133238956017630e-03 -1.954299335569808106e-03 -2.158716191663655193e-03 -2.661744347368101473e-03 -6.108705641158890103e+03
-2.217422232179958388e-02 2.185178379854525038e-02 -9.020423951732916071e-03 -1.915780521584380895e-03 -2.215911798033766769e-03 -2.679744918824401075e-03 -6.113783301623951047e+03
-2.219244117927727730e-02 2.183944949497559559e-02 -8.982608246649263078e-03 -1.877196762956962611e-03 -2.273161986832206768e-03 -2.697706998450853481e-03 -6.118859433595740484e+03
-2.221065394347541966e-02 2.182702640057559984e-02 -8.944686054679226728e-03 -1.838548086366678528e-03 -2.330465191967691623e-03 -2.715691601578704498e-03 -6.123934035643853349e+03
-2.222886060865431751e-02 2.181451438719509209e-02 -8.906657348331428053e-03 -1.799834699363157169e-03 -2.387819364794829119e-03 -2.733650613828626612e-03 -6.129007106427478902e+03
-2.224706116882394641e-02 2.180191332768832008e-02 -8.868522060679905755e-03 -1.761057621675607594e-03 -2.445224514384635329e-03 -2.751598732079852533e-03 -6.134078644535277817e+03
-2.226525561810837814e-02 2.178922309380719111e-02 -8.830280179715379110e-03 -1.722216976898421903e-03 -2.502679651107817243e-03 -2.769525855897100267e-03 -6.139148648589773984e+03
-2.228344395060313787e-02 2.177644355682356245e-02 -8.791931645764966899e-03 -1.683312782071617062e-03 -2.560187381449284278e-03 -2.787433127697702424e-03 -6.144217117196270010e+03
-2.230162616035600773e-02 2.176357458776046611e-02 -8.753476416352311620e-03 -1.644345351837163535e-03 -2.617739436225672341e-03 -2.805350633933805481e-03 -6.149284048947038173e+03
-2.231980224142210076e-02 2.175061605741943419e-02 -8.714914482289282116e-03 -1.605315269182923518e-03 -2.675338324529297727e-03 -2.823245458632613492e-03 -6.154349442447307410e+03
-2.233797218781309254e-02 2.173756783597583647e-02 -8.676245817429857274e-03 -1.566222906778707603e-03 -2.732985222344565777e-03 -2.841126501023502875e-03 -6.159413296301683658e+03
-2.235613599346179120e-02 2.172442979446786993e-02 -8.637470379585465013e-03 -1.527067703648798307e-03 -2.790665239858661911e-03 -2.858976541105489027e-03 -6.164475609096389235e+03
-2.237429365224701677e-02 2.171120180516968382e-02 -8.598588168356359127e-03 -1.487849692096777747e-03 -2.848392739119733237e-03 -2.876834751160460210e-03 -6.169536379399210091e+03
-2.239244515828316476e-02 2.169788373783211599e-02 -8.559599078315221696e-03 -1.448569037035643678e-03 -2.906159128289843331e-03 -2.894680771378693729e-03 -6.174595605844776401e+03
-2.241059050536483438e-02 2.168447546378393306e-02 -8.520503073250326395e-03 -1.409225334316170294e-03 -2.963969284268906483e-03 -2.912488655477424478e-03 -6.179653286978745200e+03
-2.242872968743244572e-02 2.167097685343965033e-02 -8.481300094705332762e-03 -1.369818840704645950e-03 -3.021828798278343876e-03 -2.930268863204585697e-03 -6.184709421390512034e+03
-2.244686269838807452e-02 2.165738777788637007e-02 -8.441990041294315100e-03 -1.330349446684327749e-03 -3.079730277618688596e-03 -2.948043936773132173e-03 -6.189764007653565386e+03
-2.246498953229022696e-02 2.164370810611082607e-02 -8.402572811293767055e-03 -1.290816927612043353e-03 -3.137681826670172223e-03 -2.965797264506356105e-03 -6.194817044382857603e+03
-2.248311018291573177e-02 2.162993770818237224e-02 -8.363048342903968771e-03 -1.251221890868066009e-03 -3.195672666897025980e-03 -2.983538320292007748e-03 -6.199868530108305094e+03
-2.250122464426106486e-02 2.161607645069704708e-02 -8.323416566100107911e-03 -1.211564652258190645e-03 -3.253714205774812119e-03 -3.001247469369690540e-03 -6.204918463420606713e+03
-2.251933291026742695e-02 2.160212420000139077e-02 -8.283677494975884639e-03 -1.171846251390063105e-03 -3.311795792183038975e-03 -3.018957200710028956e-03 -6.209966842892686145e+03
-2.253743497480824309e-02 2.158808082276354040e-02 -8.243831102163047195e-03 -1.132065628560037160e-03 -3.369927763218953307e-03 -3.036615910845321363e-03 -6.215013667079020706e+03
-2.255553083179534860e-02 2.157394618489413135e-02 -8.203877376391648796e-03 -1.092224266117698770e-03 -3.428100069748466448e-03 -3.054268918525149343e-03 -6.220058934546255841e+03
-2.257362047504547428e-02 2.155972015223764707e-02 -8.163816268826272829e-03 -1.052321321852636498e-03 -3.486308033817671782e-03 -3.071948273449216088e-03 -6.225102643842874386e+03
-2.259170389844693955e-02 2.154540259027648910e-02 -8.123647795342418126e-03 -1.012357554469574608e-03 -3.544559686324414913e-03 -3.089565469887925291e-03 -6.230144793543492597e+03
-2.260978109575100675e-02 2.153099336519881737e-02 -8.083371916318023848e-03 -9.723328805928324993e-04 -3.602852542204965959e-03 -3.107210288160578739e-03 -6.235185382192189536e+03
-2.262785206068167188e-02 2.151649234330024058e-02 -8.042988599458773466e-03 -9.322476953551681739e-04 -3.661173136843318566e-03 -3.124802336535685478e-03 -6.240224408330496772e+03
-2.264591678692633170e-02 2.150189939152318680e-02 -8.002497808891721742e-03 -8.921014027294251825e-04 -3.719536519651201259e-03 -3.142370671898248643e-03 -6.245261870486484440e+03
-2.266397526829131218e-02 2.148721437554656014e-02 -7.961899470057256720e-03 -8.518946397948095380e-04 -3.777926172424177827e-03 -3.159908572303271081e-03 -6.250297767225073585e+03
-2.268202749846762178e-02 2.147243716221370821e-02 -7.921193552197490842e-03 -8.116271727685932550e-04 -3.836361232497799596e-03 -3.177449358076217707e-03 -6.255332097081752181e+03
-2.270007347118301738e-02 2.145756761819172034e-02 -7.880379863820502831e-03 -7.712989819478910684e-04 -3.894837793665625793e-03 -3.194956450827488286e-03 -6.260364858594098223e+03
-2.271811318019456571e-02 2.144260560859176032e-02 -7.839458348967572390e-03 -7.309104958310448218e-04 -3.953343912004038917e-03 -3.212436317448805027e-03 -6.265396050298023511e+03
-2.273614661919331689e-02 2.142755099717979714e-02 -7.798428937297902964e-03 -6.904613942428800564e-04 -4.011895266422355229e-03 -3.229879928319356885e-03 -6.270425670704259574e+03
-2.275417378196295526e-02 2.141240364517003544e-02 -7.757291582615974054e-03 -6.499521482196657894e-04 -4.070484798745762321e-03 -3.247326047437689659e-03 -6.275453718354226112e+03
-2.277219466226992201e-02 2.139716341276754613e-02 -7.716046295171273550e-03 -6.093833354737736687e-04 -4.129111656333213018e-03 -3.264736399681830020e-03 -6.280480191787150034e+03
-2.279020925381464863e-02 2.138183016155746283e-02 -7.674693120395678463e-03 -5.687548008011492247e-04 -4.187778886655157788e-03 -3.282128643697099571e-03 -6.285505089521520858e+03
-2.280821755023759376e-02 2.136640375342102952e-02 -7.633232014896788875e-03 -5.280668005381696038e-04 -4.246483102744379526e-03 -3.299508235179151802e-03 -6.290528410054804226e+03
-2.282621954526749264e-02 2.135088404892696023e-02 -7.591662930748584864e-03 -4.873192861968103379e-04 -4.305221169081616464e-03 -3.316851793836627510e-03 -6.295550151915375864e+03
-2.284421523248334612e-02 2.133527090936745627e-02 -7.549985860724024549e-03 -4.465129727143232969e-04 -4.363991619695320456e-03 -3.334217254593765337e-03 -6.300570313604193871e+03
-2.286220460549841932e-02 2.131956419584468340e-02 -7.508200756717806068e-03 -4.056471473354474728e-04 -4.422794833173057313e-03 -3.351511478330578865e-03 -6.305588893638863738e+03
-2.288018765782985631e-02 2.130376376950302020e-02 -7.466307595392490670e-03 -3.647225836652169561e-04 -4.481629547170513754e-03 -3.368805439285853676e-03 -6.310605890517160333e+03
-2.289816438296171305e-02 2.128786949246982627e-02 -7.424306353367070288e-03 -3.237400179442820607e-04 -4.540490380231387499e-03 -3.386089651548736517e-03 -6.315621302727260627e+03
-2.291613477452389760e-02 2.127188122645600962e-02 -7.382196936300606215e-03 -2.826993868204163811e-04 -4.599382349852486340e-03 -3.403311423598612794e-03 -6.320635128797530342e+03
-2.293409882595758009e-02 2.125579883378078336e-02 -7.339979286347514224e-03 -2.416004599143139803e-04 -4.658308427872982597e-03 -3.420524735373196672e-03 -6.325647367199490873e+03
-2.295205653077585922e-02 2.123962217542654449e-02 -7.297653261487361577e-03 -2.004436001465680669e-04 -4.717256978421021686e-03 -3.437725140835391074e-03 -6.330658016421938555e+03
-2.297000788252145584e-02 2.122335111026424012e-02 -7.255218853495995143e-03 -1.592286856195135835e-04 -4.776242583382217521e-03 -3.454870161603507128e-03 -6.335667074957095792e+03
-2.298795287481592009e-02 2.120698549471638356e-02 -7.212676000144457693e-03 -1.179552534066298725e-04 -4.835254964091268391e-03 -3.472009848933367473e-03 -6.340674541313597729e+03
-2.300589150110437381e-02 2.119052518582659195e-02 -7.170024668016221001e-03 -7.662435763076970148e-05 -4.894305698054533284e-03 -3.489121274238287003e-03 -6.345680413942780433e+03
-2.302382375496991873e-02 2.117397003883722192e-02 -7.127264864708670461e-03 -3.523511548809977990e-05 -4.953383616487219351e-03 -3.506174587521242517e-03 -6.350684691335653042e+03
-2.304174962994406592e-02 2.115731991032038586e-02 -7.084396601856514028e-03 6.211393966822657744e-06 -5.012496394439932071e-03 -3.523234345790456253e-03 -6.355687371973549489e+03
-2.305966911945834391e-02 2.114057465779623293e-02 -7.041419841781659285e-03 4.771578610188211543e-05 -5.071635007266237644e-03 -3.540258362592995246e-03 -6.360688454316638854e+03
-2.307758221701700085e-02 2.112373413717776732e-02 -6.998334573849018803e-03 8.927710660618079822e-05 -5.130808827867964876e-03 -3.557280696113065965e-03 -6.365687936843042735e+03
-2.309548891599024281e-02 2.110679820463160633e-02 -6.955140702493193237e-03 1.308956291516007848e-04 -5.190008516450571839e-03 -3.574261336783274897e-03 -6.370685818002494671e+03
-2.311338920982271977e-02 2.108976671547055370e-02 -6.911838195940188563e-03 1.725710215137499269e-04 -5.249231440821926740e-03 -3.591212187175903126e-03 -6.375682096276992525e+03
-2.313128309186246456e-02 2.107263952628207759e-02 -6.868427007434936213e-03 2.143019358509059863e-04 -5.308475889242392394e-03 -3.608172194336257792e-03 -6.380676770126435258e+03
-2.314917055537087445e-02 2.105541649474332658e-02 -6.824907118938625290e-03 2.560888855867927191e-04 -5.367748228327923719e-03 -3.625076783351422437e-03 -6.385669837989403277e+03
-2.316705159358857166e-02 2.103809747762304047e-02 -6.781278497469849127e-03 2.979313718978265305e-04 -5.427038455237355973e-03 -3.641963146870771419e-03 -6.390661298302369687e+03
-2.318492619988241424e-02 2.102068232911052589e-02 -6.737541096940432780e-03 3.398294922851879713e-04 -5.486355346705818620e-03 -3.658821032056977767e-03 -6.395651149534966862e+03
-2.320279436755374666e-02 2.100317090343056456e-02 -6.693694858998416701e-03 3.817828763708894300e-04 -5.545693232014116229e-03 -3.675619895826557227e-03 -6.400639390128932064e+03
-2.322065608994354838e-02 2.098556305427291477e-02 -6.649739748227660383e-03 4.237923147810646963e-04 -5.605053546516097600e-03 -3.692390149474680718e-03 -6.405626018524960273e+03
-2.323851136041187732e-02 2.096785863342828793e-02 -6.605675735502157531e-03 4.658576296858936189e-04 -5.664439461773383699e-03 -3.709139599863206169e-03 -6.410611033166139350e+03
-2.325636017220200982e-02 2.095005749249251661e-02 -6.561502760947874463e-03 5.079785635867698846e-04 -5.723850578067693484e-03 -3.725849274347485963e-03 -6.415594432460781718e+03
-2.327420251870151308e-02 2.093215948221617898e-02 -6.517220766744040439e-03 5.501552389575730014e-04 -5.783286191252448236e-03 -3.742542479542841811e-03 -6.420576214859544052e+03
-2.329203839322915512e-02 2.091416445437356206e-02 -6.472829764810311692e-03 5.923873066886323809e-04 -5.842745854183354140e-03 -3.759185292492187979e-03 -6.425556378796073659e+03
-2.330986778906917953e-02 2.089607226051053493e-02 -6.428329741364939912e-03 6.346743289613034035e-04 -5.902224152396293687e-03 -3.775835787158743958e-03 -6.430534922701526739e+03
-2.332769069938261247e-02 2.087788275198879454e-02 -6.383720637168231217e-03 6.770156248304829219e-04 -5.961729335326098299e-03 -3.792433603836564519e-03 -6.435511844972609651e+03
-2.334550711742133453e-02 2.085959577916072366e-02 -6.339002386459266329e-03 7.194113879178845421e-04 -6.021256222140741569e-03 -3.809013803461498704e-03 -6.440487144035663732e+03
-2.336331703632114898e-02 2.084121119306111061e-02 -6.294174954160128982e-03 7.618611985873387010e-04 -6.080798668027363567e-03 -3.825579081653695049e-03 -6.445460818299054154e+03
-2.338112044922650151e-02 2.082272884393068790e-02 -6.249238310435132303e-03 8.043642691972316839e-04 -6.140356299461049300e-03 -3.842060177135038414e-03 -6.450432866184595696e+03
-2.339891734920169011e-02 2.080414858223688865e-02 -6.204192468694989804e-03 8.469210191587171928e-04 -6.199930627432796888e-03 -3.858591756309884702e-03 -6.455403286090976508e+03
-2.341670772924632840e-02 2.078547025863599837e-02 -6.159037462067262075e-03 8.895306627043656975e-04 -6.259526898312428415e-03 -3.875021497106544924e-03 -6.460372076395566182e+03
-2.343449158262430818e-02 2.076669372078385201e-02 -6.113773230848265280e-03 9.321933968923870086e-04 -6.319134004125223289e-03 -3.891418457613014976e-03 -6.465339235549605291e+03
-2.345226890226985786e-02 2.074781881832189409e-02 -6.068399735195442214e-03 9.749096737879401958e-04 -6.378759198696343571e-03 -3.907839842226808018e-03 -6.470304761902674727e+03
-2.347003968133042767e-02 2.072884539920832880e-02 -6.022916908556904744e-03 1.017678718417244473e-03 -6.438391930743015551e-03 -3.924165501067550590e-03 -6.475268653854342119e+03
-2.348780391290755665e-02 2.070977331049827022e-02 -5.977324711037190069e-03 1.060501101423945566e-03 -6.498046670746861209e-03 -3.940488145055602749e-03 -6.480230909783153948e+03
-2.350556159027076750e-02 2.069060239678091259e-02 -5.931623056452127278e-03 1.103376292921991230e-03 -6.557713794747030076e-03 -3.956743378495239903e-03 -6.485191528120848488e+03
-2.352331270631230833e-02 2.067133250540774403e-02 -5.885811898782029178e-03 1.146304278509516347e-03 -6.617397551444064580e-03 -3.972988230648942867e-03 -6.490150507191490760e+03
-2.354105725418773401e-02 2.065196348152764649e-02 -5.839891234645110465e-03 1.189284749008637752e-03 -6.677097735541074122e-03 -3.989186454668786595e-03 -6.495107845399577855e+03
-2.355879522695170439e-02 2.063249517102270364e-02 -5.793861047292019235e-03 1.232317171235154663e-03 -6.736805242851473530e-03 -4.005381285197394045e-03 -6.500063541126934069e+03
-2.357652661755635023e-02 2.061292741920419877e-02 -5.747721316759089351e-03 1.275401670456560287e-03 -6.796544535356677241e-03 -4.021514626850799037e-03 -6.505017592731727746e+03
-2.359425141895067982e-02 2.059326007080822599e-02 -5.701472021959309334e-03 1.318537372955976266e-03 -6.856283889774335283e-03 -4.037616782469444221e-03 -6.509969998573403245e+03
-2.361196962412147674e-02 2.057349296992914273e-02 -5.655113125082921258e-03 1.361724603344169685e-03 -6.916036531056559376e-03 -4.053706895730994388e-03 -6.514920757027864056e+03
-2.362968122596456957e-02 2.055362596149866439e-02 -5.608644602591764117e-03 1.404962735077121619e-03 -6.975804341269827881e-03 -4.069749690866708569e-03 -6.519869866455049305e+03
-2.364738621727874648e-02 2.053365889024064833e-02 -5.562066500009013419e-03 1.448251930228466964e-03 -7.035580096156075769e-03 -4.085751845313065518e-03 -6.524817325192027056e+03
-2.366508459101811929e-02 2.051359159962832385e-02 -5.515378789017049213e-03 1.491591635889131075e-03 -7.095359384336588464e-03 -4.101700732013684701e-03 -6.529763131618772604e+03
-2.368277633986168654e-02 2.049342393465889561e-02 -5.468581447841955497e-03 1.534981512157476084e-03 -7.155151376076081086e-03 -4.117640209131964886e-03 -6.534707284023319517e+03
-2.370046145691014072e-02 2.047315573570450409e-02 -5.421674404669780782e-03 1.578421966248698015e-03 -7.214947291156501019e-03 -4.133531821421546418e-03 -6.539649780811550954e+03
-2.371813993489724215e-02 2.045278684576930239e-02 -5.374657600616412206e-03 1.621912419609174106e-03 -7.274749409856704624e-03 -4.149387958734733137e-03 -6.544590620280881922e+03
-2.373581176668759438e-02 2.043231710587304836e-02 -5.327530958643804555e-03 1.665452737808469259e-03 -7.334552652854199779e-03 -4.165192124796534938e-03 -6.549529800768515088e+03
-2.375347694526920919e-02 2.041174635480139457e-02 -5.280294437402011792e-03 1.709042968113509090e-03 -7.394365294923736440e-03 -4.180972904715465552e-03 -6.554467320645058862e+03
-2.377113546328961727e-02 2.039107443369973793e-02 -5.232948062537854522e-03 1.752682518102801094e-03 -7.454188965821990573e-03 -4.196740878471581955e-03 -6.559403178182386000e+03
-2.378878731376467270e-02 2.037030117994805684e-02 -5.185491794072313518e-03 1.796371580373231193e-03 -7.514019714833573664e-03 -4.212389353108690268e-03 -6.564337371766187061e+03
-2.380643248935091633e-02 2.034942643445858401e-02 -5.137925627946801979e-03 1.840110116496340188e-03 -7.573850720493165156e-03 -4.228053835483028093e-03 -6.569269899677982721e+03
-2.382407098282163932e-02 2.032845003643209483e-02 -5.090249597503222929e-03 1.883897823069555916e-03 -7.633689483999169662e-03 -4.243657777514694626e-03 -6.574200760241076750e+03
-2.384170278700907877e-02 2.030737182439523725e-02 -5.042463644828986714e-03 1.927733779661958743e-03 -7.693544558873767654e-03 -4.259217768217694357e-03 -6.579129951798688126e+03
-2.385932789443059171e-02 2.028619163937208161e-02 -4.994567746455090551e-03 1.971618663490388567e-03 -7.753394662084040628e-03 -4.274765838985807725e-03 -6.584057472607939417e+03
-2.387694629786353204e-02 2.026490931912972721e-02 -4.946561842945308533e-03 2.015551595322646623e-03 -7.813252175341608985e-03 -4.290272106920487577e-03 -6.588983320999238458e+03
-2.389455798999835789e-02 2.024352470113962438e-02 -4.898445957213324632e-03 2.059532655625856759e-03 -7.873106374376262137e-03 -4.305726850250019000e-03 -6.593907495279053364e+03
-2.391216296345850811e-02 2.022203762290242235e-02 -4.850220086169947618e-03 2.103560688119473273e-03 -7.932960398087990708e-03 -4.321150178204793101e-03 -6.598829993741792350e+03
-2.392976121073538479e-02 2.020044792201732692e-02 -4.801884208100438110e-03 2.147635955569331297e-03 -7.992809681208372721e-03 -4.336550347821394730e-03 -6.603750814650216853e+03
-2.394735272454077274e-02 2.017875543342856348e-02 -4.753438252411685758e-03 2.191758362412879035e-03 -8.052660203314214102e-03 -4.351891986300161427e-03 -6.608669956321437894e+03
-2.396493749742745552e-02 2.015695999236509495e-02 -4.704882168492175581e-03 2.235927660977684445e-03 -8.112505620098549655e-03 -4.367214047958465663e-03 -6.613587417021874899e+03
-2.398251552203268383e-02 2.013506143197519790e-02 -4.656215963378330241e-03 2.280143709957603224e-03 -8.172349339067340804e-03 -4.382450475669043624e-03 -6.618503195045166649e+03
-2.400008679093140751e-02 2.011305958571023983e-02 -4.607439624218822097e-03 2.324406250463419751e-03 -8.232188613709721589e-03 -4.397654395957613024e-03 -6.623417288660185477e+03
-2.401765129675411531e-02 2.009095428684554499e-02 -4.558553146814051278e-03 2.368715474444870513e-03 -8.292029183384059046e-03 -4.412788590060724193e-03 -6.628329696152076394e+03
-2.403520903199664674e-02 2.006874536971561818e-02 -4.509556507628653156e-03 2.413070917927108688e-03 -8.351865149940889549e-03 -4.427919101506277121e-03 -6.633240415775692782e+03
-2.405275998928216308e-02 2.004643266813425917e-02 -4.460449690041481431e-03 2.457472539479627245e-03 -8.411696794767990759e-03 -4.442968495623315223e-03 -6.638149445825980365e+03
-2.407030416102632492e-02 2.002401601732974046e-02 -4.411232664928430199e-03 2.501920182209374684e-03 -8.471536047945291831e-03 -4.458014136591649176e-03 -6.643056784530641380e+03
-2.408784153989017643e-02 2.000149524939209833e-02 -4.361905408916241268e-03 2.546412836864275428e-03 -8.531371996600239233e-03 -4.472976338667777885e-03 -6.647962430185352787e+03
-2.410537211815667880e-02 1.997887019814758094e-02 -4.312467854195842047e-03 2.590950984761059006e-03 -8.591192067676889366e-03 -4.487916555420249504e-03 -6.652866380984984062e+03
-2.412289588840299884e-02 1.995614069309360750e-02 -4.262920023721224541e-03 2.635533810497156602e-03 -8.651014772802910480e-03 -4.502825986789881808e-03 -6.657768635224787431e+03
-2.414041284290708092e-02 1.993330656572875684e-02 -4.213261905323439742e-03 2.680161235928159302e-03 -8.710826861693145295e-03 -4.517671460785855665e-03 -6.662669191117159244e+03
-2.415792297403434111e-02 1.991036764647407739e-02 -4.163493525809287485e-03 2.724832717098124753e-03 -8.770622206998814410e-03 -4.532520526610922355e-03 -6.667568046905354095e+03
-2.417542627411833900e-02 1.988732376479604783e-02 -4.113614860494162716e-03 2.769548152917672597e-03 -8.830413292813367801e-03 -4.547272107270847359e-03 -6.672465200825217835e+03
-2.419292273560376058e-02 1.986417474763763763e-02 -4.063625897124785447e-03 2.814307471492289488e-03 -8.890184388960291686e-03 -4.562014112543063063e-03 -6.677360651132988096e+03
-2.421041235073467454e-02 1.984092042287356403e-02 -4.013526636727124050e-03 2.859110393160280150e-03 -8.949951807834224254e-03 -4.576675234408001357e-03 -6.682254396028659357e+03
-2.422789511184274269e-02 1.981756061795372781e-02 -3.963317046914504455e-03 2.903956632259441922e-03 -9.009704886054138370e-03 -4.591298843478879357e-03 -6.687146433742515001e+03
-2.424537101125769090e-02 1.979409516129003108e-02 -3.912997123140278012e-03 2.948846162213731355e-03 -9.069442411142221439e-03 -4.605852013296896259e-03 -6.692036762496535630e+03
-2.426284004127757937e-02 1.977052388229136662e-02 -3.862566803831715603e-03 2.993778482957414402e-03 -9.129170196004201404e-03 -4.620366060915564142e-03 -6.696925380490665702e+03
-2.428030219440591164e-02 1.974684660773502048e-02 -3.812026069694370110e-03 3.038753134794667122e-03 -9.188891956499205607e-03 -4.634817774960721740e-03 -6.701812285985773087e+03
-2.429775746275677356e-02 1.972306316632363096e-02 -3.761374882832685916e-03 3.083770653114029873e-03 -9.248599749466818176e-03 -4.649225126494480574e-03 -6.706697477136268390e+03
-2.431520583862637960e-02 1.969917338418862920e-02 -3.710613249174158062e-03 3.128830204056019890e-03 -9.308291873266412095e-03 -4.663578851039035071e-03 -6.711580952157171851e+03
-2.433264731424551741e-02 1.967517708688707942e-02 -3.659741169428950246e-03 3.173931607398131852e-03 -9.367972018670565545e-03 -4.677894560067326866e-03 -6.716462709243072823e+03
-2.435008188179921609e-02 1.965107409923586360e-02 -3.608758632154376259e-03 3.219075006607572623e-03 -9.427641475603860607e-03 -4.692187591518337357e-03 -6.721342746584977249e+03
-2.436750953350166199e-02 1.962686424410142738e-02 -3.557665615404876584e-03 3.264259418886895480e-03 -9.487290105129511653e-03 -4.706432822447409632e-03 -6.726221062389814506e+03
-2.438493026141491660e-02 1.960254734476016281e-02 -3.506462180970638335e-03 3.309485311511157178e-03 -9.546919726760883310e-03 -4.720604233806124407e-03 -6.731097654827876795e+03
-2.440234405758840916e-02 1.957812322396403765e-02 -3.455148346168601930e-03 3.354752156648877371e-03 -9.606532250702640163e-03 -4.734750732653756483e-03 -6.735972522071615458e+03
-2.441975091404183576e-02 1.955359170421011247e-02 -3.403724116613059819e-03 3.400059168716734141e-03 -9.666123521323195106e-03 -4.748853111717152818e-03 -6.740845662291267217e+03
-2.443715082299793492e-02 1.952895260536806343e-02 -3.352189476719417624e-03 3.445406423547286469e-03 -9.725694736864090584e-03 -4.762873389139026491e-03 -6.745717073701444860e+03
-2.445454377631472997e-02 1.950420575164157205e-02 -3.300544322637308670e-03 3.490793110253923894e-03 -9.785234136217504583e-03 -4.776841999624172920e-03 -6.750586754406674117e+03
-2.447192976621329757e-02 1.947935096361143315e-02 -3.248788691695096882e-03 3.536218837062777860e-03 -9.844768255171578580e-03 -4.790765892535436832e-03 -6.755454702613118570e+03
-2.448930878471830552e-02 1.945438806383616159e-02 -3.196922520351132887e-03 3.581684103358805799e-03 -9.904264665688266092e-03 -4.804601693858963699e-03 -6.760320916466799645e+03
-2.450668082394628217e-02 1.942931687306673899e-02 -3.144945798373111664e-03 3.627188523404132909e-03 -9.963749862282069575e-03 -4.818368643004381467e-03 -6.765185394136813557e+03
-2.452404587579758849e-02 1.940413721244524728e-02 -3.092858519364673642e-03 3.672731491758321823e-03 -1.002321080339088968e-02 -4.832123733988383761e-03 -6.770048133729869733e+03
-2.454140393242440488e-02 1.937884889977644839e-02 -3.040660679894452521e-03 3.718313473902562158e-03 -1.008265276285490175e-02 -4.845823575888369948e-03 -6.774909133431267037e+03
-2.455875498570917956e-02 1.935345175461775785e-02 -2.988352308941357414e-03 3.763934104988015273e-03 -1.014206669306193416e-02 -4.859460490177919430e-03 -6.779768391352929029e+03
-2.457609902763594964e-02 1.932794559439462989e-02 -2.935933426644591997e-03 3.809592702086437698e-03 -1.020145359902573275e-02 -4.873060712800168955e-03 -6.784625905641583813e+03
-2.459343605004405547e-02 1.930233023657058206e-02 -2.883404042110929762e-03 3.855289504110976945e-03 -1.026082494186022348e-02 -4.886611901948242562e-03 -6.789481674413693327e+03
-2.461076604492976397e-02 1.927660549569153864e-02 -2.830764184167256902e-03 3.901024223598815142e-03 -1.032015345683246106e-02 -4.900103317956553718e-03 -6.794335695840149128e+03
-2.462808900393312697e-02 1.925077118907869353e-02 -2.778013861014293900e-03 3.946795976331171629e-03 -1.037945954988059305e-02 -4.913552122159463818e-03 -6.799187967988716991e+03
-2.464540491895434934e-02 1.922482713192199058e-02 -2.725153040050230617e-03 3.992604106177414375e-03 -1.043873909988255778e-02 -4.926911170442682501e-03 -6.804038489004645271e+03
-2.466271378180712529e-02 1.919877313981628933e-02 -2.672181739034201926e-03 4.038448614405402461e-03 -1.049799031508106759e-02 -4.940230795294868471e-03 -6.808887257005785614e+03
-2.468001558420379257e-02 1.917260902869961925e-02 -2.619099893192679707e-03 4.084328771280934869e-03 -1.055720601322294137e-02 -4.953509100713838348e-03 -6.813734270080656643e+03
-2.469731031788918382e-02 1.914633461320160851e-02 -2.565907513355867014e-03 4.130244617297053680e-03 -1.061638754814948210e-02 -4.966689726936489128e-03 -6.818579526327487656e+03
-2.471459797464066813e-02 1.911994970741206362e-02 -2.512604574995635619e-03 4.176195650875324725e-03 -1.067553967423738245e-02 -4.979806163398410070e-03 -6.823423023844501586e+03
-2.473187854633476096e-02 1.909345412447489149e-02 -2.459191068982370925e-03 4.222182100497154540e-03 -1.073466007123241757e-02 -4.992889616715887914e-03 -6.828264760747279070e+03
-2.474915202473453035e-02 1.906684767739487765e-02 -2.405667006999858380e-03 4.268203665995962300e-03 -1.079375161016063109e-02 -5.005902701212655223e-03 -6.833104735115824951e+03
-2.476641840157207258e-02 1.904013017759809134e-02 -2.352032394297187776e-03 4.314260403070853921e-03 -1.085280028662036038e-02 -5.018842489911974625e-03 -6.837942945031351883e+03
-2.478367766843322939e-02 1.901330143765463457e-02 -2.298287282433880956e-03 4.360352255877694531e-03 -1.091181838784508439e-02 -5.031748850803974098e-03 -6.842779388548351562e+03
-2.480092981708195699e-02 1.898636126714259298e-02 -2.244431701546035964e-03 4.406477665842025403e-03 -1.097080405467613755e-02 -5.044597535068431025e-03 -6.847614063770575740e+03
-2.481817483916915618e-02 1.895930947679614828e-02 -2.190465661692550092e-03 4.452637573182345078e-03 -1.102974967081420642e-02 -5.057376826385937690e-03 -6.852446968770581407e+03
-2.483541272634011768e-02 1.893214587588802275e-02 -2.136389170226820743e-03 4.498831186766373211e-03 -1.108866247537911714e-02 -5.070114259944421588e-03 -6.857278101620479902e+03
-2.485264347009775651e-02 1.890487027346967816e-02 -2.082202232477749302e-03 4.545057769269875148e-03 -1.114753169845659510e-02 -5.082781866964612705e-03 -6.862107460363516111e+03
-2.486986706191646190e-02 1.887748247823479650e-02 -2.027904846263572751e-03 4.591317114163737632e-03 -1.120636633099479813e-02 -5.095407368169852826e-03 -6.866935043044222766e+03
-2.488708349328718275e-02 1.884998229857389948e-02 -1.973496987062083909e-03 4.637608625404097094e-03 -1.126515705075781248e-02 -5.107936447315815018e-03 -6.871760847718907826e+03
-2.490429275575838097e-02 1.882236954232616166e-02 -1.918978665598324940e-03 4.683931592618354248e-03 -1.132390742978723989e-02 -5.120410515574540244e-03 -6.876584872450353032e+03
-2.492149484080267291e-02 1.879464401652797614e-02 -1.864349900449096100e-03 4.730286668844182509e-03 -1.138262415198233561e-02 -5.132821659951522335e-03 -6.881407115269905262e+03
-2.493868973979835799e-02 1.876680552833590032e-02 -1.809610658826277729e-03 4.776673131613120085e-03 -1.144128227249823979e-02 -5.145168069536361355e-03 -6.886227574178749819e+03
-2.495587744437182884e-02 1.873885388248765910e-02 -1.754760977589684941e-03 4.823091297230817920e-03 -1.149990569108382855e-02 -5.157441652094560229e-03 -6.891046247254884292e+03
-2.497305794585686495e-02 1.871078888520280939e-02 -1.699800838074724861e-03 4.869540017757470300e-03 -1.155847806340710125e-02 -5.169659041853075752e-03 -6.895863132488112569e+03
-2.499023123577246222e-02 1.868261033976163776e-02 -1.644730262164238082e-03 4.916019856858099869e-03 -1.161700703911265099e-02 -5.181812590148026851e-03 -6.900678227916821925e+03
-2.500739730552110560e-02 1.865431805087858219e-02 -1.589549300741418311e-03 4.962529840779326615e-03 -1.167549122448427457e-02 -5.193904488596723899e-03 -6.905491531547550949e+03
-2.502455614656165853e-02 1.862591182119132521e-02 -1.534257979455859108e-03 5.009069768694553865e-03 -1.173393650954167138e-02 -5.205933721703805486e-03 -6.910303041409137222e+03
-2.504170775015139225e-02 1.859739145420115022e-02 -1.478856349904390799e-03 5.055639293469016242e-03 -1.179232171881851483e-02 -5.217879378321511191e-03 -6.915112755482111424e+03
-2.505885210775037064e-02 1.856875675114820837e-02 -1.423344447555633177e-03 5.102237769069528465e-03 -1.185066854080954468e-02 -5.229772507653076413e-03 -6.919920671809974010e+03
-2.507598921049161364e-02 1.854000751471140615e-02 -1.367722294042825713e-03 5.148865150928065050e-03 -1.190896364011020600e-02 -5.241636471275000833e-03 -6.924726788346606554e+03
-2.509311904977450797e-02 1.851114354383536983e-02 -1.311989825560337707e-03 5.195521113222570028e-03 -1.196720214301751940e-02 -5.253407474576341635e-03 -6.929531103129807889e+03
-2.511024161660016518e-02 1.848216464124834146e-02 -1.256147067018589239e-03 5.242205411787083380e-03 -1.202540870598343449e-02 -5.265097331967044832e-03 -6.934333614079989275e+03
-2.512735690231283556e-02 1.845307060597658685e-02 -1.200194035263978066e-03 5.288917970616000518e-03 -1.208354648841879382e-02 -5.276737644310016025e-03 -6.939134319222541308e+03
-2.514446489796694217e-02 1.842386123903105508e-02 -1.144130757366318678e-03 5.335657774707148852e-03 -1.214163947271415869e-02 -5.288300938643170253e-03 -6.943933216499352056e+03
-2.516156559472389545e-02 1.839453633877351918e-02 -1.087957200413798694e-03 5.382424855350989926e-03 -1.219967011978899743e-02 -5.299776599921725978e-03 -6.948730303887001355e+03
-2.517865898367364214e-02 1.836509570369107905e-02 -1.031673387567148608e-03 5.429218860292090582e-03 -1.225764454023156418e-02 -5.311200677486469998e-03 -6.953525579334135728e+03
-2.519574505621068744e-02 1.833553912814053430e-02 -9.752793395634377091e-04 5.476038750496643910e-03 -1.231555827329615209e-02 -5.322555730355427693e-03 -6.958319040865007992e+03
-2.521282380327034486e-02 1.830586640966671425e-02 -9.187751068749309274e-04 5.522884619648608072e-03 -1.237342188268034972e-02 -5.333825193984369738e-03 -6.963110686364934736e+03
-2.522989521606412711e-02 1.827607734337742540e-02 -8.621607350211651878e-04 5.569756453478767917e-03 -1.243122179468249613e-02 -5.345022222781735388e-03 -6.967900513811204291e+03
-2.524695928568651895e-02 1.824617172432983422e-02 -8.054362853279086300e-04 5.616652896718868186e-03 -1.248897185242480237e-02 -5.356144373246485985e-03 -6.972688521152720568e+03
-2.526401600310846512e-02 1.821614934769348604e-02 -7.486018295437263511e-04 5.663574380857672869e-03 -1.254665777717871473e-02 -5.367226768284211538e-03 -6.977474706304868960e+03
-2.528106535954182874e-02 1.818601000627083700e-02 -6.916573897495100452e-04 5.710520684072082145e-03 -1.260428187540332291e-02 -5.378234679575533833e-03 -6.982259067254532056e+03
-2.529810734580743500e-02 1.815575349655569257e-02 -6.346030058856329866e-04 5.757491277456614105e-03 -1.266185631331357385e-02 -5.389161295007081215e-03 -6.987041601872386309e+03
-2.531514195294200242e-02 1.812537961098846170e-02 -5.774386542259618126e-04 5.804486190867126985e-03 -1.271936400952516227e-02 -5.400018868493876995e-03 -6.991822308104560761e+03
-2.533216917181484867e-02 1.809488814222681013e-02 -5.201642833659734155e-04 5.851505303980416260e-03 -1.277680390990715981e-02 -5.410808755565191600e-03 -6.996601183863013830e+03
-2.534918899315659335e-02 1.806427888405549853e-02 -4.627799316790067526e-04 5.898547788817458046e-03 -1.283418342559927358e-02 -5.421529546658233889e-03 -7.001378227026609238e+03
-2.536620140802256854e-02 1.803355162692537109e-02 -4.052855897583244990e-04 5.945613051503940635e-03 -1.289150099263632401e-02 -5.432133147583765101e-03 -7.006153435567184715e+03
-2.538320640703224662e-02 1.800270616314367245e-02 -3.476812919749019048e-04 5.992700693644852604e-03 -1.294873573412143840e-02 -5.442705242157363545e-03 -7.010926807321438901e+03
-2.540020398107371846e-02 1.797174227914047004e-02 -2.899671070681460400e-04 6.039809487758287035e-03 -1.300591220357318403e-02 -5.453200321156378462e-03 -7.015698340205642126e+03
-2.541719412094832833e-02 1.794065976223301745e-02 -2.321430956838132522e-04 6.086939844372106501e-03 -1.306301855729693519e-02 -5.463577662823394104e-03 -7.020468032104753547e+03
-2.543417681748384035e-02 1.790945839970003658e-02 -1.742093134905399357e-04 6.134090973683481961e-03 -1.312004948576400015e-02 -5.473906681117086080e-03 -7.025235880905093836e+03
-2.545115206155898480e-02 1.787813797753269943e-02 -1.161658210743595816e-04 6.181262835401709482e-03 -1.317701847898998871e-02 -5.484173510921896977e-03 -7.030001884502581561e+03
-2.546811984396454842e-02 1.784669828286602339e-02 -5.801268010086672270e-05 6.228455043963171574e-03 -1.323391177134900301e-02 -5.494348635957985519e-03 -7.034766040765247453e+03
-2.548508015539951987e-02 1.781513910254262090e-02 2.500575206110957917e-07 6.275667523548964996e-03 -1.329074270990751594e-02 -5.504443934468632171e-03 -7.039528347544277494e+03
-2.550203298656046266e-02 1.778346022368101562e-02 5.862234134817951502e-05 6.322899310442338383e-03 -1.334749455285652413e-02 -5.514468796353038001e-03 -7.044288802699765256e+03
-2.551897832827413129e-02 1.775166143191750714e-02 1.171041480867729694e-04 6.370150857861452652e-03 -1.340417532337320229e-02 -5.524416684948177912e-03 -7.049047404135902070e+03
-2.553591617092646968e-02 1.771974251614462023e-02 1.756954940285588023e-04 6.417421538440250262e-03 -1.346078114751985202e-02 -5.534283053519033907e-03 -7.053804149631422661e+03
-2.555284650517357717e-02 1.768770326004277110e-02 2.343964444337409724e-04 6.464711055875611151e-03 -1.351730766789551764e-02 -5.544074091861045210e-03 -7.058559037060926130e+03
-2.556976932155450785e-02 1.765554344653387508e-02 2.932069786217845857e-04 6.512019024563046009e-03 -1.357376549338335132e-02 -5.553782954116476094e-03 -7.063312064274627119e+03
-2.558668461049892415e-02 1.762326285810069532e-02 3.521270380641352161e-04 6.559344489690233614e-03 -1.363013194663166214e-02 -5.563423891707342146e-03 -7.068063229089191736e+03
-2.560359236240200217e-02 1.759086127508414227e-02 4.111564979232965934e-04 6.606687231901858803e-03 -1.368642447384663292e-02 -5.572986385343525577e-03 -7.072812529305687349e+03
-2.562049256791621224e-02 1.755833847387880051e-02 4.702952381052129781e-04 6.654046745718875805e-03 -1.374263694259993639e-02 -5.582452469236276471e-03 -7.077559962800843095e+03
-2.563738521742175980e-02 1.752569423417535063e-02 5.295432550148022931e-04 6.701421932848466816e-03 -1.379875962206866639e-02 -5.591815080388582056e-03 -7.082305527356400489e+03
-2.565427030140837034e-02 1.749292833462258098e-02 5.889004608349390595e-04 6.748813378581961994e-03 -1.385479829099316162e-02 -5.601117089194246682e-03 -7.087049220773374145e+03
-2.567114781050189309e-02 1.746004055152196657e-02 6.483668469481635582e-04 6.796219841409045781e-03 -1.391076384952135911e-02 -5.610304187899280322e-03 -7.091791040892906494e+03
-2.568801773505484387e-02 1.742703066451943561e-02 7.079423251468561955e-04 6.843641141059736942e-03 -1.396663697996774860e-02 -5.619460156695957158e-03 -7.096530985480215350e+03
-2.570488006556334235e-02 1.739389845119709843e-02 7.676268347810458149e-04 6.891077239893858911e-03 -1.402243238783542310e-02 -5.628533982165819828e-03 -7.101269052352508879e+03
-2.572173479227652867e-02 1.736064369228165413e-02 8.274203497181174642e-04 6.938527203794994658e-03 -1.407814167903713269e-02 -5.637489841171010319e-03 -7.106005239272843028e+03
-2.573858190548163061e-02 1.732726616721008001e-02 8.873228359594863800e-04 6.985990725351146416e-03 -1.413376180203525581e-02 -5.646396978045109018e-03 -7.110739544024466340e+03
-2.575542139543758949e-02 1.729376565316543407e-02 9.473343161280305255e-04 7.033468526771196293e-03 -1.418928982858127033e-02 -5.655178729709354861e-03 -7.115471964376813958e+03
-2.577225325249404841e-02 1.726014192288957000e-02 1.007454758564298473e-03 7.080959380693121509e-03 -1.424472826573872086e-02 -5.663913458483794787e-03 -7.120202498139014097e+03
-2.578907746665316109e-02 1.722639475006330911e-02 1.067684105672419984e-03 7.128463619272540179e-03 -1.430007520315051094e-02 -5.672546397787185668e-03 -7.124931143028726183e+03
-2.580589402809015803e-02 1.719252390607252032e-02 1.128022228652468713e-03 7.175980265042987763e-03 -1.435533312190558249e-02 -5.681107005085498339e-03 -7.129657896808989790e+03
-2.582270292695650060e-02 1.715852916116997195e-02 1.188469036630824616e-03 7.223508472320758038e-03 -1.441049501917495736e-02 -5.689584387392776846e-03 -7.134382757228232549e+03
-2.583950415336421641e-02 1.712441028524465739e-02 1.249024415729317996e-03 7.271048346726978300e-03 -1.446555928976045284e-02 -5.697954220359861301e-03 -7.139105722023564340e+03
-2.585629769757032820e-02 1.709016704674524642e-02 1.309688341192075719e-03 7.318598474934255062e-03 -1.452053198606390386e-02 -5.706202918476340619e-03 -7.143826788967417997e+03
-2.587308354965013255e-02 1.705579921594698248e-02 1.370460779060406675e-03 7.366158605626726107e-03 -1.457540294776801457e-02 -5.714399644078133056e-03 -7.148545955760550896e+03
-2.588986169974005769e-02 1.702130656187368640e-02 1.431341690890610167e-03 7.413727536620040234e-03 -1.463017857621821960e-02 -5.722501401861835972e-03 -7.153263220129123511e+03
-2.590663213788052532e-02 1.698668885446793370e-02 1.492331027306327941e-03 7.461305342714360904e-03 -1.468485339988945780e-02 -5.730520831969503071e-03 -7.157978579787535637e+03
-2.592339485418850009e-02 1.695194586207045620e-02 1.553428697575887172e-03 7.508891293712136386e-03 -1.473943543784966663e-02 -5.738451789027229286e-03 -7.162692032484555057e+03
-2.594014983840773128e-02 1.691707735712190755e-02 1.614634624950755416e-03 7.556485587663949559e-03 -1.479391411141289109e-02 -5.746306251292535895e-03 -7.167403575873782756e+03
-2.595689708065994014e-02 1.688208310634574383e-02 1.675948730410820389e-03 7.604088185228782999e-03 -1.484829112565063183e-02 -5.754033764602582181e-03 -7.172113207718331068e+03
-2.597363657072064569e-02 1.684696287711130031e-02 1.737370984907217432e-03 7.651698971160797794e-03 -1.490256390163911988e-02 -5.761711694728253313e-03 -7.176820925660413195e+03
-2.599036829857617747e-02 1.681171643242852787e-02 1.798901302185950410e-03 7.699317882848882334e-03 -1.495672421819773355e-02 -5.769268280639561208e-03 -7.181526727417753136e+03
-2.600709225401617516e-02 1.677634353556656244e-02 1.860539614904392191e-03 7.746944258921821015e-03 -1.501078145636332468e-02 -5.776736035835005299e-03 -7.186230610666551001e+03
-2.602380842676986147e-02 1.674084394873161935e-02 1.922285824755278101e-03 7.794577464067084689e-03 -1.506473936816979560e-02 -5.784114449740358592e-03 -7.190932573059762035e+03
-2.604051680666838106e-02 1.670521743220562336e-02 1.984139853899844277e-03 7.842216203300143157e-03 -1.511857936951288561e-02 -5.791391208039376425e-03 -7.195632612270556820e+03
-2.605721738351335012e-02 1.666946374721504226e-02 2.046101604289854957e-03 7.889859439584220521e-03 -1.517231240891692493e-02 -5.798598656663572770e-03 -7.200330725975773930e+03
-2.607391014698890938e-02 1.663358265515690534e-02 2.108171106375026239e-03 7.937506873401970961e-03 -1.522593562873301477e-02 -5.805705460493965422e-03 -7.205026911814952655e+03
-2.609059508684456741e-02 1.659757391433787366e-02 2.170348294964395686e-03 7.985157372246047894e-03 -1.527944606515559828e-02 -5.812687634731143922e-03 -7.209721167432676339e+03
-2.610727219284362036e-02 1.656143728303282464e-02 2.232633073296099585e-03 8.032810166408334632e-03 -1.533284159860032018e-02 -5.819609520698632542e-03 -7.214413490491625453e+03
-2.612394145465013473e-02 1.652517251985397354e-02 2.295025281131827036e-03 8.080465357621184619e-03 -1.538612753394866077e-02 -5.826422584872675836e-03 -7.219103878635228284e+03
-2.614060286175144687e-02 1.648877938593628495e-02 2.357524835230806557e-03 8.128123210423023742e-03 -1.543929740562645890e-02 -5.833154453206724002e-03 -7.223792329458916356e+03
-2.615725640390547183e-02 1.645225763935555946e-02 2.420131591510304991e-03 8.175783575424422356e-03 -1.549235328914422630e-02 -5.839744134767101136e-03 -7.228478840641651004e+03
-2.617390207046131623e-02 1.641560704016245889e-02 2.482845492800205608e-03 8.223446223955696577e-03 -1.554529308336598768e-02 -5.846283618120413222e-03 -7.233163409728776969e+03
-2.619053985121254716e-02 1.637882734173829249e-02 2.545666479692533773e-03 8.271111649482751696e-03 -1.559810340599066675e-02 -5.852701106225627337e-03 -7.237846034392221554e+03
-2.620716973553541621e-02 1.634191830036809887e-02 2.608594490248006357e-03 8.318778300543901161e-03 -1.565079527358068101e-02 -5.859044596739138890e-03 -7.242526712192231571e+03
-2.622379171288536509e-02 1.630487966942890249e-02 2.671629447340102912e-03 8.366445740191963409e-03 -1.570336248055173925e-02 -5.865259517978060888e-03 -7.247205440727560926e+03
-2.624040577267971325e-02 1.626771120048581265e-02 2.734771303433802380e-03 8.414112731188376840e-03 -1.575580630528825368e-02 -5.871388867945057793e-03 -7.251882217590931759e+03
-2.625701190436744575e-02 1.623041264361368627e-02 2.798019998691518052e-03 8.461778312317562098e-03 -1.580813666924804281e-02 -5.877397889631406219e-03 -7.256557040390172915e+03
-2.627361009715568213e-02 1.619298374992862374e-02 2.861375440241883950e-03 8.509441902182664913e-03 -1.586033441777303862e-02 -5.883339305728920929e-03 -7.261229906671376739e+03
-2.629020034038867179e-02 1.615542426820483490e-02 2.924837507322937576e-03 8.557102137812884826e-03 -1.591240874352412016e-02 -5.889137990906396017e-03 -7.265900814006235123e+03
-2.630678262341657608e-02 1.611773394557696609e-02 2.988406070435182735e-03 8.604759121385578691e-03 -1.596435674468680427e-02 -5.894871767104199918e-03 -7.270569759958242685e+03
-2.632335693553321601e-02 1.607991252988305586e-02 3.052080960591344733e-03 8.652412726473358850e-03 -1.601616771897422173e-02 -5.900510247331348414e-03 -7.275236742080247495e+03
-2.633992326609588264e-02 1.604195976948923769e-02 3.115862050479008185e-03 8.700061921609686388e-03 -1.606785681928900311e-02 -5.906025453116525714e-03 -7.279901757953817651e+03
-2.635648160420880209e-02 1.600387541486346724e-02 3.179749212654850270e-03 8.747707463232516981e-03 -1.611940648669421203e-02 -5.911437971041471479e-03 -7.284564805085964508e+03
-2.637303193907263033e-02 1.596565921519741207e-02 3.243742367882033410e-03 8.795349407789549573e-03 -1.617083059336561421e-02 -5.916727100931999835e-03 -7.289225881007953831e+03
-2.638957425987810412e-02 1.592731091876543187e-02 3.307841457569968627e-03 8.842986647843290027e-03 -1.622211575746225487e-02 -5.921942092294360874e-03 -7.293884983242580347e+03
-2.640610855588619924e-02 1.588883027067245282e-02 3.372046465940043997e-03 8.890618780848876315e-03 -1.627325875239462108e-02 -5.927055420507140911e-03 -7.298542109344874007e+03
-2.642263481601328165e-02 1.585021701631204177e-02 3.436357339528203856e-03 8.938244887550256951e-03 -1.632426796957766810e-02 -5.932020530367036401e-03 -7.303197256777247276e+03
-2.643915302946129101e-02 1.581147089450959595e-02 3.500773968451401531e-03 8.985864279743535285e-03 -1.637513167867035019e-02 -5.936925653881504512e-03 -7.307850423105094706e+03
-2.645566318501681516e-02 1.577259164712058528e-02 3.565296213816783640e-03 9.033475663122540397e-03 -1.642586754284287853e-02 -5.941729394120178961e-03 -7.312501605774660675e+03
-2.647216527167991010e-02 1.573357901245103774e-02 3.629923975161749704e-03 9.081078697599500107e-03 -1.647645684764154420e-02 -5.946391192023801897e-03 -7.317150802300157011e+03
-2.648865927841769982e-02 1.569443272797068148e-02 3.694657077971837816e-03 9.128672947696607823e-03 -1.652690182242165517e-02 -5.950958474201987689e-03 -7.321798010183620136e+03
-2.650514519404501002e-02 1.565515253248301111e-02 3.759495328918418828e-03 9.176257444219361112e-03 -1.657721205928707267e-02 -5.955432671969566882e-03 -7.326443226857669288e+03
-2.652162300756842617e-02 1.561573816182503308e-02 3.824438588047572758e-03 9.223831771647641661e-03 -1.662737119814705969e-02 -5.959746904630833057e-03 -7.331086449811009516e+03
-2.653809270792959960e-02 1.557618935332054366e-02 3.889486716301360832e-03 9.271394922933638011e-03 -1.667737889587480454e-02 -5.963990982170239846e-03 -7.335727676523055379e+03
-2.655455428387554564e-02 1.553650584705184266e-02 3.954639586938910045e-03 9.318947413617762604e-03 -1.672724914651392558e-02 -5.968133761647637786e-03 -7.340366904430351497e+03
-2.657100772406227607e-02 1.549668738401622538e-02 4.019897140321108606e-03 9.366488762831727544e-03 -1.677696162682421402e-02 -5.972137116512164258e-03 -7.345004130952563173e+03
-2.658745301745855591e-02 1.545673370128774690e-02 4.085259364197764767e-03 9.414018070128685536e-03 -1.682652436950135208e-02 -5.976044457087790161e-03 -7.349639353591248437e+03
-2.660389015269841798e-02 1.541664453507016891e-02 4.150726181423559751e-03 9.461534656005115423e-03 -1.687593366977797882e-02 -5.979861381266046022e-03 -7.354272569744589418e+03
-2.662031911844871951e-02 1.537641961749761262e-02 4.216297492171705227e-03 9.509038744650520972e-03 -1.692518634560478616e-02 -5.983538330541088475e-03 -7.358903776824277884e+03
-2.663673990346445558e-02 1.533605867710246054e-02 4.281973132036200232e-03 9.556529181523359950e-03 -1.697428093464953963e-02 -5.987118661737782233e-03 -7.363532972287686789e+03
-2.665315249621804522e-02 1.529556144450971121e-02 4.347752913458303656e-03 9.604004975353424081e-03 -1.702322587842363885e-02 -5.990571909544245566e-03 -7.368160153519483174e+03
-2.666955688530356014e-02 1.525492764763364435e-02 4.413636664836557630e-03 9.651466305314765695e-03 -1.707200770434768450e-02 -5.993912559177442742e-03 -7.372785317933497936e+03
-2.668595305919677085e-02 1.521415701437885820e-02 4.479624220374945481e-03 9.698911799795121788e-03 -1.712063993847673035e-02 -5.997109155752576234e-03 -7.377408462905503256e+03
-2.670234100644530359e-02 1.517324927108383396e-02 4.545715404105392897e-03 9.746340562674565833e-03 -1.716910353814438475e-02 -6.000234181148852118e-03 -7.382029585827916890e+03
-2.671872071545389887e-02 1.513220414535863291e-02 4.611910037120808478e-03 9.793752124852988378e-03 -1.721740843796886952e-02 -6.003238686247388059e-03 -7.386648684050937845e+03
-2.673509217497652135e-02 1.509102136045727648e-02 4.678208061724154106e-03 9.841145378018053419e-03 -1.726555111999769285e-02 -6.006100684599387923e-03 -7.391265755047181301e+03
-2.675145537300314263e-02 1.504970064884880374e-02 4.744609332511315683e-03 9.888518828879337350e-03 -1.731352345645005911e-02 -6.008875713640895837e-03 -7.395880796072909106e+03
-2.676781029797676431e-02 1.500824173731215606e-02 4.811113772862012777e-03 9.935873721911103393e-03 -1.736132482567976504e-02 -6.011532640347473817e-03 -7.400493804522131541e+03
-2.678415693820735896e-02 1.496664435251407639e-02 4.877721299376196369e-03 9.983208952473954234e-03 -1.740896908993402534e-02 -6.014048318593824202e-03 -7.405104777743898921e+03
-2.680049528190498256e-02 1.492490821917385330e-02 4.944431766917184272e-03 1.003052465596714592e-02 -1.745643126278881296e-02 -6.016460874924865580e-03 -7.409713713042528070e+03
-2.681682531773460498e-02 1.488303305329321050e-02 5.011245066629576098e-03 1.007782015600645550e-02 -1.750372488751847019e-02 -6.018755183791238937e-03 -7.414320607856308015e+03
-2.683314703363449266e-02 1.484101857715935772e-02 5.078160981405646819e-03 1.012509450583098242e-02 -1.755083954189212703e-02 -6.020916354073219817e-03 -7.418925459411572774e+03
-2.684946041789725360e-02 1.479886450807414364e-02 5.145179307401736603e-03 1.017234760757484979e-02 -1.759778270179043758e-02 -6.022971972012544466e-03 -7.423528265057450881e+03
-2.686576545865956844e-02 1.475657056453433084e-02 5.212299800602035287e-03 1.021957819179735230e-02 -1.764455839031848355e-02 -6.024890883330482304e-03 -7.428129022095548862e+03
-2.688206214396433175e-02 1.471413646386239560e-02 5.279522320205478486e-03 1.026678567365267060e-02 -1.769115216374193139e-02 -6.026663918926517156e-03 -7.432727727811124169e+03
-2.689835046200762456e-02 1.467156192062538285e-02 5.346846753066279191e-03 1.031396901338593394e-02 -1.773757269511192988e-02 -6.028370193770817009e-03 -7.437324379549753758e+03
-2.691463040063265741e-02 1.462884665204344792e-02 5.414272968594320556e-03 1.036112665554203387e-02 -1.778380395053448873e-02 -6.029922307977262676e-03 -7.441918974551950669e+03
-2.693090194778924654e-02 1.458599037272403399e-02 5.481800785241565561e-03 1.040825785822106601e-02 -1.782985756878243885e-02 -6.031357167173422885e-03 -7.446511510091042510e+03
-2.694716509134055873e-02 1.454299279752497599e-02 5.549430054222936198e-03 1.045536163720595275e-02 -1.787572954466174618e-02 -6.032666165340819057e-03 -7.451101983421317527e+03
-2.696341981940170510e-02 1.449985363856523372e-02 5.617160630097161461e-03 1.050243863550666922e-02 -1.792141033090704355e-02 -6.033872521670093428e-03 -7.455690391876340072e+03
-2.697966611946500323e-02 1.445657261465454514e-02 5.684992368631943370e-03 1.054948777300336593e-02 -1.796690544608223195e-02 -6.034933712334477132e-03 -7.460276732600247669e+03
-2.699590397969928168e-02 1.441314943402847819e-02 5.752925153048538132e-03 1.059650957035891683e-02 -1.801221081867066670e-02 -6.035856202080525958e-03 -7.464861002912904041e+03
-2.701213338801906894e-02 1.436958380478675981e-02 5.820958778151566829e-03 1.064350363488024594e-02 -1.805732168448256555e-02 -6.036653592846966294e-03 -7.469443200041156160e+03
-2.702835433232637224e-02 1.432587543296177067e-02 5.889093036651534864e-03 1.069046813315373788e-02 -1.810224772711556754e-02 -6.037341774660217805e-03 -7.474023321228529312e+03
-2.704456680008630182e-02 1.428202402907846613e-02 5.957327674978809065e-03 1.073740308167125436e-02 -1.814697742386140247e-02 -6.037870359054816997e-03 -7.478601363618572577e+03
-2.706077077924177315e-02 1.423802929767049343e-02 6.025662523900778868e-03 1.078430741101311929e-02 -1.819151230167375538e-02 -6.038299318231525777e-03 -7.483177324506025798e+03
-2.707696625720322145e-02 1.419389094795176810e-02 6.094097429658274813e-03 1.083118017972560694e-02 -1.823584152320577301e-02 -6.038553506339056076e-03 -7.487751201033386678e+03
-2.709315322155779124e-02 1.414960868342618125e-02 6.162632208108355554e-03 1.087802052184364335e-02 -1.827998702615323684e-02 -6.038742681673849033e-03 -7.492322990409184058e+03
-2.710933165972199271e-02 1.410518220708422560e-02 6.231266702505047252e-03 1.092482664320093902e-02 -1.832392688375832079e-02 -6.038784874717980505e-03 -7.496892689790496661e+03
-2.712550155951940281e-02 1.406061121542458332e-02 6.300000744370885288e-03 1.097159830113226577e-02 -1.836766778908086387e-02 -6.038652308999363678e-03 -7.501460296448216468e+03
-2.714166290802088113e-02 1.401589541402307147e-02 6.368834101878852010e-03 1.101833434916441555e-02 -1.841120387088566665e-02 -6.038462277124951975e-03 -7.506025807433680711e+03
-2.715781569281341262e-02 1.397103450348128120e-02 6.437766568240830406e-03 1.106503489445026175e-02 -1.845453930546375049e-02 -6.038079219816132326e-03 -7.510589219954479631e+03
-2.717395990134407330e-02 1.392602818476268954e-02 6.506797991766674789e-03 1.111169880930443221e-02 -1.849765957377189074e-02 -6.037607839317909834e-03 -7.515150531168485031e+03
-2.719009552093519175e-02 1.388087615656531659e-02 6.575928224627419945e-03 1.115832675066829281e-02 -1.854057183694028665e-02 -6.036963266880660157e-03 -7.519709738184105845e+03
-2.720622253912499677e-02 1.383557811366944654e-02 6.645157040510205927e-03 1.120491755169772050e-02 -1.858327245273736980e-02 -6.036194684331593063e-03 -7.524266838161144733e+03
-2.722234094313212560e-02 1.379013375387663429e-02 6.714484212999655838e-03 1.125147081530418827e-02 -1.862575563543144783e-02 -6.035275543902209397e-03 -7.528821828190751148e+03
-2.723845072031417722e-02 1.374454277104340816e-02 6.783909517585810442e-03 1.129798472444630206e-02 -1.866803635252954965e-02 -6.034229926481891534e-03 -7.533374705432858718e+03
-2.725455185783427769e-02 1.369880485920097445e-02 6.853432722582332090e-03 1.134445954447810788e-02 -1.871009010343179998e-02 -6.033037379780522777e-03 -7.537925466995863644e+03
-2.727064434269681897e-02 1.365291971355546766e-02 6.923053606804971914e-03 1.139089384996137128e-02 -1.875193624025601677e-02 -6.031756280786818372e-03 -7.542474109934456465e+03
-2.728672816201524812e-02 1.360688702594112232e-02 6.992772026117056831e-03 1.143728684885144710e-02 -1.879356931230308572e-02 -6.030261290177822177e-03 -7.547020631341323678e+03
-2.730280330281035020e-02 1.356070648565498374e-02 7.062587794580387109e-03 1.148363688498839352e-02 -1.883497764845906350e-02 -6.028693914489338321e-03 -7.551565028285542212e+03
-2.731886975224015468e-02 1.351437777692568280e-02 7.132500670678439819e-03 1.152994356420280336e-02 -1.887616639174342567e-02 -6.026975842467667197e-03 -7.556107297873579228e+03
-2.733492749723737472e-02 1.346790058686380374e-02 7.202510395435107043e-03 1.157620565424970563e-02 -1.891712447430972735e-02 -6.025098483872140705e-03 -7.560647437157274908e+03
-2.735097652451451769e-02 1.342127460637455340e-02 7.272616740217878288e-03 1.162242232664216848e-02 -1.895785882376460965e-02 -6.023091971748675832e-03 -7.565185443134319939e+03
-2.736701682111736603e-02 1.337449952175370771e-02 7.342819490520503985e-03 1.166859377468335013e-02 -1.899835846969033515e-02 -6.020952597824390240e-03 -7.569721312894497714e+03
-2.738304837382384352e-02 1.332757501952940016e-02 7.413118504100099995e-03 1.171471902695488815e-02 -1.903863014032219567e-02 -6.018659867133478725e-03 -7.574255043432722232e+03
-2.739907116962489453e-02 1.328050078131848798e-02 7.483513511995569002e-03 1.176079775948900459e-02 -1.907866682743961789e-02 -6.016226051114536601e-03 -7.578786631808819038e+03
-2.741508519528563365e-02 1.323327649014951861e-02 7.554004207227391944e-03 1.180682931730384598e-02 -1.911846807577396654e-02 -6.013648902239605853e-03 -7.583316075025049940e+03
-2.743109043740577305e-02 1.318590182949179110e-02 7.624590340071813258e-03 1.185281256873851885e-02 -1.915803957384137543e-02 -6.010903732047929819e-03 -7.587843370037345267e+03
-2.744708688306529351e-02 1.313837647539966950e-02 7.695271731990476101e-03 1.189874683915120510e-02 -1.919737861652912395e-02 -6.008059263193327865e-03 -7.592368513954073933e+03
-2.746307451860680732e-02 1.309070011277539691e-02 7.766048161620855809e-03 1.194463088936391533e-02 -1.923648301238902944e-02 -6.005049409085635309e-03 -7.596891503664613083e+03
-2.747905333067064693e-02 1.304287241898566610e-02 7.836919439175377838e-03 1.199046408500680297e-02 -1.927534730370942390e-02 -6.001872729836568027e-03 -7.601412336155443882e+03
-2.749502330572642372e-02 1.299489306852820783e-02 7.907885301028445141e-03 1.203624493172460522e-02 -1.931396171141905316e-02 -5.998566820799508537e-03 -7.605931008369795563e+03
-2.751098443059065216e-02 1.294676172891603451e-02 7.978945476430601008e-03 1.208197257265956372e-02 -1.935233514592170009e-02 -5.995122469841310253e-03 -7.610447517369272646e+03
-2.752693669115331698e-02 1.289847807974767516e-02 8.050099701657025680e-03 1.212764566753260845e-02 -1.939045684283933341e-02 -5.991536391016194681e-03 -7.614961859959261346e+03
-2.754288007392123594e-02 1.285004179342681338e-02 8.121347699873828277e-03 1.217326310353753459e-02 -1.942832822002700868e-02 -5.987789990596160961e-03 -7.619474033141240398e+03
-2.755881456528436538e-02 1.280145254213031943e-02 8.192689195637946342e-03 1.221882521988329820e-02 -1.946594063788253948e-02 -5.983881236726665970e-03 -7.623984033862796423e+03
-2.757474015154686917e-02 1.275270999728446084e-02 8.264123880403534753e-03 1.226433152768304641e-02 -1.950331174571949544e-02 -5.979826891944125047e-03 -7.628491859013270187e+03
-2.759065681895438507e-02 1.270381382995326193e-02 8.335651501900874505e-03 1.230978119675012021e-02 -1.954042232271489821e-02 -5.975635911872588697e-03 -7.632997505452569385e+03
-2.760656455412822952e-02 1.265476370525819329e-02 8.407271820598850171e-03 1.235517326754502834e-02 -1.957728296452810463e-02 -5.971260558345098390e-03 -7.637500970171508015e+03
-2.762246334313896504e-02 1.260555929306395387e-02 8.478984599191632249e-03 1.240050621036517010e-02 -1.961387900392117661e-02 -5.966746722362997746e-03 -7.642002250002719848e+03
-2.763835317207560816e-02 1.255620025986039015e-02 8.550789608639794426e-03 1.244577931656467608e-02 -1.965023163140922763e-02 -5.962134218918216030e-03 -7.646501341803101241e+03
-2.765423402727842928e-02 1.250668626739782040e-02 8.622686642244374935e-03 1.249099233493251512e-02 -1.968630854138401012e-02 -5.957326035370060814e-03 -7.650998242512389879e+03
-2.767010589447617061e-02 1.245701698198748222e-02 8.694675420181315756e-03 1.253614413039151783e-02 -1.972213323439114124e-02 -5.952379557195013049e-03 -7.655492948895795962e+03
-2.768596875986269884e-02 1.240719206061957451e-02 8.766755640477607789e-03 1.258123308605556614e-02 -1.975768726742907835e-02 -5.947216488619635165e-03 -7.659985457879696696e+03
-2.770182260903293614e-02 1.235721116431812844e-02 8.838926974997834626e-03 1.262625817750943034e-02 -1.979296717987960585e-02 -5.941946508117372863e-03 -7.664475766239908808e+03
-2.771766742777057729e-02 1.230707395136243672e-02 8.911189096969977103e-03 1.267121870713896689e-02 -1.982797158380727315e-02 -5.936523412481905376e-03 -7.668963870801796475e+03
-2.773350320198893909e-02 1.225678007931821183e-02 8.983541603105627341e-03 1.271611297149216439e-02 -1.986270294724556615e-02 -5.930923334376925725e-03 -7.673449768407233023e+03
-2.774932991749446548e-02 1.220632920700781728e-02 9.055984183992909012e-03 1.276094117831340878e-02 -1.989717019444438989e-02 -5.925167770300811265e-03 -7.677933455845231947e+03
-2.776514756017933044e-02 1.215572099017547987e-02 9.128516591124296795e-03 1.280570194835735191e-02 -1.993135520557227577e-02 -5.919276731786582944e-03 -7.682414929923981617e+03
-2.778095611575266688e-02 1.210495508496626550e-02 9.201138544547231291e-03 1.285039441152799854e-02 -1.996525986461772026e-02 -5.913216756104822634e-03 -7.686894187396707821e+03
-2.779675556994215188e-02 1.205403114353331001e-02 9.273849789234530835e-03 1.289501784926615560e-02 -1.999887974750985675e-02 -5.906996267535671863e-03 -7.691371225033826704e+03
-2.781254590857567058e-02 1.200294881512940261e-02 9.346650092803882384e-03 1.293957164523383031e-02 -2.003223244823697236e-02 -5.900603149910863161e-03 -7.695846039653547450e+03
-2.782832711694933209e-02 1.195170775313608366e-02 9.419539199979147168e-03 1.298405454282445734e-02 -2.006529362370187280e-02 -5.894071341634681341e-03 -7.700318627936299890e+03
-2.784409918075276061e-02 1.190030760210835162e-02 9.492516824658677604e-03 1.302846585122680902e-02 -2.009807211756911224e-02 -5.887378375293890985e-03 -7.704788986706044852e+03
-2.785986208513178963e-02 1.184874801244898725e-02 9.565582607792276135e-03 1.307280518494756405e-02 -2.013055630858518602e-02 -5.880491424366049956e-03 -7.709257112622741261e+03
-2.787561581549449774e-02 1.179702862966865856e-02 9.638736194381759131e-03 1.311707089571656666e-02 -2.016274774182398588e-02 -5.873417591945036091e-03 -7.713723002411330526e+03
-2.789136035742277933e-02 1.174514909381805215e-02 9.711977167200061198e-03 1.316126124987512976e-02 -2.019464626058786391e-02 -5.866216910015832273e-03 -7.718186652854206841e+03
-2.790709569574108956e-02 1.169310905359563675e-02 9.785305178004546217e-03 1.320537510328404114e-02 -2.022625429139606953e-02 -5.858830083566094783e-03 -7.722648060517372869e+03
-2.792282181587940268e-02 1.164090814822644517e-02 9.858719810284863674e-03 1.324941113435671239e-02 -2.025755369961478383e-02 -5.851311355821474380e-03 -7.727107222146697495e+03
-2.793853870315950172e-02 1.158854601862710151e-02 9.932220689598193070e-03 1.329336854564805090e-02 -2.028855942386602676e-02 -5.843612681014827628e-03 -7.731564134449011362e+03
-2.795424634272663036e-02 1.153602230638142885e-02 1.000580757671877020e-02 1.333724620531781015e-02 -2.031926477407406187e-02 -5.835743608592690139e-03 -7.736018794068517309e+03
-2.796994471950284278e-02 1.148333665225928328e-02 1.007948014071725386e-02 1.338104389032332940e-02 -2.034965829914196431e-02 -5.827726019401353007e-03 -7.740471197584888614e+03
-2.798563381900473490e-02 1.143048868499327991e-02 1.015323814465436680e-02 1.342476080339367016e-02 -2.037975283162592882e-02 -5.819534431150090795e-03 -7.744921341781517185e+03
-2.800131362582419445e-02 1.137747804415851528e-02 1.022708128553117581e-02 1.346839627809724022e-02 -2.040953660165098146e-02 -5.811150337957702791e-03 -7.749369223184882685e+03
-2.801698412496792315e-02 1.132430436223743134e-02 1.030100921642367398e-02 1.351194972113277902e-02 -2.043900397990014786e-02 -5.802611197882495166e-03 -7.753814838438460356e+03
-2.803264530124013540e-02 1.127096727308589223e-02 1.037502164018080063e-02 1.355541939122415808e-02 -2.046816423652771111e-02 -5.793883643061308736e-03 -7.758258184114244614e+03
-2.804829713992296886e-02 1.121746640332283752e-02 1.044911815247787611e-02 1.359880482420528121e-02 -2.049701221991821753e-02 -5.784975521287406830e-03 -7.762699256938361032e+03
-2.806393962526179328e-02 1.116380138870444114e-02 1.052329834538030459e-02 1.364210408478917780e-02 -2.052554434083761481e-02 -5.775907016596526500e-03 -7.767138053331206720e+03
-2.807957274216823021e-02 1.110997185220153130e-02 1.059756177460985729e-02 1.368531492685082056e-02 -2.055374561720864704e-02 -5.766662278148805727e-03 -7.771574569931662154e+03
-2.809519647529728006e-02 1.105597741962386846e-02 1.067190794128840270e-02 1.372843671115582358e-02 -2.058163118187330068e-02 -5.757268194606647051e-03 -7.776008803314284705e+03
-2.811081080900448143e-02 1.100181771801139914e-02 1.074633642793641590e-02 1.377146757228120064e-02 -2.060918550821588466e-02 -5.747675810383485843e-03 -7.780440749986401897e+03
-2.812641572781593435e-02 1.094749237164790480e-02 1.082084684949612650e-02 1.381440700236662676e-02 -2.063641522971021436e-02 -5.737934452164509050e-03 -7.784870406500689569e+03
-2.814201121618381540e-02 1.089300100388396718e-02 1.089543884516340835e-02 1.385725450544251711e-02 -2.066331168223054654e-02 -5.728007707572757568e-03 -7.789297769358845471e+03
-2.815759725886000583e-02 1.083834323112578546e-02 1.097011214439301552e-02 1.390000948866538730e-02 -2.068988032630618423e-02 -5.717898034214809709e-03 -7.793722835142699296e+03
-2.817317384033972416e-02 1.078351867190633674e-02 1.104486643834380263e-02 1.394267150522521780e-02 -2.071610872931676020e-02 -5.707581496214174550e-03 -7.798145600361782272e+03
-2.818874094483982129e-02 1.072852694686476406e-02 1.111970140819427619e-02 1.398523893139353054e-02 -2.074200851287817671e-02 -5.697100792064486129e-03 -7.802566061452078429e+03
-2.820429855656276033e-02 1.067336767428832441e-02 1.119461671465284483e-02 1.402771092102020334e-02 -2.076757313425938931e-02 -5.686446332198900715e-03 -7.806984214853796402e+03
-2.821984665989149196e-02 1.061804046636972802e-02 1.126961197867789796e-02 1.407008564745401528e-02 -2.079278784570016275e-02 -5.675630952026341526e-03 -7.811400057071001356e+03
-2.823538523907889383e-02 1.056254493535564200e-02 1.134468673687210119e-02 1.411236287721284212e-02 -2.081766878953060160e-02 -5.664599911820739769e-03 -7.815813584579657800e+03
-2.825091427817633810e-02 1.050688069115445454e-02 1.141984043765194301e-02 1.415453943769353490e-02 -2.084220047511873425e-02 -5.653410924481560955e-03 -7.820224793830895578e+03
-2.826643376091414125e-02 1.045104734501577960e-02 1.149507250208117205e-02 1.419661522126728845e-02 -2.086637582861288961e-02 -5.642044433799039797e-03 -7.824633681202428306e+03
-2.828194367108364041e-02 1.039504450668771694e-02 1.157038240864348075e-02 1.423858781196673390e-02 -2.089019497351748966e-02 -5.630474690962000185e-03 -7.829040243095670121e+03
-2.829744399253797046e-02 1.033887178266095809e-02 1.164576972532348209e-02 1.428045683539904895e-02 -2.091366752303643745e-02 -5.618717428960093643e-03 -7.833444475925741244e+03
-2.831293470935962453e-02 1.028252877622879043e-02 1.172123405647642128e-02 1.432222057371777997e-02 -2.093677758966178137e-02 -5.606792704045251118e-03 -7.837846376132895784e+03
-2.832841580547149421e-02 1.022601509183183703e-02 1.179677509285548959e-02 1.436387821484368457e-02 -2.095953423610096011e-02 -5.594681263904618430e-03 -7.842245940085118491e+03
-2.834388726452767918e-02 1.016933033567548120e-02 1.187239247348405649e-02 1.440542963476935077e-02 -2.098192664772585703e-02 -5.582375595946402133e-03 -7.846643164073105254e+03
-2.835934907067003130e-02 1.011247410338708165e-02 1.194808589675993779e-02 1.444687304672247902e-02 -2.100396218780194516e-02 -5.569851633938217687e-03 -7.851038044552994506e+03
-2.837480120731161043e-02 1.005544599705815965e-02 1.202385500571391715e-02 1.448820853393103028e-02 -2.102562746411181308e-02 -5.557180492400201448e-03 -7.855430577777657163e+03
-2.839024365811098835e-02 9.998245611083473108e-03 1.209969933916802028e-02 1.452943423727669214e-02 -2.104692422079014469e-02 -5.544308664372161848e-03 -7.859820760111323580e+03
-2.840567640638923252e-02 9.940872542452162952e-03 1.217561836911560877e-02 1.457054996946655079e-02 -2.106784913601266254e-02 -5.531248325827707590e-03 -7.864208587845515467e+03
-2.842109943556571719e-02 9.883326384531352510e-03 1.225161149618927796e-02 1.461155233944170379e-02 -2.108840316069409207e-02 -5.518003836364207548e-03 -7.868594057303907903e+03
-2.843651272887365300e-02 9.825606730697333119e-03 1.232767809982303342e-02 1.465244067939844470e-02 -2.110858507820726968e-02 -5.504613025646352444e-03 -7.872977164747189818e+03
-2.845191626973590099e-02 9.767713169761939665e-03 1.240381757765030707e-02 1.469321327113354454e-02 -2.112837039905053269e-02 -5.490939511529210719e-03 -7.877357906508908854e+03
-2.846731004105373247e-02 9.709645295238412965e-03 1.248002946990722610e-02 1.473386746095257244e-02 -2.114778357657975255e-02 -5.477110603244080868e-03 -7.881736278764924464e+03
-2.848269402632981964e-02 9.651402688949020994e-03 1.255631330519578481e-02 1.477440236188341284e-02 -2.116680759312907986e-02 -5.463048048634237992e-03 -7.886112277851390900e+03
-2.849806820854731623e-02 9.592984941094923057e-03 1.263266872588922514e-02 1.481481632292697137e-02 -2.118544983671022397e-02 -5.448865075969254110e-03 -7.890485899914907350e+03
-2.851343257112135682e-02 9.534391633845505296e-03 1.270909528495858115e-02 1.485511030581863033e-02 -2.120368861134957691e-02 -5.434439924104624529e-03 -7.894857141234072515e+03
-2.852878709703175059e-02 9.475622350364148669e-03 1.278559262125505795e-02 1.489528299522569453e-02 -2.122155441386902250e-02 -5.419792662182888049e-03 -7.899225997974856000e+03
-2.854413176927812421e-02 9.416676669402752539e-03 1.286216030241308338e-02 1.493533431373715581e-02 -2.123900659830412971e-02 -5.405006505237774754e-03 -7.903592466351832627e+03
-2.855946657053283141e-02 9.357554172852274726e-03 1.293879786123806538e-02 1.497526271903315727e-02 -2.125607309732620992e-02 -5.390000416154477024e-03 -7.907956542499802708e+03
-2.857479148401765451e-02 9.298254431931109523e-03 1.301550474924894306e-02 1.501506636399929130e-02 -2.127273428792018570e-02 -5.374798824879760926e-03 -7.912318222727054490e+03
-2.859010649189125050e-02 9.238777030991910527e-03 1.309228030054073420e-02 1.505474329177494859e-02 -2.128899220854849408e-02 -5.359409856173406352e-03 -7.916677503023714053e+03
-2.860541157702768678e-02 9.179121539755906792e-03 1.316912390525177418e-02 1.509429099240419160e-02 -2.130485131810511482e-02 -5.343815580117181746e-03 -7.921034379602120680e+03
-2.862070672204664046e-02 9.119287530081803331e-03 1.324603486857428396e-02 1.513370800939344354e-02 -2.132029162380482540e-02 -5.327962776076444751e-03 -7.925388848591717760e+03
-2.863599190926647067e-02 9.059274575347003519e-03 1.332301267230207378e-02 1.517299152764165458e-02 -2.133532613797144151e-02 -5.311931520203963010e-03 -7.929740906039750371e+03
-2.865126712135821277e-02 8.999082237377159857e-03 1.340005676753566570e-02 1.521214130643901673e-02 -2.134993600008662853e-02 -5.295746840182179518e-03 -7.934090548115610545e+03
-2.866653234044697768e-02 8.938710084910228906e-03 1.347716664073378076e-02 1.525115583704327558e-02 -2.136413425479399483e-02 -5.279313754388663404e-03 -7.938437770817031378e+03
-2.868178754919517223e-02 8.878157680428764784e-03 1.355434176862469267e-02 1.529003608530670258e-02 -2.137791018228745593e-02 -5.262704634121839233e-03 -7.942782570279790889e+03
-2.869703273003409993e-02 8.817424588527612850e-03 1.363158173505044785e-02 1.532878028552192747e-02 -2.139125741866007221e-02 -5.245862492360436717e-03 -7.947124942558913062e+03
-2.871226786503670511e-02 8.756510376115144573e-03 1.370888610061928373e-02 1.536738825304674767e-02 -2.140418465330416048e-02 -5.228819957264812558e-03 -7.951464883624817958e+03
-2.872749293664315917e-02 8.695414599583043205e-03 1.378625440368776850e-02 1.540585757498127636e-02 -2.141667745703098799e-02 -5.211609660061997974e-03 -7.955802389599705748e+03
-2.874270792656851217e-02 8.634136821332362086e-03 1.386368598700361311e-02 1.544418742272292422e-02 -2.142875049017350236e-02 -5.194176973115260249e-03 -7.960137456403045690e+03
-2.875791281699316415e-02 8.572676594104737188e-03 1.394118024748515483e-02 1.548237372390654475e-02 -2.144037751797624874e-02 -5.176496347215502926e-03 -7.964470080083126959e+03
-2.877310758979431324e-02 8.511033471211126855e-03 1.401873640743661435e-02 1.552041535520038915e-02 -2.145157128963769491e-02 -5.158593868370477467e-03 -7.968800256603451999e+03
-2.878829222647239991e-02 8.449207006051819013e-03 1.409635376729972273e-02 1.555831065349625765e-02 -2.146232657558698464e-02 -5.140557810968912275e-03 -7.973127981841624205e+03
-2.880346670941746207e-02 8.387196735727176639e-03 1.417403163151666201e-02 1.559605731369943273e-02 -2.147264161153574977e-02 -5.122235542399554246e-03 -7.977453251955414999e+03
-2.881863101966115545e-02 8.325002216864626700e-03 1.425176936001636141e-02 1.563365583590074423e-02 -2.148249511988239643e-02 -5.103721574645333353e-03 -7.981776062688092679e+03
-2.883378513894714959e-02 8.262622994005775975e-03 1.432956637953820139e-02 1.567110358783613960e-02 -2.149190632413456800e-02 -5.084998010428681652e-03 -7.986096409998975105e+03
-2.884892904887637402e-02 8.200058614926983985e-03 1.440742219535424105e-02 1.570840045820952671e-02 -2.150086463097682088e-02 -5.066077395895628339e-03 -7.990414289767577429e+03
-2.886406273144218743e-02 8.137308620421593655e-03 1.448533629260154859e-02 1.574554531419411138e-02 -2.150935405487469990e-02 -5.046929662534869326e-03 -7.994729697994755952e+03
-2.887918616771449273e-02 8.074372563034105249e-03 1.456330816584059523e-02 1.578253636506894708e-02 -2.151739432405782790e-02 -5.027581921723913924e-03 -7.999042630399696463e+03
-2.889429933958709631e-02 8.011249976269473050e-03 1.464133731479316976e-02 1.581937267845844042e-02 -2.152497464149061984e-02 -5.007994643652697100e-03 -8.003353082980938780e+03
-2.890940222810999688e-02 7.947940398616003613e-03 1.471942302731753249e-02 1.585605170213247317e-02 -2.153208679694473826e-02 -4.988204978139738031e-03 -8.007661051526321899e+03
-2.892449481457453134e-02 7.884443357380836390e-03 1.479756451576696823e-02 1.589257171874119967e-02 -2.153873827870498095e-02 -4.968175501804591825e-03 -8.011966531912467872e+03
-2.893957707955359393e-02 7.820758387138228296e-03 1.487576094189330990e-02 1.592893038028610209e-02 -2.154491652022638357e-02 -4.947936483519465786e-03 -8.016269519804774973e+03
-2.895464900461329136e-02 7.756885007534869252e-03 1.495401153565629158e-02 1.596512627239321178e-02 -2.155062393165145182e-02 -4.927517219982979063e-03 -8.020570011162171795e+03
-2.896971057035025582e-02 7.692822753844697804e-03 1.503231559019622965e-02 1.600115855851148849e-02 -2.155585287965143884e-02 -4.906792328886148448e-03 -8.024868001642241325e+03
-2.898476175768694221e-02 7.628571154285193785e-03 1.511067246335178957e-02 1.603702426346390736e-02 -2.156059368761781628e-02 -4.885908414122027907e-03 -8.029163487027676638e+03
-2.899980254721317222e-02 7.564129737126827624e-03 1.518908148309361210e-02 1.607272351757873044e-02 -2.156484944322765995e-02 -4.864801532453922293e-03 -8.033456463023746437e+03
-2.901483292033388978e-02 7.499498018640404599e-03 1.526754210489321417e-02 1.610825314503291222e-02 -2.156861767488978121e-02 -4.843446812989981275e-03 -8.037746925535398987e+03
-2.902985285727499934e-02 7.434675533604216333e-03 1.534605374126452385e-02 1.614361211614494598e-02 -2.157188496298629091e-02 -4.821864685919978293e-03 -8.042034870082775342e+03
-2.904486233902622491e-02 7.369661799848194195e-03 1.542461573154996560e-02 1.617879998288873286e-02 -2.157467147634376317e-02 -4.800080436415526085e-03 -8.046320292446860549e+03
-2.905986134619739994e-02 7.304456332966034922e-03 1.550322739197714482e-02 1.621381590544297702e-02 -2.157695235509942550e-02 -4.778080590724765632e-03 -8.050603188325237170e+03
-2.907484985895437968e-02 7.239058646211412977e-03 1.558188791923060222e-02 1.624865638594808967e-02 -2.157873839963726781e-02 -4.755814859768189504e-03 -8.054883553315939025e+03
-2.908982785803716775e-02 7.173468239082314395e-03 1.566059644031312509e-02 1.628332089975786240e-02 -2.158002652399510640e-02 -4.733339192058131153e-03 -8.059161383185949489e+03
-2.910479532326283938e-02 7.107684625304261893e-03 1.573935215057635159e-02 1.631780618797680493e-02 -2.158081949366858973e-02 -4.710651019164772794e-03 -8.063436673424984292e+03
-2.911975223502853358e-02 7.041707309588383056e-03 1.581815428285841471e-02 1.635211117735081710e-02 -2.158109384118339635e-02 -4.687671941653922397e-03 -8.067709419720845290e+03
-2.913469857340352659e-02 6.975535799875014903e-03 1.589700215811069850e-02 1.638623330459348243e-02 -2.158084922171907977e-02 -4.664492692987292667e-03 -8.071979617667293496e+03
-2.914963431812847561e-02 6.909169607028323168e-03 1.597589499615664418e-02 1.642017167274397935e-02 -2.158007958828234846e-02 -4.641133089860113685e-03 -8.076247262757663520e+03
-2.916455944947298970e-02 6.842608229140080198e-03 1.605483202321610070e-02 1.645392312727990761e-02 -2.157879016879566195e-02 -4.617493358204063925e-03 -8.080512350683565273e+03
-2.917947394688423859e-02 6.775851173261114926e-03 1.613381249891347735e-02 1.648748748560266084e-02 -2.157697326234014543e-02 -4.593634045167346511e-03 -8.084774876868254978e+03
-2.919437779050412102e-02 6.708897934083859864e-03 1.621283567758952798e-02 1.652086254263519099e-02 -2.157463396303888753e-02 -4.569566728807219168e-03 -8.089034836914152947e+03
-2.920927096021113181e-02 6.641748008849014673e-03 1.629190085107273811e-02 1.655404732308733348e-02 -2.157176876398710433e-02 -4.545249487069137964e-03 -8.093292226324917465e+03
-2.922415343551869674e-02 6.574400894987317973e-03 1.637100717214731369e-02 1.658704084203277418e-02 -2.156836625617364334e-02 -4.520678852502479396e-03 -8.097547040502702657e+03
-2.923902519675107212e-02 6.506856066328196506e-03 1.645015379948876894e-02 1.661984071011196953e-02 -2.156442146895050024e-02 -4.495824817285219363e-03 -8.101799275154510724e+03
-2.925388622259258303e-02 6.439113018982628618e-03 1.652933987953858833e-02 1.665244411432933655e-02 -2.155994751554039801e-02 -4.470797455871040015e-03 -8.106048925517380667e+03
-2.926873649252117321e-02 6.371171233916897263e-03 1.660856459818967068e-02 1.668484879484771408e-02 -2.155493316677613291e-02 -4.445542902845254531e-03 -8.110295987074156074e+03
-2.928357598567596018e-02 6.303030197078212521e-03 1.668782714387289159e-02 1.671705367161120323e-02 -2.154936438944750690e-02 -4.419987874206296116e-03 -8.114540455212028974e+03
-2.929840468151919536e-02 6.234689385978786115e-03 1.676712665867486490e-02 1.674905595867932917e-02 -2.154323447305534628e-02 -4.394224504763638399e-03 -8.118782325444278285e+03
-2.931322255842897656e-02 6.166148290654039667e-03 1.684646220949558015e-02 1.678085529999398529e-02 -2.153654963736563802e-02 -4.368245992264215873e-03 -8.123021592976395368e+03
-2.932802959591895506e-02 6.097406382483927870e-03 1.692583290648443442e-02 1.681244910124074510e-02 -2.152931104148693084e-02 -4.342022669099924841e-03 -8.127258253361201241e+03
-2.934282577259864772e-02 6.028463144524759745e-03 1.700523793231076969e-02 1.684383465945585648e-02 -2.152150167754289523e-02 -4.315550114638270693e-03 -8.131492301820730063e+03
-2.935761106796280426e-02 5.959318040073364672e-03 1.708467645560502943e-02 1.687501103212774023e-02 -2.151313417809772727e-02 -4.288795426982733652e-03 -8.135723733817249013e+03
-2.937238546040611686e-02 5.889970550424239622e-03 1.716414765470921852e-02 1.690597578816415564e-02 -2.150419130616997368e-02 -4.261859070299936665e-03 -8.139952544476996081e+03
-2.938714892930427772e-02 5.820420135348346874e-03 1.724365061308206354e-02 1.693672773720799468e-02 -2.149468417028761735e-02 -4.234624624464251343e-03 -8.144178729254195787e+03
-2.940190145293369167e-02 5.750666263272820843e-03 1.732318438237604244e-02 1.696726450087336635e-02 -2.148458955572696977e-02 -4.207150118065996862e-03 -8.148402283312511827e+03
-2.941664300973046223e-02 5.680708390445006646e-03 1.740274804679474083e-02 1.699758464639273062e-02 -2.147392256614438083e-02 -4.179392414413493628e-03 -8.152623201929071911e+03
-2.943137357774682980e-02 5.610545977328488740e-03 1.748234068885090586e-02 1.702768595744718130e-02 -2.146266363048376230e-02 -4.151441768529151415e-03 -8.156841480273398702e+03
-2.944609313583728544e-02 5.540178471476466145e-03 1.756196135841309180e-02 1.705756705874758236e-02 -2.145081833487823275e-02 -4.123256831020672905e-03 -8.161057113761618893e+03
-2.946080166139570036e-02 5.469605343973347848e-03 1.764160909234451652e-02 1.708722582708889839e-02 -2.143837084393622819e-02 -4.094800026538340104e-03 -8.165270097349653042e+03
-2.947549913276704958e-02 5.398826047397773005e-03 1.772128290683960827e-02 1.711665990789225725e-02 -2.142534743774392875e-02 -4.066097613011281781e-03 -8.169480426317589263e+03
-2.949018552798736773e-02 5.327840035507296242e-03 1.780098193254312650e-02 1.714586516590758253e-02 -2.141171089276647926e-02 -4.037167843803288886e-03 -8.173688095835721469e+03
-2.950486082490943671e-02 5.256646757739483374e-03 1.788070516254173375e-02 1.717483976126851428e-02 -2.139747293378983783e-02 -4.007950409363141182e-03 -8.177893100966604834e+03
-2.951952500185937855e-02 5.185245652754354694e-03 1.796045164206915012e-02 1.720358255350228419e-02 -2.138262874505939340e-02 -3.978470554471425814e-03 -8.182095436900628556e+03
-2.953417803649402082e-02 5.113636169747397091e-03 1.804022034327690607e-02 1.723209075753433933e-02 -2.136716884315268891e-02 -3.948737601736767092e-03 -8.186295098649118700e+03
-2.954881990684125187e-02 5.041817743356960708e-03 1.812001019643125557e-02 1.726036440232263380e-02 -2.135109246412764811e-02 -3.918772236130146740e-03 -8.190492081386972131e+03
-2.956345059041398660e-02 4.969789808965394302e-03 1.819982014493107952e-02 1.728840218488581632e-02 -2.133439548335597583e-02 -3.888493566571465769e-03 -8.194686380167040625e+03
-2.957807006424650539e-02 4.897551804015336935e-03 1.827964924257474699e-02 1.731620150749138554e-02 -2.131706818160429562e-02 -3.858029742296942895e-03 -8.198877989923905261e+03
-2.959267830579835265e-02 4.825103158166781613e-03 1.835949644847048590e-02 1.734376030709687891e-02 -2.129913189881254068e-02 -3.827298078335809439e-03 -8.203066905725840115e+03
-2.960727529203680680e-02 4.752443308333282809e-03 1.843936085442451217e-02 1.737107560243847382e-02 -2.128055372385699931e-02 -3.796294060321223247e-03 -8.207253122507387161e+03
-2.962186100028680810e-02 4.679571683609957261e-03 1.851924147168918997e-02 1.739814432854618065e-02 -2.126134396361484963e-02 -3.765045619177441807e-03 -8.211436635320902496e+03
-2.963643540747743291e-02 4.606487712694343033e-03 1.859913719680930319e-02 1.742496355934297983e-02 -2.124149362240379188e-02 -3.733522140406042231e-03 -8.215617439099522016e+03
-2.965099849029855308e-02 4.533190818675123662e-03 1.867904686281760679e-02 1.745152992270561365e-02 -2.122099918763765969e-02 -3.701729062307828125e-03 -8.219795528661070421e+03
-2.966555022626048838e-02 4.459680406904171536e-03 1.875896921433336736e-02 1.747784257311695358e-02 -2.119986031306700033e-02 -3.669686359655628758e-03 -8.223970899093061234e+03
-2.968009059177376119e-02 4.385955901554872832e-03 1.883890315074281466e-02 1.750389914612750925e-02 -2.117806655241340902e-02 -3.637360218008940400e-03 -8.228143545135360910e+03
-2.969461956392186949e-02 4.312016713667710978e-03 1.891884749601310117e-02 1.752969934924463943e-02 -2.115560712708072777e-02 -3.604794176517758450e-03 -8.232313461723719229e+03
-2.970913711930010109e-02 4.237862258510542192e-03 1.899880114784002760e-02 1.755524201860384284e-02 -2.113249316514744652e-02 -3.571964872082436602e-03 -8.236480643670201971e+03
-2.972364323426445951e-02 4.163491947445818048e-03 1.907876309157273062e-02 1.758052537404095408e-02 -2.110871727207465701e-02 -3.538837481527411233e-03 -8.240645085785246920e+03
-2.973813788517609691e-02 4.088905184951032237e-03 1.915873234871681013e-02 1.760554503456109032e-02 -2.108426220415941105e-02 -3.505484233442355407e-03 -8.244806782921295962e+03
-2.975262104812450778e-02 4.014101377321749320e-03 1.923870791851576070e-02 1.763029786985659264e-02 -2.105914969589514282e-02 -3.471814593646832363e-03 -8.248965729840569111e+03
-2.976709269891724893e-02 3.939079930695458046e-03 1.931868858564298602e-02 1.765478103632344906e-02 -2.103335294381803930e-02 -3.437926294065558799e-03 -8.253121921222806122e+03
-2.978155281361092449e-02 3.863840239951438823e-03 1.939867308219852052e-02 1.767899233446024523e-02 -2.100688283658684943e-02 -3.403766593539116637e-03 -8.257275351847869388e+03
-2.979600136827854559e-02 3.788381690114222666e-03 1.947866003912642266e-02 1.770292889433044276e-02 -2.097971842895251376e-02 -3.369349072087986837e-03 -8.261426016492543567e+03
-2.981043833839648952e-02 3.712703674779362084e-03 1.955864806833433611e-02 1.772658854436187648e-02 -2.095187192465566839e-02 -3.334636707851599581e-03 -8.265573909717695642e+03
-2.982486370002590884e-02 3.636805579653440163e-03 1.963863581183242224e-02 1.774996958235472433e-02 -2.092332373111381247e-02 -3.299627270768663856e-03 -8.269719026232165561e+03
-2.983927742909582917e-02 3.560686790211022457e-03 1.971862214309098513e-02 1.777307014915652933e-02 -2.089408646639340575e-02 -3.264401705343960430e-03 -8.273861360719440199e+03
-2.985367950098209017e-02 3.484346700071830512e-03 1.979860599563246573e-02 1.779588887219929125e-02 -2.086413684098388857e-02 -3.228824919812886812e-03 -8.278000907734445718e+03
-2.986806989122229097e-02 3.407784694712063991e-03 1.987858634571166086e-02 1.781842333710726908e-02 -2.083347144920873889e-02 -3.193038530483329612e-03 -8.282137661919505263e+03
-2.988244857470407842e-02 3.331000158215578853e-03 1.995856199099298525e-02 1.784066980286373727e-02 -2.080209454877837705e-02 -3.156933643382014987e-03 -8.286271617753733153e+03
-2.989681552691527203e-02 3.253992453745325857e-03 2.003853163770329474e-02 1.786262532062281999e-02 -2.077000679861322474e-02 -3.120609560096208011e-03 -8.290402769940625149e+03
-2.991117072254738038e-02 3.176760954859105673e-03 2.011849395388190520e-02 1.788428825421970250e-02 -2.073720022687191786e-02 -3.083969585371179687e-03 -8.294531112942428081e+03
-2.992551413643508920e-02 3.099305028333977207e-03 2.019844753002181248e-02 1.790565489240555919e-02 -2.070367632667128449e-02 -3.047106334444948678e-03 -8.298656641255505747e+03
-2.993984574287989267e-02 3.021624044836087198e-03 2.027839078317626373e-02 1.792672331127344310e-02 -2.066941898214428447e-02 -3.009896189989575473e-03 -8.302779349186250329e+03
-2.995416551741026182e-02 2.943717346819283570e-03 2.035832220974966716e-02 1.794748967355725561e-02 -2.063443644265838123e-02 -2.972433494072709414e-03 -8.306899231426752522e+03
-2.996847343423558740e-02 2.865584300483287137e-03 2.043824045363038661e-02 1.796795224748694644e-02 -2.059870181526809660e-02 -2.934689282424100907e-03 -8.311016282274036712e+03
-2.998276946785451841e-02 2.787224269514389577e-03 2.051814438388594244e-02 1.798810801960413347e-02 -2.056222664408597148e-02 -2.896673723298063587e-03 -8.315130496106459759e+03
-2.999705359332080490e-02 2.708636603875225809e-03 2.059803282858403001e-02 1.800795549276360680e-02 -2.052500040186675673e-02 -2.858356939589191438e-03 -8.319241867493370592e+03
-3.001132578386395827e-02 2.629820679219653772e-03 2.067790453019551986e-02 1.802749226982190006e-02 -2.048700701257132051e-02 -2.819766916692067766e-03 -8.323350390464600423e+03
-3.002558601456132431e-02 2.550775823758082931e-03 2.075775811737408730e-02 1.804671547844733173e-02 -2.044825974404581442e-02 -2.780882077391370801e-03 -8.327456059661477411e+03
-3.003983425870885085e-02 2.471501390496702328e-03 2.083759199442708140e-02 1.806562289539432459e-02 -2.040874950104321767e-02 -2.741741351712498331e-03 -8.331558869211537967e+03
-3.005407049027521496e-02 2.391996715673294464e-03 2.091740468349104556e-02 1.808421162665597298e-02 -2.036848625988852898e-02 -2.702305916471600331e-03 -8.335658813431282397e+03
-3.006829468322064908e-02 2.312261129815749647e-03 2.099719460635898066e-02 1.810247848105946827e-02 -2.032744969088204692e-02 -2.662577626657205900e-03 -8.339755886638495213e+03
-3.008250681050562980e-02 2.232293974018788579e-03 2.107696012997809301e-02 1.812042053337640374e-02 -2.028564469053297653e-02 -2.622532774337515884e-03 -8.343850082866460070e+03
-3.009670684587341036e-02 2.152094569162813897e-03 2.115669968299587270e-02 1.813803332373661176e-02 -2.024305986622333339e-02 -2.582257791181524070e-03 -8.347941396413742041e+03
-3.011089476291264194e-02 2.071662238417582274e-03 2.123641190202104831e-02 1.815531487974379396e-02 -2.019968331222711175e-02 -2.541673469618795176e-03 -8.352029821539374097e+03
-3.012507053479473659e-02 1.990996312940543356e-03 2.131609545171900960e-02 1.817226197331957976e-02 -2.015550173128152767e-02 -2.500840980580747944e-03 -8.356115352360648103e+03
-3.013923413428758538e-02 1.910096129768037044e-03 2.139574902522072344e-02 1.818887282989482823e-02 -2.011051982579040512e-02 -2.459694003534091539e-03 -8.360197982849093023e+03
-3.015338553509716579e-02 1.828960998468144019e-03 2.147537108155436400e-02 1.820514470341622060e-02 -2.006474109866638461e-02 -2.418223478457367636e-03 -8.364277707297213055e+03
-3.016752470973150038e-02 1.747590244865519175e-03 2.155495997279431933e-02 1.822107586267654455e-02 -2.001815759963796945e-02 -2.376460556558084719e-03 -8.368354519626986075e+03
-3.018165163113432567e-02 1.665983176555315293e-03 2.163451402360701617e-02 1.823666411030063980e-02 -1.997076219712120432e-02 -2.334424254081465377e-03 -8.372428413941244798e+03
-3.019576627166923807e-02 1.584139102665699976e-03 2.171403153284333018e-02 1.825190513642849927e-02 -1.992256563357235402e-02 -2.292084019136815184e-03 -8.376499384196064057e+03
-3.020986860401185525e-02 1.502057319798995880e-03 2.179351081317494263e-02 1.826679575371603984e-02 -1.987353838030990125e-02 -2.249467925748293348e-03 -8.380567424451492116e+03
-3.022395859997007578e-02 1.419737131787961529e-03 2.187295012266606692e-02 1.828133300750715839e-02 -1.982369167775897834e-02 -2.206531381951623398e-03 -8.384632528536734753e+03
-3.023803623223831824e-02 1.337177820833834220e-03 2.195234784746469270e-02 1.829551211212419176e-02 -1.977301477805362348e-02 -2.163350319115611622e-03 -8.388694690579946837e+03
-3.025210147216392947e-02 1.254378694490371031e-03 2.203170245774267039e-02 1.830933007131803000e-02 -1.972150059309920461e-02 -2.119864425302727014e-03 -8.392753904278482878e+03
-3.026615429242652741e-02 1.171339032215055467e-03 2.211101244630615109e-02 1.832278431210589142e-02 -1.966912959285213591e-02 -2.076094337197947198e-03 -8.396810163743921294e+03
-3.028019466403071916e-02 1.088058145027566165e-03 2.219027623252507742e-02 1.833587243405890993e-02 -1.961591802196655313e-02 -2.032001838151115646e-03 -8.400863462504736162e+03
-3.029422255971951292e-02 1.004535303401526969e-03 2.226949209485166656e-02 1.834859235865399577e-02 -1.956184919593780339e-02 -1.987588367856531462e-03 -8.404913794665038949e+03
-3.030823795051034927e-02 9.207698013278769848e-04 2.234865815552811510e-02 1.836094122296882611e-02 -1.950692783664862567e-02 -1.942882315883866966e-03 -8.408961153829986870e+03
-3.032224080790044130e-02 8.367609139992094117e-04 2.242777252588568776e-02 1.837291612778926830e-02 -1.945114541235472977e-02 -1.897889684884908378e-03 -8.413005533787905733e+03
-3.033623110300904743e-02 7.525079130750611132e-04 2.250683343318050922e-02 1.838451433115461525e-02 -1.939450524793005781e-02 -1.852589578440494043e-03 -8.417046928251606005e+03
-3.035020880751542263e-02 6.680100506798320988e-04 2.258583895284653129e-02 1.839573117511706865e-02 -1.933698870814973617e-02 -1.806980946776383986e-03 -8.421085331108151877e+03
-3.036417389159153796e-02 5.832666041852322628e-04 2.266478730392245192e-02 1.840656332137720688e-02 -1.927859401425576630e-02 -1.761119064022747399e-03 -8.425120735806280209e+03
-3.037812632606015986e-02 4.982768294021711541e-04 2.274367667378886584e-02 1.841700647644464728e-02 -1.921932882352825681e-02 -1.714936007970116125e-03 -8.429153136038417870e+03
-3.039206608153278977e-02 4.130399863239153104e-04 2.282250535349261353e-02 1.842705681758623551e-02 -1.915915766894584274e-02 -1.668517156571909955e-03 -8.433182525419928425e+03
-3.040599312815069066e-02 3.275553406211045545e-04 2.290127160364619635e-02 1.843671128705120024e-02 -1.909809146875251704e-02 -1.621675699672609937e-03 -8.437208897403676019e+03
-3.041990743763805030e-02 2.418221197759739594e-04 2.297997366025488278e-02 1.844596792578305847e-02 -1.903612414299309108e-02 -1.574599047757647757e-03 -8.441232245921855792e+03
-3.043380897913346844e-02 1.558395980650819517e-04 2.305860952114216142e-02 1.845482429118303416e-02 -1.897324766244640887e-02 -1.527193681442416207e-03 -8.445252564113026892e+03
-3.044769772319848647e-02 6.960701169053993371e-05 2.313717708724378000e-02 1.846327727589180262e-02 -1.890945425738061944e-02 -1.479486509894724659e-03 -8.449269845593275022e+03
-3.046157363983599889e-02 -1.687639830920185347e-05 2.321567432612899398e-02 1.847132345804553683e-02 -1.884475729664809515e-02 -1.431444804851688584e-03 -8.453284083808484866e+03
-3.047543669866972782e-02 -1.036113945091354913e-04 2.329409929153549927e-02 1.847895956070427781e-02 -1.877914415778963661e-02 -1.383125719234824498e-03 -8.457295272111827217e+03
-3.048928687007469718e-02 -1.905987649999577971e-04 2.337244995369348183e-02 1.848618147853791152e-02 -1.871260480646751850e-02 -1.334511189333505285e-03 -8.461303404139267514e+03
-3.050312412276012797e-02 -2.778392665935851464e-04 2.345072426746837996e-02 1.849298452733552298e-02 -1.864514011792260673e-02 -1.285595276437821689e-03 -8.465308473027387663e+03
-3.051694842588321618e-02 -3.653336767167026061e-04 2.352892025711592755e-02 1.849936451266269780e-02 -1.857673111133275115e-02 -1.236421166218969279e-03 -8.469310472124698208e+03
-3.053075974825334576e-02 -4.530827719279997617e-04 2.360703601351324399e-02 1.850531739083956587e-02 -1.850737345332971115e-02 -1.186856644357372819e-03 -8.473309394685869847e+03
-3.054455805948959671e-02 -5.410873489929852185e-04 2.368506948539005758e-02 1.851084182672899439e-02 -1.843706113020584722e-02 -1.137005238257769160e-03 -8.477305234163086425e+03
-3.055834332761933614e-02 -6.293481773260905035e-04 2.376301864841641465e-02 1.851593355048266124e-02 -1.836578408351928482e-02 -1.086848377875613897e-03 -8.481297983485121222e+03
-3.057211552265759122e-02 -7.178660737894377230e-04 2.384088129317614782e-02 1.852059056910333387e-02 -1.829354226657008142e-02 -1.036346989619862675e-03 -8.485287636212857251e+03
-3.058587461242409308e-02 -8.066418147845840717e-04 2.391865515034261036e-02 1.852480858795203453e-02 -1.822034908964674862e-02 -9.855835475021286485e-04 -8.489274185225387555e+03
-3.059962056616550088e-02 -8.956762130422560178e-04 2.399633805874518133e-02 1.852858420553987404e-02 -1.814617492224054190e-02 -9.344611911765081467e-04 -8.493257623880506799e+03
-3.061335335159664703e-02 -9.849700606976395656e-04 2.407392784050856396e-02 1.853191395411789635e-02 -1.807102883383934419e-02 -8.830785989238051133e-04 -8.497237945077886252e+03
-3.062707293693206489e-02 -1.074524175050470742e-03 2.415142224713678551e-02 1.853479204537492736e-02 -1.799491449464819121e-02 -8.313628572497513145e-04 -8.501215141980397675e+03
-3.064077928955735372e-02 -1.164339361938004436e-03 2.422881901954253292e-02 1.853721525375909285e-02 -1.791780901205117932e-02 -7.793603718876038200e-04 -8.505189207544959572e+03
-3.065447237710593881e-02 -1.254416440221389891e-03 2.430611592340175056e-02 1.853917920408783282e-02 -1.783969591269479044e-02 -7.270384060573049142e-04 -8.509160134824742272e+03
-3.066815216671144734e-02 -1.344756229254598498e-03 2.438331063799803120e-02 1.854068063216652781e-02 -1.776057927504207448e-02 -6.744413633531919517e-04 -8.513127916682829891e+03
-3.068181862636127494e-02 -1.435359567147599484e-03 2.446040092851174685e-02 1.854171670741462316e-02 -1.768043281463982375e-02 -6.214540464262918642e-04 -8.517092546188829147e+03
-3.069547172277018246e-02 -1.526227270200842829e-03 2.453738458605346853e-02 1.854228363309462849e-02 -1.759928188804906618e-02 -5.681472417791708692e-04 -8.521054016011034037e+03
-3.070911142382943756e-02 -1.617360189012816878e-03 2.461425918895435508e-02 1.854237723270814320e-02 -1.751710575384321164e-02 -5.145388202938144676e-04 -8.525012319206816755e+03
-3.072273769670826049e-02 -1.708759163204782170e-03 2.469102227049608730e-02 1.854199299772541984e-02 -1.743391069370552743e-02 -4.606262166661002130e-04 -8.528967448641134979e+03
-3.073635050783822542e-02 -1.800425025300255192e-03 2.476767148552135381e-02 1.854112717544504838e-02 -1.734969425171872456e-02 -4.064001711665914921e-04 -8.532919396986057109e+03
-3.074994982306237731e-02 -1.892358609902098461e-03 2.484420441885886247e-02 1.853977642511366389e-02 -1.726445184322694323e-02 -3.518770785419357105e-04 -8.536868156800952420e+03
-3.076353560959306510e-02 -1.984560793080229323e-03 2.492061851135102604e-02 1.853793513380604108e-02 -1.717815968785355030e-02 -2.970517593597232124e-04 -8.540813721139562404e+03
-3.077710783280267898e-02 -2.077032416224188719e-03 2.499691107695728789e-02 1.853559997761821190e-02 -1.709081349979845940e-02 -2.418879811017335293e-04 -8.544756082471523769e+03
-3.079066645835202426e-02 -2.169774333411476561e-03 2.507307953026211012e-02 1.853276831134399033e-02 -1.700239185036845485e-02 -1.864650489636380192e-04 -8.548695233346239547e+03
-3.080421145310035039e-02 -2.262787437173145386e-03 2.514912147818803081e-02 1.852943516762303386e-02 -1.691290473705429204e-02 -1.306898148503653461e-04 -8.552631166704662974e+03
-3.081774278106736223e-02 -2.356072561165513651e-03 2.522503452968929277e-02 1.852559587459745583e-02 -1.682233789548774616e-02 -7.454451988828697160e-05 -8.556563874544697683e+03
-3.083126040964351972e-02 -2.449630625488863345e-03 2.530081609803873019e-02 1.852124634114118637e-02 -1.673070755920652575e-02 -1.808584707642658422e-05 -8.560493349953727375e+03
-3.084476430298107100e-02 -2.543462487347687619e-03 2.537646352448163362e-02 1.851638051218171613e-02 -1.663800104050605633e-02 3.869751900337433401e-05 -8.564419585055422431e+03
-3.085825442620317507e-02 -2.637569029893500634e-03 2.545197420598681662e-02 1.851099529216781656e-02 -1.654421604343976268e-02 9.575388395683679451e-05 -8.568342572321835178e+03
-3.087173074537290229e-02 -2.731951163782967915e-03 2.552734551951064620e-02 1.850508708245467843e-02 -1.644933240980919753e-02 1.531319721440353645e-04 -8.572262304492320254e+03
-3.088519322359918953e-02 -2.826609747246740072e-03 2.560257449460377754e-02 1.849865215139001595e-02 -1.635335760443567057e-02 2.107736073831094207e-04 -8.576178773405728862e+03
-3.089864182643055346e-02 -2.921545705210838728e-03 2.567765816934916220e-02 1.849168634340795508e-02 -1.625626129986266349e-02 2.687729840582872977e-04 -8.580091971769896190e+03
-3.091207651750884841e-02 -3.016759920850079282e-03 2.575259370415599117e-02 1.848418593709920746e-02 -1.615805100937464309e-02 3.270840380128657511e-04 -8.584001891700398119e+03
-3.092549726136066893e-02 -3.112253308011872239e-03 2.582737841864241046e-02 1.847614630976929587e-02 -1.605870184237622594e-02 3.857557058415833650e-04 -8.587908525582035509e+03
-3.093890402131114353e-02 -3.208026775265315159e-03 2.590200963071295423e-02 1.846756075934454303e-02 -1.595823475355542809e-02 4.447079116378046572e-04 -8.591811865449339166e+03
-3.095229676111404052e-02 -3.304081251043345345e-03 2.597648462319832388e-02 1.845842424599068027e-02 -1.585662045450987948e-02 5.040217686119108842e-04 -8.595711903481676927e+03
-3.096567544435092911e-02 -3.400417667236036150e-03 2.605080045680887441e-02 1.844873103250108115e-02 -1.575387797217691482e-02 5.636327257671702121e-04 -8.599608631802855598e+03
-3.097904003481713811e-02 -3.497036959943221508e-03 2.612495420488443118e-02 1.843847801182471255e-02 -1.565000276341802984e-02 6.235666358768217777e-04 -8.603502042607027761e+03
-3.099239049565610457e-02 -3.593940056960439298e-03 2.619894293532946949e-02 1.842766188143756326e-02 -1.554497059166560363e-02 6.837951005900919825e-04 -8.607392127865718066e+03
-3.100572678937061136e-02 -3.691127885322914148e-03 2.627276339903244010e-02 1.841627961634206487e-02 -1.543878510300988188e-02 7.443283469270444309e-04 -8.611278879391578812e+03
-3.101904887981449949e-02 -3.788601410512354526e-03 2.634641241810641715e-02 1.840432570337000376e-02 -1.533141936779486986e-02 8.051960998444993066e-04 -8.615162289533793228e+03
-3.103235672823359201e-02 -3.886361543816612470e-03 2.641988692969172645e-02 1.839179687355802992e-02 -1.522287745189284183e-02 8.663613626020115217e-04 -8.619042349881692644e+03
-3.104565029671638166e-02 -3.984409231561954895e-03 2.649318392041178846e-02 1.837868562212666840e-02 -1.511314629186916343e-02 9.278479444724254885e-04 -8.622919052302278942e+03
-3.105892954735208281e-02 -4.082745442979832107e-03 2.656630031807616713e-02 1.836498671734183852e-02 -1.500223072318426776e-02 9.897047454140639119e-04 -8.626792388650361318e+03
-3.107219444273255290e-02 -4.181371175678598104e-03 2.663923300294671753e-02 1.835069389233585577e-02 -1.489011879658689100e-02 1.051822206504457197e-03 -8.630662350936985604e+03
-3.108544494369881728e-02 -4.280287387967440099e-03 2.671197874045268261e-02 1.833580225940691782e-02 -1.477680497780380596e-02 1.114274485154307954e-03 -8.634528930569973454e+03
-3.109868101222210135e-02 -4.379495065840724975e-03 2.678453428636937139e-02 1.832030775479328785e-02 -1.466230260685528336e-02 1.177114412404610833e-03 -8.638392119357704360e+03
-3.111190260990053663e-02 -4.478995195462355874e-03 2.685689635210443058e-02 1.830420741683875738e-02 -1.454656999932652482e-02 1.240249124141543959e-03 -8.642251909003021865e+03
-3.112510969748171277e-02 -4.578788749587083678e-03 2.692906160821370229e-02 1.828749639195786925e-02 -1.442962027791919351e-02 1.303640073427532074e-03 -8.646108290955460689e+03
-3.113830223603935091e-02 -4.678876721877003701e-03 2.700102673397026740e-02 1.827016971354708877e-02 -1.431145484003497337e-02 1.367341706845178091e-03 -8.649961256944454362e+03
-3.115148018493218637e-02 -4.779260072581501158e-03 2.707278835304745279e-02 1.825222289698458580e-02 -1.419202622352054924e-02 1.431332511732317332e-03 -8.653810798224463724e+03
-3.116464350507816214e-02 -4.879939818139404986e-03 2.714434290861215959e-02 1.823364848407359531e-02 -1.407136974894938886e-02 1.495697528079271759e-03 -8.657656906488426102e+03
-3.117779215680307678e-02 -4.980916977888640886e-03 2.721568679955656961e-02 1.821444143976814686e-02 -1.394944944418885675e-02 1.560354833945083687e-03 -8.661499573183462417e+03
-3.119092609954299614e-02 -5.082192567171204232e-03 2.728681647396912283e-02 1.819459571837541562e-02 -1.382627793701994567e-02 1.625325546507159135e-03 -8.665338789490746422e+03
-3.120404529293215046e-02 -5.183767618793817984e-03 2.735772831666793622e-02 1.817410629801036528e-02 -1.370185367512457598e-02 1.690687841670964657e-03 -8.669174546699909115e+03
-3.121714969661920983e-02 -5.285643162737723062e-03 2.742841888435092537e-02 1.815296803798766012e-02 -1.357614253074051688e-02 1.756326316276141022e-03 -8.673006836077307526e+03
-3.123023927051968643e-02 -5.387820243739167500e-03 2.749888471171668333e-02 1.813117610176476907e-02 -1.344916085162643077e-02 1.822289140376964333e-03 -8.676835649049206040e+03
-3.124331397338685201e-02 -5.490299893628280449e-03 2.756912236376991496e-02 1.810872477096089894e-02 -1.332089285738488789e-02 1.888518645871780375e-03 -8.680660976782635771e+03
-3.125637376302625031e-02 -5.593083126961724549e-03 2.763912813128307361e-02 1.808560987789160218e-02 -1.319132866478356023e-02 1.955037032938248664e-03 -8.684482810167137359e+03
-3.126941859771942972e-02 -5.696170983076755817e-03 2.770889803464187881e-02 1.806182612095454110e-02 -1.306046397293405582e-02 2.021879758405898276e-03 -8.688301140312063580e+03
-3.128244843562349303e-02 -5.799564511821422158e-03 2.777842804702336174e-02 1.803736747928419079e-02 -1.292829149477048474e-02 2.089011870240515493e-03 -8.692115958218830201e+03
-3.129546323548203918e-02 -5.903264796040582491e-03 2.784771405226040691e-02 1.801222887716928331e-02 -1.279480568596980117e-02 2.156519477673043018e-03 -8.695927255039256124e+03
-3.130846295505152616e-02 -6.007272908989582522e-03 2.791675199408468616e-02 1.798640392641103272e-02 -1.266000307351208831e-02 2.224288108514552859e-03 -8.699735021645707093e+03
-3.132144755110140982e-02 -6.111589914127332594e-03 2.798553810622625773e-02 1.795988528391518485e-02 -1.252387163833465315e-02 2.292443763098010907e-03 -8.703539248625540495e+03
-3.133441698201185066e-02 -6.216216931363070103e-03 2.805406883363974549e-02 1.793266646729635427e-02 -1.238640343655912288e-02 2.360890146661548828e-03 -8.707339927211567556e+03
-3.134737120362227070e-02 -6.321155015384378843e-03 2.812234039447963213e-02 1.790474266043876050e-02 -1.224757467909827827e-02 2.429616193695091110e-03 -8.711137047822612658e+03
-3.136031017302352147e-02 -6.426405266963705100e-03 2.819034878838926755e-02 1.787610785938969354e-02 -1.210740026000931696e-02 2.498640726261520430e-03 -8.714930601308813493e+03
-3.137323384620657740e-02 -6.531968770271021421e-03 2.825808980026024708e-02 1.784675809218543019e-02 -1.196586403355552608e-02 2.567932293046566814e-03 -8.718720578237696827e+03
-3.138614217937405609e-02 -6.637846624712373175e-03 2.832555894243048156e-02 1.781668918801656426e-02 -1.182295449928465539e-02 2.637543482705983263e-03 -8.722506969281093916e+03
-3.139903512834582577e-02 -6.744039930533299136e-03 2.839275161750623097e-02 1.778589387472198288e-02 -1.167869474113863645e-02 2.707454213017461506e-03 -8.726289764907069184e+03
-3.141191264976714997e-02 -6.850549823527570838e-03 2.845966345134800374e-02 1.775436625903608831e-02 -1.153305177107140540e-02 2.777670904827965470e-03 -8.730068955808823375e+03
-3.142477469817958613e-02 -6.957377411400602653e-03 2.852629016961175795e-02 1.772209845933408676e-02 -1.138601835500467445e-02 2.848196844717270412e-03 -8.733844532133696703e+03
-3.143762122958629335e-02 -7.064523858281491521e-03 2.859262762987308665e-02 1.768908259333815819e-02 -1.123758364549517705e-02 2.919048373971584211e-03 -8.737616484568821761e+03
-3.145045219805934350e-02 -7.171990291687748223e-03 2.865867178569828783e-02 1.765531289676065471e-02 -1.108773133212542610e-02 2.990250841480579080e-03 -8.741384803192964682e+03
-3.146326755831746480e-02 -7.279777865772269277e-03 2.872441832112320945e-02 1.762078377998501158e-02 -1.093647250992836432e-02 3.061681560801283574e-03 -8.745149478386854753e+03
-3.147606726420677098e-02 -7.387887718632571085e-03 2.878986264437923340e-02 1.758548985545915419e-02 -1.078377639951420310e-02 3.133440684123790527e-03 -8.748910500243826391e+03
-3.148885126984956456e-02 -7.496321007108436470e-03 2.885500003032193811e-02 1.754942551867882256e-02 -1.062966981505822188e-02 3.205412605328795701e-03 -8.752667858986338615e+03
-3.150161952841912943e-02 -7.605078867630690742e-03 2.891982548181958046e-02 1.751258613911371720e-02 -1.047413602828988280e-02 3.277748043767771124e-03 -8.756421544521304895e+03
-3.151437199484902890e-02 -7.714162502925107912e-03 2.898433423904596407e-02 1.747496314419106495e-02 -1.031716505978816367e-02 3.350297761551192244e-03 -8.760171547338692108e+03
-3.152710862089178057e-02 -7.823573051182114435e-03 2.904852156695389778e-02 1.743655020717098381e-02 -1.015875427473238342e-02 3.423203926123036429e-03 -8.763917856889145696e+03
-3.153982936039159690e-02 -7.933311729475516633e-03 2.911238264647414767e-02 1.739733999535038669e-02 -9.998872277802280106e-03 3.496359642320071362e-03 -8.767660463386962874e+03
-3.155253416615494411e-02 -8.043379740492045959e-03 2.917591284115908165e-02 1.735732481385088982e-02 -9.837519481540123178e-03 3.569817181012430174e-03 -8.771399356733734749e+03
-3.156522298956556533e-02 -8.153778271392349980e-03 2.923910734347034274e-02 1.731649796256572171e-02 -9.674677934771641619e-03 3.643647388789483105e-03 -8.775134526497196930e+03
-3.157789578273818842e-02 -8.264508540227562608e-03 2.930196133301087372e-02 1.727485371059473557e-02 -9.510357583475572210e-03 3.717729616334714080e-03 -8.778865962537905943e+03
-3.159055249682623384e-02 -8.375571741847052595e-03 2.936446968734890070e-02 1.723238509028363757e-02 -9.344555096916196471e-03 3.792043521303416383e-03 -8.782593654333164523e+03
-3.160319308386703996e-02 -8.486969109820148224e-03 2.942662731064652620e-02 1.718908553455019209e-02 -9.177254055995027332e-03 3.866643059729231013e-03 -8.786317591748320410e+03
-3.161581749480764369e-02 -8.598701865242232290e-03 2.948842881001314045e-02 1.714494927959897205e-02 -9.008457285309315332e-03 3.941474785436245923e-03 -8.790037764327293189e+03
-3.162842567979417402e-02 -8.710771219126391476e-03 2.954986880420396034e-02 1.709996870697225169e-02 -8.838151745769913525e-03 4.016578958453086677e-03 -8.793754161280498010e+03
-3.164101759010425063e-02 -8.823178430395256858e-03 2.961094194202131338e-02 1.705413705581245234e-02 -8.666329357192338601e-03 4.091956414890182865e-03 -8.797466772206260430e+03
-3.165359317539617745e-02 -8.935924741818349407e-03 2.967164299198775737e-02 1.700744682115835557e-02 -8.492985688525600887e-03 4.167674384079736449e-03 -8.801175586303743330e+03
-3.166615238627562556e-02 -9.049011431737263161e-03 2.973196661322132298e-02 1.695989009897402172e-02 -8.318090102338495523e-03 4.243713146967873287e-03 -8.804880593091656920e+03
-3.167869517191564122e-02 -9.162439756906885779e-03 2.979190741907467022e-02 1.691145959468659185e-02 -8.141644408916308764e-03 4.319976597014256285e-03 -8.808581781725644760e+03
-3.169122148011004059e-02 -9.276210969025609765e-03 2.985146007911361477e-02 1.686214670906904800e-02 -7.963643400944703937e-03 4.396493771976342675e-03 -8.812279140998660296e+03
-3.170373126120245438e-02 -9.390326405619264794e-03 2.991061907318613017e-02 1.681194527554343357e-02 -7.784081760398751763e-03 4.473232036677252110e-03 -8.815972660571014785e+03
-3.171622446203079676e-02 -9.504787307647878311e-03 2.996937863971308597e-02 1.676084878657288502e-02 -7.602956529029455783e-03 4.550218163398468338e-03 -8.819662328941682063e+03
-3.172870103137812731e-02 -9.619594986283201352e-03 3.002773278764899953e-02 1.670884948196026121e-02 -7.420263807240265810e-03 4.627428202969624885e-03 -8.823348135255660964e+03
-3.174116091698873932e-02 -9.734750731001403853e-03 3.008567550584570829e-02 1.665593967776418660e-02 -7.235997843451773791e-03 4.704938927527192727e-03 -8.827030068301457504e+03
-3.175360406698842647e-02 -9.850255856497540027e-03 3.014320087743592794e-02 1.660211219987134043e-02 -7.050142539447041418e-03 4.782727886827212865e-03 -8.830708117005373424e+03
-3.176603042838869323e-02 -9.966111668125414089e-03 3.020030305709585014e-02 1.654735932013006589e-02 -6.862684072329302241e-03 4.860785258645290360e-03 -8.834382269981437275e+03
-3.177843994887193796e-02 -1.008231951057781718e-02 3.025697599761978385e-02 1.649167328563246743e-02 -6.673608567915880266e-03 4.939069385095183097e-03 -8.838052516152458338e+03
-3.179083257348327973e-02 -1.019888069099065923e-02 3.031321361687329408e-02 1.643504508075137663e-02 -6.482917734024170806e-03 5.017591812982146078e-03 -8.841718843729073342e+03
-3.180320824892189646e-02 -1.031579660335498784e-02 3.036900989844891832e-02 1.637746637030827734e-02 -6.290596638423591631e-03 5.096330041458167238e-03 -8.845381241558645343e+03
-3.181556691986271723e-02 -1.043306859195501299e-02 3.042435869429486323e-02 1.631893029179368876e-02 -6.096641175145630503e-03 5.175288122437442240e-03 -8.849039697851834717e+03
-3.182790853164246120e-02 -1.055069802177746770e-02 3.047925382428899252e-02 1.625942903956312247e-02 -5.901060631124011198e-03 5.254496299111346795e-03 -8.852694201026853989e+03
-3.184023302905061165e-02 -1.066868624894800818e-02 3.053368869079390105e-02 1.619895254623251318e-02 -5.703842435875472634e-03 5.333948524820421311e-03 -8.856344739296337139e+03
-3.185254035742100115e-02 -1.078703465064313402e-02 3.058765661189899107e-02 1.613749429429464644e-02 -5.504972697849564930e-03 5.413617871356819940e-03 -8.859991300992909601e+03
-3.186483046074197606e-02 -1.090574458139021742e-02 3.064115095433111308e-02 1.607504656836050358e-02 -5.304441405474673819e-03 5.493505139970474536e-03 -8.863633874041484887e+03
-3.187710328451077990e-02 -1.102481747391719641e-02 3.069416510454169716e-02 1.601160247339549619e-02 -5.102232581827331054e-03 5.573632643061461958e-03 -8.867272446965325798e+03
-3.188935877052952866e-02 -1.114425467943238116e-02 3.074669218282035862e-02 1.594715306321874831e-02 -4.898340886118656909e-03 5.653960354338429667e-03 -8.870907007178053391e+03
-3.190159686272927425e-02 -1.126405765172775082e-02 3.079872526997450011e-02 1.588168824061958126e-02 -4.692759298227545429e-03 5.734489838200886036e-03 -8.874537542970152572e+03
-3.191381750338888323e-02 -1.138422782899137058e-02 3.085025769489738168e-02 1.581519708281940717e-02 -4.485477361569113058e-03 5.815261840296516785e-03 -8.878164042218217219e+03
-3.192602063357563580e-02 -1.150476662582587163e-02 3.090128290971734873e-02 1.574767105871690415e-02 -4.276502739712959890e-03 5.896196803452267640e-03 -8.881786492379527772e+03
-3.193820619521821336e-02 -1.162567548377491100e-02 3.095179367509509616e-02 1.567910299541448726e-02 -4.065831128477945082e-03 5.977324182312835840e-03 -8.885404881089631090e+03
-3.195037413008496030e-02 -1.174695583979347251e-02 3.100178259699397018e-02 1.560948452103893408e-02 -3.853431805599439198e-03 6.058672270023096086e-03 -8.889019195889846742e+03
-3.196252438072473556e-02 -1.186860917204347887e-02 3.105124236177808639e-02 1.553880874448850501e-02 -3.639325245791420315e-03 6.140193277329428038e-03 -8.892629424642602316e+03
-3.197465688821028718e-02 -1.199063694635602376e-02 3.110016549937075561e-02 1.546706893031872185e-02 -3.423462987438608256e-03 6.221912777528282659e-03 -8.896235554788307127e+03
-3.198677159202722303e-02 -1.211304059684287747e-02 3.114854466589813201e-02 1.539425346322834988e-02 -3.205875147700776480e-03 6.303812008166696269e-03 -8.899837573317649003e+03
-3.199886843149248039e-02 -1.223582159372528511e-02 3.119637236067632907e-02 1.532035114940918930e-02 -2.986526967885549683e-03 6.385917770615796504e-03 -8.903435467412009530e+03
-3.201094734573162875e-02 -1.235898144170047806e-02 3.124364089526792537e-02 1.524535021611863467e-02 -2.765433790266041275e-03 6.468163663761728605e-03 -8.907029224295367385e+03
-3.202300827441089542e-02 -1.248252169093312484e-02 3.129034244399696990e-02 1.516924256007452787e-02 -2.542569397776319861e-03 6.550572064406082196e-03 -8.910618831334515562e+03
-3.203505115609441012e-02 -1.260644386287051652e-02 3.133646924803660389e-02 1.509202046997093830e-02 -2.317937855157544986e-03 6.633089141154004283e-03 -8.914204275445325038e+03
-3.204707592785398934e-02 -1.273074943953679192e-02 3.138201328359746523e-02 1.501367628185936061e-02 -2.091527530183745574e-03 6.715815134969849512e-03 -8.917785543086678445e+03
-3.205908252878265918e-02 -1.285543998667029036e-02 3.142696638132554121e-02 1.493420083528075766e-02 -1.863324922536491179e-03 6.798677898622599441e-03 -8.921362621447675338e+03
-3.207107089538718120e-02 -1.298051700960910042e-02 3.147132071022328004e-02 1.485358471218576129e-02 -1.633335274974440435e-03 6.881742273519669308e-03 -8.924935496961412355e+03
-3.208304096521068238e-02 -1.310598207096716830e-02 3.151506844681135205e-02 1.477181633149772001e-02 -1.401549473311689952e-03 6.964935969456766823e-03 -8.928504156539760515e+03
-3.209499267431226849e-02 -1.323183671351224784e-02 3.155820125296893847e-02 1.468888532448634800e-02 -1.167954364419602912e-03 7.048231279654707665e-03 -8.932068586599069022e+03
-3.210692595754588430e-02 -1.335808248517086905e-02 3.160071021109184947e-02 1.460478033466768889e-02 -9.325478728646958201e-04 7.131647154452550215e-03 -8.935628773226570047e+03
-3.211884075260661164e-02 -1.348472105869863609e-02 3.164258624367924377e-02 1.451949305159772226e-02 -6.953021188881016931e-04 7.215136825194964042e-03 -8.939184703549713959e+03
-3.213073699258271743e-02 -1.361175398125129624e-02 3.168382074548177496e-02 1.443301366711930052e-02 -4.562420316142288537e-04 7.298765867408293223e-03 -8.942736363155259824e+03
-3.214261461222520794e-02 -1.373918285994881264e-02 3.172440498946882403e-02 1.434533263219249337e-02 -2.153490551576026210e-04 7.382526527809246328e-03 -8.946283738203588655e+03
-3.215447354500781951e-02 -1.386700928712529708e-02 3.176433030849141331e-02 1.425643928453665041e-02 2.739820761799046156e-05 7.466396816462264260e-03 -8.949826814652895337e+03
-3.216631372659348870e-02 -1.399523495023688620e-02 3.180358804613954427e-02 1.416632299279454651e-02 2.719951744175311183e-04 7.550382752526474742e-03 -8.953365579329371030e+03
-3.217813508704570752e-02 -1.412386136942224944e-02 3.184216944280506695e-02 1.407497307265477733e-02 5.184566346176319208e-04 7.634476256475097519e-03 -8.956900016985977345e+03
-3.218993756087600716e-02 -1.425289023962693358e-02 3.188006498554418061e-02 1.398238026105919941e-02 7.667899148916241907e-04 7.718633468861134730e-03 -8.960430113851400165e+03
-3.220172108078989820e-02 -1.438232324018449797e-02 3.191726464033753374e-02 1.388853333801805257e-02 1.016984089690690929e-03 7.802816580833867727e-03 -8.963955855714662903e+03
-3.221348557756024272e-02 -1.451216202158125967e-02 3.195375851002266177e-02 1.379342007364849944e-02 1.269053172891229783e-03 7.887018614244803438e-03 -8.967477227823357680e+03
-3.222523098168866840e-02 -1.464240825731729680e-02 3.198953701899334701e-02 1.369703062454623657e-02 1.522999309628089151e-03 7.971347969553118501e-03 -8.970994215502936640e+03
-3.223695722393261215e-02 -1.477306364848118836e-02 3.202459066188659970e-02 1.359935366936322609e-02 1.778828691933882246e-03 8.055713700442907604e-03 -8.974506804290791479e+03
-3.224866423443095015e-02 -1.490412988867328113e-02 3.205890986833590667e-02 1.350037817599933354e-02 2.036578761821649861e-03 8.140142918314155138e-03 -8.978014979614845288e+03
-3.226035194137602535e-02 -1.503560863895821512e-02 3.209248502561987820e-02 1.340009430721079801e-02 2.296237385350976407e-03 8.224584136992446962e-03 -8.981518726214510025e+03
-3.227202027613819413e-02 -1.516750169295163694e-02 3.212530590413254644e-02 1.329849157979737066e-02 2.557811808118841054e-03 8.309116246867148323e-03 -8.985018029730174021e+03
-3.228366916450287061e-02 -1.529981067033001595e-02 3.215736205983148882e-02 1.319555833443175966e-02 2.821314369860270996e-03 8.393598881733034187e-03 -8.988512873805697382e+03
-3.229529853869948786e-02 -1.543253747208880172e-02 3.218864238214678986e-02 1.309128126849652858e-02 3.086718838769000883e-03 8.478108738028016997e-03 -8.992003244712606829e+03
-3.230690832246722877e-02 -1.556568376144175370e-02 3.221913598718158245e-02 1.298564765899624766e-02 3.354035916855244940e-03 8.562561940399275595e-03 -8.995489126107051561e+03
-3.231849844215003986e-02 -1.569925129984033052e-02 3.224883231848955228e-02 1.287864577943151345e-02 3.623295873653389985e-03 8.647025811243675558e-03 -8.998970502568776283e+03
-3.233006882618451316e-02 -1.583324193751830394e-02 3.227772096813958519e-02 1.277026513387192336e-02 3.894501670872917848e-03 8.731484574698014298e-03 -9.002447359442166999e+03
-3.234161939615474990e-02 -1.596765730925856983e-02 3.230579132772314760e-02 1.266049597079845976e-02 4.167667106038382835e-03 8.815906457909694627e-03 -9.005919679709957563e+03
-3.235315008150895649e-02 -1.610249934822989906e-02 3.233303221037726882e-02 1.254932829555037432e-02 4.442788597131866989e-03 8.900381941572320724e-03 -9.009387448924195269e+03
-3.236466080490159325e-02 -1.623776979029449563e-02 3.235943230279764160e-02 1.243674800174942099e-02 4.719871191337590352e-03 8.984757313383365598e-03 -9.012850650239641254e+03
-3.237615149071129683e-02 -1.637347049075615901e-02 3.238497976788466681e-02 1.232274103845306876e-02 4.998900672636461852e-03 9.069054645145374627e-03 -9.016309267705522871e+03
-3.238762206441069685e-02 -1.650960339126015045e-02 3.240966233608106456e-02 1.220729400640793369e-02 5.279901824245192971e-03 9.153215791749755303e-03 -9.019763286075802171e+03
-3.239907244383099377e-02 -1.664617019288947355e-02 3.243346823176270627e-02 1.209039323440221081e-02 5.562880945433050506e-03 9.237324004477067904e-03 -9.023212687646944687e+03
-3.241050255321584889e-02 -1.678317283479955138e-02 3.245638581993307709e-02 1.197202763807964782e-02 5.847836044067486992e-03 9.321347514644955784e-03 -9.026657456942833960e+03
-3.242191231389662809e-02 -1.692061315671250163e-02 3.247840350142335714e-02 1.185218622262917444e-02 6.134784899087433740e-03 9.405302371323994923e-03 -9.030097577317892501e+03
-3.243330164778603086e-02 -1.705849305964069265e-02 3.249950906728685945e-02 1.173085797891031991e-02 6.423711681735014278e-03 9.489160526627730963e-03 -9.033533032458874004e+03
-3.244467047297826950e-02 -1.719681436496392837e-02 3.251968998635722252e-02 1.160803039013941738e-02 6.714644188578929897e-03 9.572896877802021184e-03 -9.036963804736131351e+03
-3.245601871136420680e-02 -1.733557907498349884e-02 3.253893340830127379e-02 1.148368841135508946e-02 7.007562585400824336e-03 9.656416338207150785e-03 -9.040389877810486723e+03
-3.246734628115314353e-02 -1.747478910922533810e-02 3.255722612936483296e-02 1.135781759651370570e-02 7.302495225812988960e-03 9.739821788706998218e-03 -9.043811234319957293e+03
-3.247865310078316275e-02 -1.761444643837045340e-02 3.257455500444192409e-02 1.123040472306756007e-02 7.599427951522977343e-03 9.822994714461260810e-03 -9.047227857395922911e+03
-3.248993908672292985e-02 -1.775455296490435764e-02 3.259090711623799375e-02 1.110143454018459701e-02 7.898359577381769761e-03 9.906016417131244603e-03 -9.050639729461807292e+03
-3.250120415594910661e-02 -1.789511062796235105e-02 3.260626949739570818e-02 1.097089616483095005e-02 8.199304088153521949e-03 9.988909009736602826e-03 -9.054046833099188007e+03
-3.251244822436259729e-02 -1.803612138490832614e-02 3.262062880173945134e-02 1.083877855019766377e-02 8.502264947849497503e-03 1.007156325539835563e-02 -9.057449150744711005e+03
-3.252367120840088388e-02 -1.817758725257563254e-02 3.263397110557906405e-02 1.070506892985667070e-02 8.807242782392565514e-03 1.015405115236945981e-02 -9.060846664982656876e+03
-3.253487302194368880e-02 -1.831951020687805701e-02 3.264628219937484171e-02 1.056975104278680411e-02 9.114257084489445562e-03 1.023627283638712561e-02 -9.064239357314261724e+03
-3.254605358226895367e-02 -1.846189240814313792e-02 3.265754756307238243e-02 1.043280907692620794e-02 9.423288577179313175e-03 1.031821585935494695e-02 -9.067627210660499259e+03
-3.255721280016311142e-02 -1.860473578309193229e-02 3.266775309833584023e-02 1.029422635517652021e-02 9.734352304876221426e-03 1.039986935889706393e-02 -9.071010205859540292e+03
-3.256835058987322951e-02 -1.874804243221966579e-02 3.267688427940029089e-02 1.015398847347660088e-02 1.004743232128660693e-02 1.048123225189715076e-02 -9.074388325351488675e+03
-3.257946686116724999e-02 -1.889181432467279542e-02 3.268492673657796138e-02 1.001208451650214236e-02 1.036253751633821329e-02 1.056231691880759466e-02 -9.077761550132845514e+03
-3.259056152545461438e-02 -1.903605351551820868e-02 3.269186586514422066e-02 9.868503427657080579e-03 1.067967027271797195e-02 1.064317573939845864e-02 -9.081129861729405093e+03
-3.260163449191796903e-02 -1.918076204003313703e-02 3.269768626162948555e-02 9.723233277187531137e-03 1.099884750599396804e-02 1.072366041154276285e-02 -9.084493240990885170e+03
-3.261268567521480310e-02 -1.932594220190410675e-02 3.270237193902469225e-02 9.576256119072508802e-03 1.132007629997304476e-02 1.080377690043144399e-02 -9.087851670526237285e+03
-3.262371498111608231e-02 -1.947159598593575791e-02 3.270590729098245275e-02 9.427550468256344976e-03 1.164332883732425820e-02 1.088350906406711227e-02 -9.091205129663228945e+03
-3.263472231944580110e-02 -1.961772559250464162e-02 3.270827658010830308e-02 9.277100827305448036e-03 1.196862186894171592e-02 1.096288782951411987e-02 -9.094553599763483362e+03
-3.264570759692073110e-02 -1.976433315086111725e-02 3.270946378372766028e-02 9.124892710733991524e-03 1.229591138101806917e-02 1.104182943774146761e-02 -9.097897061481700803e+03
-3.265667071772711261e-02 -1.991142070970045377e-02 3.270945297385739747e-02 8.970915107196728369e-03 1.262524332368221772e-02 1.112035698814900844e-02 -9.101235494629145251e+03
-3.266761159135569276e-02 -2.005899058502420493e-02 3.270822766554899730e-02 8.815156975273118548e-03 1.295662800243701195e-02 1.119845612873073687e-02 -9.104568881035902450e+03
-3.267853011860077928e-02 -2.020704478395702469e-02 3.270577111047601876e-02 8.657604002167218829e-03 1.329003814881898893e-02 1.127613462231763335e-02 -9.107897199244622243e+03
-3.268942620635172797e-02 -2.035558560839089912e-02 3.270206587981470958e-02 8.498234891245548192e-03 1.362549552889709414e-02 1.135338842369056252e-02 -9.111220429843502643e+03
-3.270029975865395427e-02 -2.050461532316430122e-02 3.269709431212999146e-02 8.337028710632223005e-03 1.396297473676149682e-02 1.143005150501145116e-02 -9.114538552601126867e+03
-3.271115067614371874e-02 -2.065413609394468886e-02 3.269083913048769635e-02 8.173968256667598839e-03 1.430246577458292763e-02 1.150623644337717306e-02 -9.117851546490510373e+03
-3.272197886488876356e-02 -2.080415035454961925e-02 3.268328231114982219e-02 8.009040733550543481e-03 1.464397850369780416e-02 1.158182306091221081e-02 -9.121159392750892948e+03
-3.273278422020838019e-02 -2.095466013769202440e-02 3.267440633125123089e-02 7.842235999656443912e-03 1.498751986700754338e-02 1.165689987404597804e-02 -9.124462068948623710e+03
-3.274356664276797252e-02 -2.110566773175351699e-02 3.266419328681047229e-02 7.673538660141473317e-03 1.533308265316232592e-02 1.173131709426874537e-02 -9.127759554538299199e+03
-3.275432603144841359e-02 -2.125717540765685587e-02 3.265262452221822514e-02 7.502931200985738479e-03 1.568066478553194198e-02 1.180523094931627305e-02 -9.131051828216492140e+03
-3.276506228639580742e-02 -2.140918558919814585e-02 3.263968046768615100e-02 7.330391858141305748e-03 1.603025477091488474e-02 1.187850661764369709e-02 -9.134338869411769338e+03
-3.277577530281788193e-02 -2.156170053220297575e-02 3.262534166214949710e-02 7.155899828913504963e-03 1.638185682302646315e-02 1.195111060571066308e-02 -9.137620655699616691e+03
-3.278646498045470481e-02 -2.171472273843332718e-02 3.260958829024922928e-02 6.979439336679349806e-03 1.673543878705692836e-02 1.202304421113247618e-02 -9.140897166734615894e+03
-3.279713121103525891e-02 -2.186825440142865090e-02 3.259240107186478497e-02 6.800997113969349181e-03 1.709102241859230750e-02 1.209416849978572905e-02 -9.144168379447750340e+03
-3.280777389120148602e-02 -2.202229795403436510e-02 3.257376069408843972e-02 6.620558759513421251e-03 1.744858542636762433e-02 1.216461291965483318e-02 -9.147434272649723425e+03
-3.281839291250988194e-02 -2.217685569226504616e-02 3.255364726780035634e-02 6.438109238432470835e-03 1.780812765972507664e-02 1.223430552690170717e-02 -9.150694823590734813e+03
-3.282898816715960205e-02 -2.233193003171356911e-02 3.253203991153008623e-02 6.253627708377246068e-03 1.816965444376761676e-02 1.230330831139328854e-02 -9.153950009831947682e+03
-3.283955954651125719e-02 -2.248752342072375329e-02 3.250891678602078894e-02 6.067092651295004531e-03 1.853313579704639336e-02 1.237146483199682255e-02 -9.157199808671757637e+03
-3.285010694225420219e-02 -2.264363838227020226e-02 3.248425565536584153e-02 5.878484713847273620e-03 1.889858810235132622e-02 1.243874316924595096e-02 -9.160444197651497234e+03
-3.286063024282399186e-02 -2.280027730811371237e-02 3.245803512139746466e-02 5.687786169044346460e-03 1.926598372064974515e-02 1.250519320759017720e-02 -9.163683153221660177e+03
-3.287112933836745798e-02 -2.295744270340122767e-02 3.243023389155908626e-02 5.494979903120639567e-03 1.963529655809589936e-02 1.257062350981369599e-02 -9.166916652626279756e+03
-3.288160411311387421e-02 -2.311513690151293168e-02 3.240083065282534786e-02 5.300051973428703163e-03 2.000652218045973624e-02 1.263517516564280525e-02 -9.170144671442900290e+03
-3.289205445587070620e-02 -2.327336254270612192e-02 3.236980282113446211e-02 5.102985818822260849e-03 2.037967560412042023e-02 1.269879905635501981e-02 -9.173367187334381015e+03
-3.290248025065901222e-02 -2.343212213015036238e-02 3.233712667713929678e-02 4.903759927111026561e-03 2.075473347456159925e-02 1.276148802457490253e-02 -9.176584175938533008e+03
-3.291288138206518998e-02 -2.359141825292117300e-02 3.230277802539629345e-02 4.702355475059569016e-03 2.113170679097413351e-02 1.282315457551437901e-02 -9.179795613268848683e+03
-3.292325772985255777e-02 -2.375125328589354837e-02 3.226673308328884687e-02 4.498746885101067607e-03 2.151055004497298001e-02 1.288374085600147920e-02 -9.183001473371534303e+03
-3.293360918271875937e-02 -2.391163008932967182e-02 3.222896766263046858e-02 4.292914619657453058e-03 2.189122486746282112e-02 1.294316554292872408e-02 -9.186201734134952858e+03
-3.294393561669882453e-02 -2.407255102633415814e-02 3.218945816968791368e-02 4.084844618927324124e-03 2.227373676713775494e-02 1.300146348922813500e-02 -9.189396369144682467e+03
-3.295423690959591034e-02 -2.423401864048779775e-02 3.214818033830819932e-02 3.874520160485036072e-03 2.265807743687326889e-02 1.305862257579901153e-02 -9.192585353148717331e+03
-3.296451294418452360e-02 -2.439603580352325829e-02 3.210510823691625770e-02 3.661925336592096111e-03 2.304424165705110453e-02 1.311461049106105170e-02 -9.195768662765833142e+03
-3.297476359126947504e-02 -2.455860484900939181e-02 3.206021620381287879e-02 3.447035143559671298e-03 2.343222022405012234e-02 1.316948697964307260e-02 -9.198946269689935434e+03
-3.298498873514158630e-02 -2.472172880317273155e-02 3.201347748713841840e-02 3.229826594097478989e-03 2.382197309108265160e-02 1.322299541410124415e-02 -9.202118150964921369e+03
-3.299518824574501630e-02 -2.488541010439762613e-02 3.196486552047118901e-02 3.010276717019620858e-03 2.421348090875060158e-02 1.327517009476625494e-02 -9.205284278682605873e+03
-3.300536199580125785e-02 -2.504965140679465962e-02 3.191435361436545382e-02 2.788366554297878018e-03 2.460669933436269649e-02 1.332594389886109995e-02 -9.208444626479145882e+03
-3.301550986249390113e-02 -2.521445569486231372e-02 3.186191433382287025e-02 2.564080600554780650e-03 2.500162070392414337e-02 1.337530941151434880e-02 -9.211599170141615105e+03
-3.302563170727091518e-02 -2.537982524866047931e-02 3.180752079954358991e-02 2.337404280981418645e-03 2.539823180666377425e-02 1.342333078255441951e-02 -9.214747879465146980e+03
-3.303572740820537312e-02 -2.554576320844827511e-02 3.175114411147141741e-02 2.108311273718444043e-03 2.579653044872020143e-02 1.346986032774123883e-02 -9.217890730225013613e+03
-3.304579683092015441e-02 -2.571227218129619810e-02 3.169275577489321510e-02 1.876777970774056890e-03 2.619647997256680655e-02 1.351493232546029620e-02 -9.221027693740787072e+03
-3.305583984488556087e-02 -2.587935506917905457e-02 3.163232617631624166e-02 1.642781060668929141e-03 2.659804864977248842e-02 1.355839820613383671e-02 -9.224158743357380445e+03
-3.306585631372110923e-02 -2.604701458633396430e-02 3.156982533530872798e-02 1.406299812514119965e-03 2.700119018167684501e-02 1.360020171033836725e-02 -9.227283850633933980e+03
-3.307584609986359558e-02 -2.621525349055140938e-02 3.150522319120325349e-02 1.167316003192957023e-03 2.740588478373044701e-02 1.364031073497057843e-02 -9.230402987067298454e+03
-3.308580906637126340e-02 -2.638407462068956266e-02 3.143848952771153421e-02 9.258112740655543389e-04 2.781208897787774623e-02 1.367873041371805466e-02 -9.233516124411069541e+03
-3.309574507696343842e-02 -2.655348093913073929e-02 3.136959308931469570e-02 6.817636606136836001e-04 2.821979538668620280e-02 1.371544940137059063e-02 -9.236623234693584891e+03
-3.310565399115410895e-02 -2.672347529056528712e-02 3.129850220873978128e-02 4.351488265102551492e-04 2.862897343017243787e-02 1.375040074740828400e-02 -9.239724288532888750e+03
-3.311553566415489230e-02 -2.689406038734510479e-02 3.122518501321824846e-02 1.859448376988825989e-04 2.903959846224887092e-02 1.378349900244504878e-02 -9.242819255324076948e+03
-3.312538996075013037e-02 -2.706523955728947287e-02 3.114960753104013130e-02 -6.587424341289314011e-05 2.945161765508575585e-02 1.381460890569277331e-02 -9.245908108545656432e+03
-3.313521673047167132e-02 -2.723701541103221158e-02 3.107173684077293649e-02 -3.203291190110572504e-04 2.986497544557554715e-02 1.384377320726352251e-02 -9.248990815948809541e+03
-3.314501582765881638e-02 -2.740939089571714851e-02 3.099153961134496968e-02 -5.774395230709264285e-04 3.027964756388727002e-02 1.387084055333225562e-02 -9.252067347514321227e+03
-3.315478710420365765e-02 -2.758236897179137254e-02 3.090898130523067958e-02 -8.372240857265642131e-04 3.069559225635943786e-02 1.389594473450772409e-02 -9.255137672740624112e+03
-3.316453041574417976e-02 -2.775595289112597203e-02 3.082402654522629210e-02 -1.099707185842160352e-03 3.111277858456466816e-02 1.391893801657783855e-02 -9.258201762729258917e+03
-3.317424560549469409e-02 -2.793014532587793572e-02 3.073664043753672470e-02 -1.364912085860562393e-03 3.153117012834689981e-02 1.393975673888326466e-02 -9.261259583869519702e+03
-3.318393252432676188e-02 -2.810494944570007120e-02 3.064678617862404142e-02 -1.632866436823179803e-03 3.195070992372225915e-02 1.395825690728880880e-02 -9.264311105659131499e+03
-3.319359101986912169e-02 -2.828036835662879611e-02 3.055442646952339844e-02 -1.903596597686034583e-03 3.237134264575039500e-02 1.397435581114006044e-02 -9.267356296700561870e+03
-3.320322093316629281e-02 -2.845640496190301322e-02 3.045952398366400318e-02 -2.177118488815410913e-03 3.279301220736375450e-02 1.398810594231880700e-02 -9.270395123871945543e+03
-3.321282210882846309e-02 -2.863306248735944526e-02 3.036204021572569758e-02 -2.453454296374149059e-03 3.321567445347552161e-02 1.399943769323424257e-02 -9.273427555849775672e+03
-3.322239438391309807e-02 -2.881034382149275097e-02 3.026193693271189353e-02 -2.732627761987810149e-03 3.363926704055009848e-02 1.400818031049685074e-02 -9.276453558277260527e+03
-3.323193760226208354e-02 -2.898825230841063638e-02 3.015917459003265161e-02 -3.014666011544647230e-03 3.406373974138634381e-02 1.401440140500646338e-02 -9.279473099599279521e+03
-3.324145160272264088e-02 -2.916679112731446200e-02 3.005371287544971598e-02 -3.299596119906283813e-03 3.448905409616184053e-02 1.401788422478134934e-02 -9.282486146501812982e+03
-3.325093621753858614e-02 -2.934596325601556213e-02 2.994551084204402983e-02 -3.587437498217629223e-03 3.491515408142886745e-02 1.401862248914221426e-02 -9.285492663824794363e+03
-3.326039127829787112e-02 -2.952577179601433011e-02 2.983452720360102797e-02 -3.878211070375723376e-03 3.534194667774960552e-02 1.401659423087560363e-02 -9.288492617031311966e+03
-3.326981661664502044e-02 -2.970621993669477282e-02 2.972071953909709296e-02 -4.171938753176569759e-03 3.576939227473064503e-02 1.401167048853031727e-02 -9.291485971573851202e+03
-3.327921206654994163e-02 -2.988731110809282263e-02 2.960404440855292710e-02 -4.468650062162485455e-03 3.619740516254973256e-02 1.400383096336177587e-02 -9.294472693937026634e+03
-3.328857745684776076e-02 -3.006904853667081642e-02 2.948445816152879886e-02 -4.768370698885159020e-03 3.662590530681184009e-02 1.399295283623638864e-02 -9.297452748693602189e+03
-3.329791260941423331e-02 -3.025143524057209710e-02 2.936191638384566885e-02 -5.071120812953082597e-03 3.705485116156659320e-02 1.397899639314496151e-02 -9.300426098395826557e+03
-3.330721734800647787e-02 -3.043447450403103521e-02 2.923637367102570675e-02 -5.376922069755135820e-03 3.748416475550281346e-02 1.396180201077377482e-02 -9.303392707118506223e+03
-3.331649149383000136e-02 -3.061816956598069697e-02 2.910778436685948142e-02 -5.685798147557698419e-03 3.791378162666669827e-02 1.394131628705683017e-02 -9.306352538123644990e+03
-3.332573487043624660e-02 -3.080252391829509453e-02 2.897610060128258391e-02 -5.997778898511209496e-03 3.834360966998463099e-02 1.391750238294197674e-02 -9.309305555737801114e+03
-3.333494729537390261e-02 -3.098754084404741621e-02 2.884127415792359442e-02 -6.312891108642049512e-03 3.877351887277904335e-02 1.389025330320213698e-02 -9.312251722191194858e+03
-3.334412857856226126e-02 -3.117322335314810441e-02 2.870325649463252929e-02 -6.631153149044020055e-03 3.920345049106441215e-02 1.385943803514312275e-02 -9.315190997483501633e+03
-3.335327853994898145e-02 -3.135957525376294186e-02 2.856199724361649372e-02 -6.952586649081771153e-03 3.963330813891951382e-02 1.382496900135399796e-02 -9.318123346563861560e+03
-3.336239698409712573e-02 -3.154659947969996880e-02 2.841744744234244585e-02 -7.277214939334507478e-03 4.006303311341086193e-02 1.378677504191081100e-02 -9.321048727974575741e+03
-3.337148372318846784e-02 -3.173429956686121822e-02 2.826955554352157673e-02 -7.605067652470039012e-03 4.049251944762430333e-02 1.374477257853172138e-02 -9.323967103652319565e+03
-3.338053856298680427e-02 -3.192267883385732641e-02 2.811826835324531329e-02 -7.936170729538177468e-03 4.092163308339110545e-02 1.369879779311286919e-02 -9.326878433236284764e+03
-3.338956130897993008e-02 -3.211174081498337912e-02 2.796353141420739735e-02 -8.270547063541543176e-03 4.135027976580688686e-02 1.364881676151879011e-02 -9.329782677286990292e+03
-3.339855175999314335e-02 -3.230148880178795173e-02 2.780529068271047483e-02 -8.608218938408738682e-03 4.177833909618452329e-02 1.359466946426351498e-02 -9.332679794460676931e+03
-3.340750971926314400e-02 -3.249192646690592101e-02 2.764349077903711926e-02 -8.949211423870754786e-03 4.220569795299900645e-02 1.353625461595237868e-02 -9.335569745463906656e+03
-3.341643497810408564e-02 -3.268305684258593358e-02 2.747807698809244872e-02 -9.293546900766433416e-03 4.263228719117265197e-02 1.347347640838835771e-02 -9.338452486188267358e+03
-3.342532733783768611e-02 -3.287488382936643722e-02 2.730899010795403287e-02 -9.641252748654557947e-03 4.305796381066654549e-02 1.340619204148731959e-02 -9.341327977220003959e+03
-3.343418658499421048e-02 -3.306741060675239680e-02 2.713617138529338460e-02 -9.992352789658560247e-03 4.348257737298811404e-02 1.333433449884845190e-02 -9.344196173735232151e+03
-3.344301251060077806e-02 -3.326064084864448905e-02 2.695956048503760083e-02 -1.034687183841836479e-02 4.390599070795761505e-02 1.325778321680411154e-02 -9.347057033902421608e+03
-3.345180489829506498e-02 -3.345457783813497732e-02 2.677909748437342155e-02 -1.070483156159445295e-02 4.432808887461805319e-02 1.317639158253338869e-02 -9.349910512961287168e+03
-3.346056353329247834e-02 -3.364922515397617692e-02 2.659472070357025639e-02 -1.106625530401978211e-02 4.474872976911627859e-02 1.308997312832720777e-02 -9.352756567399797859e+03
-3.346928819349153511e-02 -3.384458608270242419e-02 2.640636741570587948e-02 -1.143116589680099465e-02 4.516777859900945186e-02 1.299846657239502913e-02 -9.355595150925812050e+03
-3.347797866639849046e-02 -3.404066488806907487e-02 2.621397068432342048e-02 -1.179959012015079599e-02 4.558507525490221313e-02 1.290175874057641545e-02 -9.358426222629406766e+03
-3.348663471564156113e-02 -3.423746430938282709e-02 2.601746653064717849e-02 -1.217154921508077810e-02 4.600046194171894531e-02 1.279965484414580593e-02 -9.361249731643079940e+03
-3.349525611923177132e-02 -3.443498829802837946e-02 2.581678716672811819e-02 -1.254706751055392928e-02 4.641376616791750148e-02 1.269207032581162221e-02 -9.364065634243255772e+03
-3.350384264749458468e-02 -3.463324043673674663e-02 2.561186496487745726e-02 -1.292616515395943536e-02 4.682483288660135856e-02 1.257882788131417344e-02 -9.366873883821825075e+03
-3.351239406167585977e-02 -3.483222395573594421e-02 2.540263106121267572e-02 -1.330886387242563931e-02 4.723348200728563762e-02 1.245974824041112643e-02 -9.369674430683831815e+03
-3.352091012860979047e-02 -3.503194273553942445e-02 2.518901301781180033e-02 -1.369518852496084613e-02 4.763953907008788152e-02 1.233475489064411561e-02 -9.372467228356565101e+03
-3.352939060350201839e-02 -3.523240002971006479e-02 2.497093876938083837e-02 -1.408515977066279908e-02 4.804281319709743925e-02 1.220367194271898548e-02 -9.375252226008849902e+03
-3.353783524857049253e-02 -3.543359981784351825e-02 2.474833389116815399e-02 -1.447879858282955998e-02 4.844309704928369958e-02 1.206631848167215304e-02 -9.378029376799528109e+03
-3.354624381716943271e-02 -3.563554565303524158e-02 2.452112379589377333e-02 -1.487612547550031319e-02 4.884020386222632376e-02 1.192255107857277154e-02 -9.380798630643739671e+03
-3.355461605312574924e-02 -3.583824066375469047e-02 2.428923302286555355e-02 -1.527716135268132429e-02 4.923394064480079990e-02 1.177211110650265222e-02 -9.383559934045759292e+03
-3.356295170767766706e-02 -3.604168883171784965e-02 2.405258135690162280e-02 -1.568192725766481485e-02 4.962405704927042027e-02 1.161494887747411414e-02 -9.386313237809205020e+03
-3.357125051898055684e-02 -3.624589340705517554e-02 2.381108946237042376e-02 -1.609044032791263901e-02 5.001035112256152493e-02 1.145092653924817579e-02 -9.389058487880243774e+03
-3.357951223161387971e-02 -3.645085834822515969e-02 2.356467537144431648e-02 -1.650272154959970747e-02 5.039256560742345209e-02 1.127978855435133286e-02 -9.391795633870560778e+03
-3.358773658023282704e-02 -3.665658713138113256e-02 2.331325688903289686e-02 -1.691878900948586353e-02 5.077050060738975967e-02 1.110133597427570215e-02 -9.394524621841257613e+03
-3.359592328913791476e-02 -3.686308271608656345e-02 2.305675044504821095e-02 -1.733865872188636997e-02 5.114387776094023175e-02 1.091532235340773524e-02 -9.397245393960702131e+03
-3.360407210081794993e-02 -3.707034988801038988e-02 2.279506486424548103e-02 -1.776234819849079050e-02 5.151242784697372679e-02 1.072169063689763432e-02 -9.399957902281736096e+03
-3.361218272611623398e-02 -3.727839114566628559e-02 2.252811510700909042e-02 -1.818987174852187624e-02 5.187590349054828354e-02 1.052021059669244925e-02 -9.402662085082352860e+03
-3.362025489002772038e-02 -3.748721037165621273e-02 2.225581122847242535e-02 -1.862124801014441999e-02 5.223400802924633990e-02 1.031066022941093049e-02 -9.405357888019691018e+03
-3.362828830628752930e-02 -3.769681088297096444e-02 2.197806191695792985e-02 -1.905649307967135359e-02 5.258647160477403215e-02 1.009270284969780718e-02 -9.408045252750034706e+03
-3.363628269101951590e-02 -3.790719658355254373e-02 2.169477102167109706e-02 -1.949561569717236237e-02 5.293298229001269090e-02 9.866359445665873890e-03 -9.410724123291747674e+03
-3.364423774536673406e-02 -3.811837048015521978e-02 2.140584350302449090e-02 -1.993862622225174921e-02 5.327322335445377338e-02 9.631273825565458968e-03 -9.413394438084120338e+03
-3.365215318210997009e-02 -3.833033685174201677e-02 2.111118004245229884e-02 -2.038554118112786279e-02 5.360687747057690106e-02 9.387319210391764646e-03 -9.416056142112811358e+03
-3.366002868994085601e-02 -3.854309823022352560e-02 2.081068435522098747e-02 -2.083637298087057457e-02 5.393361003445887314e-02 9.134121469594814677e-03 -9.418709169797508366e+03
-3.366786397359267796e-02 -3.875665897121915310e-02 2.050425074829769975e-02 -2.129112915433861372e-02 5.425308691447892212e-02 8.871497254074201672e-03 -9.421353464903762870e+03
-3.367565871296798047e-02 -3.897102170358417161e-02 2.019177656430927448e-02 -2.174981035116070952e-02 5.456492585413875301e-02 8.599240550010548573e-03 -9.423988960862321619e+03
-3.368341259759287387e-02 -3.918619023399515927e-02 1.987315453141859020e-02 -2.221242811184350255e-02 5.486876011167176465e-02 8.317121569660931510e-03 -9.426615597084472029e+03
-3.369112530353687851e-02 -3.940216752005027551e-02 1.954827830830075525e-02 -2.267899054642337833e-02 5.516419838691021676e-02 8.024816041643558981e-03 -9.429233307571301339e+03
-3.369879650894858081e-02 -3.961895714029491089e-02 1.921703558516227317e-02 -2.314949997916762592e-02 5.545085302984857634e-02 7.722166552270198249e-03 -9.431842028831997595e+03
-3.370642587792833239e-02 -3.983656185372897590e-02 1.887931362053415010e-02 -2.362394943480251516e-02 5.572829751716023433e-02 7.408782306099034182e-03 -9.434441692208449240e+03
-3.371401308843165884e-02 -4.005498619482596862e-02 1.853499250179693400e-02 -2.410234613393322928e-02 5.599609041717172608e-02 7.084524637244631225e-03 -9.437032238135507214e+03
-3.372155778268264709e-02 -4.027423171174315114e-02 1.818396054409918833e-02 -2.458468902871780923e-02 5.625378391586710602e-02 6.749056613401463109e-03 -9.439613590095985273e+03
-3.372905962480986231e-02 -4.049430250032465262e-02 1.782609311124632931e-02 -2.507097420850998293e-02 5.650091750104076216e-02 6.402021090031212447e-03 -9.442185684564738040e+03
-3.373651826479547033e-02 -4.071520184190909747e-02 1.746126549838287675e-02 -2.556119198998332495e-02 5.673700883838075221e-02 6.043191268440181382e-03 -9.444748452734382226e+03
-3.374393333723774147e-02 -4.093693199915840464e-02 1.708935401035469384e-02 -2.605533336510200068e-02 5.696155620765064320e-02 5.672256878558121738e-03 -9.447301819945429088e+03
-3.375130448024579732e-02 -4.115949612093719456e-02 1.671022967911103829e-02 -2.655339120394917957e-02 5.717403222310314670e-02 5.288953071776043326e-03 -9.449845715467779883e+03
-3.375863132061861921e-02 -4.138289669130411352e-02 1.632376190266306148e-02 -2.705534793725763304e-02 5.737387742911893851e-02 4.892951275329212972e-03 -9.452380064292612587e+03
-3.376591349252461294e-02 -4.160713751205635802e-02 1.592981205983904497e-02 -2.756119055293448916e-02 5.756054359472960458e-02 4.483841591244264180e-03 -9.454904797583178151e+03
-3.377315061403621255e-02 -4.183222137016228553e-02 1.552824226628226473e-02 -2.807089830487786639e-02 5.773345393063178399e-02 4.061377234579967993e-03 -9.457419840498589110e+03
-3.378034228586875021e-02 -4.205814985555463709e-02 1.511891582364950984e-02 -2.858444981327865411e-02 5.789198862090873254e-02 3.625245126921739208e-03 -9.459925111456585000e+03
-3.378748811411175224e-02 -4.228492565067448750e-02 1.470168859471593890e-02 -2.910181825292506089e-02 5.803552478123094605e-02 3.175036851624905149e-03 -9.462420533700753367e+03
-3.379458769552450698e-02 -4.251255103876747099e-02 1.427641351016423893e-02 -2.962297379788787419e-02 5.816339515069306881e-02 2.710415226046182513e-03 -9.464906027808941872e+03
-3.380164062992336432e-02 -4.274102932814947270e-02 1.384293691484892591e-02 -3.014788707045312072e-02 5.827492632827457192e-02 2.231059724325233119e-03 -9.467381518936790599e+03
-3.380864649810375044e-02 -4.297036258896138466e-02 1.340110551914797284e-02 -3.067652143646849849e-02 5.836940795622468092e-02 1.736556395080294428e-03 -9.469846925288527927e+03
-3.381560486334064114e-02 -4.320055147198817447e-02 1.295076807865495200e-02 -3.120883262537609698e-02 5.844611849945362952e-02 1.226542750064783891e-03 -9.472302157280355459e+03
-3.382251530975433768e-02 -4.343159965767534603e-02 1.249175644528277042e-02 -3.174477927264689192e-02 5.850427838205306957e-02 7.006707730165518365e-04 -9.474747139852170221e+03
-3.382937738455089188e-02 -4.366350747979849678e-02 1.202391251519658623e-02 -3.228430718087904605e-02 5.854308283786688327e-02 1.585310109624587008e-04 -9.477181780706701829e+03
-3.383619064676374188e-02 -4.389627749107360977e-02 1.154706473759910951e-02 -3.282736419548715201e-02 5.856173077185698045e-02 -4.003239151785465614e-04 -9.479605998070959686e+03
-3.384295463698372419e-02 -4.412991073914503820e-02 1.106104294822637772e-02 -3.337388957765973635e-02 5.855934870575811579e-02 -9.761897662137594602e-04 -9.482019702066170794e+03
-3.384966888543205349e-02 -4.436440784962997902e-02 1.056567408674980585e-02 -3.392381363020048612e-02 5.853505222478124631e-02 -1.569515808186619250e-03 -9.484422800232414374e+03
-3.385633293298527524e-02 -4.459977183898439917e-02 1.006077054972539554e-02 -3.447707080212593367e-02 5.848789413311764745e-02 -2.180747094977002632e-03 -9.486815211356582950e+03
-3.386294628648878896e-02 -4.483600241685986587e-02 9.546153810696409239e-03 -3.503357790705442093e-02 5.841691909039167796e-02 -2.810355754365834614e-03 -9.489196837533476355e+03
-3.386950844957902634e-02 -4.507309965216393932e-02 9.021638212561760087e-03 -3.559324933587380835e-02 5.832113471197827859e-02 -3.458660500674644658e-03 -9.491567582276606117e+03
-3.387601892225401007e-02 -4.531106422702352310e-02 8.487030964020148005e-03 -3.615599170602799839e-02 5.819948550101319840e-02 -4.126149310978896242e-03 -9.493927351680247739e+03
-3.388247720771109944e-02 -4.554989856471841625e-02 7.942125638136742632e-03 -3.672171199051162821e-02 5.805086561433306369e-02 -4.813260470321739648e-03 -9.496276059684669235e+03
-3.388888276007016170e-02 -4.578959936278096526e-02 7.386735642154405347e-03 -3.729029033830243839e-02 5.787416582875479915e-02 -5.520441889305512974e-03 -9.498613592705041810e+03
-3.389523505636835021e-02 -4.603016756004671417e-02 6.820649594577354174e-03 -3.786161614121824615e-02 5.766820599959542049e-02 -6.248126523991539075e-03 -9.500939857055072935e+03
-3.390153355675752656e-02 -4.627160326144071772e-02 6.243654162919570587e-03 -3.843556361904457153e-02 5.743175898265775320e-02 -6.996751008901132274e-03 -9.503254754872268677e+03
-3.390777769641133838e-02 -4.651390420699395845e-02 5.655540197024323638e-03 -3.901199356273916952e-02 5.716356239971531056e-02 -7.766879112812654154e-03 -9.505558177040213195e+03
-3.391396691165683014e-02 -4.675706949647108479e-02 5.056086246953836287e-03 -3.959075926186548383e-02 5.686227643107773927e-02 -8.558839560814691938e-03 -9.507850020715159189e+03
-3.392010061484996425e-02 -4.700109627029508408e-02 4.445073411695629750e-03 -4.017170016664062954e-02 5.652655674301296923e-02 -9.373221897813198075e-03 -9.510130174080237339e+03
-3.392617823342680694e-02 -4.724598556265827837e-02 3.822257375452621161e-03 -4.075465241759951979e-02 5.615492697823729062e-02 -1.021036766768643363e-02 -9.512398543113496999e+03
-3.393219915149219001e-02 -4.749173298186620124e-02 3.187411703591614895e-03 -4.133943191646322068e-02 5.574590789375399869e-02 -1.107083131645222700e-02 -9.514655009135349246e+03
-3.393816275608949745e-02 -4.773833673482295176e-02 2.540290877281747850e-03 -4.192584658637853179e-02 5.529795550386870651e-02 -1.195504126539134564e-02 -9.516899465628435792e+03
-3.394406838437497020e-02 -4.798578842270682931e-02 1.880675545131964147e-03 -4.251367342946119066e-02 5.480947353569842057e-02 -1.286341452195836378e-02 -9.519131776487949537e+03
-3.394991542774784821e-02 -4.823409090216663336e-02 1.208283377171732748e-03 -4.310269549022630736e-02 5.427869454326277043e-02 -1.379654876295932468e-02 -9.521351856645382213e+03
-3.395570320067949760e-02 -4.848323569655459825e-02 5.228793416544909051e-04 -4.369266502834978638e-02 5.370393448379365275e-02 -1.475483670569906723e-02 -9.523559570430294116e+03
-3.396143102336637160e-02 -4.873321680732976141e-02 -1.757990090820459083e-04 -4.428332767471902104e-02 5.308351567202364285e-02 -1.573866012609546894e-02 -9.525754795085967999e+03
-3.396709823724895772e-02 -4.898403414410412715e-02 -8.880556498494632028e-04 -4.487443805504275074e-02 5.241545323828719627e-02 -1.674832552969539659e-02 -9.527937435689251288e+03
-3.397270407217746480e-02 -4.923567115780117659e-02 -1.614100074502829293e-03 -4.546567369496685301e-02 5.169766470483497245e-02 -1.778427553050816387e-02 -9.530107324881331806e+03
-3.397824783154736877e-02 -4.948813120086395512e-02 -2.354229513198450967e-03 -4.605667934445992900e-02 5.092759513672893978e-02 -1.884742944303989878e-02 -9.532264379621356056e+03
-3.398372873812316453e-02 -4.974140220328507334e-02 -3.108686464198998512e-03 -4.664702833954301187e-02 5.010356805525311569e-02 -1.993798949346644797e-02 -9.534408446361789174e+03
-3.398914608270847681e-02 -4.999547602196035417e-02 -3.877843778155486403e-03 -4.723647257929276116e-02 4.922462791609378413e-02 -2.105522650341039997e-02 -9.536539400683201166e+03
-3.399449914179634297e-02 -5.025033966290801124e-02 -4.662121667930095754e-03 -4.782498242557732537e-02 4.828865374722500492e-02 -2.219871000880193138e-02 -9.538657126358122696e+03
-3.399978696961955538e-02 -5.050597007293143592e-02 -5.461674045965672804e-03 -4.841216998364430285e-02 4.729063443931975225e-02 -2.337058237377687836e-02 -9.540761468479346149e+03
-3.400500855359873259e-02 -5.076237192405057275e-02 -6.276438814677503045e-03 -4.899664739545330633e-02 4.622609720730018468e-02 -2.457334154006297205e-02 -9.542852306908818719e+03
-3.401016313575188493e-02 -5.101957153773260811e-02 -7.106591711937362138e-03 -4.957686946495889341e-02 4.509400625370306448e-02 -2.580672155345141786e-02 -9.544929480317165144e+03
-3.401525025779190275e-02 -5.127757628610631058e-02 -7.952984535775531327e-03 -5.015292786630462518e-02 4.389022261935691949e-02 -2.707139340051988724e-02 -9.546992778948149862e+03
-3.402026916830497988e-02 -5.153633769549180454e-02 -8.816439920163574376e-03 -5.072562599707192144e-02 4.260511860788441379e-02 -2.836781413498441762e-02 -9.549042018351832667e+03
-3.402521870399643350e-02 -5.179579425982959451e-02 -9.697201662435527350e-03 -5.129475674459677004e-02 4.123871328852332652e-02 -2.968886440028094612e-02 -9.551077168804340545e+03
-3.403009753995838577e-02 -5.205588584692723980e-02 -1.059509956942148931e-02 -5.185965103473196697e-02 3.980180408788017848e-02 -3.102906389729272879e-02 -9.553098164995437401e+03
-3.403490453512753727e-02 -5.231658527162030142e-02 -1.151020174792069528e-02 -5.241970477709217979e-02 3.830147077958170887e-02 -3.238746430900348722e-02 -9.555104934929642695e+03
-3.403963867611466132e-02 -5.257787386955100478e-02 -1.244273104446388771e-02 -5.297453806338614513e-02 3.673583307515734114e-02 -3.376691046843387917e-02 -9.557097320498818590e+03
-3.404429899403349502e-02 -5.283975033149208161e-02 -1.339305810509340555e-02 -5.352366124953106263e-02 3.509584537392091558e-02 -3.517598378005322435e-02 -9.559075136485345865e+03
-3.404888437540956603e-02 -5.310222124140959871e-02 -1.436178460730343220e-02 -5.406568162564732993e-02 3.336464400185900486e-02 -3.662111122830703086e-02 -9.561038105654897663e+03
-3.405339403902259837e-02 -5.336532985812814794e-02 -1.534970805204719131e-02 -5.459912835255833347e-02 3.151692134211089846e-02 -3.810433240515424119e-02 -9.562986000437183975e+03
-3.405782720102546596e-02 -5.362903188031756252e-02 -1.635649061028364784e-02 -5.512069980980682793e-02 2.956613167472809875e-02 -3.960314887894071656e-02 -9.564918613689787890e+03
-3.406218223755561048e-02 -5.389325066886772181e-02 -1.738272203287530293e-02 -5.563137439148550106e-02 2.752084652987598148e-02 -4.111585723186683000e-02 -9.566835928429034539e+03
-3.406645774811912358e-02 -5.415793454336288726e-02 -1.842848443400308886e-02 -5.613008416189591010e-02 2.537152965584650935e-02 -4.264881774281831933e-02 -9.568737731823599461e+03
-3.407065252752080470e-02 -5.442306155732160033e-02 -1.949418954613949331e-02 -5.661625224271595036e-02 2.311234110424692512e-02 -4.420156288390912624e-02 -9.570623943253578545e+03
-3.407476521262858132e-02 -5.468857303760737282e-02 -2.058005887737083747e-02 -5.708863551983767853e-02 2.074216176886013036e-02 -4.576883681947428728e-02 -9.572494327435815649e+03
-3.407879439499730129e-02 -5.495442641699627845e-02 -2.168638779264122490e-02 -5.754584501438070321e-02 1.825824533583250350e-02 -4.734684309765464783e-02 -9.574348721634300091e+03
-3.408273860171519981e-02 -5.522057183388841967e-02 -2.281338855558337486e-02 -5.798654019275054083e-02 1.565706138127228100e-02 -4.893228568147742902e-02 -9.576186956982235642e+03
-3.408659631387939842e-02 -5.548696555934524294e-02 -2.396134212170415029e-02 -5.840931835849869774e-02 1.293466481758942348e-02 -5.052154915363261251e-02 -9.578008911850518416e+03
-3.409036591854173320e-02 -5.575353315441934632e-02 -2.513032162629461053e-02 -5.881268075343422386e-02 1.008816717829225627e-02 -5.210948388235246698e-02 -9.579814350616632510e+03
-3.409404573964835289e-02 -5.602021148382249627e-02 -2.632046988428589709e-02 -5.919502813679715369e-02 7.114681246679846992e-03 -5.369059497520244084e-02 -9.581603105340456750e+03
-3.409763402567327073e-02 -5.628692925817244119e-02 -2.753187704504347563e-02 -5.955465949196450670e-02 4.011801861257559797e-03 -5.525833220620120917e-02 -9.583374998737494025e+03
-3.410112893973599874e-02 -5.655359575402823386e-02 -2.876447206843052440e-02 -5.988980917862497810e-02 7.778414497236504997e-04 -5.680578233464417953e-02 -9.585129796512197572e+03
-3.410452854326977840e-02 -5.682016343044350715e-02 -3.001850294590123480e-02 -6.019852326318651109e-02 -2.589900395108736108e-03 -5.832455813687402457e-02 -9.586867478191699774e+03
-3.410783079500918219e-02 -5.708649894641607686e-02 -3.129354248292581103e-02 -6.047888631305344681e-02 -6.091174892477216676e-03 -5.980551115035143139e-02 -9.588587687822444423e+03
-3.411103354287829681e-02 -5.735250935828174745e-02 -3.258944678406626438e-02 -6.072881963584825932e-02 -9.726329647323471439e-03 -6.123825379522345597e-02 -9.590290278769463839e+03
-3.411413454044563004e-02 -5.761807730529274613e-02 -3.390586528266480854e-02 -6.094615864527587468e-02 -1.349441850127459062e-02 -6.261084896623415885e-02 -9.591975040398727288e+03
-3.411713139914449716e-02 -5.788307105143174897e-02 -3.524227720119593038e-02 -6.112870964525678880e-02 -1.739267417033105514e-02 -6.391105888935358359e-02 -9.593641741922514484e+03
-3.412002154237999546e-02 -5.814737634389191556e-02 -3.659826862439908429e-02 -6.127403312456405904e-02 -2.141849584320051902e-02 -6.512436436440958987e-02 -9.595290282081008627e+03
-3.412280232221630988e-02 -5.841081819102746098e-02 -3.797286510310194513e-02 -6.137987421532656307e-02 -2.556577089780136258e-02 -6.623511404685129833e-02 -9.596920344528216447e+03
-3.412547093254274938e-02 -5.867321863499662393e-02 -3.936502104878832758e-02 -6.144383556174862204e-02 -2.982704527182571119e-02 -6.722651772809726256e-02 -9.598531661410999732e+03
-3.412802441973365741e-02 -5.893437592140943204e-02 -4.077340034411683356e-02 -6.146360602026433584e-02 -3.419184306558833986e-02 -6.808117524387841124e-02 -9.600123920297004588e+03
-3.413045944496109763e-02 -5.919413058614529655e-02 -4.219692338365636786e-02 -6.143653445126315282e-02 -3.864947045230535116e-02 -6.877879654265772746e-02 -9.601697093717328244e+03
-3.413277298891954220e-02 -5.945215861865391083e-02 -4.363307597845550445e-02 -6.136079242571567532e-02 -4.318226176154074669e-02 -6.930147777496069306e-02 -9.603250447235603133e+03
-3.413496126357559030e-02 -5.970827135715139206e-02 -4.508033179994931638e-02 -6.123375741222468471e-02 -4.777381240027944731e-02 -6.962653617191023880e-02 -9.604784006435114861e+03
-3.413702082544901178e-02 -5.996212078020735081e-02 -4.653575394444710994e-02 -6.105371607419334684e-02 -5.240038249290172867e-02 -6.973597538420381325e-02 -9.606297113320557401e+03
-3.413894753170328145e-02 -6.021343591209039892e-02 -4.799687067320922845e-02 -6.081866255951239031e-02 -5.703696539842610658e-02 -6.960862637811673914e-02 -9.607789631153686059e+03
-3.414073809192729597e-02 -6.046174114012702744e-02 -4.945945294473944043e-02 -6.052800696218815779e-02 -6.165113807935265061e-02 -6.922895796397358914e-02 -9.609260466268922755e+03
-3.414238811105698573e-02 -6.070668382833094290e-02 -5.092016345842610009e-02 -6.018021126554350120e-02 -6.620931792652860748e-02 -6.857849587425184079e-02 -9.610709326634725585e+03
-3.414389411659007889e-02 -6.094773315881815701e-02 -5.237412855587949417e-02 -5.977538343871810489e-02 -7.067225831241570611e-02 -6.764646662770332219e-02 -9.612135071493936266e+03
-3.414525226692520510e-02 -6.118437079933334438e-02 -5.381652987611916517e-02 -5.931354995717309786e-02 -7.499849784921391871e-02 -6.642161124836083730e-02 -9.613536781910192076e+03
-3.414645978400189519e-02 -6.141594543222920338e-02 -5.524150736557381647e-02 -5.879635102138882491e-02 -7.914321174605545850e-02 -6.490140746402844885e-02 -9.614912850182654438e+03
-3.414751274057828412e-02 -6.164188332614616711e-02 -5.664385035567844756e-02 -5.822450819215130996e-02 -8.306029976211325161e-02 -6.307961292769322104e-02 -9.616262372910741760e+03
-3.414841122605775242e-02 -6.186127495750691485e-02 -5.801587279057870278e-02 -5.760247975522934938e-02 -8.670274316971900153e-02 -6.096615631408350278e-02 -9.617582230194797376e+03
-3.414915352065612392e-02 -6.207337839494177223e-02 -5.935143420098767941e-02 -5.693248765283402679e-02 -9.002358311541004687e-02 -5.855763223613890539e-02 -9.618870554534640178e+03
-3.414974024770631167e-02 -6.227730079228366994e-02 -6.064351471400806354e-02 -5.621840183903097088e-02 -9.297897646941277738e-02 -5.585419742638517843e-02 -9.620124434051545904e+03
-3.415017612834384680e-02 -6.247197577818292685e-02 -6.188410667828635192e-02 -5.546651107375398515e-02 -9.553255180498038124e-02 -5.286156831177440951e-02 -9.621339304717777850e+03
-3.415046962104903439e-02 -6.265627574856937054e-02 -6.306504735503201675e-02 -5.468392805234335852e-02 -9.765853430710583205e-02 -4.958480077262055613e-02 -9.622509389287528393e+03
-3.415062855737482223e-02 -6.282920123952637215e-02 -6.417931681101905761e-02 -5.387523485649244048e-02 -9.933200619526230679e-02 -4.600559007238842063e-02 -9.623629673841449403e+03
-3.415066665835301413e-02 -6.298964589979652584e-02 -6.521903839872011943e-02 -5.304777742108212485e-02 -1.005441436312235204e-01 -4.211891886875800822e-02 -9.624692995662380781e+03
-3.415060310410021616e-02 -6.313649279150788940e-02 -6.617587794645672650e-02 -5.221174610628492169e-02 -1.013095080302284096e-01 -3.794406102987132878e-02 -9.625690290418628138e+03
-3.415045542633213943e-02 -6.326882476125514354e-02 -6.704239084754574918e-02 -5.137441176824604494e-02 -1.016439937627328510e-01 -3.348883767266460504e-02 -9.626613561385396679e+03
-3.415025748686636997e-02 -6.338556450004856346e-02 -6.780909478949523339e-02 -5.056320389866686416e-02 -1.016474236205711229e-01 -2.894727793861175125e-02 -9.627447978105336006e+03
-3.415002420692909990e-02 -6.348618385727242130e-02 -6.847050669310393578e-02 -4.978731239060497221e-02 -1.013641094667870196e-01 -2.438797138572940809e-02 -9.628186877516844106e+03
-3.414978598062722720e-02 -6.357002480779461173e-02 -6.902040812950292759e-02 -4.908167867414864327e-02 -1.009293959307293320e-01 -2.010411432892013003e-02 -9.628816931737248524e+03
-3.414956541121730305e-02 -6.363669187417829443e-02 -6.945551679049649652e-02 -4.847676738278187958e-02 -1.004552776028963534e-01 -1.635529674835620520e-02 -9.629328269534991705e+03
-3.414937933008791587e-02 -6.368591256541801526e-02 -6.977401877816585829e-02 -4.799871495325429976e-02 -1.000345999948169251e-01 -1.342221990485064319e-02 -9.629713303250604440e+03
-3.414925655741769123e-02 -6.371744916119632951e-02 -6.997767028149519397e-02 -4.768761802555094437e-02 -9.975428333926041058e-02 -1.151771827909503325e-02 -9.629961147947475183e+03
-3.414920013434849522e-02 -6.373194254576650120e-02 -7.007126313279932184e-02 -4.754464578504941086e-02 -9.962544541507276086e-02 -1.064248403302429750e-02 -9.630075050809278764e+03
-3.414917923882905548e-02 -6.373656549355213863e-02 -7.010078089564744652e-02 -4.749333757476762591e-02 -9.957631271277964102e-02 -1.038848903867801120e-02 -9.630112310105385404e+03
-3.414908115963462276e-02 -6.375826464301742602e-02 -7.023933113847893872e-02 -4.725250627070173848e-02 -9.934567994796172918e-02 -9.196397984253243396e-03 -9.630287197443136392e+03
-3.414890278072959390e-02 -6.379772938919833769e-02 -7.049131567702100754e-02 -4.681450091395403940e-02 -9.892622256028910099e-02 -7.028321982563147732e-03 -9.630605269099291036e+03
-3.414862118176802130e-02 -6.385503904401941544e-02 -7.085429342620727655e-02 -4.611790172230623847e-02 -9.828526455441370657e-02 -3.986984202311003728e-03 -9.631074588449437215e+03
-3.414821890634109347e-02 -6.393030343388050873e-02 -7.132548025638653366e-02 -4.511890299520882747e-02 -9.740977710048184801e-02 -2.138129957814260786e-05 -9.631701485501826028e+03
-3.414765970544639956e-02 -6.402387679647018881e-02 -7.189754662948762143e-02 -4.373372219543136125e-02 -9.629136530114028314e-02 5.227363445635988676e-03 -9.632499371350369984e+03
-3.414690375678232359e-02 -6.413648578522647414e-02 -7.256113341000945682e-02 -4.188559017414573288e-02 -9.493531810372476953e-02 1.258416938549796610e-02 -9.633483087754291773e+03
-3.414589774376244197e-02 -6.426966756229396394e-02 -7.330715420108854796e-02 -3.948208436157678997e-02 -9.332057721431047392e-02 2.346497658583272805e-02 -9.634671976063709735e+03
-3.414457227893777369e-02 -6.442636888068767331e-02 -7.413535975664940769e-02 -3.640207750171923357e-02 -9.133537624173379554e-02 3.984149787239905233e-02 -9.636090002675884534e+03
-3.414285721024324510e-02 -6.461134979640405229e-02 -7.507453922135080837e-02 -3.249783237322862589e-02 -8.870069914773678899e-02 6.347041805246977919e-02 -9.637759247693622456e+03
-3.414069567664199806e-02 -6.483046878785388156e-02 -7.619063461163858020e-02 -2.759438879408861525e-02 -8.503683373997893147e-02 9.478362827192916840e-02 -9.639695523540394788e+03
-3.413803599551237800e-02 -6.509093865749125685e-02 -7.759267603922789802e-02 -2.146968902201559087e-02 -7.996045209183842706e-02 1.323985232323603711e-01 -9.641911816580359300e+03
-3.413486527464880405e-02 -6.539818012932717417e-02 -7.939729944583096000e-02 -1.397793221671517726e-02 -7.336769415373554926e-02 1.725866963234564122e-01 -9.644408791843527069e+03
-3.413119248518423077e-02 -6.575551459844553026e-02 -8.170193419010035596e-02 -5.068004110179205254e-03 -6.545065618383623385e-02 2.104092124317864521e-01 -9.647181319037032154e+03
-3.412704457735194624e-02 -6.616341832253171129e-02 -8.455626716256336994e-02 5.197026713481538163e-03 -5.659260244586682143e-02 2.412705909440411856e-01 -9.650220018360832910e+03
-3.412245432611101664e-02 -6.662037757434673135e-02 -8.796549338204683044e-02 1.668871003283308591e-02 -4.718970187988990456e-02 2.619157891449607756e-01 -9.653514653405063655e+03
-3.411745520596480563e-02 -6.712344544871444441e-02 -9.189640864231374273e-02 2.925771632425596194e-02 -3.752569407043774424e-02 2.711192568176340467e-01 -9.657055335724360702e+03
-3.411207319563551443e-02 -6.766970939339378432e-02 -9.630582502576483239e-02 4.278345491575036297e-02 -2.775183640092298426e-02 2.689590850715231629e-01 -9.660834571718276493e+03
-3.410633064118954311e-02 -6.825606295679041702e-02 -1.011392893254219466e-01 5.717601758241019905e-02 -1.788341153316163473e-02 2.569979595834136488e-01 -9.664846079626586288e+03
-3.410024187083485897e-02 -6.888029357999204960e-02 -1.063554461348257818e-01 7.238493519477476323e-02 -7.882589971134343690e-03 2.368442269529390520e-01 -9.669085895735859594e+03
-3.409381717805079481e-02 -6.954066337227861327e-02 -1.119200720194430537e-01 8.838371564616198661e-02 2.322306702286644313e-03 2.102068504258040038e-01 -9.673551239984555650e+03
-3.408706335154074868e-02 -7.023595484224513796e-02 -1.178083350184037509e-01 1.051618503189862552e-01 1.280581463092820248e-02 1.785483749049728008e-01 -9.678240325226621280e+03
-3.407998459296473354e-02 -7.096538342082474304e-02 -1.240038413790938154e-01 1.227170047149853116e-01 2.362883091290400583e-02 1.429548670898472540e-01 -9.683152071802391220e+03
-3.407258354790457938e-02 -7.172843703795749037e-02 -1.304956792883291972e-01 1.410506184963683518e-01 3.483944339485839370e-02 1.042290472683958802e-01 -9.688285813070682707e+03
-3.406486175316055659e-02 -7.252480879652778434e-02 -1.372772142913375182e-01 1.601651078374959625e-01 4.647069434472721194e-02 6.290040066852164991e-02 -9.693641166091978448e+03
-3.405682010224563017e-02 -7.335431314806906133e-02 -1.443443866176662704e-01 1.800628809773801020e-01 5.854506187207469264e-02 1.931765985262526991e-02 -9.699217907613763600e+03
-3.404845908405278870e-02 -7.421684347025386819e-02 -1.516948403356613850e-01 2.007458363764728360e-01 7.107679022505117294e-02 -2.630384177996116651e-02 -9.705015913126613668e+03
-3.403977895226056177e-02 -7.511234098261428127e-02 -1.593272662205937051e-01 2.222152834673571942e-01 8.407437493401627437e-02 -7.383801448833028636e-02 -9.711035115648572173e+03
-3.403077983657259997e-02 -7.604077294930224051e-02 -1.672409298429680946e-01 2.444720994414305570e-01 9.754289625049997192e-02 -1.232107855426517740e-01 -9.717275478695397396e+03
-3.402146179815055543e-02 -7.700212219349993059e-02 -1.754354435047378591e-01 2.675168153339508303e-01 1.114851847828881026e-01 -1.743815434969560874e-01 -9.723736983488595797e+03
-3.401182486476497097e-02 -7.799637969047981678e-02 -1.839106022941093266e-01 2.913497496014763044e-01 1.259028125216793970e-01 -2.273280927902616433e-01 -9.730419620341401242e+03
-3.400186904797341397e-02 -7.902354086692192636e-02 -1.926663018939798189e-01 3.159710812626554399e-01 1.407966166435443700e-01 -2.820387024287280275e-01 -9.737323384431068916e+03
7.113492164155206410e+04 3.071780715465054072e+03 1.872607966943894553e+02 3.279580815832042617e+01 8.479365222657861523e+00 5.255739012800859200e+00 nan
1.419286588268535137e+09 1.309108094727703836e+06 2.032918063870149126e+03 6.675917434569818454e+01 3.220205271327426289e+00 6.889062952691420438e-01 nan
