2.236067929580331376e-02 5.136891017364011297e-02 1.439076138346534126e-02 -3.471634981831382694e-02 4.350447422036021056e-03
2.236067929579439381e-02 2.338675212799225939e-02 9.744587536959000568e-03 -8.210545357842428948e-03 4.350447422036021056e-03
2.236067929580414296e-02 1.539624964556368821e-04 -8.759286054166243510e-05 -2.179609026961863957e-05 4.350447422036021056e-03
2.236067929580414296e-02 1.539624964682268003e-04 -8.759286052995493544e-05 -2.179609027440040144e-05 4.350447422036021056e-03
2.236067929580414296e-02 1.539624964737224856e-04 -8.759286052305518123e-05 -2.179609026616666860e-05 4.350447422036021056e-03
2.236067929580414296e-02 1.539624964771924476e-04 -8.759286051623937138e-05 -2.179609026662298558e-05 4.350447422036021056e-03
2.236067929580414296e-02 1.539624964760369591e-04 -8.759286051805526094e-05 -2.179609026713333309e-05 4.350447422036021056e-03
2.236067929580414296e-02 1.539624964766649561e-04 -8.759286051518995855e-05 -2.179609026674699798e-05 4.350447422036021056e-03
2.236067929580414296e-02 1.539624964762966255e-04 -8.759286051808757017e-05 -2.179609026712655005e-05 4.350447422036021056e-03
2.236067929580414296e-02 1.539624964761743817e-04 -8.759286051667238818e-05 -2.179609026690995695e-05 4.350447422036021056e-03
2.236067929580414296e-02 1.539624964761766043e-04 -8.759286051641726185e-05 -2.179609026707944486e-05 4.350447422036021056e-03
2.236067929580414296e-02 1.539624964761899129e-04 -8.759286051698371683e-05 -2.179609026694737209e-05 4.350447422036021056e-03
2.236067929580414296e-02 1.539624964761793962e-04 -8.759286051631206714e-05 -2.179609026739018059e-05 4.350447422036021056e-03
2.236067929580414296e-02 1.539624964761928132e-04 -8.759286051754781367e-05 -2.179609026677470612e-05 4.350447422036021056e-03
2.236067929580414296e-02 1.539624964761903466e-04 -8.759286051775824376e-05 -2.179609026703952589e-05 4.350447422036021056e-03
2.236067929580414296e-02 1.539624964761898316e-04 -8.759286051689656053e-05 -2.179609026680664604e-05 4.350447422036021056e-03
2.236067929580414296e-02 1.539624964761893979e-04 -8.759286051687884737e-05 -2.179609026683672248e-05 4.350447422036021056e-03
2.236067929580414296e-02 1.539624964761887203e-04 -8.759286051609557907e-05 -2.179609026666880328e-05 4.350447422036021056e-03
2.236067929580414296e-02 1.539624964761899129e-04 -8.759286051724331549e-05 -2.179609026693248803e-05 4.350447422036021056e-03
2.236067929580414296e-02 1.539624964761899129e-04 -8.759286051735165439e-05 -2.179609026693403640e-05 4.350447422036021056e-03
2.236067929580414296e-02 1.539624964761899129e-04 -8.759286051728218414e-05 -2.179609026692940822e-05 4.350447422036021056e-03
2.236067929580414296e-02 1.539624964761899129e-04 -8.759286051727608550e-05 -2.179609026693086850e-05 4.350447422036021056e-03
2.236067929580414296e-02 1.539624964761899129e-04 -8.759286051727498774e-05 -2.179609026693121748e-05 4.350447422036021056e-03
2.236067929580414296e-02 1.539624964761899129e-04 -8.759286051727840298e-05 -2.179609026692953697e-05 4.350447422036021056e-03
2.236067929580414296e-02 1.539624964761899129e-04 -8.759286051727761693e-05 -2.179609026692993677e-05 4.350447422036021056e-03
2.236067929580414296e-02 1.539624964761899129e-04 -8.759286051727760338e-05 -2.179609026692994693e-05 4.350447422036021056e-03
2.236067929580414296e-02 1.539624964761899129e-04 -8.759286051727757628e-05 -2.179609026692993677e-05 4.350447422036021056e-03
2.236067929580414296e-02 1.539624964761899129e-04 -8.759286051727760338e-05 -2.179609026692994693e-05 4.350447422036021056e-03
2.236067929580414296e-02 1.539624964761899129e-04 -8.759286051727757628e-05 -2.179609026692994693e-05 4.350447422036021056e-03
2.236067929580414296e-02 1.539624964761899129e-04 -8.759286051727757628e-05 -2.179609026692994693e-05 4.350447422036021056e-03
2.236067929580414296e-02 1.539624964761899129e-04 -8.759286051727757628e-05 -2.179609026692994693e-05 4.350447422036021056e-03
2.236067929580414296e-02 1.539624964761899129e-04 -8.759286051727757628e-05 -2.179609026692994693e-05 4.350447422036021056e-03
2.236067929580414296e-02 1.539624964761899129e-04 -8.759286051727757628e-05 -2.179609026692994693e-05 4.350447422036021056e-03
2.236067929580414296e-02 1.539624964761899129e-04 -8.759286051727757628e-05 -2.179609026692994693e-05 4.350447422036021056e-03
2.236067929580414296e-02 1.539624964761899129e-04 -8.759286051727757628e-05 -2.179609026692994693e-05 4.350447422036021056e-03
2.236067929580414296e-02 1.539624964761899129e-04 -8.759286051727757628e-05 -2.179609026692994693e-05 4.350447422036021056e-03
2.236067929580414296e-02 1.539624964761899129e-04 -8.759286051727757628e-05 -2.179609026692994693e-05 4.350447422036021056e-03
2.236067929580414296e-02 1.539624964761899129e-04 -8.759286051727757628e-05 -2.179609026692994693e-05 4.350447422036021056e-03
2.236067929580414296e-02 1.539624964761899129e-04 -8.759286051727757628e-05 -2.179609026692994693e-05 4.350447422036021056e-03
2.236067929580414296e-02 1.539624964761899129e-04 -8.759286051727757628e-05 -2.179609026692994693e-05 4.350447422036021056e-03
2.236067929580414296e-02 1.539624964761899129e-04 -8.759286051727757628e-05 -2.179609026692994693e-05 4.350447422036021056e-03
2.236067929580414296e-02 1.539624964761899129e-04 -8.759286051727757628e-05 -2.179609026692994693e-05 4.350447422036021056e-03
2.236067929580414296e-02 1.539624964761899129e-04 -8.759286051727757628e-05 -2.179609026692994693e-05 4.350447422036021056e-03
2.236067929580414296e-02 1.539624964761899129e-04 -8.759286051727757628e-05 -2.179609026692994693e-05 4.350447422036021056e-03
2.236067929580414296e-02 1.539624964761899129e-04 -8.759286051727757628e-05 -2.179609026692994693e-05 4.350447422036021056e-03
2.236067929580414296e-02 1.539624964761899129e-04 -8.759286051727757628e-05 -2.179609026692994693e-05 4.350447422036021056e-03
2.236067929580414296e-02 1.539624964761899129e-04 -8.759286051727757628e-05 -2.179609026692994693e-05 4.350447422036021056e-03
2.236067929580414296e-02 1.539624964761899129e-04 -8.759286051727757628e-05 -2.179609026692994693e-05 4.350447422036021056e-03
2.236067929580414296e-02 1.539624964761899129e-04 -8.759286051727757628e-05 -2.179609026692994693e-05 4.350447422036021056e-03
2.236067929580414296e-02 1.539624964761899129e-04 -8.759286051727757628e-05 -2.179609026692994693e-05 4.350447422036021056e-03
2.236067929580414296e-02 1.539624964761899129e-04 -8.759286051727757628e-05 -2.179609026692994693e-05 4.350447422036021056e-03
2.236067929580414296e-02 1.539624964761899129e-04 -8.759286051727757628e-05 -2.179609026692994693e-05 4.350447422036021056e-03
2.236067929580414296e-02 1.539624964761899129e-04 -8.759286051727757628e-05 -2.179609026692994693e-05 4.350447422036021056e-03
2.236067929580414296e-02 1.539624964761899129e-04 -8.759286051727757628e-05 -2.179609026692994693e-05 4.350447422036021056e-03
2.236067929580414296e-02 1.539624964761899129e-04 -8.759286051727757628e-05 -2.179609026692994693e-05 4.350447422036021056e-03
2.236067929580414296e-02 1.539624964761899129e-04 -8.759286051727757628e-05 -2.179609026692994693e-05 4.350447422036021056e-03
2.236067929580414296e-02 1.539624964761899129e-04 -8.759286051727757628e-05 -2.179609026692994693e-05 4.350447422036021056e-03
2.236067929580414296e-02 1.539624964761899129e-04 -8.759286051727757628e-05 -2.179609026692994693e-05 4.350447422036021056e-03
2.236067929580414296e-02 1.539624964761899129e-04 -8.759286051727757628e-05 -2.179609026692994693e-05 4.350447422036021056e-03
2.236067929580414296e-02 1.539624964761899129e-04 -8.759286051727757628e-05 -2.179609026692994693e-05 4.350447422036021056e-03
2.236067929580414296e-02 1.539624964761899129e-04 -8.759286051727757628e-05 -2.179609026692994693e-05 4.350447422036021056e-03
2.236067929580414296e-02 1.539624964761899129e-04 -8.759286051727757628e-05 -2.179609026692994693e-05 4.350447422036021056e-03
2.236067929580414296e-02 1.539624964761899129e-04 -8.759286051727757628e-05 -2.179609026692994693e-05 4.350447422036021056e-03
2.236067929580414296e-02 1.539624964761899129e-04 -8.759286051727757628e-05 -2.179609026692994693e-05 4.350447422036021056e-03
2.236067929580414296e-02 1.539624964761899129e-04 -8.759286051727757628e-05 -2.179609026692994693e-05 4.350447422036021056e-03
2.236067929580414296e-02 1.539624964761899129e-04 -8.759286051727757628e-05 -2.179609026692994693e-05 4.350447422036021056e-03
2.236067929580414296e-02 1.539624964761899129e-04 -8.759286051727757628e-05 -2.179609026692994693e-05 4.350447422036021056e-03
2.236067929580414296e-02 1.539624964761899129e-04 -8.759286051727757628e-05 -2.179609026692994693e-05 4.350447422036021056e-03
2.236067929580414296e-02 1.539624964761899129e-04 -8.759286051727757628e-05 -2.179609026692994693e-05 4.350447422036021056e-03
2.236067929580414296e-02 1.539624964761899129e-04 -8.759286051727757628e-05 -2.179609026692994693e-05 4.350447422036021056e-03
2.236067929580414296e-02 1.539624964761899129e-04 -8.759286051727757628e-05 -2.179609026692994693e-05 4.350447422036021056e-03
2.236067929580414296e-02 1.539624964761899129e-04 -8.759286051727757628e-05 -2.179609026692994693e-05 4.350447422036021056e-03
2.236067929580414296e-02 1.539624964761899129e-04 -8.759286051727757628e-05 -2.179609026692994693e-05 4.350447422036021056e-03
2.236067929580414296e-02 1.539624964761899129e-04 -8.759286051727757628e-05 -2.179609026692994693e-05 4.350447422036021056e-03
2.236067929580414296e-02 1.539624964761899129e-04 -8.759286051727757628e-05 -2.179609026692994693e-05 4.350447422036021056e-03
2.236067929580414296e-02 1.539624964761899129e-04 -8.759286051727757628e-05 -2.179609026692994693e-05 4.350447422036021056e-03
2.236067929580414296e-02 1.539624964761899129e-04 -8.759286051727757628e-05 -2.179609026692994693e-05 4.350447422036021056e-03
2.236067929580414296e-02 1.539624964761899129e-04 -8.759286051727757628e-05 -2.179609026692994693e-05 4.350447422036021056e-03
2.236067929580414296e-02 1.539624964761899129e-04 -8.759286051727757628e-05 -2.179609026692994693e-05 4.350447422036021056e-03
2.236067929580414296e-02 1.539624964761899129e-04 -8.759286051727757628e-05 -2.179609026692994693e-05 4.350447422036021056e-03
2.236067929580414296e-02 1.539624964761899129e-04 -8.759286051727757628e-05 -2.179609026692994693e-05 4.350447422036021056e-03
2.236067929580414296e-02 1.539624964761899129e-04 -8.759286051727757628e-05 -2.179609026692994693e-05 4.350447422036021056e-03
2.236067929580414296e-02 1.539624964761899129e-04 -8.759286051727757628e-05 -2.179609026692994693e-05 4.350447422036021056e-03
2.236067929580414296e-02 1.539624964761899129e-04 -8.759286051727757628e-05 -2.179609026692994693e-05 4.350447422036021056e-03
2.236067929580414296e-02 1.539624964761899129e-04 -8.759286051727757628e-05 -2.179609026692994693e-05 4.350447422036021056e-03
2.236067929580414296e-02 1.539624964761899129e-04 -8.759286051727757628e-05 -2.179609026692994693e-05 4.350447422036021056e-03
2.236067929580414296e-02 1.539624964761899129e-04 -8.759286051727757628e-05 -2.179609026692994693e-05 4.350447422036021056e-03
2.236067929580414296e-02 1.539624964761899129e-04 -8.759286051727757628e-05 -2.179609026692994693e-05 4.350447422036021056e-03
2.236067929580414296e-02 1.539624964761899129e-04 -8.759286051727757628e-05 -2.179609026692994693e-05 4.350447422036021056e-03
2.236067929580414296e-02 1.539624964761899129e-04 -8.759286051727757628e-05 -2.179609026692994693e-05 4.350447422036021056e-03
2.236067929580414296e-02 1.539624964761899129e-04 -8.759286051727757628e-05 -2.179609026692994693e-05 4.350447422036021056e-03
2.236067929580414296e-02 1.539624964761899129e-04 -8.759286051727757628e-05 -2.179609026692994693e-05 4.350447422036021056e-03
2.236067929580414296e-02 1.539624964761899129e-04 -8.759286051727757628e-05 -2.179609026692994693e-05 4.350447422036021056e-03
2.236067929580414296e-02 1.539624964761899129e-04 -8.759286051727757628e-05 -2.179609026692994693e-05 4.350447422036021056e-03
2.236067929580414296e-02 1.539624964761899129e-04 -8.759286051727757628e-05 -2.179609026692994693e-05 4.350447422036021056e-03
2.236067929580414296e-02 1.539624964761899129e-04 -8.759286051727757628e-05 -2.179609026692994693e-05 4.350447422036021056e-03
2.236067929580414296e-02 1.539624964761899129e-04 -8.759286051727757628e-05 -2.179609026692994693e-05 4.350447422036021056e-03
2.236067929580414296e-02 1.539624964761899129e-04 -8.759286051727757628e-05 -2.179609026692994693e-05 4.350447422036021056e-03
2.236067929580414296e-02 1.539624964761899129e-04 -8.759286051727757628e-05 -2.179609026692994693e-05 4.350447422036021056e-03
2.236067929580414296e-02 1.539624964761899129e-04 -8.759286051727757628e-05 -2.179609026692994693e-05 4.350447422036021056e-03
2.236067929580414296e-02 1.539624964761899129e-04 -8.759286051727757628e-05 -2.179609026692994693e-05 4.350447422036021056e-03
2.236067929580414296e-02 1.539624964761899129e-04 -8.759286051727757628e-05 -2.179609026692994693e-05 4.350447422036021056e-03
2.236067929580414296e-02 1.539624964761899129e-04 -8.759286051727757628e-05 -2.179609026692994693e-05 4.350447422036021056e-03
2.236067929580414296e-02 1.539624964761899129e-04 -8.759286051727757628e-05 -2.179609026692994693e-05 4.350447422036021056e-03
2.236067929580414296e-02 1.539624964761899129e-04 -8.759286051727757628e-05 -2.179609026692994693e-05 4.350447422036021056e-03
2.236067929580414296e-02 1.539624964761899129e-04 -8.759286051727757628e-05 -2.179609026692994693e-05 4.350447422036021056e-03
2.236067929580414296e-02 1.539624964761899129e-04 -8.759286051727757628e-05 -2.179609026692994693e-05 4.350447422036021056e-03
2.236067929580414296e-02 1.539624964761899129e-04 -8.759286051727757628e-05 -2.179609026692994693e-05 4.350447422036021056e-03
2.236067929580414296e-02 1.539624964761899129e-04 -8.759286051727757628e-05 -2.179609026692994693e-05 4.350447422036021056e-03
2.236067929580414296e-02 1.539624964761899129e-04 -8.759286051727757628e-05 -2.179609026692994693e-05 4.350447422036021056e-03
2.236067929580414296e-02 1.539624964761899129e-04 -8.759286051727757628e-05 -2.179609026692994693e-05 4.350447422036021056e-03
2.236067929580414296e-02 1.539624964761899129e-04 -8.759286051727757628e-05 -2.179609026692994693e-05 4.350447422036021056e-03
2.236067929580414296e-02 1.539624964761899129e-04 -8.759286051727757628e-05 -2.179609026692994693e-05 4.350447422036021056e-03
2.236067929580414296e-02 1.539624964761899129e-04 -8.759286051727757628e-05 -2.179609026692994693e-05 4.350447422036021056e-03
2.236067929580414296e-02 1.539624964761899129e-04 -8.759286051727757628e-05 -2.179609026692994693e-05 4.350447422036021056e-03
2.236067929580414296e-02 1.539624964761899129e-04 -8.759286051727757628e-05 -2.179609026692994693e-05 4.350447422036021056e-03
2.236067929580414296e-02 1.539624964761899129e-04 -8.759286051727757628e-05 -2.179609026692994693e-05 4.350447422036021056e-03
2.236067929580414296e-02 1.539624964761899129e-04 -8.759286051727757628e-05 -2.179609026692994693e-05 4.350447422036021056e-03
2.236067929580414296e-02 1.539624964761899129e-04 -8.759286051727757628e-05 -2.179609026692994693e-05 4.350447422036021056e-03
2.236067929580414296e-02 1.539624964761899129e-04 -8.759286051727757628e-05 -2.179609026692994693e-05 4.350447422036021056e-03
2.236067929580414296e-02 1.539624964761899129e-04 -8.759286051727757628e-05 -2.179609026692994693e-05 4.350447422036021056e-03
2.236067929580414296e-02 1.539624964761899129e-04 -8.759286051727757628e-05 -2.179609026692994693e-05 4.350447422036021056e-03
2.236067929580414296e-02 1.539624964761899129e-04 -8.759286051727757628e-05 -2.179609026692994693e-05 4.350447422036021056e-03
2.236067929580414296e-02 1.539624964761899129e-04 -8.759286051727757628e-05 -2.179609026692994693e-05 4.350447422036021056e-03
2.236067929580414296e-02 1.539624964761899129e-04 -8.759286051727757628e-05 -2.179609026692994693e-05 4.350447422036021056e-03
2.236067929580414296e-02 1.539624964761899129e-04 -8.759286051727757628e-05 -2.179609026692994693e-05 4.350447422036021056e-03
2.236067929580414296e-02 1.539624964761899129e-04 -8.759286051727757628e-05 -2.179609026692994693e-05 4.350447422036021056e-03
2.236067929580414296e-02 1.539624964761899129e-04 -8.759286051727757628e-05 -2.179609026692994693e-05 4.350447422036021056e-03
2.236067929580414296e-02 1.539624964761899129e-04 -8.759286051727757628e-05 -2.179609026692994693e-05 4.350447422036021056e-03
2.236067929580414296e-02 1.539624964761899129e-04 -8.759286051727757628e-05 -2.179609026692994693e-05 4.350447422036021056e-03
2.236067929580414296e-02 1.539624964761899129e-04 -8.759286051727757628e-05 -2.179609026692994693e-05 4.350447422036021056e-03
2.236067929580414296e-02 1.539624964761899129e-04 -8.759286051727757628e-05 -2.179609026692994693e-05 4.350447422036021056e-03
2.236067929580414296e-02 1.539624964761899129e-04 -8.759286051727757628e-05 -2.179609026692994693e-05 4.350447422036021056e-03
2.236067929580414296e-02 1.539624964761899129e-04 -8.759286051727757628e-05 -2.179609026692994693e-05 4.350447422036021056e-03
2.236067929580414296e-02 1.539624964761899129e-04 -8.759286051727757628e-05 -2.179609026692994693e-05 4.350447422036021056e-03
2.236067929580414296e-02 1.539624964761899129e-04 -8.759286051727757628e-05 -2.179609026692994693e-05 4.350447422036021056e-03
2.236067929580414296e-02 1.539624964761899129e-04 -8.759286051727757628e-05 -2.179609026692994693e-05 4.350447422036021056e-03
2.236067929580414296e-02 1.539624964761899129e-04 -8.759286051727757628e-05 -2.179609026692994693e-05 4.350447422036021056e-03
2.236067929580414296e-02 1.539624964761899129e-04 -8.759286051727757628e-05 -2.179609026692994693e-05 4.350447422036021056e-03
2.236067929580414296e-02 1.539624964761899129e-04 -8.759286051727757628e-05 -2.179609026692994693e-05 4.350447422036021056e-03
2.236067929580414296e-02 1.539624964761899129e-04 -8.759286051727757628e-05 -2.179609026692994693e-05 4.350447422036021056e-03
2.236067929580414296e-02 1.539624964761899129e-04 -8.759286051727757628e-05 -2.179609026692994693e-05 4.350447422036021056e-03
2.236067929580414296e-02 1.539624964761899129e-04 -8.759286051727757628e-05 -2.179609026692994693e-05 4.350447422036021056e-03
2.236067929580414296e-02 1.539624964761899129e-04 -8.759286051727757628e-05 -2.179609026692994693e-05 4.350447422036021056e-03
2.236067929580414296e-02 1.539624964761899129e-04 -8.759286051727757628e-05 -2.179609026692994693e-05 4.350447422036021056e-03
2.236067929580414296e-02 1.539624964761899129e-04 -8.759286051727757628e-05 -2.179609026692994693e-05 4.350447422036021056e-03
2.236067929580414296e-02 1.539624964761899129e-04 -8.759286051727757628e-05 -2.179609026692994693e-05 4.350447422036021056e-03
2.236067929580414296e-02 1.539624964761899129e-04 -8.759286051727757628e-05 -2.179609026692994693e-05 4.350447422036021056e-03
2.236067929580414296e-02 1.539624964761899129e-04 -8.759286051727757628e-05 -2.179609026692994693e-05 4.350447422036021056e-03
2.236067929580414296e-02 1.539624964761899129e-04 -8.759286051727757628e-05 -2.179609026692994693e-05 4.350447422036021056e-03
2.236067929580414296e-02 1.539624964761899129e-04 -8.759286051727757628e-05 -2.179609026692994693e-05 4.350447422036021056e-03
2.236067929580414296e-02 1.539624964761899129e-04 -8.759286051727757628e-05 -2.179609026692994693e-05 4.350447422036021056e-03
2.236067929580414296e-02 1.539624964761899129e-04 -8.759286051727757628e-05 -2.179609026692994693e-05 4.350447422036021056e-03
2.236067929580414296e-02 1.539624964761899129e-04 -8.759286051727757628e-05 -2.179609026692994693e-05 4.350447422036021056e-03
2.236067929580414296e-02 1.539624964761899129e-04 -8.759286051727757628e-05 -2.179609026692994693e-05 4.350447422036021056e-03
2.236067929580414296e-02 1.539624964761899129e-04 -8.759286051727757628e-05 -2.179609026692994693e-05 4.350447422036021056e-03
2.236067929580414296e-02 1.539624964761899129e-04 -8.759286051727757628e-05 -2.179609026692994693e-05 4.350447422036021056e-03
2.236067929580414296e-02 1.539624964761899129e-04 -8.759286051727757628e-05 -2.179609026692994693e-05 4.350447422036021056e-03
2.236067929580414296e-02 1.539624964761899129e-04 -8.759286051727757628e-05 -2.179609026692994693e-05 4.350447422036021056e-03
2.236067929580414296e-02 1.539624964761899129e-04 -8.759286051727757628e-05 -2.179609026692994693e-05 4.350447422036021056e-03
2.236067929580414296e-02 1.539624964761899129e-04 -8.759286051727757628e-05 -2.179609026692994693e-05 4.350447422036021056e-03
2.236067929580414296e-02 1.539624964761899129e-04 -8.759286051727757628e-05 -2.179609026692994693e-05 4.350447422036021056e-03
2.236067929580414296e-02 1.539624964761899129e-04 -8.759286051727757628e-05 -2.179609026692994693e-05 4.350447422036021056e-03
2.236067929580414296e-02 1.539624964761899129e-04 -8.759286051727757628e-05 -2.179609026692994693e-05 4.350447422036021056e-03
2.236067929580414296e-02 1.539624964761899129e-04 -8.759286051727757628e-05 -2.179609026692994693e-05 4.350447422036021056e-03
2.236067929580414296e-02 1.539624964761899129e-04 -8.759286051727757628e-05 -2.179609026692994693e-05 4.350447422036021056e-03
2.236067929580414296e-02 1.539624964761899129e-04 -8.759286051727757628e-05 -2.179609026692994693e-05 4.350447422036021056e-03
2.236067929580414296e-02 1.539624964761899129e-04 -8.759286051727757628e-05 -2.179609026692994693e-05 4.350447422036021056e-03
2.236067929580414296e-02 1.539624964761899129e-04 -8.759286051727757628e-05 -2.179609026692994693e-05 4.350447422036021056e-03
2.236067929580414296e-02 1.539624964761899129e-04 -8.759286051727757628e-05 -2.179609026692994693e-05 4.350447422036021056e-03
2.236067929580414296e-02 1.539624964761899129e-04 -8.759286051727757628e-05 -2.179609026692994693e-05 4.350447422036021056e-03
2.236067929580414296e-02 1.539624964761899129e-04 -8.759286051727757628e-05 -2.179609026692994693e-05 4.350447422036021056e-03
2.236067929580414296e-02 1.539624964761899129e-04 -8.759286051727757628e-05 -2.179609026692994693e-05 4.350447422036021056e-03
2.236067929580414296e-02 1.539624964761899129e-04 -8.759286051727757628e-05 -2.179609026692994693e-05 4.350447422036021056e-03
2.236067929580414296e-02 1.539624964761899129e-04 -8.759286051727757628e-05 -2.179609026692994693e-05 4.350447422036021056e-03
2.236067929580414296e-02 1.539624964761899129e-04 -8.759286051727757628e-05 -2.179609026692994693e-05 4.350447422036021056e-03
2.236067929580414296e-02 1.539624964761899129e-04 -8.759286051727757628e-05 -2.179609026692994693e-05 4.350447422036021056e-03
2.236067929580414296e-02 1.539624964761899129e-04 -8.759286051727757628e-05 -2.179609026692994693e-05 4.350447422036021056e-03
2.236067929580414296e-02 1.539624964761899129e-04 -8.759286051727757628e-05 -2.179609026692994693e-05 4.350447422036021056e-03
2.236067929580414296e-02 1.539624964761899129e-04 -8.759286051727757628e-05 -2.179609026692994693e-05 4.350447422036021056e-03
2.236067929580414296e-02 1.539624964761899129e-04 -8.759286051727757628e-05 -2.179609026692994693e-05 4.350447422036021056e-03
2.236067929580414296e-02 1.539624964761899129e-04 -8.759286051727757628e-05 -2.179609026692994693e-05 4.350447422036021056e-03
2.236067929580414296e-02 1.539624964761899129e-04 -8.759286051727757628e-05 -2.179609026692994693e-05 4.350447422036021056e-03
2.236067929580414296e-02 1.539624964761899129e-04 -8.759286051727757628e-05 -2.179609026692994693e-05 4.350447422036021056e-03
2.236067929580414296e-02 1.539624964761899129e-04 -8.759286051727757628e-05 -2.179609026692994693e-05 4.350447422036021056e-03
2.236067929580414296e-02 1.539624964761899129e-04 -8.759286051727757628e-05 -2.179609026692994693e-05 4.350447422036021056e-03
2.236067929580414296e-02 1.539624964761899129e-04 -8.759286051727757628e-05 -2.179609026692994693e-05 4.350447422036021056e-03
2.236067929580414296e-02 1.539624964761899129e-04 -8.759286051727757628e-05 -2.179609026692994693e-05 4.350447422036021056e-03
2.236067929580414296e-02 1.539624964761899129e-04 -8.759286051727757628e-05 -2.179609026692994693e-05 4.350447422036021056e-03
2.236067929580414296e-02 1.539624964761899129e-04 -8.759286051727757628e-05 -2.179609026692994693e-05 4.350447422036021056e-03
2.236067929580414296e-02 1.539624964761899129e-04 -8.759286051727757628e-05 -2.179609026692994693e-05 4.350447422036021056e-03
2.236067929580414296e-02 1.539624964761899129e-04 -8.759286051727757628e-05 -2.179609026692994693e-05 4.350447422036021056e-03
2.236067929580414296e-02 1.539624964761899129e-04 -8.759286051727757628e-05 -2.179609026692994693e-05 4.350447422036021056e-03
2.236067929580414296e-02 1.539624964761899129e-04 -8.759286051727757628e-05 -2.179609026692994693e-05 4.350447422036021056e-03
2.236067929580414296e-02 1.539624964761899129e-04 -8.759286051727757628e-05 -2.179609026692994693e-05 4.350447422036021056e-03
2.236067929580414296e-02 1.539624964761899129e-04 -8.759286051727757628e-05 -2.179609026692994693e-05 4.350447422036021056e-03
2.236067929580414296e-02 1.539624964761899129e-04 -8.759286051727757628e-05 -2.179609026692994693e-05 4.350447422036021056e-03
2.236067929580414296e-02 1.539624964761899129e-04 -8.759286051727757628e-05 -2.179609026692994693e-05 4.350447422036021056e-03
2.236067929580414296e-02 1.539624964761899129e-04 -8.759286051727757628e-05 -2.179609026692994693e-05 4.350447422036021056e-03
2.236067929580414296e-02 1.539624964761899129e-04 -8.759286051727757628e-05 -2.179609026692994693e-05 4.350447422036021056e-03
2.236067929580414296e-02 1.539624964761899129e-04 -8.759286051727757628e-05 -2.179609026692994693e-05 4.350447422036021056e-03
2.236067929580414296e-02 1.539624964761899129e-04 -8.759286051727757628e-05 -2.179609026692994693e-05 4.350447422036021056e-03
2.236067929580414296e-02 1.539624964761899129e-04 -8.759286051727757628e-05 -2.179609026692994693e-05 4.350447422036021056e-03
2.236067929580414296e-02 1.539624964761899129e-04 -8.759286051727757628e-05 -2.179609026692994693e-05 4.350447422036021056e-03
2.236067929580414296e-02 1.539624964761899129e-04 -8.759286051727757628e-05 -2.179609026692994693e-05 4.350447422036021056e-03
2.236067929580414296e-02 1.539624964761899129e-04 -8.759286051727757628e-05 -2.179609026692994693e-05 4.350447422036021056e-03
2.236067929580414296e-02 1.539624964761899129e-04 -8.759286051727757628e-05 -2.179609026692994693e-05 4.350447422036021056e-03
2.236067929580414296e-02 1.539624964761899129e-04 -8.759286051727757628e-05 -2.179609026692994693e-05 4.350447422036021056e-03
2.236067929580414296e-02 1.539624964761899129e-04 -8.759286051727757628e-05 -2.179609026692994693e-05 4.350447422036021056e-03
2.236067929580414296e-02 1.539624964761899129e-04 -8.759286051727757628e-05 -2.179609026692994693e-05 4.350447422036021056e-03
2.236067929580414296e-02 1.539624964761899129e-04 -8.759286051727757628e-05 -2.179609026692994693e-05 4.350447422036021056e-03
2.236067929580414296e-02 1.539624964761899129e-04 -8.759286051727757628e-05 -2.179609026692994693e-05 4.350447422036021056e-03
2.236067929580414296e-02 1.539624964761899129e-04 -8.759286051727757628e-05 -2.179609026692994693e-05 4.350447422036021056e-03
2.236067929580414296e-02 1.539624964761899129e-04 -8.759286051727757628e-05 -2.179609026692994693e-05 4.350447422036021056e-03
2.236067929580414296e-02 1.539624964761899129e-04 -8.759286051727757628e-05 -2.179609026692994693e-05 4.350447422036021056e-03
2.236067929580414296e-02 1.539624964761899129e-04 -8.759286051727757628e-05 -2.179609026692994693e-05 4.350447422036021056e-03
2.236067929580414296e-02 1.539624964761899129e-04 -8.759286051727757628e-05 -2.179609026692994693e-05 4.350447422036021056e-03
2.236067929580414296e-02 1.539624964761899129e-04 -8.759286051727757628e-05 -2.179609026692994693e-05 4.350447422036021056e-03
2.236067929580414296e-02 1.539624964761899129e-04 -8.759286051727757628e-05 -2.179609026692994693e-05 4.350447422036021056e-03
2.236067929580414296e-02 1.539624964761899129e-04 -8.759286051727757628e-05 -2.179609026692994693e-05 4.350447422036021056e-03
2.236067929580414296e-02 1.539624964761899129e-04 -8.759286051727757628e-05 -2.179609026692994693e-05 4.350447422036021056e-03
2.236067929580414296e-02 1.539624964761899129e-04 -8.759286051727757628e-05 -2.179609026692994693e-05 4.350447422036021056e-03
2.236067929580414296e-02 1.539624964761899129e-04 -8.759286051727757628e-05 -2.179609026692994693e-05 4.350447422036021056e-03
2.236067929580414296e-02 1.539624964761899129e-04 -8.759286051727757628e-05 -2.179609026692994693e-05 4.350447422036021056e-03
2.236067929580414296e-02 1.539624964761899129e-04 -8.759286051727757628e-05 -2.179609026692994693e-05 4.350447422036021056e-03
2.236067929580414296e-02 1.539624964761899129e-04 -8.759286051727757628e-05 -2.179609026692994693e-05 4.350447422036021056e-03
2.236067929580414296e-02 1.539624964761899129e-04 -8.759286051727757628e-05 -2.179609026692994693e-05 4.350447422036021056e-03
2.236067929580414296e-02 1.539624964761899129e-04 -8.759286051727757628e-05 -2.179609026692994693e-05 4.350447422036021056e-03
2.236067929580414296e-02 1.539624964761899129e-04 -8.759286051727757628e-05 -2.179609026692994693e-05 4.350447422036021056e-03
2.236067929580414296e-02 1.539624964761899129e-04 -8.759286051727757628e-05 -2.179609026692994693e-05 4.350447422036021056e-03
2.236067929580414296e-02 1.539624964761899129e-04 -8.759286051727757628e-05 -2.179609026692994693e-05 4.350447422036021056e-03
2.236067929580414296e-02 1.539624964761899129e-04 -8.759286051727757628e-05 -2.179609026692994693e-05 4.350447422036021056e-03
2.236067929580414296e-02 1.539624964761899129e-04 -8.759286051727757628e-05 -2.179609026692994693e-05 4.350447422036021056e-03
2.236067929580414296e-02 1.539624964761899129e-04 -8.759286051727757628e-05 -2.179609026692994693e-05 4.350447422036021056e-03
2.236067929580414296e-02 1.539624964761899129e-04 -8.759286051727757628e-05 -2.179609026692994693e-05 4.350447422036021056e-03
2.236067929580414296e-02 1.539624964761899129e-04 -8.759286051727757628e-05 -2.179609026692994693e-05 4.350447422036021056e-03
2.236067929580414296e-02 1.539624964761899129e-04 -8.759286051727757628e-05 -2.179609026692994693e-05 4.350447422036021056e-03
2.236067929580414296e-02 1.539624964761899129e-04 -8.759286051727757628e-05 -2.179609026692994693e-05 4.350447422036021056e-03
2.236067929580414296e-02 1.539624964761899129e-04 -8.759286051727757628e-05 -2.179609026692994693e-05 4.350447422036021056e-03
2.236067929580414296e-02 1.539624964761899129e-04 -8.759286051727757628e-05 -2.179609026692994693e-05 4.350447422036021056e-03
2.236067929580414296e-02 1.539624964761899129e-04 -8.759286051727757628e-05 -2.179609026692994693e-05 4.350447422036021056e-03
2.236067929580414296e-02 1.539624964761899129e-04 -8.759286051727757628e-05 -2.179609026692994693e-05 4.350447422036021056e-03
2.236067929580414296e-02 1.539624964761899129e-04 -8.759286051727757628e-05 -2.179609026692994693e-05 4.350447422036021056e-03
2.236067929580414296e-02 1.539624964761899129e-04 -8.759286051727757628e-05 -2.179609026692994693e-05 4.350447422036021056e-03
2.236067929580414296e-02 1.539624964761899129e-04 -8.759286051727757628e-05 -2.179609026692994693e-05 4.350447422036021056e-03
2.236067929580414296e-02 1.539624964761899129e-04 -8.759286051727757628e-05 -2.179609026692994693e-05 4.350447422036021056e-03
2.236067929580414296e-02 1.539624964761899129e-04 -8.759286051727757628e-05 -2.179609026692994693e-05 4.350447422036021056e-03
2.236067929580414296e-02 1.539624964761899129e-04 -8.759286051727757628e-05 -2.179609026692994693e-05 4.350447422036021056e-03
2.236067929580414296e-02 1.539624964761899129e-04 -8.759286051727757628e-05 -2.179609026692994693e-05 4.350447422036021056e-03
2.236067929580414296e-02 1.539624964761899129e-04 -8.759286051727757628e-05 -2.179609026692994693e-05 4.350447422036021056e-03
2.236067929580414296e-02 1.539624964761899129e-04 -8.759286051727757628e-05 -2.179609026692994693e-05 4.350447422036021056e-03
2.236067929580414296e-02 1.539624964761899129e-04 -8.759286051727757628e-05 -2.179609026692994693e-05 4.350447422036021056e-03
2.236067929580414296e-02 1.539624964761899129e-04 -8.759286051727757628e-05 -2.179609026692994693e-05 4.350447422036021056e-03
2.236067929580414296e-02 1.539624964761899129e-04 -8.759286051727757628e-05 -2.179609026692994693e-05 4.350447422036021056e-03
2.236067929580414296e-02 1.539624964761899129e-04 -8.759286051727757628e-05 -2.179609026692994693e-05 4.350447422036021056e-03
2.236067929580414296e-02 1.539624964761899129e-04 -8.759286051727757628e-05 -2.179609026692994693e-05 4.350447422036021056e-03
2.236067929580414296e-02 1.539624964761899129e-04 -8.759286051727757628e-05 -2.179609026692994693e-05 4.350447422036021056e-03
2.236067929580414296e-02 1.539624964761899129e-04 -8.759286051727757628e-05 -2.179609026692994693e-05 4.350447422036021056e-03
2.236067929580414296e-02 1.539624964761899129e-04 -8.759286051727757628e-05 -2.179609026692994693e-05 4.350447422036021056e-03
2.236067929580414296e-02 1.539624964761899129e-04 -8.759286051727757628e-05 -2.179609026692994693e-05 4.350447422036021056e-03
2.236067929580414296e-02 1.539624964761899129e-04 -8.759286051727757628e-05 -2.179609026692994693e-05 4.350447422036021056e-03
2.236067929580414296e-02 1.539624964761899129e-04 -8.759286051727757628e-05 -2.179609026692994693e-05 4.350447422036021056e-03
2.236067929580414296e-02 1.539624964761899129e-04 -8.759286051727757628e-05 -2.179609026692994693e-05 4.350447422036021056e-03
2.236067929580414296e-02 1.539624964761899129e-04 -8.759286051727757628e-05 -2.179609026692994693e-05 4.350447422036021056e-03
2.236067929580414296e-02 1.539624964761899129e-04 -8.759286051727757628e-05 -2.179609026692994693e-05 4.350447422036021056e-03
2.236067929580414296e-02 1.539624964761899129e-04 -8.759286051727757628e-05 -2.179609026692994693e-05 4.350447422036021056e-03
2.236067929580414296e-02 1.539624964761899129e-04 -8.759286051727757628e-05 -2.179609026692994693e-05 4.350447422036021056e-03
2.236067929580414296e-02 1.539624964761899129e-04 -8.759286051727757628e-05 -2.179609026692994693e-05 4.350447422036021056e-03
2.236067929580414296e-02 1.539624964761899129e-04 -8.759286051727757628e-05 -2.179609026692994693e-05 4.350447422036021056e-03
2.236067929580414296e-02 1.539624964761899129e-04 -8.759286051727757628e-05 -2.179609026692994693e-05 4.350447422036021056e-03
2.236067929580414296e-02 1.539624964761899129e-04 -8.759286051727757628e-05 -2.179609026692994693e-05 4.350447422036021056e-03
2.236067929580414296e-02 1.539624964761899129e-04 -8.759286051727757628e-05 -2.179609026692994693e-05 4.350447422036021056e-03
2.236067929580414296e-02 1.539624964761899129e-04 -8.759286051727757628e-05 -2.179609026692994693e-05 4.350447422036021056e-03
2.236067929580414296e-02 1.539624964761899129e-04 -8.759286051727757628e-05 -2.179609026692994693e-05 4.350447422036021056e-03
2.236067929580414296e-02 1.539624964761899129e-04 -8.759286051727757628e-05 -2.179609026692994693e-05 4.350447422036021056e-03
2.236067929580414296e-02 1.539624964761899129e-04 -8.759286051727757628e-05 -2.179609026692994693e-05 4.350447422036021056e-03
2.236067929580414296e-02 1.539624964761899129e-04 -8.759286051727757628e-05 -2.179609026692994693e-05 4.350447422036021056e-03
2.236067929580414296e-02 1.539624964761899129e-04 -8.759286051727757628e-05 -2.179609026692994693e-05 4.350447422036021056e-03
2.236067929580414296e-02 1.539624964761899129e-04 -8.759286051727757628e-05 -2.179609026692994693e-05 4.350447422036021056e-03
2.236067929580414296e-02 1.539624964761899129e-04 -8.759286051727757628e-05 -2.179609026692994693e-05 4.350447422036021056e-03
2.236067929580414296e-02 1.539624964761899129e-04 -8.759286051727757628e-05 -2.179609026692994693e-05 4.350447422036021056e-03
2.236067929580414296e-02 1.539624964761899129e-04 -8.759286051727757628e-05 -2.179609026692994693e-05 4.350447422036021056e-03
2.236067929580414296e-02 1.539624964761899129e-04 -8.759286051727757628e-05 -2.179609026692994693e-05 4.350447422036021056e-03
2.236067929580414296e-02 1.539624964761899129e-04 -8.759286051727757628e-05 -2.179609026692994693e-05 4.350447422036021056e-03
2.236067929580414296e-02 1.539624964761899129e-04 -8.759286051727757628e-05 -2.179609026692994693e-05 4.350447422036021056e-03
2.236067929580414296e-02 1.539624964761899129e-04 -8.759286051727757628e-05 -2.179609026692994693e-05 4.350447422036021056e-03
2.236067929580414296e-02 1.539624964761899129e-04 -8.759286051727757628e-05 -2.179609026692994693e-05 4.350447422036021056e-03
2.236067929580414296e-02 1.539624964761899129e-04 -8.759286051727757628e-05 -2.179609026692994693e-05 4.350447422036021056e-03
2.236067929580414296e-02 1.539624964761899129e-04 -8.759286051727757628e-05 -2.179609026692994693e-05 4.350447422036021056e-03
2.236067929580414296e-02 1.539624964761899129e-04 -8.759286051727757628e-05 -2.179609026692994693e-05 4.350447422036021056e-03
2.236067929580414296e-02 1.539624964761899129e-04 -8.759286051727757628e-05 -2.179609026692994693e-05 4.350447422036021056e-03
2.236067929580414296e-02 1.539624964761899129e-04 -8.759286051727757628e-05 -2.179609026692994693e-05 4.350447422036021056e-03
2.236067929580414296e-02 1.539624964761899129e-04 -8.759286051727757628e-05 -2.179609026692994693e-05 4.350447422036021056e-03
2.236067929580414296e-02 1.539624964761899129e-04 -8.759286051727757628e-05 -2.179609026692994693e-05 4.350447422036021056e-03
2.236067929580414296e-02 1.539624964761899129e-04 -8.759286051727757628e-05 -2.179609026692994693e-05 4.350447422036021056e-03
2.236067929580414296e-02 1.539624964761899129e-04 -8.759286051727757628e-05 -2.179609026692994693e-05 4.350447422036021056e-03
2.236067929580414296e-02 1.539624964761899129e-04 -8.759286051727757628e-05 -2.179609026692994693e-05 4.350447422036021056e-03
2.236067929580414296e-02 1.539624964761899129e-04 -8.759286051727757628e-05 -2.179609026692994693e-05 4.350447422036021056e-03
2.236067929580414296e-02 1.539624964761899129e-04 -8.759286051727757628e-05 -2.179609026692994693e-05 4.350447422036021056e-03
2.236067929580414296e-02 1.539624964761899129e-04 -8.759286051727757628e-05 -2.179609026692994693e-05 4.350447422036021056e-03
2.236067929580414296e-02 1.539624964761899129e-04 -8.759286051727757628e-05 -2.179609026692994693e-05 4.350447422036021056e-03
2.236067929580414296e-02 1.539624964761899129e-04 -8.759286051727757628e-05 -2.179609026692994693e-05 4.350447422036021056e-03
2.236067929580414296e-02 1.539624964761899129e-04 -8.759286051727757628e-05 -2.179609026692994693e-05 4.350447422036021056e-03
2.236067929580414296e-02 1.539624964761899129e-04 -8.759286051727757628e-05 -2.179609026692994693e-05 4.350447422036021056e-03
2.236067929580414296e-02 1.539624964761899129e-04 -8.759286051727757628e-05 -2.179609026692994693e-05 4.350447422036021056e-03
2.236067929580414296e-02 1.539624964761899129e-04 -8.759286051727757628e-05 -2.179609026692994693e-05 4.350447422036021056e-03
2.236067929580414296e-02 1.539624964761899129e-04 -8.759286051727757628e-05 -2.179609026692994693e-05 4.350447422036021056e-03
2.236067929580414296e-02 1.539624964761899129e-04 -8.759286051727757628e-05 -2.179609026692994693e-05 4.350447422036021056e-03
2.236067929580414296e-02 1.539624964761899129e-04 -8.759286051727757628e-05 -2.179609026692994693e-05 4.350447422036021056e-03
2.236067929580414296e-02 1.539624964761899129e-04 -8.759286051727757628e-05 -2.179609026692994693e-05 4.350447422036021056e-03
2.236067929580414296e-02 1.539624964761899129e-04 -8.759286051727757628e-05 -2.179609026692994693e-05 4.350447422036021056e-03
2.236067929580414296e-02 1.539624964761899129e-04 -8.759286051727757628e-05 -2.179609026692994693e-05 4.350447422036021056e-03
2.236067929580414296e-02 1.539624964761899129e-04 -8.759286051727757628e-05 -2.179609026692994693e-05 4.350447422036021056e-03
2.236067929580414296e-02 1.539624964761899129e-04 -8.759286051727757628e-05 -2.179609026692994693e-05 4.350447422036021056e-03
2.236067929580414296e-02 1.539624964761899129e-04 -8.759286051727757628e-05 -2.179609026692994693e-05 4.350447422036021056e-03
2.236067929580414296e-02 1.539624964761899129e-04 -8.759286051727757628e-05 -2.179609026692994693e-05 4.350447422036021056e-03
2.236067929580414296e-02 1.539624964761899129e-04 -8.759286051727757628e-05 -2.179609026692994693e-05 4.350447422036021056e-03
2.236067929580414296e-02 1.539624964761899129e-04 -8.759286051727757628e-05 -2.179609026692994693e-05 4.350447422036021056e-03
2.236067929580414296e-02 1.539624964761899129e-04 -8.759286051727757628e-05 -2.179609026692994693e-05 4.350447422036021056e-03
2.236067929580414296e-02 1.539624964761899129e-04 -8.759286051727757628e-05 -2.179609026692994693e-05 4.350447422036021056e-03
2.236067929580414296e-02 1.539624964761899129e-04 -8.759286051727757628e-05 -2.179609026692994693e-05 4.350447422036021056e-03
2.236067929580414296e-02 1.539624964761899129e-04 -8.759286051727757628e-05 -2.179609026692994693e-05 4.350447422036021056e-03
2.236067929580414296e-02 1.539624964761899129e-04 -8.759286051727757628e-05 -2.179609026692994693e-05 4.350447422036021056e-03
2.236067929580414296e-02 1.539624964761899129e-04 -8.759286051727757628e-05 -2.179609026692994693e-05 4.350447422036021056e-03
2.236067929580414296e-02 1.539624964761899129e-04 -8.759286051727757628e-05 -2.179609026692994693e-05 4.350447422036021056e-03
2.236067929580414296e-02 1.539624964761899129e-04 -8.759286051727757628e-05 -2.179609026692994693e-05 4.350447422036021056e-03
2.236067929580414296e-02 1.539624964761899129e-04 -8.759286051727757628e-05 -2.179609026692994693e-05 4.350447422036021056e-03
2.236067929580414296e-02 1.539624964761899129e-04 -8.759286051727757628e-05 -2.179609026692994693e-05 4.350447422036021056e-03
2.236067929580414296e-02 1.539624964761899129e-04 -8.759286051727757628e-05 -2.179609026692994693e-05 4.350447422036021056e-03
2.236067929580414296e-02 1.539624964761899129e-04 -8.759286051727757628e-05 -2.179609026692994693e-05 4.350447422036021056e-03
2.236067929580414296e-02 1.539624964761899129e-04 -8.759286051727757628e-05 -2.179609026692994693e-05 4.350447422036021056e-03
2.236067929580414296e-02 1.539624964761899129e-04 -8.759286051727757628e-05 -2.179609026692994693e-05 4.350447422036021056e-03
2.236067929580414296e-02 1.539624964761899129e-04 -8.759286051727757628e-05 -2.179609026692994693e-05 4.350447422036021056e-03
2.236067929580414296e-02 1.539624964761899129e-04 -8.759286051727757628e-05 -2.179609026692994693e-05 4.350447422036021056e-03
2.236067929580414296e-02 1.539624964761899129e-04 -8.759286051727757628e-05 -2.179609026692994693e-05 4.350447422036021056e-03
2.236067929580414296e-02 1.539624964761899129e-04 -8.759286051727757628e-05 -2.179609026692994693e-05 4.350447422036021056e-03
2.236067929580414296e-02 1.539624964761899129e-04 -8.759286051727757628e-05 -2.179609026692994693e-05 4.350447422036021056e-03
2.236067929580414296e-02 1.539624964761899129e-04 -8.759286051727757628e-05 -2.179609026692994693e-05 4.350447422036021056e-03
2.236067929580414296e-02 1.539624964761899129e-04 -8.759286051727757628e-05 -2.179609026692994693e-05 4.350447422036021056e-03
2.236067929580414296e-02 1.539624964761899129e-04 -8.759286051727757628e-05 -2.179609026692994693e-05 4.350447422036021056e-03
2.236067929580414296e-02 1.539624964761899129e-04 -8.759286051727757628e-05 -2.179609026692994693e-05 4.350447422036021056e-03
2.236067929580414296e-02 1.539624964761899129e-04 -8.759286051727757628e-05 -2.179609026692994693e-05 4.350447422036021056e-03
2.236067929580414296e-02 1.539624964761899129e-04 -8.759286051727757628e-05 -2.179609026692994693e-05 4.350447422036021056e-03
2.236067929580414296e-02 1.539624964761899129e-04 -8.759286051727757628e-05 -2.179609026692994693e-05 4.350447422036021056e-03
2.236067929580414296e-02 1.539624964761899129e-04 -8.759286051727757628e-05 -2.179609026692994693e-05 4.350447422036021056e-03
2.236067929580414296e-02 1.539624964761899129e-04 -8.759286051727757628e-05 -2.179609026692994693e-05 4.350447422036021056e-03
2.236067929580414296e-02 1.539624964761899129e-04 -8.759286051727757628e-05 -2.179609026692994693e-05 4.350447422036021056e-03
2.236067929580414296e-02 1.539624964761899129e-04 -8.759286051727757628e-05 -2.179609026692994693e-05 4.350447422036021056e-03
2.236067929580414296e-02 1.539624964761899129e-04 -8.759286051727757628e-05 -2.179609026692994693e-05 4.350447422036021056e-03
2.236067929580414296e-02 1.539624964761899129e-04 -8.759286051727757628e-05 -2.179609026692994693e-05 4.350447422036021056e-03
2.236067929580414296e-02 1.539624964761899129e-04 -8.759286051727757628e-05 -2.179609026692994693e-05 4.350447422036021056e-03
2.236067929580414296e-02 1.539624964761899129e-04 -8.759286051727757628e-05 -2.179609026692994693e-05 4.350447422036021056e-03
2.236067929580414296e-02 1.539624964761899129e-04 -8.759286051727757628e-05 -2.179609026692994693e-05 4.350447422036021056e-03
2.236067929580414296e-02 1.539624964761899129e-04 -8.759286051727757628e-05 -2.179609026692994693e-05 4.350447422036021056e-03
2.236067929580414296e-02 1.539624964761899129e-04 -8.759286051727757628e-05 -2.179609026692994693e-05 4.350447422036021056e-03
2.236067929580414296e-02 1.539624964761899129e-04 -8.759286051727757628e-05 -2.179609026692994693e-05 4.350447422036021056e-03
2.236067929580414296e-02 1.539624964761899129e-04 -8.759286051727757628e-05 -2.179609026692994693e-05 4.350447422036021056e-03
2.236067929580414296e-02 1.539624964761899129e-04 -8.759286051727757628e-05 -2.179609026692994693e-05 4.350447422036021056e-03
2.236067929580414296e-02 1.539624964761899129e-04 -8.759286051727757628e-05 -2.179609026692994693e-05 4.350447422036021056e-03
2.236067929580414296e-02 1.539624964761899129e-04 -8.759286051727757628e-05 -2.179609026692994693e-05 4.350447422036021056e-03
2.236067929580414296e-02 1.539624964761899129e-04 -8.759286051727757628e-05 -2.179609026692994693e-05 4.350447422036021056e-03
2.236067929580414296e-02 1.539624964761899129e-04 -8.759286051727757628e-05 -2.179609026692994693e-05 4.350447422036021056e-03
2.236067929580414296e-02 1.539624964761899129e-04 -8.759286051727757628e-05 -2.179609026692994693e-05 4.350447422036021056e-03
2.236067929580414296e-02 1.539624964761899129e-04 -8.759286051727757628e-05 -2.179609026692994693e-05 4.350447422036021056e-03
2.236067929580414296e-02 1.539624964761899129e-04 -8.759286051727757628e-05 -2.179609026692994693e-05 4.350447422036021056e-03
2.236067929580414296e-02 1.539624964761899129e-04 -8.759286051727757628e-05 -2.179609026692994693e-05 4.350447422036021056e-03
2.236067929580414296e-02 1.539624964761899129e-04 -8.759286051727757628e-05 -2.179609026692994693e-05 4.350447422036021056e-03
2.236067929580414296e-02 1.539624964761899129e-04 -8.759286051727757628e-05 -2.179609026692994693e-05 4.350447422036021056e-03
2.236067929580414296e-02 1.539624964761899129e-04 -8.759286051727757628e-05 -2.179609026692994693e-05 4.350447422036021056e-03
2.236067929580414296e-02 1.539624964761899129e-04 -8.759286051727757628e-05 -2.179609026692994693e-05 4.350447422036021056e-03
2.236067929580414296e-02 1.539624964761899129e-04 -8.759286051727757628e-05 -2.179609026692994693e-05 4.350447422036021056e-03
2.236067929580414296e-02 1.539624964761899129e-04 -8.759286051727757628e-05 -2.179609026692994693e-05 4.350447422036021056e-03
2.236067929580414296e-02 1.539624964761899129e-04 -8.759286051727757628e-05 -2.179609026692994693e-05 4.350447422036021056e-03
2.236067929580414296e-02 1.539624964761899129e-04 -8.759286051727757628e-05 -2.179609026692994693e-05 4.350447422036021056e-03
2.236067929580414296e-02 1.539624964761899129e-04 -8.759286051727757628e-05 -2.179609026692994693e-05 4.350447422036021056e-03
2.236067929580414296e-02 1.539624964761899129e-04 -8.759286051727757628e-05 -2.179609026692994693e-05 4.350447422036021056e-03
2.236067929580414296e-02 1.539624964761899129e-04 -8.759286051727757628e-05 -2.179609026692994693e-05 4.350447422036021056e-03
2.236067929580414296e-02 1.539624964761899129e-04 -8.759286051727757628e-05 -2.179609026692994693e-05 4.350447422036021056e-03
2.236067929580414296e-02 1.539624964761899129e-04 -8.759286051727757628e-05 -2.179609026692994693e-05 4.350447422036021056e-03
2.236067929580414296e-02 1.539624964761899129e-04 -8.759286051727757628e-05 -2.179609026692994693e-05 4.350447422036021056e-03
2.236067929580414296e-02 1.539624964761899129e-04 -8.759286051727757628e-05 -2.179609026692994693e-05 4.350447422036021056e-03
2.236067929580414296e-02 1.539624964761899129e-04 -8.759286051727757628e-05 -2.179609026692994693e-05 4.350447422036021056e-03
2.236067929580414296e-02 1.539624964761899129e-04 -8.759286051727757628e-05 -2.179609026692994693e-05 4.350447422036021056e-03
2.236067929580414296e-02 1.539624964761899129e-04 -8.759286051727757628e-05 -2.179609026692994693e-05 4.350447422036021056e-03
2.236067929580414296e-02 1.539624964761899129e-04 -8.759286051727757628e-05 -2.179609026692994693e-05 4.350447422036021056e-03
2.236067929580414296e-02 1.539624964761899129e-04 -8.759286051727757628e-05 -2.179609026692994693e-05 4.350447422036021056e-03
2.236067929580414296e-02 1.539624964761899129e-04 -8.759286051727757628e-05 -2.179609026692994693e-05 4.350447422036021056e-03
2.236067929580414296e-02 1.539624964761899129e-04 -8.759286051727757628e-05 -2.179609026692994693e-05 4.350447422036021056e-03
2.236067929580414296e-02 1.539624964761899129e-04 -8.759286051727757628e-05 -2.179609026692994693e-05 4.350447422036021056e-03
2.236067929580414296e-02 1.539624964761899129e-04 -8.759286051727757628e-05 -2.179609026692994693e-05 4.350447422036021056e-03
2.236067929580414296e-02 1.539624964761899129e-04 -8.759286051727757628e-05 -2.179609026692994693e-05 4.350447422036021056e-03
2.236067929580414296e-02 1.539624964761899129e-04 -8.759286051727757628e-05 -2.179609026692994693e-05 4.350447422036021056e-03
2.236067929580414296e-02 1.539624964761899129e-04 -8.759286051727757628e-05 -2.179609026692994693e-05 4.350447422036021056e-03
2.236067929580414296e-02 1.539624964761899129e-04 -8.759286051727757628e-05 -2.179609026692994693e-05 4.350447422036021056e-03
2.236067929580414296e-02 1.539624964761899129e-04 -8.759286051727757628e-05 -2.179609026692994693e-05 4.350447422036021056e-03
2.236067929580414296e-02 1.539624964761899129e-04 -8.759286051727757628e-05 -2.179609026692994693e-05 4.350447422036021056e-03
2.236067929580414296e-02 1.539624964761899129e-04 -8.759286051727757628e-05 -2.179609026692994693e-05 4.350447422036021056e-03
2.236067929580414296e-02 1.539624964761899129e-04 -8.759286051727757628e-05 -2.179609026692994693e-05 4.350447422036021056e-03
2.236067929580414296e-02 1.539624964761899129e-04 -8.759286051727757628e-05 -2.179609026692994693e-05 4.350447422036021056e-03
2.236067929580414296e-02 1.539624964761899129e-04 -8.759286051727757628e-05 -2.179609026692994693e-05 4.350447422036021056e-03
2.236067929580414296e-02 1.539624964761899129e-04 -8.759286051727757628e-05 -2.179609026692994693e-05 4.350447422036021056e-03
2.236067929580414296e-02 1.539624964761899129e-04 -8.759286051727757628e-05 -2.179609026692994693e-05 4.350447422036021056e-03
2.236067929580414296e-02 1.539624964761899129e-04 -8.759286051727757628e-05 -2.179609026692994693e-05 4.350447422036021056e-03
2.236067929580414296e-02 1.539624964761899129e-04 -8.759286051727757628e-05 -2.179609026692994693e-05 4.350447422036021056e-03
2.236067929580414296e-02 1.539624964761899129e-04 -8.759286051727757628e-05 -2.179609026692994693e-05 4.350447422036021056e-03
2.236067929580414296e-02 1.539624964761899129e-04 -8.759286051727757628e-05 -2.179609026692994693e-05 4.350447422036021056e-03
2.236067929580414296e-02 1.539624964761899129e-04 -8.759286051727757628e-05 -2.179609026692994693e-05 4.350447422036021056e-03
2.236067929580414296e-02 1.539624964761899129e-04 -8.759286051727757628e-05 -2.179609026692994693e-05 4.350447422036021056e-03
2.236067929580414296e-02 1.539624964761899129e-04 -8.759286051727757628e-05 -2.179609026692994693e-05 4.350447422036021056e-03
2.236067929580414296e-02 1.539624964761899129e-04 -8.759286051727757628e-05 -2.179609026692994693e-05 4.350447422036021056e-03
2.236067929580414296e-02 1.539624964761899129e-04 -8.759286051727757628e-05 -2.179609026692994693e-05 4.350447422036021056e-03
2.236067929580414296e-02 1.539624964761899129e-04 -8.759286051727757628e-05 -2.179609026692994693e-05 4.350447422036021056e-03
2.236067929580414296e-02 1.539624964761899129e-04 -8.759286051727757628e-05 -2.179609026692994693e-05 4.350447422036021056e-03
2.236067929580414296e-02 1.539624964761899129e-04 -8.759286051727757628e-05 -2.179609026692994693e-05 4.350447422036021056e-03
2.236067929580414296e-02 1.539624964761899129e-04 -8.759286051727757628e-05 -2.179609026692994693e-05 4.350447422036021056e-03
2.236067929580414296e-02 1.539624964761899129e-04 -8.759286051727757628e-05 -2.179609026692994693e-05 4.350447422036021056e-03
2.236067929580414296e-02 1.539624964761899129e-04 -8.759286051727757628e-05 -2.179609026692994693e-05 4.350447422036021056e-03
2.236067929580414296e-02 1.539624964761899129e-04 -8.759286051727757628e-05 -2.179609026692994693e-05 4.350447422036021056e-03
2.236067929580414296e-02 1.539624964761899129e-04 -8.759286051727757628e-05 -2.179609026692994693e-05 4.350447422036021056e-03
2.236067929580414296e-02 1.539624964761899129e-04 -8.759286051727757628e-05 -2.179609026692994693e-05 4.350447422036021056e-03
2.236067929580414296e-02 1.539624964761899129e-04 -8.759286051727757628e-05 -2.179609026692994693e-05 4.350447422036021056e-03
2.236067929580414296e-02 1.539624964761899129e-04 -8.759286051727757628e-05 -2.179609026692994693e-05 4.350447422036021056e-03
2.236067929580414296e-02 1.539624964761899129e-04 -8.759286051727757628e-05 -2.179609026692994693e-05 4.350447422036021056e-03
2.236067929580414296e-02 1.539624964761899129e-04 -8.759286051727757628e-05 -2.179609026692994693e-05 4.350447422036021056e-03
2.236067929580414296e-02 1.539624964761899129e-04 -8.759286051727757628e-05 -2.179609026692994693e-05 4.350447422036021056e-03
2.236067929580414296e-02 1.539624964761899129e-04 -8.759286051727757628e-05 -2.179609026692994693e-05 4.350447422036021056e-03
2.236067929580414296e-02 1.539624964761899129e-04 -8.759286051727757628e-05 -2.179609026692994693e-05 4.350447422036021056e-03
2.236067929580414296e-02 1.539624964761899129e-04 -8.759286051727757628e-05 -2.179609026692994693e-05 4.350447422036021056e-03
2.236067929580414296e-02 1.539624964761899129e-04 -8.759286051727757628e-05 -2.179609026692994693e-05 4.350447422036021056e-03
2.236067929580414296e-02 1.539624964761899129e-04 -8.759286051727757628e-05 -2.179609026692994693e-05 4.350447422036021056e-03
2.236067929580414296e-02 1.539624964761899129e-04 -8.759286051727757628e-05 -2.179609026692994693e-05 4.350447422036021056e-03
2.236067929580414296e-02 1.539624964761899129e-04 -8.759286051727757628e-05 -2.179609026692994693e-05 4.350447422036021056e-03
2.236067929580414296e-02 1.539624964761899129e-04 -8.759286051727757628e-05 -2.179609026692994693e-05 4.350447422036021056e-03
2.236067929580414296e-02 1.539624964761899129e-04 -8.759286051727757628e-05 -2.179609026692994693e-05 4.350447422036021056e-03
2.236067929580414296e-02 1.539624964761899129e-04 -8.759286051727757628e-05 -2.179609026692994693e-05 4.350447422036021056e-03
2.236067929580414296e-02 1.539624964761899129e-04 -8.759286051727757628e-05 -2.179609026692994693e-05 4.350447422036021056e-03
2.236067929580414296e-02 1.539624964761899129e-04 -8.759286051727757628e-05 -2.179609026692994693e-05 4.350447422036021056e-03
2.236067929580414296e-02 1.539624964761899129e-04 -8.759286051727757628e-05 -2.179609026692994693e-05 4.350447422036021056e-03
2.236067929580414296e-02 1.539624964761899129e-04 -8.759286051727757628e-05 -2.179609026692994693e-05 4.350447422036021056e-03
2.236067929580414296e-02 1.539624964761899129e-04 -8.759286051727757628e-05 -2.179609026692994693e-05 4.350447422036021056e-03
2.236067929580414296e-02 1.539624964761899129e-04 -8.759286051727757628e-05 -2.179609026692994693e-05 4.350447422036021056e-03
2.236067929580414296e-02 1.539624964761899129e-04 -8.759286051727757628e-05 -2.179609026692994693e-05 4.350447422036021056e-03
2.236067929580414296e-02 1.539624964761899129e-04 -8.759286051727757628e-05 -2.179609026692994693e-05 4.350447422036021056e-03
2.236067929580414296e-02 1.539624964761899129e-04 -8.759286051727757628e-05 -2.179609026692994693e-05 4.350447422036021056e-03
2.236067929580414296e-02 1.539624964761899129e-04 -8.759286051727757628e-05 -2.179609026692994693e-05 4.350447422036021056e-03
2.236067929580414296e-02 1.539624964761899129e-04 -8.759286051727757628e-05 -2.179609026692994693e-05 4.350447422036021056e-03
2.236067929580414296e-02 1.539624964761899129e-04 -8.759286051727757628e-05 -2.179609026692994693e-05 4.350447422036021056e-03
2.236067929580414296e-02 1.539624964761899129e-04 -8.759286051727757628e-05 -2.179609026692994693e-05 4.350447422036021056e-03
2.236067929580414296e-02 1.539624964761899129e-04 -8.759286051727757628e-05 -2.179609026692994693e-05 4.350447422036021056e-03
2.236067929580414296e-02 1.539624964761899129e-04 -8.759286051727757628e-05 -2.179609026692994693e-05 4.350447422036021056e-03
2.236067929580414296e-02 1.539624964761899129e-04 -8.759286051727757628e-05 -2.179609026692994693e-05 4.350447422036021056e-03
2.236067929580414296e-02 1.539624964761899129e-04 -8.759286051727757628e-05 -2.179609026692994693e-05 4.350447422036021056e-03
2.236067929580414296e-02 1.539624964761899129e-04 -8.759286051727757628e-05 -2.179609026692994693e-05 4.350447422036021056e-03
2.236067929580414296e-02 1.539624964761899129e-04 -8.759286051727757628e-05 -2.179609026692994693e-05 4.350447422036021056e-03
2.236067929580414296e-02 1.539624964761899129e-04 -8.759286051727757628e-05 -2.179609026692994693e-05 4.350447422036021056e-03
2.236067929580414296e-02 1.539624964761899129e-04 -8.759286051727757628e-05 -2.179609026692994693e-05 4.350447422036021056e-03
2.236067929580414296e-02 1.539624964761899129e-04 -8.759286051727757628e-05 -2.179609026692994693e-05 4.350447422036021056e-03
2.236067929580414296e-02 1.539624964761899129e-04 -8.759286051727757628e-05 -2.179609026692994693e-05 4.350447422036021056e-03
2.236067929580414296e-02 1.539624964761899129e-04 -8.759286051727757628e-05 -2.179609026692994693e-05 4.350447422036021056e-03
2.236067929580414296e-02 1.539624964761899129e-04 -8.759286051727757628e-05 -2.179609026692994693e-05 4.350447422036021056e-03
2.236067929580414296e-02 1.539624964761899129e-04 -8.759286051727757628e-05 -2.179609026692994693e-05 4.350447422036021056e-03
2.236067929580414296e-02 1.539624964761899129e-04 -8.759286051727757628e-05 -2.179609026692994693e-05 4.350447422036021056e-03
2.236067929580414296e-02 1.539624964761899129e-04 -8.759286051727757628e-05 -2.179609026692994693e-05 4.350447422036021056e-03
2.236067929580414296e-02 1.539624964761899129e-04 -8.759286051727757628e-05 -2.179609026692994693e-05 4.350447422036021056e-03
2.236067929580414296e-02 1.539624964761899129e-04 -8.759286051727757628e-05 -2.179609026692994693e-05 4.350447422036021056e-03
2.236067929580414296e-02 1.539624964761899129e-04 -8.759286051727757628e-05 -2.179609026692994693e-05 4.350447422036021056e-03
2.236067929580414296e-02 1.539624964761899129e-04 -8.759286051727757628e-05 -2.179609026692994693e-05 4.350447422036021056e-03
2.236067929580414296e-02 1.539624964761899129e-04 -8.759286051727757628e-05 -2.179609026692994693e-05 4.350447422036021056e-03
2.236067929580414296e-02 1.539624964761899129e-04 -8.759286051727757628e-05 -2.179609026692994693e-05 4.350447422036021056e-03
2.236067929580414296e-02 1.539624964761899129e-04 -8.759286051727757628e-05 -2.179609026692994693e-05 4.350447422036021056e-03
2.236067929580414296e-02 1.539624964761899129e-04 -8.759286051727757628e-05 -2.179609026692994693e-05 4.350447422036021056e-03
2.236067929580414296e-02 1.539624964761899129e-04 -8.759286051727757628e-05 -2.179609026692994693e-05 4.350447422036021056e-03
2.236067929580414296e-02 1.539624964761899129e-04 -8.759286051727757628e-05 -2.179609026692994693e-05 4.350447422036021056e-03
2.236067929580414296e-02 1.539624964761899129e-04 -8.759286051727757628e-05 -2.179609026692994693e-05 4.350447422036021056e-03
2.236067929580414296e-02 1.539624964761899129e-04 -8.759286051727757628e-05 -2.179609026692994693e-05 4.350447422036021056e-03
2.236067929580414296e-02 1.539624964761899129e-04 -8.759286051727757628e-05 -2.179609026692994693e-05 4.350447422036021056e-03
2.236067929580414296e-02 1.539624964761899129e-04 -8.759286051727757628e-05 -2.179609026692994693e-05 4.350447422036021056e-03
2.236067929580414296e-02 1.539624964761899129e-04 -8.759286051727757628e-05 -2.179609026692994693e-05 4.350447422036021056e-03
2.236067929580414296e-02 1.539624964761899129e-04 -8.759286051727757628e-05 -2.179609026692994693e-05 4.350447422036021056e-03
2.236067929580414296e-02 1.539624964761899129e-04 -8.759286051727757628e-05 -2.179609026692994693e-05 4.350447422036021056e-03
2.236067929580414296e-02 1.539624964761899129e-04 -8.759286051727757628e-05 -2.179609026692994693e-05 4.350447422036021056e-03
2.236067929580414296e-02 1.539624964761899129e-04 -8.759286051727757628e-05 -2.179609026692994693e-05 4.350447422036021056e-03
2.236067929580414296e-02 1.539624964761899129e-04 -8.759286051727757628e-05 -2.179609026692994693e-05 4.350447422036021056e-03
2.236067929580414296e-02 1.539624964761899129e-04 -8.759286051727757628e-05 -2.179609026692994693e-05 4.350447422036021056e-03
2.236067929580414296e-02 1.539624964761899129e-04 -8.759286051727757628e-05 -2.179609026692994693e-05 4.350447422036021056e-03
2.236067929580414296e-02 1.539624964761899129e-04 -8.759286051727757628e-05 -2.179609026692994693e-05 4.350447422036021056e-03
2.236067929580414296e-02 1.539624964761899129e-04 -8.759286051727757628e-05 -2.179609026692994693e-05 4.350447422036021056e-03
2.236067929580414296e-02 1.539624964761899129e-04 -8.759286051727757628e-05 -2.179609026692994693e-05 4.350447422036021056e-03
2.236067929580414296e-02 1.539624964761899129e-04 -8.759286051727757628e-05 -2.179609026692994693e-05 4.350447422036021056e-03
2.236067929580414296e-02 1.539624964761899129e-04 -8.759286051727757628e-05 -2.179609026692994693e-05 4.350447422036021056e-03
2.236067929580414296e-02 1.539624964761899129e-04 -8.759286051727757628e-05 -2.179609026692994693e-05 4.350447422036021056e-03
2.236067929580414296e-02 1.539624964761899129e-04 -8.759286051727757628e-05 -2.179609026692994693e-05 4.350447422036021056e-03
2.236067929580414296e-02 1.539624964761899129e-04 -8.759286051727757628e-05 -2.179609026692994693e-05 4.350447422036021056e-03
2.236067929580414296e-02 1.539624964761899129e-04 -8.759286051727757628e-05 -2.179609026692994693e-05 4.350447422036021056e-03
2.236067929580414296e-02 1.539624964761899129e-04 -8.759286051727757628e-05 -2.179609026692994693e-05 4.350447422036021056e-03
2.236067929580414296e-02 1.539624964761899129e-04 -8.759286051727757628e-05 -2.179609026692994693e-05 4.350447422036021056e-03
2.236067929580414296e-02 1.539624964761899129e-04 -8.759286051727757628e-05 -2.179609026692994693e-05 4.350447422036021056e-03
2.236067929580414296e-02 1.539624964761899129e-04 -8.759286051727757628e-05 -2.179609026692994693e-05 4.350447422036021056e-03
2.236067929580414296e-02 1.539624964761899129e-04 -8.759286051727757628e-05 -2.179609026692994693e-05 4.350447422036021056e-03
2.236067929580414296e-02 1.539624964761899129e-04 -8.759286051727757628e-05 -2.179609026692994693e-05 4.350447422036021056e-03
2.236067929580414296e-02 1.539624964761899129e-04 -8.759286051727757628e-05 -2.179609026692994693e-05 4.350447422036021056e-03
2.236067929580414296e-02 1.539624964761899129e-04 -8.759286051727757628e-05 -2.179609026692994693e-05 4.350447422036021056e-03
2.236067929580414296e-02 1.539624964761899129e-04 -8.759286051727757628e-05 -2.179609026692994693e-05 4.350447422036021056e-03
2.236067929580414296e-02 1.539624964761899129e-04 -8.759286051727757628e-05 -2.179609026692994693e-05 4.350447422036021056e-03
2.236067929580414296e-02 1.539624964761899129e-04 -8.759286051727757628e-05 -2.179609026692994693e-05 4.350447422036021056e-03
2.236067929580414296e-02 1.539624964761899129e-04 -8.759286051727757628e-05 -2.179609026692994693e-05 4.350447422036021056e-03
2.236067929580414296e-02 1.539624964761899129e-04 -8.759286051727757628e-05 -2.179609026692994693e-05 4.350447422036021056e-03
2.236067929580414296e-02 1.539624964761899129e-04 -8.759286051727757628e-05 -2.179609026692994693e-05 4.350447422036021056e-03
2.236067929580414296e-02 1.539624964761899129e-04 -8.759286051727757628e-05 -2.179609026692994693e-05 4.350447422036021056e-03
2.236067929580414296e-02 1.539624964761899129e-04 -8.759286051727757628e-05 -2.179609026692994693e-05 4.350447422036021056e-03
2.236067929580414296e-02 1.539624964761899129e-04 -8.759286051727757628e-05 -2.179609026692994693e-05 4.350447422036021056e-03
2.236067929580414296e-02 1.539624964761899129e-04 -8.759286051727757628e-05 -2.179609026692994693e-05 4.350447422036021056e-03
2.236067929580414296e-02 1.539624964761899129e-04 -8.759286051727757628e-05 -2.179609026692994693e-05 4.350447422036021056e-03
2.236067929580414296e-02 1.539624964761899129e-04 -8.759286051727757628e-05 -2.179609026692994693e-05 4.350447422036021056e-03
2.236067929580414296e-02 1.539624964761899129e-04 -8.759286051727757628e-05 -2.179609026692994693e-05 4.350447422036021056e-03
2.236067929580414296e-02 1.539624964761899129e-04 -8.759286051727757628e-05 -2.179609026692994693e-05 4.350447422036021056e-03
2.236067929580414296e-02 1.539624964761899129e-04 -8.759286051727757628e-05 -2.179609026692994693e-05 4.350447422036021056e-03
2.236067929580414296e-02 1.539624964761899129e-04 -8.759286051727757628e-05 -2.179609026692994693e-05 4.350447422036021056e-03
2.236067929580414296e-02 1.539624964761899129e-04 -8.759286051727757628e-05 -2.179609026692994693e-05 4.350447422036021056e-03
2.236067929580414296e-02 1.539624964761899129e-04 -8.759286051727757628e-05 -2.179609026692994693e-05 4.350447422036021056e-03
2.236067929580414296e-02 1.539624964761899129e-04 -8.759286051727757628e-05 -2.179609026692994693e-05 4.350447422036021056e-03
2.236067929580414296e-02 1.539624964761899129e-04 -8.759286051727757628e-05 -2.179609026692994693e-05 4.350447422036021056e-03
2.236067929580414296e-02 1.539624964761899129e-04 -8.759286051727757628e-05 -2.179609026692994693e-05 4.350447422036021056e-03
2.236067929580414296e-02 1.539624964761899129e-04 -8.759286051727757628e-05 -2.179609026692994693e-05 4.350447422036021056e-03
2.236067929580414296e-02 1.539624964761899129e-04 -8.759286051727757628e-05 -2.179609026692994693e-05 4.350447422036021056e-03
2.236067929580414296e-02 1.539624964761899129e-04 -8.759286051727757628e-05 -2.179609026692994693e-05 4.350447422036021056e-03
2.236067929580414296e-02 1.539624964761899129e-04 -8.759286051727757628e-05 -2.179609026692994693e-05 4.350447422036021056e-03
2.236067929580414296e-02 1.539624964761899129e-04 -8.759286051727757628e-05 -2.179609026692994693e-05 4.350447422036021056e-03
2.236067929580414296e-02 1.539624964761899129e-04 -8.759286051727757628e-05 -2.179609026692994693e-05 4.350447422036021056e-03
2.236067929580414296e-02 1.539624964761899129e-04 -8.759286051727757628e-05 -2.179609026692994693e-05 4.350447422036021056e-03
2.236067929580414296e-02 1.539624964761899129e-04 -8.759286051727757628e-05 -2.179609026692994693e-05 4.350447422036021056e-03
2.236067929580414296e-02 1.539624964761899129e-04 -8.759286051727757628e-05 -2.179609026692994693e-05 4.350447422036021056e-03
2.236067929580414296e-02 1.539624964761899129e-04 -8.759286051727757628e-05 -2.179609026692994693e-05 4.350447422036021056e-03
2.236067929580414296e-02 1.539624964761899129e-04 -8.759286051727757628e-05 -2.179609026692994693e-05 4.350447422036021056e-03
2.236067929580414296e-02 1.539624964761899129e-04 -8.759286051727757628e-05 -2.179609026692994693e-05 4.350447422036021056e-03
2.236067929580414296e-02 1.539624964761899129e-04 -8.759286051727757628e-05 -2.179609026692994693e-05 4.350447422036021056e-03
2.236067929580414296e-02 1.539624964761899129e-04 -8.759286051727757628e-05 -2.179609026692994693e-05 4.350447422036021056e-03
2.236067929580414296e-02 1.539624964761899129e-04 -8.759286051727757628e-05 -2.179609026692994693e-05 4.350447422036021056e-03
2.236067929580414296e-02 1.539624964761899129e-04 -8.759286051727757628e-05 -2.179609026692994693e-05 4.350447422036021056e-03
2.236067929580414296e-02 1.539624964761899129e-04 -8.759286051727757628e-05 -2.179609026692994693e-05 4.350447422036021056e-03
2.236067929580414296e-02 1.539624964761899129e-04 -8.759286051727757628e-05 -2.179609026692994693e-05 4.350447422036021056e-03
2.236067929580414296e-02 1.539624964761899129e-04 -8.759286051727757628e-05 -2.179609026692994693e-05 4.350447422036021056e-03
2.236067929580414296e-02 1.539624964761899129e-04 -8.759286051727757628e-05 -2.179609026692994693e-05 4.350447422036021056e-03
2.236067929580414296e-02 1.539624964761899129e-04 -8.759286051727757628e-05 -2.179609026692994693e-05 4.350447422036021056e-03
2.236067929580414296e-02 1.539624964761899129e-04 -8.759286051727757628e-05 -2.179609026692994693e-05 4.350447422036021056e-03
2.236067929580414296e-02 1.539624964761899129e-04 -8.759286051727757628e-05 -2.179609026692994693e-05 4.350447422036021056e-03
2.236067929580414296e-02 1.539624964761899129e-04 -8.759286051727757628e-05 -2.179609026692994693e-05 4.350447422036021056e-03
2.236067929580414296e-02 1.539624964761899129e-04 -8.759286051727757628e-05 -2.179609026692994693e-05 4.350447422036021056e-03
2.236067929580414296e-02 1.539624964761899129e-04 -8.759286051727757628e-05 -2.179609026692994693e-05 4.350447422036021056e-03
2.236067929580414296e-02 1.539624964761899129e-04 -8.759286051727757628e-05 -2.179609026692994693e-05 4.350447422036021056e-03
2.236067929580414296e-02 1.539624964761899129e-04 -8.759286051727757628e-05 -2.179609026692994693e-05 4.350447422036021056e-03
2.236067929580414296e-02 1.539624964761899129e-04 -8.759286051727757628e-05 -2.179609026692994693e-05 4.350447422036021056e-03
2.236067929580414296e-02 1.539624964761899129e-04 -8.759286051727757628e-05 -2.179609026692994693e-05 4.350447422036021056e-03
2.236067929580414296e-02 1.539624964761899129e-04 -8.759286051727757628e-05 -2.179609026692994693e-05 4.350447422036021056e-03
2.236067929580414296e-02 1.539624964761899129e-04 -8.759286051727757628e-05 -2.179609026692994693e-05 4.350447422036021056e-03
2.236067929580414296e-02 1.539624964761899129e-04 -8.759286051727757628e-05 -2.179609026692994693e-05 4.350447422036021056e-03
2.236067929580414296e-02 1.539624964761899129e-04 -8.759286051727757628e-05 -2.179609026692994693e-05 4.350447422036021056e-03
2.236067929580414296e-02 1.539624964761899129e-04 -8.759286051727757628e-05 -2.179609026692994693e-05 4.350447422036021056e-03
2.236067929580414296e-02 1.539624964761899129e-04 -8.759286051727757628e-05 -2.179609026692994693e-05 4.350447422036021056e-03
2.236067929580414296e-02 1.539624964761899129e-04 -8.759286051727757628e-05 -2.179609026692994693e-05 4.350447422036021056e-03
2.236067929580414296e-02 1.539624964761899129e-04 -8.759286051727757628e-05 -2.179609026692994693e-05 4.350447422036021056e-03
2.236067929580414296e-02 1.539624964761899129e-04 -8.759286051727757628e-05 -2.179609026692994693e-05 4.350447422036021056e-03
2.236067929580414296e-02 1.539624964761899129e-04 -8.759286051727757628e-05 -2.179609026692994693e-05 4.350447422036021056e-03
2.236067929580414296e-02 1.539624964761899129e-04 -8.759286051727757628e-05 -2.179609026692994693e-05 4.350447422036021056e-03
2.236067929580414296e-02 1.539624964761899129e-04 -8.759286051727757628e-05 -2.179609026692994693e-05 4.350447422036021056e-03
2.236067929580414296e-02 1.539624964761899129e-04 -8.759286051727757628e-05 -2.179609026692994693e-05 4.350447422036021056e-03
2.236067929580414296e-02 1.539624964761899129e-04 -8.759286051727757628e-05 -2.179609026692994693e-05 4.350447422036021056e-03
2.236067929580414296e-02 1.539624964761899129e-04 -8.759286051727757628e-05 -2.179609026692994693e-05 4.350447422036021056e-03
2.236067929580414296e-02 1.539624964761899129e-04 -8.759286051727757628e-05 -2.179609026692994693e-05 4.350447422036021056e-03
2.236067929580414296e-02 1.539624964761899129e-04 -8.759286051727757628e-05 -2.179609026692994693e-05 4.350447422036021056e-03
2.236067929580414296e-02 1.539624964761899129e-04 -8.759286051727757628e-05 -2.179609026692994693e-05 4.350447422036021056e-03
2.236067929580414296e-02 1.539624964761899129e-04 -8.759286051727757628e-05 -2.179609026692994693e-05 4.350447422036021056e-03
2.236067929580414296e-02 1.539624964761899129e-04 -8.759286051727757628e-05 -2.179609026692994693e-05 4.350447422036021056e-03
2.236067929580414296e-02 1.539624964761899129e-04 -8.759286051727757628e-05 -2.179609026692994693e-05 4.350447422036021056e-03
2.236067929580414296e-02 1.539624964761899129e-04 -8.759286051727757628e-05 -2.179609026692994693e-05 4.350447422036021056e-03
2.236067929580414296e-02 1.539624964761899129e-04 -8.759286051727757628e-05 -2.179609026692994693e-05 4.350447422036021056e-03
2.236067929580414296e-02 1.539624964761899129e-04 -8.759286051727757628e-05 -2.179609026692994693e-05 4.350447422036021056e-03
2.236067929580414296e-02 1.539624964761899129e-04 -8.759286051727757628e-05 -2.179609026692994693e-05 4.350447422036021056e-03
2.236067929580414296e-02 1.539624964761899129e-04 -8.759286051727757628e-05 -2.179609026692994693e-05 4.350447422036021056e-03
2.236067929580414296e-02 1.539624964761899129e-04 -8.759286051727757628e-05 -2.179609026692994693e-05 4.350447422036021056e-03
2.236067929580414296e-02 1.539624964761899129e-04 -8.759286051727757628e-05 -2.179609026692994693e-05 4.350447422036021056e-03
2.236067929580414296e-02 1.539624964761899129e-04 -8.759286051727757628e-05 -2.179609026692994693e-05 4.350447422036021056e-03
2.236067929580414296e-02 1.539624964761899129e-04 -8.759286051727757628e-05 -2.179609026692994693e-05 4.350447422036021056e-03
2.236067929580414296e-02 1.539624964761899129e-04 -8.759286051727757628e-05 -2.179609026692994693e-05 4.350447422036021056e-03
2.236067929580414296e-02 1.539624964761899129e-04 -8.759286051727757628e-05 -2.179609026692994693e-05 4.350447422036021056e-03
2.236067929580414296e-02 1.539624964761899129e-04 -8.759286051727757628e-05 -2.179609026692994693e-05 4.350447422036021056e-03
2.236067929580414296e-02 1.539624964761899129e-04 -8.759286051727757628e-05 -2.179609026692994693e-05 4.350447422036021056e-03
2.236067929580414296e-02 1.539624964761899129e-04 -8.759286051727757628e-05 -2.179609026692994693e-05 4.350447422036021056e-03
2.236067929580414296e-02 1.539624964761899129e-04 -8.759286051727757628e-05 -2.179609026692994693e-05 4.350447422036021056e-03
2.236067929580414296e-02 1.539624964761899129e-04 -8.759286051727757628e-05 -2.179609026692994693e-05 4.350447422036021056e-03
2.236067929580414296e-02 1.539624964761899129e-04 -8.759286051727757628e-05 -2.179609026692994693e-05 4.350447422036021056e-03
2.236067929580414296e-02 1.539624964761899129e-04 -8.759286051727757628e-05 -2.179609026692994693e-05 4.350447422036021056e-03
2.236067929580414296e-02 1.539624964761899129e-04 -8.759286051727757628e-05 -2.179609026692994693e-05 4.350447422036021056e-03
2.236067929580414296e-02 1.539624964761899129e-04 -8.759286051727757628e-05 -2.179609026692994693e-05 4.350447422036021056e-03
2.236067929580414296e-02 1.539624964761899129e-04 -8.759286051727757628e-05 -2.179609026692994693e-05 4.350447422036021056e-03
2.236067929580414296e-02 1.539624964761899129e-04 -8.759286051727757628e-05 -2.179609026692994693e-05 4.350447422036021056e-03
2.236067929580414296e-02 1.539624964761899129e-04 -8.759286051727757628e-05 -2.179609026692994693e-05 4.350447422036021056e-03
2.236067929580414296e-02 1.539624964761899129e-04 -8.759286051727757628e-05 -2.179609026692994693e-05 4.350447422036021056e-03
2.236067929580414296e-02 1.539624964761899129e-04 -8.759286051727757628e-05 -2.179609026692994693e-05 4.350447422036021056e-03
2.236067929580414296e-02 1.539624964761899129e-04 -8.759286051727757628e-05 -2.179609026692994693e-05 4.350447422036021056e-03
2.236067929580414296e-02 1.539624964761899129e-04 -8.759286051727757628e-05 -2.179609026692994693e-05 4.350447422036021056e-03
2.236067929580414296e-02 1.539624964761899129e-04 -8.759286051727757628e-05 -2.179609026692994693e-05 4.350447422036021056e-03
2.236067929580414296e-02 1.539624964761899129e-04 -8.759286051727757628e-05 -2.179609026692994693e-05 4.350447422036021056e-03
2.236067929580414296e-02 1.539624964761899129e-04 -8.759286051727757628e-05 -2.179609026692994693e-05 4.350447422036021056e-03
2.236067929580414296e-02 1.539624964761899129e-04 -8.759286051727757628e-05 -2.179609026692994693e-05 4.350447422036021056e-03
2.236067929580414296e-02 1.539624964761899129e-04 -8.759286051727757628e-05 -2.179609026692994693e-05 4.350447422036021056e-03
2.236067929580414296e-02 1.539624964761899129e-04 -8.759286051727757628e-05 -2.179609026692994693e-05 4.350447422036021056e-03
2.236067929580414296e-02 1.539624964761899129e-04 -8.759286051727757628e-05 -2.179609026692994693e-05 4.350447422036021056e-03
2.236067929580414296e-02 1.539624964761899129e-04 -8.759286051727757628e-05 -2.179609026692994693e-05 4.350447422036021056e-03
2.236067929580414296e-02 1.539624964761899129e-04 -8.759286051727757628e-05 -2.179609026692994693e-05 4.350447422036021056e-03
2.236067929580414296e-02 1.539624964761899129e-04 -8.759286051727757628e-05 -2.179609026692994693e-05 4.350447422036021056e-03
2.236067929580414296e-02 1.539624964761899129e-04 -8.759286051727757628e-05 -2.179609026692994693e-05 4.350447422036021056e-03
2.236067929580414296e-02 1.539624964761899129e-04 -8.759286051727757628e-05 -2.179609026692994693e-05 4.350447422036021056e-03
2.236067929580414296e-02 1.539624964761899129e-04 -8.759286051727757628e-05 -2.179609026692994693e-05 4.350447422036021056e-03
2.236067929580414296e-02 1.539624964761899129e-04 -8.759286051727757628e-05 -2.179609026692994693e-05 4.350447422036021056e-03
2.236067929580414296e-02 1.539624964761899129e-04 -8.759286051727757628e-05 -2.179609026692994693e-05 4.350447422036021056e-03
2.236067929580414296e-02 1.539624964761899129e-04 -8.759286051727757628e-05 -2.179609026692994693e-05 4.350447422036021056e-03
2.236067929580414296e-02 1.539624964761899129e-04 -8.759286051727757628e-05 -2.179609026692994693e-05 4.350447422036021056e-03
2.236067929580414296e-02 1.539624964761899129e-04 -8.759286051727757628e-05 -2.179609026692994693e-05 4.350447422036021056e-03
2.236067929580414296e-02 1.539624964761899129e-04 -8.759286051727757628e-05 -2.179609026692994693e-05 4.350447422036021056e-03
2.236067929580414296e-02 1.539624964761899129e-04 -8.759286051727757628e-05 -2.179609026692994693e-05 4.350447422036021056e-03
2.236067929580414296e-02 1.539624964761899129e-04 -8.759286051727757628e-05 -2.179609026692994693e-05 4.350447422036021056e-03
2.236067929580414296e-02 1.539624964761899129e-04 -8.759286051727757628e-05 -2.179609026692994693e-05 4.350447422036021056e-03
2.236067929580414296e-02 1.539624964761899129e-04 -8.759286051727757628e-05 -2.179609026692994693e-05 4.350447422036021056e-03
2.236067929580414296e-02 1.539624964761899129e-04 -8.759286051727757628e-05 -2.179609026692994693e-05 4.350447422036021056e-03
2.236067929580414296e-02 1.539624964761899129e-04 -8.759286051727757628e-05 -2.179609026692994693e-05 4.350447422036021056e-03
2.236067929580414296e-02 1.539624964761899129e-04 -8.759286051727757628e-05 -2.179609026692994693e-05 4.350447422036021056e-03
2.236067929580414296e-02 1.539624964761899129e-04 -8.759286051727757628e-05 -2.179609026692994693e-05 4.350447422036021056e-03
2.236067929580414296e-02 1.539624964761899129e-04 -8.759286051727757628e-05 -2.179609026692994693e-05 4.350447422036021056e-03
2.236067929580414296e-02 1.539624964761899129e-04 -8.759286051727757628e-05 -2.179609026692994693e-05 4.350447422036021056e-03
2.236067929580414296e-02 1.539624964761899129e-04 -8.759286051727757628e-05 -2.179609026692994693e-05 4.350447422036021056e-03
2.236067929580414296e-02 1.539624964761899129e-04 -8.759286051727757628e-05 -2.179609026692994693e-05 4.350447422036021056e-03
2.236067929580414296e-02 1.539624964761899129e-04 -8.759286051727757628e-05 -2.179609026692994693e-05 4.350447422036021056e-03
2.236067929580414296e-02 1.539624964761899129e-04 -8.759286051727757628e-05 -2.179609026692994693e-05 4.350447422036021056e-03
2.236067929580414296e-02 1.539624964761899129e-04 -8.759286051727757628e-05 -2.179609026692994693e-05 4.350447422036021056e-03
2.236067929580414296e-02 1.539624964761899129e-04 -8.759286051727757628e-05 -2.179609026692994693e-05 4.350447422036021056e-03
2.236067929580414296e-02 1.539624964761899129e-04 -8.759286051727757628e-05 -2.179609026692994693e-05 4.350447422036021056e-03
2.236067929580414296e-02 1.539624964761899129e-04 -8.759286051727757628e-05 -2.179609026692994693e-05 4.350447422036021056e-03
2.236067929580414296e-02 1.539624964761899129e-04 -8.759286051727757628e-05 -2.179609026692994693e-05 4.350447422036021056e-03
2.236067929580414296e-02 1.539624964761899129e-04 -8.759286051727757628e-05 -2.179609026692994693e-05 4.350447422036021056e-03
2.236067929580414296e-02 1.539624964761899129e-04 -8.759286051727757628e-05 -2.179609026692994693e-05 4.350447422036021056e-03
2.236067929580414296e-02 1.539624964761899129e-04 -8.759286051727757628e-05 -2.179609026692994693e-05 4.350447422036021056e-03
2.236067929580414296e-02 1.539624964761899129e-04 -8.759286051727757628e-05 -2.179609026692994693e-05 4.350447422036021056e-03
2.236067929580414296e-02 1.539624964761899129e-04 -8.759286051727757628e-05 -2.179609026692994693e-05 4.350447422036021056e-03
2.236067929580414296e-02 1.539624964761899129e-04 -8.759286051727757628e-05 -2.179609026692994693e-05 4.350447422036021056e-03
2.236067929580414296e-02 1.539624964761899129e-04 -8.759286051727757628e-05 -2.179609026692994693e-05 4.350447422036021056e-03
2.236067929580414296e-02 1.539624964761899129e-04 -8.759286051727757628e-05 -2.179609026692994693e-05 4.350447422036021056e-03
2.236067929580414296e-02 1.539624964761899129e-04 -8.759286051727757628e-05 -2.179609026692994693e-05 4.350447422036021056e-03
2.236067929580414296e-02 1.539624964761899129e-04 -8.759286051727757628e-05 -2.179609026692994693e-05 4.350447422036021056e-03
2.236067929580414296e-02 1.539624964761899129e-04 -8.759286051727757628e-05 -2.179609026692994693e-05 4.350447422036021056e-03
2.236067929580414296e-02 1.539624964761899129e-04 -8.759286051727757628e-05 -2.179609026692994693e-05 4.350447422036021056e-03
2.236067929580414296e-02 1.539624964761899129e-04 -8.759286051727757628e-05 -2.179609026692994693e-05 4.350447422036021056e-03
2.236067929580414296e-02 1.539624964761899129e-04 -8.759286051727757628e-05 -2.179609026692994693e-05 4.350447422036021056e-03
2.236067929580414296e-02 1.539624964761899129e-04 -8.759286051727757628e-05 -2.179609026692994693e-05 4.350447422036021056e-03
2.236067929580414296e-02 1.539624964761899129e-04 -8.759286051727757628e-05 -2.179609026692994693e-05 4.350447422036021056e-03
2.236067929580414296e-02 1.539624964761899129e-04 -8.759286051727757628e-05 -2.179609026692994693e-05 4.350447422036021056e-03
2.236067929580414296e-02 1.539624964761899129e-04 -8.759286051727757628e-05 -2.179609026692994693e-05 4.350447422036021056e-03
2.236067929580414296e-02 1.539624964761899129e-04 -8.759286051727757628e-05 -2.179609026692994693e-05 4.350447422036021056e-03
2.236067929580414296e-02 1.539624964761899129e-04 -8.759286051727757628e-05 -2.179609026692994693e-05 4.350447422036021056e-03
2.236067929580414296e-02 1.539624964761899129e-04 -8.759286051727757628e-05 -2.179609026692994693e-05 4.350447422036021056e-03
2.236067929580414296e-02 1.539624964761899129e-04 -8.759286051727757628e-05 -2.179609026692994693e-05 4.350447422036021056e-03
2.236067929580414296e-02 1.539624964761899129e-04 -8.759286051727757628e-05 -2.179609026692994693e-05 4.350447422036021056e-03
2.236067929580414296e-02 1.539624964761899129e-04 -8.759286051727757628e-05 -2.179609026692994693e-05 4.350447422036021056e-03
2.236067929580414296e-02 1.539624964761899129e-04 -8.759286051727757628e-05 -2.179609026692994693e-05 4.350447422036021056e-03
2.236067929580414296e-02 1.539624964761899129e-04 -8.759286051727757628e-05 -2.179609026692994693e-05 4.350447422036021056e-03
2.236067929580414296e-02 1.539624964761899129e-04 -8.759286051727757628e-05 -2.179609026692994693e-05 4.350447422036021056e-03
2.236067929580414296e-02 1.539624964761899129e-04 -8.759286051727757628e-05 -2.179609026692994693e-05 4.350447422036021056e-03
2.236067929580414296e-02 1.539624964761899129e-04 -8.759286051727757628e-05 -2.179609026692994693e-05 4.350447422036021056e-03
2.236067929580414296e-02 1.539624964761899129e-04 -8.759286051727757628e-05 -2.179609026692994693e-05 4.350447422036021056e-03
2.236067929580414296e-02 1.539624964761899129e-04 -8.759286051727757628e-05 -2.179609026692994693e-05 4.350447422036021056e-03
2.236067929580414296e-02 1.539624964761899129e-04 -8.759286051727757628e-05 -2.179609026692994693e-05 4.350447422036021056e-03
2.236067929580414296e-02 1.539624964761899129e-04 -8.759286051727757628e-05 -2.179609026692994693e-05 4.350447422036021056e-03
2.236067929580414296e-02 1.539624964761899129e-04 -8.759286051727757628e-05 -2.179609026692994693e-05 4.350447422036021056e-03
2.236067929580414296e-02 1.539624964761899129e-04 -8.759286051727757628e-05 -2.179609026692994693e-05 4.350447422036021056e-03
2.236067929580414296e-02 1.539624964761899129e-04 -8.759286051727757628e-05 -2.179609026692994693e-05 4.350447422036021056e-03
2.236067929580414296e-02 1.539624964761899129e-04 -8.759286051727757628e-05 -2.179609026692994693e-05 4.350447422036021056e-03
2.236067929580414296e-02 1.539624964761899129e-04 -8.759286051727757628e-05 -2.179609026692994693e-05 4.350447422036021056e-03
2.236067929580414296e-02 1.539624964761899129e-04 -8.759286051727757628e-05 -2.179609026692994693e-05 4.350447422036021056e-03
2.236067929580414296e-02 1.539624964761899129e-04 -8.759286051727757628e-05 -2.179609026692994693e-05 4.350447422036021056e-03
2.236067929580414296e-02 1.539624964761899129e-04 -8.759286051727757628e-05 -2.179609026692994693e-05 4.350447422036021056e-03
2.236067929580414296e-02 1.539624964761899129e-04 -8.759286051727757628e-05 -2.179609026692994693e-05 4.350447422036021056e-03
2.236067929580414296e-02 1.539624964761899129e-04 -8.759286051727757628e-05 -2.179609026692994693e-05 4.350447422036021056e-03
2.236067929580414296e-02 1.539624964761899129e-04 -8.759286051727757628e-05 -2.179609026692994693e-05 4.350447422036021056e-03
2.236067929580414296e-02 1.539624964761899129e-04 -8.759286051727757628e-05 -2.179609026692994693e-05 4.350447422036021056e-03
2.236067929580414296e-02 1.539624964761899129e-04 -8.759286051727757628e-05 -2.179609026692994693e-05 4.350447422036021056e-03
2.236067929580414296e-02 1.539624964761899129e-04 -8.759286051727757628e-05 -2.179609026692994693e-05 4.350447422036021056e-03
2.236067929580414296e-02 1.539624964761899129e-04 -8.759286051727757628e-05 -2.179609026692994693e-05 4.350447422036021056e-03
2.236067929580414296e-02 1.539624964761899129e-04 -8.759286051727757628e-05 -2.179609026692994693e-05 4.350447422036021056e-03
2.236067929580414296e-02 1.539624964761899129e-04 -8.759286051727757628e-05 -2.179609026692994693e-05 4.350447422036021056e-03
2.236067929580414296e-02 1.539624964761899129e-04 -8.759286051727757628e-05 -2.179609026692994693e-05 4.350447422036021056e-03
2.236067929580414296e-02 1.539624964761899129e-04 -8.759286051727757628e-05 -2.179609026692994693e-05 4.350447422036021056e-03
2.236067929580414296e-02 1.539624964761899129e-04 -8.759286051727757628e-05 -2.179609026692994693e-05 4.350447422036021056e-03
2.236067929580414296e-02 1.539624964761899129e-04 -8.759286051727757628e-05 -2.179609026692994693e-05 4.350447422036021056e-03
2.236067929580414296e-02 1.539624964761899129e-04 -8.759286051727757628e-05 -2.179609026692994693e-05 4.350447422036021056e-03
2.236067929580414296e-02 1.539624964761899129e-04 -8.759286051727757628e-05 -2.179609026692994693e-05 4.350447422036021056e-03
2.236067929580414296e-02 1.539624964761899129e-04 -8.759286051727757628e-05 -2.179609026692994693e-05 4.350447422036021056e-03
2.236067929580414296e-02 1.539624964761899129e-04 -8.759286051727757628e-05 -2.179609026692994693e-05 4.350447422036021056e-03
2.236067929580414296e-02 1.539624964761899129e-04 -8.759286051727757628e-05 -2.179609026692994693e-05 4.350447422036021056e-03
2.236067929580414296e-02 1.539624964761899129e-04 -8.759286051727757628e-05 -2.179609026692994693e-05 4.350447422036021056e-03
2.236067929580414296e-02 1.539624964761899129e-04 -8.759286051727757628e-05 -2.179609026692994693e-05 4.350447422036021056e-03
2.236067929580414296e-02 1.539624964761899129e-04 -8.759286051727757628e-05 -2.179609026692994693e-05 4.350447422036021056e-03
2.236067929580414296e-02 1.539624964761899129e-04 -8.759286051727757628e-05 -2.179609026692994693e-05 4.350447422036021056e-03
2.236067929580414296e-02 1.539624964761899129e-04 -8.759286051727757628e-05 -2.179609026692994693e-05 4.350447422036021056e-03
2.236067929580414296e-02 1.539624964761899129e-04 -8.759286051727757628e-05 -2.179609026692994693e-05 4.350447422036021056e-03
2.236067929580414296e-02 1.539624964761899129e-04 -8.759286051727757628e-05 -2.179609026692994693e-05 4.350447422036021056e-03
2.236067929580414296e-02 1.539624964761899129e-04 -8.759286051727757628e-05 -2.179609026692994693e-05 4.350447422036021056e-03
2.236067929580414296e-02 1.539624964761899129e-04 -8.759286051727757628e-05 -2.179609026692994693e-05 4.350447422036021056e-03
2.236067929580414296e-02 1.539624964761899129e-04 -8.759286051727757628e-05 -2.179609026692994693e-05 4.350447422036021056e-03
2.236067929580414296e-02 1.539624964761899129e-04 -8.759286051727757628e-05 -2.179609026692994693e-05 4.350447422036021056e-03
2.236067929580414296e-02 1.539624964761899129e-04 -8.759286051727757628e-05 -2.179609026692994693e-05 4.350447422036021056e-03
2.236067929580414296e-02 1.539624964761899129e-04 -8.759286051727757628e-05 -2.179609026692994693e-05 4.350447422036021056e-03
2.236067929580414296e-02 1.539624964761899129e-04 -8.759286051727757628e-05 -2.179609026692994693e-05 4.350447422036021056e-03
2.236067929580414296e-02 1.539624964761899129e-04 -8.759286051727757628e-05 -2.179609026692994693e-05 4.350447422036021056e-03
2.236067929580414296e-02 1.539624964761899129e-04 -8.759286051727757628e-05 -2.179609026692994693e-05 4.350447422036021056e-03
2.236067929580414296e-02 1.539624964761899129e-04 -8.759286051727757628e-05 -2.179609026692994693e-05 4.350447422036021056e-03
2.236067929580414296e-02 1.539624964761899129e-04 -8.759286051727757628e-05 -2.179609026692994693e-05 4.350447422036021056e-03
2.236067929580414296e-02 1.539624964761899129e-04 -8.759286051727757628e-05 -2.179609026692994693e-05 4.350447422036021056e-03
2.236067929580414296e-02 1.539624964761899129e-04 -8.759286051727757628e-05 -2.179609026692994693e-05 4.350447422036021056e-03
2.236067929580414296e-02 1.539624964761899129e-04 -8.759286051727757628e-05 -2.179609026692994693e-05 4.350447422036021056e-03
2.236067929580414296e-02 1.539624964761899129e-04 -8.759286051727757628e-05 -2.179609026692994693e-05 4.350447422036021056e-03
2.236067929580414296e-02 1.539624964761899129e-04 -8.759286051727757628e-05 -2.179609026692994693e-05 4.350447422036021056e-03
2.236067929580414296e-02 1.539624964761899129e-04 -8.759286051727757628e-05 -2.179609026692994693e-05 4.350447422036021056e-03
2.236067929580414296e-02 1.539624964761899129e-04 -8.759286051727757628e-05 -2.179609026692994693e-05 4.350447422036021056e-03
2.236067929580414296e-02 1.539624964761899129e-04 -8.759286051727757628e-05 -2.179609026692994693e-05 4.350447422036021056e-03
2.236067929580414296e-02 1.539624964761899129e-04 -8.759286051727757628e-05 -2.179609026692994693e-05 4.350447422036021056e-03
2.236067929580414296e-02 1.539624964761899129e-04 -8.759286051727757628e-05 -2.179609026692994693e-05 4.350447422036021056e-03
2.236067929580414296e-02 1.539624964761899129e-04 -8.759286051727757628e-05 -2.179609026692994693e-05 4.350447422036021056e-03
2.236067929580414296e-02 1.539624964761899129e-04 -8.759286051727757628e-05 -2.179609026692994693e-05 4.350447422036021056e-03
2.236067929580414296e-02 1.539624964761899129e-04 -8.759286051727757628e-05 -2.179609026692994693e-05 4.350447422036021056e-03
2.236067929580414296e-02 1.539624964761899129e-04 -8.759286051727757628e-05 -2.179609026692994693e-05 4.350447422036021056e-03
2.236067929580414296e-02 1.539624964761899129e-04 -8.759286051727757628e-05 -2.179609026692994693e-05 4.350447422036021056e-03
2.236067929580414296e-02 1.539624964761899129e-04 -8.759286051727757628e-05 -2.179609026692994693e-05 4.350447422036021056e-03
2.236067929580414296e-02 1.539624964761899129e-04 -8.759286051727757628e-05 -2.179609026692994693e-05 4.350447422036021056e-03
2.236067929580414296e-02 1.539624964761899129e-04 -8.759286051727757628e-05 -2.179609026692994693e-05 4.350447422036021056e-03
2.236067929580414296e-02 1.539624964761899129e-04 -8.759286051727757628e-05 -2.179609026692994693e-05 4.350447422036021056e-03
2.236067929580414296e-02 1.539624964761899129e-04 -8.759286051727757628e-05 -2.179609026692994693e-05 4.350447422036021056e-03
2.236067929580414296e-02 1.539624964761899129e-04 -8.759286051727757628e-05 -2.179609026692994693e-05 4.350447422036021056e-03
2.236067929580414296e-02 1.539624964761899129e-04 -8.759286051727757628e-05 -2.179609026692994693e-05 4.350447422036021056e-03
2.236067929580414296e-02 1.539624964761899129e-04 -8.759286051727757628e-05 -2.179609026692994693e-05 4.350447422036021056e-03
2.236067929580414296e-02 1.539624964761899129e-04 -8.759286051727757628e-05 -2.179609026692994693e-05 4.350447422036021056e-03
2.236067929580414296e-02 1.539624964761899129e-04 -8.759286051727757628e-05 -2.179609026692994693e-05 4.350447422036021056e-03
2.236067929580414296e-02 1.539624964761899129e-04 -8.759286051727757628e-05 -2.179609026692994693e-05 4.350447422036021056e-03
2.236067929580414296e-02 1.539624964761899129e-04 -8.759286051727757628e-05 -2.179609026692994693e-05 4.350447422036021056e-03
2.236067929580414296e-02 1.539624964761899129e-04 -8.759286051727757628e-05 -2.179609026692994693e-05 4.350447422036021056e-03
2.236067929580414296e-02 1.539624964761899129e-04 -8.759286051727757628e-05 -2.179609026692994693e-05 4.350447422036021056e-03
2.236067929580414296e-02 1.539624964761899129e-04 -8.759286051727757628e-05 -2.179609026692994693e-05 4.350447422036021056e-03
2.236067929580414296e-02 1.539624964761899129e-04 -8.759286051727757628e-05 -2.179609026692994693e-05 4.350447422036021056e-03
2.236067929580414296e-02 1.539624964761899129e-04 -8.759286051727757628e-05 -2.179609026692994693e-05 4.350447422036021056e-03
2.236067929580414296e-02 1.539624964761899129e-04 -8.759286051727757628e-05 -2.179609026692994693e-05 4.350447422036021056e-03
2.236067929580414296e-02 1.539624964761899129e-04 -8.759286051727757628e-05 -2.179609026692994693e-05 4.350447422036021056e-03
2.236067929580414296e-02 1.539624964761899129e-04 -8.759286051727757628e-05 -2.179609026692994693e-05 4.350447422036021056e-03
2.236067929580414296e-02 1.539624964761899129e-04 -8.759286051727757628e-05 -2.179609026692994693e-05 4.350447422036021056e-03
2.236067929580414296e-02 1.539624964761899129e-04 -8.759286051727757628e-05 -2.179609026692994693e-05 4.350447422036021056e-03
2.236067929580414296e-02 1.539624964761899129e-04 -8.759286051727757628e-05 -2.179609026692994693e-05 4.350447422036021056e-03
2.236067929580414296e-02 1.539624964761899129e-04 -8.759286051727757628e-05 -2.179609026692994693e-05 4.350447422036021056e-03
2.236067929580414296e-02 1.539624964761899129e-04 -8.759286051727757628e-05 -2.179609026692994693e-05 4.350447422036021056e-03
2.236067929580414296e-02 1.539624964761899129e-04 -8.759286051727757628e-05 -2.179609026692994693e-05 4.350447422036021056e-03
2.236067929580414296e-02 1.539624964761899129e-04 -8.759286051727757628e-05 -2.179609026692994693e-05 4.350447422036021056e-03
2.236067929580414296e-02 1.539624964761899129e-04 -8.759286051727757628e-05 -2.179609026692994693e-05 4.350447422036021056e-03
2.236067929580414296e-02 1.539624964761899129e-04 -8.759286051727757628e-05 -2.179609026692994693e-05 4.350447422036021056e-03
2.236067929580414296e-02 1.539624964761899129e-04 -8.759286051727757628e-05 -2.179609026692994693e-05 4.350447422036021056e-03
2.236067929580414296e-02 1.539624964761899129e-04 -8.759286051727757628e-05 -2.179609026692994693e-05 4.350447422036021056e-03
2.236067929580414296e-02 1.539624964761899129e-04 -8.759286051727757628e-05 -2.179609026692994693e-05 4.350447422036021056e-03
2.236067929580414296e-02 1.539624964761899129e-04 -8.759286051727757628e-05 -2.179609026692994693e-05 4.350447422036021056e-03
2.236067929580414296e-02 1.539624964761899129e-04 -8.759286051727757628e-05 -2.179609026692994693e-05 4.350447422036021056e-03
2.236067929580414296e-02 1.539624964761899129e-04 -8.759286051727757628e-05 -2.179609026692994693e-05 4.350447422036021056e-03
2.236067929580414296e-02 1.539624964761899129e-04 -8.759286051727757628e-05 -2.179609026692994693e-05 4.350447422036021056e-03
2.236067929580414296e-02 1.539624964761899129e-04 -8.759286051727757628e-05 -2.179609026692994693e-05 4.350447422036021056e-03
2.236067929580414296e-02 1.539624964761899129e-04 -8.759286051727757628e-05 -2.179609026692994693e-05 4.350447422036021056e-03
2.236067929580414296e-02 1.539624964761899129e-04 -8.759286051727757628e-05 -2.179609026692994693e-05 4.350447422036021056e-03
2.236067929580414296e-02 1.539624964761899129e-04 -8.759286051727757628e-05 -2.179609026692994693e-05 4.350447422036021056e-03
2.236067929580414296e-02 1.539624964761899129e-04 -8.759286051727757628e-05 -2.179609026692994693e-05 4.350447422036021056e-03
2.236067929580414296e-02 1.539624964761899129e-04 -8.759286051727757628e-05 -2.179609026692994693e-05 4.350447422036021056e-03
2.236067929580414296e-02 1.539624964761899129e-04 -8.759286051727757628e-05 -2.179609026692994693e-05 4.350447422036021056e-03
2.236067929580414296e-02 1.539624964761899129e-04 -8.759286051727757628e-05 -2.179609026692994693e-05 4.350447422036021056e-03
2.236067929580414296e-02 1.539624964761899129e-04 -8.759286051727757628e-05 -2.179609026692994693e-05 4.350447422036021056e-03
2.236067929580414296e-02 1.539624964761899129e-04 -8.759286051727757628e-05 -2.179609026692994693e-05 4.350447422036021056e-03
2.236067929580414296e-02 1.539624964761899129e-04 -8.759286051727757628e-05 -2.179609026692994693e-05 4.350447422036021056e-03
2.236067929580414296e-02 1.539624964761899129e-04 -8.759286051727757628e-05 -2.179609026692994693e-05 4.350447422036021056e-03
2.236067929580414296e-02 1.539624964761899129e-04 -8.759286051727757628e-05 -2.179609026692994693e-05 4.350447422036021056e-03
2.236067929580414296e-02 1.539624964761899129e-04 -8.759286051727757628e-05 -2.179609026692994693e-05 4.350447422036021056e-03
2.236067929580414296e-02 1.539624964761899129e-04 -8.759286051727757628e-05 -2.179609026692994693e-05 4.350447422036021056e-03
2.236067929580414296e-02 1.539624964761899129e-04 -8.759286051727757628e-05 -2.179609026692994693e-05 4.350447422036021056e-03
2.236067929580414296e-02 1.539624964761899129e-04 -8.759286051727757628e-05 -2.179609026692994693e-05 4.350447422036021056e-03
2.236067929580414296e-02 1.539624964761899129e-04 -8.759286051727757628e-05 -2.179609026692994693e-05 4.350447422036021056e-03
2.236067929580414296e-02 1.539624964761899129e-04 -8.759286051727757628e-05 -2.179609026692994693e-05 4.350447422036021056e-03
2.236067929580414296e-02 1.539624964761899129e-04 -8.759286051727757628e-05 -2.179609026692994693e-05 4.350447422036021056e-03
2.236067929580414296e-02 1.539624964761899129e-04 -8.759286051727757628e-05 -2.179609026692994693e-05 4.350447422036021056e-03
2.236067929580414296e-02 1.539624964761899129e-04 -8.759286051727757628e-05 -2.179609026692994693e-05 4.350447422036021056e-03
2.236067929580414296e-02 1.539624964761899129e-04 -8.759286051727757628e-05 -2.179609026692994693e-05 4.350447422036021056e-03
2.236067929580414296e-02 1.539624964761899129e-04 -8.759286051727757628e-05 -2.179609026692994693e-05 4.350447422036021056e-03
2.236067929580414296e-02 1.539624964761899129e-04 -8.759286051727757628e-05 -2.179609026692994693e-05 4.350447422036021056e-03
2.236067929580414296e-02 1.539624964761899129e-04 -8.759286051727757628e-05 -2.179609026692994693e-05 4.350447422036021056e-03
2.236067929580414296e-02 1.539624964761899129e-04 -8.759286051727757628e-05 -2.179609026692994693e-05 4.350447422036021056e-03
2.236067929580414296e-02 1.539624964761899129e-04 -8.759286051727757628e-05 -2.179609026692994693e-05 4.350447422036021056e-03
2.236067929580414296e-02 1.539624964761899129e-04 -8.759286051727757628e-05 -2.179609026692994693e-05 4.350447422036021056e-03
2.236067929580414296e-02 1.539624964761899129e-04 -8.759286051727757628e-05 -2.179609026692994693e-05 4.350447422036021056e-03
2.236067929580414296e-02 1.539624964761899129e-04 -8.759286051727757628e-05 -2.179609026692994693e-05 4.350447422036021056e-03
2.236067929580414296e-02 1.539624964761899129e-04 -8.759286051727757628e-05 -2.179609026692994693e-05 4.350447422036021056e-03
2.236067929580414296e-02 1.539624964761899129e-04 -8.759286051727757628e-05 -2.179609026692994693e-05 4.350447422036021056e-03
2.236067929580414296e-02 1.539624964761899129e-04 -8.759286051727757628e-05 -2.179609026692994693e-05 4.350447422036021056e-03
2.236067929580414296e-02 1.539624964761899129e-04 -8.759286051727757628e-05 -2.179609026692994693e-05 4.350447422036021056e-03
2.236067929580414296e-02 1.539624964761899129e-04 -8.759286051727757628e-05 -2.179609026692994693e-05 4.350447422036021056e-03
2.236067929580414296e-02 1.539624964761899129e-04 -8.759286051727757628e-05 -2.179609026692994693e-05 4.350447422036021056e-03
2.236067929580414296e-02 1.539624964761899129e-04 -8.759286051727757628e-05 -2.179609026692994693e-05 4.350447422036021056e-03
2.236067929580414296e-02 1.539624964761899129e-04 -8.759286051727757628e-05 -2.179609026692994693e-05 4.350447422036021056e-03
2.236067929580414296e-02 1.539624964761899129e-04 -8.759286051727757628e-05 -2.179609026692994693e-05 4.350447422036021056e-03
2.236067929580414296e-02 1.539624964761899129e-04 -8.759286051727757628e-05 -2.179609026692994693e-05 4.350447422036021056e-03
2.236067929580414296e-02 1.539624964761899129e-04 -8.759286051727757628e-05 -2.179609026692994693e-05 4.350447422036021056e-03
2.236067929580414296e-02 1.539624964761899129e-04 -8.759286051727757628e-05 -2.179609026692994693e-05 4.350447422036021056e-03
2.236067929580414296e-02 1.539624964761899129e-04 -8.759286051727757628e-05 -2.179609026692994693e-05 4.350447422036021056e-03
2.236067929580414296e-02 1.539624964761899129e-04 -8.759286051727757628e-05 -2.179609026692994693e-05 4.350447422036021056e-03
2.236067929580414296e-02 1.539624964761899129e-04 -8.759286051727757628e-05 -2.179609026692994693e-05 4.350447422036021056e-03
2.236067929580414296e-02 1.539624964761899129e-04 -8.759286051727757628e-05 -2.179609026692994693e-05 4.350447422036021056e-03
2.236067929580414296e-02 1.539624964761899129e-04 -8.759286051727757628e-05 -2.179609026692994693e-05 4.350447422036021056e-03
2.236067929580414296e-02 1.539624964761899129e-04 -8.759286051727757628e-05 -2.179609026692994693e-05 4.350447422036021056e-03
2.236067929580414296e-02 1.539624964761899129e-04 -8.759286051727757628e-05 -2.179609026692994693e-05 4.350447422036021056e-03
2.236067929580414296e-02 1.539624964761899129e-04 -8.759286051727757628e-05 -2.179609026692994693e-05 4.350447422036021056e-03
2.236067929580414296e-02 1.539624964761899129e-04 -8.759286051727757628e-05 -2.179609026692994693e-05 4.350447422036021056e-03
2.236067929580414296e-02 1.539624964761899129e-04 -8.759286051727757628e-05 -2.179609026692994693e-05 4.350447422036021056e-03
2.236067929580414296e-02 1.539624964761899129e-04 -8.759286051727757628e-05 -2.179609026692994693e-05 4.350447422036021056e-03
2.236067929580414296e-02 1.539624964761899129e-04 -8.759286051727757628e-05 -2.179609026692994693e-05 4.350447422036021056e-03
2.236067929580414296e-02 1.539624964761899129e-04 -8.759286051727757628e-05 -2.179609026692994693e-05 4.350447422036021056e-03
2.236067929580414296e-02 1.539624964761899129e-04 -8.759286051727757628e-05 -2.179609026692994693e-05 4.350447422036021056e-03
2.236067929580414296e-02 1.539624964761899129e-04 -8.759286051727757628e-05 -2.179609026692994693e-05 4.350447422036021056e-03
2.236067929580414296e-02 1.539624964761899129e-04 -8.759286051727757628e-05 -2.179609026692994693e-05 4.350447422036021056e-03
2.236067929580414296e-02 1.539624964761899129e-04 -8.759286051727757628e-05 -2.179609026692994693e-05 4.350447422036021056e-03
2.236067929580414296e-02 1.539624964761899129e-04 -8.759286051727757628e-05 -2.179609026692994693e-05 4.350447422036021056e-03
2.236067929580414296e-02 1.539624964761899129e-04 -8.759286051727757628e-05 -2.179609026692994693e-05 4.350447422036021056e-03
2.236067929580414296e-02 1.539624964761899129e-04 -8.759286051727757628e-05 -2.179609026692994693e-05 4.350447422036021056e-03
2.236067929580414296e-02 1.539624964761899129e-04 -8.759286051727757628e-05 -2.179609026692994693e-05 4.350447422036021056e-03
2.236067929580414296e-02 1.539624964761899129e-04 -8.759286051727757628e-05 -2.179609026692994693e-05 4.350447422036021056e-03
2.236067929580414296e-02 1.539624964761899129e-04 -8.759286051727757628e-05 -2.179609026692994693e-05 4.350447422036021056e-03
2.236067929580414296e-02 1.539624964761899129e-04 -8.759286051727757628e-05 -2.179609026692994693e-05 4.350447422036021056e-03
2.236067929580414296e-02 1.539624964761899129e-04 -8.759286051727757628e-05 -2.179609026692994693e-05 4.350447422036021056e-03
2.236067929580414296e-02 1.539624964761899129e-04 -8.759286051727757628e-05 -2.179609026692994693e-05 4.350447422036021056e-03
2.236067929580414296e-02 1.539624964761899129e-04 -8.759286051727757628e-05 -2.179609026692994693e-05 4.350447422036021056e-03
2.236067929580414296e-02 1.539624964761899129e-04 -8.759286051727757628e-05 -2.179609026692994693e-05 4.350447422036021056e-03
2.236067929580414296e-02 1.539624964761899129e-04 -8.759286051727757628e-05 -2.179609026692994693e-05 4.350447422036021056e-03
2.236067929580414296e-02 1.539624964761899129e-04 -8.759286051727757628e-05 -2.179609026692994693e-05 4.350447422036021056e-03
2.236067929580414296e-02 1.539624964761899129e-04 -8.759286051727757628e-05 -2.179609026692994693e-05 4.350447422036021056e-03
2.236067929580414296e-02 1.539624964761899129e-04 -8.759286051727757628e-05 -2.179609026692994693e-05 4.350447422036021056e-03
2.236067929580414296e-02 1.539624964761899129e-04 -8.759286051727757628e-05 -2.179609026692994693e-05 4.350447422036021056e-03
2.236067929580414296e-02 1.539624964761899129e-04 -8.759286051727757628e-05 -2.179609026692994693e-05 4.350447422036021056e-03
2.236067929580414296e-02 1.539624964761899129e-04 -8.759286051727757628e-05 -2.179609026692994693e-05 4.350447422036021056e-03
2.236067929580414296e-02 1.539624964761899129e-04 -8.759286051727757628e-05 -2.179609026692994693e-05 4.350447422036021056e-03
2.236067929580414296e-02 1.539624964761899129e-04 -8.759286051727757628e-05 -2.179609026692994693e-05 4.350447422036021056e-03
2.236067929580414296e-02 1.539624964761899129e-04 -8.759286051727757628e-05 -2.179609026692994693e-05 4.350447422036021056e-03
2.236067929580414296e-02 1.539624964761899129e-04 -8.759286051727757628e-05 -2.179609026692994693e-05 4.350447422036021056e-03
2.236067929580414296e-02 1.539624964761899129e-04 -8.759286051727757628e-05 -2.179609026692994693e-05 4.350447422036021056e-03
2.236067929580414296e-02 1.539624964761899129e-04 -8.759286051727757628e-05 -2.179609026692994693e-05 4.350447422036021056e-03
2.236067929580414296e-02 1.539624964761899129e-04 -8.759286051727757628e-05 -2.179609026692994693e-05 4.350447422036021056e-03
2.236067929580414296e-02 1.539624964761899129e-04 -8.759286051727757628e-05 -2.179609026692994693e-05 4.350447422036021056e-03
2.236067929580414296e-02 1.539624964761899129e-04 -8.759286051727757628e-05 -2.179609026692994693e-05 4.350447422036021056e-03
2.236067929580414296e-02 1.539624964761899129e-04 -8.759286051727757628e-05 -2.179609026692994693e-05 4.350447422036021056e-03
2.236067929580414296e-02 1.539624964761899129e-04 -8.759286051727757628e-05 -2.179609026692994693e-05 4.350447422036021056e-03
2.236067929580414296e-02 1.539624964761899129e-04 -8.759286051727757628e-05 -2.179609026692994693e-05 4.350447422036021056e-03
2.236067929580414296e-02 1.539624964761899129e-04 -8.759286051727757628e-05 -2.179609026692994693e-05 4.350447422036021056e-03
2.236067929580414296e-02 1.539624964761899129e-04 -8.759286051727757628e-05 -2.179609026692994693e-05 4.350447422036021056e-03
2.236067929580414296e-02 1.539624964761899129e-04 -8.759286051727757628e-05 -2.179609026692994693e-05 4.350447422036021056e-03
2.236067929580414296e-02 1.539624964761899129e-04 -8.759286051727757628e-05 -2.179609026692994693e-05 4.350447422036021056e-03
2.236067929580414296e-02 1.539624964761899129e-04 -8.759286051727757628e-05 -2.179609026692994693e-05 4.350447422036021056e-03
2.236067929580414296e-02 1.539624964761899129e-04 -8.759286051727757628e-05 -2.179609026692994693e-05 4.350447422036021056e-03
2.236067929580414296e-02 1.539624964761899129e-04 -8.759286051727757628e-05 -2.179609026692994693e-05 4.350447422036021056e-03
2.236067929580414296e-02 1.539624964761899129e-04 -8.759286051727757628e-05 -2.179609026692994693e-05 4.350447422036021056e-03
2.236067929580414296e-02 1.539624964761899129e-04 -8.759286051727757628e-05 -2.179609026692994693e-05 4.350447422036021056e-03
2.236067929580414296e-02 1.539624964761899129e-04 -8.759286051727757628e-05 -2.179609026692994693e-05 4.350447422036021056e-03
2.236067929580414296e-02 1.539624964761899129e-04 -8.759286051727757628e-05 -2.179609026692994693e-05 4.350447422036021056e-03
2.236067929580414296e-02 1.539624964761899129e-04 -8.759286051727757628e-05 -2.179609026692994693e-05 4.350447422036021056e-03
2.236067929580414296e-02 1.539624964761899129e-04 -8.759286051727757628e-05 -2.179609026692994693e-05 4.350447422036021056e-03
2.236067929580414296e-02 1.539624964761899129e-04 -8.759286051727757628e-05 -2.179609026692994693e-05 4.350447422036021056e-03
2.236067929580414296e-02 1.539624964761899129e-04 -8.759286051727757628e-05 -2.179609026692994693e-05 4.350447422036021056e-03
2.236067929580414296e-02 1.539624964761899129e-04 -8.759286051727757628e-05 -2.179609026692994693e-05 4.350447422036021056e-03
2.236067929580414296e-02 1.539624964761899129e-04 -8.759286051727757628e-05 -2.179609026692994693e-05 4.350447422036021056e-03
2.236067929580414296e-02 1.539624964761899129e-04 -8.759286051727757628e-05 -2.179609026692994693e-05 4.350447422036021056e-03
2.236067929580414296e-02 1.539624964761899129e-04 -8.759286051727757628e-05 -2.179609026692994693e-05 4.350447422036021056e-03
2.236067929580414296e-02 1.539624964761899129e-04 -8.759286051727757628e-05 -2.179609026692994693e-05 4.350447422036021056e-03
2.236067929580414296e-02 1.539624964761899129e-04 -8.759286051727757628e-05 -2.179609026692994693e-05 4.350447422036021056e-03
2.236067929580414296e-02 1.539624964761899129e-04 -8.759286051727757628e-05 -2.179609026692994693e-05 4.350447422036021056e-03
2.236067929580414296e-02 1.539624964761899129e-04 -8.759286051727757628e-05 -2.179609026692994693e-05 4.350447422036021056e-03
2.236067929580414296e-02 1.539624964761899129e-04 -8.759286051727757628e-05 -2.179609026692994693e-05 4.350447422036021056e-03
2.236067929580414296e-02 1.539624964761899129e-04 -8.759286051727757628e-05 -2.179609026692994693e-05 4.350447422036021056e-03
2.236067929580414296e-02 1.539624964761899129e-04 -8.759286051727757628e-05 -2.179609026692994693e-05 4.350447422036021056e-03
2.236067929580414296e-02 1.539624964761899129e-04 -8.759286051727757628e-05 -2.179609026692994693e-05 4.350447422036021056e-03
2.236067929580414296e-02 1.539624964761899129e-04 -8.759286051727757628e-05 -2.179609026692994693e-05 4.350447422036021056e-03
2.236067929580414296e-02 1.539624964761899129e-04 -8.759286051727757628e-05 -2.179609026692994693e-05 4.350447422036021056e-03
2.236067929580414296e-02 1.539624964761899129e-04 -8.759286051727757628e-05 -2.179609026692994693e-05 4.350447422036021056e-03
2.236067929580414296e-02 1.539624964761899129e-04 -8.759286051727757628e-05 -2.179609026692994693e-05 4.350447422036021056e-03
2.236067929580414296e-02 1.539624964761899129e-04 -8.759286051727757628e-05 -2.179609026692994693e-05 4.350447422036021056e-03
2.236067929580414296e-02 1.539624964761899129e-04 -8.759286051727757628e-05 -2.179609026692994693e-05 4.350447422036021056e-03
2.236067929580414296e-02 1.539624964761899129e-04 -8.759286051727757628e-05 -2.179609026692994693e-05 4.350447422036021056e-03
2.236067929580414296e-02 1.539624964761899129e-04 -8.759286051727757628e-05 -2.179609026692994693e-05 4.350447422036021056e-03
2.236067929580414296e-02 1.539624964761899129e-04 -8.759286051727757628e-05 -2.179609026692994693e-05 4.350447422036021056e-03
2.236067929580414296e-02 1.539624964761899129e-04 -8.759286051727757628e-05 -2.179609026692994693e-05 4.350447422036021056e-03
2.236067929580414296e-02 1.539624964761899129e-04 -8.759286051727757628e-05 -2.179609026692994693e-05 4.350447422036021056e-03
2.236067929580414296e-02 1.539624964761899129e-04 -8.759286051727757628e-05 -2.179609026692994693e-05 4.350447422036021056e-03
2.236067929580414296e-02 1.539624964761899129e-04 -8.759286051727757628e-05 -2.179609026692994693e-05 4.350447422036021056e-03
2.236067929580414296e-02 1.539624964761899129e-04 -8.759286051727757628e-05 -2.179609026692994693e-05 4.350447422036021056e-03
2.236067929580414296e-02 1.539624964761899129e-04 -8.759286051727757628e-05 -2.179609026692994693e-05 4.350447422036021056e-03
2.236067929580414296e-02 1.539624964761899129e-04 -8.759286051727757628e-05 -2.179609026692994693e-05 4.350447422036021056e-03
2.236067929580414296e-02 1.539624964761899129e-04 -8.759286051727757628e-05 -2.179609026692994693e-05 4.350447422036021056e-03
2.236067929580414296e-02 1.539624964761899129e-04 -8.759286051727757628e-05 -2.179609026692994693e-05 4.350447422036021056e-03
2.236067929580414296e-02 1.539624964761899129e-04 -8.759286051727757628e-05 -2.179609026692994693e-05 4.350447422036021056e-03
2.236067929580414296e-02 1.539624964761899129e-04 -8.759286051727757628e-05 -2.179609026692994693e-05 4.350447422036021056e-03
2.236067929580414296e-02 1.539624964761899129e-04 -8.759286051727757628e-05 -2.179609026692994693e-05 4.350447422036021056e-03
2.236067929580414296e-02 1.539624964761899129e-04 -8.759286051727757628e-05 -2.179609026692994693e-05 4.350447422036021056e-03
2.236067929580414296e-02 1.539624964761899129e-04 -8.759286051727757628e-05 -2.179609026692994693e-05 4.350447422036021056e-03
2.236067929580414296e-02 1.539624964761899129e-04 -8.759286051727757628e-05 -2.179609026692994693e-05 4.350447422036021056e-03
2.236067929580414296e-02 1.539624964761899129e-04 -8.759286051727757628e-05 -2.179609026692994693e-05 4.350447422036021056e-03
2.236067929580414296e-02 1.539624964761899129e-04 -8.759286051727757628e-05 -2.179609026692994693e-05 4.350447422036021056e-03
2.236067929580414296e-02 1.539624964761899129e-04 -8.759286051727757628e-05 -2.179609026692994693e-05 4.350447422036021056e-03
2.236067929580414296e-02 1.539624964761899129e-04 -8.759286051727757628e-05 -2.179609026692994693e-05 4.350447422036021056e-03
2.236067929580414296e-02 1.539624964761899129e-04 -8.759286051727757628e-05 -2.179609026692994693e-05 4.350447422036021056e-03
2.236067929580414296e-02 1.539624964761899129e-04 -8.759286051727757628e-05 -2.179609026692994693e-05 4.350447422036021056e-03
2.236067929580414296e-02 1.539624964761899129e-04 -8.759286051727757628e-05 -2.179609026692994693e-05 4.350447422036021056e-03
2.236067929580414296e-02 1.539624964761899129e-04 -8.759286051727757628e-05 -2.179609026692994693e-05 4.350447422036021056e-03
2.236067929580414296e-02 1.539624964761899129e-04 -8.759286051727757628e-05 -2.179609026692994693e-05 4.350447422036021056e-03
2.236067929580414296e-02 1.539624964761899129e-04 -8.759286051727757628e-05 -2.179609026692994693e-05 4.350447422036021056e-03
2.236067929580414296e-02 1.539624964761899129e-04 -8.759286051727757628e-05 -2.179609026692994693e-05 4.350447422036021056e-03
2.236067929580414296e-02 1.539624964761899129e-04 -8.759286051727757628e-05 -2.179609026692994693e-05 4.350447422036021056e-03
2.236067929580414296e-02 1.539624964761899129e-04 -8.759286051727757628e-05 -2.179609026692994693e-05 4.350447422036021056e-03
2.236067929580414296e-02 1.539624964761899129e-04 -8.759286051727757628e-05 -2.179609026692994693e-05 4.350447422036021056e-03
2.236067929580414296e-02 1.539624964761899129e-04 -8.759286051727757628e-05 -2.179609026692994693e-05 4.350447422036021056e-03
2.236067929580414296e-02 1.539624964761899129e-04 -8.759286051727757628e-05 -2.179609026692994693e-05 4.350447422036021056e-03
2.236067929580414296e-02 1.539624964761899129e-04 -8.759286051727757628e-05 -2.179609026692994693e-05 4.350447422036021056e-03
2.236067929580414296e-02 1.539624964761899129e-04 -8.759286051727757628e-05 -2.179609026692994693e-05 4.350447422036021056e-03
2.236067929580414296e-02 1.539624964761899129e-04 -8.759286051727757628e-05 -2.179609026692994693e-05 4.350447422036021056e-03
2.236067929580414296e-02 1.539624964761899129e-04 -8.759286051727757628e-05 -2.179609026692994693e-05 4.350447422036021056e-03
2.236067929580414296e-02 1.539624964761899129e-04 -8.759286051727757628e-05 -2.179609026692994693e-05 4.350447422036021056e-03
2.236067929580414296e-02 1.539624964761899129e-04 -8.759286051727757628e-05 -2.179609026692994693e-05 4.350447422036021056e-03
2.236067929580414296e-02 1.539624964761899129e-04 -8.759286051727757628e-05 -2.179609026692994693e-05 4.350447422036021056e-03
2.236067929580414296e-02 1.539624964761899129e-04 -8.759286051727757628e-05 -2.179609026692994693e-05 4.350447422036021056e-03
2.236067929580414296e-02 1.539624964761899129e-04 -8.759286051727757628e-05 -2.179609026692994693e-05 4.350447422036021056e-03
2.236067929580414296e-02 1.539624964761899129e-04 -8.759286051727757628e-05 -2.179609026692994693e-05 4.350447422036021056e-03
2.236067929580414296e-02 1.539624964761899129e-04 -8.759286051727757628e-05 -2.179609026692994693e-05 4.350447422036021056e-03
2.236067929580414296e-02 1.539624964761899129e-04 -8.759286051727757628e-05 -2.179609026692994693e-05 4.350447422036021056e-03
2.236067929580414296e-02 1.539624964761899129e-04 -8.759286051727757628e-05 -2.179609026692994693e-05 4.350447422036021056e-03
2.236067929580414296e-02 1.539624964761899129e-04 -8.759286051727757628e-05 -2.179609026692994693e-05 4.350447422036021056e-03
2.236067929580414296e-02 1.539624964761899129e-04 -8.759286051727757628e-05 -2.179609026692994693e-05 4.350447422036021056e-03
2.236067929580414296e-02 1.539624964761899129e-04 -8.759286051727757628e-05 -2.179609026692994693e-05 4.350447422036021056e-03
2.236067929580414296e-02 1.539624964761899129e-04 -8.759286051727757628e-05 -2.179609026692994693e-05 4.350447422036021056e-03
2.236067929580414296e-02 1.539624964761899129e-04 -8.759286051727757628e-05 -2.179609026692994693e-05 4.350447422036021056e-03
2.236067929580414296e-02 1.539624964761899129e-04 -8.759286051727757628e-05 -2.179609026692994693e-05 4.350447422036021056e-03
2.236067929580414296e-02 1.539624964761899129e-04 -8.759286051727757628e-05 -2.179609026692994693e-05 4.350447422036021056e-03
2.236067929580414296e-02 1.539624964761899129e-04 -8.759286051727757628e-05 -2.179609026692994693e-05 4.350447422036021056e-03
2.236067929580414296e-02 1.539624964761899129e-04 -8.759286051727757628e-05 -2.179609026692994693e-05 4.350447422036021056e-03
2.236067929580414296e-02 1.539624964761899129e-04 -8.759286051727757628e-05 -2.179609026692994693e-05 4.350447422036021056e-03
2.236067929580414296e-02 1.539624964761899129e-04 -8.759286051727757628e-05 -2.179609026692994693e-05 4.350447422036021056e-03
2.236067929580414296e-02 1.539624964761899129e-04 -8.759286051727757628e-05 -2.179609026692994693e-05 4.350447422036021056e-03
2.236067929580414296e-02 1.539624964761899129e-04 -8.759286051727757628e-05 -2.179609026692994693e-05 4.350447422036021056e-03
2.236067929580414296e-02 1.539624964761899129e-04 -8.759286051727757628e-05 -2.179609026692994693e-05 4.350447422036021056e-03
2.236067929580414296e-02 1.539624964761899129e-04 -8.759286051727757628e-05 -2.179609026692994693e-05 4.350447422036021056e-03
2.236067929580414296e-02 1.539624964761899129e-04 -8.759286051727757628e-05 -2.179609026692994693e-05 4.350447422036021056e-03
2.236067929580414296e-02 1.539624964761899129e-04 -8.759286051727757628e-05 -2.179609026692994693e-05 4.350447422036021056e-03
2.236067929580414296e-02 1.539624964761899129e-04 -8.759286051727757628e-05 -2.179609026692994693e-05 4.350447422036021056e-03
2.236067929580414296e-02 1.539624964761899129e-04 -8.759286051727757628e-05 -2.179609026692994693e-05 4.350447422036021056e-03
2.236067929580414296e-02 1.539624964761899129e-04 -8.759286051727757628e-05 -2.179609026692994693e-05 4.350447422036021056e-03
2.236067929580414296e-02 1.539624964761899129e-04 -8.759286051727757628e-05 -2.179609026692994693e-05 4.350447422036021056e-03
2.236067929580414296e-02 1.539624964761899129e-04 -8.759286051727757628e-05 -2.179609026692994693e-05 4.350447422036021056e-03
2.236067929580414296e-02 1.539624964761899129e-04 -8.759286051727757628e-05 -2.179609026692994693e-05 4.350447422036021056e-03
2.236067929580414296e-02 1.539624964761899129e-04 -8.759286051727757628e-05 -2.179609026692994693e-05 4.350447422036021056e-03
2.236067929580414296e-02 1.539624964761899129e-04 -8.759286051727757628e-05 -2.179609026692994693e-05 4.350447422036021056e-03
2.236067929580414296e-02 1.539624964761899129e-04 -8.759286051727757628e-05 -2.179609026692994693e-05 4.350447422036021056e-03
2.236067929580414296e-02 1.539624964761899129e-04 -8.759286051727757628e-05 -2.179609026692994693e-05 4.350447422036021056e-03
2.236067929580414296e-02 1.539624964761899129e-04 -8.759286051727757628e-05 -2.179609026692994693e-05 4.350447422036021056e-03
2.236067929580414296e-02 1.539624964761899129e-04 -8.759286051727757628e-05 -2.179609026692994693e-05 4.350447422036021056e-03
2.236067929580414296e-02 1.539624964761899129e-04 -8.759286051727757628e-05 -2.179609026692994693e-05 4.350447422036021056e-03
2.236067929580414296e-02 1.539624964761899129e-04 -8.759286051727757628e-05 -2.179609026692994693e-05 4.350447422036021056e-03
2.236067929580414296e-02 1.539624964761899129e-04 -8.759286051727757628e-05 -2.179609026692994693e-05 4.350447422036021056e-03
2.236067929580414296e-02 1.539624964761899129e-04 -8.759286051727757628e-05 -2.179609026692994693e-05 4.350447422036021056e-03
2.236067929580414296e-02 1.539624964761899129e-04 -8.759286051727757628e-05 -2.179609026692994693e-05 4.350447422036021056e-03
2.236067929580414296e-02 1.539624964761899129e-04 -8.759286051727757628e-05 -2.179609026692994693e-05 4.350447422036021056e-03
2.236067929580414296e-02 1.539624964761899129e-04 -8.759286051727757628e-05 -2.179609026692994693e-05 4.350447422036021056e-03
2.236067929580414296e-02 1.539624964761899129e-04 -8.759286051727757628e-05 -2.179609026692994693e-05 4.350447422036021056e-03
2.236067929580414296e-02 1.539624964761899129e-04 -8.759286051727757628e-05 -2.179609026692994693e-05 4.350447422036021056e-03
2.236067929580414296e-02 1.539624964761899129e-04 -8.759286051727757628e-05 -2.179609026692994693e-05 4.350447422036021056e-03
2.236067929580414296e-02 1.539624964761899129e-04 -8.759286051727757628e-05 -2.179609026692994693e-05 4.350447422036021056e-03
2.236067929580414296e-02 1.539624964761899129e-04 -8.759286051727757628e-05 -2.179609026692994693e-05 4.350447422036021056e-03
2.236067929580414296e-02 1.539624964761899129e-04 -8.759286051727757628e-05 -2.179609026692994693e-05 4.350447422036021056e-03
2.236067929580414296e-02 1.539624964761899129e-04 -8.759286051727757628e-05 -2.179609026692994693e-05 4.350447422036021056e-03
2.236067929580414296e-02 1.539624964761899129e-04 -8.759286051727757628e-05 -2.179609026692994693e-05 4.350447422036021056e-03
2.236067929580414296e-02 1.539624964761899129e-04 -8.759286051727757628e-05 -2.179609026692994693e-05 4.350447422036021056e-03
2.236067929580414296e-02 1.539624964761899129e-04 -8.759286051727757628e-05 -2.179609026692994693e-05 4.350447422036021056e-03
2.236067929580414296e-02 1.539624964761899129e-04 -8.759286051727757628e-05 -2.179609026692994693e-05 4.350447422036021056e-03
2.236067929580414296e-02 1.539624964761899129e-04 -8.759286051727757628e-05 -2.179609026692994693e-05 4.350447422036021056e-03
2.236067929580414296e-02 1.539624964761899129e-04 -8.759286051727757628e-05 -2.179609026692994693e-05 4.350447422036021056e-03
2.236067929580414296e-02 1.539624964761899129e-04 -8.759286051727757628e-05 -2.179609026692994693e-05 4.350447422036021056e-03
2.236067929580414296e-02 1.539624964761899129e-04 -8.759286051727757628e-05 -2.179609026692994693e-05 4.350447422036021056e-03
2.236067929580414296e-02 1.539624964761899129e-04 -8.759286051727757628e-05 -2.179609026692994693e-05 4.350447422036021056e-03
2.236067929580414296e-02 1.539624964761899129e-04 -8.759286051727757628e-05 -2.179609026692994693e-05 4.350447422036021056e-03
2.236067929580414296e-02 1.539624964761899129e-04 -8.759286051727757628e-05 -2.179609026692994693e-05 4.350447422036021056e-03
2.236067929580414296e-02 1.539624964761899129e-04 -8.759286051727757628e-05 -2.179609026692994693e-05 4.350447422036021056e-03
2.236067929580414296e-02 1.539624964761899129e-04 -8.759286051727757628e-05 -2.179609026692994693e-05 4.350447422036021056e-03
2.236067929580414296e-02 1.539624964761899129e-04 -8.759286051727757628e-05 -2.179609026692994693e-05 4.350447422036021056e-03
2.236067929580414296e-02 1.539624964761899129e-04 -8.759286051727757628e-05 -2.179609026692994693e-05 4.350447422036021056e-03
2.236067929580414296e-02 1.539624964761899129e-04 -8.759286051727757628e-05 -2.179609026692994693e-05 4.350447422036021056e-03
2.236067929580414296e-02 1.539624964761899129e-04 -8.759286051727757628e-05 -2.179609026692994693e-05 4.350447422036021056e-03
2.236067929580414296e-02 1.539624964761899129e-04 -8.759286051727757628e-05 -2.179609026692994693e-05 4.350447422036021056e-03
2.236067929580414296e-02 1.539624964761899129e-04 -8.759286051727757628e-05 -2.179609026692994693e-05 4.350447422036021056e-03
2.236067929580414296e-02 1.539624964761899129e-04 -8.759286051727757628e-05 -2.179609026692994693e-05 4.350447422036021056e-03
2.236067929580414296e-02 1.539624964761899129e-04 -8.759286051727757628e-05 -2.179609026692994693e-05 4.350447422036021056e-03
2.236067929580414296e-02 1.539624964761899129e-04 -8.759286051727757628e-05 -2.179609026692994693e-05 4.350447422036021056e-03
2.236067929580414296e-02 1.539624964761899129e-04 -8.759286051727757628e-05 -2.179609026692994693e-05 4.350447422036021056e-03
2.236067929580414296e-02 1.539624964761899129e-04 -8.759286051727757628e-05 -2.179609026692994693e-05 4.350447422036021056e-03
2.236067929580414296e-02 1.539624964761899129e-04 -8.759286051727757628e-05 -2.179609026692994693e-05 4.350447422036021056e-03
2.236067929580414296e-02 1.539624964761899129e-04 -8.759286051727757628e-05 -2.179609026692994693e-05 4.350447422036021056e-03
2.236067929580414296e-02 1.539624964761899129e-04 -8.759286051727757628e-05 -2.179609026692994693e-05 4.350447422036021056e-03
2.236067929580414296e-02 1.539624964761899129e-04 -8.759286051727757628e-05 -2.179609026692994693e-05 4.350447422036021056e-03
2.236067929580414296e-02 1.539624964761899129e-04 -8.759286051727757628e-05 -2.179609026692994693e-05 4.350447422036021056e-03
2.236067929580414296e-02 1.539624964761899129e-04 -8.759286051727757628e-05 -2.179609026692994693e-05 4.350447422036021056e-03
2.236067929580414296e-02 1.539624964761899129e-04 -8.759286051727757628e-05 -2.179609026692994693e-05 4.350447422036021056e-03
2.236067929580414296e-02 1.539624964761899129e-04 -8.759286051727757628e-05 -2.179609026692994693e-05 4.350447422036021056e-03
2.236067929580414296e-02 1.539624964761899129e-04 -8.759286051727757628e-05 -2.179609026692994693e-05 4.350447422036021056e-03
2.236067929580414296e-02 1.539624964761899129e-04 -8.759286051727757628e-05 -2.179609026692994693e-05 4.350447422036021056e-03
2.236067929580414296e-02 1.539624964761899129e-04 -8.759286051727757628e-05 -2.179609026692994693e-05 4.350447422036021056e-03
2.236067929580414296e-02 1.539624964761899129e-04 -8.759286051727757628e-05 -2.179609026692994693e-05 4.350447422036021056e-03
2.236067929580414296e-02 1.539624964761899129e-04 -8.759286051727757628e-05 -2.179609026692994693e-05 4.350447422036021056e-03
2.236067929580414296e-02 1.539624964761899129e-04 -8.759286051727757628e-05 -2.179609026692994693e-05 4.350447422036021056e-03
2.236067929580414296e-02 1.539624964761899129e-04 -8.759286051727757628e-05 -2.179609026692994693e-05 4.350447422036021056e-03
2.236067929580414296e-02 1.539624964761899129e-04 -8.759286051727757628e-05 -2.179609026692994693e-05 4.350447422036021056e-03
2.236067929580414296e-02 1.539624964761899129e-04 -8.759286051727757628e-05 -2.179609026692994693e-05 4.350447422036021056e-03
2.236067929580414296e-02 1.539624964761899129e-04 -8.759286051727757628e-05 -2.179609026692994693e-05 4.350447422036021056e-03
2.236067929580414296e-02 1.539624964761899129e-04 -8.759286051727757628e-05 -2.179609026692994693e-05 4.350447422036021056e-03
2.236067929580414296e-02 1.539624964761899129e-04 -8.759286051727757628e-05 -2.179609026692994693e-05 4.350447422036021056e-03
2.236067929580414296e-02 1.539624964761899129e-04 -8.759286051727757628e-05 -2.179609026692994693e-05 4.350447422036021056e-03
2.236067929580414296e-02 1.539624964761899129e-04 -8.759286051727757628e-05 -2.179609026692994693e-05 4.350447422036021056e-03
2.236067929580414296e-02 1.539624964761899129e-04 -8.759286051727757628e-05 -2.179609026692994693e-05 4.350447422036021056e-03
2.236067929580414296e-02 1.539624964761899129e-04 -8.759286051727757628e-05 -2.179609026692994693e-05 4.350447422036021056e-03
2.236067929580414296e-02 1.539624964761899129e-04 -8.759286051727757628e-05 -2.179609026692994693e-05 4.350447422036021056e-03
2.236067929580414296e-02 1.539624964761899129e-04 -8.759286051727757628e-05 -2.179609026692994693e-05 4.350447422036021056e-03
2.236067929580414296e-02 1.539624964761899129e-04 -8.759286051727757628e-05 -2.179609026692994693e-05 4.350447422036021056e-03
2.236067929580414296e-02 1.539624964761899129e-04 -8.759286051727757628e-05 -2.179609026692994693e-05 4.350447422036021056e-03
2.236067929580414296e-02 1.539624964761899129e-04 -8.759286051727757628e-05 -2.179609026692994693e-05 4.350447422036021056e-03
2.236067929580414296e-02 1.539624964761899129e-04 -8.759286051727757628e-05 -2.179609026692994693e-05 4.350447422036021056e-03
2.236067929580414296e-02 1.539624964761899129e-04 -8.759286051727757628e-05 -2.179609026692994693e-05 4.350447422036021056e-03
2.236067929580414296e-02 1.539624964761899129e-04 -8.759286051727757628e-05 -2.179609026692994693e-05 4.350447422036021056e-03
2.236067929580414296e-02 1.539624964761899129e-04 -8.759286051727757628e-05 -2.179609026692994693e-05 4.350447422036021056e-03
2.236067929580414296e-02 1.539624964761899129e-04 -8.759286051727757628e-05 -2.179609026692994693e-05 4.350447422036021056e-03
2.236067929580414296e-02 1.539624964761899129e-04 -8.759286051727757628e-05 -2.179609026692994693e-05 4.350447422036021056e-03
2.236067929580414296e-02 1.539624964761899129e-04 -8.759286051727757628e-05 -2.179609026692994693e-05 4.350447422036021056e-03
2.236067929580414296e-02 1.539624964761899129e-04 -8.759286051727757628e-05 -2.179609026692994693e-05 4.350447422036021056e-03
2.236067929580414296e-02 1.539624964761899129e-04 -8.759286051727757628e-05 -2.179609026692994693e-05 4.350447422036021056e-03
2.236067929580414296e-02 1.539624964761899129e-04 -8.759286051727757628e-05 -2.179609026692994693e-05 4.350447422036021056e-03
2.236067929580414296e-02 1.539624964761899129e-04 -8.759286051727757628e-05 -2.179609026692994693e-05 4.350447422036021056e-03
2.236067929580414296e-02 1.539624964761899129e-04 -8.759286051727757628e-05 -2.179609026692994693e-05 4.350447422036021056e-03
2.236067929580414296e-02 1.539624964761899129e-04 -8.759286051727757628e-05 -2.179609026692994693e-05 4.350447422036021056e-03
2.236067929580414296e-02 1.539624964761899129e-04 -8.759286051727757628e-05 -2.179609026692994693e-05 4.350447422036021056e-03
2.236067929580414296e-02 1.539624964761899129e-04 -8.759286051727757628e-05 -2.179609026692994693e-05 4.350447422036021056e-03
2.236067929580414296e-02 1.539624964761899129e-04 -8.759286051727757628e-05 -2.179609026692994693e-05 4.350447422036021056e-03
2.236067929580414296e-02 1.539624964761899129e-04 -8.759286051727757628e-05 -2.179609026692994693e-05 4.350447422036021056e-03
2.236067929580414296e-02 1.539624964761899129e-04 -8.759286051727757628e-05 -2.179609026692994693e-05 4.350447422036021056e-03
2.236067929580414296e-02 1.539624964761899129e-04 -8.759286051727757628e-05 -2.179609026692994693e-05 4.350447422036021056e-03
2.236067929580414296e-02 1.539624964761899129e-04 -8.759286051727757628e-05 -2.179609026692994693e-05 4.350447422036021056e-03
2.236067929580414296e-02 1.539624964761899129e-04 -8.759286051727757628e-05 -2.179609026692994693e-05 4.350447422036021056e-03
2.236067929580414296e-02 1.539624964761899129e-04 -8.759286051727757628e-05 -2.179609026692994693e-05 4.350447422036021056e-03
2.236067929580414296e-02 1.539624964761899129e-04 -8.759286051727757628e-05 -2.179609026692994693e-05 4.350447422036021056e-03
2.236067929580414296e-02 1.539624964761899129e-04 -8.759286051727757628e-05 -2.179609026692994693e-05 4.350447422036021056e-03
2.236067929580414296e-02 1.539624964761899129e-04 -8.759286051727757628e-05 -2.179609026692994693e-05 4.350447422036021056e-03
2.236067929580414296e-02 1.539624964761899129e-04 -8.759286051727757628e-05 -2.179609026692994693e-05 4.350447422036021056e-03
2.236067929580414296e-02 1.539624964761899129e-04 -8.759286051727757628e-05 -2.179609026692994693e-05 4.350447422036021056e-03
2.236067929580414296e-02 1.539624964761899129e-04 -8.759286051727757628e-05 -2.179609026692994693e-05 4.350447422036021056e-03
2.236067929580414296e-02 1.539624964761899129e-04 -8.759286051727757628e-05 -2.179609026692994693e-05 4.350447422036021056e-03
2.236067929580414296e-02 1.539624964761899129e-04 -8.759286051727757628e-05 -2.179609026692994693e-05 4.350447422036021056e-03
2.236067929580414296e-02 1.539624964761899129e-04 -8.759286051727757628e-05 -2.179609026692994693e-05 4.350447422036021056e-03
2.236067929580414296e-02 1.539624964761899129e-04 -8.759286051727757628e-05 -2.179609026692994693e-05 4.350447422036021056e-03
2.236067929580414296e-02 1.539624964761899129e-04 -8.759286051727757628e-05 -2.179609026692994693e-05 4.350447422036021056e-03
2.236067929580414296e-02 1.539624964761899129e-04 -8.759286051727757628e-05 -2.179609026692994693e-05 4.350447422036021056e-03
2.236067929580414296e-02 1.539624964761899129e-04 -8.759286051727757628e-05 -2.179609026692994693e-05 4.350447422036021056e-03
2.236067929580414296e-02 1.539624964761899129e-04 -8.759286051727757628e-05 -2.179609026692994693e-05 4.350447422036021056e-03
2.236067929580414296e-02 1.539624964761899129e-04 -8.759286051727757628e-05 -2.179609026692994693e-05 4.350447422036021056e-03
2.236067929580414296e-02 1.539624964761899129e-04 -8.759286051727757628e-05 -2.179609026692994693e-05 4.350447422036021056e-03
2.236067929580414296e-02 1.539624964761899129e-04 -8.759286051727757628e-05 -2.179609026692994693e-05 4.350447422036021056e-03
2.236067929580414296e-02 1.539624964761899129e-04 -8.759286051727757628e-05 -2.179609026692994693e-05 4.350447422036021056e-03
2.236067929580414296e-02 1.539624964761899129e-04 -8.759286051727757628e-05 -2.179609026692994693e-05 4.350447422036021056e-03
2.236067929580414296e-02 1.539624964761899129e-04 -8.759286051727757628e-05 -2.179609026692994693e-05 4.350447422036021056e-03
2.236067929580414296e-02 1.539624964761899129e-04 -8.759286051727757628e-05 -2.179609026692994693e-05 4.350447422036021056e-03
2.236067929580414296e-02 1.539624964761899129e-04 -8.759286051727757628e-05 -2.179609026692994693e-05 4.350447422036021056e-03
2.236067929580414296e-02 1.539624964761899129e-04 -8.759286051727757628e-05 -2.179609026692994693e-05 4.350447422036021056e-03
2.236067929580414296e-02 1.539624964761899129e-04 -8.759286051727757628e-05 -2.179609026692994693e-05 4.350447422036021056e-03
2.236067929580414296e-02 1.539624964761899129e-04 -8.759286051727757628e-05 -2.179609026692994693e-05 4.350447422036021056e-03
2.236067929580414296e-02 1.539624964761899129e-04 -8.759286051727757628e-05 -2.179609026692994693e-05 4.350447422036021056e-03
2.236067929580414296e-02 1.539624964761899129e-04 -8.759286051727757628e-05 -2.179609026692994693e-05 4.350447422036021056e-03
2.236067929580414296e-02 1.539624964761899129e-04 -8.759286051727757628e-05 -2.179609026692994693e-05 4.350447422036021056e-03
2.236067929580414296e-02 1.539624964761899129e-04 -8.759286051727757628e-05 -2.179609026692994693e-05 4.350447422036021056e-03
2.236067929580414296e-02 1.539624964761899129e-04 -8.759286051727757628e-05 -2.179609026692994693e-05 4.350447422036021056e-03
2.236067929580414296e-02 1.539624964761899129e-04 -8.759286051727757628e-05 -2.179609026692994693e-05 4.350447422036021056e-03
2.236067929580414296e-02 1.539624964761899129e-04 -8.759286051727757628e-05 -2.179609026692994693e-05 4.350447422036021056e-03
2.236067929580414296e-02 1.539624964761899129e-04 -8.759286051727757628e-05 -2.179609026692994693e-05 4.350447422036021056e-03
2.236067929580414296e-02 1.539624964761899129e-04 -8.759286051727757628e-05 -2.179609026692994693e-05 4.350447422036021056e-03
2.236067929580414296e-02 1.539624964761899129e-04 -8.759286051727757628e-05 -2.179609026692994693e-05 4.350447422036021056e-03
2.236067929580414296e-02 1.539624964761899129e-04 -8.759286051727757628e-05 -2.179609026692994693e-05 4.350447422036021056e-03
2.236067929580414296e-02 1.539624964761899129e-04 -8.759286051727757628e-05 -2.179609026692994693e-05 4.350447422036021056e-03
2.236067929580414296e-02 1.539624964761899129e-04 -8.759286051727757628e-05 -2.179609026692994693e-05 4.350447422036021056e-03
2.236067929580414296e-02 1.539624964761899129e-04 -8.759286051727757628e-05 -2.179609026692994693e-05 4.350447422036021056e-03
2.236067929580414296e-02 1.539624964761899129e-04 -8.759286051727757628e-05 -2.179609026692994693e-05 4.350447422036021056e-03
2.236067929580414296e-02 1.539624964761899129e-04 -8.759286051727757628e-05 -2.179609026692994693e-05 4.350447422036021056e-03
2.236067929580414296e-02 1.539624964761899129e-04 -8.759286051727757628e-05 -2.179609026692994693e-05 4.350447422036021056e-03
2.236067929580414296e-02 1.539624964761899129e-04 -8.759286051727757628e-05 -2.179609026692994693e-05 4.350447422036021056e-03
2.236067929580414296e-02 1.539624964761899129e-04 -8.759286051727757628e-05 -2.179609026692994693e-05 4.350447422036021056e-03
2.236067929580414296e-02 1.539624964761899129e-04 -8.759286051727757628e-05 -2.179609026692994693e-05 4.350447422036021056e-03
2.236067929580414296e-02 1.539624964761899129e-04 -8.759286051727757628e-05 -2.179609026692994693e-05 4.350447422036021056e-03
2.236067929580414296e-02 1.539624964761899129e-04 -8.759286051727757628e-05 -2.179609026692994693e-05 4.350447422036021056e-03
2.236067929580414296e-02 1.539624964761899129e-04 -8.759286051727757628e-05 -2.179609026692994693e-05 4.350447422036021056e-03
2.236067929580414296e-02 1.539624964761899129e-04 -8.759286051727757628e-05 -2.179609026692994693e-05 4.350447422036021056e-03
2.236067929580414296e-02 1.539624964761899129e-04 -8.759286051727757628e-05 -2.179609026692994693e-05 4.350447422036021056e-03
2.236067929580414296e-02 1.539624964761899129e-04 -8.759286051727757628e-05 -2.179609026692994693e-05 4.350447422036021056e-03
2.236067929580414296e-02 1.539624964761899129e-04 -8.759286051727757628e-05 -2.179609026692994693e-05 4.350447422036021056e-03
2.236067929580414296e-02 1.539624964761899129e-04 -8.759286051727757628e-05 -2.179609026692994693e-05 4.350447422036021056e-03
2.236067929580414296e-02 1.539624964761899129e-04 -8.759286051727757628e-05 -2.179609026692994693e-05 4.350447422036021056e-03
2.236067929580414296e-02 1.539624964761899129e-04 -8.759286051727757628e-05 -2.179609026692994693e-05 4.350447422036021056e-03
2.236067929580414296e-02 1.539624964761899129e-04 -8.759286051727757628e-05 -2.179609026692994693e-05 4.350447422036021056e-03
2.236067929580414296e-02 1.539624964761899129e-04 -8.759286051727757628e-05 -2.179609026692994693e-05 4.350447422036021056e-03
2.236067929580414296e-02 1.539624964761899129e-04 -8.759286051727757628e-05 -2.179609026692994693e-05 4.350447422036021056e-03
2.236067929580414296e-02 1.539624964761899129e-04 -8.759286051727757628e-05 -2.179609026692994693e-05 4.350447422036021056e-03
2.236067929580414296e-02 1.539624964761899129e-04 -8.759286051727757628e-05 -2.179609026692994693e-05 4.350447422036021056e-03
2.236067929580414296e-02 1.539624964761899129e-04 -8.759286051727757628e-05 -2.179609026692994693e-05 4.350447422036021056e-03
2.236067929580414296e-02 1.539624964761899129e-04 -8.759286051727757628e-05 -2.179609026692994693e-05 4.350447422036021056e-03
2.236067929580414296e-02 1.539624964761899129e-04 -8.759286051727757628e-05 -2.179609026692994693e-05 4.350447422036021056e-03
2.236067929580414296e-02 1.539624964761899129e-04 -8.759286051727757628e-05 -2.179609026692994693e-05 4.350447422036021056e-03
2.236067929580414296e-02 1.539624964761899129e-04 -8.759286051727757628e-05 -2.179609026692994693e-05 4.350447422036021056e-03
2.236067929580414296e-02 1.539624964761899129e-04 -8.759286051727757628e-05 -2.179609026692994693e-05 4.350447422036021056e-03
2.236067929580414296e-02 1.539624964761899129e-04 -8.759286051727757628e-05 -2.179609026692994693e-05 4.350447422036021056e-03
2.236067929580414296e-02 1.539624964761899129e-04 -8.759286051727757628e-05 -2.179609026692994693e-05 4.350447422036021056e-03
2.236067929580414296e-02 1.539624964761899129e-04 -8.759286051727757628e-05 -2.179609026692994693e-05 4.350447422036021056e-03
2.236067929580414296e-02 1.539624964761899129e-04 -8.759286051727757628e-05 -2.179609026692994693e-05 4.350447422036021056e-03
2.236067929580414296e-02 1.539624964761899129e-04 -8.759286051727757628e-05 -2.179609026692994693e-05 4.350447422036021056e-03
2.236067929580414296e-02 1.539624964761899129e-04 -8.759286051727757628e-05 -2.179609026692994693e-05 4.350447422036021056e-03
2.236067929580414296e-02 1.539624964761899129e-04 -8.759286051727757628e-05 -2.179609026692994693e-05 4.350447422036021056e-03
2.236067929580414296e-02 1.539624964761899129e-04 -8.759286051727757628e-05 -2.179609026692994693e-05 4.350447422036021056e-03
2.236067929580414296e-02 1.539624964761899129e-04 -8.759286051727757628e-05 -2.179609026692994693e-05 4.350447422036021056e-03
2.236067929580414296e-02 1.539624964761899129e-04 -8.759286051727757628e-05 -2.179609026692994693e-05 4.350447422036021056e-03
2.236067929580414296e-02 1.539624964761899129e-04 -8.759286051727757628e-05 -2.179609026692994693e-05 4.350447422036021056e-03
2.236067929580414296e-02 1.539624964761899129e-04 -8.759286051727757628e-05 -2.179609026692994693e-05 4.350447422036021056e-03
2.236067929580414296e-02 1.539624964761899129e-04 -8.759286051727757628e-05 -2.179609026692994693e-05 4.350447422036021056e-03
2.236067929580414296e-02 1.539624964761899129e-04 -8.759286051727757628e-05 -2.179609026692994693e-05 4.350447422036021056e-03
2.236067929580414296e-02 1.539624964761899129e-04 -8.759286051727757628e-05 -2.179609026692994693e-05 4.350447422036021056e-03
2.236067929580414296e-02 1.539624964761899129e-04 -8.759286051727757628e-05 -2.179609026692994693e-05 4.350447422036021056e-03
2.236067929580414296e-02 1.539624964761899129e-04 -8.759286051727757628e-05 -2.179609026692994693e-05 4.350447422036021056e-03
2.236067929580414296e-02 1.539624964761899129e-04 -8.759286051727757628e-05 -2.179609026692994693e-05 4.350447422036021056e-03
2.236067929580414296e-02 1.539624964761899129e-04 -8.759286051727757628e-05 -2.179609026692994693e-05 4.350447422036021056e-03
2.236067929580414296e-02 1.539624964761899129e-04 -8.759286051727757628e-05 -2.179609026692994693e-05 4.350447422036021056e-03
2.236067929580414296e-02 1.539624964761899129e-04 -8.759286051727757628e-05 -2.179609026692994693e-05 4.350447422036021056e-03
2.236067929580414296e-02 1.539624964761899129e-04 -8.759286051727757628e-05 -2.179609026692994693e-05 4.350447422036021056e-03
2.236067929580414296e-02 1.539624964761899129e-04 -8.759286051727757628e-05 -2.179609026692994693e-05 4.350447422036021056e-03
2.236067929580414296e-02 1.539624964761899129e-04 -8.759286051727757628e-05 -2.179609026692994693e-05 4.350447422036021056e-03
2.236067929580414296e-02 1.539624964761899129e-04 -8.759286051727757628e-05 -2.179609026692994693e-05 4.350447422036021056e-03
2.236067929580414296e-02 1.539624964761899129e-04 -8.759286051727757628e-05 -2.179609026692994693e-05 4.350447422036021056e-03
2.236067929580414296e-02 1.539624964761899129e-04 -8.759286051727757628e-05 -2.179609026692994693e-05 4.350447422036021056e-03
2.236067929580414296e-02 1.539624964761899129e-04 -8.759286051727757628e-05 -2.179609026692994693e-05 4.350447422036021056e-03
2.236067929580414296e-02 1.539624964761899129e-04 -8.759286051727757628e-05 -2.179609026692994693e-05 4.350447422036021056e-03
2.236067929580414296e-02 1.539624964761899129e-04 -8.759286051727757628e-05 -2.179609026692994693e-05 4.350447422036021056e-03
2.236067929580414296e-02 1.539624964761899129e-04 -8.759286051727757628e-05 -2.179609026692994693e-05 4.350447422036021056e-03
2.236067929580414296e-02 1.539624964761899129e-04 -8.759286051727757628e-05 -2.179609026692994693e-05 4.350447422036021056e-03
2.236067929580414296e-02 1.539624964761899129e-04 -8.759286051727757628e-05 -2.179609026692994693e-05 4.350447422036021056e-03
2.236067929580414296e-02 1.539624964761899129e-04 -8.759286051727757628e-05 -2.179609026692994693e-05 4.350447422036021056e-03
2.236067929580414296e-02 1.539624964761899129e-04 -8.759286051727757628e-05 -2.179609026692994693e-05 4.350447422036021056e-03
2.236067929580414296e-02 1.539624964761899129e-04 -8.759286051727757628e-05 -2.179609026692994693e-05 4.350447422036021056e-03
2.236067929580414296e-02 1.539624964761899129e-04 -8.759286051727757628e-05 -2.179609026692994693e-05 4.350447422036021056e-03
2.236067929580414296e-02 1.539624964761899129e-04 -8.759286051727757628e-05 -2.179609026692994693e-05 4.350447422036021056e-03
2.236067929580414296e-02 1.539624964761899129e-04 -8.759286051727757628e-05 -2.179609026692994693e-05 4.350447422036021056e-03
2.236067929580414296e-02 1.539624964761899129e-04 -8.759286051727757628e-05 -2.179609026692994693e-05 4.350447422036021056e-03
2.236067929580414296e-02 1.539624964761899129e-04 -8.759286051727757628e-05 -2.179609026692994693e-05 4.350447422036021056e-03
2.236067929580414296e-02 1.539624964761899129e-04 -8.759286051727757628e-05 -2.179609026692994693e-05 4.350447422036021056e-03
2.236067929580414296e-02 1.539624964761899129e-04 -8.759286051727757628e-05 -2.179609026692994693e-05 4.350447422036021056e-03
2.236067929580414296e-02 1.539624964761899129e-04 -8.759286051727757628e-05 -2.179609026692994693e-05 4.350447422036021056e-03
2.236067929580414296e-02 1.539624964761899129e-04 -8.759286051727757628e-05 -2.179609026692994693e-05 4.350447422036021056e-03
2.236067929580414296e-02 1.539624964761899129e-04 -8.759286051727757628e-05 -2.179609026692994693e-05 4.350447422036021056e-03
2.236067929580414296e-02 1.539624964761899129e-04 -8.759286051727757628e-05 -2.179609026692994693e-05 4.350447422036021056e-03
2.236067929580414296e-02 1.539624964761899129e-04 -8.759286051727757628e-05 -2.179609026692994693e-05 4.350447422036021056e-03
2.236067929580414296e-02 1.539624964761899129e-04 -8.759286051727757628e-05 -2.179609026692994693e-05 4.350447422036021056e-03
2.236067929580414296e-02 1.539624964761899129e-04 -8.759286051727757628e-05 -2.179609026692994693e-05 4.350447422036021056e-03
2.236067929580414296e-02 1.539624964761899129e-04 -8.759286051727757628e-05 -2.179609026692994693e-05 4.350447422036021056e-03
2.236067929580414296e-02 1.539624964761899129e-04 -8.759286051727757628e-05 -2.179609026692994693e-05 4.350447422036021056e-03
2.236067929580414296e-02 1.539624964761899129e-04 -8.759286051727757628e-05 -2.179609026692994693e-05 4.350447422036021056e-03
2.236067929580414296e-02 1.539624964761899129e-04 -8.759286051727757628e-05 -2.179609026692994693e-05 4.350447422036021056e-03
2.236067929580414296e-02 1.539624964761899129e-04 -8.759286051727757628e-05 -2.179609026692994693e-05 4.350447422036021056e-03
2.236067929580414296e-02 1.539624964761899129e-04 -8.759286051727757628e-05 -2.179609026692994693e-05 4.350447422036021056e-03
2.236067929580414296e-02 1.539624964761899129e-04 -8.759286051727757628e-05 -2.179609026692994693e-05 4.350447422036021056e-03
2.236067929580414296e-02 1.539624964761899129e-04 -8.759286051727757628e-05 -2.179609026692994693e-05 4.350447422036021056e-03
2.236067929580414296e-02 1.539624964761899129e-04 -8.759286051727757628e-05 -2.179609026692994693e-05 4.350447422036021056e-03
2.236067929580414296e-02 1.539624964761899129e-04 -8.759286051727757628e-05 -2.179609026692994693e-05 4.350447422036021056e-03
2.236067929580414296e-02 1.539624964761899129e-04 -8.759286051727757628e-05 -2.179609026692994693e-05 4.350447422036021056e-03
2.236067929580414296e-02 1.539624964761899129e-04 -8.759286051727757628e-05 -2.179609026692994693e-05 4.350447422036021056e-03
2.236067929580414296e-02 1.539624964761899129e-04 -8.759286051727757628e-05 -2.179609026692994693e-05 4.350447422036021056e-03
2.236067929580414296e-02 1.539624964761899129e-04 -8.759286051727757628e-05 -2.179609026692994693e-05 4.350447422036021056e-03
2.236067929580414296e-02 1.539624964761899129e-04 -8.759286051727757628e-05 -2.179609026692994693e-05 4.350447422036021056e-03
2.236067929580414296e-02 1.539624964761899129e-04 -8.759286051727757628e-05 -2.179609026692994693e-05 4.350447422036021056e-03
2.236067929580414296e-02 1.539624964761899129e-04 -8.759286051727757628e-05 -2.179609026692994693e-05 4.350447422036021056e-03
2.236067929580414296e-02 1.539624964761899129e-04 -8.759286051727757628e-05 -2.179609026692994693e-05 4.350447422036021056e-03
2.236067929580414296e-02 1.539624964761899129e-04 -8.759286051727757628e-05 -2.179609026692994693e-05 4.350447422036021056e-03
2.236067929580414296e-02 1.539624964761899129e-04 -8.759286051727757628e-05 -2.179609026692994693e-05 4.350447422036021056e-03
2.236067929580414296e-02 1.539624964761899129e-04 -8.759286051727757628e-05 -2.179609026692994693e-05 4.350447422036021056e-03
2.236067929580414296e-02 1.539624964761899129e-04 -8.759286051727757628e-05 -2.179609026692994693e-05 4.350447422036021056e-03
2.236067929580414296e-02 1.539624964761899129e-04 -8.759286051727757628e-05 -2.179609026692994693e-05 4.350447422036021056e-03
2.236067929580414296e-02 1.539624964761899129e-04 -8.759286051727757628e-05 -2.179609026692994693e-05 4.350447422036021056e-03
2.236067929580414296e-02 1.539624964761899129e-04 -8.759286051727757628e-05 -2.179609026692994693e-05 4.350447422036021056e-03
2.236067929580414296e-02 1.539624964761899129e-04 -8.759286051727757628e-05 -2.179609026692994693e-05 4.350447422036021056e-03
2.236067929580414296e-02 1.539624964761899129e-04 -8.759286051727757628e-05 -2.179609026692994693e-05 4.350447422036021056e-03
2.236067929580414296e-02 1.539624964761899129e-04 -8.759286051727757628e-05 -2.179609026692994693e-05 4.350447422036021056e-03
2.236067929580414296e-02 1.539624964761899129e-04 -8.759286051727757628e-05 -2.179609026692994693e-05 4.350447422036021056e-03
2.236067929580414296e-02 1.539624964761899129e-04 -8.759286051727757628e-05 -2.179609026692994693e-05 4.350447422036021056e-03
2.236067929580414296e-02 1.539624964761899129e-04 -8.759286051727757628e-05 -2.179609026692994693e-05 4.350447422036021056e-03
2.236067929580414296e-02 1.539624964761899129e-04 -8.759286051727757628e-05 -2.179609026692994693e-05 4.350447422036021056e-03
2.236067929580414296e-02 1.539624964761899129e-04 -8.759286051727757628e-05 -2.179609026692994693e-05 4.350447422036021056e-03
2.236067929580414296e-02 1.539624964761899129e-04 -8.759286051727757628e-05 -2.179609026692994693e-05 4.350447422036021056e-03
2.236067929580414296e-02 1.539624964761899129e-04 -8.759286051727757628e-05 -2.179609026692994693e-05 4.350447422036021056e-03
2.236067929580414296e-02 1.539624964761899129e-04 -8.759286051727757628e-05 -2.179609026692994693e-05 4.350447422036021056e-03
2.236067929580414296e-02 1.539624964761899129e-04 -8.759286051727757628e-05 -2.179609026692994693e-05 4.350447422036021056e-03
2.236067929580414296e-02 1.539624964761899129e-04 -8.759286051727757628e-05 -2.179609026692994693e-05 4.350447422036021056e-03
2.236067929580414296e-02 1.539624964761899129e-04 -8.759286051727757628e-05 -2.179609026692994693e-05 4.350447422036021056e-03
2.236067929580414296e-02 1.539624964761899129e-04 -8.759286051727757628e-05 -2.179609026692994693e-05 4.350447422036021056e-03
2.236067929580414296e-02 1.539624964761899129e-04 -8.759286051727757628e-05 -2.179609026692994693e-05 4.350447422036021056e-03
2.236067929580414296e-02 1.539624964761899129e-04 -8.759286051727757628e-05 -2.179609026692994693e-05 4.350447422036021056e-03
2.236067929580414296e-02 1.539624964761899129e-04 -8.759286051727757628e-05 -2.179609026692994693e-05 4.350447422036021056e-03
2.236067929580414296e-02 1.539624964761899129e-04 -8.759286051727757628e-05 -2.179609026692994693e-05 4.350447422036021056e-03
2.236067929580414296e-02 1.539624964761899129e-04 -8.759286051727757628e-05 -2.179609026692994693e-05 4.350447422036021056e-03
2.236067929580414296e-02 1.539624964761899129e-04 -8.759286051727757628e-05 -2.179609026692994693e-05 4.350447422036021056e-03
2.236067929580414296e-02 1.539624964761899129e-04 -8.759286051727757628e-05 -2.179609026692994693e-05 4.350447422036021056e-03
2.236067929580414296e-02 1.539624964761899129e-04 -8.759286051727757628e-05 -2.179609026692994693e-05 4.350447422036021056e-03
2.236067929580414296e-02 1.539624964761899129e-04 -8.759286051727757628e-05 -2.179609026692994693e-05 4.350447422036021056e-03
2.236067929580414296e-02 1.539624964761899129e-04 -8.759286051727757628e-05 -2.179609026692994693e-05 4.350447422036021056e-03
2.236067929580414296e-02 1.539624964761899129e-04 -8.759286051727757628e-05 -2.179609026692994693e-05 4.350447422036021056e-03
2.236067929580414296e-02 1.539624964761899129e-04 -8.759286051727757628e-05 -2.179609026692994693e-05 4.350447422036021056e-03
2.236067929580414296e-02 1.539624964761899129e-04 -8.759286051727757628e-05 -2.179609026692994693e-05 4.350447422036021056e-03
2.236067929580414296e-02 1.539624964761899129e-04 -8.759286051727757628e-05 -2.179609026692994693e-05 4.350447422036021056e-03
2.236067929580414296e-02 1.539624964761899129e-04 -8.759286051727757628e-05 -2.179609026692994693e-05 4.350447422036021056e-03
2.236067929580414296e-02 1.539624964761899129e-04 -8.759286051727757628e-05 -2.179609026692994693e-05 4.350447422036021056e-03
2.236067929580414296e-02 1.539624964761899129e-04 -8.759286051727757628e-05 -2.179609026692994693e-05 4.350447422036021056e-03
2.236067929580414296e-02 1.539624964761899129e-04 -8.759286051727757628e-05 -2.179609026692994693e-05 4.350447422036021056e-03
2.236067929580414296e-02 1.539624964761899129e-04 -8.759286051727757628e-05 -2.179609026692994693e-05 4.350447422036021056e-03
2.236067929580414296e-02 1.539624964761899129e-04 -8.759286051727757628e-05 -2.179609026692994693e-05 4.350447422036021056e-03
2.236067929580414296e-02 1.539624964761899129e-04 -8.759286051727757628e-05 -2.179609026692994693e-05 4.350447422036021056e-03
2.236067929580414296e-02 1.539624964761899129e-04 -8.759286051727757628e-05 -2.179609026692994693e-05 4.350447422036021056e-03
2.236067929580414296e-02 1.539624964761899129e-04 -8.759286051727757628e-05 -2.179609026692994693e-05 4.350447422036021056e-03
2.236067929580414296e-02 1.539624964761899129e-04 -8.759286051727757628e-05 -2.179609026692994693e-05 4.350447422036021056e-03
2.236067929580414296e-02 1.539624964761899129e-04 -8.759286051727757628e-05 -2.179609026692994693e-05 4.350447422036021056e-03
2.236067929580414296e-02 1.539624964761899129e-04 -8.759286051727757628e-05 -2.179609026692994693e-05 4.350447422036021056e-03
2.236067929580414296e-02 1.539624964761899129e-04 -8.759286051727757628e-05 -2.179609026692994693e-05 4.350447422036021056e-03
2.236067929580414296e-02 1.539624964761899129e-04 -8.759286051727757628e-05 -2.179609026692994693e-05 4.350447422036021056e-03
2.236067929580414296e-02 1.539624964761899129e-04 -8.759286051727757628e-05 -2.179609026692994693e-05 4.350447422036021056e-03
2.236067929580414296e-02 1.539624964761899129e-04 -8.759286051727757628e-05 -2.179609026692994693e-05 4.350447422036021056e-03
2.236067929580414296e-02 1.539624964761899129e-04 -8.759286051727757628e-05 -2.179609026692994693e-05 4.350447422036021056e-03
2.236067929580414296e-02 1.539624964761899129e-04 -8.759286051727757628e-05 -2.179609026692994693e-05 4.350447422036021056e-03
2.236067929580414296e-02 1.539624964761899129e-04 -8.759286051727757628e-05 -2.179609026692994693e-05 4.350447422036021056e-03
2.236067929580414296e-02 1.539624964761899129e-04 -8.759286051727757628e-05 -2.179609026692994693e-05 4.350447422036021056e-03
2.236067929580414296e-02 1.539624964761899129e-04 -8.759286051727757628e-05 -2.179609026692994693e-05 4.350447422036021056e-03
2.236067929580414296e-02 1.539624964761899129e-04 -8.759286051727757628e-05 -2.179609026692994693e-05 4.350447422036021056e-03
2.236067929580414296e-02 1.539624964761899129e-04 -8.759286051727757628e-05 -2.179609026692994693e-05 4.350447422036021056e-03
2.236067929580414296e-02 1.539624964761899129e-04 -8.759286051727757628e-05 -2.179609026692994693e-05 4.350447422036021056e-03
2.236067929580414296e-02 1.539624964761899129e-04 -8.759286051727757628e-05 -2.179609026692994693e-05 4.350447422036021056e-03
2.236067929580414296e-02 1.539624964761899129e-04 -8.759286051727757628e-05 -2.179609026692994693e-05 4.350447422036021056e-03
2.236067929580414296e-02 1.539624964761899129e-04 -8.759286051727757628e-05 -2.179609026692994693e-05 4.350447422036021056e-03
2.236067929580414296e-02 1.539624964761899129e-04 -8.759286051727757628e-05 -2.179609026692994693e-05 4.350447422036021056e-03
2.236067929580414296e-02 1.539624964761899129e-04 -8.759286051727757628e-05 -2.179609026692994693e-05 4.350447422036021056e-03
2.236067929580414296e-02 1.539624964761899129e-04 -8.759286051727757628e-05 -2.179609026692994693e-05 4.350447422036021056e-03
2.236067929580414296e-02 1.539624964761899129e-04 -8.759286051727757628e-05 -2.179609026692994693e-05 4.350447422036021056e-03
2.236067929580414296e-02 1.539624964761899129e-04 -8.759286051727757628e-05 -2.179609026692994693e-05 4.350447422036021056e-03
2.236067929580414296e-02 1.539624964761899129e-04 -8.759286051727757628e-05 -2.179609026692994693e-05 4.350447422036021056e-03
2.236067929580414296e-02 1.539624964761899129e-04 -8.759286051727757628e-05 -2.179609026692994693e-05 4.350447422036021056e-03
2.236067929580414296e-02 1.539624964761899129e-04 -8.759286051727757628e-05 -2.179609026692994693e-05 4.350447422036021056e-03
2.236067929580414296e-02 1.539624964761899129e-04 -8.759286051727757628e-05 -2.179609026692994693e-05 4.350447422036021056e-03
2.236067929580414296e-02 1.539624964761899129e-04 -8.759286051727757628e-05 -2.179609026692994693e-05 4.350447422036021056e-03
2.236067929580414296e-02 1.539624964761899129e-04 -8.759286051727757628e-05 -2.179609026692994693e-05 4.350447422036021056e-03
2.236067929580414296e-02 1.539624964761899129e-04 -8.759286051727757628e-05 -2.179609026692994693e-05 4.350447422036021056e-03
2.236067929580414296e-02 1.539624964761899129e-04 -8.759286051727757628e-05 -2.179609026692994693e-05 4.350447422036021056e-03
2.236067929580414296e-02 1.539624964761899129e-04 -8.759286051727757628e-05 -2.179609026692994693e-05 4.350447422036021056e-03
2.236067929580414296e-02 1.539624964761899129e-04 -8.759286051727757628e-05 -2.179609026692994693e-05 4.350447422036021056e-03
2.236067929580414296e-02 1.539624964761899129e-04 -8.759286051727757628e-05 -2.179609026692994693e-05 4.350447422036021056e-03
2.236067929580414296e-02 1.539624964761899129e-04 -8.759286051727757628e-05 -2.179609026692994693e-05 4.350447422036021056e-03
2.236067929580414296e-02 1.539624964761899129e-04 -8.759286051727757628e-05 -2.179609026692994693e-05 4.350447422036021056e-03
2.236067929580414296e-02 1.539624964761899129e-04 -8.759286051727757628e-05 -2.179609026692994693e-05 4.350447422036021056e-03
2.236067929580414296e-02 1.539624964761899129e-04 -8.759286051727757628e-05 -2.179609026692994693e-05 4.350447422036021056e-03
2.236067929580414296e-02 1.539624964761899129e-04 -8.759286051727757628e-05 -2.179609026692994693e-05 4.350447422036021056e-03
2.236067929580414296e-02 1.539624964761899129e-04 -8.759286051727757628e-05 -2.179609026692994693e-05 4.350447422036021056e-03
2.236067929580414296e-02 1.539624964761899129e-04 -8.759286051727757628e-05 -2.179609026692994693e-05 4.350447422036021056e-03
2.236067929580414296e-02 1.539624964761899129e-04 -8.759286051727757628e-05 -2.179609026692994693e-05 4.350447422036021056e-03
2.236067929580414296e-02 1.539624964761899129e-04 -8.759286051727757628e-05 -2.179609026692994693e-05 4.350447422036021056e-03
2.236067929580414296e-02 1.539624964761899129e-04 -8.759286051727757628e-05 -2.179609026692994693e-05 4.350447422036021056e-03
2.236067929580414296e-02 1.539624964761899129e-04 -8.759286051727757628e-05 -2.179609026692994693e-05 4.350447422036021056e-03
2.236067929580414296e-02 1.539624964761899129e-04 -8.759286051727757628e-05 -2.179609026692994693e-05 4.350447422036021056e-03
2.236067929580414296e-02 1.539624964761899129e-04 -8.759286051727757628e-05 -2.179609026692994693e-05 4.350447422036021056e-03
2.236067929580414296e-02 1.539624964761899129e-04 -8.759286051727757628e-05 -2.179609026692994693e-05 4.350447422036021056e-03
2.236067929580414296e-02 1.539624964761899129e-04 -8.759286051727757628e-05 -2.179609026692994693e-05 4.350447422036021056e-03
2.236067929580414296e-02 1.539624964761899129e-04 -8.759286051727757628e-05 -2.179609026692994693e-05 4.350447422036021056e-03
2.236067929580414296e-02 1.539624964761899129e-04 -8.759286051727757628e-05 -2.179609026692994693e-05 4.350447422036021056e-03
2.236067929580414296e-02 1.539624964761899129e-04 -8.759286051727757628e-05 -2.179609026692994693e-05 4.350447422036021056e-03
2.236067929580414296e-02 1.539624964761899129e-04 -8.759286051727757628e-05 -2.179609026692994693e-05 4.350447422036021056e-03
2.236067929580414296e-02 1.539624964761899129e-04 -8.759286051727757628e-05 -2.179609026692994693e-05 4.350447422036021056e-03
2.236067929580414296e-02 1.539624964761899129e-04 -8.759286051727757628e-05 -2.179609026692994693e-05 4.350447422036021056e-03
2.236067929580414296e-02 1.539624964761899129e-04 -8.759286051727757628e-05 -2.179609026692994693e-05 4.350447422036021056e-03
2.236067929580414296e-02 1.539624964761899129e-04 -8.759286051727757628e-05 -2.179609026692994693e-05 4.350447422036021056e-03
2.236067929580414296e-02 1.539624964761899129e-04 -8.759286051727757628e-05 -2.179609026692994693e-05 4.350447422036021056e-03
2.236067929580414296e-02 1.539624964761899129e-04 -8.759286051727757628e-05 -2.179609026692994693e-05 4.350447422036021056e-03
2.236067929580414296e-02 1.539624964761899129e-04 -8.759286051727757628e-05 -2.179609026692994693e-05 4.350447422036021056e-03
2.236067929580414296e-02 1.539624964761899129e-04 -8.759286051727757628e-05 -2.179609026692994693e-05 4.350447422036021056e-03
2.236067929580414296e-02 1.539624964761899129e-04 -8.759286051727757628e-05 -2.179609026692994693e-05 4.350447422036021056e-03
2.236067929580414296e-02 1.539624964761899129e-04 -8.759286051727757628e-05 -2.179609026692994693e-05 4.350447422036021056e-03
2.236067929580414296e-02 1.539624964761899129e-04 -8.759286051727757628e-05 -2.179609026692994693e-05 4.350447422036021056e-03
2.236067929580414296e-02 1.539624964761899129e-04 -8.759286051727757628e-05 -2.179609026692994693e-05 4.350447422036021056e-03
2.236067929580414296e-02 1.539624964761899129e-04 -8.759286051727757628e-05 -2.179609026692994693e-05 4.350447422036021056e-03
2.236067929580414296e-02 1.539624964761899129e-04 -8.759286051727757628e-05 -2.179609026692994693e-05 4.350447422036021056e-03
2.236067929580414296e-02 1.539624964761899129e-04 -8.759286051727757628e-05 -2.179609026692994693e-05 4.350447422036021056e-03
2.236067929580414296e-02 1.539624964761899129e-04 -8.759286051727757628e-05 -2.179609026692994693e-05 4.350447422036021056e-03
2.236067929580414296e-02 1.539624964761899129e-04 -8.759286051727757628e-05 -2.179609026692994693e-05 4.350447422036021056e-03
2.236067929580414296e-02 1.539624964761899129e-04 -8.759286051727757628e-05 -2.179609026692994693e-05 4.350447422036021056e-03
2.236067929580414296e-02 1.539624964761899129e-04 -8.759286051727757628e-05 -2.179609026692994693e-05 4.350447422036021056e-03
2.236067929580414296e-02 1.539624964761899129e-04 -8.759286051727757628e-05 -2.179609026692994693e-05 4.350447422036021056e-03
2.236067929580414296e-02 1.539624964761899129e-04 -8.759286051727757628e-05 -2.179609026692994693e-05 4.350447422036021056e-03
2.236067929580414296e-02 1.539624964761899129e-04 -8.759286051727757628e-05 -2.179609026692994693e-05 4.350447422036021056e-03
2.236067929580414296e-02 1.539624964761899129e-04 -8.759286051727757628e-05 -2.179609026692994693e-05 4.350447422036021056e-03
2.236067929580414296e-02 1.539624964761899129e-04 -8.759286051727757628e-05 -2.179609026692994693e-05 4.350447422036021056e-03
2.236067929580414296e-02 1.539624964761899129e-04 -8.759286051727757628e-05 -2.179609026692994693e-05 4.350447422036021056e-03
2.236067929580414296e-02 1.539624964761899129e-04 -8.759286051727757628e-05 -2.179609026692994693e-05 4.350447422036021056e-03
2.236067929580414296e-02 1.539624964761899129e-04 -8.759286051727757628e-05 -2.179609026692994693e-05 4.350447422036021056e-03
2.236067929580414296e-02 1.539624964761899129e-04 -8.759286051727757628e-05 -2.179609026692994693e-05 4.350447422036021056e-03
2.236067929580414296e-02 1.539624964761899129e-04 -8.759286051727757628e-05 -2.179609026692994693e-05 4.350447422036021056e-03
2.236067929580414296e-02 1.539624964761899129e-04 -8.759286051727757628e-05 -2.179609026692994693e-05 4.350447422036021056e-03
2.236067929580414296e-02 1.539624964761899129e-04 -8.759286051727757628e-05 -2.179609026692994693e-05 4.350447422036021056e-03
2.236067929580414296e-02 1.539624964761899129e-04 -8.759286051727757628e-05 -2.179609026692994693e-05 4.350447422036021056e-03
2.236067929580414296e-02 1.539624964761899129e-04 -8.759286051727757628e-05 -2.179609026692994693e-05 4.350447422036021056e-03
2.236067929580414296e-02 1.539624964761899129e-04 -8.759286051727757628e-05 -2.179609026692994693e-05 4.350447422036021056e-03
2.236067929580414296e-02 1.539624964761899129e-04 -8.759286051727757628e-05 -2.179609026692994693e-05 4.350447422036021056e-03
2.236067929580414296e-02 1.539624964761899129e-04 -8.759286051727757628e-05 -2.179609026692994693e-05 4.350447422036021056e-03
2.236067929580414296e-02 1.539624964761899129e-04 -8.759286051727757628e-05 -2.179609026692994693e-05 4.350447422036021056e-03
2.236067929580414296e-02 1.539624964761899129e-04 -8.759286051727757628e-05 -2.179609026692994693e-05 4.350447422036021056e-03
2.236067929580414296e-02 1.539624964761899129e-04 -8.759286051727757628e-05 -2.179609026692994693e-05 4.350447422036021056e-03
2.236067929580414296e-02 1.539624964761899129e-04 -8.759286051727757628e-05 -2.179609026692994693e-05 4.350447422036021056e-03
2.236067929580414296e-02 1.539624964761899129e-04 -8.759286051727757628e-05 -2.179609026692994693e-05 4.350447422036021056e-03
2.236067929580414296e-02 1.539624964761899129e-04 -8.759286051727757628e-05 -2.179609026692994693e-05 4.350447422036021056e-03
2.236067929580414296e-02 1.539624964761899129e-04 -8.759286051727757628e-05 -2.179609026692994693e-05 4.350447422036021056e-03
2.236067929580414296e-02 1.539624964761899129e-04 -8.759286051727757628e-05 -2.179609026692994693e-05 4.350447422036021056e-03
2.236067929580414296e-02 1.539624964761899129e-04 -8.759286051727757628e-05 -2.179609026692994693e-05 4.350447422036021056e-03
2.236067929580414296e-02 1.539624964761899129e-04 -8.759286051727757628e-05 -2.179609026692994693e-05 4.350447422036021056e-03
2.236067929580414296e-02 1.539624964761899129e-04 -8.759286051727757628e-05 -2.179609026692994693e-05 4.350447422036021056e-03
2.236067929580414296e-02 1.539624964761899129e-04 -8.759286051727757628e-05 -2.179609026692994693e-05 4.350447422036021056e-03
2.236067929580414296e-02 1.539624964761899129e-04 -8.759286051727757628e-05 -2.179609026692994693e-05 4.350447422036021056e-03
2.236067929580414296e-02 1.539624964761899129e-04 -8.759286051727757628e-05 -2.179609026692994693e-05 4.350447422036021056e-03
2.236067929580414296e-02 1.539624964761899129e-04 -8.759286051727757628e-05 -2.179609026692994693e-05 4.350447422036021056e-03
2.236067929580414296e-02 1.539624964761899129e-04 -8.759286051727757628e-05 -2.179609026692994693e-05 4.350447422036021056e-03
2.236067929580414296e-02 1.539624964761899129e-04 -8.759286051727757628e-05 -2.179609026692994693e-05 4.350447422036021056e-03
2.236067929580414296e-02 1.539624964761899129e-04 -8.759286051727757628e-05 -2.179609026692994693e-05 4.350447422036021056e-03
2.236067929580414296e-02 1.539624964761899129e-04 -8.759286051727757628e-05 -2.179609026692994693e-05 4.350447422036021056e-03
2.236067929580414296e-02 1.539624964761899129e-04 -8.759286051727757628e-05 -2.179609026692994693e-05 4.350447422036021056e-03
2.236067929580414296e-02 1.539624964761899129e-04 -8.759286051727757628e-05 -2.179609026692994693e-05 4.350447422036021056e-03
2.236067929580414296e-02 1.539624964761899129e-04 -8.759286051727757628e-05 -2.179609026692994693e-05 4.350447422036021056e-03
2.236067929580414296e-02 1.539624964761899129e-04 -8.759286051727757628e-05 -2.179609026692994693e-05 4.350447422036021056e-03
2.236067929580414296e-02 1.539624964761899129e-04 -8.759286051727757628e-05 -2.179609026692994693e-05 4.350447422036021056e-03
2.236067929580414296e-02 1.539624964761899129e-04 -8.759286051727757628e-05 -2.179609026692994693e-05 4.350447422036021056e-03
2.236067929580414296e-02 1.539624964761899129e-04 -8.759286051727757628e-05 -2.179609026692994693e-05 4.350447422036021056e-03
2.236067929580414296e-02 1.539624964761899129e-04 -8.759286051727757628e-05 -2.179609026692994693e-05 4.350447422036021056e-03
2.236067929580414296e-02 1.539624964761899129e-04 -8.759286051727757628e-05 -2.179609026692994693e-05 4.350447422036021056e-03
2.236067929580414296e-02 1.539624964761899129e-04 -8.759286051727757628e-05 -2.179609026692994693e-05 4.350447422036021056e-03
2.236067929580414296e-02 1.539624964761899129e-04 -8.759286051727757628e-05 -2.179609026692994693e-05 4.350447422036021056e-03
2.236067929580414296e-02 1.539624964761899129e-04 -8.759286051727757628e-05 -2.179609026692994693e-05 4.350447422036021056e-03
2.236067929580414296e-02 1.539624964761899129e-04 -8.759286051727757628e-05 -2.179609026692994693e-05 4.350447422036021056e-03
2.236067929580414296e-02 1.539624964761899129e-04 -8.759286051727757628e-05 -2.179609026692994693e-05 4.350447422036021056e-03
2.236067929580414296e-02 1.539624964761899129e-04 -8.759286051727757628e-05 -2.179609026692994693e-05 4.350447422036021056e-03
2.236067929580414296e-02 1.539624964761899129e-04 -8.759286051727757628e-05 -2.179609026692994693e-05 4.350447422036021056e-03
2.236067929580414296e-02 1.539624964761899129e-04 -8.759286051727757628e-05 -2.179609026692994693e-05 4.350447422036021056e-03
2.236067929580414296e-02 1.539624964761899129e-04 -8.759286051727757628e-05 -2.179609026692994693e-05 4.350447422036021056e-03
2.236067929580414296e-02 1.539624964761899129e-04 -8.759286051727757628e-05 -2.179609026692994693e-05 4.350447422036021056e-03
2.236067929580414296e-02 1.539624964761899129e-04 -8.759286051727757628e-05 -2.179609026692994693e-05 4.350447422036021056e-03
2.236067929580414296e-02 1.539624964761899129e-04 -8.759286051727757628e-05 -2.179609026692994693e-05 4.350447422036021056e-03
2.236067929580414296e-02 1.539624964761899129e-04 -8.759286051727757628e-05 -2.179609026692994693e-05 4.350447422036021056e-03
2.236067929580414296e-02 1.539624964761899129e-04 -8.759286051727757628e-05 -2.179609026692994693e-05 4.350447422036021056e-03
2.236067929580414296e-02 1.539624964761899129e-04 -8.759286051727757628e-05 -2.179609026692994693e-05 4.350447422036021056e-03
2.236067929580414296e-02 1.539624964761899129e-04 -8.759286051727757628e-05 -2.179609026692994693e-05 4.350447422036021056e-03
2.236067929580414296e-02 1.539624964761899129e-04 -8.759286051727757628e-05 -2.179609026692994693e-05 4.350447422036021056e-03
2.236067929580414296e-02 1.539624964761899129e-04 -8.759286051727757628e-05 -2.179609026692994693e-05 4.350447422036021056e-03
2.236067929580414296e-02 1.539624964761899129e-04 -8.759286051727757628e-05 -2.179609026692994693e-05 4.350447422036021056e-03
2.236067929580414296e-02 1.539624964761899129e-04 -8.759286051727757628e-05 -2.179609026692994693e-05 4.350447422036021056e-03
2.236067929580414296e-02 1.539624964761899129e-04 -8.759286051727757628e-05 -2.179609026692994693e-05 4.350447422036021056e-03
2.236067929580414296e-02 1.539624964761899129e-04 -8.759286051727757628e-05 -2.179609026692994693e-05 4.350447422036021056e-03
2.236067929580414296e-02 1.539624964761899129e-04 -8.759286051727757628e-05 -2.179609026692994693e-05 4.350447422036021056e-03
2.236067929580414296e-02 1.539624964761899129e-04 -8.759286051727757628e-05 -2.179609026692994693e-05 4.350447422036021056e-03
2.236067929580414296e-02 1.539624964761899129e-04 -8.759286051727757628e-05 -2.179609026692994693e-05 4.350447422036021056e-03
2.236067929580414296e-02 1.539624964761899129e-04 -8.759286051727757628e-05 -2.179609026692994693e-05 4.350447422036021056e-03
2.236067929580414296e-02 1.539624964761899129e-04 -8.759286051727757628e-05 -2.179609026692994693e-05 4.350447422036021056e-03
2.236067929580414296e-02 1.539624964761899129e-04 -8.759286051727757628e-05 -2.179609026692994693e-05 4.350447422036021056e-03
2.236067929580414296e-02 1.539624964761899129e-04 -8.759286051727757628e-05 -2.179609026692994693e-05 4.350447422036021056e-03
2.236067929580414296e-02 1.539624964761899129e-04 -8.759286051727757628e-05 -2.179609026692994693e-05 4.350447422036021056e-03
2.236067929580414296e-02 1.539624964761899129e-04 -8.759286051727757628e-05 -2.179609026692994693e-05 4.350447422036021056e-03
2.236067929580414296e-02 1.539624964761899129e-04 -8.759286051727757628e-05 -2.179609026692994693e-05 4.350447422036021056e-03
2.236067929580414296e-02 1.539624964761899129e-04 -8.759286051727757628e-05 -2.179609026692994693e-05 4.350447422036021056e-03
2.236067929580414296e-02 1.539624964761899129e-04 -8.759286051727757628e-05 -2.179609026692994693e-05 4.350447422036021056e-03
2.236067929580414296e-02 1.539624964761899129e-04 -8.759286051727757628e-05 -2.179609026692994693e-05 4.350447422036021056e-03
2.236067929580414296e-02 1.539624964761899129e-04 -8.759286051727757628e-05 -2.179609026692994693e-05 4.350447422036021056e-03
2.236067929580414296e-02 1.539624964761899129e-04 -8.759286051727757628e-05 -2.179609026692994693e-05 4.350447422036021056e-03
2.236067929580414296e-02 1.539624964761899129e-04 -8.759286051727757628e-05 -2.179609026692994693e-05 4.350447422036021056e-03
2.236067929580414296e-02 1.539624964761899129e-04 -8.759286051727757628e-05 -2.179609026692994693e-05 4.350447422036021056e-03
2.236067929580414296e-02 1.539624964761899129e-04 -8.759286051727757628e-05 -2.179609026692994693e-05 4.350447422036021056e-03
2.236067929580414296e-02 1.539624964761899129e-04 -8.759286051727757628e-05 -2.179609026692994693e-05 4.350447422036021056e-03
2.236067929580414296e-02 1.539624964761899129e-04 -8.759286051727757628e-05 -2.179609026692994693e-05 4.350447422036021056e-03
2.236067929580414296e-02 1.539624964761899129e-04 -8.759286051727757628e-05 -2.179609026692994693e-05 4.350447422036021056e-03
2.236067929580414296e-02 1.539624964761899129e-04 -8.759286051727757628e-05 -2.179609026692994693e-05 4.350447422036021056e-03
2.236067929580414296e-02 1.539624964761899129e-04 -8.759286051727757628e-05 -2.179609026692994693e-05 4.350447422036021056e-03
2.236067929580414296e-02 1.539624964761899129e-04 -8.759286051727757628e-05 -2.179609026692994693e-05 4.350447422036021056e-03
2.236067929580414296e-02 1.539624964761899129e-04 -8.759286051727757628e-05 -2.179609026692994693e-05 4.350447422036021056e-03
2.236067929580414296e-02 1.539624964761899129e-04 -8.759286051727757628e-05 -2.179609026692994693e-05 4.350447422036021056e-03
2.236067929580414296e-02 1.539624964761899129e-04 -8.759286051727757628e-05 -2.179609026692994693e-05 4.350447422036021056e-03
2.236067929580414296e-02 1.539624964761899129e-04 -8.759286051727757628e-05 -2.179609026692994693e-05 4.350447422036021056e-03
2.236067929580414296e-02 1.539624964761899129e-04 -8.759286051727757628e-05 -2.179609026692994693e-05 4.350447422036021056e-03
2.236067929580414296e-02 1.539624964761899129e-04 -8.759286051727757628e-05 -2.179609026692994693e-05 4.350447422036021056e-03
2.236067929580414296e-02 1.539624964761899129e-04 -8.759286051727757628e-05 -2.179609026692994693e-05 4.350447422036021056e-03
2.236067929580414296e-02 1.539624964761899129e-04 -8.759286051727757628e-05 -2.179609026692994693e-05 4.350447422036021056e-03
2.236067929580414296e-02 1.539624964761899129e-04 -8.759286051727757628e-05 -2.179609026692994693e-05 4.350447422036021056e-03
2.236067929580414296e-02 1.539624964761899129e-04 -8.759286051727757628e-05 -2.179609026692994693e-05 4.350447422036021056e-03
2.236067929580414296e-02 1.539624964761899129e-04 -8.759286051727757628e-05 -2.179609026692994693e-05 4.350447422036021056e-03
2.236067929580414296e-02 1.539624964761899129e-04 -8.759286051727757628e-05 -2.179609026692994693e-05 4.350447422036021056e-03
2.236067929580414296e-02 1.539624964761899129e-04 -8.759286051727757628e-05 -2.179609026692994693e-05 4.350447422036021056e-03
2.236067929580414296e-02 1.539624964761899129e-04 -8.759286051727757628e-05 -2.179609026692994693e-05 4.350447422036021056e-03
2.236067929580414296e-02 1.539624964761899129e-04 -8.759286051727757628e-05 -2.179609026692994693e-05 4.350447422036021056e-03
2.236067929580414296e-02 1.539624964761899129e-04 -8.759286051727757628e-05 -2.179609026692994693e-05 4.350447422036021056e-03
2.236067929580414296e-02 1.539624964761899129e-04 -8.759286051727757628e-05 -2.179609026692994693e-05 4.350447422036021056e-03
2.236067929580414296e-02 1.539624964761899129e-04 -8.759286051727757628e-05 -2.179609026692994693e-05 4.350447422036021056e-03
2.236067929580414296e-02 1.539624964761899129e-04 -8.759286051727757628e-05 -2.179609026692994693e-05 4.350447422036021056e-03
2.236067929580414296e-02 1.539624964761899129e-04 -8.759286051727757628e-05 -2.179609026692994693e-05 4.350447422036021056e-03
2.236067929580414296e-02 1.539624964761899129e-04 -8.759286051727757628e-05 -2.179609026692994693e-05 4.350447422036021056e-03
2.236067929580414296e-02 1.539624964761899129e-04 -8.759286051727757628e-05 -2.179609026692994693e-05 4.350447422036021056e-03
2.236067929580414296e-02 1.539624964761899129e-04 -8.759286051727757628e-05 -2.179609026692994693e-05 4.350447422036021056e-03
2.236067929580414296e-02 1.539624964761899129e-04 -8.759286051727757628e-05 -2.179609026692994693e-05 4.350447422036021056e-03
2.236067929580414296e-02 1.539624964761899129e-04 -8.759286051727757628e-05 -2.179609026692994693e-05 4.350447422036021056e-03
2.236067929580414296e-02 1.539624964761899129e-04 -8.759286051727757628e-05 -2.179609026692994693e-05 4.350447422036021056e-03
2.236067929580414296e-02 1.539624964761899129e-04 -8.759286051727757628e-05 -2.179609026692994693e-05 4.350447422036021056e-03
2.236067929580414296e-02 1.539624964761899129e-04 -8.759286051727757628e-05 -2.179609026692994693e-05 4.350447422036021056e-03
2.236067929580414296e-02 1.539624964761899129e-04 -8.759286051727757628e-05 -2.179609026692994693e-05 4.350447422036021056e-03
2.236067929580414296e-02 1.539624964761899129e-04 -8.759286051727757628e-05 -2.179609026692994693e-05 4.350447422036021056e-03
2.236067929580414296e-02 1.539624964761899129e-04 -8.759286051727757628e-05 -2.179609026692994693e-05 4.350447422036021056e-03
2.236067929580414296e-02 1.539624964761899129e-04 -8.759286051727757628e-05 -2.179609026692994693e-05 4.350447422036021056e-03
2.236067929580414296e-02 1.539624964761899129e-04 -8.759286051727757628e-05 -2.179609026692994693e-05 4.350447422036021056e-03
2.236067929580414296e-02 1.539624964761899129e-04 -8.759286051727757628e-05 -2.179609026692994693e-05 4.350447422036021056e-03
2.236067929580414296e-02 1.539624964761899129e-04 -8.759286051727757628e-05 -2.179609026692994693e-05 4.350447422036021056e-03
2.236067929580414296e-02 1.539624964761899129e-04 -8.759286051727757628e-05 -2.179609026692994693e-05 4.350447422036021056e-03
2.236067929580414296e-02 1.539624964761899129e-04 -8.759286051727757628e-05 -2.179609026692994693e-05 4.350447422036021056e-03
2.236067929580414296e-02 1.539624964761899129e-04 -8.759286051727757628e-05 -2.179609026692994693e-05 4.350447422036021056e-03
2.236067929580414296e-02 1.539624964761899129e-04 -8.759286051727757628e-05 -2.179609026692994693e-05 4.350447422036021056e-03
2.236067929580414296e-02 1.539624964761899129e-04 -8.759286051727757628e-05 -2.179609026692994693e-05 4.350447422036021056e-03
2.236067929580414296e-02 1.539624964761899129e-04 -8.759286051727757628e-05 -2.179609026692994693e-05 4.350447422036021056e-03
2.236067929580414296e-02 1.539624964761899129e-04 -8.759286051727757628e-05 -2.179609026692994693e-05 4.350447422036021056e-03
2.236067929580414296e-02 1.539624964761899129e-04 -8.759286051727757628e-05 -2.179609026692994693e-05 4.350447422036021056e-03
2.236067929580414296e-02 1.539624964761899129e-04 -8.759286051727757628e-05 -2.179609026692994693e-05 4.350447422036021056e-03
2.236067929580414296e-02 1.539624964761899129e-04 -8.759286051727757628e-05 -2.179609026692994693e-05 4.350447422036021056e-03
2.236067929580414296e-02 1.539624964761899129e-04 -8.759286051727757628e-05 -2.179609026692994693e-05 4.350447422036021056e-03
2.236067929580414296e-02 1.539624964761899129e-04 -8.759286051727757628e-05 -2.179609026692994693e-05 4.350447422036021056e-03
2.236067929580414296e-02 1.539624964761899129e-04 -8.759286051727757628e-05 -2.179609026692994693e-05 4.350447422036021056e-03
2.236067929580414296e-02 1.539624964761899129e-04 -8.759286051727757628e-05 -2.179609026692994693e-05 4.350447422036021056e-03
2.236067929580414296e-02 1.539624964761899129e-04 -8.759286051727757628e-05 -2.179609026692994693e-05 4.350447422036021056e-03
2.236067929580414296e-02 1.539624964761899129e-04 -8.759286051727757628e-05 -2.179609026692994693e-05 4.350447422036021056e-03
2.236067929580414296e-02 1.539624964761899129e-04 -8.759286051727757628e-05 -2.179609026692994693e-05 4.350447422036021056e-03
2.236067929580414296e-02 1.539624964761899129e-04 -8.759286051727757628e-05 -2.179609026692994693e-05 4.350447422036021056e-03
2.236067929580414296e-02 1.539624964761899129e-04 -8.759286051727757628e-05 -2.179609026692994693e-05 4.350447422036021056e-03
2.236067929580414296e-02 1.539624964761899129e-04 -8.759286051727757628e-05 -2.179609026692994693e-05 4.350447422036021056e-03
2.236067929580414296e-02 1.539624964761899129e-04 -8.759286051727757628e-05 -2.179609026692994693e-05 4.350447422036021056e-03
2.236067929580414296e-02 1.539624964761899129e-04 -8.759286051727757628e-05 -2.179609026692994693e-05 4.350447422036021056e-03
2.236067929580414296e-02 1.539624964761899129e-04 -8.759286051727757628e-05 -2.179609026692994693e-05 4.350447422036021056e-03
2.236067929580414296e-02 1.539624964761899129e-04 -8.759286051727757628e-05 -2.179609026692994693e-05 4.350447422036021056e-03
2.236067929580414296e-02 1.539624964761899129e-04 -8.759286051727757628e-05 -2.179609026692994693e-05 4.350447422036021056e-03
2.236067929580414296e-02 1.539624964761899129e-04 -8.759286051727757628e-05 -2.179609026692994693e-05 4.350447422036021056e-03
2.236067929580414296e-02 1.539624964761899129e-04 -8.759286051727757628e-05 -2.179609026692994693e-05 4.350447422036021056e-03
2.236067929580414296e-02 1.539624964761899129e-04 -8.759286051727757628e-05 -2.179609026692994693e-05 4.350447422036021056e-03
2.236067929580414296e-02 1.539624964761899129e-04 -8.759286051727757628e-05 -2.179609026692994693e-05 4.350447422036021056e-03
2.236067929580414296e-02 1.539624964761899129e-04 -8.759286051727757628e-05 -2.179609026692994693e-05 4.350447422036021056e-03
2.236067929580414296e-02 1.539624964761899129e-04 -8.759286051727757628e-05 -2.179609026692994693e-05 4.350447422036021056e-03
2.236067929580414296e-02 1.539624964761899129e-04 -8.759286051727757628e-05 -2.179609026692994693e-05 4.350447422036021056e-03
2.236067929580414296e-02 1.539624964761899129e-04 -8.759286051727757628e-05 -2.179609026692994693e-05 4.350447422036021056e-03
2.236067929580414296e-02 1.539624964761899129e-04 -8.759286051727757628e-05 -2.179609026692994693e-05 4.350447422036021056e-03
2.236067929580414296e-02 1.539624964761899129e-04 -8.759286051727757628e-05 -2.179609026692994693e-05 4.350447422036021056e-03
2.236067929580414296e-02 1.539624964761899129e-04 -8.759286051727757628e-05 -2.179609026692994693e-05 4.350447422036021056e-03
2.236067929580414296e-02 1.539624964761899129e-04 -8.759286051727757628e-05 -2.179609026692994693e-05 4.350447422036021056e-03
2.236067929580414296e-02 1.539624964761899129e-04 -8.759286051727757628e-05 -2.179609026692994693e-05 4.350447422036021056e-03
2.236067929580414296e-02 1.539624964761899129e-04 -8.759286051727757628e-05 -2.179609026692994693e-05 4.350447422036021056e-03
2.236067929580414296e-02 1.539624964761899129e-04 -8.759286051727757628e-05 -2.179609026692994693e-05 4.350447422036021056e-03
2.236067929580414296e-02 1.539624964761899129e-04 -8.759286051727757628e-05 -2.179609026692994693e-05 4.350447422036021056e-03
2.236067929580414296e-02 1.539624964761899129e-04 -8.759286051727757628e-05 -2.179609026692994693e-05 4.350447422036021056e-03
2.236067929580414296e-02 1.539624964761899129e-04 -8.759286051727757628e-05 -2.179609026692994693e-05 4.350447422036021056e-03
2.236067929580414296e-02 1.539624964761899129e-04 -8.759286051727757628e-05 -2.179609026692994693e-05 4.350447422036021056e-03
2.236067929580414296e-02 1.539624964761899129e-04 -8.759286051727757628e-05 -2.179609026692994693e-05 4.350447422036021056e-03
2.236067929580414296e-02 1.539624964761899129e-04 -8.759286051727757628e-05 -2.179609026692994693e-05 4.350447422036021056e-03
2.236067929580414296e-02 1.539624964761899129e-04 -8.759286051727757628e-05 -2.179609026692994693e-05 4.350447422036021056e-03
2.236067929580414296e-02 1.539624964761899129e-04 -8.759286051727757628e-05 -2.179609026692994693e-05 4.350447422036021056e-03
2.236067929580414296e-02 1.539624964761899129e-04 -8.759286051727757628e-05 -2.179609026692994693e-05 4.350447422036021056e-03
2.236067929580414296e-02 1.539624964761899129e-04 -8.759286051727757628e-05 -2.179609026692994693e-05 4.350447422036021056e-03
2.236067929580414296e-02 1.539624964761899129e-04 -8.759286051727757628e-05 -2.179609026692994693e-05 4.350447422036021056e-03
2.236067929580414296e-02 1.539624964761899129e-04 -8.759286051727757628e-05 -2.179609026692994693e-05 4.350447422036021056e-03
2.236067929580414296e-02 1.539624964761899129e-04 -8.759286051727757628e-05 -2.179609026692994693e-05 4.350447422036021056e-03
2.236067929580414296e-02 1.539624964761899129e-04 -8.759286051727757628e-05 -2.179609026692994693e-05 4.350447422036021056e-03
2.236067929580414296e-02 1.539624964761899129e-04 -8.759286051727757628e-05 -2.179609026692994693e-05 4.350447422036021056e-03
2.236067929580414296e-02 1.539624964761899129e-04 -8.759286051727757628e-05 -2.179609026692994693e-05 4.350447422036021056e-03
2.236067929580414296e-02 1.539624964761899129e-04 -8.759286051727757628e-05 -2.179609026692994693e-05 4.350447422036021056e-03
2.236067929580414296e-02 1.539624964761899129e-04 -8.759286051727757628e-05 -2.179609026692994693e-05 4.350447422036021056e-03
2.236067929580414296e-02 1.539624964761899129e-04 -8.759286051727757628e-05 -2.179609026692994693e-05 4.350447422036021056e-03
2.236067929580414296e-02 1.539624964761899129e-04 -8.759286051727757628e-05 -2.179609026692994693e-05 4.350447422036021056e-03
2.236067929580414296e-02 1.539624964761899129e-04 -8.759286051727757628e-05 -2.179609026692994693e-05 4.350447422036021056e-03
2.236067929580414296e-02 1.539624964761899129e-04 -8.759286051727757628e-05 -2.179609026692994693e-05 4.350447422036021056e-03
2.236067929580414296e-02 1.539624964761899129e-04 -8.759286051727757628e-05 -2.179609026692994693e-05 4.350447422036021056e-03
2.236067929580414296e-02 1.539624964761899129e-04 -8.759286051727757628e-05 -2.179609026692994693e-05 4.350447422036021056e-03
2.236067929580414296e-02 1.539624964761899129e-04 -8.759286051727757628e-05 -2.179609026692994693e-05 4.350447422036021056e-03
2.236067929580414296e-02 1.539624964761899129e-04 -8.759286051727757628e-05 -2.179609026692994693e-05 4.350447422036021056e-03
2.236067929580414296e-02 1.539624964761899129e-04 -8.759286051727757628e-05 -2.179609026692994693e-05 4.350447422036021056e-03
2.236067929580414296e-02 1.539624964761899129e-04 -8.759286051727757628e-05 -2.179609026692994693e-05 4.350447422036021056e-03
2.236067929580414296e-02 1.539624964761899129e-04 -8.759286051727757628e-05 -2.179609026692994693e-05 4.350447422036021056e-03
2.236067929580414296e-02 1.539624964761899129e-04 -8.759286051727757628e-05 -2.179609026692994693e-05 4.350447422036021056e-03
2.236067929580414296e-02 1.539624964761899129e-04 -8.759286051727757628e-05 -2.179609026692994693e-05 4.350447422036021056e-03
2.236067929580414296e-02 1.539624964761899129e-04 -8.759286051727757628e-05 -2.179609026692994693e-05 4.350447422036021056e-03
2.236067929580414296e-02 1.539624964761899129e-04 -8.759286051727757628e-05 -2.179609026692994693e-05 4.350447422036021056e-03
2.236067929580414296e-02 1.539624964761899129e-04 -8.759286051727757628e-05 -2.179609026692994693e-05 4.350447422036021056e-03
2.236067929580414296e-02 1.539624964761899129e-04 -8.759286051727757628e-05 -2.179609026692994693e-05 4.350447422036021056e-03
2.236067929580414296e-02 1.539624964761899129e-04 -8.759286051727757628e-05 -2.179609026692994693e-05 4.350447422036021056e-03
2.236067929580414296e-02 1.539624964761899129e-04 -8.759286051727757628e-05 -2.179609026692994693e-05 4.350447422036021056e-03
2.236067929580414296e-02 1.539624964761899129e-04 -8.759286051727757628e-05 -2.179609026692994693e-05 4.350447422036021056e-03
2.236067929580414296e-02 1.539624964761899129e-04 -8.759286051727757628e-05 -2.179609026692994693e-05 4.350447422036021056e-03
2.236067929580414296e-02 1.539624964761899129e-04 -8.759286051727757628e-05 -2.179609026692994693e-05 4.350447422036021056e-03
2.236067929580414296e-02 1.539624964761899129e-04 -8.759286051727757628e-05 -2.179609026692994693e-05 4.350447422036021056e-03
2.236067929580414296e-02 1.539624964761899129e-04 -8.759286051727757628e-05 -2.179609026692994693e-05 4.350447422036021056e-03
2.236067929580414296e-02 1.539624964761899129e-04 -8.759286051727757628e-05 -2.179609026692994693e-05 4.350447422036021056e-03
2.236067929580414296e-02 1.539624964761899129e-04 -8.759286051727757628e-05 -2.179609026692994693e-05 4.350447422036021056e-03
2.236067929580414296e-02 1.539624964761899129e-04 -8.759286051727757628e-05 -2.179609026692994693e-05 4.350447422036021056e-03
2.236067929580414296e-02 1.539624964761899129e-04 -8.759286051727757628e-05 -2.179609026692994693e-05 4.350447422036021056e-03
2.236067929580414296e-02 1.539624964761899129e-04 -8.759286051727757628e-05 -2.179609026692994693e-05 4.350447422036021056e-03
2.236067929580414296e-02 1.539624964761899129e-04 -8.759286051727757628e-05 -2.179609026692994693e-05 4.350447422036021056e-03
2.236067929580414296e-02 1.539624964761899129e-04 -8.759286051727757628e-05 -2.179609026692994693e-05 4.350447422036021056e-03
2.236067929580414296e-02 1.539624964761899129e-04 -8.759286051727757628e-05 -2.179609026692994693e-05 4.350447422036021056e-03
2.236067929580414296e-02 1.539624964761899129e-04 -8.759286051727757628e-05 -2.179609026692994693e-05 4.350447422036021056e-03
2.236067929580414296e-02 1.539624964761899129e-04 -8.759286051727757628e-05 -2.179609026692994693e-05 4.350447422036021056e-03
2.236067929580414296e-02 1.539624964761899129e-04 -8.759286051727757628e-05 -2.179609026692994693e-05 4.350447422036021056e-03
2.236067929580414296e-02 1.539624964761899129e-04 -8.759286051727757628e-05 -2.179609026692994693e-05 4.350447422036021056e-03
2.236067929580414296e-02 1.539624964761899129e-04 -8.759286051727757628e-05 -2.179609026692994693e-05 4.350447422036021056e-03
2.236067929580414296e-02 1.539624964761899129e-04 -8.759286051727757628e-05 -2.179609026692994693e-05 4.350447422036021056e-03
2.236067929580414296e-02 1.539624964761899129e-04 -8.759286051727757628e-05 -2.179609026692994693e-05 4.350447422036021056e-03
2.236067929580414296e-02 1.539624964761899129e-04 -8.759286051727757628e-05 -2.179609026692994693e-05 4.350447422036021056e-03
2.236067929580414296e-02 1.539624964761899129e-04 -8.759286051727757628e-05 -2.179609026692994693e-05 4.350447422036021056e-03
2.236067929580414296e-02 1.539624964761899129e-04 -8.759286051727757628e-05 -2.179609026692994693e-05 4.350447422036021056e-03
2.236067929580414296e-02 1.539624964761899129e-04 -8.759286051727757628e-05 -2.179609026692994693e-05 4.350447422036021056e-03
2.236067929580414296e-02 1.539624964761899129e-04 -8.759286051727757628e-05 -2.179609026692994693e-05 4.350447422036021056e-03
2.236067929580414296e-02 1.539624964761899129e-04 -8.759286051727757628e-05 -2.179609026692994693e-05 4.350447422036021056e-03
2.236067929580414296e-02 1.539624964761899129e-04 -8.759286051727757628e-05 -2.179609026692994693e-05 4.350447422036021056e-03
2.236067929580414296e-02 1.539624964761899129e-04 -8.759286051727757628e-05 -2.179609026692994693e-05 4.350447422036021056e-03
2.236067929580414296e-02 1.539624964761899129e-04 -8.759286051727757628e-05 -2.179609026692994693e-05 4.350447422036021056e-03
2.236067929580414296e-02 1.539624964761899129e-04 -8.759286051727757628e-05 -2.179609026692994693e-05 4.350447422036021056e-03
2.236067929580414296e-02 1.539624964761899129e-04 -8.759286051727757628e-05 -2.179609026692994693e-05 4.350447422036021056e-03
2.236067929580414296e-02 1.539624964761899129e-04 -8.759286051727757628e-05 -2.179609026692994693e-05 4.350447422036021056e-03
2.236067929580414296e-02 1.539624964761899129e-04 -8.759286051727757628e-05 -2.179609026692994693e-05 4.350447422036021056e-03
2.236067929580414296e-02 1.539624964761899129e-04 -8.759286051727757628e-05 -2.179609026692994693e-05 4.350447422036021056e-03
2.236067929580414296e-02 1.539624964761899129e-04 -8.759286051727757628e-05 -2.179609026692994693e-05 4.350447422036021056e-03
2.236067929580414296e-02 1.539624964761899129e-04 -8.759286051727757628e-05 -2.179609026692994693e-05 4.350447422036021056e-03
2.236067929580414296e-02 1.539624964761899129e-04 -8.759286051727757628e-05 -2.179609026692994693e-05 4.350447422036021056e-03
2.236067929580414296e-02 1.539624964761899129e-04 -8.759286051727757628e-05 -2.179609026692994693e-05 4.350447422036021056e-03
2.236067929580414296e-02 1.539624964761899129e-04 -8.759286051727757628e-05 -2.179609026692994693e-05 4.350447422036021056e-03
2.236067929580414296e-02 1.539624964761899129e-04 -8.759286051727757628e-05 -2.179609026692994693e-05 4.350447422036021056e-03
2.236067929580414296e-02 1.539624964761899129e-04 -8.759286051727757628e-05 -2.179609026692994693e-05 4.350447422036021056e-03
2.236067929580414296e-02 1.539624964761899129e-04 -8.759286051727757628e-05 -2.179609026692994693e-05 4.350447422036021056e-03
2.236067929580414296e-02 1.539624964761899129e-04 -8.759286051727757628e-05 -2.179609026692994693e-05 4.350447422036021056e-03
2.236067929580414296e-02 1.539624964761899129e-04 -8.759286051727757628e-05 -2.179609026692994693e-05 4.350447422036021056e-03
2.236067929580414296e-02 1.539624964761899129e-04 -8.759286051727757628e-05 -2.179609026692994693e-05 4.350447422036021056e-03
2.236067929580414296e-02 1.539624964761899129e-04 -8.759286051727757628e-05 -2.179609026692994693e-05 4.350447422036021056e-03
2.236067929580414296e-02 1.539624964761899129e-04 -8.759286051727757628e-05 -2.179609026692994693e-05 4.350447422036021056e-03
2.236067929580414296e-02 1.539624964761899129e-04 -8.759286051727757628e-05 -2.179609026692994693e-05 4.350447422036021056e-03
2.236067929580414296e-02 1.539624964761899129e-04 -8.759286051727757628e-05 -2.179609026692994693e-05 4.350447422036021056e-03
2.236067929580414296e-02 1.539624964761899129e-04 -8.759286051727757628e-05 -2.179609026692994693e-05 4.350447422036021056e-03
2.236067929580414296e-02 1.539624964761899129e-04 -8.759286051727757628e-05 -2.179609026692994693e-05 4.350447422036021056e-03
2.236067929580414296e-02 1.539624964761899129e-04 -8.759286051727757628e-05 -2.179609026692994693e-05 4.350447422036021056e-03
2.236067929580414296e-02 1.539624964761899129e-04 -8.759286051727757628e-05 -2.179609026692994693e-05 4.350447422036021056e-03
2.236067929580414296e-02 1.539624964761899129e-04 -8.759286051727757628e-05 -2.179609026692994693e-05 4.350447422036021056e-03
2.236067929580414296e-02 1.539624964761899129e-04 -8.759286051727757628e-05 -2.179609026692994693e-05 4.350447422036021056e-03
2.236067929580414296e-02 1.539624964761899129e-04 -8.759286051727757628e-05 -2.179609026692994693e-05 4.350447422036021056e-03
2.236067929580414296e-02 1.539624964761899129e-04 -8.759286051727757628e-05 -2.179609026692994693e-05 4.350447422036021056e-03
2.236067929580414296e-02 1.539624964761899129e-04 -8.759286051727757628e-05 -2.179609026692994693e-05 4.350447422036021056e-03
2.236067929580414296e-02 1.539624964761899129e-04 -8.759286051727757628e-05 -2.179609026692994693e-05 4.350447422036021056e-03
2.236067929580414296e-02 1.539624964761899129e-04 -8.759286051727757628e-05 -2.179609026692994693e-05 4.350447422036021056e-03
2.236067929580414296e-02 1.539624964761899129e-04 -8.759286051727757628e-05 -2.179609026692994693e-05 4.350447422036021056e-03
2.236067929580414296e-02 1.539624964761899129e-04 -8.759286051727757628e-05 -2.179609026692994693e-05 4.350447422036021056e-03
2.236067929580414296e-02 1.539624964761899129e-04 -8.759286051727757628e-05 -2.179609026692994693e-05 4.350447422036021056e-03
2.236067929580414296e-02 1.539624964761899129e-04 -8.759286051727757628e-05 -2.179609026692994693e-05 4.350447422036021056e-03
2.236067929580414296e-02 1.539624964761899129e-04 -8.759286051727757628e-05 -2.179609026692994693e-05 4.350447422036021056e-03
2.236067929580414296e-02 1.539624964761899129e-04 -8.759286051727757628e-05 -2.179609026692994693e-05 4.350447422036021056e-03
2.236067929580414296e-02 1.539624964761899129e-04 -8.759286051727757628e-05 -2.179609026692994693e-05 4.350447422036021056e-03
2.236067929580414296e-02 1.539624964761899129e-04 -8.759286051727757628e-05 -2.179609026692994693e-05 4.350447422036021056e-03
2.236067929580414296e-02 1.539624964761899129e-04 -8.759286051727757628e-05 -2.179609026692994693e-05 4.350447422036021056e-03
2.236067929580414296e-02 1.539624964761899129e-04 -8.759286051727757628e-05 -2.179609026692994693e-05 4.350447422036021056e-03
2.236067929580414296e-02 1.539624964761899129e-04 -8.759286051727757628e-05 -2.179609026692994693e-05 4.350447422036021056e-03
2.236067929580414296e-02 1.539624964761899129e-04 -8.759286051727757628e-05 -2.179609026692994693e-05 4.350447422036021056e-03
2.236067929580414296e-02 1.539624964761899129e-04 -8.759286051727757628e-05 -2.179609026692994693e-05 4.350447422036021056e-03
2.236067929580414296e-02 1.539624964761899129e-04 -8.759286051727757628e-05 -2.179609026692994693e-05 4.350447422036021056e-03
2.236067929580414296e-02 1.539624964761899129e-04 -8.759286051727757628e-05 -2.179609026692994693e-05 4.350447422036021056e-03
2.236067929580414296e-02 1.539624964761899129e-04 -8.759286051727757628e-05 -2.179609026692994693e-05 4.350447422036021056e-03
2.236067929580414296e-02 1.539624964761899129e-04 -8.759286051727757628e-05 -2.179609026692994693e-05 4.350447422036021056e-03
2.236067929580414296e-02 1.539624964761899129e-04 -8.759286051727757628e-05 -2.179609026692994693e-05 4.350447422036021056e-03
2.236067929580414296e-02 1.539624964761899129e-04 -8.759286051727757628e-05 -2.179609026692994693e-05 4.350447422036021056e-03
2.236067929580414296e-02 1.539624964761899129e-04 -8.759286051727757628e-05 -2.179609026692994693e-05 4.350447422036021056e-03
2.236067929580414296e-02 1.539624964761899129e-04 -8.759286051727757628e-05 -2.179609026692994693e-05 4.350447422036021056e-03
2.236067929580414296e-02 1.539624964761899129e-04 -8.759286051727757628e-05 -2.179609026692994693e-05 4.350447422036021056e-03
2.236067929580414296e-02 1.539624964761899129e-04 -8.759286051727757628e-05 -2.179609026692994693e-05 4.350447422036021056e-03
2.236067929580414296e-02 1.539624964761899129e-04 -8.759286051727757628e-05 -2.179609026692994693e-05 4.350447422036021056e-03
2.236067929580414296e-02 1.539624964761899129e-04 -8.759286051727757628e-05 -2.179609026692994693e-05 4.350447422036021056e-03
2.236067929580414296e-02 1.539624964761899129e-04 -8.759286051727757628e-05 -2.179609026692994693e-05 4.350447422036021056e-03
2.236067929580414296e-02 1.539624964761899129e-04 -8.759286051727757628e-05 -2.179609026692994693e-05 4.350447422036021056e-03
2.236067929580414296e-02 1.539624964761899129e-04 -8.759286051727757628e-05 -2.179609026692994693e-05 4.350447422036021056e-03
2.236067929580414296e-02 1.539624964761899129e-04 -8.759286051727757628e-05 -2.179609026692994693e-05 4.350447422036021056e-03
2.236067929580414296e-02 1.539624964761899129e-04 -8.759286051727757628e-05 -2.179609026692994693e-05 4.350447422036021056e-03
2.236067929580414296e-02 1.539624964761899129e-04 -8.759286051727757628e-05 -2.179609026692994693e-05 4.350447422036021056e-03
2.236067929580414296e-02 1.539624964761899129e-04 -8.759286051727757628e-05 -2.179609026692994693e-05 4.350447422036021056e-03
2.236067929580414296e-02 1.539624964761899129e-04 -8.759286051727757628e-05 -2.179609026692994693e-05 4.350447422036021056e-03
2.236067929580414296e-02 1.539624964761899129e-04 -8.759286051727757628e-05 -2.179609026692994693e-05 4.350447422036021056e-03
2.236067929580414296e-02 1.539624964761899129e-04 -8.759286051727757628e-05 -2.179609026692994693e-05 4.350447422036021056e-03
2.236067929580414296e-02 1.539624964761899129e-04 -8.759286051727757628e-05 -2.179609026692994693e-05 4.350447422036021056e-03
2.236067929580414296e-02 1.539624964761899129e-04 -8.759286051727757628e-05 -2.179609026692994693e-05 4.350447422036021056e-03
2.236067929580414296e-02 1.539624964761899129e-04 -8.759286051727757628e-05 -2.179609026692994693e-05 4.350447422036021056e-03
2.236067929580414296e-02 1.539624964761899129e-04 -8.759286051727757628e-05 -2.179609026692994693e-05 4.350447422036021056e-03
2.236067929580414296e-02 1.539624964761899129e-04 -8.759286051727757628e-05 -2.179609026692994693e-05 4.350447422036021056e-03
2.236067929580414296e-02 1.539624964761899129e-04 -8.759286051727757628e-05 -2.179609026692994693e-05 4.350447422036021056e-03
2.236067929580414296e-02 1.539624964761899129e-04 -8.759286051727757628e-05 -2.179609026692994693e-05 4.350447422036021056e-03
2.236067929580414296e-02 1.539624964761899129e-04 -8.759286051727757628e-05 -2.179609026692994693e-05 4.350447422036021056e-03
2.236067929580414296e-02 1.539624964761899129e-04 -8.759286051727757628e-05 -2.179609026692994693e-05 4.350447422036021056e-03
2.236067929580414296e-02 1.539624964761899129e-04 -8.759286051727757628e-05 -2.179609026692994693e-05 4.350447422036021056e-03
2.236067929580414296e-02 1.539624964761899129e-04 -8.759286051727757628e-05 -2.179609026692994693e-05 4.350447422036021056e-03
2.236067929580414296e-02 1.539624964761899129e-04 -8.759286051727757628e-05 -2.179609026692994693e-05 4.350447422036021056e-03
2.236067929580414296e-02 1.539624964761899129e-04 -8.759286051727757628e-05 -2.179609026692994693e-05 4.350447422036021056e-03
2.236067929580414296e-02 1.539624964761899129e-04 -8.759286051727757628e-05 -2.179609026692994693e-05 4.350447422036021056e-03
2.236067929580414296e-02 1.539624964761899129e-04 -8.759286051727757628e-05 -2.179609026692994693e-05 4.350447422036021056e-03
2.236067929580414296e-02 1.539624964761899129e-04 -8.759286051727757628e-05 -2.179609026692994693e-05 4.350447422036021056e-03
2.236067929580414296e-02 1.539624964761899129e-04 -8.759286051727757628e-05 -2.179609026692994693e-05 4.350447422036021056e-03
2.236067929580414296e-02 1.539624964761899129e-04 -8.759286051727757628e-05 -2.179609026692994693e-05 4.350447422036021056e-03
2.236067929580414296e-02 1.539624964761899129e-04 -8.759286051727757628e-05 -2.179609026692994693e-05 4.350447422036021056e-03
2.236067929580414296e-02 1.539624964761899129e-04 -8.759286051727757628e-05 -2.179609026692994693e-05 4.350447422036021056e-03
2.236067929580414296e-02 1.539624964761899129e-04 -8.759286051727757628e-05 -2.179609026692994693e-05 4.350447422036021056e-03
2.236067929580414296e-02 1.539624964761899129e-04 -8.759286051727757628e-05 -2.179609026692994693e-05 4.350447422036021056e-03
2.236067929580414296e-02 1.539624964761899129e-04 -8.759286051727757628e-05 -2.179609026692994693e-05 4.350447422036021056e-03
2.236067929580414296e-02 1.539624964761899129e-04 -8.759286051727757628e-05 -2.179609026692994693e-05 4.350447422036021056e-03
2.236067929580414296e-02 1.539624964761899129e-04 -8.759286051727757628e-05 -2.179609026692994693e-05 4.350447422036021056e-03
2.236067929580414296e-02 1.539624964761899129e-04 -8.759286051727757628e-05 -2.179609026692994693e-05 4.350447422036021056e-03
2.236067929580414296e-02 1.539624964761899129e-04 -8.759286051727757628e-05 -2.179609026692994693e-05 4.350447422036021056e-03
2.236067929580414296e-02 1.539624964761899129e-04 -8.759286051727757628e-05 -2.179609026692994693e-05 4.350447422036021056e-03
2.236067929580414296e-02 1.539624964761899129e-04 -8.759286051727757628e-05 -2.179609026692994693e-05 4.350447422036021056e-03
2.236067929580414296e-02 1.539624964761899129e-04 -8.759286051727757628e-05 -2.179609026692994693e-05 4.350447422036021056e-03
2.236067929580414296e-02 1.539624964761899129e-04 -8.759286051727757628e-05 -2.179609026692994693e-05 4.350447422036021056e-03
2.236067929580414296e-02 1.539624964761899129e-04 -8.759286051727757628e-05 -2.179609026692994693e-05 4.350447422036021056e-03
2.236067929580414296e-02 1.539624964761899129e-04 -8.759286051727757628e-05 -2.179609026692994693e-05 4.350447422036021056e-03
2.236067929580414296e-02 1.539624964761899129e-04 -8.759286051727757628e-05 -2.179609026692994693e-05 4.350447422036021056e-03
2.236067929580414296e-02 1.539624964761899129e-04 -8.759286051727757628e-05 -2.179609026692994693e-05 4.350447422036021056e-03
2.236067929580414296e-02 1.539624964761899129e-04 -8.759286051727757628e-05 -2.179609026692994693e-05 4.350447422036021056e-03
2.236067929580414296e-02 1.539624964761899129e-04 -8.759286051727757628e-05 -2.179609026692994693e-05 4.350447422036021056e-03
2.236067929580414296e-02 1.539624964761899129e-04 -8.759286051727757628e-05 -2.179609026692994693e-05 4.350447422036021056e-03
2.236067929580414296e-02 1.539624964761899129e-04 -8.759286051727757628e-05 -2.179609026692994693e-05 4.350447422036021056e-03
2.236067929580414296e-02 1.539624964761899129e-04 -8.759286051727757628e-05 -2.179609026692994693e-05 4.350447422036021056e-03
2.236067929580414296e-02 1.539624964761899129e-04 -8.759286051727757628e-05 -2.179609026692994693e-05 4.350447422036021056e-03
2.236067929580414296e-02 1.539624964761899129e-04 -8.759286051727757628e-05 -2.179609026692994693e-05 4.350447422036021056e-03
2.236067929580414296e-02 1.539624964761899129e-04 -8.759286051727757628e-05 -2.179609026692994693e-05 4.350447422036021056e-03
2.236067929580414296e-02 1.539624964761899129e-04 -8.759286051727757628e-05 -2.179609026692994693e-05 4.350447422036021056e-03
2.236067929580414296e-02 1.539624964761899129e-04 -8.759286051727757628e-05 -2.179609026692994693e-05 4.350447422036021056e-03
2.236067929580414296e-02 1.539624964761899129e-04 -8.759286051727757628e-05 -2.179609026692994693e-05 4.350447422036021056e-03
2.236067929580414296e-02 1.539624964761899129e-04 -8.759286051727757628e-05 -2.179609026692994693e-05 4.350447422036021056e-03
2.236067929580414296e-02 1.539624964761899129e-04 -8.759286051727757628e-05 -2.179609026692994693e-05 4.350447422036021056e-03
2.236067929580414296e-02 1.539624964761899129e-04 -8.759286051727757628e-05 -2.179609026692994693e-05 4.350447422036021056e-03
2.236067929580414296e-02 1.539624964761899129e-04 -8.759286051727757628e-05 -2.179609026692994693e-05 4.350447422036021056e-03
2.236067929580414296e-02 1.539624964761899129e-04 -8.759286051727757628e-05 -2.179609026692994693e-05 4.350447422036021056e-03
2.236067929580414296e-02 1.539624964761899129e-04 -8.759286051727757628e-05 -2.179609026692994693e-05 4.350447422036021056e-03
2.236067929580414296e-02 1.539624964761899129e-04 -8.759286051727757628e-05 -2.179609026692994693e-05 4.350447422036021056e-03
2.236067929580414296e-02 1.539624964761899129e-04 -8.759286051727757628e-05 -2.179609026692994693e-05 4.350447422036021056e-03
2.236067929580414296e-02 1.539624964761899129e-04 -8.759286051727757628e-05 -2.179609026692994693e-05 4.350447422036021056e-03
2.236067929580414296e-02 1.539624964761899129e-04 -8.759286051727757628e-05 -2.179609026692994693e-05 4.350447422036021056e-03
2.236067929580414296e-02 1.539624964761899129e-04 -8.759286051727757628e-05 -2.179609026692994693e-05 4.350447422036021056e-03
2.236067929580414296e-02 1.539624964761899129e-04 -8.759286051727757628e-05 -2.179609026692994693e-05 4.350447422036021056e-03
2.236067929580414296e-02 1.539624964761899129e-04 -8.759286051727757628e-05 -2.179609026692994693e-05 4.350447422036021056e-03
2.236067929580414296e-02 1.539624964761899129e-04 -8.759286051727757628e-05 -2.179609026692994693e-05 4.350447422036021056e-03
2.236067929580414296e-02 1.539624964761899129e-04 -8.759286051727757628e-05 -2.179609026692994693e-05 4.350447422036021056e-03
2.236067929580414296e-02 1.539624964761899129e-04 -8.759286051727757628e-05 -2.179609026692994693e-05 4.350447422036021056e-03
2.236067929580414296e-02 1.539624964761899129e-04 -8.759286051727757628e-05 -2.179609026692994693e-05 4.350447422036021056e-03
2.236067929580414296e-02 1.539624964761899129e-04 -8.759286051727757628e-05 -2.179609026692994693e-05 4.350447422036021056e-03
2.236067929580414296e-02 1.539624964761899129e-04 -8.759286051727757628e-05 -2.179609026692994693e-05 4.350447422036021056e-03
2.236067929580414296e-02 1.539624964761899129e-04 -8.759286051727757628e-05 -2.179609026692994693e-05 4.350447422036021056e-03
2.236067929580414296e-02 1.539624964761899129e-04 -8.759286051727757628e-05 -2.179609026692994693e-05 4.350447422036021056e-03
2.236067929580414296e-02 1.539624964761899129e-04 -8.759286051727757628e-05 -2.179609026692994693e-05 4.350447422036021056e-03
2.236067929580414296e-02 1.539624964761899129e-04 -8.759286051727757628e-05 -2.179609026692994693e-05 4.350447422036021056e-03
2.236067929580414296e-02 1.539624964761899129e-04 -8.759286051727757628e-05 -2.179609026692994693e-05 4.350447422036021056e-03
2.236067929580414296e-02 1.539624964761899129e-04 -8.759286051727757628e-05 -2.179609026692994693e-05 4.350447422036021056e-03
2.236067929580414296e-02 1.539624964761899129e-04 -8.759286051727757628e-05 -2.179609026692994693e-05 4.350447422036021056e-03
2.236067929580414296e-02 1.539624964761899129e-04 -8.759286051727757628e-05 -2.179609026692994693e-05 4.350447422036021056e-03
2.236067929580414296e-02 1.539624964761899129e-04 -8.759286051727757628e-05 -2.179609026692994693e-05 4.350447422036021056e-03
2.236067929580414296e-02 1.539624964761899129e-04 -8.759286051727757628e-05 -2.179609026692994693e-05 4.350447422036021056e-03
2.236067929580414296e-02 1.539624964761899129e-04 -8.759286051727757628e-05 -2.179609026692994693e-05 4.350447422036021056e-03
2.236067929580414296e-02 1.539624964761899129e-04 -8.759286051727757628e-05 -2.179609026692994693e-05 4.350447422036021056e-03
2.236067929580414296e-02 1.539624964761899129e-04 -8.759286051727757628e-05 -2.179609026692994693e-05 4.350447422036021056e-03
2.236067929580414296e-02 1.539624964761899129e-04 -8.759286051727757628e-05 -2.179609026692994693e-05 4.350447422036021056e-03
2.236067929580414296e-02 1.539624964761899129e-04 -8.759286051727757628e-05 -2.179609026692994693e-05 4.350447422036021056e-03
2.236067929580414296e-02 1.539624964761899129e-04 -8.759286051727757628e-05 -2.179609026692994693e-05 4.350447422036021056e-03
2.236067929580414296e-02 1.539624964761899129e-04 -8.759286051727757628e-05 -2.179609026692994693e-05 4.350447422036021056e-03
2.236067929580414296e-02 1.539624964761899129e-04 -8.759286051727757628e-05 -2.179609026692994693e-05 4.350447422036021056e-03
2.236067929580414296e-02 1.539624964761899129e-04 -8.759286051727757628e-05 -2.179609026692994693e-05 4.350447422036021056e-03
2.236067929580414296e-02 1.539624964761899129e-04 -8.759286051727757628e-05 -2.179609026692994693e-05 4.350447422036021056e-03
2.236067929580414296e-02 1.539624964761899129e-04 -8.759286051727757628e-05 -2.179609026692994693e-05 4.350447422036021056e-03
2.236067929580414296e-02 1.539624964761899129e-04 -8.759286051727757628e-05 -2.179609026692994693e-05 4.350447422036021056e-03
2.236067929580414296e-02 1.539624964761899129e-04 -8.759286051727757628e-05 -2.179609026692994693e-05 4.350447422036021056e-03
2.236067929580414296e-02 1.539624964761899129e-04 -8.759286051727757628e-05 -2.179609026692994693e-05 4.350447422036021056e-03
2.236067929580414296e-02 1.539624964761899129e-04 -8.759286051727757628e-05 -2.179609026692994693e-05 4.350447422036021056e-03
2.236067929580414296e-02 1.539624964761899129e-04 -8.759286051727757628e-05 -2.179609026692994693e-05 4.350447422036021056e-03
2.236067929580414296e-02 1.539624964761899129e-04 -8.759286051727757628e-05 -2.179609026692994693e-05 4.350447422036021056e-03
2.236067929580414296e-02 1.539624964761899129e-04 -8.759286051727757628e-05 -2.179609026692994693e-05 4.350447422036021056e-03
2.236067929580414296e-02 1.539624964761899129e-04 -8.759286051727757628e-05 -2.179609026692994693e-05 4.350447422036021056e-03
2.236067929580414296e-02 1.539624964761899129e-04 -8.759286051727757628e-05 -2.179609026692994693e-05 4.350447422036021056e-03
2.236067929580414296e-02 1.539624964761899129e-04 -8.759286051727757628e-05 -2.179609026692994693e-05 4.350447422036021056e-03
2.236067929580414296e-02 1.539624964761899129e-04 -8.759286051727757628e-05 -2.179609026692994693e-05 4.350447422036021056e-03
2.236067929580414296e-02 1.539624964761899129e-04 -8.759286051727757628e-05 -2.179609026692994693e-05 4.350447422036021056e-03
2.236067929580414296e-02 1.539624964761899129e-04 -8.759286051727757628e-05 -2.179609026692994693e-05 4.350447422036021056e-03
2.236067929580414296e-02 1.539624964761899129e-04 -8.759286051727757628e-05 -2.179609026692994693e-05 4.350447422036021056e-03
2.236067929580414296e-02 1.539624964761899129e-04 -8.759286051727757628e-05 -2.179609026692994693e-05 4.350447422036021056e-03
2.236067929580414296e-02 1.539624964761899129e-04 -8.759286051727757628e-05 -2.179609026692994693e-05 4.350447422036021056e-03
2.236067929580414296e-02 1.539624964761899129e-04 -8.759286051727757628e-05 -2.179609026692994693e-05 4.350447422036021056e-03
2.236067929580414296e-02 1.539624964761899129e-04 -8.759286051727757628e-05 -2.179609026692994693e-05 4.350447422036021056e-03
2.236067929580414296e-02 1.539624964761899129e-04 -8.759286051727757628e-05 -2.179609026692994693e-05 4.350447422036021056e-03
2.236067929580414296e-02 1.539624964761899129e-04 -8.759286051727757628e-05 -2.179609026692994693e-05 4.350447422036021056e-03
2.236067929580414296e-02 1.539624964761899129e-04 -8.759286051727757628e-05 -2.179609026692994693e-05 4.350447422036021056e-03
2.236067929580414296e-02 1.539624964761899129e-04 -8.759286051727757628e-05 -2.179609026692994693e-05 4.350447422036021056e-03
2.236067929580414296e-02 1.539624964761899129e-04 -8.759286051727757628e-05 -2.179609026692994693e-05 4.350447422036021056e-03
2.236067929580414296e-02 1.539624964761899129e-04 -8.759286051727757628e-05 -2.179609026692994693e-05 4.350447422036021056e-03
2.236067929580414296e-02 1.539624964761899129e-04 -8.759286051727757628e-05 -2.179609026692994693e-05 4.350447422036021056e-03
2.236067929580414296e-02 1.539624964761899129e-04 -8.759286051727757628e-05 -2.179609026692994693e-05 4.350447422036021056e-03
2.236067929580414296e-02 1.539624964761899129e-04 -8.759286051727757628e-05 -2.179609026692994693e-05 4.350447422036021056e-03
2.236067929580414296e-02 1.539624964761899129e-04 -8.759286051727757628e-05 -2.179609026692994693e-05 4.350447422036021056e-03
2.236067929580414296e-02 1.539624964761899129e-04 -8.759286051727757628e-05 -2.179609026692994693e-05 4.350447422036021056e-03
2.236067929580414296e-02 1.539624964761899129e-04 -8.759286051727757628e-05 -2.179609026692994693e-05 4.350447422036021056e-03
2.236067929580414296e-02 1.539624964761899129e-04 -8.759286051727757628e-05 -2.179609026692994693e-05 4.350447422036021056e-03
2.236067929580414296e-02 1.539624964761899129e-04 -8.759286051727757628e-05 -2.179609026692994693e-05 4.350447422036021056e-03
2.236067929580414296e-02 1.539624964761899129e-04 -8.759286051727757628e-05 -2.179609026692994693e-05 4.350447422036021056e-03
2.236067929580414296e-02 1.539624964761899129e-04 -8.759286051727757628e-05 -2.179609026692994693e-05 4.350447422036021056e-03
2.236067929580414296e-02 1.539624964761899129e-04 -8.759286051727757628e-05 -2.179609026692994693e-05 4.350447422036021056e-03
2.236067929580414296e-02 1.539624964761899129e-04 -8.759286051727757628e-05 -2.179609026692994693e-05 4.350447422036021056e-03
2.236067929580414296e-02 1.539624964761899129e-04 -8.759286051727757628e-05 -2.179609026692994693e-05 4.350447422036021056e-03
2.236067929580414296e-02 1.539624964761899129e-04 -8.759286051727757628e-05 -2.179609026692994693e-05 4.350447422036021056e-03
2.236067929580414296e-02 1.539624964761899129e-04 -8.759286051727757628e-05 -2.179609026692994693e-05 4.350447422036021056e-03
2.236067929580414296e-02 1.539624964761899129e-04 -8.759286051727757628e-05 -2.179609026692994693e-05 4.350447422036021056e-03
2.236067929580414296e-02 1.539624964761899129e-04 -8.759286051727757628e-05 -2.179609026692994693e-05 4.350447422036021056e-03
2.236067929580414296e-02 1.539624964761899129e-04 -8.759286051727757628e-05 -2.179609026692994693e-05 4.350447422036021056e-03
2.236067929580414296e-02 1.539624964761899129e-04 -8.759286051727757628e-05 -2.179609026692994693e-05 4.350447422036021056e-03
2.236067929580414296e-02 1.539624964761899129e-04 -8.759286051727757628e-05 -2.179609026692994693e-05 4.350447422036021056e-03
2.236067929580414296e-02 1.539624964761899129e-04 -8.759286051727757628e-05 -2.179609026692994693e-05 4.350447422036021056e-03
2.236067929580414296e-02 1.539624964761899129e-04 -8.759286051727757628e-05 -2.179609026692994693e-05 4.350447422036021056e-03
2.236067929580414296e-02 1.539624964761899129e-04 -8.759286051727757628e-05 -2.179609026692994693e-05 4.350447422036021056e-03
2.236067929580414296e-02 1.539624964761899129e-04 -8.759286051727757628e-05 -2.179609026692994693e-05 4.350447422036021056e-03
2.236067929580414296e-02 1.539624964761899129e-04 -8.759286051727757628e-05 -2.179609026692994693e-05 4.350447422036021056e-03
2.236067929580414296e-02 1.539624964761899129e-04 -8.759286051727757628e-05 -2.179609026692994693e-05 4.350447422036021056e-03
2.236067929580414296e-02 1.539624964761899129e-04 -8.759286051727757628e-05 -2.179609026692994693e-05 4.350447422036021056e-03
2.236067929580414296e-02 1.539624964761899129e-04 -8.759286051727757628e-05 -2.179609026692994693e-05 4.350447422036021056e-03
2.236067929580414296e-02 1.539624964761899129e-04 -8.759286051727757628e-05 -2.179609026692994693e-05 4.350447422036021056e-03
2.236067929580414296e-02 1.539624964761899129e-04 -8.759286051727757628e-05 -2.179609026692994693e-05 4.350447422036021056e-03
2.236067929580414296e-02 1.539624964761899129e-04 -8.759286051727757628e-05 -2.179609026692994693e-05 4.350447422036021056e-03
2.236067929580414296e-02 1.539624964761899129e-04 -8.759286051727757628e-05 -2.179609026692994693e-05 4.350447422036021056e-03
2.236067929580414296e-02 1.539624964761899129e-04 -8.759286051727757628e-05 -2.179609026692994693e-05 4.350447422036021056e-03
2.236067929580414296e-02 1.539624964761899129e-04 -8.759286051727757628e-05 -2.179609026692994693e-05 4.350447422036021056e-03
2.236067929580414296e-02 1.539624964761899129e-04 -8.759286051727757628e-05 -2.179609026692994693e-05 4.350447422036021056e-03
2.236067929580414296e-02 1.539624964761899129e-04 -8.759286051727757628e-05 -2.179609026692994693e-05 4.350447422036021056e-03
2.236067929580414296e-02 1.539624964761899129e-04 -8.759286051727757628e-05 -2.179609026692994693e-05 4.350447422036021056e-03
2.236067929580414296e-02 1.539624964761899129e-04 -8.759286051727757628e-05 -2.179609026692994693e-05 4.350447422036021056e-03
2.236067929580414296e-02 1.539624964761899129e-04 -8.759286051727757628e-05 -2.179609026692994693e-05 4.350447422036021056e-03
2.236067929580414296e-02 1.539624964761899129e-04 -8.759286051727757628e-05 -2.179609026692994693e-05 4.350447422036021056e-03
2.236067929580414296e-02 1.539624964761899129e-04 -8.759286051727757628e-05 -2.179609026692994693e-05 4.350447422036021056e-03
2.236067929580414296e-02 1.539624964761899129e-04 -8.759286051727757628e-05 -2.179609026692994693e-05 4.350447422036021056e-03
2.236067929580414296e-02 1.539624964761899129e-04 -8.759286051727757628e-05 -2.179609026692994693e-05 4.350447422036021056e-03
2.236067929580414296e-02 1.539624964761899129e-04 -8.759286051727757628e-05 -2.179609026692994693e-05 4.350447422036021056e-03
2.236067929580414296e-02 1.539624964761899129e-04 -8.759286051727757628e-05 -2.179609026692994693e-05 4.350447422036021056e-03
2.236067929580414296e-02 1.539624964761899129e-04 -8.759286051727757628e-05 -2.179609026692994693e-05 4.350447422036021056e-03
2.236067929580414296e-02 1.539624964761899129e-04 -8.759286051727757628e-05 -2.179609026692994693e-05 4.350447422036021056e-03
2.236067929580414296e-02 1.539624964761899129e-04 -8.759286051727757628e-05 -2.179609026692994693e-05 4.350447422036021056e-03
2.236067929580414296e-02 1.539624964761899129e-04 -8.759286051727757628e-05 -2.179609026692994693e-05 4.350447422036021056e-03
2.236067929580414296e-02 1.539624964761899129e-04 -8.759286051727757628e-05 -2.179609026692994693e-05 4.350447422036021056e-03
2.236067929580414296e-02 1.539624964761899129e-04 -8.759286051727757628e-05 -2.179609026692994693e-05 4.350447422036021056e-03
2.236067929580414296e-02 1.539624964761899129e-04 -8.759286051727757628e-05 -2.179609026692994693e-05 4.350447422036021056e-03
2.236067929580414296e-02 1.539624964761899129e-04 -8.759286051727757628e-05 -2.179609026692994693e-05 4.350447422036021056e-03
2.236067929580414296e-02 1.539624964761899129e-04 -8.759286051727757628e-05 -2.179609026692994693e-05 4.350447422036021056e-03
2.236067929580414296e-02 1.539624964761899129e-04 -8.759286051727757628e-05 -2.179609026692994693e-05 4.350447422036021056e-03
2.236067929580414296e-02 1.539624964761899129e-04 -8.759286051727757628e-05 -2.179609026692994693e-05 4.350447422036021056e-03
2.236067929580414296e-02 1.539624964761899129e-04 -8.759286051727757628e-05 -2.179609026692994693e-05 4.350447422036021056e-03
2.236067929580414296e-02 1.539624964761899129e-04 -8.759286051727757628e-05 -2.179609026692994693e-05 4.350447422036021056e-03
2.236067929580414296e-02 1.539624964761899129e-04 -8.759286051727757628e-05 -2.179609026692994693e-05 4.350447422036021056e-03
2.236067929580414296e-02 1.539624964761899129e-04 -8.759286051727757628e-05 -2.179609026692994693e-05 4.350447422036021056e-03
2.236067929580414296e-02 1.539624964761899129e-04 -8.759286051727757628e-05 -2.179609026692994693e-05 4.350447422036021056e-03
2.236067929580414296e-02 1.539624964761899129e-04 -8.759286051727757628e-05 -2.179609026692994693e-05 4.350447422036021056e-03
2.236067929580414296e-02 1.539624964761899129e-04 -8.759286051727757628e-05 -2.179609026692994693e-05 4.350447422036021056e-03
2.236067929580414296e-02 1.539624964761899129e-04 -8.759286051727757628e-05 -2.179609026692994693e-05 4.350447422036021056e-03
2.236067929580414296e-02 1.539624964761899129e-04 -8.759286051727757628e-05 -2.179609026692994693e-05 4.350447422036021056e-03
2.236067929580414296e-02 1.539624964761899129e-04 -8.759286051727757628e-05 -2.179609026692994693e-05 4.350447422036021056e-03
2.236067929580414296e-02 1.539624964761899129e-04 -8.759286051727757628e-05 -2.179609026692994693e-05 4.350447422036021056e-03
2.236067929580414296e-02 1.539624964761899129e-04 -8.759286051727757628e-05 -2.179609026692994693e-05 4.350447422036021056e-03
2.236067929580414296e-02 1.539624964761899129e-04 -8.759286051727757628e-05 -2.179609026692994693e-05 4.350447422036021056e-03
2.236067929580414296e-02 1.539624964761899129e-04 -8.759286051727757628e-05 -2.179609026692994693e-05 4.350447422036021056e-03
2.236067929580414296e-02 1.539624964761899129e-04 -8.759286051727757628e-05 -2.179609026692994693e-05 4.350447422036021056e-03
2.236067929580414296e-02 1.539624964761899129e-04 -8.759286051727757628e-05 -2.179609026692994693e-05 4.350447422036021056e-03
2.236067929580414296e-02 1.539624964761899129e-04 -8.759286051727757628e-05 -2.179609026692994693e-05 4.350447422036021056e-03
2.236067929580414296e-02 1.539624964761899129e-04 -8.759286051727757628e-05 -2.179609026692994693e-05 4.350447422036021056e-03
2.236067929580414296e-02 1.539624964761899129e-04 -8.759286051727757628e-05 -2.179609026692994693e-05 4.350447422036021056e-03
2.236067929580414296e-02 1.539624964761899129e-04 -8.759286051727757628e-05 -2.179609026692994693e-05 4.350447422036021056e-03
2.236067929580414296e-02 1.539624964761899129e-04 -8.759286051727757628e-05 -2.179609026692994693e-05 4.350447422036021056e-03
2.236067929580414296e-02 1.539624964761899129e-04 -8.759286051727757628e-05 -2.179609026692994693e-05 4.350447422036021056e-03
2.236067929580414296e-02 1.539624964761899129e-04 -8.759286051727757628e-05 -2.179609026692994693e-05 4.350447422036021056e-03
2.236067929580414296e-02 1.539624964761899129e-04 -8.759286051727757628e-05 -2.179609026692994693e-05 4.350447422036021056e-03
2.236067929580414296e-02 1.539624964761899129e-04 -8.759286051727757628e-05 -2.179609026692994693e-05 4.350447422036021056e-03
2.236067929580414296e-02 1.539624964761899129e-04 -8.759286051727757628e-05 -2.179609026692994693e-05 4.350447422036021056e-03
2.236067929580414296e-02 1.539624964761899129e-04 -8.759286051727757628e-05 -2.179609026692994693e-05 4.350447422036021056e-03
2.236067929580414296e-02 1.539624964761899129e-04 -8.759286051727757628e-05 -2.179609026692994693e-05 4.350447422036021056e-03
2.236067929580414296e-02 1.539624964761899129e-04 -8.759286051727757628e-05 -2.179609026692994693e-05 4.350447422036021056e-03
2.236067929580414296e-02 1.539624964761899129e-04 -8.759286051727757628e-05 -2.179609026692994693e-05 4.350447422036021056e-03
2.236067929580414296e-02 1.539624964761899129e-04 -8.759286051727757628e-05 -2.179609026692994693e-05 4.350447422036021056e-03
2.236067929580414296e-02 1.539624964761899129e-04 -8.759286051727757628e-05 -2.179609026692994693e-05 4.350447422036021056e-03
2.236067929580414296e-02 1.539624964761899129e-04 -8.759286051727757628e-05 -2.179609026692994693e-05 4.350447422036021056e-03
2.236067929580414296e-02 1.539624964761899129e-04 -8.759286051727757628e-05 -2.179609026692994693e-05 4.350447422036021056e-03
2.236067929580414296e-02 1.539624964761899129e-04 -8.759286051727757628e-05 -2.179609026692994693e-05 4.350447422036021056e-03
2.236067929580414296e-02 1.539624964761899129e-04 -8.759286051727757628e-05 -2.179609026692994693e-05 4.350447422036021056e-03
2.236067929580414296e-02 1.539624964761899129e-04 -8.759286051727757628e-05 -2.179609026692994693e-05 4.350447422036021056e-03
2.236067929580414296e-02 1.539624964761899129e-04 -8.759286051727757628e-05 -2.179609026692994693e-05 4.350447422036021056e-03
2.236067929580414296e-02 1.539624964761899129e-04 -8.759286051727757628e-05 -2.179609026692994693e-05 4.350447422036021056e-03
2.236067929580414296e-02 1.539624964761899129e-04 -8.759286051727757628e-05 -2.179609026692994693e-05 4.350447422036021056e-03
2.236067929580414296e-02 1.539624964761899129e-04 -8.759286051727757628e-05 -2.179609026692994693e-05 4.350447422036021056e-03
2.236067929580414296e-02 1.539624964761899129e-04 -8.759286051727757628e-05 -2.179609026692994693e-05 4.350447422036021056e-03
2.236067929580414296e-02 1.539624964761899129e-04 -8.759286051727757628e-05 -2.179609026692994693e-05 4.350447422036021056e-03
2.236067929580414296e-02 1.539624964761899129e-04 -8.759286051727757628e-05 -2.179609026692994693e-05 4.350447422036021056e-03
2.236067929580414296e-02 1.539624964761899129e-04 -8.759286051727757628e-05 -2.179609026692994693e-05 4.350447422036021056e-03
2.236067929580414296e-02 1.539624964761899129e-04 -8.759286051727757628e-05 -2.179609026692994693e-05 4.350447422036021056e-03
2.236067929580414296e-02 1.539624964761899129e-04 -8.759286051727757628e-05 -2.179609026692994693e-05 4.350447422036021056e-03
2.236067929580414296e-02 1.539624964761899129e-04 -8.759286051727757628e-05 -2.179609026692994693e-05 4.350447422036021056e-03
2.236067929580414296e-02 1.539624964761899129e-04 -8.759286051727757628e-05 -2.179609026692994693e-05 4.350447422036021056e-03
2.236067929580414296e-02 1.539624964761899129e-04 -8.759286051727757628e-05 -2.179609026692994693e-05 4.350447422036021056e-03
2.236067929580414296e-02 1.539624964761899129e-04 -8.759286051727757628e-05 -2.179609026692994693e-05 4.350447422036021056e-03
2.236067929580414296e-02 1.539624964761899129e-04 -8.759286051727757628e-05 -2.179609026692994693e-05 4.350447422036021056e-03
2.236067929580414296e-02 1.539624964761899129e-04 -8.759286051727757628e-05 -2.179609026692994693e-05 4.350447422036021056e-03
2.236067929580414296e-02 1.539624964761899129e-04 -8.759286051727757628e-05 -2.179609026692994693e-05 4.350447422036021056e-03
2.236067929580414296e-02 1.539624964761899129e-04 -8.759286051727757628e-05 -2.179609026692994693e-05 4.350447422036021056e-03
2.236067929580414296e-02 1.539624964761899129e-04 -8.759286051727757628e-05 -2.179609026692994693e-05 4.350447422036021056e-03
2.236067929580414296e-02 1.539624964761899129e-04 -8.759286051727757628e-05 -2.179609026692994693e-05 4.350447422036021056e-03
2.236067929580414296e-02 1.539624964761899129e-04 -8.759286051727757628e-05 -2.179609026692994693e-05 4.350447422036021056e-03
2.236067929580414296e-02 1.539624964761899129e-04 -8.759286051727757628e-05 -2.179609026692994693e-05 4.350447422036021056e-03
2.236067929580414296e-02 1.539624964761899129e-04 -8.759286051727757628e-05 -2.179609026692994693e-05 4.350447422036021056e-03
2.236067929580414296e-02 1.539624964761899129e-04 -8.759286051727757628e-05 -2.179609026692994693e-05 4.350447422036021056e-03
2.236067929580414296e-02 1.539624964761899129e-04 -8.759286051727757628e-05 -2.179609026692994693e-05 4.350447422036021056e-03
2.236067929580414296e-02 1.539624964761899129e-04 -8.759286051727757628e-05 -2.179609026692994693e-05 4.350447422036021056e-03
2.236067929580414296e-02 1.539624964761899129e-04 -8.759286051727757628e-05 -2.179609026692994693e-05 4.350447422036021056e-03
2.236067929580414296e-02 1.539624964761899129e-04 -8.759286051727757628e-05 -2.179609026692994693e-05 4.350447422036021056e-03
2.236067929580414296e-02 1.539624964761899129e-04 -8.759286051727757628e-05 -2.179609026692994693e-05 4.350447422036021056e-03
2.236067929580414296e-02 1.539624964761899129e-04 -8.759286051727757628e-05 -2.179609026692994693e-05 4.350447422036021056e-03
2.236067929580414296e-02 1.539624964761899129e-04 -8.759286051727757628e-05 -2.179609026692994693e-05 4.350447422036021056e-03
2.236067929580414296e-02 1.539624964761899129e-04 -8.759286051727757628e-05 -2.179609026692994693e-05 4.350447422036021056e-03
2.236067929580414296e-02 1.539624964761899129e-04 -8.759286051727757628e-05 -2.179609026692994693e-05 4.350447422036021056e-03
2.236067929580414296e-02 1.539624964761899129e-04 -8.759286051727757628e-05 -2.179609026692994693e-05 4.350447422036021056e-03
2.236067929580414296e-02 1.539624964761899129e-04 -8.759286051727757628e-05 -2.179609026692994693e-05 4.350447422036021056e-03
2.236067929580414296e-02 1.539624964761899129e-04 -8.759286051727757628e-05 -2.179609026692994693e-05 4.350447422036021056e-03
2.236067929580414296e-02 1.539624964761899129e-04 -8.759286051727757628e-05 -2.179609026692994693e-05 4.350447422036021056e-03
2.236067929580414296e-02 1.539624964761899129e-04 -8.759286051727757628e-05 -2.179609026692994693e-05 4.350447422036021056e-03
2.236067929580414296e-02 1.539624964761899129e-04 -8.759286051727757628e-05 -2.179609026692994693e-05 4.350447422036021056e-03
2.236067929580414296e-02 1.539624964761899129e-04 -8.759286051727757628e-05 -2.179609026692994693e-05 4.350447422036021056e-03
2.236067929580414296e-02 1.539624964761899129e-04 -8.759286051727757628e-05 -2.179609026692994693e-05 4.350447422036021056e-03
2.236067929580414296e-02 1.539624964761899129e-04 -8.759286051727757628e-05 -2.179609026692994693e-05 4.350447422036021056e-03
2.236067929580414296e-02 1.539624964761899129e-04 -8.759286051727757628e-05 -2.179609026692994693e-05 4.350447422036021056e-03
2.236067929580414296e-02 1.539624964761899129e-04 -8.759286051727757628e-05 -2.179609026692994693e-05 4.350447422036021056e-03
2.236067929580414296e-02 1.539624964761899129e-04 -8.759286051727757628e-05 -2.179609026692994693e-05 4.350447422036021056e-03
2.236067929580414296e-02 1.539624964761899129e-04 -8.759286051727757628e-05 -2.179609026692994693e-05 4.350447422036021056e-03
2.236067929580414296e-02 1.539624964761899129e-04 -8.759286051727757628e-05 -2.179609026692994693e-05 4.350447422036021056e-03
2.236067929580414296e-02 1.539624964761899129e-04 -8.759286051727757628e-05 -2.179609026692994693e-05 4.350447422036021056e-03
2.236067929580414296e-02 1.539624964761899129e-04 -8.759286051727757628e-05 -2.179609026692994693e-05 4.350447422036021056e-03
2.236067929580414296e-02 1.539624964761899129e-04 -8.759286051727757628e-05 -2.179609026692994693e-05 4.350447422036021056e-03
2.236067929580414296e-02 1.539624964761899129e-04 -8.759286051727757628e-05 -2.179609026692994693e-05 4.350447422036021056e-03
2.236067929580414296e-02 1.539624964761899129e-04 -8.759286051727757628e-05 -2.179609026692994693e-05 4.350447422036021056e-03
2.236067929580414296e-02 1.539624964761899129e-04 -8.759286051727757628e-05 -2.179609026692994693e-05 4.350447422036021056e-03
2.236067929580414296e-02 1.539624964761899129e-04 -8.759286051727757628e-05 -2.179609026692994693e-05 4.350447422036021056e-03
2.236067929580414296e-02 1.539624964761899129e-04 -8.759286051727757628e-05 -2.179609026692994693e-05 4.350447422036021056e-03
2.236067929580414296e-02 1.539624964761899129e-04 -8.759286051727757628e-05 -2.179609026692994693e-05 4.350447422036021056e-03
2.236067929580414296e-02 1.539624964761899129e-04 -8.759286051727757628e-05 -2.179609026692994693e-05 4.350447422036021056e-03
2.236067929580414296e-02 1.539624964761899129e-04 -8.759286051727757628e-05 -2.179609026692994693e-05 4.350447422036021056e-03
2.236067929580414296e-02 1.539624964761899129e-04 -8.759286051727757628e-05 -2.179609026692994693e-05 4.350447422036021056e-03
2.236067929580414296e-02 1.539624964761899129e-04 -8.759286051727757628e-05 -2.179609026692994693e-05 4.350447422036021056e-03
2.236067929580414296e-02 1.539624964761899129e-04 -8.759286051727757628e-05 -2.179609026692994693e-05 4.350447422036021056e-03
2.236067929580414296e-02 1.539624964761899129e-04 -8.759286051727757628e-05 -2.179609026692994693e-05 4.350447422036021056e-03
2.236067929580414296e-02 1.539624964761899129e-04 -8.759286051727757628e-05 -2.179609026692994693e-05 4.350447422036021056e-03
2.236067929580414296e-02 1.539624964761899129e-04 -8.759286051727757628e-05 -2.179609026692994693e-05 4.350447422036021056e-03
2.236067929580414296e-02 1.539624964761899129e-04 -8.759286051727757628e-05 -2.179609026692994693e-05 4.350447422036021056e-03
2.236067929580414296e-02 1.539624964761899129e-04 -8.759286051727757628e-05 -2.179609026692994693e-05 4.350447422036021056e-03
2.236067929580414296e-02 1.539624964761899129e-04 -8.759286051727757628e-05 -2.179609026692994693e-05 4.350447422036021056e-03
2.236067929580414296e-02 1.539624964761899129e-04 -8.759286051727757628e-05 -2.179609026692994693e-05 4.350447422036021056e-03
2.236067929580414296e-02 1.539624964761899129e-04 -8.759286051727757628e-05 -2.179609026692994693e-05 4.350447422036021056e-03
2.236067929580414296e-02 1.539624964761899129e-04 -8.759286051727757628e-05 -2.179609026692994693e-05 4.350447422036021056e-03
2.236067929580414296e-02 1.539624964761899129e-04 -8.759286051727757628e-05 -2.179609026692994693e-05 4.350447422036021056e-03
2.236067929580414296e-02 1.539624964761899129e-04 -8.759286051727757628e-05 -2.179609026692994693e-05 4.350447422036021056e-03
2.236067929580414296e-02 1.539624964761899129e-04 -8.759286051727757628e-05 -2.179609026692994693e-05 4.350447422036021056e-03
2.236067929580414296e-02 1.539624964761899129e-04 -8.759286051727757628e-05 -2.179609026692994693e-05 4.350447422036021056e-03
2.236067929580414296e-02 1.539624964761899129e-04 -8.759286051727757628e-05 -2.179609026692994693e-05 4.350447422036021056e-03
2.236067929580414296e-02 1.539624964761899129e-04 -8.759286051727757628e-05 -2.179609026692994693e-05 4.350447422036021056e-03
2.236067929580414296e-02 1.539624964761899129e-04 -8.759286051727757628e-05 -2.179609026692994693e-05 4.350447422036021056e-03
2.236067929580414296e-02 1.539624964761899129e-04 -8.759286051727757628e-05 -2.179609026692994693e-05 4.350447422036021056e-03
2.236067929580414296e-02 1.539624964761899129e-04 -8.759286051727757628e-05 -2.179609026692994693e-05 4.350447422036021056e-03
2.236067929580414296e-02 1.539624964761899129e-04 -8.759286051727757628e-05 -2.179609026692994693e-05 4.350447422036021056e-03
2.236067929580414296e-02 1.539624964761899129e-04 -8.759286051727757628e-05 -2.179609026692994693e-05 4.350447422036021056e-03
2.236067929580414296e-02 1.539624964761899129e-04 -8.759286051727757628e-05 -2.179609026692994693e-05 4.350447422036021056e-03
2.236067929580414296e-02 1.539624964761899129e-04 -8.759286051727757628e-05 -2.179609026692994693e-05 4.350447422036021056e-03
2.236067929580414296e-02 1.539624964761899129e-04 -8.759286051727757628e-05 -2.179609026692994693e-05 4.350447422036021056e-03
2.236067929580414296e-02 1.539624964761899129e-04 -8.759286051727757628e-05 -2.179609026692994693e-05 4.350447422036021056e-03
2.236067929580414296e-02 1.539624964761899129e-04 -8.759286051727757628e-05 -2.179609026692994693e-05 4.350447422036021056e-03
2.236067929580414296e-02 1.539624964761899129e-04 -8.759286051727757628e-05 -2.179609026692994693e-05 4.350447422036021056e-03
2.236067929580414296e-02 1.539624964761899129e-04 -8.759286051727757628e-05 -2.179609026692994693e-05 4.350447422036021056e-03
2.236067929580414296e-02 1.539624964761899129e-04 -8.759286051727757628e-05 -2.179609026692994693e-05 4.350447422036021056e-03
2.236067929580414296e-02 1.539624964761899129e-04 -8.759286051727757628e-05 -2.179609026692994693e-05 4.350447422036021056e-03
2.236067929580414296e-02 1.539624964761899129e-04 -8.759286051727757628e-05 -2.179609026692994693e-05 4.350447422036021056e-03
2.236067929580414296e-02 1.539624964761899129e-04 -8.759286051727757628e-05 -2.179609026692994693e-05 4.350447422036021056e-03
2.236067929580414296e-02 1.539624964761899129e-04 -8.759286051727757628e-05 -2.179609026692994693e-05 4.350447422036021056e-03
2.236067929580414296e-02 1.539624964761899129e-04 -8.759286051727757628e-05 -2.179609026692994693e-05 4.350447422036021056e-03
2.236067929580414296e-02 1.539624964761899129e-04 -8.759286051727757628e-05 -2.179609026692994693e-05 4.350447422036021056e-03
2.236067929580414296e-02 1.539624964761899129e-04 -8.759286051727757628e-05 -2.179609026692994693e-05 4.350447422036021056e-03
2.236067929580414296e-02 1.539624964761899129e-04 -8.759286051727757628e-05 -2.179609026692994693e-05 4.350447422036021056e-03
2.236067929580414296e-02 1.539624964761899129e-04 -8.759286051727757628e-05 -2.179609026692994693e-05 4.350447422036021056e-03
2.236067929580414296e-02 1.539624964761899129e-04 -8.759286051727757628e-05 -2.179609026692994693e-05 4.350447422036021056e-03
2.236067929580414296e-02 1.539624964761899129e-04 -8.759286051727757628e-05 -2.179609026692994693e-05 4.350447422036021056e-03
2.236067929580414296e-02 1.539624964761899129e-04 -8.759286051727757628e-05 -2.179609026692994693e-05 4.350447422036021056e-03
2.236067929580414296e-02 1.539624964761899129e-04 -8.759286051727757628e-05 -2.179609026692994693e-05 4.350447422036021056e-03
2.236067929580414296e-02 1.539624964761899129e-04 -8.759286051727757628e-05 -2.179609026692994693e-05 4.350447422036021056e-03
2.236067929580414296e-02 1.539624964761899129e-04 -8.759286051727757628e-05 -2.179609026692994693e-05 4.350447422036021056e-03
2.236067929580414296e-02 1.539624964761899129e-04 -8.759286051727757628e-05 -2.179609026692994693e-05 4.350447422036021056e-03
2.236067929580414296e-02 1.539624964761899129e-04 -8.759286051727757628e-05 -2.179609026692994693e-05 4.350447422036021056e-03
2.236067929580414296e-02 1.539624964761899129e-04 -8.759286051727757628e-05 -2.179609026692994693e-05 4.350447422036021056e-03
2.236067929580414296e-02 1.539624964761899129e-04 -8.759286051727757628e-05 -2.179609026692994693e-05 4.350447422036021056e-03
2.236067929580414296e-02 1.539624964761899129e-04 -8.759286051727757628e-05 -2.179609026692994693e-05 4.350447422036021056e-03
2.236067929580414296e-02 1.539624964761899129e-04 -8.759286051727757628e-05 -2.179609026692994693e-05 4.350447422036021056e-03
2.236067929580414296e-02 1.539624964761899129e-04 -8.759286051727757628e-05 -2.179609026692994693e-05 4.350447422036021056e-03
2.236067929580414296e-02 1.539624964761899129e-04 -8.759286051727757628e-05 -2.179609026692994693e-05 4.350447422036021056e-03
2.236067929580414296e-02 1.539624964761899129e-04 -8.759286051727757628e-05 -2.179609026692994693e-05 4.350447422036021056e-03
2.236067929580414296e-02 1.539624964761899129e-04 -8.759286051727757628e-05 -2.179609026692994693e-05 4.350447422036021056e-03
2.236067929580414296e-02 1.539624964761899129e-04 -8.759286051727757628e-05 -2.179609026692994693e-05 4.350447422036021056e-03
2.236067929580414296e-02 1.539624964761899129e-04 -8.759286051727757628e-05 -2.179609026692994693e-05 4.350447422036021056e-03
2.236067929580414296e-02 1.539624964761899129e-04 -8.759286051727757628e-05 -2.179609026692994693e-05 4.350447422036021056e-03
2.236067929580414296e-02 1.539624964761899129e-04 -8.759286051727757628e-05 -2.179609026692994693e-05 4.350447422036021056e-03
2.236067929580414296e-02 1.539624964761899129e-04 -8.759286051727757628e-05 -2.179609026692994693e-05 4.350447422036021056e-03
2.236067929580414296e-02 1.539624964761899129e-04 -8.759286051727757628e-05 -2.179609026692994693e-05 4.350447422036021056e-03
2.236067929580414296e-02 1.539624964761899129e-04 -8.759286051727757628e-05 -2.179609026692994693e-05 4.350447422036021056e-03
2.236067929580414296e-02 1.539624964761899129e-04 -8.759286051727757628e-05 -2.179609026692994693e-05 4.350447422036021056e-03
2.236067929580414296e-02 1.539624964761899129e-04 -8.759286051727757628e-05 -2.179609026692994693e-05 4.350447422036021056e-03
2.236067929580414296e-02 1.539624964761899129e-04 -8.759286051727757628e-05 -2.179609026692994693e-05 4.350447422036021056e-03
2.236067929580414296e-02 1.539624964761899129e-04 -8.759286051727757628e-05 -2.179609026692994693e-05 4.350447422036021056e-03
2.236067929580414296e-02 1.539624964761899129e-04 -8.759286051727757628e-05 -2.179609026692994693e-05 4.350447422036021056e-03
2.236067929580414296e-02 1.539624964761899129e-04 -8.759286051727757628e-05 -2.179609026692994693e-05 4.350447422036021056e-03
2.236067929580414296e-02 1.539624964761899129e-04 -8.759286051727757628e-05 -2.179609026692994693e-05 4.350447422036021056e-03
2.236067929580414296e-02 1.539624964761899129e-04 -8.759286051727757628e-05 -2.179609026692994693e-05 4.350447422036021056e-03
2.236067929580414296e-02 1.539624964761899129e-04 -8.759286051727757628e-05 -2.179609026692994693e-05 4.350447422036021056e-03
2.236067929580414296e-02 1.539624964761899129e-04 -8.759286051727447275e-05 -2.179609026692921848e-05 4.350447422036021056e-03
2.236067929580414296e-02 1.539624964761899129e-04 -8.759286051726550097e-05 -2.179609026692700942e-05 4.350447422036021056e-03
2.236067929580414296e-02 1.539624964761899129e-04 -8.759286051726504019e-05 -2.179609026692690439e-05 4.350447422036021056e-03
2.236067929580414296e-02 1.539624964761899129e-04 -8.759286051726349520e-05 -2.179609026692680613e-05 4.350447422036021056e-03
2.236067929580414296e-02 1.539624964761899129e-04 -8.759286051726349520e-05 -2.179609026692680613e-05 4.350447422036021056e-03
2.236067929580414296e-02 1.539624964761899129e-04 -8.759286051726342744e-05 -2.179609026692684679e-05 4.350447422036021056e-03
2.236067929580414296e-02 1.539624964761899129e-04 -8.759286051726342744e-05 -2.179609026692684679e-05 4.350447422036021056e-03
2.236067929580414296e-02 1.539624964761899129e-04 -8.759286051726342744e-05 -2.179609026692684679e-05 4.350447422036021056e-03
2.236067929580414296e-02 1.539624964761899129e-04 -8.759286051726342744e-05 -2.179609026692684679e-05 4.350447422036021056e-03
2.236067929580414296e-02 1.539624964761899129e-04 -8.759286051726342744e-05 -2.179609026692684679e-05 4.350447422036021056e-03
2.236067929580414296e-02 1.539624964761899129e-04 -8.759286051726342744e-05 -2.179609026692684679e-05 4.350447422036021056e-03
2.236067929580414296e-02 1.539624964761899129e-04 -8.759286051726342744e-05 -2.179609026692684679e-05 4.350447422036021056e-03
2.236067929580414296e-02 1.539624964761899129e-04 -8.759286051726342744e-05 -2.179609026692684679e-05 4.350447422036021056e-03
2.236067929580414296e-02 1.539624964761899129e-04 -8.759286051726342744e-05 -2.179609026692684679e-05 4.350447422036021056e-03
2.236067929580414296e-02 1.539624964761899129e-04 -8.759286051726342744e-05 -2.179609026692684679e-05 4.350447422036021056e-03
2.236067929580414296e-02 1.539624964761899129e-04 -8.759286051726342744e-05 -2.179609026692684679e-05 4.350447422036021056e-03
2.236067929580414296e-02 1.539624964761899129e-04 -8.759286051726342744e-05 -2.179609026692684679e-05 4.350447422036021056e-03
2.236067929580414296e-02 1.539624964761899129e-04 -8.759286051726342744e-05 -2.179609026692684679e-05 4.350447422036021056e-03
2.236067929580414296e-02 1.539624964761899129e-04 -8.759286051726342744e-05 -2.179609026692684679e-05 4.350447422036021056e-03
2.236067929580414296e-02 1.539624964761899129e-04 -8.759286051726342744e-05 -2.179609026692684679e-05 4.350447422036021056e-03
2.236067929580414296e-02 1.539624964761899129e-04 -8.759286051726342744e-05 -2.179609026692684679e-05 4.350447422036021056e-03
2.236067929580414296e-02 1.539624964761899129e-04 -8.759286051726342744e-05 -2.179609026692684679e-05 4.350447422036021056e-03
2.236067929580414296e-02 1.539624964761899129e-04 -8.759286051726342744e-05 -2.179609026692684679e-05 4.350447422036021056e-03
2.236067929580414296e-02 1.539624964761899129e-04 -8.759286051726342744e-05 -2.179609026692684679e-05 4.350447422036021056e-03
2.236067929580414296e-02 1.539624964761899129e-04 -8.759286051726342744e-05 -2.179609026692684679e-05 4.350447422036021056e-03
2.236067929580414296e-02 1.539624964761899129e-04 -8.759286051726342744e-05 -2.179609026692684679e-05 4.350447422036021056e-03
2.236067929580414296e-02 1.539624964761899129e-04 -8.759286051726342744e-05 -2.179609026692684679e-05 4.350447422036021056e-03
2.236067929580414296e-02 1.539624964761899129e-04 -8.759286051726342744e-05 -2.179609026692684679e-05 4.350447422036021056e-03
2.236067929580414296e-02 1.539624964761899129e-04 -8.759286051726342744e-05 -2.179609026692684679e-05 4.350447422036021056e-03
2.236067929580414296e-02 1.539624964761899129e-04 -8.759286051726342744e-05 -2.179609026692684679e-05 4.350447422036021056e-03
2.236067929580414296e-02 1.539624964761899129e-04 -8.759286051726342744e-05 -2.179609026692684679e-05 4.350447422036021056e-03
2.236067934054351836e-02 7.762262070973764694e-02 1.845620979138305473e-01 -8.938793145317298905e-02 4.350447430332619707e-03
2.236067955054609271e-02 2.151863540986763690e-01 4.178761400557070432e-02 1.190100037615340715e-02 4.350447469275459979e-03
2.236067993248423008e-02 2.894959067472027137e-01 3.982001380691421177e-01 1.387174907026084798e-03 4.350447540101641704e-03
2.236068048635551225e-02 1.897576454817238856e-02 1.054133046461205037e-01 -1.350357822205236202e-01 4.350447642811222995e-03
2.236068121216106333e-02 -7.184605801606436248e-02 -1.659904524498403977e-02 -5.175609307562778483e-02 4.350447777404091096e-03
2.236068210989993962e-02 1.004539235092786198e-01 -4.108766551055986066e-02 -5.306834049077933241e-02 4.350447943880436825e-03
2.236068317957368157e-02 1.630417461341440999e-01 3.287891260567645801e-01 -6.524064105293445048e-02 4.350448142240111865e-03
2.236068442118218508e-02 -1.632226172838073530e-02 1.486524011050096086e-02 -2.066285882203972579e-01 4.350448372483162185e-03
2.236068583472410054e-02 1.654115498933116379e-01 7.108068157908292717e-02 1.850568471284845806e-01 4.350448634609634622e-03
2.236068742020010797e-02 4.875296740124376305e-01 2.916207049344934354e-01 4.087123676773730119e-01 4.350448928619472799e-03
2.236068917760942673e-02 -1.258296008284389422e-01 4.807037952201676650e-02 -5.276704322799257059e-03 4.350449254512640286e-03
2.236069110695372564e-02 3.218375052968543842e-02 -2.619977405971761833e-02 -1.888760257761989969e-02 4.350449612289190859e-03
2.236069320823351816e-02 1.973572725788345361e-01 5.250321023831293343e-02 8.685329674596817262e-02 4.350450001949216459e-03
2.236069548144529670e-02 -2.055080182601519423e-01 -2.839952008872555500e-01 -8.521139329167209953e-02 4.350450423492505450e-03
2.236069792659245090e-02 -2.889659435430792511e-01 -5.382727601143517671e-01 -9.560085656365527318e-02 4.350450876919220028e-03
2.236070054367490442e-02 -1.963380859924944155e-01 -3.245322313471440956e-01 -8.760940801021928348e-02 4.350451362229304682e-03
2.236070333269021826e-02 2.224435247116210712e-01 1.258493464635174752e-01 2.916757937188768079e-01 4.350451879422741197e-03
2.236070629363906201e-02 8.009339754023701852e-02 -9.999520769674528561e-03 1.196789817538366496e-01 4.350452428499611106e-03
2.236070942652275059e-02 -2.979716922059967923e-02 -7.916455013920718764e-02 9.871089063595460053e-03 4.350453009459827672e-03
2.236071273134051726e-02 -5.569937504048121102e-02 -2.643424593354053512e-02 -5.838753332420883874e-02 4.350453622303423855e-03
2.236071620809255284e-02 5.096172952721318705e-02 2.995494353661126360e-02 7.006181207810613376e-02 4.350454267030353685e-03
2.236071985677937773e-02 -9.353874672697307102e-02 -1.028334435169647315e-01 -6.713619202745972625e-02 4.350454943640729918e-03
2.236072367739987479e-02 -1.902848848557024408e-01 -9.652395636400677714e-02 -1.229753832078109149e-01 4.350455652134450207e-03
2.236072766995448116e-02 -2.213673638774195651e-01 -7.070000350081460938e-02 -7.331941740751685144e-02 4.350456392511583940e-03
2.236073183444321766e-02 -1.864932101270384140e-02 1.574321956451059656e-01 1.068516900083563842e-02 4.350457164772070402e-03
2.236073617086559856e-02 -1.089923914269315952e-01 -3.808079122769680164e-02 5.291196979027908837e-02 4.350457968915899185e-03
2.236074067922285552e-02 -2.158230776524156236e-01 -1.137168388778608125e-02 1.251337764746812166e-02 4.350458804943141411e-03
2.236074535951429812e-02 -2.818769520584816779e-01 -1.689104330850434155e-01 -6.879733403128382441e-02 4.350459672853738101e-03
2.236075021173981880e-02 -1.035111573063183243e-01 -1.845155297947118078e-02 -3.467936509672856632e-02 4.350460572647717877e-03
2.236075523589988942e-02 -9.561705812582778352e-02 2.717669676945425050e-02 7.256117414019724876e-02 4.350461504325128445e-03
2.236076043199308749e-02 -1.335997564159794593e-01 6.018319996103640990e-02 -6.698323146366952363e-02 4.350462467885870058e-03
2.236076580002096387e-02 -2.463199023719660555e-02 6.374118095608778678e-02 1.378894168677227972e-01 4.350463463329973940e-03
2.071858140981446550e-01 2.995100051534569903e-09 7.516963000268666803e-10 2.555835566515722579e-10 nan
1.013356674049626510e-02 4.894156893526328821e-18 3.239759928288452047e-18 2.351336835979004438e-18 nan
