0.000000000000000000e+00 0.000000000000000000e+00 0.000000000000000000e+00 0.000000000000000000e+00 0.000000000000000000e+00 0.000000000000000000e+00 0.000000000000000000e+00
-2.276425392265746128e-05 4.404659146406410492e-05 4.431714711192815152e-05 -2.910844024805031560e-05 -7.006889287273171923e-06 1.993878263535042537e-05 -1.560141957015871439e+00
-4.552536273780009905e-05 8.806004036270092758e-05 8.858142727308140202e-05 -5.817300099136667050e-05 -1.401611865189758508e-05 3.987549272306474172e-05 -3.120079267931868294e+00
-6.828332514963236712e-05 1.320403264270455124e-04 1.327928047001297306e-04 -8.719366379964050228e-05 -2.102763798301023924e-05 5.981018198640164105e-05 -4.679811851997656369e+00
-9.103813984859141168e-05 1.759874294938513530e-04 1.769512433909149599e-04 -1.161703705473737439e-04 -2.804147048345019772e-05 7.974286543659160902e-05 -6.239339627515160913e+00
-1.137898055234616584e-04 2.199013293070870999e-04 2.210567073724907072e-04 -1.451030587402347863e-04 -3.505763602139947397e-05 9.967353448528226527e-05 -7.798662512875362829e+00
-1.365383208466447841e-04 2.637820056652423668e-04 2.651091597744704271e-04 -1.739916671828349614e-04 -4.207616916454793118e-05 1.196021740269744964e-04 -9.357780425519599987e+00
-1.592836845088798617e-04 3.076294383099146949e-04 3.091085630425245462e-04 -2.028361457468308578e-04 -4.909711008275104160e-05 1.395287846645123034e-04 -1.091669328426655916e+01
-1.820258951801387217e-04 3.514436069157269335e-04 3.530548794175371622e-04 -2.316364622879880984e-04 -5.612047831000138601e-05 1.594533662256514956e-04 -1.247540100670266483e+01
-2.047649515354693617e-04 3.952244909088508513e-04 3.969480726544658803e-04 -2.603925933682401999e-04 -6.314628526608510840e-05 1.793759118947580106e-04 -1.403390351096256161e+01
-2.275008522407969227e-04 4.389720694824658805e-04 4.407881102052723255e-04 -2.891045170921299539e-04 -7.017454677651965963e-05 1.992964337520564187e-04 -1.559220071459565915e+01
-2.502335959748965368e-04 4.826863216329456115e-04 4.845749632335981751e-04 -3.177722182584688808e-04 -7.720528095300539806e-05 2.192149380431292758e-04 -1.715029253582105540e+01
-2.729631814002971089e-04 5.263672263717808280e-04 5.283086078502281704e-04 -3.463956953838361183e-04 -8.423847825933437298e-05 2.391314155980454642e-04 -1.870817889164043279e+01
-2.956896072062622886e-04 5.700147625488866457e-04 5.719890288505442020e-04 -3.749749452449435477e-04 -9.127410203293365024e-05 2.590458574233569893e-04 -2.026585970041423934e+01
-3.184128720769353643e-04 6.136289090020747433e-04 6.156162148736780233e-04 -4.035099874697746524e-04 -9.831210939046099401e-05 2.789582454985520374e-04 -2.182333487963455099e+01
-3.411329746990924465e-04 6.572096446075825511e-04 6.591901543868709454e-04 -4.320008258252531629e-04 -1.053524858464702501e-04 2.988685549077346021e-04 -2.338060434675337973e+01
-3.638499137490205319e-04 7.007569481318592355e-04 7.027108280404886602e-04 -4.604474716495584978e-04 -1.123951805272896474e-04 3.187767768682308223e-04 -2.493766801836063252e+01
-3.865636879317381914e-04 7.442707981698732950e-04 7.461782111449680567e-04 -4.888499435704631588e-04 -1.194402026496328007e-04 3.386828810259005437e-04 -2.649452581323028966e+01
-4.092826737460641636e-04 7.878163102902176673e-04 7.981365433155916981e-04 -6.733806109217859315e-04 -2.121649833519650247e-04 7.904900864539796384e-04 -2.805111989752035129e+01
-4.319901141834465953e-04 8.312631892390568789e-04 8.414972466148400642e-04 -7.016943051228524339e-04 -2.192143245474084982e-04 8.103907618198642705e-04 -2.960756568870511529e+01
-4.546943858115890641e-04 8.746765510841960842e-04 8.848046071124371402e-04 -7.299642929955651397e-04 -2.262661412343846255e-04 8.302906527034583598e-04 -3.116380535414020159e+01
-4.773954872701754678e-04 9.180563744970744039e-04 9.280585736004616677e-04 -7.581901026148677239e-04 -2.333201275875228990e-04 8.501884822861423231e-04 -3.271983881025376206e+01
-5.000934172435893537e-04 9.614026383716303865e-04 9.712591183466317895e-04 -7.863717139746501366e-04 -2.403762648244549445e-04 8.700842274502917006e-04 -3.427566597470080723e+01
-5.227881743928937310e-04 1.004715321809140525e-03 1.014406210162504835e-03 -8.145091004053022811e-04 -2.474345386584719288e-04 8.899778720448610391e-04 -3.583128676383604727e+01
-5.454797573805174327e-04 1.047994404009139086e-03 1.057499809535293990e-03 -8.426022253039648505e-04 -2.544949826457874051e-04 9.098694040007175360e-04 -3.738670109449838463e+01
-5.681681648721196177e-04 1.091239864146359428e-03 1.100539877556859416e-03 -8.706510560693924653e-04 -2.615576066775043926e-04 9.297588454569890703e-04 -3.894190888394029315e+01
-5.908533955136358561e-04 1.134451681426243636e-03 1.143526373047603186e-03 -8.986555445510620603e-04 -2.686224603444546037e-04 9.496461649385500763e-04 -4.049691004818246398e+01
-6.135436922459407225e-04 1.177771250660501019e-03 1.192304454853941988e-03 -1.090132901827128549e-03 -3.589183303897646002e-04 1.402287983649291902e-03 -4.205164675462737023e+01
-6.362225651536722142e-04 1.220915720049750445e-03 1.235183677247655683e-03 -1.118048561626580270e-03 -3.659877768659940242e-04 1.422171146183984908e-03 -4.360623441893719843e+01
-6.588982571626414344e-04 1.264026484421520167e-03 1.278009205105330379e-03 -1.145919720891760583e-03 -3.730595962781237400e-04 1.442052237160948739e-03 -4.516061520758393044e+01
-6.815707669329709555e-04 1.307103522734757604e-03 1.320781000637266537e-03 -1.173746311674585046e-03 -3.801338294664457790e-04 1.461931259882515328e-03 -4.671478903786233161e+01
-7.042400930865747640e-04 1.350146813827526188e-03 1.363499029141931711e-03 -1.201528296310189810e-03 -3.872104907654407382e-04 1.481808190128429317e-03 -4.826875582443988577e+01
-7.269062342837078134e-04 1.393156336267061934e-03 1.406163256440440268e-03 -1.229265660181515793e-03 -3.942895811432157766e-04 1.501683069282695650e-03 -4.982251548442506106e+01
-7.495691891679055752e-04 1.436132068462611785e-03 1.448773654350153694e-03 -1.256958400131223154e-03 -4.013710604036992710e-04 1.521555868450946746e-03 -5.137606793342571621e+01
-7.722289563974850998e-04 1.479073988705635829e-03 1.491330203417498470e-03 -1.284606558003167096e-03 -4.084549211009296768e-04 1.541426614310904483e-03 -5.292941308796297051e+01
-7.948855346152178215e-04 1.521982075301215849e-03 1.533832890459313003e-03 -1.312210165124864372e-03 -4.155411510276234700e-04 1.561295302100304929e-03 -5.448255086306927097e+01
-8.175389224885864191e-04 1.564856306550472392e-03 1.576281705163174287e-03 -1.339769248985982859e-03 -4.226297126716183831e-04 1.581161950836583495e-03 -5.603548117506779391e+01
-8.401891186765851356e-04 1.607696660701085026e-03 1.618676637084733591e-03 -1.367283799405578145e-03 -4.297205581282691048e-04 1.601026596784001091e-03 -5.758820393943966565e+01
-8.628361218453003056e-04 1.650503115870327218e-03 1.661017668628504002e-03 -1.394753816936509421e-03 -4.368136661923094138e-04 1.620889154463217097e-03 -5.914071907213786972e+01
-8.854799306497450903e-04 1.693275650150403728e-03 1.703304778619520740e-03 -1.422179290355008244e-03 -4.439089342963198543e-04 1.640749610745443959e-03 -6.069302648854967686e+01
-9.081205437442943810e-04 1.736014241821936741e-03 1.745537942000858957e-03 -1.449560217740788418e-03 -4.510063462769931344e-04 1.660607937444966197e-03 -6.224512610441855287e+01
-9.307579597738396609e-04 1.778718869137355498e-03 1.787717132562048226e-03 -1.476896597693009780e-03 -4.581058730156324882e-04 1.680464127491260173e-03 -6.379701783492336631e+01
-9.533921773922703156e-04 1.821389510353361649e-03 1.829842322606671555e-03 -1.504188418057326006e-03 -4.652074851351195020e-04 1.700318156414438401e-03 -6.534870159612391660e+01
-9.760231952327387377e-04 1.864026143857041911e-03 1.871913479070224902e-03 -1.531435696534816848e-03 -4.723111839023663152e-04 1.720170010919246442e-03 -6.690017730272654717e+01
-9.986510119453649754e-04 1.906628748121019833e-03 1.913930568268332015e-03 -1.558638397175603381e-03 -4.794169876587200865e-04 1.740019734188097021e-03 -6.845144487087208063e+01
-1.021275626144855023e-03 1.949197301751869104e-03 1.955893550109583968e-03 -1.585796494792427293e-03 -4.865248703511725948e-04 1.759867285699409471e-03 -7.000250421454008176e+01
-1.043897036475540697e-03 1.991731783313466231e-03 1.997802384135570052e-03 -1.612909941262033854e-03 -4.936348970570359233e-04 1.779712678800662515e-03 -7.155335525002712416e+01
-1.066515241554106879e-03 2.034232171337987602e-03 2.039657027566950300e-03 -1.639978686875937256e-03 -5.007470937259481808e-04 1.799555937485058108e-03 -7.310399789155147232e+01
-1.089130240009664923e-03 2.076698444472689642e-03 2.081457435842428219e-03 -1.667002653852741375e-03 -5.078614573188254631e-04 1.819397063014644876e-03 -7.465443205407326843e+01
-1.111742030473029030e-03 2.119130581499330344e-03 2.123203564058907811e-03 -1.693981799217445265e-03 -5.149780707333391364e-04 1.839236059096387241e-03 -7.620465765253236157e+01
-1.134350611574188325e-03 2.161528561122410489e-03 2.164895372831023013e-03 -1.720916079465542071e-03 -5.220969503649589265e-04 1.859072949942133660e-03 -7.775467460177411283e+01
-1.156955981931782505e-03 2.203892361906597402e-03 2.206532824710378746e-03 -1.747805458918062467e-03 -5.292181865982674644e-04 1.878907762102862561e-03 -7.930448281613304573e+01
-1.179558140164495717e-03 2.246221962168551932e-03 2.248115884794763680e-03 -1.774649938548772225e-03 -5.363417981594724004e-04 1.898740521711144011e-03 -8.085408221004952622e+01
-1.202157084887780754e-03 2.288517339957982667e-03 2.289644520211760789e-03 -1.801449496636804270e-03 -5.434677562424248621e-04 1.918571263652305058e-03 -8.240347269792191298e+01
-1.224752814717301394e-03 2.330778473073143956e-03 2.331118704674395737e-03 -1.828204118203888241e-03 -5.505960178493942564e-04 1.938399987005909016e-03 -8.395265419397229323e+01
-1.247345328279974132e-03 2.373005339221267909e-03 2.372538416693770191e-03 -1.854913801895050063e-03 -5.577265563189498163e-04 1.958226629811023623e-03 -8.550162661290619326e+01
-1.269934624192590750e-03 2.415197916083763538e-03 2.413903641744590423e-03 -1.881578526853387810e-03 -5.648593257903200895e-04 1.978051194569269318e-03 -8.705038986834034631e+01
-1.292520701082818880e-03 2.457356181460669357e-03 2.455214365400278445e-03 -1.908198311837123020e-03 -5.719943339049986340e-04 1.997873632656152563e-03 -8.859894387439020136e+01
-1.315103557583414094e-03 2.499480113140657971e-03 2.496470575668031672e-03 -1.934773182415841638e-03 -5.791315217734977622e-04 2.017693922444409576e-03 -9.014728854510163103e+01
-1.337683192332880626e-03 2.541569688918950565e-03 2.537672258286341031e-03 -1.961303121325172309e-03 -5.862708413893342454e-04 2.037512074406132734e-03 -9.169542379493229589e+01
-1.360259603952660183e-03 2.583624886535736825e-03 2.578819394418106672e-03 -1.987788134019090845e-03 -5.934123161978718981e-04 2.057328060866456167e-03 -9.324334953748342514e+01
-1.382832791069752961e-03 2.625645683721389203e-03 2.619911958548569453e-03 -2.014228229737758183e-03 -6.005559078077932515e-04 2.077141843016502756e-03 -9.479106568721049086e+01
-1.405402752293521138e-03 2.667632058158806406e-03 2.660949921537507021e-03 -2.040623399318622095e-03 -6.077016060105269041e-04 2.096953434303120735e-03 -9.633857215736432522e+01
-1.427969486242238600e-03 2.709583987490735667e-03 2.701933255289711358e-03 -2.066973623268152527e-03 -6.148493598522199568e-04 2.116762829354433984e-03 -9.788586886184954494e+01
-1.450532991540696374e-03 2.751501449496214502e-03 2.742861928646542994e-03 -2.093278903179682585e-03 -6.219991639990152471e-04 2.136570027826112037e-03 -9.943295571504263819e+01
-1.473093266786972260e-03 2.793384422154017357e-03 2.783735905158934206e-03 -2.119539204001092639e-03 -6.291509685831725212e-04 2.156375000725283854e-03 -1.009798326294352506e+02
-1.495650310599581055e-03 2.835232883421119707e-03 2.824555146233170399e-03 -2.145754524146637702e-03 -6.363048320224975280e-04 2.176177854079685073e-03 -1.025264995189550774e+02
-1.518204121590761976e-03 2.877046811201130865e-03 2.865319608771696967e-03 -2.171924847890669991e-03 -6.434607526284915344e-04 2.195978495460688008e-03 -1.040729562971790330e+02
-1.540754698362737946e-03 2.918826183385343602e-03 2.906029249695549037e-03 -2.198050143364049368e-03 -6.506187659091922397e-04 2.215777052389703190e-03 -1.056192028771032341e+02
-1.563302039506380726e-03 2.960570977921695920e-03 2.946684023457401148e-03 -2.224130377445770763e-03 -6.577789237033519016e-04 2.235573510807359332e-03 -1.071652391711310202e+02
-1.585846143641018915e-03 3.002281172738391173e-03 2.987283885510832061e-03 -2.250165478812925224e-03 -6.649411899435220133e-04 2.255367904955151489e-03 -1.087110650938623593e+02
-1.608395991476481521e-03 3.043913871409622499e-03 3.037739123115308984e-03 -2.420705845107441485e-03 -7.750362960221794228e-04 2.698216150607500672e-03 -1.102566228071680996e+02
-1.630933617347604019e-03 3.085554800690986938e-03 3.078229052327637917e-03 -2.446650559313190247e-03 -7.822029187346182929e-04 2.718006313364540287e-03 -1.118020277238407090e+02
-1.653468001979095008e-03 3.127161064050572401e-03 3.118663968216162877e-03 -2.472550043657994329e-03 -7.893717065189580044e-04 2.737794333460796727e-03 -1.133472220068056799e+02
-1.675999143963986414e-03 3.168732639140230383e-03 3.159043836403576441e-03 -2.498404218464725119e-03 -7.965427028654944487e-04 2.757580292106596651e-03 -1.148922055692230515e+02
-1.698527041874344943e-03 3.210269503406708649e-03 3.199368624627481859e-03 -2.524213064158765084e-03 -8.037159011774016757e-04 2.777364048311626015e-03 -1.164369783228310382e+02
-1.721051694296746966e-03 3.251771634091648201e-03 3.239638306620354086e-03 -2.549976587409038750e-03 -8.108913456661490235e-04 2.797145609704602791e-03 -1.179815401803070785e+02
-1.743573099818923307e-03 3.293239008404725589e-03 3.279852856756931227e-03 -2.575694747208337639e-03 -8.180689414301875245e-04 2.816925063548396217e-03 -1.195258910541786150e+02
-1.766091257025336576e-03 3.334671603498298633e-03 3.320012258020371785e-03 -2.601367576382589055e-03 -8.252487569197924661e-04 2.836702335693154237e-03 -1.210700308564806704e+02
-1.788606164525370417e-03 3.376069396552890556e-03 3.360116498288338339e-03 -2.626995057705241218e-03 -8.324307158789639614e-04 2.856477400304853996e-03 -1.226139595004841141e+02
-1.811117820908936639e-03 3.417432364900465074e-03 3.400165566448284243e-03 -2.652577201486292207e-03 -8.396148163655597083e-04 2.876250266609719011e-03 -1.241576768976386660e+02
-1.833634419865139836e-03 3.458868728207886711e-03 3.447209557590954435e-03 -2.834204761498039862e-03 -9.257423152817182820e-04 3.322854383661714029e-03 -1.257011252108793258e+02
-1.856139569831742912e-03 3.500161979097222899e-03 3.487148219224469985e-03 -2.859696191766366788e-03 -9.329305546737166801e-04 3.342622710614839496e-03 -1.272444198521897079e+02
-1.878641464482028699e-03 3.541420337107675093e-03 3.527031636400678599e-03 -2.885142324850150080e-03 -9.401208525805903465e-04 3.362389049476448462e-03 -1.287875029832608789e+02
-1.901140102419353979e-03 3.582643779269206394e-03 3.566859781652244581e-03 -2.910543183573640474e-03 -9.473131665668708392e-04 3.382153144665648106e-03 -1.303303745167097532e+02
-1.923635482227168281e-03 3.623832282751868802e-03 3.606632622392050465e-03 -2.935898778242269826e-03 -9.545074880115394372e-04 3.401915082474907259e-03 -1.318730343637741100e+02
-1.946127602494781249e-03 3.664985824621331233e-03 3.646350123491463608e-03 -2.961209020909365188e-03 -9.617037538074279948e-04 3.421674725000381761e-03 -1.334154824367008132e+02
-1.968624768986581858e-03 3.706238095618885793e-03 3.692749475143260619e-03 -3.138976182066725330e-03 -1.049056892599369885e-03 3.871125621679253649e-03 -1.349576608971361509e+02
-1.991110365918411819e-03 3.747321645898782447e-03 3.732356187913249239e-03 -3.164195899275184555e-03 -1.056257092733085216e-03 3.890881145451833417e-03 -1.364996851558776996e+02
-2.013592699057680045e-03 3.788370166062560076e-03 3.771907441970019301e-03 -3.189370237914492326e-03 -1.063459267166965740e-03 3.910634482734102330e-03 -1.380414973755971175e+02
-2.036071766961772278e-03 3.829383633341442664e-03 3.811403194846284606e-03 -3.214499168520322699e-03 -1.070663344848152548e-03 3.930385671352135991e-03 -1.395830974666999111e+02
-2.058547568201164052e-03 3.870362025020631421e-03 3.850843402424047272e-03 -3.239582637504345285e-03 -1.077869401133690463e-03 3.950134605682197216e-03 -1.411244853408128677e+02
-2.081020101334874351e-03 3.911305318562093708e-03 3.890228024476860124e-03 -3.264620580127971464e-03 -1.085077439407588920e-03 3.969881311097532041e-03 -1.426656609089590404e+02
-2.103497318749323990e-03 3.952325070234573821e-03 3.935824325334125184e-03 -3.448691882041840864e-03 -1.162806992995498931e-03 4.412772095641015642e-03 -1.442065663323211027e+02
-2.125963311352734204e-03 3.993198099947789514e-03 3.975097661303094235e-03 -3.473638605774399639e-03 -1.170019214793919854e-03 4.432514393977886151e-03 -1.457473170217489269e+02
-2.148426031521780567e-03 4.034035963637396492e-03 4.014315303794800151e-03 -3.498539633176337479e-03 -1.177233598997805535e-03 4.452254484728540400e-03 -1.472878551382589194e+02
-2.170885477797756657e-03 4.074838638276698753e-03 4.053477221590690883e-03 -3.523394913504380652e-03 -1.184450197229452257e-03 4.471992362512004944e-03 -1.488281805922506464e+02
-2.193341648733082572e-03 4.115606100644634939e-03 4.092583380659445269e-03 -3.548204413774034248e-03 -1.191668985038963919e-03 4.491728043065179414e-03 -1.503682932945961852e+02
-2.215794542891299287e-03 4.156338327372151829e-03 4.131633754361713727e-03 -3.572968131102149253e-03 -1.198889892813585940e-03 4.511461551203656967e-03 -1.519081931563477781e+02
-2.238244158825795742e-03 4.197035295049359946e-03 4.170628324000872147e-03 -3.597686069362669801e-03 -1.206112952840742792e-03 4.531192878704188264e-03 -1.534478800873369551e+02
-2.260690495112406898e-03 4.237696980373933942e-03 4.209567071104433102e-03 -3.622358303005160460e-03 -1.213338146199550299e-03 4.550921987048987122e-03 -1.549873539984594970e+02
-2.283133550332757788e-03 4.278323360143396550e-03 4.248449983228070638e-03 -3.646984831985672880e-03 -1.220565433887178851e-03 4.570649031056897051e-03 -1.565266148004769491e+02
-2.305573323061485980e-03 4.318914411046122573e-03 4.287277044816869762e-03 -3.671565696405019921e-03 -1.227794787358029620e-03 4.590373913069123804e-03 -1.580656624035316042e+02
-2.328009811874530519e-03 4.359470109743679260e-03 4.326048237556038081e-03 -3.696100926971615692e-03 -1.235026124556165691e-03 4.610096652216839723e-03 -1.596044967180256720e+02
-2.350443015342183924e-03 4.399990432734460569e-03 4.364763532104055065e-03 -3.720590509384079370e-03 -1.242259444227771436e-03 4.629817260781816761e-03 -1.611431176541853745e+02
-2.372872932037455723e-03 4.440475356373751840e-03 4.403422904091826295e-03 -3.745034461207787622e-03 -1.249494670906875059e-03 4.649535619794195780e-03 -1.626815251226844055e+02
-2.395299560512210036e-03 4.480924857023064339e-03 4.442026324982970183e-03 -3.769432796096603647e-03 -1.256731747885172492e-03 4.669251796845516785e-03 -1.642197190330470278e+02
-2.417722899329692501e-03 4.521338911014616789e-03 4.480573758899551555e-03 -3.793785542297423586e-03 -1.263970620636883577e-03 4.688965638945282767e-03 -1.657576992958296387e+02
-2.440142947019804769e-03 4.561717494825750542e-03 4.519065171073435860e-03 -3.818092631325180862e-03 -1.271211271855316642e-03 4.708677273019510300e-03 -1.672954658195615139e+02
-2.462559702151079048e-03 4.602060584991550692e-03 4.557500520238726149e-03 -3.842354047875863512e-03 -1.278453788165929798e-03 4.728386584241313535e-03 -1.688330185157006440e+02
-2.484973163250233773e-03 4.642368158114600421e-03 4.595879762256144252e-03 -3.866569722961039381e-03 -1.285698122525685393e-03 4.748093575366434289e-03 -1.703703572927385324e+02
-2.507383328855532830e-03 4.682640190865221264e-03 4.634202848957205342e-03 -3.890739613657434592e-03 -1.292944309281985520e-03 4.767798309874521183e-03 -1.719074820602249360e+02
-2.529790197507020364e-03 4.722876660017803416e-03 4.672469734200422956e-03 -3.914863611695813123e-03 -1.300192417023550602e-03 4.787500760031902086e-03 -1.734443927284202118e+02
-2.552193767712884927e-03 4.763077542548874860e-03 4.710680374781023999e-03 -3.938941662903700305e-03 -1.307442397091704593e-03 4.807200984982623430e-03 -1.749810892054128999e+02
-2.574594038016103648e-03 4.803242815315385619e-03 4.748834732867520531e-03 -3.962973713818605630e-03 -1.314694422489105915e-03 4.826898916246553928e-03 -1.765175714016136794e+02
-2.596991006930139071e-03 4.843372455009864290e-03 4.786932767123168626e-03 -3.986959686021415879e-03 -1.321948483129626673e-03 4.846594643007921289e-03 -1.780538392252360609e+02
-2.619384672979213798e-03 4.883466438318092261e-03 4.824974445345968539e-03 -4.010899574501474232e-03 -1.329204658934831241e-03 4.866288192582126325e-03 -1.795898925852014827e+02
-2.641775034703815628e-03 4.923524741852958707e-03 4.862959736359596594e-03 -4.034793337457643486e-03 -1.336463033006083300e-03 4.885979600989271733e-03 -1.811257313914883866e+02
-2.664162090607101550e-03 4.963547342035779485e-03 4.900888608984335128e-03 -4.058640973042144766e-03 -1.343723576984993213e-03 4.905668907445867762e-03 -1.826613555512425364e+02
-2.686545839238196117e-03 5.003534214866189531e-03 4.938761031691120060e-03 -4.082442499137624824e-03 -1.350986244547432852e-03 4.925356050708353840e-03 -1.841967649747105327e+02
-2.708926279120935955e-03 5.043485336253263410e-03 4.976576985102365049e-03 -4.106197918961359064e-03 -1.358251085715857578e-03 4.945041052622296124e-03 -1.857319595697817647e+02
-2.731303408804364088e-03 5.083400682019269257e-03 5.014336450583006116e-03 -4.129907248091900691e-03 -1.365517880182718280e-03 4.964723891206909365e-03 -1.872669392456444371e+02
-2.753677226831641525e-03 5.123280228114197692e-03 5.052039411394249752e-03 -4.153570556996266476e-03 -1.372786636030248622e-03 4.984404507446471566e-03 -1.888017039107491541e+02
-2.776047731746885544e-03 5.163123950552013335e-03 5.089685855236538749e-03 -4.177187863823620881e-03 -1.380057304912071141e-03 5.004082819954229489e-03 -1.903362534735127269e+02
-2.798414922096181031e-03 5.202931825399143180e-03 5.127275761700069052e-03 -4.200759174054592010e-03 -1.387329765182568429e-03 5.023758888966315186e-03 -1.918705878426014522e+02
-2.820778796420070431e-03 5.242703828556976101e-03 5.164809113083257408e-03 -4.224284484092544721e-03 -1.394604050328146190e-03 5.043432715145241239e-03 -1.934047069268018220e+02
-2.843139353245820351e-03 5.282439935700647057e-03 5.202285881393342928e-03 -4.247763841761200559e-03 -1.401880125281993210e-03 5.063104139809597622e-03 -1.949386106342110736e+02
-2.865496591089985480e-03 5.322140122483170685e-03 5.239706038754489426e-03 -4.271197195656147548e-03 -1.409157953934433690e-03 5.082773205848771687e-03 -1.964722988724794561e+02
-2.887850508487699829e-03 5.361804364586728391e-03 5.277069547717709412e-03 -4.294584535541772115e-03 -1.416437548165878349e-03 5.102439897433723101e-03 -1.980057715508951617e+02
-2.910201103940759492e-03 5.401432637938235505e-03 5.314376367951172131e-03 -4.317925743556597605e-03 -1.423718813379170689e-03 5.122104263859283101e-03 -1.995390285765018348e+02
-2.932556449371665104e-03 5.441138439344292595e-03 5.357410738280004789e-03 -4.500277263048318814e-03 -1.504427433239208418e-03 5.548321717691391715e-03 -2.010720121072624522e+02
-2.954900396477697783e-03 5.480694703532437533e-03 5.394604042168901076e-03 -4.523526233166047170e-03 -1.511712170997244918e-03 5.567981533869499448e-03 -2.026048375508205766e+02
-2.977241017177008776e-03 5.520214927215011218e-03 5.431740516803092514e-03 -4.546729011630080801e-03 -1.518998694981618181e-03 5.587639024006997059e-03 -2.041374470654160689e+02
-2.999578309956515455e-03 5.559699086581233914e-03 5.468820119464684777e-03 -4.569885541058910441e-03 -1.526287070298509938e-03 5.607294352698448218e-03 -2.056698405577163840e+02
-3.021912273321651198e-03 5.599147157828555411e-03 5.505842805780539022e-03 -4.592995769151082125e-03 -1.533577391237666340e-03 5.626947501997937341e-03 -2.072020179353121705e+02
-3.044242905773954493e-03 5.638559117157933981e-03 5.542808540110268772e-03 -4.616059637837995576e-03 -1.540869689088949796e-03 5.646598505752634285e-03 -2.087339791055698299e+02
-3.066570205802505045e-03 5.677934940699564184e-03 5.579717278812442414e-03 -4.639077097213640047e-03 -1.548164063983383573e-03 5.666247316232730230e-03 -2.102657239752217606e+02
-3.088902162944238972e-03 5.717451375816044214e-03 5.619537887404580344e-03 -4.823085188225347160e-03 -1.629702304263783673e-03 6.097280054122261421e-03 -2.117971947021558776e+02
-3.111222793620662102e-03 5.756754856063387056e-03 5.656332537719447988e-03 -4.846009733818953599e-03 -1.637000804954664990e-03 6.116924409850854789e-03 -2.133285066923170632e+02
-3.133540087367792451e-03 5.796022128366885330e-03 5.693070096413028330e-03 -4.868887794271126862e-03 -1.644301378164429814e-03 6.136566571326500415e-03 -2.148596021033828549e+02
-3.155854042684261545e-03 5.835253168107522141e-03 5.729750535263518872e-03 -4.891719379009531327e-03 -1.651603958244290743e-03 6.156206406671194120e-03 -2.163904808423011730e+02
-3.178164658063681054e-03 5.874447950424578103e-03 5.766373830052385317e-03 -4.914504505959316205e-03 -1.658908448902095354e-03 6.175844052751474841e-03 -2.179211428154350756e+02
-3.200471932014548743e-03 5.913606450356164758e-03 5.802939960589191537e-03 -4.937243208616854707e-03 -1.666214819581323661e-03 6.195479305765414987e-03 -2.194515879298679124e+02
-3.222775863042110639e-03 5.952728643027226964e-03 5.839448909978026646e-03 -4.959935513209803165e-03 -1.673523071556746534e-03 6.215112144927776444e-03 -2.209818160921712149e+02
-3.245076449662904951e-03 5.991814503811093359e-03 5.875900664375334134e-03 -4.982581426948215313e-03 -1.680833038234847646e-03 6.234742733142007755e-03 -2.225118272096176213e+02
-3.267373690385140181e-03 6.030864008112977667e-03 5.912295209415109956e-03 -5.005180910092223504e-03 -1.688144700959052884e-03 6.254370990616281260e-03 -2.240416211888241094e+02
-3.289667583706200153e-03 6.069877131281287488e-03 5.948632528135186330e-03 -5.027733979316654188e-03 -1.695458139005199660e-03 6.273996898340438930e-03 -2.255711979356735810e+02
-3.311966631943860477e-03 6.108892502562625511e-03 5.993667619583965128e-03 -5.192826734321171790e-03 -1.785658209694888704e-03 6.696365956596393373e-03 -2.271004996071307573e+02
-3.334253825965553895e-03 6.147832788977866322e-03 6.029890382609330059e-03 -5.215286981381024589e-03 -1.792974899360267162e-03 6.715987168181967136e-03 -2.286296416087659793e+02
-3.356537668071684927e-03 6.186736619716423115e-03 6.066055806424385487e-03 -5.237700859431970550e-03 -1.800293292315697808e-03 6.735606130707560112e-03 -2.301585660972617120e+02
-3.378818156743803279e-03 6.225603970095075143e-03 6.102163849865431360e-03 -5.260068322865849196e-03 -1.807613314999320696e-03 6.755222781146564930e-03 -2.316872729784787737e+02
-3.401095290455737833e-03 6.264434815526219620e-03 6.138214476316141387e-03 -5.282389305071284388e-03 -1.814935017831045827e-03 6.774837285109003814e-03 -2.332157621575303494e+02
-3.423369067709786020e-03 6.303229131397965028e-03 6.174207638217776503e-03 -5.304663804888735783e-03 -1.822258526341984965e-03 6.794449489816462712e-03 -2.347440335415669779e+02
-3.445639486963789078e-03 6.341986893162739058e-03 6.210143288221552094e-03 -5.326891719508772272e-03 -1.829583744271116169e-03 6.814059438019607479e-03 -2.362720870348730102e+02
-3.467906546691451423e-03 6.380708076275821289e-03 6.246021385248845884e-03 -5.349072997142242762e-03 -1.836910755859056093e-03 6.833667104831021334e-03 -2.377999225432777450e+02
-3.490170245355762087e-03 6.419392656271755149e-03 6.281841883161096152e-03 -5.371207640424693550e-03 -1.844239646965809389e-03 6.853272494865723583e-03 -2.393275399719470329e+02
-3.512439829915790183e-03 6.457952531610653378e-03 6.327155467784122307e-03 -5.521118078801225300e-03 -1.954317618448616657e-03 7.270651873332650492e-03 -2.408548814769946205e+02
-3.534696801845528709e-03 6.496563831992808319e-03 6.362860646925138156e-03 -5.543159177850092052e-03 -1.961650307020804292e-03 7.290252541853058620e-03 -2.423820624623042193e+02
-3.556950408109479499e-03 6.535138455661367377e-03 6.398508114992886540e-03 -5.565153487249794965e-03 -1.968984943614123483e-03 7.309850924415990485e-03 -2.439090250842402554e+02
-3.579200647158701891e-03 6.573676377848882910e-03 6.434097835446160769e-03 -5.587100963571396510e-03 -1.976321588948062695e-03 7.329446953500903979e-03 -2.454357692473905388e+02
-3.601447517459103152e-03 6.612177573576465302e-03 6.469629784060279554e-03 -5.609001537472503747e-03 -1.983660165734032338e-03 7.349040651125106349e-03 -2.469622948572979624e+02
-3.623691017458919791e-03 6.650642017581047741e-03 6.505103929332037467e-03 -5.630855227994733918e-03 -1.991000608769403091e-03 7.368631987272882856e-03 -2.484886018178077620e+02
-3.645931145646735816e-03 6.689069684242381249e-03 6.540520249271104813e-03 -5.652662012041439164e-03 -1.998342934502038860e-03 7.388221010767034337e-03 -2.500146900351841452e+02
-3.668167900483166721e-03 6.727460547930574387e-03 6.575878719646439073e-03 -5.674421971947735642e-03 -2.005686865206508449e-03 7.407807652505520729e-03 -2.515405594133765419e+02
-3.690401280446193449e-03 6.765814583125858567e-03 6.611179321436989019e-03 -5.696135088746587943e-03 -2.013032571852665584e-03 7.427392022871777064e-03 -2.530662098573290280e+02
-3.712631284007659495e-03 6.804131764601433971e-03 6.646422038079941898e-03 -5.717801458940768855e-03 -2.020379961518023286e-03 7.446974130484181921e-03 -2.545916412715624517e+02
-3.734857909658792149e-03 6.842412067155745348e-03 6.681606850896585487e-03 -5.739421076010149322e-03 -2.027728958433308321e-03 7.466553929233115706e-03 -2.561168535617464954e+02
-3.757081155855318023e-03 6.880655465430898961e-03 6.716733737833530289e-03 -5.760993935195882383e-03 -2.035079591059337726e-03 7.486131396662492818e-03 -2.576418466311456541e+02
-3.779309168305348618e-03 6.919009160284306931e-03 6.756553011175828703e-03 -5.933179595518061310e-03 -2.115218308636657336e-03 7.901222378405627425e-03 -2.591665626346285762e+02
-3.801525651014388274e-03 6.957178673644922456e-03 6.791563942739360128e-03 -5.954659018437038522e-03 -2.122572180500092824e-03 7.920795313342405414e-03 -2.606911169761854694e+02
-3.823738749656128977e-03 6.995311206409860275e-03 6.826516841687428443e-03 -5.976091645096819061e-03 -2.129927541648470642e-03 7.940365886184335559e-03 -2.622154518093983597e+02
-3.845948462694613601e-03 7.033406733301108063e-03 6.861411664681954861e-03 -5.997477543233420243e-03 -2.137284513577502720e-03 7.959934097730620578e-03 -2.637395670393131581e+02
-3.868154788560345444e-03 7.071465229045961753e-03 6.896248371579401584e-03 -6.018816575082534294e-03 -2.144643173218370967e-03 7.979499977520128351e-03 -2.652634625684728462e+02
-3.890357725706549644e-03 7.109486668204646927e-03 6.931026914738781970e-03 -6.040108719094715826e-03 -2.152003387083424330e-03 7.999063431956837320e-03 -2.667871383011374178e+02
-3.912557272574528587e-03 7.147471025479853329e-03 6.965747252917040173e-03 -6.061353903873108531e-03 -2.159365239618420921e-03 8.018624450770575618e-03 -2.683105941408855983e+02
-3.934753427587322355e-03 7.185418275686935793e-03 7.000409339093066965e-03 -6.082552052754445528e-03 -2.166728964430080645e-03 8.038183068201207662e-03 -2.698338299906092743e+02
-3.956946189188969426e-03 7.223328393608345784e-03 7.035013132032981453e-03 -6.103703114156987068e-03 -2.174094369527663356e-03 8.057739274742899832e-03 -2.713568457550480844e+02
-3.979135555787428197e-03 7.261201354110552626e-03 7.069558590824516139e-03 -6.124807042772225339e-03 -2.181461580311470309e-03 8.077293068676345139e-03 -2.728796413362567250e+02
-4.001321525817201803e-03 7.299037131933896506e-03 7.104045673219970027e-03 -6.145863721986791206e-03 -2.188830688236699084e-03 8.096844487788915773e-03 -2.744022166379635905e+02
-4.023504097707213643e-03 7.336835701747551446e-03 7.138474344603425344e-03 -6.166873081195053952e-03 -2.196201590243334733e-03 8.116393647659390920e-03 -2.759245715631865323e+02
-4.045683269885114695e-03 7.374597038141212507e-03 7.172844573651514580e-03 -6.187835225214822522e-03 -2.203574285371049518e-03 8.135940447535705902e-03 -2.774467060148595579e+02
-4.067859040792492706e-03 7.412321115416987093e-03 7.207156329938346762e-03 -6.208750079180426831e-03 -2.210948914659463093e-03 8.155484947885342437e-03 -2.789686198967433484e+02
-4.090031408856915386e-03 7.450007907531505484e-03 7.241409589646368057e-03 -6.229617732802911895e-03 -2.218325334939656463e-03 8.175027205255163201e-03 -2.804903131112969845e+02
-4.112200372510714866e-03 7.487657388126840556e-03 7.275604321797566644e-03 -6.250438197037689637e-03 -2.225703451400330626e-03 8.194567231726370554e-03 -2.820117855612366498e+02
-4.134365930187889476e-03 7.525269530913418492e-03 7.309740505162609127e-03 -6.271211499677286152e-03 -2.233083227515239143e-03 8.214104896485937418e-03 -2.835330371491047003e+02
-4.156536145252079199e-03 7.562961539656353448e-03 7.349174051169148764e-03 -6.441479410089981025e-03 -2.307929765026212748e-03 8.615679295612332575e-03 -2.850540100290322698e+02
-4.178694886315530675e-03 7.600498928457577116e-03 7.383193073971333967e-03 -6.462158421786144170e-03 -2.315312649050816924e-03 8.635212277190393651e-03 -2.865748196015899794e+02
-4.200850216741658372e-03 7.637998901504784895e-03 7.417153485539666746e-03 -6.482790423366303380e-03 -2.322697027237905377e-03 8.654742874876072620e-03 -2.880954080202479872e+02
-4.223002134972649382e-03 7.675461432899692397e-03 7.451055253239797886e-03 -6.503375339255277124e-03 -2.330082859512474895e-03 8.674271114306538952e-03 -2.896157751876785369e+02
-4.245150639433559539e-03 7.712886496611650634e-03 7.484898353804087835e-03 -6.523913155769535399e-03 -2.337470200202005494e-03 8.693796893470754142e-03 -2.911359210057909763e+02
-4.267295728533216335e-03 7.750274066574338629e-03 7.518682748895977840e-03 -6.544403852309615098e-03 -2.344859150857463593e-03 8.713320138055114308e-03 -2.926558453756908307e+02
-4.289437400712059999e-03 7.787624116563559087e-03 7.552408403070273377e-03 -6.564847379308525084e-03 -2.352249495229824430e-03 8.732840907909484099e-03 -2.941755482011171239e+02
-4.311575654359599274e-03 7.824936620384031691e-03 7.586075272529434199e-03 -6.585243663548382212e-03 -2.359641412330882974e-03 8.752359096543545214e-03 -2.956950293824460800e+02
-4.333710487889711437e-03 7.862211551889144653e-03 7.619683315528332120e-03 -6.605592664507685396e-03 -2.367034841097687223e-03 8.771874955792626286e-03 -2.972142888216333745e+02
-4.355841899713783563e-03 7.899448885063145923e-03 7.653232487931339693e-03 -6.625894255423329417e-03 -2.374429873320836604e-03 8.791388307422320914e-03 -2.987333264205697674e+02
-4.377969888242003171e-03 7.936648594013322178e-03 7.686722742911825806e-03 -6.646148400665252004e-03 -2.381826493648610352e-03 8.810899297964287433e-03 -3.002521420811198709e+02
-4.400094451865722150e-03 7.973810652871499496e-03 7.720154030998064264e-03 -6.666355104748003350e-03 -2.389224740751287254e-03 8.830407872071644251e-03 -3.017707357041345517e+02
-4.422224043270455568e-03 8.010988063078606711e-03 7.761489573620719389e-03 -6.823045426104209013e-03 -2.472784551455498026e-03 9.225650570531821609e-03 -3.032890494411341251e+02
-4.444341752268522738e-03 8.048074744173011955e-03 7.794802804121022353e-03 -6.843157035376036187e-03 -2.480186325660731130e-03 9.245154645604004504e-03 -3.048071986932508821e+02
-4.466456031542187857e-03 8.085123697397660070e-03 7.828056947927293854e-03 -6.863221165307766686e-03 -2.487589811870953831e-03 9.264656316437315173e-03 -3.063251256112582723e+02
-4.488566879505604020e-03 8.122134896434136594e-03 7.861251974575978602e-03 -6.883237637779155392e-03 -2.494995106535561041e-03 9.284155827580161183e-03 -3.078428300977682284e+02
-4.510674294537077127e-03 8.159108315002093839e-03 7.894387846156928484e-03 -6.903206606842657127e-03 -2.502402061645724041e-03 9.303652944293054269e-03 -3.093603120522401468e+02
-4.532778275045311507e-03 8.196043926690189940e-03 7.927464539795453513e-03 -6.923127958294472695e-03 -2.509810739189512023e-03 9.323147749042718854e-03 -3.108775713761663155e+02
-4.554878819431290235e-03 8.232941704877587419e-03 7.960482020719535090e-03 -6.943001786015639588e-03 -2.517221023792768578e-03 9.342640232227524683e-03 -3.123946079703462715e+02
-4.576975926084991299e-03 8.269801622778584146e-03 7.993440262807691502e-03 -6.962828132477959057e-03 -2.524632884314188894e-03 9.362130066746852594e-03 -3.139114217348503644e+02
-4.599069593425876915e-03 8.306623653482329839e-03 8.026339237144996738e-03 -6.982606944391405064e-03 -2.532046201311792359e-03 9.381617580953722710e-03 -3.154280125717592114e+02
-4.621159819839059171e-03 8.343407770106595414e-03 8.059178923368286521e-03 -7.002338320350054955e-03 -2.539460930148549223e-03 9.401102532880407925e-03 -3.169443803801494823e+02
-4.643246603737578339e-03 8.380153945895507314e-03 8.091959298961722696e-03 -7.022022178956375919e-03 -2.546877209076189429e-03 9.420584964345850645e-03 -3.184605250609815243e+02
-4.665337881088744802e-03 8.417086199772962768e-03 8.123495116259159959e-03 -7.201008338854353492e-03 -2.619571171060676266e-03 9.817487247095054229e-03 -3.199763887646370222e+02
-4.687425864926091090e-03 8.453918870812204833e-03 8.159244673044473845e-03 -7.370080263273724210e-03 -2.695756304691920673e-03 1.020597357856765225e-02 -3.214920291408920434e+02
-4.709502311685462989e-03 8.490551064255811436e-03 8.191846971887298962e-03 -7.389621493582397040e-03 -2.703176664878981141e-03 1.022544845655125323e-02 -3.230075038404428369e+02
-4.731583333797541834e-03 8.527326465810095360e-03 8.226360692765520566e-03 -7.559671484249089191e-03 -2.778222140232679098e-03 1.061552817990057615e-02 -3.245226972629011470e+02
-4.753669148719686169e-03 8.564133118632860295e-03 8.268726169379212593e-03 -7.864084706596432758e-03 -2.917664227195855813e-03 1.136990456833237260e-02 -3.260376093078944564e+02
-4.775743134596580237e-03 8.600773594775833544e-03 8.305292565015522793e-03 -8.034227734388580885e-03 -2.984254555424408709e-03 1.175050729823553380e-02 -3.275523553746799053e+02
-4.797805775888365314e-03 8.637253436020553982e-03 8.337656897305065901e-03 -8.053578344957443291e-03 -2.991680815960654979e-03 1.176997257898097782e-02 -3.290669353641382031e+02
-4.819864961737982748e-03 8.673695122211295266e-03 8.369961628827745498e-03 -8.072881213423574454e-03 -2.999108604672430078e-03 1.178943550275516824e-02 -3.305812914241438989e+02
-4.841920690526292821e-03 8.710098626506410438e-03 8.402206716583477189e-03 -8.092136320298488894e-03 -3.006537955878448975e-03 1.180889613615593477e-02 -3.320954234550623596e+02
-4.863972960619048977e-03 8.746463922191688792e-03 8.434392113924596077e-03 -8.111343623278156542e-03 -3.013968860115526227e-03 1.182835429510678549e-02 -3.336093313565089602e+02
-4.886021770370520788e-03 8.782790982649406678e-03 8.466517780598394743e-03 -8.130503087343704180e-03 -3.021401502705006042e-03 1.184781011569528350e-02 -3.351230150273503909e+02
-4.908067118130059019e-03 8.819079781341967322e-03 8.498583676705563639e-03 -8.149614652603800330e-03 -3.028835607783228814e-03 1.186726356030254337e-02 -3.366364743657558734e+02
-4.930109002284756813e-03 8.855330291446894195e-03 8.530589757741569024e-03 -8.168678355840197983e-03 -3.036271366986102206e-03 1.188671460383330068e-02 -3.381497092723803348e+02
-4.952147421175136927e-03 8.891542486074880541e-03 8.562535985477556788e-03 -8.187694142358961993e-03 -3.043708658363015150e-03 1.190616305333129336e-02 -3.396627196449211397e+02
-4.974182373164122602e-03 8.927716338240404906e-03 8.594422333713250609e-03 -8.206662061162162125e-03 -3.051147537351574842e-03 1.192560895820641599e-02 -3.411755053823792991e+02
-4.996213856610331495e-03 8.963851820900960166e-03 8.626248771960108239e-03 -8.225582055815399557e-03 -3.058588082259520481e-03 1.194505239582687416e-02 -3.426880663833032941e+02
-5.018250114648320492e-03 9.000031597906308148e-03 8.664314419088790797e-03 -8.383343685623547217e-03 -3.132865685557473939e-03 1.231764373498586695e-02 -3.442003447974877872e+02
-5.040274656109270182e-03 9.036090259384794987e-03 8.696020966510280281e-03 -8.402167772222839809e-03 -3.140309118935660348e-03 1.233708188840292909e-02 -3.457124560218076113e+02
-5.062295724126559572e-03 9.072110468765300431e-03 8.727667523811358588e-03 -8.420943879853263342e-03 -3.147753999957944235e-03 1.235651769688735427e-02 -3.472243422052442838e+02
-5.084313317072184507e-03 9.108092198444531565e-03 8.759254066296877014e-03 -8.439672026704201843e-03 -3.155200059024400750e-03 1.237595100601648207e-02 -3.487360032461985497e+02
-5.106327433307179114e-03 9.144035420907888415e-03 8.790780575298433666e-03 -8.458352204116365014e-03 -3.162647638008673004e-03 1.239538179227625027e-02 -3.502474390424005151e+02
-5.128338071210184965e-03 9.179940108670318552e-03 8.822247016189974783e-03 -8.476984451648955990e-03 -3.170096391218901744e-03 1.241481021041965227e-02 -3.517586494929158789e+02
-5.150345229123849851e-03 9.215806234357660012e-03 8.853653356495721355e-03 -8.495568795090887443e-03 -3.177546522735928605e-03 1.243423625540933039e-02 -3.532696344946145928e+02
-5.172357047417846382e-03 9.251738148761949609e-03 8.890861342628361350e-03 -8.648802610058460918e-03 -3.246494338854231075e-03 1.280632598339097143e-02 -3.547803361961336464e+02
-5.194357240422246488e-03 9.287527067419636129e-03 8.922147382058442239e-03 -8.667291002894941809e-03 -3.253947243768624733e-03 1.282574719800487657e-02 -3.562908699949280731e+02
-5.216362053840012739e-03 9.323367215075569273e-03 8.959035827094971247e-03 -8.825117476027231900e-03 -3.322764610744254835e-03 1.319021525847562798e-02 -3.578011202882270254e+02
-5.238355275297130673e-03 9.359078815392298661e-03 8.990201405746351196e-03 -8.843509880556101391e-03 -3.330220241278112562e-03 1.320963158179420775e-02 -3.593112024741732284e+02
-5.260353488577188853e-03 9.394808407466115688e-03 9.028491646628280035e-03 -8.994470889414119680e-03 -3.409971976377834842e-03 1.357214798602281343e-02 -3.608210009495508075e+02
-5.282339731835803374e-03 9.430442579143072726e-03 9.059536588083973857e-03 -9.012767170904385783e-03 -3.417430316211487931e-03 1.359155924496067112e-02 -3.623306311119901579e+02
-5.304322483490503046e-03 9.466037995599868235e-03 9.090521137452073006e-03 -9.031015365751307589e-03 -3.424890078526211887e-03 1.361096794358014443e-02 -3.638400351086945648e+02
-5.326309916958128776e-03 9.501701179131859937e-03 9.126866358150978464e-03 -9.186034820299478557e-03 -3.494679823001970928e-03 1.397311415068575209e-02 -3.653491550860728694e+02
-5.348285680373645809e-03 9.537219002998321635e-03 9.157729990786374688e-03 -9.204186632438703455e-03 -3.502142453645950854e-03 1.399251770502499444e-02 -3.668581064424979559e+02
-5.370257947151532360e-03 9.572697989351744430e-03 9.188533111974516929e-03 -9.222290184299562765e-03 -3.509606812148269393e-03 1.401191869543323004e-02 -3.683668313234427387e+02
-5.392226715623679202e-03 9.608138110771687404e-03 9.219275684880916602e-03 -9.240345389897604289e-03 -3.517072498851693020e-03 1.403131721234895241e-02 -3.698753296260867955e+02
-5.414191984111135086e-03 9.643539339770032873e-03 9.249957675744572769e-03 -9.258352211739710041e-03 -3.524539692404542700e-03 1.405071317162376321e-02 -3.713836012467970136e+02
-5.436153750946365847e-03 9.678901648791878032e-03 9.280579055898543345e-03 -9.276310625436315002e-03 -3.532008259144776060e-03 1.407010653698471080e-02 -3.728916460824565320e+02
-5.458112014447740953e-03 9.714225010056917048e-03 9.311139784710494027e-03 -9.294220648654689595e-03 -3.539478508196912485e-03 1.408949750213851944e-02 -3.743994640288697724e+02
-5.480066772956972317e-03 9.749509395341580606e-03 9.341639843292521422e-03 -9.312082308321230698e-03 -3.546950044313299660e-03 1.410888606965991603e-02 -3.759070549832350139e+02
-5.502018024790427536e-03 9.784754776096023926e-03 9.372079196860508971e-03 -9.329895639069229335e-03 -3.554422931110171827e-03 1.412827229362920156e-02 -3.774144188408394598e+02
-5.523965768286608416e-03 9.819961123667855785e-03 9.402457816246562877e-03 -9.347660681858991835e-03 -3.561897147959135028e-03 1.414765589918639058e-02 -3.789215554986402594e+02
-5.545910001765398840e-03 9.855128409548252408e-03 9.432775673498478355e-03 -9.365377461442761856e-03 -3.569372615187262586e-03 1.416703727411049336e-02 -3.804284648521345389e+02
-5.567850723552807135e-03 9.890256605239065510e-03 9.463032741325186695e-03 -9.383045974834797534e-03 -3.576849315525537990e-03 1.418641601046765656e-02 -3.819351467974277625e+02
-5.589787931965281564e-03 9.925345682464588662e-03 9.493228996053360708e-03 -9.400666148339694925e-03 -3.584327301427926455e-03 1.420579227973672864e-02 -3.834416012300938519e+02
-5.611721625324880489e-03 9.960395612875976024e-03 9.523364410129792415e-03 -9.418238116887245326e-03 -3.591806396048073582e-03 1.422516589672686259e-02 -3.849478280460679684e+02
-5.633651801938580582e-03 9.995406368091017818e-03 9.553438937440787357e-03 -9.435761723703639525e-03 -3.599286730770390966e-03 1.424453699345874617e-02 -3.864538271405285741e+02
-5.655578460121317430e-03 1.003037791948865019e-02 9.583452541838561115e-03 -9.453237042166481863e-03 -3.606768148389765099e-03 1.426390552965165100e-02 -3.879595984097050518e+02
-5.677501598155392133e-03 1.006531023850856105e-02 9.613405181306754546e-03 -9.470664035832864619e-03 -3.614250854582971503e-03 1.428327127423299238e-02 -3.894651417478756912e+02
-5.699421214352556192e-03 1.010020329676153232e-02 9.643296809371980013e-03 -9.488042614955123633e-03 -3.621734853950782200e-03 1.430263454957068046e-02 -3.909704570510602935e+02
-5.721337307017407975e-03 1.013505706617240550e-02 9.673127384059671333e-03 -9.505372748915549147e-03 -3.629220052734799008e-03 1.432199510178483806e-02 -3.924755442144473818e+02
-5.743249874440248259e-03 1.016987151870417556e-02 9.702896851400213268e-03 -9.522654354073283034e-03 -3.636706595885837168e-03 1.434135304626958825e-02 -3.939804031324716220e+02
-5.765158914909934533e-03 1.020464662631479467e-02 9.732605170428117874e-03 -9.539887276516972880e-03 -3.644194590589848633e-03 1.436070829452679859e-02 -3.954850336995658608e+02
-5.787064426725638949e-03 1.023938236082029378e-02 9.762252303642460910e-03 -9.557071551886673830e-03 -3.651683884178032191e-03 1.438006114867812664e-02 -3.969894358109638119e+02
-5.808974577343116626e-03 1.027415536440808540e-02 9.797936237005335641e-03 -9.702458300948076098e-03 -3.716373307123909450e-03 1.472086252809908825e-02 -3.984935516115181713e+02
-5.830873026729048100e-03 1.030881226885632662e-02 9.827460872732705216e-03 -9.719545210149116432e-03 -3.723865495298973524e-03 1.474021039350120049e-02 -3.999974964952936602e+02
-5.852767942330847073e-03 1.034342971621318719e-02 9.856924205726397270e-03 -9.736583356532076475e-03 -3.731359055143258947e-03 1.475955596090417106e-02 -4.015012126069131568e+02
-5.874659322418037538e-03 1.037800767809144570e-02 9.886326195858691213e-03 -9.753572759306074896e-03 -3.738854122139952888e-03 1.477889903913659313e-02 -4.030046998397093034e+02
-5.896547165287898198e-03 1.041254612579955302e-02 9.915666809710040400e-03 -9.770513474980795782e-03 -3.746350489744591956e-03 1.479823966611963811e-02 -4.045079580887680208e+02
-5.918431469225841381e-03 1.044704503038458403e-02 9.944946024286015554e-03 -9.787405480664403135e-03 -3.753848236291237178e-03 1.481757771674301061e-02 -4.060109872481789353e+02
-5.940312232523520079e-03 1.048150436243441321e-02 9.974163802748939670e-03 -9.804248832434981839e-03 -3.761347150129465671e-03 1.483691318155901280e-02 -4.075137872122326144e+02
-5.962189453459436350e-03 1.051592409247138413e-02 1.000332013097918540e-02 -9.821043526787667094e-03 -3.768847308323396844e-03 1.485624618765596198e-02 -4.090163578742442496e+02
-5.984063130317014527e-03 1.055030419097753060e-02 1.003241497535141587e-02 -9.837789635043614478e-03 -3.776348573858408393e-03 1.487557639649590702e-02 -4.105186991278692403e+02
-6.005933261378511474e-03 1.058464462853975913e-02 1.006144830568146686e-02 -9.854487121460139137e-03 -3.783850840437992264e-03 1.489490401471825834e-02 -4.120208108669081639e+02
-6.027799844925130213e-03 1.061894537590812003e-02 1.009042009357634904e-02 -9.871135988144855503e-03 -3.791354248285194305e-03 1.491422880072440678e-02 -4.135226929854459854e+02
-6.049662879232227744e-03 1.065320640394811121e-02 1.011933030566183542e-02 -9.887736140876037666e-03 -3.798858678503237978e-03 1.493355100587511614e-02 -4.150243453767477035e+02
-6.071522362569439085e-03 1.068742768348463282e-02 1.014817890970640298e-02 -9.904287655611229702e-03 -3.806364149298784721e-03 1.495287040783190892e-02 -4.165257679332229372e+02
-6.093378293238222755e-03 1.072160918522599253e-02 1.017696586089503544e-02 -9.920790332390757790e-03 -3.813870763681305280e-03 1.497218723657331788e-02 -4.180269605495387850e+02
-6.115230669491951605e-03 1.075575087997827917e-02 1.020569111944393155e-02 -9.937244205805934386e-03 -3.821378500843042227e-03 1.499150139164148049e-02 -4.195279231174161509e+02
-6.137079489603417849e-03 1.078985273861523229e-02 1.023435464066477230e-02 -9.953649307975456079e-03 -3.828887432257161924e-03 1.501081297331872955e-02 -4.210286555301180442e+02
-6.158924751834626322e-03 1.082391473230986771e-02 1.026295636813733501e-02 -9.970005484497454842e-03 -3.836397557299136597e-03 1.503012202354344316e-02 -4.225291576801252518e+02
-6.180766454464198777e-03 1.085793683219961857e-02 1.029149625596678837e-02 -9.986312722657202101e-03 -3.843908889022705326e-03 1.504942869677116518e-02 -4.240294294609787471e+02
-6.202604595728774921e-03 1.089191900943468037e-02 1.031997426447165377e-02 -1.000257101078037662e-02 -3.851421443182349597e-03 1.506873299292978835e-02 -4.255294707638821023e+02
-6.224439173894599255e-03 1.092586123527015604e-02 1.034839034503169490e-02 -1.001878029636227643e-02 -3.858935517254452347e-03 1.508803466634709052e-02 -4.270292814823764616e+02
-6.246270187207150770e-03 1.095976348103596017e-02 1.037674446546005963e-02 -1.003494059585353752e-02 -3.866450757073409180e-03 1.510733369375500193e-02 -4.285288615086271307e+02
-6.268097633910485120e-03 1.099362571798184231e-02 1.040503658251073181e-02 -1.005105187399927755e-02 -3.873967436042424252e-03 1.512663023991661637e-02 -4.300282107348880345e+02
-6.289921512230035698e-03 1.102744791729704313e-02 1.043326665910365367e-02 -1.006711410223443820e-02 -3.881485341336512497e-03 1.514592426273844196e-02 -4.315273290520428304e+02
-6.311741820434051478e-03 1.106123004977368866e-02 1.046143465816457528e-02 -1.008312727023683887e-02 -3.889004524666178717e-03 1.516521560629718358e-02 -4.330262163541225391e+02
-6.333558556743255213e-03 1.109497208589338771e-02 1.048954055240961317e-02 -1.009909135848385472e-02 -3.896524802962709512e-03 1.518450430201987063e-02 -4.345248725315919387e+02
-6.355371719404631636e-03 1.112867399568778781e-02 1.051758431507423923e-02 -1.011500645423319550e-02 -3.904046326215308664e-03 1.520379021248153932e-02 -4.360232974764306277e+02
-6.377181306664488937e-03 1.116233574889377578e-02 1.054556592113233340e-02 -1.013087245979399711e-02 -3.911568993532452305e-03 1.522307342690603499e-02 -4.375214910807565047e+02
-6.398995353765617698e-03 1.119607606280213080e-02 1.057762960248663335e-02 -1.027263186635258597e-02 -3.967964360901190916e-03 1.553726341490199898e-02 -4.390193954863050294e+02
-6.420797784959091439e-03 1.122965741180921920e-02 1.060548680963553127e-02 -1.028839986316365529e-02 -3.975489048949018035e-03 1.555654099910855348e-02 -4.405171260840575087e+02
-6.442604510878175914e-03 1.126331289512004161e-02 1.063698478315497180e-02 -1.043352557117118579e-02 -4.026526971202299028e-03 1.586613873094403285e-02 -4.420145672653272300e+02
-6.464399778989749455e-03 1.129681371905877016e-02 1.066471745737643077e-02 -1.044919535744083874e-02 -4.034053601110395085e-03 1.588541098615515318e-02 -4.435118344210609393e+02
-6.486191462929768829e-03 1.133027423538666631e-02 1.069238780628035262e-02 -1.046481608182439627e-02 -4.041581232944206278e-03 1.590468068474533078e-02 -4.450088696921561109e+02
-6.507979560962679627e-03 1.136369441408050830e-02 1.071999579787447608e-02 -1.048038766120509661e-02 -4.049109869421981846e-03 1.592394792112802188e-02 -4.465056729706558940e+02
-6.529764071317295353e-03 1.139707422518446839e-02 1.074754138326709969e-02 -1.049591006592236024e-02 -4.056639674258285394e-03 1.594321252550908244e-02 -4.480022441463053156e+02
-6.551544992228536604e-03 1.143041363865835748e-02 1.077502451850369247e-02 -1.051138332444270448e-02 -4.064170392317560145e-03 1.596247461978526211e-02 -4.494985831099915572e+02
-6.573322321915272583e-03 1.146371262453129737e-02 1.080244515766076545e-02 -1.052680724108570609e-02 -4.071702226445125632e-03 1.598173403538525814e-02 -4.509946897522286804e+02
-6.595104104531978630e-03 1.149710583828338767e-02 1.083280554886016482e-02 -1.067108705115182334e-02 -4.128661196952488656e-03 1.628301352365344248e-02 -4.524905062135881053e+02
-6.616874246454105407e-03 1.153032388015670130e-02 1.086010105274841202e-02 -1.068641265433168362e-02 -4.136195415691032440e-03 1.630226778195629708e-02 -4.539861478846037812e+02
-6.638640791809734439e-03 1.156350140568655760e-02 1.088733392280490792e-02 -1.070168897225982040e-02 -4.143730547406865479e-03 1.632151951972306281e-02 -4.554815569053688478e+02
-6.660403738797476825e-03 1.159663838558709290e-02 1.091450412119882897e-02 -1.071691599392699847e-02 -4.151266932155040466e-03 1.634076843798335996e-02 -4.569767331656924512e+02
-6.682163085619303826e-03 1.162973479031707488e-02 1.094161161209229391e-02 -1.073209370184373228e-02 -4.158804383109014451e-03 1.636001468560437447e-02 -4.584716765554185827e+02
-6.703918830495024864e-03 1.166279059007599601e-02 1.096865636016544458e-02 -1.074722206642629053e-02 -4.166342962512462056e-03 1.637925818633918437e-02 -4.599663869657900364e+02
-6.725670971596869364e-03 1.169580575501719295e-02 1.099563834206409435e-02 -1.076230098936761456e-02 -4.173882743324561911e-03 1.639849889742865663e-02 -4.614608642845989266e+02
-6.747419507147669505e-03 1.172878025507621304e-02 1.102255752008055902e-02 -1.077733044454791227e-02 -4.181423598000061879e-03 1.641773677579116963e-02 -4.629551084029334902e+02
-6.769181456514535358e-03 1.176179750378726803e-02 1.106210654395972139e-02 -1.101983150096558922e-02 -4.308091299806472187e-03 1.698190189360226227e-02 -4.644490037100728728e+02
-6.790922775580248046e-03 1.179469058267525010e-02 1.108890000262394843e-02 -1.103476192051056071e-02 -4.315634395465020590e-03 1.700113428871527846e-02 -4.659427810954200595e+02
-6.812660483709803011e-03 1.182754290476446465e-02 1.111563055884133393e-02 -1.104964291471316473e-02 -4.323178469605672494e-03 1.702036386586421382e-02 -4.674363249471500694e+02
-6.834394579129914743e-03 1.186035443887203077e-02 1.114229817381563910e-02 -1.106447444451028744e-02 -4.330723633988162180e-03 1.703959121139256641e-02 -4.689296351555029787e+02
-6.856125060039740780e-03 1.189312515371337281e-02 1.116890282283408177e-02 -1.107925652011369777e-02 -4.338269678469518047e-03 1.705881562928853942e-02 -4.704227116086413503e+02
-6.877851924650717902e-03 1.192585501807480637e-02 1.119544446133226810e-02 -1.109398926123169281e-02 -4.345816543153267764e-03 1.707803760301020851e-02 -4.719155541956664592e+02
-6.899575171164999514e-03 1.195854400082075816e-02 1.122192305606974083e-02 -1.110867243621650735e-02 -4.353364441787776692e-03 1.709725687463195185e-02 -4.734081628048992911e+02
-6.921294797805684941e-03 1.199119207083655485e-02 1.124833856211138183e-02 -1.112330618029935131e-02 -4.360913307249285158e-03 1.711647359470104199e-02 -4.749005373261554155e+02
-6.943010802755197712e-03 1.202379919727348222e-02 1.127469092872628378e-02 -1.113789042943261892e-02 -4.368463142319702411e-03 1.713568755896886092e-02 -4.763926776465872308e+02
-6.964723184222017770e-03 1.205636534945928560e-02 1.130098012116271568e-02 -1.115242519634437532e-02 -4.376013820026037303e-03 1.715489885205376264e-02 -4.778845836556076279e+02
-6.986439927215365789e-03 1.208906847791350533e-02 1.132722583877961500e-02 -1.129943606275014313e-02 -4.431350081447363309e-03 1.743539016024116609e-02 -4.793761974918250530e+02
-7.008145056252947959e-03 1.212155259003455145e-02 1.135338853388691630e-02 -1.131387176485507823e-02 -4.438902496631392039e-03 1.745459610389257440e-02 -4.808676345426691796e+02
-7.029846556326534504e-03 1.215399563631455737e-02 1.137948791939488030e-02 -1.132825803652538765e-02 -4.446455948875594616e-03 1.747379912807341118e-02 -4.823588369458624356e+02
-7.051544425615890489e-03 1.218639758616383434e-02 1.140552396133670369e-02 -1.134259460937592570e-02 -4.454010178972896833e-03 1.749299938179483399e-02 -4.838498045900554985e+02
-7.073247308554301421e-03 1.221880497075776215e-02 1.143808508541094109e-02 -1.146564548281647430e-02 -4.521139738001411258e-03 1.776799360292214899e-02 -4.853404796131966918e+02
-7.094937910779560222e-03 1.225112463640017600e-02 1.146399434140131859e-02 -1.147988271477290781e-02 -4.528696021432586198e-03 1.778718812717528311e-02 -4.868309774023759360e+02
-7.116632793420011455e-03 1.228354834812342422e-02 1.149162334282586434e-02 -1.161974689925469699e-02 -4.576741967655715594e-03 1.806024221682474978e-02 -4.883211823459838570e+02
-7.138316121259068343e-03 1.231578560807217518e-02 1.151740566804237455e-02 -1.163388458932061546e-02 -4.584300406637437618e-03 1.807943125809811230e-02 -4.898112098295044916e+02
-7.159995809176475552e-03 1.234798161940437941e-02 1.154312446960409702e-02 -1.164797238815876504e-02 -4.591859746457987654e-03 1.809861757773770577e-02 -4.913010019920168361e+02
-7.181671855332150307e-03 1.238013635133276141e-02 1.156877969862170341e-02 -1.166201037513430426e-02 -4.599420227254531930e-03 1.811780139104759990e-02 -4.927905587198118837e+02
-7.203344257892057081e-03 1.241224977250880886e-02 1.159437132086867280e-02 -1.167599852261024841e-02 -4.606981679187676162e-03 1.813698239896180398e-02 -4.942798798999723999e+02
-7.225013015028858981e-03 1.244432185126840423e-02 1.161989929628246855e-02 -1.168993679076932128e-02 -4.614544142197265185e-03 1.815616081414211588e-02 -4.957689654198507583e+02
-7.246678124894362534e-03 1.247635255563103035e-02 1.164536359885292444e-02 -1.170382519522220229e-02 -4.622107604682608104e-03 1.817533649948893659e-02 -4.972578151648107223e+02
-7.268339585664749733e-03 1.250834185328468344e-02 1.167076419260310895e-02 -1.171766387487294808e-02 -4.629672126836473223e-03 1.819450962524591514e-02 -4.987464290222235377e+02
-7.289997395508654790e-03 1.254028971193712691e-02 1.169610104979924674e-02 -1.173145264130340086e-02 -4.637237222205957410e-03 1.821367991923977456e-02 -5.002348068789789863e+02
-7.311651552589254477e-03 1.257219609956548682e-02 1.172137412117383107e-02 -1.174519168515151743e-02 -4.644803389734054357e-03 1.823284746048323135e-02 -5.017229486215302359e+02
-7.333302055049457924e-03 1.260406098433327661e-02 1.174658336199606995e-02 -1.175888091602063194e-02 -4.652370189860676949e-03 1.825201222337790100e-02 -5.032108541353053965e+02
-7.354948901050018494e-03 1.263588433446874611e-02 1.177172872304228964e-02 -1.177252034698236978e-02 -4.659937689886193592e-03 1.827117415992018587e-02 -5.046985233073040149e+02
-7.376592088731757577e-03 1.266766611832596465e-02 1.179681016300455736e-02 -1.178611000130094094e-02 -4.667505922205578139e-03 1.829033316831146089e-02 -5.061859560232109629e+02
-7.398231616246041947e-03 1.269940630437347596e-02 1.182182764080248749e-02 -1.179964983252813557e-02 -4.675074893428882508e-03 1.830948932057146691e-02 -5.076731521694335356e+02
-7.419867481729612926e-03 1.273110486115620367e-02 1.184678112305078725e-02 -1.181313963018475362e-02 -4.682644727453708078e-03 1.832864277288055038e-02 -5.091601116315100626e+02
-7.441499683318552640e-03 1.276276175713992461e-02 1.187167058035158013e-02 -1.182657961264892837e-02 -4.690215175774175779e-03 1.834779314557632643e-02 -5.106468342947125052e+02
-7.463128219167089288e-03 1.279437696084010333e-02 1.189649597794609735e-02 -1.183996955016910005e-02 -4.697786584721695344e-03 1.836694084127104415e-02 -5.121333200452760366e+02
-7.484761057300098192e-03 1.282607220950700809e-02 1.192393573612502387e-02 -1.197061282609116276e-02 -4.742513318739912352e-03 1.861758648696528601e-02 -5.136195110182729877e+02
-7.506382256079642545e-03 1.285760393484497964e-02 1.194863288866493227e-02 -1.198390267594688467e-02 -4.750086396230504722e-03 1.863672864318067016e-02 -5.151055225981868944e+02
-7.527999783535489590e-03 1.288909387424101195e-02 1.197326585600459736e-02 -1.199714234507412089e-02 -4.757660343248538461e-03 1.865586829447464512e-02 -5.165912969207585093e+02
-7.549613637799156528e-03 1.292054199646172803e-02 1.199783459566792360e-02 -1.201033198171609293e-02 -4.765235305293834961e-03 1.867500490764937085e-02 -5.180768338710319085e+02
-7.571223816994186034e-03 1.295194827009739889e-02 1.202233907086410793e-02 -1.202347144635965148e-02 -4.772811141611649557e-03 1.869413891808148140e-02 -5.195621333334287328e+02
-7.592830319248821021e-03 1.298331266349899565e-02 1.204677923692935165e-02 -1.203656073055683895e-02 -4.780388018308200440e-03 1.871327017507746354e-02 -5.210471951926874681e+02
-7.614433142689008491e-03 1.301463514476154312e-02 1.207115505411204825e-02 -1.204959973607888819e-02 -4.787965843342920601e-03 1.873239882449625332e-02 -5.225320193335911654e+02
-7.636032285423735057e-03 1.304591568162489709e-02 1.209546648646684340e-02 -1.206258858637612903e-02 -4.795544545401137990e-03 1.875152445215623118e-02 -5.240166056399820036e+02
-7.657627745583293205e-03 1.307715424137285282e-02 1.211971349531763310e-02 -1.207552718287357649e-02 -4.803124163168426448e-03 1.877064741097696221e-02 -5.255009539972445509e+02
-7.679219521263679071e-03 1.310835079107248655e-02 1.214389604117097586e-02 -1.208841567478350504e-02 -4.810704621408773245e-03 1.878976740871712153e-02 -5.269850642882454395e+02
-7.700807610586539280e-03 1.313950529752040859e-02 1.216801409923726901e-02 -1.210125397933038173e-02 -4.818285733615528844e-03 1.880888466217436536e-02 -5.284689363980146481e+02
-7.722392011664425300e-03 1.317061772758897423e-02 1.219206763537394878e-02 -1.211404217839084571e-02 -4.825867458802762452e-03 1.882799883660377441e-02 -5.299525702107437155e+02
-7.743972722600252212e-03 1.320168804855848498e-02 1.221605658991102399e-02 -1.212678017788564738e-02 -4.833449858623510911e-03 1.884711008793637024e-02 -5.314359656097188918e+02
-7.765549741510369662e-03 1.323271622773804397e-02 1.223998093101683234e-02 -1.213946805615543842e-02 -4.841032958683698720e-03 1.886621850723587887e-02 -5.329191224789967691e+02
-7.787123066504804229e-03 1.326370223251558018e-02 1.226384061354712091e-02 -1.215210566687262815e-02 -4.848616603132753847e-03 1.888532398017054095e-02 -5.344020407017283105e+02
-7.808692695711812702e-03 1.329464603024664224e-02 1.228763559408825243e-02 -1.216469299069545054e-02 -4.856200879960376020e-03 1.890442672003484967e-02 -5.358847201620341139e+02
-7.830258627248223510e-03 1.332554758853289611e-02 1.231136583330270061e-02 -1.217722995648812430e-02 -4.863785858411844888e-03 1.892352658077211744e-02 -5.373671607431006123e+02
-7.851820859213353918e-03 1.335640687518291347e-02 1.233503129369988016e-02 -1.218971658387504008e-02 -4.871371516702684319e-03 1.894262385619730621e-02 -5.388493623272080413e+02
-7.873379389716684065e-03 1.338722385778099745e-02 1.235863193671613014e-02 -1.220215291989252757e-02 -4.878957898073623019e-03 1.896171811278040201e-02 -5.403313247979127709e+02
-7.894934216850923656e-03 1.341799850386567704e-02 1.238216773028893991e-02 -1.221453893838636215e-02 -4.886545008546216637e-03 1.898080975401748166e-02 -5.418130480376070182e+02
-7.916485338721836185e-03 1.344873078104440178e-02 1.240563862245872180e-02 -1.222687450827049382e-02 -4.894132834481413480e-03 1.899989858747946209e-02 -5.432945319296313755e+02
-7.938032753418674051e-03 1.347942065713224682e-02 1.242904457484411002e-02 -1.223915979031201147e-02 -4.901721336768082547e-03 1.901898450178883537e-02 -5.447757763564914057e+02
-7.959576459016669617e-03 1.351006809996575450e-02 1.245238554721471956e-02 -1.225139451497453923e-02 -4.909310720422311279e-03 1.903806757133006192e-02 -5.462567811997315630e+02
-7.981116453626615342e-03 1.354067307731175555e-02 1.247566150146857226e-02 -1.226357879534926629e-02 -4.916900826196954691e-03 1.905714783731993212e-02 -5.477375463435677148e+02
-8.002652735305270520e-03 1.357123555697277960e-02 1.249887239667232981e-02 -1.227571267343619335e-02 -4.924491800749336221e-03 1.907622513988701043e-02 -5.492180716686294772e+02
-8.024185302131907685e-03 1.360175550633222624e-02 1.252201819357945563e-02 -1.228779595760680354e-02 -4.932083623637261924e-03 1.909529952903038855e-02 -5.506983570575507656e+02
-8.045714152166948130e-03 1.363223289249124344e-02 1.254509885794759423e-02 -1.229982858334676375e-02 -4.939676166198705455e-03 1.911437101903188523e-02 -5.521784023920115487e+02
-8.067239283480286474e-03 1.366266768208625020e-02 1.256811434587765119e-02 -1.231181069008758372e-02 -4.947269430112906027e-03 1.913343944474740765e-02 -5.536582075545147745e+02
-8.088760694120738712e-03 1.369305984133783669e-02 1.259106463088443748e-02 -1.232374222402837435e-02 -4.954863300463602238e-03 1.915250506595525537e-02 -5.551377724257426962e+02
-8.110278382182563653e-03 1.372340933624503767e-02 1.261394966705592716e-02 -1.233562320953382821e-02 -4.962458014230920582e-03 1.917156750726669440e-02 -5.566170968887280424e+02
-8.131792345725001245e-03 1.375371613294805451e-02 1.263676941959012909e-02 -1.234745361502114294e-02 -4.970053264800895938e-03 1.919062726242614161e-02 -5.580961808234917498e+02
-8.153302582851200755e-03 1.378398019776530536e-02 1.265952384545620917e-02 -1.235923349238678137e-02 -4.977648984276876465e-03 1.920968411509310289e-02 -5.595750241126588662e+02
-8.174809091620986734e-03 1.381420149716865685e-02 1.268221290141493575e-02 -1.237096279029945185e-02 -4.985245445612036114e-03 1.922873816812994616e-02 -5.610536266356803026e+02
-8.196311870128309210e-03 1.384437999754240325e-02 1.270483654228170972e-02 -1.238264141109090763e-02 -4.992842401706944558e-03 1.924778946940210872e-02 -5.625319882746853182e+02
-8.217810916436358096e-03 1.387451566519664302e-02 1.272739470859656809e-02 -1.239426947349724258e-02 -5.000439797799577889e-03 1.926683768571440039e-02 -5.640101089097602198e+02
-8.239306228618136635e-03 1.390460846646417517e-02 1.274988736305633294e-02 -1.240584679442236632e-02 -5.008038070850392640e-03 1.928588342465075919e-02 -5.654879884218985353e+02
-8.260806213182795080e-03 1.393473926532859918e-02 1.277696123869339825e-02 -1.251252681875267281e-02 -5.054011559266509586e-03 1.949109380518991574e-02 -5.669655689412552420e+02
-8.282294051306003657e-03 1.396474623344744030e-02 1.279932274454496227e-02 -1.252400283497014447e-02 -5.061610668134777780e-03 1.951013350120190532e-02 -5.684429658499196876e+02
-8.303778149464967687e-03 1.399471023477977770e-02 1.282161863183760298e-02 -1.253542815754222703e-02 -5.069210427052654733e-03 1.952917031683703425e-02 -5.699201212762370687e+02
-8.325258505719848254e-03 1.402463123595770918e-02 1.284384885691439333e-02 -1.254680286247147024e-02 -5.076810634426310274e-03 1.954820419511089577e-02 -5.713970351013216487e+02
-8.346735118116573038e-03 1.405450920376151956e-02 1.286601338742229816e-02 -1.255812680011158915e-02 -5.084411405272744669e-03 1.956723478097953037e-02 -5.728737072053949078e+02
-8.368207984684827502e-03 1.408434410509541365e-02 1.288811217262942135e-02 -1.256939997272704494e-02 -5.092012735514070583e-03 1.958626278406459462e-02 -5.743501374677167632e+02
-8.389685729934074146e-03 1.411417441198745126e-02 1.291587627966431576e-02 -1.266968722717714407e-02 -5.143441316488014080e-03 1.978241500967521313e-02 -5.758262680191263598e+02
-8.411151098959370603e-03 1.414392308115924521e-02 1.293784347213677507e-02 -1.268085873489082673e-02 -5.151043831394182780e-03 1.980143676684708795e-02 -5.773022142381580579e+02
-8.432612716266194713e-03 1.417362858443097298e-02 1.295974480659329610e-02 -1.269197930463909774e-02 -5.158647204384159482e-03 1.982045568036754773e-02 -5.787779182552870907e+02
-8.454070579880618511e-03 1.420329088814754198e-02 1.298158025189457762e-02 -1.270304895276957828e-02 -5.166251233028121281e-03 1.983947144533989779e-02 -5.802533799498962708e+02
-8.475524687822397901e-03 1.423290995843413606e-02 1.300334976119327766e-02 -1.271406762285831257e-02 -5.173855832355661599e-03 1.985848455066282700e-02 -5.817285992002637158e+02
-8.496975038137677405e-03 1.426248576094908682e-02 1.302505329711750766e-02 -1.272503535996497188e-02 -5.181461160759956615e-03 1.987749458939260319e-02 -5.832035758862448347e+02
-8.518429562743450034e-03 1.429221502010601282e-02 1.304396324783666308e-02 -1.285181762284748168e-02 -5.218587967247115961e-03 2.006640429801398104e-02 -5.846782521359193652e+02
-8.539872391883788008e-03 1.432170418304807603e-02 1.306553470596448496e-02 -1.286268329239366112e-02 -5.226194483571758136e-03 2.008540845094207439e-02 -5.861527433285177722e+02
-8.561319404608818198e-03 1.435134923111843278e-02 1.308413430343990241e-02 -1.298874462096441355e-02 -5.263401597149774958e-03 2.027187893600062088e-02 -5.876269338425721571e+02
-8.582754704720403291e-03 1.438075161553994084e-02 1.310557350380892223e-02 -1.299950850702904712e-02 -5.271009164226528321e-03 2.029087730052364300e-02 -5.891009390554704623e+02
-8.604186237377738772e-03 1.441011055825498245e-02 1.312694650144051456e-02 -1.301022141473998778e-02 -5.278617207720483380e-03 2.030987280666856840e-02 -5.905747010977867149e+02
-8.625614000575668183e-03 1.443942602470904037e-02 1.314825325373826168e-02 -1.302088342385159317e-02 -5.286225650456489317e-03 2.032886536115026399e-02 -5.920482198459448000e+02
-8.647037992342114510e-03 1.446869798022137020e-02 1.316949371910880288e-02 -1.303149441734874521e-02 -5.293834460383224465e-03 2.034785482476480015e-02 -5.935214951786148276e+02
-8.668458210687480028e-03 1.449792639005363301e-02 1.319066784169045659e-02 -1.304205434486764049e-02 -5.301443723477683445e-03 2.036684112152190723e-02 -5.949945269735321745e+02
-8.689874653629657553e-03 1.452711121945057110e-02 1.321177560286997815e-02 -1.305256329177005917e-02 -5.309053116901880746e-03 2.038582474989043478e-02 -5.964673151092356420e+02
-8.711287319155373854e-03 1.455625243391714396e-02 1.323281696292670159e-02 -1.306302125302183023e-02 -5.316662918880396028e-03 2.040480497964792389e-02 -5.979398594623730787e+02
-8.732696205283923402e-03 1.458534999911622124e-02 1.325379189381549992e-02 -1.307342820119379752e-02 -5.324273058507443708e-03 2.042378228568819676e-02 -5.994121599119249595e+02
-8.754101309994257937e-03 1.461440388098310915e-02 1.327470035914950219e-02 -1.308378401137281523e-02 -5.331883778837726018e-03 2.044275646472825531e-02 -6.008842163339282934e+02
-8.775502631307505533e-03 1.464341404546713743e-02 1.329554231403463210e-02 -1.309408877390222554e-02 -5.339494651992384745e-03 2.046172762244153828e-02 -6.023560286070257916e+02
-8.796900167208718951e-03 1.467238045855989020e-02 1.331631770980067249e-02 -1.310434230023726533e-02 -5.347106014146337655e-03 2.048069593377780870e-02 -6.038275966070074219e+02
-8.818293915714271389e-03 1.470130308631418040e-02 1.333702650675421680e-02 -1.311454459975728432e-02 -5.354718066929962939e-03 2.049966116770321478e-02 -6.052989202116905290e+02
-8.839683874813037204e-03 1.473018189469518617e-02 1.335766867311845123e-02 -1.312469562488723269e-02 -5.362330672446598626e-03 2.051862363111536108e-02 -6.067699992972781047e+02
-8.861070042498144297e-03 1.475901684951282794e-02 1.337824416241663317e-02 -1.313479539751144162e-02 -5.369943743584375782e-03 2.053758285638020500e-02 -6.082408337406403689e+02
-8.882452416747064691e-03 1.478780791622215374e-02 1.339875293801854987e-02 -1.314484384371206876e-02 -5.377557501433039011e-03 2.055653924445051753e-02 -6.097114234176227683e+02
-8.903830995563133399e-03 1.481655505985305515e-02 1.341919494623813880e-02 -1.315484096352744631e-02 -5.385171949443556989e-03 2.057549257186234645e-02 -6.111817682060309380e+02
-8.925205776897288112e-03 1.484525824484607057e-02 1.343957014623324044e-02 -1.316478668635073443e-02 -5.392786924984023511e-03 2.059444306284950038e-02 -6.126518679801690723e+02
-8.946576758740316590e-03 1.487391743523036776e-02 1.345987848736570659e-02 -1.317468111951543112e-02 -5.400402563687854533e-03 2.061339034676543808e-02 -6.141217226171274888e+02
-8.967943939073776127e-03 1.490253259492111890e-02 1.348011994027668338e-02 -1.318452424460640413e-02 -5.408018402309258503e-03 2.063233465727981608e-02 -6.155913319929575209e+02
-8.989307315867211060e-03 1.493110368787409908e-02 1.350029445000691837e-02 -1.319431603201315362e-02 -5.415634664365408073e-03 2.065127556209607820e-02 -6.170606959827821356e+02
-9.010666887099364961e-03 1.495963067817645056e-02 1.352040197706396232e-02 -1.320405660186216822e-02 -5.423250980206528044e-03 2.067021378761590630e-02 -6.185298144626315207e+02
-9.032022650732553573e-03 1.498811353019077058e-02 1.354044247407718525e-02 -1.321374573819284956e-02 -5.430867741440571078e-03 2.068914870457986763e-02 -6.199986873076159100e+02
-9.053374604749669929e-03 1.501655220813703263e-02 1.356041590347639193e-02 -1.322338353260905583e-02 -5.438484596559775910e-03 2.070808055865201724e-02 -6.214673143940343607e+02
-9.074730719704424131e-03 1.504508251140511399e-02 1.358104245641789457e-02 -1.332863956593465481e-02 -5.464365110349059425e-03 2.085831412750798960e-02 -6.229356378472947426e+02
-9.096075048382383510e-03 1.507343273369363482e-02 1.360088161728184065e-02 -1.333817471925571527e-02 -5.471982222470604673e-03 2.087723993451123111e-02 -6.244037730413747340e+02
-9.117415561334727206e-03 1.510173867485481609e-02 1.362065358506905910e-02 -1.334765844004909101e-02 -5.479599772460515619e-03 2.089616237730135967e-02 -6.258716621014469865e+02
-9.138752256524371176e-03 1.513000029945556733e-02 1.364035832451267194e-02 -1.335709069535403505e-02 -5.487217468946072908e-03 2.091508216734229431e-02 -6.273393049020509125e+02
-9.160085131926107294e-03 1.515821757231956834e-02 1.365999580038291389e-02 -1.336647159707597676e-02 -5.494835342305991709e-03 2.093399887901229231e-02 -6.288067013185108181e+02
-9.181414185505634012e-03 1.518639045848842184e-02 1.367956597303769846e-02 -1.337580102048433264e-02 -5.502453522008059206e-03 2.095291226943630722e-02 -6.302738512252374221e+02
-9.202739415211219284e-03 1.521451892306016629e-02 1.369906878960773337e-02 -1.338507892583320688e-02 -5.510072155722225452e-03 2.097182273814416492e-02 -6.317407544955686944e+02
-9.224060819014577584e-03 1.524260293121733160e-02 1.371850421552924491e-02 -1.339430526025007021e-02 -5.517691211711158936e-03 2.099073008430470469e-02 -6.332074110049114779e+02
-9.245386275642059060e-03 1.527077350968267938e-02 1.373797920461477563e-02 -1.350219710002326795e-02 -5.539560608398878816e-03 2.112447900959793512e-02 -6.346737628764217334e+02
-9.266700021444319521e-03 1.529876850028320801e-02 1.375727971619587417e-02 -1.351132019448212165e-02 -5.547180822559797699e-03 2.114338020614863617e-02 -6.361399254843609015e+02
-9.288009935139264484e-03 1.532671892890834914e-02 1.377651270971484015e-02 -1.352039155988115325e-02 -5.554801266504410390e-03 2.116227808092415938e-02 -6.376058409522451029e+02
-9.309316014648733387e-03 1.535462475952569829e-02 1.379567814303809398e-02 -1.352941136946320816e-02 -5.562422476004626366e-03 2.118117320864479347e-02 -6.390715091532711085e+02
-9.330618257911432387e-03 1.538248595568924432e-02 1.381477598145087679e-02 -1.353837929399169873e-02 -5.570043999753272572e-03 2.120006481629291631e-02 -6.405369299618962486e+02
-9.351916662839869845e-03 1.541030248048429370e-02 1.383380617290855090e-02 -1.354729555024419829e-02 -5.577665586862471693e-03 2.121895341444028638e-02 -6.420021032506762140e+02
-9.373219124397124888e-03 1.543818356561881683e-02 1.385395410390256876e-02 -1.364763303735685301e-02 -5.596528756050982156e-03 2.134553868749053743e-02 -6.434669711425368632e+02
-9.394509846428042779e-03 1.546591063619177225e-02 1.387284887691829158e-02 -1.365644582509724370e-02 -5.604150921509799474e-03 2.136442099952532564e-02 -6.449316490104517925e+02
-9.415796723925857342e-03 1.549359292417711031e-02 1.389167586312120561e-02 -1.366520713196073267e-02 -5.611773159778149500e-03 2.138330027112514756e-02 -6.463960789784448480e+02
-9.437079754792434411e-03 1.552123039284644679e-02 1.391043502477584508e-02 -1.367391676046283630e-02 -5.619395482511111047e-03 2.140217632599941688e-02 -6.478602609175352427e+02
-9.458358936972588102e-03 1.554882300544287686e-02 1.392912630837683276e-02 -1.368257456117673125e-02 -5.627017886022797448e-03 2.142104948903112219e-02 -6.493241947008672241e+02
-9.479634268403931696e-03 1.557637072507410576e-02 1.394774967587274032e-02 -1.369118075597853222e-02 -5.634640427599420069e-03 2.143991931702439110e-02 -6.507878802011119888e+02
-9.500905747005211621e-03 1.560387351498103252e-02 1.396630507175502731e-02 -1.369973509328854637e-02 -5.642263199184970393e-03 2.145878605230273559e-02 -6.522513172898687799e+02
-9.522182449976823726e-03 1.563126386030743581e-02 1.399024853085201713e-02 -1.377175545809197939e-02 -5.692352990679460691e-03 2.157622768557509660e-02 -6.537144480893739455e+02
-9.543454648905045842e-03 1.565873999930051524e-02 1.401227955992710890e-02 -1.385814664431586109e-02 -5.723952443341096506e-03 2.169159760043223514e-02 -6.551773302210979182e+02
-9.564714556539342591e-03 1.568610778054172969e-02 1.403063083363964396e-02 -1.386654587349131496e-02 -5.731575329659839395e-03 2.171045498825963094e-02 -6.566400213076810815e+02
-9.585970603005400034e-03 1.571343048664579703e-02 1.404891398964005535e-02 -1.387489316091349879e-02 -5.739198523697964377e-03 2.172930901656770428e-02 -6.581024634702412186e+02
-9.607222786216361443e-03 1.574070808163765059e-02 1.406712899251312543e-02 -1.388318870422594088e-02 -5.746822137104507823e-03 2.174815989718419801e-02 -6.595646565809294088e+02
-9.628471104041658526e-03 1.576794052958386400e-02 1.408527579243225129e-02 -1.389143226248100091e-02 -5.754445917986017456e-03 2.176700744474978355e-02 -6.610266005092905743e+02
-9.649715554407113649e-03 1.579512779441127890e-02 1.410335435978067771e-02 -1.389962386175160568e-02 -5.762069966935314674e-03 2.178585206227279247e-02 -6.624882951290483106e+02
-9.670956135172341719e-03 1.582226984008638232e-02 1.412136465391270954e-02 -1.390776347269878470e-02 -5.769694289529667293e-03 2.180469311950436126e-02 -6.639497403096236212e+02
-9.692192844210528388e-03 1.584936663006993041e-02 1.413930662018425370e-02 -1.391585102137921429e-02 -5.777318989931486647e-03 2.182353114509526931e-02 -6.654109359216276971e+02
-9.713425679426283821e-03 1.587641812728477278e-02 1.415718022601569932e-02 -1.392388648932507689e-02 -5.784943803566309703e-03 2.184236593723816108e-02 -6.668718818377203661e+02
-9.734654638651689396e-03 1.590342429453246373e-02 1.417498541628620448e-02 -1.393186990541493524e-02 -5.792568878922320884e-03 2.186119774419042344e-02 -6.683325779252797929e+02
-9.755879719807207182e-03 1.593038509394667165e-02 1.419272214911301670e-02 -1.393980123728068288e-02 -5.800194274720321848e-03 2.188002630432369852e-02 -6.697930240575491325e+02
-9.777100920752535354e-03 1.595730048751467511e-02 1.421039037579016791e-02 -1.394768053694099216e-02 -5.807819425984863358e-03 2.189885167708089525e-02 -6.712532201028359395e+02
-9.798318239380736025e-03 1.598417043698361836e-02 1.422799004363712976e-02 -1.395550785657033270e-02 -5.815444942355827394e-03 2.191767406598871606e-02 -6.727131659314678700e+02
-9.819531673595416690e-03 1.601099490419808855e-02 1.424552109961363909e-02 -1.396328310636471733e-02 -5.823070380770350649e-03 2.193649323471212262e-02 -6.741728614142746210e+02
-9.840741221254105386e-03 1.603777385136119504e-02 1.426298351333697527e-02 -1.397100625058930214e-02 -5.830695892850640966e-03 2.195530898351333651e-02 -6.756323064189546130e+02
-9.861946880254402262e-03 1.606450724073186023e-02 1.428037722443960440e-02 -1.397867736872452325e-02 -5.838321540615093973e-03 2.197412151704268915e-02 -6.770915008160908428e+02
-9.883148648486623361e-03 1.609119503440493981e-02 1.429770218269540809e-02 -1.398629648073372415e-02 -5.845947120354718154e-03 2.199293077650980172e-02 -6.785504444757604006e+02
-9.904346523819473544e-03 1.611783719432303280e-02 1.431495836305650068e-02 -1.399386344301830828e-02 -5.853572828728319938e-03 2.201173695122412774e-02 -6.800091372670281089e+02
-9.925540504100069036e-03 1.614443368236212831e-02 1.433214572595462900e-02 -1.400137845730337928e-02 -5.861198391720631382e-03 2.203053961950936918e-02 -6.814675790578692158e+02
-9.946730587200910273e-03 1.617098446072201892e-02 1.434926424313275918e-02 -1.400884118805521307e-02 -5.868824009132377929e-03 2.204933917151372449e-02 -6.829257697185537381e+02
-9.967916770961605596e-03 1.619748949200859600e-02 1.436631387643089001e-02 -1.401625186378695730e-02 -5.876449551221797976e-03 2.206813530935785098e-02 -6.843837091170662461e+02
-9.989099053243478618e-03 1.622394873914460856e-02 1.438329457395010752e-02 -1.402361041707500186e-02 -5.884075149002131709e-03 2.208692822473722756e-02 -6.858413971226996182e+02
-1.001027743189518253e-02 1.625036216526569086e-02 1.440020631546513712e-02 -1.403091667707023413e-02 -5.891700728056171489e-03 2.210571773788308839e-02 -6.872988336036409009e+02
-1.003145190476946447e-02 1.627672973340996143e-02 1.441704902898526680e-02 -1.403817077548907485e-02 -5.899326264184515285e-03 2.212450419707788843e-02 -6.887560184286903677e+02
-1.005262246969893143e-02 1.630305140662507285e-02 1.443382269822701680e-02 -1.404537247897531815e-02 -5.906951831459230154e-03 2.214328734714188576e-02 -6.902129514654507147e+02
-1.007378912454063614e-02 1.632932714754471021e-02 1.445052725114078472e-02 -1.405252186916438467e-02 -5.914577515999919731e-03 2.216206722954241343e-02 -6.916696325830770320e+02
-1.009495186711089829e-02 1.635555691865012151e-02 1.446716264438762702e-02 -1.405961884823877898e-02 -5.922203412193949995e-03 2.218084412766566788e-02 -6.931260616479509054e+02
-1.011611069526533423e-02 1.638174068207362208e-02 1.448372882936771119e-02 -1.406666340807838020e-02 -5.929829263196977410e-03 2.219961754865780457e-02 -6.945822385294274000e+02
-1.013727393111022064e-02 1.640796735315679447e-02 1.450254102617600654e-02 -1.414343841059052115e-02 -5.949110745419202567e-03 2.227384893467825727e-02 -6.960381053428255882e+02
-1.015843295258530600e-02 1.643424612421702513e-02 1.451611470579477689e-02 -1.423061133514274754e-02 -5.965364321694523360e-03 2.235381963925622828e-02 -6.974937197069630201e+02
-1.017958800004693971e-02 1.646041789172969158e-02 1.453242088771796066e-02 -1.431588396340257620e-02 -5.976218365852670363e-03 2.242389707745850655e-02 -6.989490814877467528e+02
-1.020073114878562899e-02 1.648641723788546801e-02 1.454870977411582521e-02 -1.432271878444924158e-02 -5.983844865299174642e-03 2.244265724961137798e-02 -7.004042483023122259e+02
-1.022187037225582087e-02 1.651237038208222194e-02 1.456492921846237396e-02 -1.432950130625449889e-02 -5.991471211871098740e-03 2.246141427491400028e-02 -7.018591622672588528e+02
-1.024300566830014733e-02 1.653827728483191553e-02 1.458107918182025009e-02 -1.433623142475835485e-02 -5.999097540949713085e-03 2.248016799280327591e-02 -7.033138232509370482e+02
-1.026413703471613925e-02 1.656413790681343298e-02 1.459715962534593320e-02 -1.434290911752161141e-02 -6.006723618060066938e-03 2.249891799231579920e-02 -7.047682311181408750e+02
-1.028526446933187774e-02 1.658995220861026257e-02 1.461317052676063682e-02 -1.434953437156813796e-02 -6.014349714678957938e-03 2.251766480843308410e-02 -7.062223857359124395e+02
-1.030639609705454041e-02 1.661581505503764711e-02 1.463078582050491433e-02 -1.442400205975968505e-02 -6.026080961262942140e-03 2.258077629598380376e-02 -7.076762292207529299e+02
-1.032751566150551074e-02 1.664153659907791072e-02 1.464665751107122396e-02 -1.443052246273841474e-02 -6.033706674495323101e-03 2.259951652300879604e-02 -7.091298769376921882e+02
-1.034863128761088873e-02 1.666721170592563861e-02 1.466245952978418102e-02 -1.443699033234716912e-02 -6.041331981268886070e-03 2.261825368774460568e-02 -7.105832710052425227e+02
-1.036974297313694379e-02 1.669284033733044181e-02 1.467819182321597644e-02 -1.444340588008437461e-02 -6.048957016367944965e-03 2.263698726260408162e-02 -7.120364112866357118e+02
-1.039085071590299322e-02 1.671842245514705214e-02 1.469385435047831576e-02 -1.444976883442337066e-02 -6.056581825430725624e-03 2.265571742303126510e-02 -7.134892976483552047e+02
-1.041195451371855138e-02 1.674395802120063823e-02 1.470944705982659036e-02 -1.445607928440119198e-02 -6.064206489212287804e-03 2.267444458434288504e-02 -7.149419299557883960e+02
-1.043305436437825043e-02 1.676944699734487371e-02 1.472496990524122841e-02 -1.446233712160563574e-02 -6.071830971149487499e-03 2.269316810231532949e-02 -7.163943080736306683e+02
-1.045415026570330370e-02 1.679488934523977114e-02 1.474042283750255644e-02 -1.446854229884863251e-02 -6.079455269235253985e-03 2.271188835155529828e-02 -7.178464318687852028e+02
-1.047524221546127302e-02 1.682028502677514886e-02 1.475580578753737937e-02 -1.447469467520563075e-02 -6.087079678417156234e-03 2.273060533517727230e-02 -7.192983012043679309e+02
-1.049633021143951510e-02 1.684563400353130541e-02 1.477111871863041187e-02 -1.448079435545136795e-02 -6.094704142530645539e-03 2.274931904910597671e-02 -7.207499159452788717e+02
-1.051741425141084277e-02 1.687093623675296750e-02 1.478636158668044515e-02 -1.448684121184145440e-02 -6.102328701522079756e-03 2.276802898098076455e-02 -7.222012759557094341e+02
-1.053849433316575261e-02 1.689619168711245858e-02 1.480153433656628513e-02 -1.449283527700260567e-02 -6.109953651437154652e-03 2.278673572868831002e-02 -7.236523811010847567e+02
-1.055957045445124996e-02 1.692140031487807117e-02 1.481663694139771607e-02 -1.449877662156267080e-02 -6.117578386990411322e-03 2.280543881948355819e-02 -7.251032312436906295e+02
-1.058064261306958936e-02 1.694656207955737293e-02 1.483166937102059317e-02 -1.450466515314354811e-02 -6.125203202629173060e-03 2.282413865586928325e-02 -7.265538262497298092e+02
-1.060171080677039385e-02 1.697167694045642605e-02 1.484663158882464778e-02 -1.451050098784427769e-02 -6.132827801863937646e-03 2.284283516441449127e-02 -7.280041659813242632e+02
-1.062277503334855579e-02 1.699674485662544185e-02 1.486152355023346965e-02 -1.451628403591826051e-02 -6.140452342358115184e-03 2.286152808438785336e-02 -7.294542503036549306e+02
-1.064383529055845656e-02 1.702176578745653868e-02 1.487634521589375515e-02 -1.452201432101841994e-02 -6.148076428144927212e-03 2.288021773862616501e-02 -7.309040790791748350e+02
-1.066489157617819990e-02 1.704673969249468138e-02 1.489109654023847498e-02 -1.452769189616865894e-02 -6.155700271762005321e-03 2.289890398797093940e-02 -7.323536521718564245e+02
-1.068594388797363542e-02 1.707166653144688920e-02 1.490577748614255876e-02 -1.453331666658056083e-02 -6.163323738792394514e-03 2.291758716484651806e-02 -7.338029694446413487e+02
-1.070699222371831842e-02 1.709654626417689630e-02 1.492038799639811182e-02 -1.453888874478889877e-02 -6.170946734545905074e-03 2.293626671961541269e-02 -7.352520307609880774e+02
-1.072803658116521820e-02 1.712137885068794330e-02 1.493492802353943785e-02 -1.454440797200357190e-02 -6.178569195394359621e-03 2.295494277549700590e-02 -7.367008359832486803e+02
-1.074907695808030583e-02 1.714616425109151410e-02 1.494939752050857516e-02 -1.454987448565843444e-02 -6.186191310676590963e-03 2.297361568397862305e-02 -7.381493849749625724e+02
-1.077011335219764734e-02 1.717090242594658533e-02 1.496379643373943642e-02 -1.455528807006919480e-02 -6.193812926085831214e-03 2.299228494339551274e-02 -7.395976775973470012e+02
-1.079114576129107730e-02 1.719559333574880930e-02 1.497812471050284470e-02 -1.456064884755585778e-02 -6.201434212247574143e-03 2.301095075989861155e-02 -7.410457137140598434e+02
-1.081217418311764510e-02 1.722023694114863460e-02 1.499238228520424245e-02 -1.456595675806393944e-02 -6.209055217456178714e-03 2.302961313230682261e-02 -7.424934931875370694e+02
-1.083319861541311678e-02 1.724483320305430015e-02 1.500656912874347507e-02 -1.457121163373706514e-02 -6.216676046778528072e-03 2.304827190711429552e-02 -7.439410158791807817e+02
-1.085421905589807438e-02 1.726938208227154006e-02 1.502068516638476250e-02 -1.457641360775583511e-02 -6.224296961672677944e-03 2.306692714195183666e-02 -7.453882816495186034e+02
-1.087523550233506983e-02 1.729388353944071380e-02 1.503473036576732404e-02 -1.458156236239737530e-02 -6.231917681782124692e-03 2.308557886855334279e-02 -7.468352903623521115e+02
-1.089624795243166258e-02 1.731833753489387534e-02 1.504870469485708288e-02 -1.458665801860494632e-02 -6.239538325112301866e-03 2.310422712920460683e-02 -7.482820418779883767e+02
-1.091725640389934297e-02 1.734274402841236296e-02 1.506260810811229506e-02 -1.459170061415917402e-02 -6.247159189935295315e-03 2.312287181882839715e-02 -7.497285360572271884e+02
-1.093826085447898583e-02 1.736710297924082269e-02 1.507644058932681823e-02 -1.459668994914023119e-02 -6.254779771360317875e-03 2.314151326890159094e-02 -7.511747727633860450e+02
-1.095926130183908637e-02 1.739141434628729138e-02 1.509020209407092340e-02 -1.460162624310487947e-02 -6.262400113696794599e-03 2.316015123860656888e-02 -7.526207518539840748e+02
-1.098025774374870346e-02 1.741567808769949044e-02 1.510389259044633663e-02 -1.460650934530072914e-02 -6.270020273486092560e-03 2.317878560619272485e-02 -7.540664731931872211e+02
-1.100125017790772562e-02 1.743989416137533763e-02 1.511751202527117886e-02 -1.461133942062852430e-02 -6.277639914690161943e-03 2.319741679988225960e-02 -7.555119366395023235e+02
-1.102223860204419419e-02 1.746406252523210675e-02 1.513106035067088642e-02 -1.461611648574720826e-02 -6.285259352408912453e-03 2.321604440698583210e-02 -7.569571420535702373e+02
-1.104322301390469468e-02 1.748818313740521310e-02 1.514453751818155801e-02 -1.462084039151971548e-02 -6.292878180863792706e-03 2.323466853089863060e-02 -7.584020892976344612e+02
-1.106420341116106862e-02 1.751225595645282060e-02 1.515794348553805779e-02 -1.462551116774814773e-02 -6.300496286330809804e-03 2.325328929101304690e-02 -7.598467782288248600e+02
-1.108517979155860048e-02 1.753628094102337512e-02 1.517127819903107619e-02 -1.463012893162979333e-02 -6.308114042685874015e-03 2.327190631869334794e-02 -7.612912087093380933e+02
-1.110615215279626804e-02 1.756025805006860771e-02 1.518454160462148934e-02 -1.463469353156658138e-02 -6.315731388245260369e-03 2.329051960662671672e-02 -7.627353805980727657e+02
-1.112712049258659901e-02 1.758418724261558500e-02 1.519773364280040118e-02 -1.463920502478211969e-02 -6.323348023781026096e-03 2.330912973574741226e-02 -7.641792937554555465e+02
-1.114808480861093597e-02 1.760806847801807407e-02 1.521085427627144430e-02 -1.464366342474303362e-02 -6.330964272854406293e-03 2.332773602119461720e-02 -7.656229480398859550e+02
-1.116904509856962192e-02 1.763190171547164564e-02 1.522390344338147607e-02 -1.464806855022388228e-02 -6.338579996010088209e-03 2.334633880371897799e-02 -7.670663433106441289e+02
-1.119000136016181854e-02 1.765568691392750689e-02 1.523688108893151566e-02 -1.465242057438594959e-02 -6.346195286529529057e-03 2.336493784219472250e-02 -7.685094794267398584e+02
-1.121095359109026274e-02 1.767942403275749030e-02 1.524978718431724799e-02 -1.465671935783310897e-02 -6.353810224454188409e-03 2.338353330308215808e-02 -7.699523562477230598e+02
-1.123190178903311909e-02 1.770311303151648336e-02 1.526262166101595777e-02 -1.466096474087835895e-02 -6.361424888767145888e-03 2.340212539820656426e-02 -7.713949736318878649e+02
-1.125284595165050236e-02 1.772675386982702425e-02 1.527538449603662966e-02 -1.466515675807480816e-02 -6.369039218216924515e-03 2.342071369967635430e-02 -7.728373314369117679e+02
-1.127378607664444865e-02 1.775034650693911933e-02 1.528807563447034425e-02 -1.466929533535935373e-02 -6.376653332359984508e-03 2.343929877993390296e-02 -7.742794295232733930e+02
-1.129472216166254629e-02 1.777389090189284565e-02 1.530069503514325420e-02 -1.467338038365415508e-02 -6.384267066726082018e-03 2.345788017956393356e-02 -7.757212677475368992e+02
-1.131565420437188364e-02 1.779738701307416113e-02 1.531324267040744432e-02 -1.467741191879866000e-02 -6.391880676888043837e-03 2.347645795022757637e-02 -7.771628459675176828e+02
-1.133658220244166889e-02 1.782083479824807942e-02 1.532571849441790625e-02 -1.468138997833693359e-02 -6.399493802425392647e-03 2.349503237509685885e-02 -7.786041640411892786e+02
-1.135750615355093744e-02 1.784423421444528493e-02 1.533812247597979642e-02 -1.468531456666676178e-02 -6.407106643573389111e-03 2.351360332741053716e-02 -7.800452218272420168e+02
-1.137842605534541279e-02 1.786758521853679463e-02 1.535045457415348986e-02 -1.468918573552677881e-02 -6.414719006224753502e-03 2.353217051660624198e-02 -7.814860191815727148e+02
-1.139934190550382156e-02 1.789088776712997875e-02 1.536271473320001586e-02 -1.469300355542327643e-02 -6.422330661543126235e-03 2.355073396695841342e-02 -7.829265559620474733e+02
-1.142025370169231710e-02 1.791414181728192417e-02 1.537490290284834055e-02 -1.469676790365943841e-02 -6.429941907666400155e-03 2.356929388764518116e-02 -7.843668320260735527e+02
-1.144116988003796888e-02 1.793743463929245788e-02 1.538843992213258238e-02 -1.474541704217447249e-02 -6.430726679625695455e-03 2.354549484838359963e-02 -7.858067894798977022e+02
-1.146208202293083969e-02 1.796062222049576995e-02 1.540321774779935225e-02 -1.478840737546654842e-02 -6.433310127772716262e-03 2.352020698934418133e-02 -7.872464859311694454e+02
-1.148298164310737612e-02 1.798373052118522678e-02 1.541518964032676138e-02 -1.479201152250626469e-02 -6.440919306810434508e-03 2.353875586511821813e-02 -7.886859789848200535e+02
-1.150387719993163985e-02 1.800679015398089916e-02 1.542708935580664256e-02 -1.479556220956347069e-02 -6.448528213734773182e-03 2.355730118163609776e-02 -7.901252107485511260e+02
-1.152476869105019570e-02 1.802980107663023496e-02 1.543891684250297408e-02 -1.479905940633059573e-02 -6.456136495184253317e-03 2.357584273745467682e-02 -7.915641810786642054e+02
-1.154566398054432050e-02 1.805287344395719792e-02 1.544928319044705685e-02 -1.486109627555672053e-02 -6.442900977351456379e-03 2.353720939418327968e-02 -7.930028320803103270e+02
-1.156654733314723717e-02 1.807578681947281246e-02 1.546096606311539966e-02 -1.486448656445316444e-02 -6.450507743361153304e-03 2.355574374305934027e-02 -7.944412791091262989e+02
-1.158742661294503117e-02 1.809865135823779392e-02 1.547257655649731702e-02 -1.486782321079406846e-02 -6.458114156931140867e-03 2.357427430259207216e-02 -7.958794642707720186e+02
-1.160830181758607492e-02 1.812146701823873565e-02 1.548411459555839795e-02 -1.487110629708563933e-02 -6.465719647777004760e-03 2.359280154189465073e-02 -7.973173874217660568e+02
-1.162918128454975934e-02 1.814432670047473953e-02 1.549610063884668265e-02 -1.492068765302247309e-02 -6.462847738139625674e-03 2.355112785957857308e-02 -7.987549906672871884e+02
-1.165004833171915527e-02 1.816704447722311544e-02 1.550749364003149548e-02 -1.492386302618775237e-02 -6.470452272696863155e-03 2.356964766452699853e-02 -8.001923893614789449e+02
-1.167091129661125375e-02 1.818971324957861443e-02 1.551881405032256092e-02 -1.492698473318303243e-02 -6.478056314950512116e-03 2.358816379151592105e-02 -8.016295256092151931e+02
-1.169177017681221481e-02 1.821233297445114252e-02 1.553006183655315613e-02 -1.493005259842872245e-02 -6.485659996141401526e-03 2.360667625049171423e-02 -8.030663992651797116e+02
-1.171262496993716491e-02 1.823490360855807568e-02 1.554123696779844722e-02 -1.493306660785882235e-02 -6.493263284519274446e-03 2.362518497696084602e-02 -8.045030101847348760e+02
-1.173347567358052138e-02 1.825742510824072615e-02 1.555233939885330291e-02 -1.493602683234041689e-02 -6.500865832295601131e-03 2.364368972506230085e-02 -8.059393582219903465e+02
-1.175432228532367722e-02 1.827989742965751771e-02 1.556336908719458366e-02 -1.493893322241226021e-02 -6.508468360949693637e-03 2.366219098264280354e-02 -8.073754432297447465e+02
-1.177516480280870782e-02 1.830232052854013219e-02 1.557432599996522865e-02 -1.494178600263735592e-02 -6.516069985055803621e-03 2.368068859387525635e-02 -8.088112650640581478e+02
-1.179600322362293029e-02 1.832469436090675141e-02 1.558521008398676411e-02 -1.494458502956834238e-02 -6.523671002998412266e-03 2.369918227609928499e-02 -8.102468235768020577e+02
-1.181683754537814039e-02 1.834701888295934419e-02 1.559602129880135850e-02 -1.494733046382687967e-02 -6.531271384137013816e-03 2.371767238554924398e-02 -8.116821186222227880e+02
-1.183766776566102380e-02 1.836929405102647253e-02 1.560675960117647622e-02 -1.495002214121127562e-02 -6.538871089720616273e-03 2.373615893103553712e-02 -8.131171500532119580e+02
-1.185849388207349184e-02 1.839151982128244683e-02 1.561742494386144341e-02 -1.495266001732341310e-02 -6.546470001922416633e-03 2.375464140819237568e-02 -8.145519177234866675e+02
-1.187931589220087014e-02 1.841369615003060969e-02 1.562801727567277379e-02 -1.495524417420271944e-02 -6.554068170695364660e-03 2.377312050304139848e-02 -8.159864214853084832e+02
-1.190013379365365692e-02 1.843582299362929097e-02 1.563853654142347699e-02 -1.495777449129926870e-02 -6.561665485067677377e-03 2.379159563553445711e-02 -8.174206611928267421e+02
-1.192095658461281987e-02 1.845784380270416858e-02 1.565219547574196041e-02 -1.498399946564801799e-02 -6.572746181230082994e-03 2.372787235605379116e-02 -8.188545789472398155e+02
-1.194176626146324638e-02 1.847987154509253202e-02 1.566256843765802959e-02 -1.498642206003997224e-02 -6.580341607762427159e-03 2.374633997549891254e-02 -8.202882901023780278e+02
-1.196257182237789839e-02 1.850184967130127228e-02 1.567286816794325952e-02 -1.498879090219121246e-02 -6.587936251189354005e-03 2.376480387981500658e-02 -8.217217367590308186e+02
-1.198337326494414851e-02 1.852377813760764172e-02 1.568309457920796096e-02 -1.499110557954945987e-02 -6.595529889686243229e-03 2.378326407491630073e-02 -8.231549187703345751e+02
-1.200418703387513136e-02 1.854578890860707902e-02 1.569407282156579791e-02 -1.506967201824870733e-02 -6.564285921950577078e-03 2.362393587295419026e-02 -8.245877204876813948e+02
-1.202498908766665847e-02 1.856759876986245963e-02 1.570712563440201243e-02 -1.509729017519280229e-02 -6.570082906293113131e-03 2.355205329624426164e-02 -8.260203150127236995e+02
-1.204577816053603243e-02 1.858937799583931100e-02 1.571713182022296471e-02 -1.509944264079213401e-02 -6.577674706426459364e-03 2.357050183270028090e-02 -8.274527021964290725e+02
-1.206656310529625672e-02 1.861110738799005154e-02 1.572706451252393889e-02 -1.510154102631226965e-02 -6.585266030460143298e-03 2.358894661853571523e-02 -8.288848241424208254e+02
-1.208734391946128875e-02 1.863278690248636182e-02 1.573692368668134361e-02 -1.510358525185220152e-02 -6.592856877065853341e-03 2.360738766742396730e-02 -8.303166806991272324e+02
-1.210812060059867495e-02 1.865441649469309904e-02 1.574670928390440455e-02 -1.510557540605995605e-02 -6.600446992239243291e-03 2.362582492928960373e-02 -8.317482717185998808e+02
-1.212889314625506705e-02 1.867599611955072028e-02 1.575642131025990073e-02 -1.510751148272040760e-02 -6.608036440578903513e-03 2.364425852646378015e-02 -8.331795970516013767e+02
-1.214966155396327713e-02 1.869752573179319158e-02 1.576605971905156028e-02 -1.510939364106919994e-02 -6.615625322944853129e-03 2.366268814428907491e-02 -8.346106565476015930e+02
-1.217042582128466388e-02 1.871900528607482739e-02 1.577562446290757883e-02 -1.511122182021297847e-02 -6.623213511920494033e-03 2.368111418214493419e-02 -8.360414500578499428e+02
-1.219118594574797321e-02 1.874043473748532307e-02 1.578511550006984898e-02 -1.511299591176229300e-02 -6.630800629483808023e-03 2.369953624526755995e-02 -8.374719774313098242e+02
-1.221194997928851979e-02 1.876190336195159708e-02 1.579387707044905761e-02 -1.515383668214752635e-02 -6.611559712075517833e-03 2.361086265877835461e-02 -8.389021807690832020e+02
-1.223270181067803719e-02 1.878323247264990573e-02 1.580322054184379876e-02 -1.515550257714176792e-02 -6.619145081366505437e-03 2.362927692756569206e-02 -8.403321754205992420e+02
-1.225345747662625988e-02 1.880462330508650068e-02 1.581079603382689464e-02 -1.519862815746480210e-02 -6.597826937748609878e-03 2.353770430963079974e-02 -8.417618457344511853e+02
-1.227420100507621049e-02 1.882585189452467417e-02 1.581999170442177291e-02 -1.520018572873966904e-02 -6.605409856622159945e-03 2.355611078309192974e-02 -8.431913070607878353e+02
-1.229494909164505038e-02 1.884702903310346914e-02 1.583133752678504355e-02 -1.522628189247302900e-02 -6.603255887194557118e-03 2.346096664461966644e-02 -8.446204437480284923e+02
-1.231568430728157901e-02 1.886815692034716704e-02 1.584038515171255768e-02 -1.522773109591270962e-02 -6.610836969086541191e-03 2.347936539700546527e-02 -8.460493711459708948e+02
-1.233641536279618707e-02 1.888923438829778062e-02 1.584935867424030337e-02 -1.522912612471483650e-02 -6.618417281284902191e-03 2.349776014545771480e-02 -8.474780313533494791e+02
-1.235714225567751713e-02 1.891026139189494470e-02 1.585825801532931775e-02 -1.523046674965829704e-02 -6.625996807153288967e-03 2.351615089389674784e-02 -8.489064242175320487e+02
-1.237786498346682591e-02 1.893123788610833261e-02 1.586708312619446171e-02 -1.523175309108724951e-02 -6.633575290896319247e-03 2.353453790302658180e-02 -8.503345495896774082e+02
-1.239858354362953149e-02 1.895216382627649271e-02 1.587583394853270269e-02 -1.523298515245562375e-02 -6.641153116022184381e-03 2.355292097350293254e-02 -8.517624073155806173e+02
-1.241929793367089335e-02 1.897303916782567060e-02 1.588451044696546910e-02 -1.523416293227270596e-02 -6.648729997317339747e-03 2.357130021886208113e-02 -8.531899972438452551e+02
-1.244000815107611235e-02 1.899386386621054398e-02 1.589311259457595535e-02 -1.523528630673139095e-02 -6.656306134502033497e-03 2.358967581867856336e-02 -8.546173192217678434e+02
-1.246072247657784710e-02 1.901475120328084689e-02 1.590066731460533511e-02 -1.526732046778826214e-02 -6.637598262434181787e-03 2.348516778398180432e-02 -8.560443153477559690e+02
-1.248142434119666605e-02 1.903547447839637474e-02 1.590912064511403046e-02 -1.526833512257959671e-02 -6.645172999615263365e-03 2.350353546717310130e-02 -8.574711009676647109e+02
-1.250212202566430494e-02 1.905614697263953092e-02 1.591749953352495153e-02 -1.526929543258729802e-02 -6.652746582560511296e-03 2.352189896798584715e-02 -8.588976181803571990e+02
-1.252282414111243608e-02 1.907678589951938494e-02 1.592717791195521343e-02 -1.529566413736748245e-02 -6.644832196446640027e-03 2.340582518451908567e-02 -8.603238090810207268e+02
-1.254351345769925442e-02 1.909735669379548223e-02 1.593540779450254574e-02 -1.529651561161377710e-02 -6.652403785064512839e-03 2.342418120120056887e-02 -8.617497890177860427e+02
-1.256420771230433789e-02 1.911779898700337668e-02 1.594564943484118313e-02 -1.531188917309658434e-02 -6.657998398468097968e-03 2.330475494461502900e-02 -8.631754423356180723e+02
-1.258488865094209257e-02 1.913826789654516844e-02 1.595373012078848962e-02 -1.531263182822207962e-02 -6.665567935124044018e-03 2.332310278156687899e-02 -8.646008843817561456e+02
-1.260556539680630916e-02 1.915868579402819558e-02 1.596173611444397233e-02 -1.531331992400694446e-02 -6.673136501262821700e-03 2.334144671710307664e-02 -8.660260572516448292e+02
-1.262623794737452974e-02 1.917905263266140442e-02 1.596966736484979610e-02 -1.531395364572918014e-02 -6.680704189303946633e-03 2.335978617795867601e-02 -8.674509607915770175e+02
-1.264690630010665250e-02 1.919936836567733007e-02 1.597752381336501465e-02 -1.531453277341568268e-02 -6.688270419833670932e-03 2.337812185004121968e-02 -8.688755948465877736e+02
-1.266757045250053830e-02 1.921963294617909379e-02 1.598530539409756535e-02 -1.531505739636735211e-02 -6.695836042622384937e-03 2.339645361584394637e-02 -8.702999592643750475e+02
-1.268823040199055195e-02 1.923984632729678484e-02 1.599301204520072253e-02 -1.531552748279017308e-02 -6.703400389913163372e-03 2.341478123341712847e-02 -8.717240538879761971e+02
-1.270888614605770149e-02 1.926000846222345950e-02 1.600064369325195426e-02 -1.531594324915150004e-02 -6.710963837182459119e-03 2.343310456992595339e-02 -8.731478785640024398e+02
-1.272953768215931772e-02 1.928011930432765170e-02 1.600820029800107888e-02 -1.531630446677052435e-02 -6.718526003653334418e-03 2.345142457031731270e-02 -8.745714331376814243e+02
-1.275018500772423687e-02 1.930017880742992617e-02 1.601568179627150743e-02 -1.531661128041259673e-02 -6.726086959440188799e-03 2.346974025505463649e-02 -8.759947174526980689e+02
-1.277082812019308955e-02 1.932018692511871041e-02 1.602308813435894541e-02 -1.531686352844080327e-02 -6.733646778812506055e-03 2.348805206760698830e-02 -8.774177313538316412e+02
-1.279146701698732208e-02 1.934014361107418145e-02 1.603041928247566153e-02 -1.531706120609413642e-02 -6.741205771147454166e-03 2.350635984315331550e-02 -8.788404746847189699e+02
-1.281210169555510939e-02 1.936004881870697150e-02 1.603767518891769522e-02 -1.531720411301631599e-02 -6.748763482364330407e-03 2.352466360204035281e-02 -8.802629472905521197e+02
-1.283274023337063231e-02 1.938007686410673364e-02 1.603962227510801267e-02 -1.535221747857906660e-02 -6.723512222637875214e-03 2.339236821218259113e-02 -8.816850912652603256e+02
-1.285336646776247781e-02 1.939987897450919790e-02 1.604672761777981016e-02 -1.535225088247585759e-02 -6.731068072158002437e-03 2.341066411219899085e-02 -8.831070219509955450e+02
-1.287399691996027329e-02 1.941969382581437004e-02 1.605391931182832341e-02 -1.537295567951093948e-02 -6.710438995764336431e-03 2.327008971753987548e-02 -8.845286236915778773e+02
-1.289461469982676294e-02 1.943939265177380138e-02 1.606087395216853828e-02 -1.537287958283108623e-02 -6.717992712739762062e-03 2.328837698740361326e-02 -8.859500118297572726e+02
-1.291522824855784700e-02 1.945903976474540678e-02 1.606775317680645895e-02 -1.537274864700424563e-02 -6.725545292288815855e-03 2.330666044086920907e-02 -8.873711284596525957e+02
-1.293584553784149320e-02 1.947873103745085405e-02 1.607309673015413706e-02 -1.539590246540693819e-02 -6.690400538781321634e-03 2.316462260379883661e-02 -8.887919156739732216e+02
-1.295645061652062925e-02 1.949827458142845346e-02 1.607982498913477012e-02 -1.539566196114025218e-02 -6.697951215375667552e-03 2.318289746206387072e-02 -8.902124888137002472e+02
-1.297705145631116580e-02 1.951776626895161681e-02 1.608647767859120933e-02 -1.539536671789886076e-02 -6.705500778468187137e-03 2.320116830440732691e-02 -8.916327899730302988e+02
-1.299764805460199187e-02 1.953720605189581544e-02 1.609305472556530822e-02 -1.539501680197540544e-02 -6.713048945924882799e-03 2.321943517977865731e-02 -8.930528189928054417e+02
-1.301824040881895996e-02 1.955659388194608619e-02 1.609955609022861028e-02 -1.539461213111518838e-02 -6.720595907066027538e-03 2.323769814058453467e-02 -8.944725757159675368e+02
-1.303882851636848500e-02 1.957592971054551712e-02 1.610598169131212745e-02 -1.539415287198868734e-02 -6.728141708505923184e-03 2.325595676920768837e-02 -8.958920599840737395e+02
-1.305941237465491934e-02 1.959521348906927488e-02 1.611233146491120732e-02 -1.539363888821040569e-02 -6.735686133793026414e-03 2.327421144701035879e-02 -8.973112716383299130e+02
-1.307999198110042574e-02 1.961444516890775008e-02 1.611860536215446379e-02 -1.539307018674091268e-02 -6.743228944728853723e-03 2.329246167439354837e-02 -8.987302105216269865e+02
-1.310057552539988825e-02 1.963375757094931034e-02 1.612168936255916479e-02 -1.541816995113812899e-02 -6.714060169332848084e-03 2.313476651386882008e-02 -9.001488187242747472e+02
-1.312114662028800519e-02 1.965288490900111637e-02 1.612781134268902530e-02 -1.541749165854073948e-02 -6.721600257375835372e-03 2.315300851426888712e-02 -9.015672115863649196e+02
-1.314171345545951664e-02 1.967196000384022897e-02 1.613385728252436299e-02 -1.541675840062714173e-02 -6.729138895167717689e-03 2.317124653662684663e-02 -9.029853311988989617e+02
-1.316227602829278878e-02 1.969098280726173239e-02 1.613982714284920017e-02 -1.541597023462444073e-02 -6.736676180123364610e-03 2.318948023003583603e-02 -9.044031774036928937e+02
-1.318283433610533892e-02 1.970995327169609845e-02 1.614572087155858801e-02 -1.541512698425895680e-02 -6.744212472126557764e-03 2.320770956755585646e-02 -9.058207500387817390e+02
-1.320338837626088002e-02 1.972887134953373728e-02 1.615153843647133824e-02 -1.541422861432899249e-02 -6.751747770641511326e-03 2.322593486962725925e-02 -9.072380489450189316e+02
-1.322393814611761212e-02 1.974773699308545946e-02 1.615727979683409185e-02 -1.541327507643168969e-02 -6.759281844089853365e-03 2.324415576973869538e-02 -9.086550739625985216e+02
-1.324448364301742710e-02 1.976655015442851243e-02 1.616294492721610451e-02 -1.541226639798948944e-02 -6.766814631458764953e-03 2.326237272300837530e-02 -9.100718249302043432e+02
-1.326502486431532443e-02 1.978531078537559135e-02 1.616853378054178975e-02 -1.541120268330919453e-02 -6.774346691648220134e-03 2.328058536235805623e-02 -9.114883016874559871e+02
-1.328556180734839255e-02 1.980401883768170140e-02 1.617404633333253960e-02 -1.541008403654571188e-02 -6.781877565041459326e-03 2.329879380030204852e-02 -9.129045040727239666e+02
-1.330609446949264710e-02 1.982267426223487464e-02 1.617948252679323948e-02 -1.540891030339851080e-02 -6.789407226395122175e-03 2.331699832480651352e-02 -9.143204319267099436e+02
-1.332662284808637000e-02 1.984127700964071969e-02 1.618484228927118823e-02 -1.540768173075313455e-02 -6.796935640141299820e-03 2.333519848761601498e-02 -9.157360850871619959e+02
-1.334714694048815681e-02 1.985982703023108850e-02 1.619012557497046326e-02 -1.540639822651764315e-02 -6.804462701703488554e-03 2.335339433642970308e-02 -9.171514633931528806e+02
-1.336767501743746714e-02 1.987841815740249221e-02 1.619376915266063088e-02 -1.542033836263941547e-02 -6.771145946546510558e-03 2.317449624603653419e-02 -9.185665089309507039e+02
-1.338819052949867007e-02 1.989686257398775443e-02 1.619889931492315624e-02 -1.541894481870718578e-02 -6.778669876071695410e-03 2.319268365675112090e-02 -9.199813370416293310e+02
-1.340870174742167693e-02 1.991525411285244296e-02 1.620395282748520599e-02 -1.541749635172111159e-02 -6.786192173524501110e-03 2.321086660014960029e-02 -9.213958898114799467e+02
-1.342921710118013048e-02 1.993363778197448227e-02 1.620873902158007432e-02 -1.542636353039226332e-02 -6.757034068655811375e-03 2.302507374058622089e-02 -9.228101093281072735e+02
-1.344971972286055500e-02 1.995192341420201632e-02 1.621363903806267992e-02 -1.542480486771390623e-02 -6.764553278739424309e-03 2.304324805946519894e-02 -9.242241109312318486e+02
-1.347021804235719149e-02 1.997015601830898560e-02 1.621846223047406985e-02 -1.542319101162988558e-02 -6.772070778728983900e-03 2.306141812997940937e-02 -9.256378367041858155e+02
-1.349071205701253204e-02 1.998833554432893206e-02 1.622320853882013719e-02 -1.542152196575083054e-02 -6.779586753811475686e-03 2.307958384333956212e-02 -9.270512864876106960e+02
-1.351120176409036262e-02 2.000646194294245991e-02 1.622787790256149248e-02 -1.541979749051475800e-02 -6.787101558890378666e-03 2.309774534973093457e-02 -9.284644601161295441e+02
-1.353168716088659629e-02 2.002453516508970882e-02 1.623247028149227278e-02 -1.541801795313061003e-02 -6.794614978613815019e-03 2.311590248820811697e-02 -9.298773574265670732e+02
-1.355216824469715822e-02 2.004255516200562429e-02 1.623698564224118970e-02 -1.541618291586826540e-02 -6.802127071981470090e-03 2.313405534472739306e-02 -9.312899782559117057e+02
-1.357264501277924765e-02 2.006052188510887985e-02 1.624142392766932119e-02 -1.541429265865155648e-02 -6.809638180750500307e-03 2.315220402644750305e-02 -9.327023224378543773e+02
-1.359311746243796297e-02 2.007843528534419136e-02 1.624578509575838256e-02 -1.541234715373909943e-02 -6.817147817637776025e-03 2.317034819210423216e-02 -9.341143898093718008e+02
-1.361358559097422538e-02 2.009629531354290011e-02 1.625006911222335107e-02 -1.541034635171278748e-02 -6.824656265717780369e-03 2.318848849719815433e-02 -9.355261802069846908e+02
-1.363404939566168969e-02 2.011410192020785317e-02 1.625427592929441778e-02 -1.540829028916439192e-02 -6.832163369631855977e-03 2.320662411274020814e-02 -9.369376934656212370e+02
-1.365450887376039486e-02 2.013185505517746735e-02 1.625840550996279776e-02 -1.540617905972496184e-02 -6.839668992262576061e-03 2.322475562358547116e-02 -9.383489294187571659e+02
-1.367496402259265643e-02 2.014955466733554107e-02 1.626245780122584361e-02 -1.540401244533153025e-02 -6.847172983966635929e-03 2.324288257390452750e-02 -9.397598879034579795e+02
-1.369541483943176666e-02 2.016720070528199571e-02 1.626643276552360712e-02 -1.540179057266256001e-02 -6.854675624422400249e-03 2.326100520051057122e-02 -9.411705687528989301e+02
-1.371586132158079258e-02 2.018479311737518891e-02 1.627033033656667682e-02 -1.539951346822064984e-02 -6.862176105322023018e-03 2.327912323077173037e-02 -9.425809718024316908e+02
-1.373630346631561465e-02 2.020233185150526259e-02 1.627415047929571534e-02 -1.539718091233798457e-02 -6.869675196458842684e-03 2.329723693020935293e-02 -9.439910968858908973e+02
-1.375674127092735462e-02 2.021981685548018826e-02 1.627789312041267103e-02 -1.539479292762115092e-02 -6.877172599024713485e-03 2.331534586104323098e-02 -9.454009438384752002e+02
-1.377717473266429869e-02 2.023724807741200671e-02 1.628155820503368600e-02 -1.539234953258074474e-02 -6.884668254147557204e-03 2.333345054979196406e-02 -9.468105124927524230e+02
-1.379760384881641502e-02 2.025462546528893418e-02 1.628514565284140680e-02 -1.538985082119429665e-02 -6.892162450507703479e-03 2.335155047303744125e-02 -9.482198026847507890e+02
-1.381802861660369301e-02 2.027194896757014003e-02 1.628865542200330294e-02 -1.538729664190984989e-02 -6.899655057907322364e-03 2.336964639367751159e-02 -9.496288142456791093e+02
-1.383845714300087695e-02 2.028930350770259336e-02 1.628970019241806830e-02 -1.539461812523969762e-02 -6.854875023645821269e-03 2.315088272196954428e-02 -9.510374892607585480e+02
-1.385888237566765789e-02 2.030643324211217626e-02 1.629404321271853487e-02 -1.537884266302647421e-02 -6.838005244919940530e-03 2.293219993123711900e-02 -9.524458853094511142e+02
-1.387930198644919157e-02 2.032369784746990149e-02 1.629388650644874106e-02 -1.538863470978823166e-02 -6.786467930365105289e-03 2.271110654161208331e-02 -9.538540022272785563e+02
-1.389970933317494738e-02 2.034080529957444858e-02 1.629708498243586517e-02 -1.538585885675601908e-02 -6.793954357469217907e-03 2.272918491723164083e-02 -9.552618975943400983e+02
-1.392011231766319967e-02 2.035785861341457906e-02 1.630020551707727153e-02 -1.538302771083707721e-02 -6.801439191413375870e-03 2.274725886161566360e-02 -9.566695134930411086e+02
-1.394051093712968779e-02 2.037485773838076247e-02 1.630324804974161990e-02 -1.538014091154777177e-02 -6.808922344975175400e-03 2.276532832502012674e-02 -9.580768497552207918e+02
-1.396090518882669301e-02 2.039180262355716131e-02 1.630621253489807077e-02 -1.537719868477687227e-02 -6.816403739922917600e-03 2.278339318901307850e-02 -9.594839062139502630e+02
-1.398129506995778037e-02 2.040869321789304594e-02 1.630909893746907910e-02 -1.537420078139758138e-02 -6.823883858001058428e-03 2.280145364391427537e-02 -9.608906826989619958e+02
-1.400168057774348919e-02 2.042552946970875929e-02 1.631190719499141933e-02 -1.537114707275680746e-02 -6.831362064639536456e-03 2.281950933020701969e-02 -9.622971790418371256e+02
-1.402206170939577883e-02 2.044231132661024700e-02 1.631463729287531417e-02 -1.536803779660760386e-02 -6.838838666272359194e-03 2.283756047475034995e-02 -9.637033950737354644e+02
-1.404243846211063011e-02 2.045903873588669070e-02 1.631728917671636594e-02 -1.536487277815819230e-02 -6.846313538694684050e-03 2.285560708061382118e-02 -9.651093306245790018e+02
-1.406281083311773476e-02 2.047571164418516415e-02 1.631986281004286013e-02 -1.536165211334692034e-02 -6.853786605618555038e-03 2.287364986667640362e-02 -9.665149855285532112e+02
-1.408318754851561362e-02 2.049231485426851115e-02 1.632278586170830825e-02 -1.534870426362383404e-02 -6.821127558588150307e-03 2.263763213784494854e-02 -9.679203018625526056e+02
-1.410355114775060405e-02 2.050887860020893586e-02 1.632520282750463472e-02 -1.534537232141934722e-02 -6.828597580014694746e-03 2.265566479724015134e-02 -9.693253949580869175e+02
-1.412391035691599843e-02 2.052538768495047738e-02 1.632754138103382352e-02 -1.534198479526141697e-02 -6.836065905801060570e-03 2.267369324532328076e-02 -9.707302068949132945e+02
-1.414426517321510160e-02 2.054184205540170866e-02 1.632980144568660016e-02 -1.533854150283304671e-02 -6.843532467548515789e-03 2.269171737428418018e-02 -9.721347375023312907e+02
-1.416461559385855107e-02 2.055824165839074957e-02 1.633198297869498800e-02 -1.533504284461010246e-02 -6.850997531518731969e-03 2.270973645876776109e-02 -9.735389866111845549e+02
-1.418497012714803676e-02 2.057463471612550401e-02 1.633347015049770382e-02 -1.532375849398160718e-02 -6.809071467562005479e-03 2.246817919690608303e-02 -9.749428962993000596e+02
-1.420531174794370348e-02 2.059092462633822437e-02 1.633549437950209890e-02 -1.532014876518206399e-02 -6.816532690226082165e-03 2.248618939270927153e-02 -9.763465818950166977e+02
-1.422564896454510570e-02 2.060715961152356085e-02 1.633743988327367863e-02 -1.531648340878946982e-02 -6.823991815103002193e-03 2.250419516156837094e-02 -9.777499854765417240e+02
-1.424598177413479230e-02 2.062333961927462558e-02 1.633930660353838035e-02 -1.531276243076235694e-02 -6.831448967744229751e-03 2.252219619476777610e-02 -9.791531068742208390e+02
-1.426631017381090570e-02 2.063946459771839534e-02 1.634109450042848036e-02 -1.530898564431530488e-02 -6.838904330243394079e-03 2.254019232777887405e-02 -9.805559459125385047e+02
-1.428663416076056923e-02 2.065553449420638385e-02 1.634280352994087193e-02 -1.530515312437473463e-02 -6.846357592718397764e-03 2.255818390694476830e-02 -9.819585024222880065e+02
-1.430696171992371438e-02 2.067167355550104252e-02 1.633976230404269106e-02 -1.530728530539599702e-02 -6.790447120307490335e-03 2.230458316203613039e-02 -9.833607184792881526e+02
-1.432728511538661556e-02 2.068775331079440380e-02 1.633764568742501061e-02 -1.530248560656932537e-02 -6.739628614037202273e-03 2.205210708864236216e-02 -9.847626516631760296e+02
-1.434759584695689642e-02 2.070365764451204127e-02 1.633911775498514407e-02 -1.529848493679954527e-02 -6.747076493656340053e-03 2.207008484852975017e-02 -9.861643595482845512e+02
-1.436790215434575677e-02 2.071950668411054117e-02 1.634051073938025053e-02 -1.529442818843196848e-02 -6.754523050372280256e-03 2.208805772533151482e-02 -9.875657842137110265e+02
-1.438820403467563902e-02 2.073530037569881398e-02 1.634182461273179718e-02 -1.529031571115831503e-02 -6.761967815420102772e-03 2.210602601861072145e-02 -9.889669254850442712e+02
-1.440850148510621105e-02 2.075103866497719773e-02 1.634305934440623623e-02 -1.528614724511460736e-02 -6.769411041886965602e-03 2.212398959999730547e-02 -9.903677831893933217e+02
-1.442880249921765778e-02 2.076683808037016465e-02 1.633980457222858340e-02 -1.528420629977026747e-02 -6.711461592515631340e-03 2.186130783977939529e-02 -9.917682994024087293e+02
-1.444909889096663951e-02 2.078257115296822805e-02 1.633639550744629687e-02 -1.528419360850817414e-02 -6.647352664942977885e-03 2.159535184141657405e-02 -9.931685317019669128e+02
-1.446938303459384921e-02 2.079814290759343653e-02 1.633739251194294556e-02 -1.527985793132878058e-02 -6.654790534761739068e-03 2.161330164964390607e-02 -9.945685376612660775e+02
-1.448966273690662984e-02 2.081365904135258973e-02 1.633831014390022679e-02 -1.527546635450722709e-02 -6.662226387996382677e-03 2.163124625755284691e-02 -9.959682593576386580e+02
-1.450993799503288301e-02 2.082911949954730293e-02 1.633914835100482021e-02 -1.527101906551270490e-02 -6.669660176310845262e-03 2.164918673510923472e-02 -9.973676966166901821e+02
-1.453020880607091246e-02 2.084452422720515716e-02 1.633990705857643264e-02 -1.526651597603395638e-02 -6.677091584666645409e-03 2.166712183890239993e-02 -9.987668492622620988e+02
-1.455047516710409466e-02 2.085987316954499363e-02 1.634058622646023320e-02 -1.526195704180737314e-02 -6.684520664917370514e-03 2.168505219981223600e-02 -1.000165717117837517e+03
-1.457073707524367268e-02 2.087516627176213072e-02 1.634118578861521939e-02 -1.525734221610872653e-02 -6.691947922182323732e-03 2.170297797067777257e-02 -1.001564300009320050e+03
-1.459100294284835023e-02 2.089047003680228123e-02 1.633990574293054526e-02 -1.524089484428705309e-02 -6.640565809272721935e-03 2.142951262409071439e-02 -1.002962540010493399e+03
-1.461125593640139053e-02 2.090565129597795127e-02 1.634034594520451453e-02 -1.523616779995396603e-02 -6.647988400800624968e-03 2.144742882840579984e-02 -1.004360552444391260e+03
-1.463150446826132385e-02 2.092077655221930704e-02 1.634070637801408529e-02 -1.523138465529923907e-02 -6.655409166548072360e-03 2.146534026379733062e-02 -1.005758279386353820e+03
-1.465174853544300507e-02 2.093584575131715586e-02 1.634098701003742007e-02 -1.522654539379434367e-02 -6.662827962021335496e-03 2.148324668013564670e-02 -1.007155720656555218e+03
-1.467198813506619126e-02 2.095085883872115085e-02 1.634118773180679579e-02 -1.522164984310138414e-02 -6.670245133824834888e-03 2.150114870536409123e-02 -1.008552876081700333e+03
-1.469222326417905095e-02 2.096581576032734498e-02 1.634130851209661048e-02 -1.521669821543341662e-02 -6.677660579842502331e-03 2.151904572137253516e-02 -1.009949745482974322e+03
-1.471246208065138568e-02 2.098083618978623457e-02 1.633729427718603675e-02 -1.520184245186493276e-02 -6.618240082292355282e-03 2.124024728572527013e-02 -1.011346270933342453e+03
-1.473268825994620244e-02 2.099568061521497539e-02 1.633725501662910626e-02 -1.519677848409627802e-02 -6.625652479860960967e-03 2.125813582607522997e-02 -1.012742567756605354e+03
-1.475290995993798135e-02 2.101046871031815588e-02 1.633713568134278690e-02 -1.519165846051468739e-02 -6.633062440937701615e-03 2.127601852244821387e-02 -1.014138578021969579e+03
-1.477312717769862713e-02 2.102520041874770748e-02 1.633693624040550088e-02 -1.518648253498348921e-02 -6.640470712695902174e-03 2.129389627017480927e-02 -1.015534301553239743e+03
-1.479333991032505749e-02 2.103987568414768250e-02 1.633665665634687417e-02 -1.518125052055224050e-02 -6.647876585091156559e-03 2.131176907531101214e-02 -1.016929738173129749e+03
-1.481354815489025964e-02 2.105449444986240079e-02 1.633629687945555367e-02 -1.517596257360902257e-02 -6.655280323765520867e-03 2.132963663307475138e-02 -1.018324887703039963e+03
-1.483375190842716081e-02 2.106905665949848280e-02 1.633585685581426250e-02 -1.517061845867180916e-02 -6.662681362966709799e-03 2.134749950606130639e-02 -1.019719749962279252e+03
-1.485395116801329143e-02 2.108356225631401876e-02 1.633533650751203131e-02 -1.516521828300927688e-02 -6.670080325319964649e-03 2.136535723844272538e-02 -1.021114324773223416e+03
-1.487414593068114854e-02 2.109801118344461351e-02 1.633473579912575122e-02 -1.515976176253043539e-02 -6.677476538928701910e-03 2.138321020928383998e-02 -1.022508611955498623e+03
-1.489433619346081095e-02 2.111240338374602982e-02 1.633405467259571933e-02 -1.515424912072313272e-02 -6.684870741948425316e-03 2.140105809856690175e-02 -1.023902611330309696e+03
-1.491452999661683348e-02 2.112685286041186827e-02 1.632840263297984443e-02 -1.514231152339810989e-02 -6.620370971564150733e-03 2.110129265045517302e-02 -1.025296264967200159e+03
-1.493471916224249803e-02 2.114133680749259378e-02 1.631700668459920914e-02 -1.514171981156886733e-02 -6.555567654719100107e-03 2.081005367465513928e-02 -1.026689630435378831e+03
-1.495489590731939253e-02 2.115555848721741711e-02 1.631608393980972863e-02 -1.513603847919646125e-02 -6.562955105201820870e-03 2.082788702957788160e-02 -1.028082765305423663e+03
-1.497506814048930705e-02 2.116972321487190986e-02 1.631508053030577762e-02 -1.513030096519139660e-02 -6.570341233645996155e-03 2.084571537703445651e-02 -1.029475611646347488e+03
-1.499524419319953582e-02 2.118392376154761003e-02 1.631067400762463426e-02 -1.510933847566776900e-02 -6.509867127311547499e-03 2.054178388714078540e-02 -1.030868111526247731e+03
-1.501540739350826388e-02 2.119797441879273797e-02 1.630950904446548319e-02 -1.510348846164361047e-02 -6.517248755290331805e-03 2.055960253526625814e-02 -1.032260380264958940e+03
-1.503556607287176786e-02 2.121196795728152312e-02 1.630826318972897898e-02 -1.509758213884426423e-02 -6.524628432529534956e-03 2.057741644726863647e-02 -1.033652359930796365e+03
-1.505572022827198972e-02 2.122590432078607162e-02 1.630693640665058577e-02 -1.509161958346372408e-02 -6.532006248556410620e-03 2.059522482871627841e-02 -1.035044050341802858e+03
-1.507586985669407895e-02 2.123978345276265195e-02 1.630552864995528720e-02 -1.508560052048671385e-02 -6.539381649266426573e-03 2.061302828057264697e-02 -1.036435451315746150e+03
-1.509602318789761422e-02 2.125367832157053216e-02 1.630126297872496952e-02 -1.505886294325397591e-02 -6.474878448700853266e-03 2.030416620584440252e-02 -1.037826504920932166e+03
-1.511616375334369489e-02 2.126744281817122967e-02 1.629969319613926160e-02 -1.505273114853552217e-02 -6.482249275248330028e-03 2.032195933666408952e-02 -1.039217326473558614e+03
-1.513629978283868860e-02 2.128114991007761664e-02 1.629804235717830993e-02 -1.504654292056120841e-02 -6.489617403787581104e-03 2.033974741735106173e-02 -1.040607858043800888e+03
-1.515643127333715125e-02 2.129479953924969318e-02 1.629631042532579677e-02 -1.504029823050176060e-02 -6.496983221179890820e-03 2.035753000741890098e-02 -1.041998099445696880e+03
-1.517655822184238966e-02 2.130839164702491573e-02 1.629449735381624520e-02 -1.503399712663894446e-02 -6.504346763628010043e-03 2.037530828410242731e-02 -1.043388050497757604e+03
-1.519668883873992807e-02 2.132201208065447745e-02 1.628914026180403388e-02 -1.500783800606121307e-02 -6.438042700348529761e-03 2.005824538578208568e-02 -1.044777653266745119e+03
-1.521680669416080114e-02 2.133548896899788161e-02 1.628716474146791812e-02 -1.500142412455350398e-02 -6.445401374962178402e-03 2.007601323011198174e-02 -1.046167023067343507e+03
-1.523691999848580426e-02 2.134890815931938385e-02 1.628510791340466446e-02 -1.499495400941168802e-02 -6.452757905240994081e-03 2.009377651155748110e-02 -1.047556101966641563e+03
-1.525703698831137878e-02 2.136238060742919401e-02 1.627839470613891282e-02 -1.497147811677536355e-02 -6.386474147359550400e-03 1.977133410566380214e-02 -1.048944832028963901e+03
-1.527714118122408191e-02 2.137568422598979181e-02 1.627617505328043945e-02 -1.496489544194016044e-02 -6.393826311460783403e-03 1.978908680860840680e-02 -1.050333328570696267e+03
-1.529724081381608411e-02 2.138892997204165994e-02 1.627387386183254750e-02 -1.495825654284459877e-02 -6.401175844875628927e-03 1.980683450220687564e-02 -1.051721533656900419e+03
-1.531733588296972128e-02 2.140211778853577315e-02 1.627149107233805819e-02 -1.495156125297468497e-02 -6.408523355891928078e-03 1.982457713363352039e-02 -1.053109447100755460e+03
-1.533742638561039727e-02 2.141524761809304733e-02 1.626902660980563547e-02 -1.494480943407975118e-02 -6.415868190170277013e-03 1.984231435595076171e-02 -1.054497068718415903e+03
-1.535751231861237631e-02 2.142831940313088060e-02 1.626648041112678175e-02 -1.493800124263105003e-02 -6.423210889247434746e-03 1.986004689265067139e-02 -1.055884398322600418e+03
-1.537760164644960161e-02 2.144145446117248430e-02 1.625824470055644427e-02 -1.491419754151523946e-02 -6.348652748230228411e-03 1.953132415677318393e-02 -1.057271377978461942e+03
-1.539767843096856784e-02 2.145440998416037540e-02 1.625553485394675562e-02 -1.490727598550085908e-02 -6.355990462722435619e-03 1.954904520737899346e-02 -1.058658122999308716e+03
-1.541775879539650229e-02 2.146738214987585491e-02 1.624914005814683329e-02 -1.487739674498161913e-02 -6.284758447493521936e-03 1.921524274069017282e-02 -1.060044517696818275e+03
-1.543783480511979993e-02 2.148031081440952145e-02 1.624275641755611871e-02 -1.484509063593685181e-02 -6.217157660211852267e-03 1.888160473098406122e-02 -1.061430619638373400e+03
-1.545789784368142156e-02 2.149309150369863031e-02 1.623980076268792191e-02 -1.483799893440392384e-02 -6.224487881480722518e-03 1.889931064323844417e-02 -1.062816486382953144e+03
-1.547795629409071984e-02 2.150581379564845200e-02 1.623676314601029194e-02 -1.483085036157117884e-02 -6.231815567402658636e-03 1.891701148325261941e-02 -1.064202059994490355e+03
-1.549801015326321939e-02 2.151847763009842249e-02 1.623364353241062152e-02 -1.482364519572334019e-02 -6.239140907371046145e-03 1.893470707750829346e-02 -1.065587340284875381e+03
-1.551805941813929821e-02 2.153108294670212294e-02 1.623044185166109751e-02 -1.481638361492820105e-02 -6.246464114677365009e-03 1.895239735189825636e-02 -1.066972327068476034e+03
-1.553810408557395120e-02 2.154362968508827594e-02 1.622715807519942155e-02 -1.480906562675747898e-02 -6.253784979554366519e-03 1.897008247366969297e-02 -1.068357020153814346e+03
-1.555814415250029482e-02 2.155611778435830364e-02 1.622379212187132977e-02 -1.480169136677114174e-02 -6.261103353939967246e-03 1.898776231318885163e-02 -1.069741419355502558e+03
-1.557817961577589484e-02 2.156854718436120033e-02 1.622034394315758146e-02 -1.479426062171219913e-02 -6.268419271616853909e-03 1.900543678420938548e-02 -1.071125524483302115e+03
-1.559821047227557926e-02 2.158091782470488926e-02 1.621681345509488545e-02 -1.478677331636159623e-02 -6.275732338440453625e-03 1.902310615626721241e-02 -1.072509335349534012e+03
-1.561823671879024149e-02 2.159322964538774522e-02 1.621320059082416096e-02 -1.477922965620888721e-02 -6.283043026553432504e-03 1.904076961455569358e-02 -1.073892851761595239e+03
-1.563825835219727692e-02 2.160548258649193712e-02 1.620950527646374331e-02 -1.477162929062063659e-02 -6.290350472398831098e-03 1.905842789156791603e-02 -1.075276073533266754e+03
-1.565828383165288745e-02 2.161771997200402293e-02 1.620326533540637423e-02 -1.473082999931575598e-02 -6.223055295942592387e-03 1.870925313706906651e-02 -1.076658942722227721e+03
-1.567831270093534082e-02 2.163010867494435593e-02 1.618777665496582904e-02 -1.467275313627961278e-02 -6.070920277264621467e-03 1.799696763399705191e-02 -1.078041459138696382e+03
-1.569832047586886686e-02 2.164218462198385165e-02 1.618383357178166879e-02 -1.466498248152192825e-02 -6.078219843870913408e-03 1.801461010631917603e-02 -1.079423795840948969e+03
-1.571832362500198699e-02 2.165420145185012121e-02 1.617980775153773573e-02 -1.465715497232055256e-02 -6.085516513052093013e-03 1.803224668674809766e-02 -1.080805837141923121e+03
-1.573832214509979927e-02 2.166615910489730693e-02 1.617569915514938464e-02 -1.464927036648853813e-02 -6.092810956049838841e-03 1.804987807653918655e-02 -1.082187582846559962e+03
-1.575831603300588066e-02 2.167805752054850765e-02 1.617150773004632711e-02 -1.464132895019679137e-02 -6.100102695609666698e-03 1.806750459895954675e-02 -1.083569032764943358e+03
-1.577830528554705417e-02 2.168989663748726107e-02 1.616723342296035038e-02 -1.463333067028893021e-02 -6.107392581844432559e-03 1.808512520724587375e-02 -1.084950186705694477e+03
-1.579828989953777421e-02 2.170167639413528998e-02 1.616287621574704486e-02 -1.462527549600976980e-02 -6.114679724712066000e-03 1.810274120559015112e-02 -1.086331044475554336e+03
-1.581826987185811634e-02 2.171339672860728848e-02 1.615843608661073419e-02 -1.461716380190974766e-02 -6.121964202653383362e-03 1.812035175401659898e-02 -1.087711605885235031e+03
-1.583824519931037803e-02 2.172505757915721772e-02 1.615391302142912822e-02 -1.460899545533445379e-02 -6.129246545149046217e-03 1.813795643815795458e-02 -1.089091870739526712e+03
-1.585822368229854520e-02 2.173677162377599809e-02 1.614268989468232995e-02 -1.458153285574892086e-02 -6.042619054572383880e-03 1.777261942814091500e-02 -1.090471781097729718e+03
-1.587819801101888681e-02 2.174836267199589321e-02 1.613482883128402462e-02 -1.453833275525426988e-02 -5.967821727832093963e-03 1.740903992249735049e-02 -1.091851394516197388e+03
-1.589815938482087854e-02 2.175984469781683944e-02 1.613005664904544612e-02 -1.452999449148847412e-02 -5.975095662992589360e-03 1.742662759255873134e-02 -1.093230768550477023e+03
-1.591811610103078048e-02 2.177126699038458429e-02 1.612520128801778890e-02 -1.452159950922505757e-02 -5.982366612290458165e-03 1.744421005407296651e-02 -1.094609845259964686e+03
-1.593806815638610860e-02 2.178262948772065680e-02 1.612026271626863794e-02 -1.451314778287871379e-02 -5.989634786877326075e-03 1.746178659032690539e-02 -1.095988624447865959e+03
-1.595801554766111338e-02 2.179393212772067975e-02 1.611524084115620661e-02 -1.450463904866748123e-02 -5.996899607581860671e-03 1.747935756510780869e-02 -1.097367105921165376e+03
-1.597795827159500040e-02 2.180517484878450804e-02 1.611013559644839874e-02 -1.449607365807940515e-02 -6.004161454216303505e-03 1.749692288024504855e-02 -1.098745289484803152e+03
-1.599789632491398217e-02 2.181635758965096150e-02 1.610494689307536906e-02 -1.448745114580218298e-02 -6.011420540636833003e-03 1.751448332736891059e-02 -1.100123174942489641e+03
-1.601782970441116213e-02 2.182748028867335238e-02 1.609967467042191028e-02 -1.447877187237081760e-02 -6.018676773657583891e-03 1.753203823812542889e-02 -1.101500762102704130e+03
-1.603775840677345091e-02 2.183854288468832158e-02 1.609431885547690788e-02 -1.447003545391169904e-02 -6.025930381461928539e-03 1.754958757268333322e-02 -1.102878050766689967e+03
-1.605768242874503274e-02 2.184954531582146767e-02 1.608887936369687507e-02 -1.446124218447087349e-02 -6.033181444762274193e-03 1.756713162104750828e-02 -1.104255040739213882e+03
-1.607761067833846438e-02 2.186044155845884296e-02 1.608138767390360213e-02 -1.440795941421613158e-02 -5.974352515335594992e-03 1.718621140963490918e-02 -1.105631674073739305e+03
-1.609752532975701825e-02 2.187132347343232613e-02 1.607578066045027565e-02 -1.439905233358596860e-02 -5.981598680133121994e-03 1.720374468188349756e-02 -1.107008066076531804e+03
-1.611743529096729133e-02 2.188214503602954261e-02 1.607008982021893365e-02 -1.439008823566262536e-02 -5.988842173957035706e-03 1.722127177327252220e-02 -1.108384158796996871e+03
-1.613734857441321419e-02 2.189303374048417669e-02 1.605755900728032468e-02 -1.435117561775445250e-02 -5.903391409950486772e-03 1.684405430951949056e-02 -1.109759894291315732e+03
-1.615724914551908142e-02 2.190373440645054445e-02 1.605170045030252998e-02 -1.434209774795378207e-02 -5.910628887658901480e-03 1.686156990737426239e-02 -1.111135387861937716e+03
-1.617714501669852492e-02 2.191437452817181220e-02 1.604575801948078875e-02 -1.433296285031986951e-02 -5.917864063604138559e-03 1.687907943563131050e-02 -1.112510581562131392e+03
-1.619703618464671951e-02 2.192495404191553351e-02 1.603973165542084758e-02 -1.432377098611110552e-02 -5.925095706295922804e-03 1.689658363041193420e-02 -1.113885475191402293e+03
-1.621693085397251863e-02 2.193560073353570741e-02 1.602751942582520198e-02 -1.427692935710234319e-02 -5.842493224974719228e-03 1.651825551363046013e-02 -1.115260010805835236e+03
-1.623681260570425042e-02 2.194605883866436458e-02 1.602132506563110070e-02 -1.426762359976412563e-02 -5.849718789584006096e-03 1.653574824925361023e-02 -1.116634303704057629e+03
-1.625668964439578798e-02 2.195645614324481104e-02 1.601504660371892708e-02 -1.425826074484672426e-02 -5.856941227942499134e-03 1.655323499747731256e-02 -1.118008295938095671e+03
-1.627656196673347988e-02 2.196679258332261478e-02 1.600868397813985308e-02 -1.424884096825724394e-02 -5.864160696458922857e-03 1.657071622152637633e-02 -1.119381987308069256e+03
-1.629642956944541560e-02 2.197706809466416777e-02 1.600223712578066962e-02 -1.423936426221005143e-02 -5.871376668001064385e-03 1.658819221714136205e-02 -1.120755377618420653e+03
-1.631630084371692505e-02 2.198736280857972042e-02 1.599181401440311068e-02 -1.418424836502562604e-02 -5.789307520962697941e-03 1.620310229105899683e-02 -1.122128408915023783e+03
-1.633616732345218731e-02 2.199755475215384865e-02 1.598176678309962129e-02 -1.413076211844947749e-02 -5.707979034606991062e-03 1.581180550812198021e-02 -1.123501138749434176e+03
-1.635602074707579942e-02 2.200764709616532741e-02 1.597506675043009958e-02 -1.412111463927044099e-02 -5.715186716125816337e-03 1.582926450424515172e-02 -1.124873624671493872e+03
-1.637587770569571763e-02 2.201774050701391094e-02 1.596373857622500336e-02 -1.407347131106725588e-02 -5.633020876932878611e-03 1.543196884113727692e-02 -1.126245750979450349e+03
-1.639572978249223198e-02 2.202777995340745101e-02 1.595215658641704545e-02 -1.402376722660401975e-02 -5.545673609477512825e-03 1.503694936978410002e-02 -1.127617575224506709e+03
-1.641556899682506537e-02 2.203768855635886842e-02 1.594520265490791469e-02 -1.401394864507213116e-02 -5.552872783570281939e-03 1.505439016280383027e-02 -1.128989154952769923e+03
-1.643540346801846894e-02 2.204753578295296293e-02 1.593816398147259589e-02 -1.400407289781620442e-02 -5.560068824512775371e-03 1.507182525112069939e-02 -1.130360432214636376e+03
-1.645523319271227983e-02 2.205732156777867256e-02 1.593104058446082744e-02 -1.399413960402020977e-02 -5.567261823347826113e-03 1.508925419506397872e-02 -1.131731406808376960e+03
-1.647505816752321134e-02 2.206704584515319784e-02 1.592383238955150798e-02 -1.398414907924416459e-02 -5.574452026372005847e-03 1.510667728527335073e-02 -1.133102078530345352e+03
-1.649488646029460132e-02 2.207684748767963293e-02 1.590862281427526601e-02 -1.394101226875267552e-02 -5.487292441493595539e-03 1.470761962918273359e-02 -1.134472389430775365e+03
-1.651470994913199763e-02 2.208658760864700560e-02 1.589286268361253529e-02 -1.390172382768241691e-02 -5.399633100847526547e-03 1.430425990006978232e-02 -1.135842397054739422e+03
-1.653452065435148319e-02 2.209612696813188434e-02 1.588539995619705700e-02 -1.389156183819704321e-02 -5.406813605977888425e-03 1.432166552056506580e-02 -1.137212158950703270e+03
-1.655432659634753154e-02 2.210560455682099995e-02 1.587785228793647460e-02 -1.388134271769475223e-02 -5.413990941037886105e-03 1.433906561535638717e-02 -1.138581617165246826e+03
-1.657412777173196752e-02 2.211502030858644025e-02 1.587021963569462679e-02 -1.387106670529187832e-02 -5.421164966903209426e-03 1.435645976709609868e-02 -1.139950771492772674e+03
-1.659392417719806473e-02 2.212437415659899639e-02 1.586250193227738137e-02 -1.386073370348277385e-02 -5.428336180883694927e-03 1.437384810641993520e-02 -1.141319621734080556e+03
-1.661371580928422062e-02 2.213366603496215446e-02 1.585469911207993896e-02 -1.385034384839950970e-02 -5.435504006000059680e-03 1.439123047684648729e-02 -1.142688167680726792e+03
-1.663350266458150581e-02 2.214289587805469764e-02 1.584681110599225201e-02 -1.383989702584976361e-02 -5.442668990982747583e-03 1.440860706667223580e-02 -1.144056409129244912e+03
-1.665329279414060407e-02 2.215216664350206505e-02 1.583222828583556036e-02 -1.379198663993356534e-02 -5.350950036411923974e-03 1.399812702555612229e-02 -1.145424288124117311e+03
-1.667307008554956560e-02 2.216127221921004517e-02 1.582416965408192308e-02 -1.378142591155568156e-02 -5.358108333830063734e-03 1.401549119880227991e-02 -1.146791919961299755e+03
-1.669284258982043842e-02 2.217031556240821669e-02 1.581602557261092140e-02 -1.377080787879057105e-02 -5.365263580657586573e-03 1.403284890246371541e-02 -1.148159246683016818e+03
-1.671261030353528299e-02 2.217929660599865516e-02 1.580779599880563838e-02 -1.376013238885583946e-02 -5.372415302090758835e-03 1.405020074979191659e-02 -1.149526268086342043e+03
-1.673238110442969162e-02 2.218832928904140508e-02 1.579236657014253253e-02 -1.370902145623590848e-02 -5.274385811540529580e-03 1.364037781867734681e-02 -1.150892926212284692e+03
-1.675213922660540380e-02 2.219718553324151120e-02 1.578396578823329510e-02 -1.369823109134263132e-02 -5.281531302855716099e-03 1.365771747524610440e-02 -1.152259336356649555e+03
-1.677189254781483868e-02 2.220597927796500934e-02 1.577547934725183690e-02 -1.368738322958970403e-02 -5.288673489057788869e-03 1.367505093312622148e-02 -1.153625440560158040e+03
-1.679164106464683254e-02 2.221471045637453748e-02 1.576690717979369050e-02 -1.367647775396551788e-02 -5.295812776907472819e-03 1.369237864664514526e-02 -1.154991238616857572e+03
-1.681138477366004441e-02 2.222337900047104478e-02 1.575824928733177491e-02 -1.366551498937267073e-02 -5.302948719404022501e-03 1.370970075641818851e-02 -1.156356730318344717e+03
-1.683113257335745738e-02 2.223194545547359582e-02 1.574682754508481206e-02 -1.359617066961542504e-02 -5.232153963235962151e-03 1.328965764941949547e-02 -1.157721857708015705e+03
-1.685087529037793130e-02 2.224050576637253904e-02 1.573461934750807964e-02 -1.353088730287756170e-02 -5.152743218693860323e-03 1.286995628350938274e-02 -1.159086678325792718e+03
-1.687061274771533073e-02 2.224911539516870665e-02 1.571855446465954265e-02 -1.347274379530528574e-02 -5.060884838108486126e-03 1.245636798624760733e-02 -1.160451191967010118e+03
-1.689034622154671553e-02 2.225745714572635592e-02 1.570700271122961802e-02 -1.339714829285599922e-02 -4.991968528098834033e-03 1.203510764836613831e-02 -1.161815398419264284e+03
-1.691007373905921082e-02 2.226594257979350525e-02 1.568925987382321224e-02 -1.335021690319390837e-02 -4.894223997324507330e-03 1.161248464941776193e-02 -1.163179297475899830e+03
-1.692978852901712641e-02 2.227423388655536129e-02 1.568008662824227697e-02 -1.333891191292832859e-02 -4.901340266383799257e-03 1.162976925301914891e-02 -1.164542946677866667e+03
-1.694949848696739730e-02 2.228246208202899759e-02 1.567082732944404325e-02 -1.332754957200521159e-02 -4.908452629330789518e-03 1.164704783494287417e-02 -1.165906288064044929e+03
-1.696920360937655831e-02 2.229062709822743696e-02 1.566148187793043808e-02 -1.331613013145066006e-02 -4.915561617778080143e-03 1.166431998443872610e-02 -1.167269321424113741e+03
-1.698891252071684996e-02 2.229875828122898987e-02 1.564865460743728939e-02 -1.324553105606250843e-02 -4.832272489470938043e-03 1.124223160148489498e-02 -1.168631988797573968e+03
-1.700860796145448398e-02 2.230679673363495166e-02 1.563913663575315638e-02 -1.323399666356745233e-02 -4.839374385110919302e-03 1.125949112967229021e-02 -1.169994405475470330e+03
-1.702829855604661574e-02 2.231477180078685063e-02 1.562953229398305124e-02 -1.322240491907128966e-02 -4.846472718052059758e-03 1.127674430186114025e-02 -1.171356513496342814e+03
-1.704798430093569517e-02 2.232268341419828273e-02 1.561984148127057610e-02 -1.321075545075292741e-02 -4.853567827689996006e-03 1.129399148026916794e-02 -1.172718312647040420e+03
-1.706766519256520953e-02 2.233053150567130066e-02 1.561006412683422183e-02 -1.319904848822815550e-02 -4.860659524759261031e-03 1.131123267590134450e-02 -1.174079802714624293e+03
-1.708734122739363412e-02 2.233831600648064630e-02 1.560020014545296201e-02 -1.318728404505937687e-02 -4.867747870573752370e-03 1.132846800719539658e-02 -1.175440983487478888e+03
-1.710701240190209277e-02 2.234603684741305954e-02 1.559024952788683194e-02 -1.317546223893308575e-02 -4.874833496701134507e-03 1.134569666785118468e-02 -1.176801854754733768e+03
-1.712669531494733291e-02 2.235382174889491425e-02 1.556996815354240969e-02 -1.305614760079985143e-02 -4.681275986920543052e-03 1.046887857594529410e-02 -1.178162300803717471e+03
-1.714635675820057673e-02 2.236141506115604458e-02 1.555984412147260083e-02 -1.304421139874940329e-02 -4.688354990927555768e-03 1.048609479451939087e-02 -1.179522552418889063e+03
-1.716601333053513478e-02 2.236894450321174482e-02 1.554963333483260109e-02 -1.303221787993009972e-02 -4.695430128238946808e-03 1.050330482435985792e-02 -1.180882493888360841e+03
-1.718566502840716131e-02 2.237641000445863074e-02 1.553933575147569898e-02 -1.302016716083692627e-02 -4.702501835277384142e-03 1.052050794591419779e-02 -1.182242124997893370e+03
-1.720531184828979696e-02 2.238381149432765865e-02 1.552895133703525478e-02 -1.300805913744441933e-02 -4.709569833497110995e-03 1.053770464590667554e-02 -1.183601445534950244e+03
-1.722495378661232160e-02 2.239114890232360086e-02 1.551848006960857354e-02 -1.299589396793177087e-02 -4.716634229679105526e-03 1.055489423306044811e-02 -1.184960455284729960e+03
-1.724459083976944557e-02 2.239842215823073523e-02 1.550792191110139662e-02 -1.298367130493277739e-02 -4.723694760918292421e-03 1.057207777105242767e-02 -1.186319154030163190e+03
-1.726422300425797807e-02 2.240563119143824597e-02 1.549727678574732564e-02 -1.297139118390372090e-02 -4.730751579348363607e-03 1.058925447853457588e-02 -1.187677541562042279e+03
-1.728385027640393437e-02 2.241277593217835470e-02 1.548654464005384639e-02 -1.295905374002970407e-02 -4.737804471937140383e-03 1.060642460905212442e-02 -1.189035617659924128e+03
-1.730347265261224232e-02 2.241985631004367319e-02 1.547572539243946728e-02 -1.294665866015995426e-02 -4.744853872349692747e-03 1.062358888957241551e-02 -1.190393382108944252e+03
-1.732309012925298611e-02 2.242687225429083539e-02 1.546481897273050028e-02 -1.293420637678530452e-02 -4.751898998791933768e-03 1.064074668189978791e-02 -1.191750834691806176e+03
-1.734269509352991817e-02 2.243372034106679014e-02 1.545526511619061197e-02 -1.280607391008284530e-02 -4.706827904521922006e-03 1.022287098900012681e-02 -1.193108032945429613e+03
-1.736230276016923965e-02 2.244060720538516504e-02 1.544418402159110186e-02 -1.279350670162209339e-02 -4.713866596609574827e-03 1.024001595533676444e-02 -1.194464861147864895e+03
-1.738191354267670102e-02 2.244754926182230062e-02 1.542515047699072502e-02 -1.272890861201483870e-02 -4.611520958186140703e-03 9.803824709036290663e-03 -1.195821319084304832e+03
-1.740152003407410136e-02 2.245432074962934801e-02 1.541034043986343541e-02 -1.264861104249227937e-02 -4.524305205143709478e-03 9.366351012277949681e-03 -1.197177464287367911e+03
-1.742111295832176471e-02 2.246101346227149728e-02 1.539899675103756360e-02 -1.263587170528455983e-02 -4.531333570729102235e-03 9.383476443072347878e-03 -1.198533354287890006e+03
-1.744070096110090715e-02 2.246764131474718665e-02 1.538756543108121648e-02 -1.262307478341913661e-02 -4.538358372916648231e-03 9.400595323121995611e-03 -1.199888931115665400e+03
-1.746028403883723851e-02 2.247420423470421202e-02 1.537604645675217339e-02 -1.261022034262758787e-02 -4.545379432717017165e-03 9.417707306819145599e-03 -1.201244194556288448e+03
-1.747986218786445542e-02 2.248070214923574700e-02 1.536443982412599892e-02 -1.259730852500216824e-02 -4.552396895432507008e-03 9.434812687361333536e-03 -1.202599144388596642e+03
-1.749943540453897592e-02 2.248713498462128271e-02 1.535274548831730423e-02 -1.258433902595279021e-02 -4.559410579456604946e-03 9.451910976103474957e-03 -1.203953780392878116e+03
-1.751900368525863283e-02 2.249350266777495888e-02 1.534096341074766591e-02 -1.257131199089102716e-02 -4.566419961292518190e-03 9.469002670852441975e-03 -1.205308102352706328e+03
-1.753857502135039090e-02 2.249996263179412925e-02 1.531872159239926895e-02 -1.251011282583337075e-02 -4.465178397298492918e-03 9.028570770744964030e-03 -1.206662052294669365e+03
-1.755813341913975770e-02 2.250619979312658281e-02 1.530676390578107442e-02 -1.249697088523829547e-02 -4.472180068848045399e-03 9.045649536942725749e-03 -1.208015745501491892e+03
-1.757768686997729021e-02 2.251237158518923365e-02 1.529471834923658118e-02 -1.248377150685292536e-02 -4.479177689987483800e-03 9.062721494220346216e-03 -1.209369124000190595e+03
-1.759723537019037068e-02 2.251847793567849157e-02 1.528258483840836714e-02 -1.247051504550673179e-02 -4.486171932179339530e-03 9.079787127425312243e-03 -1.210722187569836478e+03
-1.761677891610173227e-02 2.252451877188219390e-02 1.527036331671955717e-02 -1.245720106965920136e-02 -4.493161998650131196e-03 9.096845547868123369e-03 -1.212074935990351378e+03
-1.763631750396962156e-02 2.253049402093569575e-02 1.525805369489774931e-02 -1.244382997325288107e-02 -4.500148191991784272e-03 9.113897926677137079e-03 -1.213427369038621464e+03
-1.765585113006287038e-02 2.253640360982541585e-02 1.524565588953563644e-02 -1.243040128294857667e-02 -4.507130977433580939e-03 9.130943280189702041e-03 -1.214779486493303239e+03
-1.767538791598835882e-02 2.254234635951970350e-02 1.522620607520382315e-02 -1.235576462059241945e-02 -4.402498690754435770e-03 8.685563466687633294e-03 -1.216131230380087345e+03
-1.769491160722689096e-02 2.254812440846071242e-02 1.521363159467573924e-02 -1.234222121274833675e-02 -4.409473907636112661e-03 8.702595266270573768e-03 -1.217482715975562314e+03
-1.771443032543412385e-02 2.255383657697795571e-02 1.520096867856413590e-02 -1.232862014102328353e-02 -4.416445310798540295e-03 8.719619712094688405e-03 -1.218833885308856907e+03
-1.773394406677935783e-02 2.255948279113773047e-02 1.518821726221225230e-02 -1.231496134900025331e-02 -4.423413019059989869e-03 8.736636911155335958e-03 -1.220184738152401678e+03
-1.775345282755915258e-02 2.256506297618166706e-02 1.517537728882057541e-02 -1.230124487526737878e-02 -4.430376309075138505e-03 8.753647561349093761e-03 -1.221535274286433605e+03
-1.777295660398806390e-02 2.257057705766950945e-02 1.516244877081575522e-02 -1.228747040059089551e-02 -4.437336359811080294e-03 8.770651252292253897e-03 -1.222885493483288428e+03
-1.779245539235762077e-02 2.257602496052493746e-02 1.514943165290173581e-02 -1.227363850150012085e-02 -4.444292362356343576e-03 8.787648166653710263e-03 -1.224235395519591293e+03
-1.781194918897160279e-02 2.258140660920847712e-02 1.513632591387482906e-02 -1.225974894892081953e-02 -4.451244073903598553e-03 8.804638856872475799e-03 -1.225584980172133783e+03
-1.783143799005615718e-02 2.258672192855818231e-02 1.512313149430715743e-02 -1.224580192305260717e-02 -4.458192359756098753e-03 8.821622350407403931e-03 -1.226934247212132277e+03
-1.785092179189367093e-02 2.259197084335179059e-02 1.510984835198193529e-02 -1.223179750680512823e-02 -4.465135983305498941e-03 8.838599037286200971e-03 -1.228283196415414295e+03
-1.787040059074319204e-02 2.259715327870987986e-02 1.509647641378177550e-02 -1.221773598838969167e-02 -4.472075967508762177e-03 8.855568505318980529e-03 -1.229631827557122733e+03
-1.788987438282612849e-02 2.260226915985453708e-02 1.508301564963616601e-02 -1.220361711888866274e-02 -4.479011595566964425e-03 8.872531267390596985e-03 -1.230980140409949854e+03
-1.790934316432278225e-02 2.260731841216901197e-02 1.506946601606253336e-02 -1.218944091076212474e-02 -4.485943240413489512e-03 8.889487234887272563e-03 -1.232328134744096587e+03
-1.792880693152086591e-02 2.261230096076224244e-02 1.505582743100774244e-02 -1.217520734670493772e-02 -4.492870891410175212e-03 8.906435680405480962e-03 -1.233675810338579595e+03
-1.794826568052300744e-02 2.261721673081165326e-02 1.504209985561369770e-02 -1.216091647313633298e-02 -4.499794578655809570e-03 8.923376825003794671e-03 -1.235023166960588696e+03
-1.796771940748786642e-02 2.262206564685138865e-02 1.502828320855800065e-02 -1.214656812739813366e-02 -4.506713963067622043e-03 8.940310434544884374e-03 -1.236370204382680186e+03
-1.798716810854877890e-02 2.262684763304365770e-02 1.501437737515970948e-02 -1.213216211914586867e-02 -4.513629116311031024e-03 8.957237160961143557e-03 -1.237716922375728927e+03
-1.800661177989781869e-02 2.263156261269892722e-02 1.500038226357777726e-02 -1.211769834230394700e-02 -4.520540492073312627e-03 8.974156594393491518e-03 -1.239063320714537895e+03
-1.802605041760787716e-02 2.263621050996804385e-02 1.498629781570354376e-02 -1.210317668044626899e-02 -4.527447690320564148e-03 8.991069269161877653e-03 -1.240409399165054538e+03
-1.804548401783027251e-02 2.264079124818909813e-02 1.497212396053969677e-02 -1.208859715331525586e-02 -4.534350872754493167e-03 9.007975022922401487e-03 -1.241755157499180541e+03
-1.806491257671199654e-02 2.264530475044979063e-02 1.495786065653541622e-02 -1.207395997109647623e-02 -4.541250228149624341e-03 9.024873641061597132e-03 -1.243100595487372630e+03
-1.808433609039106216e-02 2.264975093939000650e-02 1.494350783177824521e-02 -1.205926503350388153e-02 -4.548145408313346641e-03 9.041765574600322403e-03 -1.244445712897598241e+03
-1.810375455507851755e-02 2.265412973770301180e-02 1.492906546525281375e-02 -1.204451280483523692e-02 -4.555037009076464902e-03 9.058650587368993409e-03 -1.245790509501259066e+03
-1.812316796691422829e-02 2.265844106798686752e-02 1.491453351494597887e-02 -1.202970305420812507e-02 -4.561924268335691528e-03 9.075528132153206154e-03 -1.247134985064873263e+03
-1.814257632208628526e-02 2.266268485223679047e-02 1.489991193081111574e-02 -1.201483600603876073e-02 -4.568807284368235806e-03 9.092398889188165606e-03 -1.248479139359584678e+03
-1.816198783044113002e-02 2.266697258441456933e-02 1.487733359663318856e-02 -1.193139755125729486e-02 -4.460587835260289985e-03 8.632102877382025544e-03 -1.249822914403967843e+03
-1.818139430928349121e-02 2.267116220014259859e-02 1.485597032420399657e-02 -1.184371197157835578e-02 -4.352393952724243655e-03 8.171118179155306693e-03 -1.251166367713824684e+03
-1.820078747118858073e-02 2.267520288092647954e-02 1.484107958589122797e-02 -1.182867281027854926e-02 -4.359264176573900314e-03 8.187966482585417455e-03 -1.252509556807067383e+03
-1.822017556088970092e-02 2.267917570581054823e-02 1.482609904270272908e-02 -1.181357636258523192e-02 -4.366130273135104128e-03 8.204806622256118412e-03 -1.253852423700255258e+03
-1.823955857451350915e-02 2.268308059748043101e-02 1.481102864872342953e-02 -1.179842215730281078e-02 -4.372991562865930631e-03 8.221639533862595828e-03 -1.255194968162144505e+03
-1.825893650803111362e-02 2.268691747759583530e-02 1.479586845741421089e-02 -1.178321129172180300e-02 -4.379849443519158794e-03 8.238471588718904171e-03 -1.256537189959479974e+03
-1.827831748488272304e-02 2.269075723763770008e-02 1.477358080001260447e-02 -1.169909780545975997e-02 -4.268919156480996922e-03 7.769610654784410431e-03 -1.257879031103444049e+03
-1.829768524660951856e-02 2.269445786391444120e-02 1.475824045889811628e-02 -1.168377065898850917e-02 -4.275767286724691495e-03 7.786421734677905285e-03 -1.259220606862818840e+03
-1.831704791645692720e-02 2.269809024457294239e-02 1.474280993693068142e-02 -1.166838590750791070e-02 -4.282611325353182299e-03 7.803225891225730806e-03 -1.260561859250379030e+03
-1.833640549049300739e-02 2.270165430041097207e-02 1.472728915679961254e-02 -1.165294339930936403e-02 -4.289450980151552142e-03 7.820022997427686709e-03 -1.261902788032145054e+03
-1.835575796473968430e-02 2.270514995255390467e-02 1.471167803532935810e-02 -1.163744348415744409e-02 -4.296286835037035901e-03 7.836812644310235665e-03 -1.263243392971422281e+03
-1.837510533517960204e-02 2.270857712150619115e-02 1.469597649662982529e-02 -1.162188603215476811e-02 -4.303118872590919533e-03 7.853595078109874145e-03 -1.264583673829091140e+03
-1.839444759792255649e-02 2.271193572642444744e-02 1.468018452381266749e-02 -1.160627095468190310e-02 -4.309946561134971217e-03 7.870370336031103781e-03 -1.265923630374681579e+03
-1.841379344896761430e-02 2.271521951202919165e-02 1.465939461592217011e-02 -1.151165430507832682e-02 -4.214164842703893923e-03 7.395188434331796679e-03 -1.267263204616081794e+03
-1.843312548432616063e-02 2.271844074937060670e-02 1.464342159928830323e-02 -1.149592438635399332e-02 -4.220983794234387659e-03 7.411947539957820970e-03 -1.268602511817544837e+03
-1.845246084270453849e-02 2.272161213941676500e-02 1.462196329777446305e-02 -1.140138353895564852e-02 -4.116522538576584435e-03 6.938359610014261172e-03 -1.269941436240751955e+03
-1.847178263485573999e-02 2.272469568891874805e-02 1.460580911553931160e-02 -1.138553864609131300e-02 -4.123332990848321312e-03 6.955103210551280210e-03 -1.271280093150915491e+03
-1.849109929938112448e-02 2.272771027435042251e-02 1.458956429692659373e-02 -1.136963604014328867e-02 -4.130138501545819844e-03 6.971839642227170390e-03 -1.272618424554708326e+03
-1.851041083233527160e-02 2.273065581546245689e-02 1.457322880173387430e-02 -1.135367583598339940e-02 -4.136939281282919767e-03 6.988568052345642267e-03 -1.273956430216868512e+03
-1.852971722973121779e-02 2.273353223239642229e-02 1.455680257868345075e-02 -1.133765811595993829e-02 -4.143735309378358822e-03 7.005289564363722035e-03 -1.275294109897913131e+03
-1.854901848757725680e-02 2.273633944502974694e-02 1.454028557953736082e-02 -1.132158290214003125e-02 -4.150526635297117732e-03 7.022003090819243371e-03 -1.276631463358006386e+03
-1.856831460180422000e-02 2.273907737374970817e-02 1.452367775750566109e-02 -1.130545016952640841e-02 -4.157313337806854692e-03 7.038709407565364902e-03 -1.277968490352967819e+03
-1.858760556846520903e-02 2.274174593769514793e-02 1.450697900537825484e-02 -1.128926021698268070e-02 -4.164095542404411786e-03 7.055407995683023528e-03 -1.279305190648014786e+03
-1.860689138344777047e-02 2.274434505638119747e-02 1.449018927389563761e-02 -1.127301272294820196e-02 -4.170873426981558905e-03 7.072099275860531560e-03 -1.280641563997469348e+03
-1.862617204269809493e-02 2.274687464790309255e-02 1.447330843695959247e-02 -1.125670766018947375e-02 -4.177647047617372329e-03 7.088782890203780551e-03 -1.281977610160415225e+03
-1.864545649440267974e-02 2.274928395299544159e-02 1.445174557185872379e-02 -1.115319367597888446e-02 -4.086118463094232794e-03 6.607880554910049338e-03 -1.283313271145353610e+03
-1.866472682994214580e-02 2.275167424368951946e-02 1.443468227145118868e-02 -1.113677371051119067e-02 -4.092883571357705356e-03 6.624548278555859870e-03 -1.284648662211678129e+03
-1.868399199743207839e-02 2.275399476001894669e-02 1.441752766408660284e-02 -1.112029615841303269e-02 -4.099644498633973899e-03 6.641208003782486484e-03 -1.285983725364064867e+03
-1.870325199277554293e-02 2.275624541913017287e-02 1.440028166767188568e-02 -1.110376077347973410e-02 -4.106400685632496592e-03 6.657859787863023432e-03 -1.287318460359965229e+03
-1.872250681188918769e-02 2.275842613844786602e-02 1.438294426746666160e-02 -1.108716785315097368e-02 -4.113152600450271229e-03 6.674503487600168608e-03 -1.288652866956286289e+03
-1.874175645066911491e-02 2.276053683576698128e-02 1.436551537949606015e-02 -1.107051728374799579e-02 -4.119899557723628349e-03 6.691139559944107168e-03 -1.289986944907141151e+03
-1.876100090513086252e-02 2.276257742844981988e-02 1.434799498940910085e-02 -1.105380898271684717e-02 -4.126642011899004162e-03 6.707767765757837244e-03 -1.291320693974432970e+03
-1.878024860867880466e-02 2.276459406157714180e-02 1.432430982009310315e-02 -1.095329917671288011e-02 -4.016831206985325801e-03 6.228567171233627062e-03 -1.292654056157420200e+03
-1.879950021425672718e-02 2.276645079901847349e-02 1.429646319335458812e-02 -1.075682859365147299e-02 -3.809747183040293906e-03 5.249683359184131870e-03 -1.293987031213041064e+03
-1.881872909109035680e-02 2.276828058276261085e-02 1.427866809181417909e-02 -1.073994781863563119e-02 -3.816474998699992752e-03 5.266288607739777819e-03 -1.295319792145251995e+03
-1.883796868112719639e-02 2.277025455637526202e-02 1.424137272773232619e-02 -1.058424058141947156e-02 -3.568978889725005904e-03 4.282663013514467244e-03 -1.296652107706392144e+03
-1.885719509150459577e-02 2.277213409886452364e-02 1.420849911343150321e-02 -1.051149319696601490e-02 -3.450788066866497354e-03 3.803180746833399999e-03 -1.297984150905728256e+03
-1.887640835387247376e-02 2.277375232489155590e-02 1.419042884866457931e-02 -1.049444094206641344e-02 -3.457501401192171475e-03 3.819762434357120567e-03 -1.299315921490618393e+03
-1.889561640312959617e-02 2.277529986582482041e-02 1.417226674251062697e-02 -1.047733129503380760e-02 -3.464210635323148376e-03 3.836334928599043417e-03 -1.300647361465529457e+03
-1.891481923507546889e-02 2.277677663771870628e-02 1.415401271453218049e-02 -1.046016411829481588e-02 -3.470914756958022162e-03 3.852899840122068174e-03 -1.301978470582359932e+03
-1.893401684552357619e-02 2.277818255536816563e-02 1.413566669630708823e-02 -1.044293983442871887e-02 -3.477614326593771957e-03 3.869455951517708318e-03 -1.303309248594282053e+03
-1.895320923023491311e-02 2.277951753381257660e-02 1.411722858803783794e-02 -1.042565748133494029e-02 -3.484309492564193530e-03 3.886004202057448658e-03 -1.304639695251281182e+03
-1.897239638501463724e-02 2.278078148784203755e-02 1.409869831242741532e-02 -1.040831750265681400e-02 -3.490999927694094559e-03 3.902544386240009572e-03 -1.305969810306209865e+03
-1.899157830560231283e-02 2.278197433267935279e-02 1.408007580877762392e-02 -1.039091980408883217e-02 -3.497685750293298788e-03 3.919076449118496369e-03 -1.307299593506722431e+03
-1.901076331322910581e-02 2.278315065935640135e-02 1.405409042647783914e-02 -1.029398900069925481e-02 -3.384701826179857976e-03 3.430743972370761587e-03 -1.308628986853981814e+03
-1.902993475285039496e-02 2.278420103108545064e-02 1.403528322095455409e-02 -1.027647597526515355e-02 -3.391378432974467925e-03 3.447260043956379069e-03 -1.309958105599082501e+03
-1.904910094567247719e-02 2.278518003912227349e-02 1.401638360846125912e-02 -1.025890538363397921e-02 -3.398049726639276302e-03 3.463768139613843805e-03 -1.311286891737882343e+03
-1.906826188754719500e-02 2.278608759781198395e-02 1.399739153363801364e-02 -1.024127734257618272e-02 -3.404716359002832576e-03 3.480268905448740194e-03 -1.312615345020689119e+03
-1.908741757431644051e-02 2.278692362102343119e-02 1.397830695604198800e-02 -1.022359223923284370e-02 -3.411377927699773497e-03 3.496760763751823303e-03 -1.313943465197184196e+03
-1.910657630466867582e-02 2.278774685430523528e-02 1.395196265114584909e-02 -1.012178437858990421e-02 -3.295592997550150088e-03 3.010900148375769952e-03 -1.315271194264157884e+03
-1.912572146855790606e-02 2.278843954817189044e-02 1.393269302055566948e-02 -1.010398506036380185e-02 -3.302244795754668075e-03 3.027375530714405700e-03 -1.316598647467769069e+03
-1.914486967227373854e-02 2.278914565724757257e-02 1.390556664648813674e-02 -1.000096524222788587e-02 -3.184694413244935299e-03 2.544179032554179983e-03 -1.317925709057987660e+03
-1.916401214946860526e-02 2.278980249170532366e-02 1.387632107908746450e-02 -9.906257289353627773e-03 -3.057774703940367017e-03 2.059520066835960825e-03 -1.319252436530966179e+03
-1.918314996330155314e-02 2.279033014203481547e-02 1.385005666120354452e-02 -9.801169354812965667e-03 -2.944633269903560325e-03 1.573069256629016505e-03 -1.320578829631409235e+03
-1.920227403048369377e-02 2.279073513946592786e-02 1.383041641946444397e-02 -9.783140657722691480e-03 -2.951264508759383030e-03 1.589510127894440839e-03 -1.321904945858910651e+03
-1.922139281273190295e-02 2.279106799711850054e-02 1.381068334704677394e-02 -9.765054356038669475e-03 -2.957891223057174546e-03 1.605942571886242532e-03 -1.323230727204244886e+03
-1.924050630578591839e-02 2.279132862757587627e-02 1.379085735776700711e-02 -9.746910538633477353e-03 -2.964513174441831857e-03 1.622366906784499570e-03 -1.324556173415902776e+03
-1.925961450527796312e-02 2.279151694381133242e-02 1.377093835682045853e-02 -9.728709172372417002e-03 -2.971130401458307781e-03 1.638783141045434873e-03 -1.325881284235224712e+03
-1.927871740688370805e-02 2.279163285858911217e-02 1.375092624518296953e-02 -9.710450104750171021e-03 -2.977742379293258496e-03 1.655190974931087860e-03 -1.327206059406155873e+03
-1.929782322535967751e-02 2.279178144410402146e-02 1.372210613507760489e-02 -9.605574131974060556e-03 -2.857192438023888146e-03 1.173392645783243819e-03 -1.328530440922290154e+03
-1.931691551822212541e-02 2.279175229364976268e-02 1.370190754017008850e-02 -9.587200254172005207e-03 -2.863794657377538924e-03 1.189784379703371546e-03 -1.329854544027756219e+03
-1.933600250021480851e-02 2.279165047813211040e-02 1.368161560515636366e-02 -9.568769227192809243e-03 -2.870391996598446044e-03 1.206167100473178131e-03 -1.331178310712948132e+03
-1.935508416703694140e-02 2.279147590823601965e-02 1.366123032723189426e-02 -9.550280758570842826e-03 -2.876984578482572139e-03 1.222541372333510760e-03 -1.332501740719980262e+03
-1.937416051437982484e-02 2.279122849465716610e-02 1.364075167201623390e-02 -9.531735372672907672e-03 -2.883571902773025310e-03 1.238906935400037497e-03 -1.333824833790758476e+03
-1.939323153791195492e-02 2.279090814818135816e-02 1.362017961458423555e-02 -9.513132674787844190e-03 -2.890153754732099206e-03 1.255263544645536739e-03 -1.335147589667019020e+03
-1.941230595524065863e-02 2.279051487236017498e-02 1.359339123116309715e-02 -9.403931066105632175e-03 -2.785352549341103042e-03 7.625981292832401115e-04 -1.336469950341620461e+03
-1.943136631808584786e-02 2.279004839091467241e-02 1.357263236631937355e-02 -9.385213919767421836e-03 -2.791924058884403745e-03 7.789369310862660680e-04 -1.337792031053567825e+03
-1.945042134401280334e-02 2.278950870733389630e-02 1.355178003061559278e-02 -9.366439687804773914e-03 -2.798490112588592794e-03 7.952668413841397542e-04 -1.339113773792364782e+03
-1.946947876732076435e-02 2.278899351833083356e-02 1.352040830815097114e-02 -9.273149366840992974e-03 -2.666376465149205861e-03 3.031688639793913751e-04 -1.340435120547258066e+03
-1.948853127711940025e-02 2.278841841899454518e-02 1.348977935372117597e-02 -9.169674123673931393e-03 -2.544395996219566119e-03 -1.820361385120226286e-04 -1.341756128810454129e+03
-1.950757026602239000e-02 2.278765859600839772e-02 1.346864618414262554e-02 -9.150727609278290139e-03 -2.550946457504732132e-03 -1.657316317331194728e-04 -1.343076856065066522e+03
-1.952660390050119793e-02 2.278682521589328949e-02 1.344741924320499299e-02 -9.131723938041222399e-03 -2.557491872291345336e-03 -1.494360246552552108e-04 -1.344397244304846936e+03
-1.954563217606135675e-02 2.278591818942826003e-02 1.342609840754677500e-02 -9.112662992076645332e-03 -2.564032372347823524e-03 -1.331491288690167443e-04 -1.345717293262365729e+03
-1.956465508829393490e-02 2.278493742638564024e-02 1.340468358490131372e-02 -9.093544946660613026e-03 -2.570567574204941138e-03 -1.168711429602328034e-04 -1.347037002676895781e+03
-1.958367263273094044e-02 2.278388283648502891e-02 1.338317467801643061e-02 -9.074369599022160532e-03 -2.577097984411091253e-03 -1.006014949199973268e-04 -1.348356372283747532e+03
-1.960268480487967549e-02 2.278275432840638423e-02 1.336157162298663020e-02 -9.055137106117007104e-03 -2.583623354378862796e-03 -8.434134936495300773e-05 -1.349675401817627062e+03
-1.962169160026203465e-02 2.278155180968784860e-02 1.333987441001638873e-02 -9.035847535908346842e-03 -2.590143396412053402e-03 -6.808992121016323737e-05 -1.350994091014259084e+03
-1.964069301442356030e-02 2.278027518717200273e-02 1.331808297741439960e-02 -9.016500679207804791e-03 -2.596658289800927999e-03 -5.184769254598675138e-05 -1.352312439610202318e+03
-1.965968904287761568e-02 2.277892436796583736e-02 1.329619734017007532e-02 -8.997096381181065444e-03 -2.603167539548808390e-03 -3.561447230348602255e-05 -1.353630447339225611e+03
-1.967868789898327697e-02 2.277760328918562380e-02 1.326475777817863987e-02 -8.890612755993280991e-03 -2.480651662837658842e-03 -5.218930112430590542e-04 -1.354948056185646465e+03
-1.969767314266282487e-02 2.277610379933596788e-02 1.324268359991769180e-02 -8.871093821549673811e-03 -2.487150497763663658e-03 -5.056780068631962829e-04 -1.356265381384341708e+03
-1.971665298727577273e-02 2.277452983561309777e-02 1.322051512207562431e-02 -8.851517869317310563e-03 -2.493643571146366127e-03 -4.894717893733333035e-04 -1.357582364919565862e+03
-1.973562742830468550e-02 2.277288130595392715e-02 1.319825231932275113e-02 -8.831884853406470406e-03 -2.500131474449877444e-03 -4.732749230807910940e-04 -1.358899006521644196e+03
-1.975459646132789876e-02 2.277115811790259708e-02 1.317589511848553732e-02 -8.812194765935180488e-03 -2.506613499384142529e-03 -4.570866572908066292e-04 -1.360215305927382360e+03
-1.977356008177646313e-02 2.276936018022603786e-02 1.315344341395858346e-02 -8.792447733817191149e-03 -2.513090284348649169e-03 -4.409075943499108524e-04 -1.361531262862805988e+03
-1.979251828521582171e-02 2.276748740136516277e-02 1.313089712948357392e-02 -8.772643768813861639e-03 -2.519561435832018935e-03 -4.247373386546263239e-04 -1.362846877063978127e+03
-1.981147106707855515e-02 2.276553969047959494e-02 1.310825616706474267e-02 -8.752782943669126098e-03 -2.526027448046135482e-03 -4.085768023886357449e-04 -1.364162148258382331e+03
-1.983041842281824119e-02 2.276351695545219059e-02 1.308552043370263436e-02 -8.732865190613486178e-03 -2.532487846136757381e-03 -3.924248805636038539e-04 -1.365477076176652872e+03
-1.984936034785554637e-02 2.276141910306467633e-02 1.306268986967870464e-02 -8.712890537721723963e-03 -2.538943186946857836e-03 -3.762830194741850027e-04 -1.366791660548735081e+03
-1.986829683760890641e-02 2.275924603856849596e-02 1.303976440464890522e-02 -8.692858705598209557e-03 -2.545393325236629256e-03 -3.601500470616539437e-04 -1.368105901106212514e+03
-1.988722788741375744e-02 2.275699766687823422e-02 1.301674400666543580e-02 -8.672769645609729183e-03 -2.551837849934015471e-03 -3.440270622679307794e-04 -1.369419797575085568e+03
-1.990615349263639630e-02 2.275467389226232262e-02 1.299362862661306538e-02 -8.652623255934683080e-03 -2.558277349450113237e-03 -3.279132028847846453e-04 -1.370733349683774577e+03
-1.992507364867279057e-02 2.275227461877920784e-02 1.297041823846038951e-02 -8.632419539799495584e-03 -2.564711490462947066e-03 -3.118085244693053946e-04 -1.372046557160141674e+03
-1.994398835092631855e-02 2.274979975042124014e-02 1.294711274965403003e-02 -8.612158599796478076e-03 -2.571140316164330798e-03 -2.957130424341713223e-04 -1.373359419731126081e+03
-1.996290617100677720e-02 2.274727001476718746e-02 1.291688198155288222e-02 -8.493607616384986694e-03 -2.456452967955501370e-03 -7.844512382509033011e-04 -1.374671879377282949e+03
-1.998180995200227877e-02 2.274464367027120848e-02 1.289338622530558469e-02 -8.473232371200737495e-03 -2.462870611555569023e-03 -7.683741237575021296e-04 -1.375984051321760489e+03
-2.000071680017570519e-02 2.274192842048603988e-02 1.286356410138319965e-02 -8.349558205677726566e-03 -2.346402821416340365e-03 -1.255032880439735333e-03 -1.377295819790959968e+03
-2.001961774727613330e-02 2.273924984034867217e-02 1.283014009498314491e-02 -8.237537813327582004e-03 -2.218883425614332459e-03 -1.739674021771254369e-03 -1.378607242259279701e+03
-2.003850511192232023e-02 2.273639556795773592e-02 1.280635864550318422e-02 -8.216993170486032103e-03 -2.225284556127857857e-03 -1.723620853700774062e-03 -1.379918376205172308e+03
-2.005739589326370476e-02 2.273340800609154055e-02 1.277634358722352405e-02 -8.092492954007688560e-03 -2.120550071308770646e-03 -2.214995324306155700e-03 -1.381229105848909057e+03
-2.007627229068678631e-02 2.273040130800521239e-02 1.275237123931474356e-02 -8.071834582894293550e-03 -2.126939111098715297e-03 -2.198966040711037087e-03 -1.382539546418282953e+03
-2.009515143148144986e-02 2.272740859515604353e-02 1.271897994153162008e-02 -7.958363629435884906e-03 -2.001445111938039700e-03 -2.684797006464848673e-03 -1.383849582133524336e+03
-2.011402524210204046e-02 2.272425984555151088e-02 1.268787536355654375e-02 -7.836756029118109243e-03 -1.881107738958607114e-03 -3.171542333948498479e-03 -1.385159270468738896e+03
-2.013288515346711716e-02 2.272102379300673311e-02 1.266361625325772809e-02 -7.815927006861934923e-03 -1.887479681100129704e-03 -3.155542634593238964e-03 -1.386468668899021623e+03
-2.015173955998515037e-02 2.271771109484982745e-02 1.263926146154100219e-02 -7.795040998854191674e-03 -1.893846216618487932e-03 -3.139552314252723117e-03 -1.387777719391291384e+03
-2.017059743724263637e-02 2.271425308129054396e-02 1.260904408914841936e-02 -7.663376844542082490e-03 -1.789402468943386559e-03 -3.625520392038080082e-03 -1.389086363918858524e+03
-2.018944872024583045e-02 2.271092890134212769e-02 1.257149849151951125e-02 -7.561616103659468333e-03 -1.659607436184025106e-03 -4.111062735532812137e-03 -1.390394659953575911e+03
-2.020828658388943225e-02 2.270738567532748498e-02 1.254685631680743478e-02 -7.540558789158885965e-03 -1.665957232962866040e-03 -4.095100996354641108e-03 -1.391702664964189580e+03
-2.022711892372789158e-02 2.270376540982841501e-02 1.252211819880253048e-02 -7.519444473072305415e-03 -1.672301868867915068e-03 -4.079149202549680817e-03 -1.393010320917399213e+03
-2.024594573513268519e-02 2.270006800527354582e-02 1.249728406643656371e-02 -7.498273464113124412e-03 -1.678640664085399642e-03 -4.063207243466836205e-03 -1.394317627538864144e+03
-2.026476701333414579e-02 2.269629336358707991e-02 1.247235386933501743e-02 -7.477045704093986112e-03 -1.684973685600878136e-03 -4.047274736125491303e-03 -1.395624584542624916e+03
-2.028358275362197177e-02 2.269244138664271160e-02 1.244732754086894100e-02 -7.455761393403383640e-03 -1.691300800481517408e-03 -4.031352065376023371e-03 -1.396931191646943489e+03
-2.030239295130018343e-02 2.268851197552619603e-02 1.242220507050594176e-02 -7.434420573838924906e-03 -1.697622313442753933e-03 -4.015439589951922371e-03 -1.398237448571497680e+03
-2.032119760161168673e-02 2.268450503143507394e-02 1.239698642768658106e-02 -7.413023513215473946e-03 -1.703937049296605846e-03 -3.999537350967098323e-03 -1.399543355033856415e+03
-2.033999669974304036e-02 2.268042045552587371e-02 1.237167154708995395e-02 -7.391569914613889576e-03 -1.710246283768913217e-03 -3.983645205843365858e-03 -1.400848910749674133e+03
-2.035879892437453265e-02 2.267623570249054088e-02 1.233937202572298747e-02 -7.267862155293694504e-03 -1.598465588321592050e-03 -4.472071748039758814e-03 -1.402154057685307407e+03
-2.037758690370395157e-02 2.267199556653571105e-02 1.231386455982945785e-02 -7.246295768471551837e-03 -1.604762269943856793e-03 -4.456199846870812289e-03 -1.403458911057155774e+03
-2.039636931637205108e-02 2.266767750223310646e-02 1.228826069346827636e-02 -7.224672841844441071e-03 -1.611053403035281458e-03 -4.440338375763014725e-03 -1.404763412828122000e+03
-2.041514615763814419e-02 2.266328140938604629e-02 1.226256039296123000e-02 -7.202992888388365551e-03 -1.617338880171090374e-03 -4.424486523365022371e-03 -1.406067562719357284e+03
-2.043391742256300131e-02 2.265880718805275348e-02 1.223676360794360464e-02 -7.181256113791222549e-03 -1.623618497748252837e-03 -4.408644615541788304e-03 -1.407371360437293788e+03
-2.045268310632200257e-02 2.265425473680143797e-02 1.221087024931055698e-02 -7.159462682138967825e-03 -1.629892607832848696e-03 -4.392813313242186282e-03 -1.408674805698029559e+03
-2.047145116118886943e-02 2.264976146123549514e-02 1.217240680030618263e-02 -7.048126554163126889e-03 -1.498699841944089138e-03 -4.870096512708593436e-03 -1.409977840464433257e+03
-2.049020566796165913e-02 2.264505224564871202e-02 1.214632008580111833e-02 -7.026219747148547239e-03 -1.504962515316358908e-03 -4.854284814883963635e-03 -1.411280579945420186e+03
-2.050895457899814395e-02 2.264026449515938941e-02 1.212013655552653980e-02 -7.004256333938315739e-03 -1.511219459465229162e-03 -4.838482948232701412e-03 -1.412582966108759820e+03
-2.052769788933163017e-02 2.263539810790097390e-02 1.209385614604410221e-02 -6.982236526012318076e-03 -1.517470689206780552e-03 -4.822692306453565600e-03 -1.413884998659621033e+03
-2.054643559412133377e-02 2.263045298104855718e-02 1.206747879098246830e-02 -6.960160453852107763e-03 -1.523715744588086856e-03 -4.806911673376153098e-03 -1.415186677311325866e+03
-2.056516768849004154e-02 2.262542901192304487e-02 1.204100446395433774e-02 -6.938027804911906481e-03 -1.529954858946219309e-03 -4.791141742033921784e-03 -1.416488001774007216e+03
-2.058390205546078641e-02 2.262039396846665315e-02 1.200441323307463969e-02 -6.823666559079846587e-03 -1.394765002057563172e-03 -5.274305168124741525e-03 -1.417788914005318020e+03
-2.060262291433639578e-02 2.261521200678845780e-02 1.197774487355643055e-02 -6.801421317150332241e-03 -1.400991248751323444e-03 -5.258556054974336015e-03 -1.419089529222000465e+03
-2.062133814803086135e-02 2.260995089495823618e-02 1.195097948405335342e-02 -6.779120163497586588e-03 -1.407211254482597113e-03 -5.242817341206252799e-03 -1.420389789376388990e+03
-2.064004775162062155e-02 2.260461053046275773e-02 1.192411700227457606e-02 -6.756762718616964036e-03 -1.413425142452280061e-03 -5.227089133400242109e-03 -1.421689694178179479e+03
-2.065875172016272410e-02 2.259919081138047139e-02 1.189715742087356191e-02 -6.734349061126325073e-03 -1.419632680904305260e-03 -5.211371275589227019e-03 -1.422989243333971672e+03
-2.067745853683136334e-02 2.259371886557142925e-02 1.186238655465150782e-02 -6.607129393233841970e-03 -1.298899423781135678e-03 -5.689572003567318695e-03 -1.424288378804213835e+03
-2.069615122044539055e-02 2.258814013010071800e-02 1.183523252653199270e-02 -6.584603105795516949e-03 -1.305095132885064320e-03 -5.673875386429137919e-03 -1.425587215788904359e+03
-2.071483825420546848e-02 2.258248173117379659e-02 1.180798113850504288e-02 -6.562020290503706166e-03 -1.311285290234909598e-03 -5.658188792110273833e-03 -1.426885696251033778e+03
-2.073352839302573802e-02 2.257671397658703172e-02 1.177354825371327955e-02 -6.432802018083065045e-03 -1.200140603792875654e-03 -6.139770171301140930e-03 -1.428183762139769215e+03
-2.075221205160922636e-02 2.257099318228774493e-02 1.173536570732593327e-02 -6.313489032283521596e-03 -1.065289964238463026e-03 -6.613599577604658934e-03 -1.429481470914423653e+03
-2.077088210553394709e-02 2.256509516504502655e-02 1.170782185191395625e-02 -6.290737448557287906e-03 -1.071462218995517706e-03 -6.597945161871381775e-03 -1.430778880023433203e+03
-2.078955524652610631e-02 2.255906863549360375e-02 1.167344812949299392e-02 -6.156168659669078967e-03 -9.584183461243805111e-04 -7.075033226587053477e-03 -1.432075873673827573e+03
-2.080821395535837129e-02 2.255301034571461846e-02 1.164570894107986795e-02 -6.133304574645074593e-03 -9.645785373750162366e-04 -7.059400804710645738e-03 -1.433372567066068086e+03
-2.082687563293397770e-02 2.254685175224742030e-02 1.161093312099087047e-02 -5.999720164601271902e-03 -8.483564780842555407e-04 -7.534204535198574769e-03 -1.434668844404153788e+03
-2.084552297647828192e-02 2.254063276271223507e-02 1.158299836120147211e-02 -5.976743941612399670e-03 -8.545041884598462154e-04 -7.518593340478119287e-03 -1.435964820888431177e+03
-2.086417354181132472e-02 2.253426391232451684e-02 1.154857332754093656e-02 -5.836321426522496358e-03 -7.448616534507251528e-04 -7.991097589229233938e-03 -1.437260380725520690e+03
-2.088280949995462502e-02 2.252788379642054264e-02 1.152044292669929249e-02 -5.813233367460511787e-03 -7.509959684530950232e-04 -7.975508427052200103e-03 -1.438555639110312768e+03
-2.090144785601747227e-02 2.252148092436989657e-02 1.148303936872641789e-02 -5.687243692928839120e-03 -6.193456117849039733e-04 -8.446407112336542372e-03 -1.439850480246921506e+03
-2.092007240857824552e-02 2.251493925839750249e-02 1.145471324985527541e-02 -5.664043891852983507e-03 -6.254674963160267902e-04 -8.430839522153914592e-03 -1.441145019335384632e+03
-2.093870767382039616e-02 2.250838892326056245e-02 1.140738604374617188e-02 -5.435877584317431663e-03 -3.631120624222938581e-04 -9.388565647061156150e-03 -1.442439082822300634e+03
-2.095732869925768377e-02 2.250176275426071792e-02 1.136836159034784050e-02 -5.316125320882100942e-03 -2.263949087955275622e-04 -9.860260910704164022e-03 -1.443732843654970338e+03
-2.097594487710970762e-02 2.249492716154502178e-02 1.133270678112008843e-02 -5.181088025962979522e-03 -1.138871158896431534e-04 -1.033343931936680539e-02 -1.445026243781881021e+03
-2.099454655732870684e-02 2.248806112582640154e-02 1.130398841130019622e-02 -5.157664407117783234e-03 -1.199841581647941231e-04 -1.031791616034393073e-02 -1.446319340652800975e+03
-2.101314250663453842e-02 2.248111372890808715e-02 1.127517179488707680e-02 -5.134185153916071172e-03 -1.260748684783475054e-04 -1.030240477907966475e-02 -1.447612076213499904e+03
-2.103173271982496095e-02 2.247408486183783902e-02 1.124625685899818470e-02 -5.110649884824356240e-03 -1.321595041347631435e-04 -1.028690450489135218e-02 -1.448904450159222051e+03
-2.105031719163925202e-02 2.246697441531838799e-02 1.121724354942374609e-02 -5.087058632867969173e-03 -1.382382242217918499e-04 -1.027141516260852636e-02 -1.450196462181774677e+03
-2.106890431698028865e-02 2.245979101914374193e-02 1.118038886658680175e-02 -4.953607518118990916e-03 -1.434853251928619702e-05 -1.073699125557531220e-02 -1.451488054229151658e+03
-2.108747729049835484e-02 2.245251708499057530e-02 1.115117864551349453e-02 -4.929904782348763607e-03 -2.041443235999553806e-05 -1.072152442721769836e-02 -1.452779341496351435e+03
-2.110605264542484219e-02 2.244527281178159556e-02 1.111047892996818234e-02 -4.806928472672213244e-03 1.097080885491066599e-04 -1.118353098298173476e-02 -1.454070208178621442e+03
-2.112463114247556395e-02 2.243780747767993092e-02 1.106562907566824988e-02 -4.560399438443961395e-03 3.563593524580152419e-04 -1.212743471865360134e-02 -1.455360653965788742e+03
-2.114318682964911808e-02 2.243028748227075819e-02 1.103612315799271104e-02 -4.536529859495474874e-03 3.503128570740115643e-04 -1.211200018130860305e-02 -1.456650851800618739e+03
-2.116173674437541244e-02 2.242268524651121198e-02 1.100651856216131909e-02 -4.512604384245517269e-03 3.442735854128021393e-04 -1.209657817927495271e-02 -1.457940685875062172e+03
-2.118028957817935654e-02 2.241495842434907543e-02 1.096940880523855112e-02 -4.377670011125537296e-03 4.585622073375126965e-04 -1.256237957708406482e-02 -1.459230098133003139e+03
-2.119882793238605026e-02 2.240719138017556455e-02 1.093960685206220307e-02 -4.353633688562208968e-03 4.525355634395729419e-04 -1.254698100715058960e-02 -1.460519203764022905e+03
-2.121736049839504507e-02 2.239934176787300099e-02 1.090970610043408284e-02 -4.329541798664636280e-03 4.465156621910948485e-04 -1.253159404441240438e-02 -1.461807944704355350e+03
-2.123589518976246038e-02 2.239160086559707774e-02 1.086230246286572394e-02 -4.223528405204722905e-03 5.807078999795451746e-04 -1.298376927977944705e-02 -1.463096262901079626e+03
-2.125441616368719394e-02 2.238358578553269196e-02 1.083220395083610808e-02 -4.199325692399000394e-03 5.747010137130019241e-04 -1.296840603586571494e-02 -1.464384273536945102e+03
-2.127294003039687312e-02 2.237545737892870923e-02 1.079463926641386490e-02 -4.062438988637187554e-03 6.892258906123346560e-04 -1.342776993729843937e-02 -1.465671860802408901e+03
-2.129144939096968073e-02 2.236727638454751380e-02 1.076434275428662241e-02 -4.038125196903788461e-03 6.832320999461448732e-04 -1.341242953868579911e-02 -1.466959139883595981e+03
-2.130995293689075601e-02 2.235901226302471068e-02 1.073394713772719486e-02 -4.013756225886151198e-03 6.772445293186736591e-04 -1.339710078994999463e-02 -1.468246052721460273e+03
-2.132845066270200318e-02 2.235066490162490593e-02 1.070345239446276672e-02 -3.989331858335516852e-03 6.712629619528752640e-04 -1.338178434729050612e-02 -1.469532598995923763e+03
-2.134695152052114298e-02 2.234216726090828414e-02 1.066547492999016765e-02 -3.851324415832612421e-03 7.772589950910252770e-04 -1.384089726617321499e-02 -1.470818720648357385e+03
-2.136543759020764419e-02 2.233365307877967568e-02 1.063478176195206508e-02 -3.826789341225117751e-03 7.712908191372502137e-04 -1.382560347519858068e-02 -1.472104532861956386e+03
-2.138391782384672576e-02 2.232505531505513119e-02 1.060398926974984689e-02 -3.802198896282703126e-03 7.653287346939315755e-04 -1.381032190302309767e-02 -1.473389977572819134e+03
-2.140240061565882451e-02 2.231641464533663105e-02 1.056436458137332071e-02 -3.668945022461708987e-03 8.895625914480583809e-04 -1.426029550322478918e-02 -1.474674996708470189e+03
-2.142087703281324654e-02 2.230777313861037614e-02 1.052049757488626204e-02 -3.547981414016456066e-03 1.024575358673646781e-03 -1.470674617480078120e-02 -1.475959647711172920e+03
-2.143933972612790256e-02 2.229892394633717703e-02 1.048940688460290628e-02 -3.523225263264412929e-03 1.018633991552042855e-03 -1.469150077170007507e-02 -1.477243988007093094e+03
-2.145779656192798104e-02 2.228999071809438515e-02 1.045821669176824620e-02 -3.498414099682249038e-03 1.012698906034648376e-03 -1.467626788060876798e-02 -1.478527959529499640e+03
-2.147624753482941726e-02 2.228097334007068941e-02 1.042692698336736626e-02 -3.473547735311794098e-03 1.006770677751275822e-03 -1.466104712798659004e-02 -1.479811561961175357e+03
-2.149469263943159375e-02 2.227187169735952987e-02 1.039553766781665597e-02 -3.448626791549933880e-03 1.000849475216501402e-03 -1.464583823097104047e-02 -1.481094794984982855e+03
-2.151313187024904774e-02 2.226268567497519113e-02 1.036404872827473636e-02 -3.423650729268952822e-03 9.949351063611119352e-04 -1.463064187708733831e-02 -1.482377658278781382e+03
-2.153156522182906804e-02 2.225341515768070044e-02 1.033246008421520416e-02 -3.398619889804769655e-03 9.890273868490642457e-04 -1.461545708923977886e-02 -1.483660151522376964e+03
-2.154999268871728504e-02 2.224406002950151881e-02 1.030077172411690556e-02 -3.373534258724367532e-03 9.831265886431699800e-04 -1.460028490965883767e-02 -1.484942274394989909e+03
-2.156841426540323167e-02 2.223462017398433049e-02 1.026898360241273143e-02 -3.348393812515482269e-03 9.772325301998152289e-04 -1.458512464390356901e-02 -1.486224026572561797e+03
-2.158683788659130146e-02 2.222527014722919594e-02 1.022044416616956115e-02 -3.238230435573166872e-03 1.107377591655731019e-03 -1.502260543385296708e-02 -1.487505349989946808e+03
-2.160524766643234437e-02 2.221566048540167884e-02 1.018845633943332371e-02 -3.212980068301355286e-03 1.101496604961034378e-03 -1.500746964450713587e-02 -1.488786359815722335e+03
-2.162365960005949855e-02 2.220607312295351868e-02 1.014450111500119454e-02 -3.086856072269748147e-03 1.232655439962520444e-03 -1.544367565117520449e-02 -1.490066940228454996e+03
-2.164205756093433297e-02 2.219629318570421131e-02 1.011231332589578730e-02 -3.061496174689757807e-03 1.226787513491452717e-03 -1.542856466660571038e-02 -1.491347206403172549e+03
-2.166044960407325498e-02 2.218642793376209357e-02 1.008002546825481453e-02 -3.036081090247274433e-03 1.220926580936142506e-03 -1.541346659734856711e-02 -1.492627100264141518e+03
-2.167883572401149012e-02 2.217647724915850285e-02 1.004763745916865784e-02 -3.010611291751424945e-03 1.215071758445204720e-03 -1.539838130311303385e-02 -1.493906621489962845e+03
-2.169721591515124878e-02 2.216644101459275956e-02 1.001514925114012702e-02 -2.985086760934965288e-03 1.209224221397514534e-03 -1.538330806845148585e-02 -1.495185769750763711e+03
-2.171559017194312630e-02 2.215631911177365007e-02 9.982560826604132062e-03 -2.959507687424340651e-03 1.203383776446182232e-03 -1.536824766162520582e-02 -1.496464544719656487e+03
-2.173395848881650230e-02 2.214611142210474309e-02 9.949872140371135085e-03 -2.933874302849658056e-03 1.197550233363723227e-03 -1.535319987055326109e-02 -1.497742946068726042e+03
-2.175233697441346717e-02 2.213600081887513379e-02 9.893566926929124941e-03 -2.706159706765089677e-03 1.463199569373771752e-03 -1.622881655111984081e-02 -1.499020857975355057e+03
-2.177069339476446833e-02 2.212562119829068058e-02 9.860677598226211607e-03 -2.680417706102028886e-03 1.457380473086944709e-03 -1.621379386001316897e-02 -1.500298511102237853e+03
-2.178904385852905093e-02 2.211515543213777441e-02 9.827687888261823351e-03 -2.654621329186355929e-03 1.451568228242015000e-03 -1.619878455196875275e-02 -1.501575789629120663e+03
-2.180738835998917088e-02 2.210460340160355294e-02 9.794597770866378048e-03 -2.628770617156164606e-03 1.445762787196503904e-03 -1.618378749938953823e-02 -1.502852693219065941e+03
-2.182573510758794091e-02 2.209402869683006407e-02 9.751476950973090446e-03 -2.494447971020542082e-03 1.573363378969362333e-03 -1.660811818743932605e-02 -1.504129163796385683e+03
-2.184406766757012938e-02 2.208330377714527726e-02 9.718185930116928634e-03 -2.468488769670899516e-03 1.567571548775508784e-03 -1.659314755356355864e-02 -1.505405316523910187e+03
-2.186239424829932582e-02 2.207249223146371189e-02 9.684794338982624998e-03 -2.442475183198422085e-03 1.561786691965788825e-03 -1.657818942802680856e-02 -1.506681093321778690e+03
-2.188071484406407460e-02 2.206159393844552702e-02 9.651302111845051074e-03 -2.416407191988774027e-03 1.556008863749657302e-03 -1.656324448770923191e-02 -1.507956493854596374e+03
-2.189902944919560820e-02 2.205060877649028805e-02 9.617709176197936777e-03 -2.390284962518835366e-03 1.550237326284534213e-03 -1.654831271453862870e-02 -1.509231517790155976e+03
-2.191733805797661458e-02 2.203953662410686881e-02 9.584015477472156846e-03 -2.364108476623509071e-03 1.544472875832057345e-03 -1.653339385229270903e-02 -1.510506164792131358e+03
-2.193564912427447416e-02 2.202837322230134440e-02 9.541977929993382748e-03 -2.223500741818658800e-03 1.664460539228997376e-03 -1.695289657224905919e-02 -1.511780376779120161e+03
-2.195394572325854235e-02 2.201712672336683316e-02 9.508082497950173448e-03 -2.197215589054809029e-03 1.658710037311987573e-03 -1.693800399676113205e-02 -1.513054268910444989e+03
-2.197223630880332929e-02 2.200579286617392744e-02 9.474086156396648722e-03 -2.170876860875910024e-03 1.652966567051304203e-03 -1.692312412831287541e-02 -1.514327783105032722e+03
-2.199052087519984960e-02 2.199437152720758182e-02 9.439988853692217463e-03 -2.144483809992854453e-03 1.647230630953411658e-03 -1.690825823514592943e-02 -1.515600919026430120e+03
-2.200879941670266446e-02 2.198286258328802784e-02 9.405790593556504972e-03 -2.118037230305768511e-03 1.641502045033202189e-03 -1.689340548588084620e-02 -1.516873676335394975e+03
-2.202707192750602908e-02 2.197126591125762515e-02 9.371491285558850026e-03 -2.091536949568203758e-03 1.635780365218976679e-03 -1.687856576403124614e-02 -1.518146054688661934e+03
-2.204533840196935823e-02 2.195958138642533503e-02 9.337090944097049816e-03 -2.064982895789763909e-03 1.630066332617190845e-03 -1.686373967053590370e-02 -1.519418053756360905e+03
-2.206359883421413551e-02 2.194780888458756213e-02 9.302589511035127406e-03 -2.038375144362130579e-03 1.624359805313811212e-03 -1.684892773497877541e-02 -1.520689673193201770e+03
-2.208185321840712423e-02 2.193594828234516139e-02 9.267986966261883633e-03 -2.011713830331495877e-03 1.618659697571599599e-03 -1.683412890873712403e-02 -1.521960912657183371e+03
-2.210010154883198727e-02 2.192399945501727343e-02 9.233283283446927503e-03 -1.984998724067643053e-03 1.612966685824555315e-03 -1.681934396906651155e-02 -1.523231771814114836e+03
-2.211834381949201109e-02 2.191196227912002234e-02 9.198478375048625352e-03 -1.958230107097969856e-03 1.607280774940650272e-03 -1.680457209163790933e-02 -1.524502250310579029e+03
-2.213658002466359007e-02 2.189983662788254001e-02 9.163572169380093321e-03 -1.931407703620582591e-03 1.601601590716667878e-03 -1.678981360096761660e-02 -1.525772347814551040e+03
-2.215481015835342807e-02 2.188762237591737950e-02 9.128564605411447139e-03 -1.904531614574330985e-03 1.595929591928336912e-03 -1.677506871333477034e-02 -1.527042063975248766e+03
-2.217303421467542793e-02 2.187531939720416263e-02 9.093455618440106705e-03 -1.877602004303403471e-03 1.590264667359751099e-03 -1.676033816119372119e-02 -1.528311398448358204e+03
-2.219125218787012382e-02 2.186292756468530274e-02 9.058245179722616489e-03 -1.850618859885028254e-03 1.584606829715278810e-03 -1.674562032403206432e-02 -1.529580350897366088e+03
-2.220946407188985339e-02 2.185044675304151016e-02 9.022933198906638030e-03 -1.823582102146427842e-03 1.578955706054829345e-03 -1.673091701428162936e-02 -1.530848920964652507e+03
-2.222766986099783057e-02 2.183787683362879012e-02 8.987519639149850470e-03 -1.796492171623786807e-03 1.573312213086628525e-03 -1.671622682088203318e-02 -1.532117108315155974e+03
-2.224586954920822549e-02 2.182521767861669848e-02 8.952004490543296472e-03 -1.769348751041604139e-03 1.567676151028606990e-03 -1.670155108508642600e-02 -1.533384912596080312e+03
-2.226406313065496662e-02 2.181246915920701662e-02 8.916387703727190681e-03 -1.742152248271258220e-03 1.562047351669647397e-03 -1.668688946366138001e-02 -1.534652333463079231e+03
-2.228225059943468242e-02 2.179963114699407650e-02 8.880669264153658038e-03 -1.714902636191905066e-03 1.556426435425127455e-03 -1.667224202174484929e-02 -1.535919370567486112e+03
-2.230043194958379951e-02 2.178670351347281389e-02 8.844849124643170898e-03 -1.687599936936588340e-03 1.550812449948856539e-03 -1.665760845763738715e-02 -1.537186023557654835e+03
-2.231861564566739800e-02 2.177371876815785076e-02 8.799837642793212344e-03 -1.546708598537064249e-03 1.670258063795472146e-03 -1.705141288380597128e-02 -1.538452234335117737e+03
-2.233678474069696746e-02 2.176061150570707606e-02 8.763814034386944660e-03 -1.519300329291955803e-03 1.664658687555930008e-03 -1.703680621283699959e-02 -1.539718118051602005e+03
-2.235495553906422656e-02 2.174755406618525053e-02 8.712650829333973626e-03 -1.399026948612448621e-03 1.795148345052843169e-03 -1.742853125864291322e-02 -1.540983558853498380e+03
-2.237311235483591815e-02 2.173426666250072303e-02 8.676423487637568294e-03 -1.371512454810797175e-03 1.789563661105449122e-03 -1.741395456409963738e-02 -1.542248671883691259e+03
-2.239126302203967023e-02 2.172088899296947817e-02 8.640094254004160659e-03 -1.343944968544919525e-03 1.783986373558851595e-03 -1.739939218571090115e-02 -1.543513399050850239e+03
-2.240940753448381756e-02 2.170742092753802019e-02 8.603663068766122246e-03 -1.316324874387429225e-03 1.778416011558929489e-03 -1.738484416929836351e-02 -1.544777739991519638e+03
-2.242754588611396011e-02 2.169386233534997474e-02 8.567129862644736610e-03 -1.288651825425016564e-03 1.772852809245438780e-03 -1.737030978814687113e-02 -1.546041694353139746e+03
-2.244567807082089098e-02 2.168021308630281585e-02 8.530494592662741377e-03 -1.260925979247358528e-03 1.767296879806519103e-03 -1.735578995007223610e-02 -1.547305261779137254e+03
-2.246381243764125971e-02 2.166653341158434123e-02 8.483796783430195762e-03 -1.120762997241719298e-03 1.890208815318048310e-03 -1.773814342760697896e-02 -1.548568384173381219e+03
-2.248193227039064351e-02 2.165270245453741055e-02 8.446957176620608493e-03 -1.092931770977422423e-03 1.884667406771160618e-03 -1.772365333994300671e-02 -1.549831176668054468e+03
-2.250004591805908685e-02 2.163878044395313102e-02 8.410015344855296948e-03 -1.065047636280352580e-03 1.879134049014238167e-03 -1.770917753267587519e-02 -1.551093581161029306e+03
-2.251815337457749658e-02 2.162476724582291024e-02 8.372971262617334015e-03 -1.037111289463191329e-03 1.873607412385532413e-03 -1.769471661270290846e-02 -1.552355597295617827e+03
-2.253626291706297205e-02 2.161069398925851565e-02 8.326112426452923418e-03 -8.985298949974818497e-04 1.995239979882084975e-03 -1.807622736262597118e-02 -1.553617166960669238e+03
-2.255436611354354193e-02 2.159658796627299607e-02 8.276981122302526708e-03 -7.666582953294984095e-04 2.120545864216962038e-03 -1.845575598816394033e-02 -1.554878347547768044e+03
-2.257245495988079859e-02 2.158230040575224301e-02 8.239630086822713473e-03 -7.385647588198923771e-04 2.115042868868224468e-03 -1.844133951714076528e-02 -1.556139196444542222e+03
-2.259054581259948083e-02 2.156797490470600820e-02 8.191463464848343368e-03 -6.051169173047505484e-04 2.237682561296454146e-03 -1.882152499498876419e-02 -1.557399597795149020e+03
-2.260862222139414790e-02 2.155350376854420213e-02 8.153907594877071383e-03 -5.769191678595272325e-04 2.232194201948280859e-03 -1.880713786159953285e-02 -1.558659666735681185e+03
-2.262669240205321397e-02 2.153894064445858667e-02 8.116249282241786225e-03 -5.486693305683152354e-04 2.226713641182850260e-03 -1.879276642788757848e-02 -1.559919345151982270e+03
-2.264475634827995548e-02 2.152428539878862776e-02 8.078488501758461157e-03 -5.203675573227231144e-04 2.221239798887109963e-03 -1.877840969890132161e-02 -1.561178632676290817e+03
-2.266281405389524925e-02 2.150953789593379115e-02 8.040625214044945859e-03 -4.920136192813302301e-04 2.215773466777659368e-03 -1.876406734117580175e-02 -1.562437528950124715e+03
-2.268086551260095271e-02 2.149469800127539257e-02 8.002659337920273869e-03 -4.636077589861965862e-04 2.210314714831763776e-03 -1.874974122771533996e-02 -1.563696033607546497e+03
-2.269891071812227268e-02 2.147976557976792253e-02 7.964590817972209622e-03 -4.351498054818678002e-04 2.204863142059827925e-03 -1.873542905884875362e-02 -1.564954146282807187e+03
-2.271695762341082586e-02 2.146491167777768438e-02 7.908837747260550471e-03 -3.203747476769210870e-04 2.328311392193977824e-03 -1.910216415762643755e-02 -1.566211808859906114e+03
-2.273499030376156110e-02 2.144979379403315345e-02 7.870563726596106757e-03 -2.918132549259374350e-04 2.322874614556258259e-03 -1.908788293354967205e-02 -1.567469136466346072e+03
-2.275302456371421783e-02 2.143473702870177938e-02 7.815841825226847381e-03 -1.731949424348527551e-04 2.450390064194851465e-03 -1.945149925140652464e-02 -1.568726013237803954e+03
-2.277105351595070520e-02 2.141938369990699365e-02 7.769355686124103204e-03 -2.336275381419561519e-05 2.556269050622948010e-03 -1.981517183805905219e-02 -1.569982496559111723e+03
-2.278907618196712032e-02 2.140393521673968069e-02 7.722317624815058443e-03 1.219527142447863083e-04 2.660451900184172738e-03 -2.018206607786741935e-02 -1.571238586059984527e+03
-2.280708373680492493e-02 2.138844474491132311e-02 7.683632247534872943e-03 1.507205914853095637e-04 2.655046387366215375e-03 -2.016784690123921142e-02 -1.572494339115012963e+03
-2.282509320281399939e-02 2.137291499251897306e-02 7.633939645428817339e-03 2.849424909182832893e-04 2.776213099026709173e-03 -2.053065051115215284e-02 -1.573749639856876456e+03
-2.284308815698877712e-02 2.135723739551478872e-02 7.595048391320997384e-03 3.138133907476443364e-04 2.770823024436148800e-03 -2.051646236551753211e-02 -1.575004603410752225e+03
-2.286107680123955141e-02 2.134146602832563341e-02 7.556054172111698573e-03 3.427355010927629771e-04 2.765440616400939491e-03 -2.050229028973669237e-02 -1.576259171656620538e+03
-2.287905912909889844e-02 2.132560075238944600e-02 7.516956926657990777e-03 3.717093177951455202e-04 2.760065439130594649e-03 -2.048813366617925971e-02 -1.577513344219178862e+03
-2.289704302443317310e-02 2.130972792068485180e-02 7.465128757268481123e-03 5.005839009670378205e-04 2.888383946665145155e-03 -2.084433476359674742e-02 -1.578767062970909819e+03
-2.291501270018135930e-02 2.129367441088374571e-02 7.425825411031906041e-03 5.296598258157385244e-04 2.883023624759041125e-03 -2.083020966789714962e-02 -1.580020443043857995e+03
-2.293297604017337579e-02 2.127752657519330071e-02 7.386418928786738988e-03 5.587867289884584920e-04 2.877671363788571364e-03 -2.081610029295687808e-02 -1.581273426306074043e+03
-2.295093303792357722e-02 2.126128427321394287e-02 7.346909236164479891e-03 5.879644401798115021e-04 2.872326612511494348e-03 -2.080200751672847334e-02 -1.582526012379904842e+03
-2.296888368694886828e-02 2.124494736318525631e-02 7.307296287218861992e-03 6.171933001805170920e-04 2.866989259331874460e-03 -2.078793015282117199e-02 -1.583778200888290030e+03
-2.298684481477312677e-02 2.122852698092287868e-02 7.248687329036051195e-03 8.706053869897617320e-04 3.101336482543614118e-03 -2.150010567500841227e-02 -1.585029875958801540e+03
-2.300479122174270072e-02 2.121201036796893299e-02 7.199298252416442591e-03 1.010539148669590713e-03 3.213805579899076809e-03 -2.184902416596296026e-02 -1.586281210453414133e+03
-2.302273119634049361e-02 2.119543185567212065e-02 7.149323487300547966e-03 1.151016241334942196e-03 3.330360929803875911e-03 -2.219267975593463768e-02 -1.587532146245749800e+03
-2.304065638598119456e-02 2.117871507591416458e-02 7.109297283112331854e-03 1.180448033019111708e-03 3.325054656829215180e-03 -2.217866702927006814e-02 -1.588782740706124287e+03
-2.305857519451366341e-02 2.116190297007428459e-02 7.069167714824012815e-03 1.209930469329175903e-03 3.319756147999352886e-03 -2.216467078277494993e-02 -1.590032935700025973e+03
-2.307648761543766233e-02 2.114499539404939010e-02 7.028934717956861200e-03 1.239463785435010977e-03 3.314465563584342335e-03 -2.215069106166751151e-02 -1.591282730847379071e+03
-2.309439364211201412e-02 2.112799220426397548e-02 6.988598258311916507e-03 1.269047470536799121e-03 3.309183183274462276e-03 -2.213672802116041852e-02 -1.592532125760847066e+03
-2.311230162885911238e-02 2.111092326898804383e-02 6.938435306050855407e-03 1.412002523216362689e-03 3.425643536935071409e-03 -2.247137604322849147e-02 -1.593781062311153164e+03
-2.313019484731474590e-02 2.109372842022294581e-02 6.897891762692113203e-03 1.441686766935879570e-03 3.420376510589307958e-03 -2.245744613850695487e-02 -1.595029655613378964e+03
-2.314808165163879244e-02 2.107643752679557933e-02 6.857244647382790791e-03 1.471421360144995090e-03 3.415117004320099899e-03 -2.244353310398444767e-02 -1.596277847527496078e+03
-2.316597056703497554e-02 2.105903694866516004e-02 6.807565023154028838e-03 1.616919318559404848e-03 3.525334405485504308e-03 -2.277560327783895514e-02 -1.597525579912981129e+03
-2.318385324847325665e-02 2.104150540284015561e-02 6.758327944461788896e-03 1.766547408538112450e-03 3.630266120610994764e-03 -2.310568611832434713e-02 -1.598772910137371355e+03
-2.320172077024858573e-02 2.102392550505787633e-02 6.717369918080893371e-03 1.796431415228910526e-03 3.625029981025086785e-03 -2.309182280110819163e-02 -1.600019895561026033e+03
-2.321958185118746035e-02 2.100624897895161936e-02 6.676308177591686738e-03 1.826365499395143444e-03 3.619801521689646959e-03 -2.307797595506309515e-02 -1.601266478044084806e+03
-2.323744437310821739e-02 2.098853614138686957e-02 6.623431329351293570e-03 1.959848481037963948e-03 3.745733766926916293e-03 -2.340457486251817931e-02 -1.602512599447314415e+03
-2.325530097872280377e-02 2.097071037854259662e-02 6.572124357333950125e-03 2.102248739775753380e-03 3.860391555784167296e-03 -2.372619238805690617e-02 -1.603758317123179722e+03
-2.327314269705169428e-02 2.095274307373498970e-02 6.530751389801840549e-03 2.132332449858123213e-03 3.855185958067914188e-03 -2.371239638799640254e-02 -1.605003688434363994e+03
-2.329098620806380540e-02 2.093475223010228536e-02 6.478014967144076451e-03 2.270948047025596588e-03 3.973451626842679565e-03 -2.403034902027145758e-02 -1.606248597489949589e+03
-2.330881498460351392e-02 2.091659032859593398e-02 6.436434337682739835e-03 2.301131083323301480e-03 3.968262700786579118e-03 -2.401658768315385536e-02 -1.607493159397835370e+03
-2.332663728005344300e-02 2.089833090539300331e-02 6.394749823948699119e-03 2.331363606349346525e-03 3.963081416597112952e-03 -2.400284397917292270e-02 -1.608737316007494883e+03
-2.334445308766476546e-02 2.087997381059197161e-02 6.352961364420697463e-03 2.361645455122540239e-03 3.957907963414938196e-03 -2.398911774446233977e-02 -1.609981066925644882e+03
-2.336226240054920314e-02 2.086151889513888913e-02 6.311068902325740575e-03 2.391976551458652265e-03 3.952742917760930161e-03 -2.397540827783946685e-02 -1.611224411754583571e+03
-2.338008172856891054e-02 2.084304269263247480e-02 6.245465741840138321e-03 2.631637952287968138e-03 4.185265449189819534e-03 -2.461656022198731308e-02 -1.612467234599942003e+03
-2.339787803142675052e-02 2.082439168834957985e-02 6.203365218756192595e-03 2.662067117029565458e-03 4.180116283958132395e-03 -2.460288604064641074e-02 -1.613709766061598657e+03
-2.341566781885591822e-02 2.080564241507594850e-02 6.161160655953972290e-03 2.692545244470485703e-03 4.174974815259908760e-03 -2.458922997514556563e-02 -1.614951890234079428e+03
-2.343345108414048375e-02 2.078679471984721042e-02 6.118852045823399040e-03 2.723072056212385433e-03 4.169841340780260433e-03 -2.457559059530969175e-02 -1.616193606730315423e+03
-2.345123575240775499e-02 2.076803033711054070e-02 6.057806214878436873e-03 2.839405092140095607e-03 4.290557520524267317e-03 -2.487487021716803734e-02 -1.617434857387982902e+03
-2.346900595242589968e-02 2.074898534297203723e-02 6.015289430204809329e-03 2.870029706860809538e-03 4.285439442101666302e-03 -2.486126677456467968e-02 -1.618675757306942614e+03
-2.348676960946259260e-02 2.072984146917299791e-02 5.972668513999936785e-03 2.900703155250894307e-03 4.280329493843097743e-03 -2.484768041290669541e-02 -1.619916248332091754e+03
-2.350453488044631362e-02 2.071065570848015444e-02 5.918661329642608757e-03 3.036787349823895973e-03 4.396631980105471411e-03 -2.514861819542348401e-02 -1.621156272321676397e+03
-2.352229381338432485e-02 2.069130543114663587e-02 5.866372902657723647e-03 3.179757367002064659e-03 4.506896024866008377e-03 -2.544840766110326516e-02 -1.622395886606879003e+03
-2.354003780025492806e-02 2.067186398922542592e-02 5.823439389077610974e-03 3.210576716477129503e-03 4.501809646892305193e-03 -2.543487574770874476e-02 -1.623635148539147167e+03
-2.355777521655126605e-02 2.065232304840478386e-02 5.780401641020598696e-03 3.241444255285638558e-03 4.496731406327297668e-03 -2.542136204293051274e-02 -1.624873999964225504e+03
-2.357550605521369427e-02 2.063268245375184107e-02 5.737259576094022075e-03 3.272360053879899873e-03 4.491661282282581082e-03 -2.540786653613248680e-02 -1.626112440472063781e+03
-2.359323922332091580e-02 2.061288327238188986e-02 5.685466017319557377e-03 3.421295202550487212e-03 4.585931348783993562e-03 -2.570102661934013655e-02 -1.627350411902484211e+03
-2.361095688557313457e-02 2.059304290505186569e-02 5.642115201888181150e-03 3.452307067021790840e-03 4.580877444027630328e-03 -2.568756737011866284e-02 -1.628588029349376484e+03
-2.362866794901730128e-02 2.057310241879475171e-02 5.598659998506438744e-03 3.483367006861636927e-03 4.575832011446152349e-03 -2.567412720007518356e-02 -1.629825234652849986e+03
-2.364637240553393860e-02 2.055306166632404549e-02 5.555101327978697809e-03 3.514462662874133503e-03 4.570784254372243366e-03 -2.566067311900599793e-02 -1.631062027403489310e+03
-2.366407922430638008e-02 2.053284112961147739e-02 5.502586948720727261e-03 3.661883133697734632e-03 4.661385998479267677e-03 -2.595002568336329460e-02 -1.632298349428539495e+03
-2.368177833968114834e-02 2.051272347608998695e-02 5.444037163912069342e-03 3.788201907384306302e-03 4.780054545481849521e-03 -2.623055284477941035e-02 -1.633534258068524650e+03
-2.369946293662227726e-02 2.049238094944566893e-02 5.400164303854498686e-03 3.819453108480481539e-03 4.775040580715129122e-03 -2.621718649916196173e-02 -1.634769810668912214e+03
-2.371714089908660839e-02 2.047193751767505468e-02 5.356186984848191474e-03 3.850751827851636548e-03 4.770034656901513473e-03 -2.620383865825094000e-02 -1.636004949054351755e+03
-2.373481221994944851e-02 2.045139302091146180e-02 5.312105148491264549e-03 3.882097835626677380e-03 4.765036802354215457e-03 -2.619050997485359439e-02 -1.637239672809120293e+03
-2.375247689220258418e-02 2.043074729695889061e-02 5.267918803152990201e-03 3.913491222220329656e-03 4.760046570295853492e-03 -2.617720023916308286e-02 -1.638473981526251691e+03
-2.377013490850216071e-02 2.041000018611136696e-02 5.223627911179096368e-03 3.944931723406383886e-03 4.755064369787015063e-03 -2.616390923362139562e-02 -1.639707874774092033e+03
-2.378778626188083473e-02 2.038915152579791334e-02 5.179232470824903130e-03 3.976419644095669295e-03 4.750090578866919024e-03 -2.615063710599494981e-02 -1.640941352149356135e+03
-2.380543094500417803e-02 2.036820115710093193e-02 5.134732451772669112e-03 4.007954235102843647e-03 4.745124615414446703e-03 -2.613738428023579599e-02 -1.642174413222745670e+03
-2.382306895064507934e-02 2.034714891932207226e-02 5.090127824900014461e-03 4.039535812906946965e-03 4.740167535428579937e-03 -2.612415059248445609e-02 -1.643407057575067938e+03
-2.384070798926973475e-02 2.032608609396598098e-02 5.031768964168693500e-03 4.166061234513994578e-03 4.862345400144558669e-03 -2.639165957252565323e-02 -1.644639227042325729e+03
-2.385834049047073219e-02 2.030488739922193739e-02 4.974647627352417854e-03 4.294788381664684136e-03 4.980354614054265973e-03 -2.666079303704538273e-02 -1.645870978938495682e+03
-2.387595841988364789e-02 2.028352858847469117e-02 4.929728927593598695e-03 4.326510650649110536e-03 4.975421590357522253e-03 -2.664761750760335016e-02 -1.647102370596370520e+03
-2.389356964260745328e-02 2.026206726296526928e-02 4.884705514781950177e-03 4.358279274516499435e-03 4.970497129290621548e-03 -2.663446145847625166e-02 -1.648333343843177090e+03
-2.391119038560181667e-02 2.024058626227802707e-02 4.817629549725632558e-03 4.601867796710824854e-03 5.199312739451567023e-03 -2.716426663724877399e-02 -1.649563782753236410e+03
-2.392878817274449177e-02 2.021891941861999817e-02 4.772396692163120152e-03 4.633729519954141000e-03 5.194404200513784951e-03 -2.715114983912111229e-02 -1.650793917891874798e+03
-2.394637923107552704e-02 2.019714956835688344e-02 4.727059081595875491e-03 4.665637502020765492e-03 5.189503662444742982e-03 -2.713805281997054217e-02 -1.652023633338516674e+03
-2.396397153980028491e-02 2.017535466276956790e-02 4.668923091461173007e-03 4.795442052759595758e-03 5.303507396620215676e-03 -2.739298603093234460e-02 -1.653252870910396041e+03
-2.398154911830029448e-02 2.015337830014420767e-02 4.623375961109021243e-03 4.827441929471668926e-03 5.298622164766488875e-03 -2.737992841266104205e-02 -1.654481745680848690e+03
-2.399911994579945196e-02 2.013129843065076391e-02 4.577724062547842802e-03 4.859487684793576887e-03 5.293745287768264821e-03 -2.736689014446040333e-02 -1.655710199467571329e+03
-2.401668401494040303e-02 2.010911488719431886e-02 4.531967402285025197e-03 4.891579169668930881e-03 5.288876752423005492e-03 -2.735387239698970283e-02 -1.656938231842095092e+03
-2.403424131823081109e-02 2.008682750389942720e-02 4.486105937270686191e-03 4.923716239131252850e-03 5.284016597892937303e-03 -2.734087419177057623e-02 -1.658165842368476206e+03
-2.405179184821225336e-02 2.006443611290675139e-02 4.440139816324013659e-03 4.955897998254892717e-03 5.279163387410861982e-03 -2.732789361376088827e-02 -1.659393030621237358e+03
-2.406934360992768127e-02 2.004207633787555287e-02 4.378583753551677782e-03 5.080828072838172033e-03 5.387693598498576042e-03 -2.756674150023625397e-02 -1.660619738405527869e+03
-2.408688057100573723e-02 2.001947643817194450e-02 4.332407699501781076e-03 5.113101870574742608e-03 5.382858367780000812e-03 -2.755380446568087005e-02 -1.661846080797163495e+03
-2.410441073613956570e-02 1.999677203275472548e-02 4.286126695044557844e-03 5.145421261064110283e-03 5.378031799008644101e-03 -2.754088767116859293e-02 -1.663071999594481213e+03
-2.412193409790782880e-02 1.997396295091094509e-02 4.239740712483157196e-03 5.177785983432864510e-03 5.373213045484889240e-03 -2.752799244275037222e-02 -1.664297494371455286e+03
-2.413945064862336662e-02 1.995104902411018455e-02 4.193249758876858510e-03 5.210195803055444122e-03 5.368402589024099010e-03 -2.751511740995077684e-02 -1.665522564681464019e+03
-2.415696038067412579e-02 1.992803008208564319e-02 4.146653866806699479e-03 5.242650950994395820e-03 5.363599779356431098e-03 -2.750226280713303356e-02 -1.666747210085642109e+03
-2.417446328641031580e-02 1.990490595377084060e-02 4.099953046410306952e-03 5.275150644101047823e-03 5.358804811020588359e-03 -2.748942905380016150e-02 -1.667971430143033785e+03
-2.419196713320445266e-02 1.988178061686591072e-02 4.038821051793134616e-03 5.399183929442743363e-03 5.473496253888525225e-03 -2.771861442236719583e-02 -1.669195166668021102e+03
-2.420945636352394431e-02 1.985844559588627323e-02 3.991910406562059616e-03 5.431772686110101535e-03 5.468717225307188380e-03 -2.770582220300980142e-02 -1.670418534710832319e+03
-2.422693874461927938e-02 1.983500486959045503e-02 3.944894839610606739e-03 5.464405972408869008e-03 5.463946742218079439e-03 -2.769305033149960238e-02 -1.671641476079485528e+03
-2.424441426882560646e-02 1.981145826566082027e-02 3.897774333038205204e-03 5.497083295933339296e-03 5.459183934612328766e-03 -2.768029979755799730e-02 -1.672863990329809894e+03
-2.426189137855678385e-02 1.978780566854364265e-02 3.840430707775948239e-03 5.634129783894873365e-03 5.555608658426341301e-03 -2.790530928637973210e-02 -1.674086019261992760e+03
-2.427935316614346015e-02 1.976404679229179506e-02 3.793100201356163718e-03 5.666895572038201448e-03 5.550863144077523847e-03 -2.789260094789967545e-02 -1.675307677941591692e+03
-2.429680807376353655e-02 1.974018152148966990e-02 3.745664682866592377e-03 5.699705231306717926e-03 5.546126351490058594e-03 -2.787991424554485745e-02 -1.676528908157516526e+03
-2.431425609369893340e-02 1.971620968248773489e-02 3.698124149428588543e-03 5.732559216167651406e-03 5.541398352076067416e-03 -2.786724897457652783e-02 -1.677749709463735371e+03
-2.433169721815205827e-02 1.969213110075586359e-02 3.650478549040595509e-03 5.765456874082616583e-03 5.536677587186199234e-03 -2.785460545479514702e-02 -1.678970081408876922e+03
-2.434913143927927570e-02 1.966794560057051958e-02 3.602727850450984388e-03 5.798398477027516193e-03 5.531964977256480925e-03 -2.784198376721081294e-02 -1.680190023540635821e+03
-2.436656689654636068e-02 1.964370346467031458e-02 3.543691237942442947e-03 5.935123862582192787e-03 5.636712777431942926e-03 -2.804895628782523229e-02 -1.681409477661026585e+03
-2.438398728757362396e-02 1.961930359567954155e-02 3.495730364421190117e-03 5.968152907195659745e-03 5.632016466578186782e-03 -2.803637746278316023e-02 -1.682628558812514939e+03
-2.440140847647733272e-02 1.959491275662395005e-02 3.432218608953404530e-03 6.085566099804211489e-03 5.743495033966447214e-03 -2.824474531771294442e-02 -1.683847151038785569e+03
-2.441881500567753480e-02 1.957029780948380329e-02 3.384047732684008786e-03 6.118681715439499257e-03 5.738814185221976713e-03 -2.823221050241050967e-02 -1.685065369382486779e+03
-2.443621459222920789e-02 1.954557505390356817e-02 3.335771837368018636e-03 6.151840158782776423e-03 5.734142420063253510e-03 -2.821969720777571522e-02 -1.686283155647773810e+03
-2.445360722801673617e-02 1.952074431339154495e-02 3.287390886749910323e-03 6.185041330850896656e-03 5.729478367367270807e-03 -2.820720668937203371e-02 -1.687500509361119612e+03
-2.447099290528742532e-02 1.949580540751648036e-02 3.238904874056367563e-03 6.218285136311945717e-03 5.724822808229123455e-03 -2.819473729880792381e-02 -1.688717430074587355e+03
-2.448837161607803764e-02 1.947075815707590904e-02 3.190313798352874004e-03 6.251571393428538050e-03 5.720176305022768755e-03 -2.818229123068901124e-02 -1.689933917325123502e+03
-2.450574335250621516e-02 1.944560238174303929e-02 3.141617622123163943e-03 6.284900034407286430e-03 5.715537656654438858e-03 -2.816986723131362919e-02 -1.691149970655322704e+03
-2.452310810646764899e-02 1.942033790272070654e-02 3.092816382654754205e-03 6.318271112249851211e-03 5.710907465445210461e-03 -2.815746584745768694e-02 -1.692365589591994194e+03
-2.454047492573436379e-02 1.939486398463754341e-02 3.034708512511937080e-03 6.463434934496433033e-03 5.786064574665599446e-03 -2.835260910052047473e-02 -1.693580715931919713e+03
-2.455782569092501005e-02 1.936938155447109899e-02 2.985697103981901478e-03 6.496890674274591847e-03 5.781450771549729098e-03 -2.834025235005338539e-02 -1.694795464702719073e+03
-2.457516944962488681e-02 1.934378987602353855e-02 2.936580633569003951e-03 6.530388658426747837e-03 5.776844505906836985e-03 -2.832791815298673493e-02 -1.696009777690999499e+03
-2.459250619365379795e-02 1.931808876658820673e-02 2.887359073942226840e-03 6.563928901963703502e-03 5.772246142826605551e-03 -2.831560794469736853e-02 -1.697223654426161602e+03
-2.460984382024638054e-02 1.929242382432098252e-02 2.821156966391423493e-03 6.679020466029189119e-03 5.874517220140825814e-03 -2.849696334791694194e-02 -1.698437036700963063e+03
-2.462717454287876445e-02 1.926659531287091762e-02 2.758218615526678019e-03 6.803776751379750180e-03 5.976009353084020363e-03 -2.867844032172043103e-02 -1.699649981782657960e+03
-2.464449019411135353e-02 1.924056480333514660e-02 2.708681856580724429e-03 6.837442212276860151e-03 5.971435531786532976e-03 -2.866619888972535279e-02 -1.700862546957810082e+03
-2.466179879809306946e-02 1.921442412445067624e-02 2.659040075077419643e-03 6.871148841984513027e-03 5.966870443114251008e-03 -2.865398044227527793e-02 -1.702074674006431906e+03
-2.467910034655794449e-02 1.918817309053052339e-02 2.609293217141909864e-03 6.904896398311911876e-03 5.962313638521213668e-03 -2.864178550316756611e-02 -1.703286362451107607e+03
-2.469639483129024496e-02 1.916181151435838656e-02 2.559441297840317920e-03 6.938684904099349723e-03 5.957765441295531650e-03 -2.862961375755902760e-02 -1.704497611817044572e+03
-2.471368224409733333e-02 1.913533920893082871e-02 2.509484298195167103e-03 6.972514130718431707e-03 5.953225258731917324e-03 -2.861746494706345414e-02 -1.705708421629128452e+03
-2.473096257687386335e-02 1.910875598669813102e-02 2.459422228249262543e-03 7.006384088301023660e-03 5.948693321089491490e-03 -2.860534027251364353e-02 -1.706918791416616159e+03
-2.474823582138818007e-02 1.908206166011775298e-02 2.409255119323538800e-03 7.040294604983606506e-03 5.944169092023592754e-03 -2.859323863620493941e-02 -1.708128720699688529e+03
-2.476550196936242593e-02 1.905525604101588819e-02 2.358983005913524271e-03 7.074245726592439699e-03 5.939652872053128620e-03 -2.858116101332528261e-02 -1.709338208998736263e+03
-2.478276923409549956e-02 1.902837947109926875e-02 2.297305957032179553e-03 7.205097239270067018e-03 6.034403146955566455e-03 -2.874523014800102819e-02 -1.710547198077958456e+03
-2.480002994075105813e-02 1.900130702383449888e-02 2.237455522159408766e-03 7.343903110131343864e-03 6.112789446673139865e-03 -2.890936501482051224e-02 -1.711755745211891735e+03
-2.481728293634304083e-02 1.897422470580376053e-02 2.175125719928729454e-03 7.474338013445682577e-03 6.208772919146041819e-03 -2.906753721908022364e-02 -1.712963849920142366e+03
-2.483452061448246026e-02 1.894697203341105113e-02 2.124433668787424536e-03 7.508450504122042568e-03 6.204288838194604513e-03 -2.905555601701032692e-02 -1.714171569470338000e+03
-2.485175908379060744e-02 1.891965030615476093e-02 2.062225296144588882e-03 7.640786113873312795e-03 6.306306158408210398e-03 -2.920774140839644054e-02 -1.715378787873498595e+03
-2.486898247642803025e-02 1.889217296085425254e-02 2.011323269187432518e-03 7.674978097096857299e-03 6.301839236687352061e-03 -2.919580893759168155e-02 -1.716585620141072468e+03
-2.488621638794936280e-02 1.886445882010559863e-02 1.941057206705698720e-03 7.918347977185748177e-03 6.456370462771022362e-03 -2.951806662853938973e-02 -1.717791892537919466e+03
-2.490342546125751469e-02 1.883675602979385452e-02 1.889945254372855108e-03 7.952618431840981217e-03 6.451920490998818737e-03 -2.950618316726232038e-02 -1.718997835579933280e+03
-2.492063535247818207e-02 1.880902457378086368e-02 1.825469167482789493e-03 8.076141259859058105e-03 6.549573293059459018e-03 -2.965337773295930943e-02 -1.720203275525566369e+03
-2.493783801605459899e-02 1.878123454690185448e-02 1.758138497412925754e-03 8.195703372285577729e-03 6.645153542868855769e-03 -2.979238337196088438e-02 -1.721408269625538196e+03
-2.495502554681060248e-02 1.875319213153969766e-02 1.706711682510424341e-03 8.230090886896758093e-03 6.640726853076725153e-03 -2.978057335173791773e-02 -1.722612875149658066e+03
-2.497220587963289509e-02 1.872503611860461270e-02 1.655179979006349191e-03 8.264517196170642968e-03 6.636308242547558911e-03 -2.976878932490164761e-02 -1.723817033845599553e+03
-2.498937900601242920e-02 1.869676631202460762e-02 1.603543387288684872e-03 8.298981940453592152e-03 6.631897348196480642e-03 -2.975702987271163641e-02 -1.725020745223251424e+03
-2.500654491730797471e-02 1.866838251758680400e-02 1.551801971360178495e-03 8.333484954592637953e-03 6.627495471551510253e-03 -2.974529586398667880e-02 -1.726224008784390890e+03
-2.502371142762541481e-02 1.863994264950518884e-02 1.487238282738576793e-03 8.455124739640393697e-03 6.727213432360834751e-03 -2.988311576592216426e-02 -1.727426766286480643e+03
-2.504086288283219677e-02 1.861133029158316618e-02 1.435287282699566815e-03 8.489704504807727564e-03 6.722827576408503189e-03 -2.987143336104017624e-02 -1.728629132724264991e+03
-2.505800709705495802e-02 1.858260335463892202e-02 1.383231550427048298e-03 8.524322293919684573e-03 6.718450880288776711e-03 -2.985977566640527978e-02 -1.729831049858934193e+03
-2.507515257965706873e-02 1.855378083111272267e-02 1.321069968874836499e-03 8.660380034549943276e-03 6.802127669879301161e-03 -2.998524911812179561e-02 -1.731032459429223991e+03
-2.509228228559838569e-02 1.852482413491462684e-02 1.268804667769270113e-03 8.695073177176491572e-03 6.797766899225006314e-03 -2.997364286850040180e-02 -1.732233476444557027e+03
-2.510940472416506308e-02 1.849575225864913061e-02 1.216434592701445177e-03 8.729803908855807842e-03 6.793413621045023450e-03 -2.996206308972482885e-02 -1.733434042635722108e+03
-2.512651988675820500e-02 1.846656500040472562e-02 1.163959764106009803e-03 8.764572106974993088e-03 6.789068215140913430e-03 -2.995050836593223312e-02 -1.734634157509483657e+03
-2.514362776447882225e-02 1.843726216004529586e-02 1.111380229456351626e-03 8.799377419888097102e-03 6.784730208966894237e-03 -2.993898042272189267e-02 -1.735833820551922827e+03
-2.516072834852074377e-02 1.840784353499811538e-02 1.058695972945028702e-03 8.834219645778303154e-03 6.780400647379509170e-03 -2.992747835026535533e-02 -1.737033031257657285e+03
-2.517782162998495957e-02 1.837830892292127358e-02 1.005907011863242271e-03 8.869098708439739770e-03 6.776078901920240365e-03 -2.991600274182475497e-02 -1.738231789114509866e+03
-2.519490760025422035e-02 1.834865811834070215e-02 9.530133941630358199e-04 8.904014091349891219e-03 6.771765432449936006e-03 -2.990455296240950717e-02 -1.739430093628789791e+03
-2.521198625024089965e-02 1.831889091992386018e-02 9.000151956034754689e-04 8.938965706108147752e-03 6.767460208480633246e-03 -2.989313019119707940e-02 -1.740627944272082459e+03
-2.522907321826899432e-02 1.828920337929319448e-02 8.180179661952135563e-04 9.136514234840256710e-03 6.961154048383214749e-03 -3.012441521605954339e-02 -1.741825225038897997e+03
-2.524613720113914883e-02 1.825920278080847559e-02 7.648107299498261603e-04 9.171538285106030711e-03 6.956865709496893105e-03 -3.011304588749202926e-02 -1.743022166416087657e+03
-2.526319383693900744e-02 1.822908517601517370e-02 7.114990514962991810e-04 9.206598084069190710e-03 6.952585016480499099e-03 -3.010170258634226048e-02 -1.744218652382766095e+03
-2.528024311687785200e-02 1.819885035703543846e-02 6.580829632059012613e-04 9.241693788106186691e-03 6.948312471271840020e-03 -3.009038674781023756e-02 -1.745414682435593249e+03
-2.529728503178671484e-02 1.816849811898365794e-02 6.045624605333818321e-04 9.276825043516153182e-03 6.944047694842157836e-03 -3.007909796507335018e-02 -1.746610256042462652e+03
-2.531431957271949168e-02 1.813802825235624402e-02 5.509375650213599275e-04 9.311992112233880015e-03 6.939790429894657567e-03 -3.006783690322049202e-02 -1.747805372690143258e+03
-2.533135461314410530e-02 1.810755296013668789e-02 4.821404884699589141e-04 9.425138470890504980e-03 7.029786248086967310e-03 -3.016585119606512641e-02 -1.748999974107194930e+03
-2.534838286067056523e-02 1.807684625748733412e-02 4.186193770516291341e-04 9.559952524984881989e-03 7.107457193630422644e-03 -3.025809694172294784e-02 -1.750194117513977972e+03
-2.536539522499272128e-02 1.804602225106451824e-02 3.646812012032120236e-04 9.595225268830356175e-03 7.103222919482664668e-03 -3.024691800209657402e-02 -1.751387860154020018e+03
-2.538240017872769524e-02 1.801507978041507613e-02 3.106386996647864107e-04 9.630532463891715647e-03 7.098997071653801935e-03 -3.023576769228458055e-02 -1.752581143737218099e+03
-2.539941432753605247e-02 1.798412024806697596e-02 2.334918362954009087e-04 9.845626771786776532e-03 7.266573333989333715e-03 -3.042462140055042161e-02 -1.753773852243308056e+03
-2.541641512147870680e-02 1.795306106955962475e-02 1.617298122441655046e-04 9.992334431268028519e-03 7.376595556726121480e-03 -3.053605441761476219e-02 -1.754966140969331718e+03
-2.543340329607701039e-02 1.792187897822683854e-02 9.430196971748551374e-05 1.007527852576821543e-02 7.435121468315698985e-03 -3.058922710301023931e-02 -1.756158003909350327e+03
-2.545037851608196802e-02 1.789046051874381218e-02 3.984261148844722798e-05 1.011072197014441232e-02 7.430927779272961629e-03 -3.057818756610345551e-02 -1.757349446014985006e+03
-2.546734627969743023e-02 1.785892253044201253e-02 -1.472077112147021542e-05 1.014619914754165755e-02 7.426741545325789458e-03 -3.056717606787452690e-02 -1.758540426427399780e+03
-2.548430657760386922e-02 1.782726480106558778e-02 -6.938813439968588635e-05 1.018170986975294214e-02 7.422563842231784392e-03 -3.055619291296146275e-02 -1.759730944609452990e+03
-2.550126776695047642e-02 1.779551223610002786e-02 -1.347882319266025138e-04 1.030912672235302988e-02 7.499660905465948754e-03 -3.063193363495888416e-02 -1.760920942276459755e+03
-2.551822969859441487e-02 1.776363446250567996e-02 -2.137915055856940110e-04 1.052046564511925110e-02 7.656807954389111860e-03 -3.079357533949753783e-02 -1.762110418904800554e+03
-2.553517613844208736e-02 1.773161096219397562e-02 -2.782965497269610346e-04 1.065336563767709660e-02 7.727661652069907003e-03 -3.086309651797396539e-02 -1.763299489439265699e+03
-2.555210648015293282e-02 1.769947212378848028e-02 -3.333796448821530162e-04 1.068900929011048703e-02 7.723514543161507859e-03 -3.085222928360825678e-02 -1.764488153349272352e+03
-2.556903750575933998e-02 1.766723470763205753e-02 -3.996940074783636573e-04 1.081113133509445552e-02 7.801730484493821574e-03 -3.092301941177462432e-02 -1.765676294598219783e+03
-2.558596135323999710e-02 1.763484057246957754e-02 -4.646315066076350917e-04 1.094184003727400288e-02 7.871849987713498004e-03 -3.098799771831489344e-02 -1.766863970390734266e+03
-2.560286912854607688e-02 1.760233861608637845e-02 -5.200262826465379407e-04 1.097758132422829366e-02 7.867725721404148984e-03 -3.097721774229609398e-02 -1.768051237927305237e+03
-2.561976936287062301e-02 1.756971517738672300e-02 -5.755247851152128606e-04 1.101335453672966022e-02 7.863609341173492806e-03 -3.096646663239344816e-02 -1.769238038927437401e+03
-2.563666204662597842e-02 1.753697003524668646e-02 -6.311269606913832986e-04 1.104915910445199156e-02 7.859500235858928041e-03 -3.095574494891912415e-02 -1.770424372836846032e+03
-2.565356313243692676e-02 1.750422967417428546e-02 -7.122622638434915072e-04 1.124653979597846874e-02 8.027731366172366489e-03 -3.108257159956978599e-02 -1.771610123606007619e+03
-2.567044068666339898e-02 1.747124046013542181e-02 -7.680715285636386573e-04 1.128240705196530483e-02 8.023637738514333151e-03 -3.107190968717320201e-02 -1.772795521695302341e+03
-2.568731066174900421e-02 1.743812887970251288e-02 -8.239842743787064317e-04 1.131830536440371279e-02 8.019552172982495619e-03 -3.106127790591065724e-02 -1.773980451046107646e+03
-2.570417304813846227e-02 1.740489471085848033e-02 -8.800004135076164172e-04 1.135423461683832819e-02 8.015474481591415915e-03 -3.105067633839609861e-02 -1.775164911112984782e+03
-2.572102783604614251e-02 1.737153773373448576e-02 -9.361198599423966021e-04 1.139019456777964207e-02 8.011404392590177129e-03 -3.104010540696788140e-02 -1.776348901337140887e+03
-2.573789926434051634e-02 1.733831755402260449e-02 -1.032239028745791020e-03 1.167309386173750671e-02 8.255124867829082003e-03 -3.118609202472868991e-02 -1.777532247915065227e+03
-2.575473882612227747e-02 1.730471429076484158e-02 -1.088565089402586785e-03 1.170911503090557755e-02 8.251070360563338840e-03 -3.117558206133633561e-02 -1.778715296789104286e+03
-2.577157076034825717e-02 1.727098754253456048e-02 -1.144994442812179592e-03 1.174516670235827703e-02 8.247022658471030859e-03 -3.116510224895898198e-02 -1.779897874162118114e+03
-2.578839505707022223e-02 1.723713708205546966e-02 -1.201527076547289317e-03 1.178124855746972600e-02 8.242982679392401105e-03 -3.115465276691920665e-02 -1.781079979463955851e+03
-2.580521170651131277e-02 1.720316267993725334e-02 -1.258162850116212404e-03 1.181736067602666244e-02 8.238949436650924371e-03 -3.114423427295618871e-02 -1.782261612135371479e+03
-2.582202069888618612e-02 1.716906410675513028e-02 -1.314901727406347443e-03 1.185350221244069018e-02 8.234923275348828703e-03 -3.113384697212742344e-02 -1.783442771613965306e+03
-2.583882202435728095e-02 1.713484113172794934e-02 -1.371743590208514578e-03 1.188967290899304273e-02 8.230904886386334815e-03 -3.112349091644272051e-02 -1.784623457334535260e+03
-2.585561567318880524e-02 1.710049352203944426e-02 -1.428688380153610637e-03 1.192587245849202095e-02 8.226893490111488599e-03 -3.111316639272375395e-02 -1.785803668740728426e+03
-2.587240163543338967e-02 1.706602104836594733e-02 -1.485736066967415642e-03 1.196210052135406390e-02 8.222890372082515900e-03 -3.110287359441666483e-02 -1.786983405258049288e+03
-2.588917990117959450e-02 1.703142348088759403e-02 -1.542886543454348187e-03 1.199835709524267428e-02 8.218894315871921527e-03 -3.109261152667739531e-02 -1.788162666318322408e+03
-2.590595046041771835e-02 1.699670059011245543e-02 -1.600139743508453795e-03 1.203464135073717758e-02 8.214906707326160434e-03 -3.108238267309697614e-02 -1.789341451350476291e+03
-2.592271330323534309e-02 1.696185214420078274e-02 -1.657495594591358503e-03 1.207095368988804485e-02 8.210926844108613204e-03 -3.107218466714475186e-02 -1.790519759791926845e+03
-2.593947647546336263e-02 1.692691333315771152e-02 -1.726382138609128345e-03 1.218783112415725012e-02 8.284369952310355334e-03 -3.109348883984678485e-02 -1.791697533306401283e+03
-2.595623268023445826e-02 1.689174421977967036e-02 -1.792976154656243919e-03 1.231716074648055853e-02 8.337126850043360612e-03 -3.111277334386588697e-02 -1.792874829085072406e+03
-2.597298050211420406e-02 1.685660551255771175e-02 -1.863199305490884821e-03 1.243535883156719063e-02 8.408866538451284511e-03 -3.112302577678835794e-02 -1.794051646538358455e+03
-2.598971237828915509e-02 1.682125252252245073e-02 -1.920964995027778103e-03 1.247178264734023073e-02 8.404914089714839165e-03 -3.111295640743830943e-02 -1.795228042846008975e+03
-2.600643648760903731e-02 1.678577280471066011e-02 -1.978833033949555561e-03 1.250823375545038162e-02 8.400969066975749050e-03 -3.110292009330255236e-02 -1.796403959677254534e+03
-2.602315281979853540e-02 1.675016612025867491e-02 -2.036803321853635114e-03 1.254471185181448012e-02 8.397030210363190181e-03 -3.109291707742597305e-02 -1.797579396446002193e+03
-2.603987040740737141e-02 1.671432312933354355e-02 -2.104136054446265145e-03 1.267382918391336995e-02 8.440846710676502135e-03 -3.110459458840955302e-02 -1.798754294821249914e+03
-2.605657115492170106e-02 1.667846179037330012e-02 -2.162310666610137502e-03 1.271036012256772200e-02 8.436922085205727367e-03 -3.109465768668328092e-02 -1.799928769723015421e+03
-2.607327194311943180e-02 1.664256612410352706e-02 -2.234250973167138579e-03 1.282031399641961333e-02 8.511970927306756335e-03 -3.109478798856375389e-02 -1.801102705061826100e+03
-2.608995706483107496e-02 1.660644917016792718e-02 -2.292629681809295675e-03 1.285689592669126205e-02 8.508062052401989261e-03 -3.108491746822258928e-02 -1.802276215749012636e+03
-2.610663435823705122e-02 1.657020404705627711e-02 -2.351110275245722921e-03 1.289350323281892793e-02 8.504160973473071441e-03 -3.107508022067847347e-02 -1.803449243450391577e+03
-2.612330381300403959e-02 1.653383051350783978e-02 -2.409692629837301408e-03 1.293013555950744964e-02 8.500267001242138923e-03 -3.106527602551246645e-02 -1.804621787576905035e+03
-2.613996541863683465e-02 1.649732833093273468e-02 -2.468376660664350474e-03 1.296679268347878354e-02 8.496380553602772556e-03 -3.105550541630960892e-02 -1.805793847527462503e+03
-2.615661916491441447e-02 1.646069725701069728e-02 -2.527162188867353946e-03 1.300347511650285295e-02 8.492500603403134798e-03 -3.104576867117860711e-02 -1.806965422721966661e+03
-2.617326504120100206e-02 1.642393705179666027e-02 -2.586049142099039119e-03 1.304018206677077553e-02 8.488626909025548395e-03 -3.103606689270537941e-02 -1.808136512547043822e+03
-2.618990303728532115e-02 1.638704746770767995e-02 -2.645037407199896020e-03 1.307691374976688824e-02 8.484759204555207546e-03 -3.102639994238292481e-02 -1.809307116420868397e+03
-2.620654141982075441e-02 1.635002490504877670e-02 -2.714125749639219581e-03 1.319601870875303402e-02 8.546333434897274151e-03 -3.101173461872936896e-02 -1.810477175984180803e+03
-2.622316362374045237e-02 1.631287582359705612e-02 -2.773316530863488647e-03 1.323279930834464664e-02 8.542478933242584824e-03 -3.100213649943533989e-02 -1.811646806137328213e+03
-2.623978609581714000e-02 1.627560320458201412e-02 -2.842966922667090890e-03 1.334931009285929455e-02 8.605528201581669201e-03 -3.098376876371075270e-02 -1.812815890779306983e+03
-2.625639246535178134e-02 1.623819362637940467e-02 -2.902360097034110010e-03 1.338613745750036506e-02 8.601686996474932831e-03 -3.097424101171765073e-02 -1.813984544812818285e+03
-2.627299090167881448e-02 1.620065342373244732e-02 -2.961854400126741511e-03 1.342298785737328949e-02 8.597853516437962626e-03 -3.096474762072965597e-02 -1.815152709874931134e+03
-2.628958139415077735e-02 1.616298234522233965e-02 -3.021449691556070058e-03 1.345986053101150444e-02 8.594027069718101694e-03 -3.095528893781503144e-02 -1.816320385358648537e+03
-2.630616393213732612e-02 1.612518013853362839e-02 -3.081145823574487231e-03 1.349675540280691373e-02 8.590208291317968231e-03 -3.094586539970920966e-02 -1.817487570654762521e+03
-2.632273850494841125e-02 1.608724655246433419e-02 -3.140942657599755765e-03 1.353367239192481385e-02 8.586395486908321092e-03 -3.093647781889331469e-02 -1.818654265151505115e+03
-2.633931349750220571e-02 1.604916532174589100e-02 -3.210872320205399554e-03 1.364763786874981580e-02 8.639919406547149489e-03 -3.090895903662085192e-02 -1.819820410494477983e+03
-2.635587210777310188e-02 1.601096822547949661e-02 -3.270870054228277625e-03 1.368459824030102308e-02 8.636119811893541373e-03 -3.089964381788449371e-02 -1.820986121560873471e+03
-2.637242272049235975e-02 1.597263899861454950e-02 -3.330968027856468991e-03 1.372158005063646262e-02 8.632326442800486443e-03 -3.089036471169435624e-02 -1.822151339983965272e+03
-2.638896532481648655e-02 1.593417738851557117e-02 -3.391166116169051521e-03 1.375858347297030659e-02 8.628539139153464099e-03 -3.088112210576308275e-02 -1.823316065144763797e+03
-2.640550794786183583e-02 1.589561603095571499e-02 -3.462752282709141618e-03 1.386746028783416955e-02 8.690143907896652822e-03 -3.084257334949654095e-02 -1.824480238682899881e+03
-2.642203450270594681e-02 1.585688888528842197e-02 -3.523150424633471681e-03 1.390450455149753670e-02 8.686368193452614905e-03 -3.083340457076053434e-02 -1.825643975465307449e+03
-2.643856191087751856e-02 1.581793894709640491e-02 -3.592440330837438304e-03 1.402816231904898021e-02 8.725005088522046551e-03 -3.078991022473352018e-02 -1.826807159381658039e+03
-2.645508004513027339e-02 1.577905179100609276e-02 -3.668293067830106103e-03 1.411998844270391171e-02 8.792333176102729020e-03 -3.074754219839911581e-02 -1.827969847546446090e+03
-2.647158244389255857e-02 1.573992438374150274e-02 -3.728991186759021519e-03 1.415709461263230801e-02 8.788577473517316177e-03 -3.073848314369292262e-02 -1.829132097087495140e+03
-2.648809236628627342e-02 1.570083195784600580e-02 -3.816717441067679194e-03 1.432099401750613551e-02 8.922724903608699951e-03 -3.064639544085360698e-02 -1.830293734130478924e+03
-2.650457860576081043e-02 1.566143640024884182e-02 -3.877614883459765995e-03 1.435813852982751639e-02 8.918981635568598923e-03 -3.063741098143484692e-02 -1.831454989033435140e+03
-2.652105674899948862e-02 1.562190637270336260e-02 -3.938611666515271642e-03 1.439530133862913092e-02 8.915245164569908509e-03 -3.062846444485737771e-02 -1.832615745669075523e+03
-2.653754256174710446e-02 1.558244228240261015e-02 -4.027362898586888534e-03 1.456065271232748551e-02 9.043311635083511879e-03 -3.051710959518067617e-02 -1.833775887907843526e+03
-2.655400447904578479e-02 1.554264253154953243e-02 -4.088557912835487362e-03 1.459785206748571984e-02 9.039586893678225668e-03 -3.050823964293252963e-02 -1.834935646109468053e+03
-2.657045826636091762e-02 1.550270752978339002e-02 -4.149851856089244173e-03 1.463506953747610931e-02 9.035868804586160569e-03 -3.049940804864398683e-02 -1.836094904129358156e+03
-2.658691175985095773e-02 1.546273836050319518e-02 -4.225686208412221707e-03 1.472890113334405365e-02 9.096207644085908123e-03 -3.043822541894390665e-02 -1.837253603593312164e+03
-2.660334925369649620e-02 1.542253206385996687e-02 -4.287177733902595468e-03 1.476615414119450756e-02 9.092500491432158743e-03 -3.042946906862357623e-02 -1.838411859351266912e+03
-2.661977858381793863e-02 1.538218971791342413e-02 -4.348767882101639039e-03 1.480342468491674564e-02 9.088799545138526170e-03 -3.042075196051891375e-02 -1.839569613006739473e+03
-2.663621607387430326e-02 1.534182250211916024e-02 -4.434170893742809226e-03 1.497233243356946297e-02 9.197565564372733871e-03 -3.029126190736916580e-02 -1.840726748424340485e+03
-2.665263765184865477e-02 1.530118308829718672e-02 -4.505588447516348238e-03 1.508146772337362780e-02 9.236511935162982842e-03 -3.022395203241633188e-02 -1.841883438200078672e+03
-2.666904242295367947e-02 1.526043096504994812e-02 -4.567473970489069161e-03 1.511878806148191264e-02 9.232827574165160603e-03 -3.021535323485694674e-02 -1.843039681688909241e+03
-2.668543898488302465e-02 1.521954170368604309e-02 -4.629457771196243167e-03 1.515612466480214388e-02 9.229149327389911048e-03 -3.020679378557187059e-02 -1.844195420483926227e+03
-2.670182732613091137e-02 1.517851502908394538e-02 -4.691539598565861585e-03 1.519347667488201575e-02 9.225476916803341393e-03 -3.019827420283951666e-02 -1.845350653934222692e+03
-2.671820743508340756e-02 1.513735066820450469e-02 -4.753719233067184476e-03 1.523084385327732292e-02 9.221809874254336542e-03 -3.018979463925895029e-02 -1.846505381377955928e+03
-2.673457930045313249e-02 1.509604834476132966e-02 -4.815996543279518934e-03 1.526822573405779704e-02 9.218149104621696857e-03 -3.018135517014815944e-02 -1.847659602184008918e+03
-2.675094291021768572e-02 1.505460779089154780e-02 -4.878371409047319723e-03 1.530562229646757581e-02 9.214493940396181748e-03 -3.017295540078582944e-02 -1.848813315667011011e+03
-2.676730633772253856e-02 1.501313738188513741e-02 -4.954824595118167453e-03 1.540153695267217245e-02 9.264636670452384287e-03 -3.008424226345262145e-02 -1.849966463425879965e+03
-2.678366124587537936e-02 1.497159127880804026e-02 -5.036531119903675004e-03 1.547854263851192354e-02 9.317385896285605706e-03 -2.999260494336843802e-02 -1.851119102548006140e+03
-2.680000001900439965e-02 1.492973439092696100e-02 -5.099197823114419263e-03 1.551598127578176882e-02 9.313746527910849934e-03 -2.998432671552569637e-02 -1.852271290109704523e+03
-2.681633912961139260e-02 1.488769558803808811e-02 -5.171290656347146165e-03 1.562329095493511164e-02 9.347098052818686789e-03 -2.989624470786556368e-02 -1.853422909970732917e+03
-2.683266915023951177e-02 1.484568205419223991e-02 -5.249803801117733718e-03 1.570774015424496184e-02 9.398086799357290369e-03 -2.980396876530054875e-02 -1.854574019187979502e+03
-2.684898298179437537e-02 1.480340631527342181e-02 -5.312761067338297311e-03 1.574521843606445023e-02 9.394462206182268432e-03 -2.979581466464183495e-02 -1.855724674849282337e+03
-2.686529663319142669e-02 1.476110344927394034e-02 -5.389570350495201216e-03 1.584267710257436512e-02 9.441181571813126241e-03 -2.969135121923015957e-02 -1.856874760780822271e+03
-2.688159377782147613e-02 1.471854706226910850e-02 -5.452720528389790565e-03 1.588018015133747102e-02 9.437567321058619799e-03 -2.968328161625878245e-02 -1.858024391804407514e+03
-2.689788256120545507e-02 1.467584992027442907e-02 -5.515966963853312886e-03 1.591769504400544766e-02 9.433958101145232047e-03 -2.967525384637072564e-02 -1.859173509507302242e+03
-2.691416297120738377e-02 1.463301173862445979e-02 -5.579309492861339592e-03 1.595522129198383154e-02 9.430353854756672385e-03 -2.966726806151026227e-02 -1.860322113200108561e+03
-2.693043499579163280e-02 1.459003223242683230e-02 -5.642747984710261289e-03 1.599275830101771351e-02 9.426755231111071456e-03 -2.965932411353549777e-02 -1.861470202201462371e+03
-2.694669862284099562e-02 1.454691111771518053e-02 -5.706282251098719095e-03 1.603030575484894887e-02 9.423161000142130442e-03 -2.965142261175833516e-02 -1.862617775825292938e+03
-2.696295384049166716e-02 1.450364810681045377e-02 -5.769912162802010892e-03 1.606786346675315169e-02 9.419571903147797715e-03 -2.964356494811086137e-02 -1.863764833405538411e+03
-2.697920063621402423e-02 1.446024291889090596e-02 -5.833637511018403832e-03 1.610543108017433236e-02 9.415987825050198962e-03 -2.963574958001325560e-02 -1.864911374228611976e+03
-2.699543899812275466e-02 1.441669526282916662e-02 -5.897458106870259557e-03 1.614300805497273159e-02 9.412407524257470140e-03 -2.962797866745763703e-02 -1.866057397624502983e+03
-2.701166891411242721e-02 1.437300484666704375e-02 -5.961373771763873140e-03 1.618059426434603765e-02 9.408832760333475653e-03 -2.962025083057143876e-02 -1.867202902900163508e+03
-2.702789037208751244e-02 1.432917137486352729e-02 -6.025384248462588993e-03 1.621818938192878465e-02 9.405261706735989005e-03 -2.961256687550425926e-02 -1.868347889366955314e+03
-2.704410335953858283e-02 1.428519455589180760e-02 -6.089489357673394387e-03 1.625579358318199330e-02 9.401695370749186403e-03 -2.960492768412326808e-02 -1.869492356311656977e+03
-2.706030786444731454e-02 1.424107409276828030e-02 -6.153688939091511191e-03 1.629340631110741053e-02 9.398132598158344050e-03 -2.959733225914105981e-02 -1.870636303058789508e+03
-2.707650387427373156e-02 1.419680969246468923e-02 -6.217982880311645998e-03 1.633102735332971067e-02 9.394574362309523682e-03 -2.958978014320746280e-02 -1.871779728894464142e+03
-2.709269137668031749e-02 1.415240105554679481e-02 -6.282371066383771012e-03 1.636865623569619399e-02 9.391019750583075310e-03 -2.958227338331080938e-02 -1.872922633121199169e+03
-2.710887035913320253e-02 1.410784788376869513e-02 -6.346853324688409362e-03 1.640629229216118354e-02 9.387469365495938051e-03 -2.957481167442638920e-02 -1.874065015028618518e+03
-2.712504080945301460e-02 1.406314987485652451e-02 -6.411429530745965145e-03 1.644393473654195970e-02 9.383923706107811721e-03 -2.956739447502862439e-02 -1.875206873934934492e+03
-2.714120271467097140e-02 1.401830673579343260e-02 -6.476099442501465943e-03 1.648158310123004969e-02 9.380382260580499496e-03 -2.956002323864147588e-02 -1.876348209103759018e+03
-2.715736442357744376e-02 1.397330492587082508e-02 -6.550103781175717690e-03 1.658318207169391656e-02 9.412938193401429454e-03 -2.942353294012829343e-02 -1.877488962087598793e+03
-2.717351728624671156e-02 1.392827306133281352e-02 -6.628362058250534226e-03 1.667116757279040601e-02 9.451508147368638951e-03 -2.928345442631763440e-02 -1.878629189926363324e+03
-2.718965348099817991e-02 1.388299273468258932e-02 -6.693311789194206912e-03 1.670883221197355314e-02 9.447978602009764193e-03 -2.927622053004261954e-02 -1.879768949647103000e+03
-2.720579762975355864e-02 1.383768245926692876e-02 -6.781708164508798951e-03 1.685221372071972826e-02 9.517779009531988563e-03 -2.900114472228219886e-02 -1.880908067290371719e+03
-2.722191662103690124e-02 1.379210915496812545e-02 -6.846843175912402726e-03 1.688988760127799887e-02 9.514256785033807506e-03 -2.899400304898618400e-02 -1.882046773128977975e+03
-2.723802699163228522e-02 1.374638890165781613e-02 -6.912070515598225766e-03 1.692756602649936326e-02 9.510738284417848132e-03 -2.898690836882213476e-02 -1.883184950953661655e+03
-2.725412872879259818e-02 1.370052139251021553e-02 -6.977390050553607288e-03 1.696524850588667852e-02 9.507222878180158002e-03 -2.897986014463095270e-02 -1.884322600041935175e+03
-2.727022181960353509e-02 1.365450632186042748e-02 -7.042801605572289805e-03 1.700293500184853202e-02 9.503710182983930374e-03 -2.897285990072846762e-02 -1.885459719657969799e+03
-2.728629835348618179e-02 1.360823393282467077e-02 -7.113606593973822133e-03 1.714667942766959219e-02 9.495002655752333293e-03 -2.880118209791028561e-02 -1.886596366825576524e+03
-2.730237411296381270e-02 1.356192280906512275e-02 -7.179201815496743556e-03 1.718437149191626850e-02 9.491496605877759729e-03 -2.879427706188944155e-02 -1.887732425313363137e+03
-2.731844118738990454e-02 1.351546318761147857e-02 -7.244888574390075976e-03 1.722206525786233039e-02 9.487993773011942772e-03 -2.878741992921172999e-02 -1.888867952148463246e+03
-2.733450823258690501e-02 1.346879741860025972e-02 -7.319090197665330602e-03 1.732343850429351670e-02 9.506937778964687918e-03 -2.862977188144939442e-02 -1.890002888844440349e+03
-2.735055789735019519e-02 1.342203986701520808e-02 -7.384959221326976679e-03 1.736113421896114117e-02 9.503442058180563631e-03 -2.862301189467745741e-02 -1.891137350151902410e+03
-2.736659883768919818e-02 1.337513288041435218e-02 -7.450919012449446280e-03 1.739883096316684197e-02 9.499949276036596946e-03 -2.861629943336987947e-02 -1.892271277592799606e+03
-2.738264791821076044e-02 1.332805585228461105e-02 -7.536117102243933101e-03 1.754741005248659780e-02 9.548933839743109150e-03 -2.829944128820148855e-02 -1.893404554916117149e+03
-2.739867137018215520e-02 1.328084904635848384e-02 -7.602257572184053895e-03 1.758510728396773734e-02 9.545446722686073276e-03 -2.829282708103573324e-02 -1.894537412386585402e+03
-2.741469459613505091e-02 1.323349717667443928e-02 -7.677917882733520209e-03 1.767701111982895520e-02 9.566179026584565454e-03 -2.812686839187978141e-02 -1.895669676005216388e+03
-2.743070050700408685e-02 1.318598927668728805e-02 -7.744237937971690938e-03 1.771470749535865655e-02 9.562696753494363128e-03 -2.812035424650987867e-02 -1.896801460511277355e+03
-2.744669762777161501e-02 1.313833034766162186e-02 -7.810647572155905542e-03 1.775240316741841587e-02 9.559216488946425602e-03 -2.811388910372473668e-02 -1.897932707432527422e+03
-2.746268594481283964e-02 1.309052007464738508e-02 -7.877146622348401780e-03 1.779009734986556138e-02 9.555739018098481641e-03 -2.810747450091909475e-02 -1.899063415992598493e+03
-2.747866544476609135e-02 1.304255813427492028e-02 -7.943734860439860893e-03 1.782778940051756369e-02 9.552262975008406209e-03 -2.810111146605447779e-02 -1.900193585439936896e+03
-2.749464382111348540e-02 1.299455674824553236e-02 -8.024934220851525496e-03 1.790097279392155807e-02 9.588618120100320455e-03 -2.792300968286456561e-02 -1.901323157260522294e+03
-2.751061363285956657e-02 1.294638449150723597e-02 -8.104496418592970278e-03 1.798180806496334910e-02 9.619614965039369886e-03 -2.774091682888886815e-02 -1.902452188471298541e+03
-2.752657515719306169e-02 1.289796443469117329e-02 -8.180248751156202550e-03 1.807473764497012289e-02 9.637024831882357381e-03 -2.755836634364147719e-02 -1.903580678273342073e+03
-2.754251925345277754e-02 1.284939254647222626e-02 -8.247191395246641910e-03 1.811241669672751867e-02 9.633557189882820462e-03 -2.755220614679820129e-02 -1.904708683667049854e+03
-2.755846241915170525e-02 1.280076869005921693e-02 -8.327470212788963544e-03 1.819022850244321129e-02 9.662969195539047179e-03 -2.736466690684153519e-02 -1.905836088389223505e+03
-2.757438873179698241e-02 1.275188985767557875e-02 -8.394588272956518202e-03 1.822789862635462027e-02 9.659505934049820650e-03 -2.735861025030638868e-02 -1.906963007162539498e+03
-2.759031433380432913e-02 1.270295578003910117e-02 -8.474870723719406251e-03 1.830283862446947796e-02 9.683047066376801806e-03 -2.717138275617219864e-02 -1.908089323702303545e+03
-2.760622261797265192e-02 1.265374272707138828e-02 -8.561658521419679771e-03 1.846309780426624164e-02 9.698924568034379343e-03 -2.678424736169843917e-02 -1.909215152755836925e+03
-2.762213009943264436e-02 1.260446824473258724e-02 -8.641308108358728562e-03 1.853614958166547796e-02 9.725449100087131885e-03 -2.659682971834003568e-02 -1.910340378033722800e+03
-2.763802882608040398e-02 1.255501047099522906e-02 -8.719650900714984165e-03 1.861410446927845921e-02 9.747283687369552585e-03 -2.640695325499891472e-02 -1.911465056499854427e+03
-2.765391838365463192e-02 1.250546232938576363e-02 -8.800569761026362861e-03 1.868821789883084658e-02 9.774207188198156745e-03 -2.620876723017255550e-02 -1.912589187391057976e+03
-2.766979101563033644e-02 1.245565468737718298e-02 -8.868207942373303870e-03 1.872585037430765306e-02 9.770751640493999246e-03 -2.620302845786563056e-02 -1.913712827649996825e+03
-2.768566232401286145e-02 1.240581242103629654e-02 -8.951183563037432359e-03 1.878856114666746860e-02 9.801462205336290007e-03 -2.600525290211598908e-02 -1.914835861008906932e+03
-2.770152547923209960e-02 1.235565205486216511e-02 -9.027517428968611160e-03 1.887665207812774110e-02 9.812185557995132049e-03 -2.580557410515332828e-02 -1.915958344411585585e+03
-2.771737908708514150e-02 1.230546541905291023e-02 -9.107942707848154171e-03 1.895109067393004401e-02 9.836026335880963117e-03 -2.560092390619459271e-02 -1.917080277064395204e+03
-2.773322374263215845e-02 1.225511349605158846e-02 -9.187711542177271276e-03 1.902896697302527626e-02 9.858520516857770949e-03 -2.539267118641330354e-02 -1.918201658178217713e+03
-2.774905982769694177e-02 1.220451234415200446e-02 -9.264431058668838939e-03 1.911532404385644229e-02 9.867698598660287410e-03 -2.518581458238651483e-02 -1.919322486950854227e+03
-2.776488642743671353e-02 1.215379870348541440e-02 -9.342706041639491435e-03 1.919570195019441178e-02 9.886826402539511741e-03 -2.497658715707698832e-02 -1.920442762584954608e+03
-2.778070369194738168e-02 1.210300933351322709e-02 -9.425609922308326658e-03 1.925795139290385413e-02 9.907706446685227500e-03 -2.476907853181059202e-02 -1.921562484269089282e+03
-2.779651170680455183e-02 1.205200290893301655e-02 -9.505784106503193179e-03 1.932777057464042658e-02 9.934084821408131760e-03 -2.456057248959539474e-02 -1.922681651196305893e+03
-2.781230286890364403e-02 1.200077904949864264e-02 -9.574183399335883804e-03 1.936531319726459907e-02 9.930635738012377062e-03 -2.455533029530384409e-02 -1.923800320321881827e+03
-2.782808490722267145e-02 1.194939610260002845e-02 -9.642665908660941546e-03 1.940284391608421838e-02 9.927186260133264925e-03 -2.455014424190217828e-02 -1.924918433066596890e+03
-2.784385780760535375e-02 1.189785371235268195e-02 -9.711231364347349890e-03 1.944036235333334098e-02 9.923736285926618161e-03 -2.454501470400291888e-02 -1.926035988637785294e+03
-2.785962155534646781e-02 1.184615152781925973e-02 -9.779879406404632172e-03 1.947786794801453433e-02 9.920285354065134023e-03 -2.453994311079904858e-02 -1.927152986201560680e+03
-2.787537613588344371e-02 1.179428919316031013e-02 -9.848609689897539626e-03 1.951535976297112673e-02 9.916833472871275021e-03 -2.453492949444434010e-02 -1.928269424939686360e+03
-2.789112951492120004e-02 1.174233062584588080e-02 -9.929164200625228975e-03 1.958247062061276023e-02 9.934635243599842375e-03 -2.431691885894712163e-02 -1.929385246298359107e+03
-2.790686571691767051e-02 1.169014691281525069e-02 -9.998057868829200723e-03 1.961993268228689330e-02 9.931182664537463456e-03 -2.431202156441967729e-02 -1.930500564919405861e+03
-2.792259270740591118e-02 1.163780197030901339e-02 -1.006703267009880810e-02 1.965737928520755809e-02 9.927729119330101076e-03 -2.430718239442612033e-02 -1.931615322240127398e+03
-2.793831047163834735e-02 1.158529543819490464e-02 -1.013608828258102772e-02 1.969480951800801558e-02 9.924275424245712976e-03 -2.430240128333848240e-02 -1.932729517438042649e+03
-2.795401899470890267e-02 1.153262695690289788e-02 -1.020522433747138996e-02 1.973222295936394657e-02 9.920821056543677532e-03 -2.429767929428247944e-02 -1.933843149674432652e+03
-2.796971826151564006e-02 1.147979616597912325e-02 -1.027444049944448330e-02 1.976961929811071536e-02 9.917366142916691010e-03 -2.429301645378896535e-02 -1.934956218093965390e+03
-2.798540825757473219e-02 1.142680269523840136e-02 -1.034373651509540824e-02 1.980699779874101410e-02 9.913910246608152038e-03 -2.428841388903599588e-02 -1.936068721892192798e+03
-2.800108896754818430e-02 1.137364618541581232e-02 -1.041311207829543652e-02 1.984435878179304294e-02 9.910452677910495251e-03 -2.428387068145171704e-02 -1.937180660201513319e+03
-2.801676037655620455e-02 1.132032626968366117e-02 -1.048256689808597930e-02 1.988170116363741774e-02 9.906992796231837289e-03 -2.427938860708176577e-02 -1.938292032183919673e+03
-2.803243107068071824e-02 1.126683434883562693e-02 -1.056098107716437785e-02 1.995404170422277260e-02 9.904911836281879434e-03 -2.404762954329991292e-02 -1.939402779234319951e+03
-2.804808383294063803e-02 1.121318651314252499e-02 -1.063059344302864570e-02 1.999134574339577961e-02 9.901447127034621390e-03 -2.404326948960864782e-02 -1.940513016035680948e+03
-2.806372724873109487e-02 1.115937416415500351e-02 -1.070028395280276344e-02 2.002862984449740522e-02 9.897980607029758723e-03 -2.403897002941958808e-02 -1.941622683943949369e+03
-2.807936130289628851e-02 1.110539692234207253e-02 -1.077005220822468967e-02 2.006589321786274305e-02 9.894511937736756232e-03 -2.403473254013180349e-02 -1.942731782119757327e+03
-2.809498598003948994e-02 1.105125441053027291e-02 -1.083989778206243502e-02 2.010313490114824103e-02 9.891040915815062923e-03 -2.403055695060192856e-02 -1.943840309707163669e+03
-2.811060126452180619e-02 1.099694625435203126e-02 -1.090982027529168244e-02 2.014035405319323721e-02 9.887568399949839965e-03 -2.402644381052181088e-02 -1.944948265833131700e+03
-2.812621531134995925e-02 1.094251894947610368e-02 -1.099042981120200435e-02 2.020324468953545866e-02 9.893538054589402775e-03 -2.378393939022072079e-02 -1.946055591885803324e+03
-2.814181176410016430e-02 1.088787837053500039e-02 -1.106050494688819337e-02 2.024041773729355273e-02 9.890061085266887639e-03 -2.377995227015415602e-02 -1.947162402490346949e+03
-2.815740663238962965e-02 1.083325964542176251e-02 -1.115058603786332411e-02 2.027265640414927655e-02 9.904028601152907452e-03 -2.352856151879531565e-02 -1.948268581292153385e+03
-2.817299228547963039e-02 1.077831892328384028e-02 -1.123095059426973755e-02 2.033619218068727710e-02 9.909906890018888026e-03 -2.328023436603806132e-02 -1.949374185169157499e+03
-2.818856037448362606e-02 1.072317685322603416e-02 -1.130125224942689355e-02 2.037329199036958666e-02 9.906420575678764190e-03 -2.327643916154129716e-02 -1.950479270981618583e+03
-2.820411897748858684e-02 1.066786685930199742e-02 -1.137162876671203235e-02 2.041036647232708640e-02 9.902930875502827246e-03 -2.327270823595360000e-02 -1.951583780091662902e+03
-2.821966807896351959e-02 1.061238855250039304e-02 -1.144207976226978112e-02 2.044741541787657713e-02 9.899436900743652581e-03 -2.326904154782591383e-02 -1.952687711627239878e+03
-2.823520766322242317e-02 1.055674154313426989e-02 -1.151260477632471552e-02 2.048443831069355139e-02 9.895939386074602273e-03 -2.326544000930085010e-02 -1.953791064708634394e+03
-2.825074573527312782e-02 1.050095661486294928e-02 -1.159345318980742334e-02 2.054314570134324613e-02 9.900545567252347703e-03 -2.301126187165373690e-02 -1.954893780698958381e+03
-2.826626623705158839e-02 1.044497102675185675e-02 -1.166412463375369156e-02 2.058011367107203185e-02 9.897039164686401505e-03 -2.300779288864967728e-02 -1.955995974193160237e+03
-2.828177717330189120e-02 1.038881556024687930e-02 -1.173486856807332002e-02 2.061705260463964767e-02 9.893529706656684422e-03 -2.300438917315970888e-02 -1.957097586541046439e+03
-2.829729438425148194e-02 1.033266486601797617e-02 -1.183221569721945240e-02 2.067598444829470486e-02 9.904237777189297057e-03 -2.248676282445883842e-02 -1.958198501346710373e+03
-2.831278630807630009e-02 1.027608796992322306e-02 -1.191706098255025832e-02 2.080875321030456818e-02 9.868940088077496342e-03 -2.194791008814719890e-02 -1.959298948720453609e+03
-2.832827660588060209e-02 1.021943476991773840e-02 -1.199744962196050944e-02 2.086851615008326194e-02 9.867920977170039840e-03 -2.168495063027279721e-02 -1.960398754505074066e+03
-2.834374911863158861e-02 1.016259582498099494e-02 -1.206847973949969587e-02 2.090533297915819419e-02 9.864394550090176822e-03 -2.168181587215222555e-02 -1.961498033273249121e+03
-2.835921971968070540e-02 1.010571647247127981e-02 -1.215478039362500109e-02 2.094570613832214337e-02 9.870097090486451216e-03 -2.141335950588587125e-02 -1.962596668640351936e+03
-2.837467292343117189e-02 1.004853339921714037e-02 -1.222595141208932153e-02 2.098245934304381749e-02 9.866559658779350955e-03 -2.141036140040398009e-02 -1.963694775171399669e+03
-2.839012400599565805e-02 9.991273652299010113e-03 -1.231033497266091278e-02 2.102764441504807735e-02 9.877735682271236370e-03 -2.113959008817260787e-02 -1.964792236458815751e+03
-2.840557427473945976e-02 9.933846381939896025e-03 -1.240563834875656711e-02 2.109192368293156747e-02 9.867159040242001050e-03 -2.059823689376784686e-02 -1.965889051576489237e+03
-2.842099839226561175e-02 9.876144084414884700e-03 -1.247701723534846811e-02 2.112857814359621680e-02 9.863603661373943760e-03 -2.059544622713426962e-02 -1.966985392855857754e+03
-2.843640491525321543e-02 9.818177298071478071e-03 -1.255340641620748821e-02 2.123574694495089857e-02 9.817431784221007304e-03 -2.029882313077786132e-02 -1.968081201612558971e+03
-2.845181848153322327e-02 9.760031831151042697e-03 -1.263232545471644659e-02 2.130417001506131405e-02 9.792635591926319646e-03 -2.002416173507964164e-02 -1.969176303681075979e+03
-2.846722184354045365e-02 9.701815552639898171e-03 -1.271253219949906345e-02 2.136259800642672374e-02 9.780516574280067460e-03 -1.974709783747522970e-02 -1.970270813606461161e+03
-2.848261491893957012e-02 9.643547413114449476e-03 -1.279898041545811035e-02 2.140080076214373114e-02 9.775628107645432247e-03 -1.946764178457588076e-02 -1.971364730471078701e+03
-2.849799808236664136e-02 9.585104730402530665e-03 -1.288527618085435686e-02 2.144165629379343394e-02 9.774598474092352843e-03 -1.918270638747000822e-02 -1.972458053314263452e+03
-2.851336357571021898e-02 9.526352885656046848e-03 -1.295705698987217880e-02 2.147808811245976654e-02 9.771007084008685381e-03 -1.918034384841385900e-02 -1.973550838955274912e+03
-2.852872756999361506e-02 9.467475971037392357e-03 -1.303893824755586982e-02 2.152807119918222212e-02 9.761676570149167842e-03 -1.889924140800296193e-02 -1.974642970936167103e+03
-2.854409836226141223e-02 9.408547599389300090e-03 -1.314505140228731418e-02 2.160293225079366192e-02 9.729730140722977344e-03 -1.804694339269867498e-02 -1.975734390561073951e+03
-2.855943431502465032e-02 9.349265359862085276e-03 -1.321702730806167091e-02 2.163924672328810736e-02 9.726115438804677077e-03 -1.804480046823188702e-02 -1.976825385615032701e+03
-2.857476830236851950e-02 9.289838932784953360e-03 -1.329925249997573368e-02 2.168445993128818514e-02 9.722024956280338887e-03 -1.776281883336462003e-02 -1.977915724176283675e+03
-2.859009228907724923e-02 9.230355132050071382e-03 -1.338791542446820214e-02 2.171183885416382020e-02 9.717335983375381681e-03 -1.747361850414476392e-02 -1.979005462994329491e+03
-2.860540648434758970e-02 9.170699936513260209e-03 -1.347647004832039364e-02 2.174456485071318487e-02 9.710753515535495289e-03 -1.717747570426096312e-02 -1.980094601123480970e+03
-2.862070281009265402e-02 9.110704554986727433e-03 -1.354869838891915174e-02 2.178071053019828632e-02 9.707105759591272420e-03 -1.717563006628694544e-02 -1.981183195347205810e+03
-2.863599685952593690e-02 9.050583516018281122e-03 -1.363173402891662729e-02 2.182380437813776636e-02 9.707762339883078267e-03 -1.688536757853786180e-02 -1.982271129177471948e+03
-2.865127326670538141e-02 8.990228982995666918e-03 -1.370408529569935169e-02 2.185986038360142325e-02 9.704099145688715317e-03 -1.688367243960186073e-02 -1.983358517157059623e+03
-2.866654743625853333e-02 8.929758169140719973e-03 -1.378726997174843129e-02 2.190381298015962180e-02 9.702592288049365077e-03 -1.658845325117974667e-02 -1.984445242785763185e+03
-2.868180385432204590e-02 8.869042743884775551e-03 -1.385974205809019019e-02 2.193977713566466065e-02 9.698911306677026820e-03 -1.658691147329787591e-02 -1.985531420597448459e+03
-2.869705025152428229e-02 8.808146218071718006e-03 -1.393227383657586436e-02 2.197569467041859612e-02 9.695220040264089859e-03 -1.658544778711314865e-02 -1.986616991856029244e+03
-2.871228660994597573e-02 8.747068155813497725e-03 -1.400486486374160310e-02 2.201156541998717728e-02 9.691519105760930397e-03 -1.658406137136899869e-02 -1.987701955554656251e+03
-2.872751291210964494e-02 8.685808109953582420e-03 -1.407751462907401094e-02 2.204738785900958384e-02 9.687808318836090352e-03 -1.658275356465565079e-02 -1.988786310725454769e+03
-2.874272913982872310e-02 8.624365640467882010e-03 -1.415022252004685330e-02 2.208316122580962493e-02 9.684086476255095860e-03 -1.658152383272439717e-02 -1.989870056350454888e+03
-2.875793527538696506e-02 8.562740300097250110e-03 -1.422298794953435336e-02 2.211888467123324098e-02 9.680354441047915592e-03 -1.658037304904399351e-02 -1.990953191443703645e+03
-2.877313130066531596e-02 8.500931642613606190e-03 -1.429581011469315162e-02 2.215455704986182828e-02 9.676612855104672201e-03 -1.657930309260334870e-02 -1.992035714997777632e+03
-2.878833396453580468e-02 8.438971443105467221e-03 -1.438638675805999252e-02 2.220275879502838640e-02 9.636781047820000209e-03 -1.598418992201247613e-02 -1.993117510482131365e+03
-2.880350971481569419e-02 8.376794796660872594e-03 -1.445932062783301768e-02 2.223832680298870948e-02 9.633017904602865500e-03 -1.598327930576950648e-02 -1.994198807936805224e+03
-2.881867529977341635e-02 8.314433478837771063e-03 -1.453230936323962955e-02 2.227384155859106485e-02 9.629242322780640420e-03 -1.598244968698333060e-02 -1.995279490797619928e+03
-2.883383070114214908e-02 8.251887032905165856e-03 -1.460535244247230559e-02 2.230930240217634045e-02 9.625456160844340567e-03 -1.598170195556355283e-02 -1.996359558054928357e+03
-2.884898441638434480e-02 8.189116468858267939e-03 -1.468584650600730963e-02 2.235702969196654705e-02 9.597886699943805958e-03 -1.567693346774667526e-02 -1.997438950929052226e+03
-2.886411939546909902e-02 8.126198397986289165e-03 -1.475899666631273928e-02 2.239238022151160065e-02 9.594076063326753556e-03 -1.567635078249880742e-02 -1.998517783920669217e+03
-2.887925226421625413e-02 8.063137675435030557e-03 -1.484197249751212540e-02 2.242716540526494204e-02 9.575114444736283412e-03 -1.537157717117935973e-02 -1.999595940460592374e+03
-2.889438358274971572e-02 7.999882092802342026e-03 -1.493600412922869297e-02 2.246935824051499511e-02 9.523387230979670631e-03 -1.475143208608638463e-02 -2.000673419549671962e+03
-2.890949562998950534e-02 7.936569448155038342e-03 -1.502651577467822852e-02 2.248042371645833995e-02 9.508021253370245104e-03 -1.443987312270134278e-02 -2.001750335635416377e+03
-2.892459858399451869e-02 7.872791045733025517e-03 -1.510695967279801662e-02 2.252950250498959167e-02 9.463205087896872647e-03 -1.413382659185561697e-02 -2.002826629942340105e+03
-2.893968218205592718e-02 7.808935821191029594e-03 -1.518036714694968349e-02 2.256456344663784752e-02 9.459330862440712764e-03 -1.413366420782680329e-02 -2.003902359134339804e+03
-2.895477094652340946e-02 7.745038484559281684e-03 -1.527608775623063783e-02 2.258680027038676222e-02 9.437874876504999400e-03 -1.350880234633496969e-02 -2.004977348953040064e+03
-2.896983386057582627e-02 7.680805110902530833e-03 -1.534959316968536810e-02 2.262173911351205574e-02 9.433972418093872561e-03 -1.350881018878715215e-02 -2.006051829313593089e+03
-2.898488640374467101e-02 7.616381956211865090e-03 -1.542314653419343991e-02 2.265661601050713778e-02 9.430055570678235258e-03 -1.350890469400674657e-02 -2.007125683662205574e+03
-2.899993672163246952e-02 7.551792425205157422e-03 -1.550528591997766409e-02 2.269331221487244990e-02 9.406971774017985205e-03 -1.319277927746877535e-02 -2.008198853176417742e+03
-2.901497689725036563e-02 7.486985125795373938e-03 -1.558695595850331447e-02 2.272840004955110210e-02 9.375541903187985596e-03 -1.288033209539102796e-02 -2.009271394583103984e+03
-2.902999821205915279e-02 7.421989764498098871e-03 -1.566064960835663461e-02 2.276308455644230483e-02 9.371580623089922554e-03 -1.288068871538894725e-02 -2.010343364512436665e+03
-2.904501737542972487e-02 7.356786445336524309e-03 -1.574237027604681941e-02 2.279624947195003221e-02 9.341858665856973484e-03 -1.256787905919129304e-02 -2.011414646409682291e+03
-2.906001777503135902e-02 7.291407201124065936e-03 -1.581615413471538709e-02 2.283080204869791449e-02 9.337866834827696777e-03 -1.256841675225786256e-02 -2.012485354701839924e+03
-2.907501593244839894e-02 7.225890664499014411e-03 -1.589924278445369391e-02 2.286214239328981587e-02 9.312448654321806019e-03 -1.224743355776869956e-02 -2.013555372788535578e+03
-2.909001146799304605e-02 7.160197476273926637e-03 -1.599253034479458657e-02 2.288381420182645370e-02 9.266682881410014463e-03 -1.160697562579176764e-02 -2.014624699612822724e+03
-2.910498034850647620e-02 7.094238731691510438e-03 -1.606644400201624051e-02 2.291816134543030875e-02 9.262642382161932059e-03 -1.160778152154042821e-02 -2.015693507299369003e+03
-2.911993868325178300e-02 7.028085838245226591e-03 -1.614039937484422135e-02 2.295243843836171360e-02 9.258584943274647885e-03 -1.160867812797616166e-02 -2.016761679271721505e+03
-2.913489412446966520e-02 6.961853652795612322e-03 -1.622785788924369088e-02 2.296303208565840526e-02 9.239707218922374801e-03 -1.128898988100308400e-02 -2.017829156679702919e+03
-2.914984753588310828e-02 6.895454901331644383e-03 -1.632554656563363696e-02 2.296400792042241693e-02 9.184887096857916738e-03 -1.064396192813522532e-02 -2.018895938397220561e+03
-2.916477411285815780e-02 6.828716598275658481e-03 -1.639962286965571461e-02 2.299806837443654425e-02 9.180776190676656623e-03 -1.064513553561718257e-02 -2.019962196597485899e+03
-2.917969804548259730e-02 6.761905818170991372e-03 -1.648688090438850049e-02 2.301186429609825695e-02 9.153992546635901159e-03 -1.031949220026995122e-02 -2.021027756886800717e+03
-2.919460334985978650e-02 6.694774736926673887e-03 -1.656103394134391532e-02 2.304577613982028428e-02 9.149845288449266409e-03 -1.032085403842301213e-02 -2.022092733665706646e+03
-2.920950609220357777e-02 6.627463962915323969e-03 -1.664347451049647333e-02 2.307255806597091619e-02 9.120598444556756584e-03 -9.995964645756132139e-03 -2.023157010311121439e+03
-2.922439004338071855e-02 6.559938073529866624e-03 -1.671770129980557421e-02 2.310631716082125336e-02 9.116413694951050126e-03 -9.997518075730758846e-03 -2.024220701174672968e+03
-2.923927902527879985e-02 6.492328260192792994e-03 -1.681228596924445179e-02 2.310483538541224097e-02 9.069167354741393752e-03 -9.350037376638340586e-03 -2.025283631934548794e+03
-2.925414154221443741e-02 6.424405501372988485e-03 -1.688658344739476028e-02 2.313843781159099361e-02 9.064943264997312941e-03 -9.351781428375864277e-03 -2.026346032402232140e+03
-2.926899331087720602e-02 6.356283539724766514e-03 -1.696091510463334021e-02 2.317195995276330467e-02 9.060699852321330017e-03 -9.353622907095002215e-03 -2.027407785950572816e+03
-2.928383431041962220e-02 6.287961864779821435e-03 -1.703528017299804978e-02 2.320540125033073234e-02 9.056435459792094855e-03 -9.355560913612554277e-03 -2.028468891428030474e+03
-2.929866452034579280e-02 6.219439954498411950e-03 -1.710967770626093537e-02 2.323876105114035598e-02 9.052149079489786934e-03 -9.357597956242826726e-03 -2.029529347713228162e+03
-2.931348391908199236e-02 6.150717296535459372e-03 -1.718410677600337721e-02 2.327203864276715731e-02 9.047841309613559660e-03 -9.359733990442329135e-03 -2.030589153607576236e+03
-2.932829248623457924e-02 6.081793356214815725e-03 -1.725856645451430763e-02 2.330523223886762918e-02 9.043512420555980744e-03 -9.361970570261833255e-03 -2.031648307999851795e+03
-2.934309798932712918e-02 6.012732023228114543e-03 -1.734340581182399268e-02 2.331555431472349602e-02 9.015686826507572638e-03 -9.035227803749427966e-03 -2.032706751946768236e+03
-2.935788482998002297e-02 5.943403933346928271e-03 -1.741792426359902932e-02 2.334857663904742892e-02 9.011313618806388037e-03 -9.037665722595558324e-03 -2.033764599814675648e+03
-2.937266863343790738e-02 5.873937945831263219e-03 -1.750210112143300509e-02 2.336465630917981470e-02 8.982566326255075895e-03 -8.703676727350145859e-03 -2.034821734886424565e+03
-2.938745010968154756e-02 5.804207076783066480e-03 -1.759417704436118737e-02 2.337046376727806157e-02 8.909161612455578083e-03 -8.036562758835257350e-03 -2.035878156026870556e+03
-2.940220420143351693e-02 5.734268769282372009e-03 -1.766877764074874235e-02 2.340322163034820602e-02 8.904720408612320712e-03 -8.039306471462465825e-03 -2.036934035278814918e+03
-2.941696353284452975e-02 5.664296737080783649e-03 -1.776401256689719849e-02 2.339339983188755065e-02 8.839548824646725061e-03 -7.367396847555880528e-03 -2.037989140463481363e+03
-2.943169568433521427e-02 5.593948926337123824e-03 -1.783866358037514144e-02 2.342597664889371767e-02 8.835059174746737187e-03 -7.370347561635536872e-03 -2.039043701373722570e+03
-2.944641683372049151e-02 5.523395544864973840e-03 -1.791333834688700263e-02 2.345846200733851111e-02 8.830544829737376963e-03 -7.373404613456836613e-03 -2.040097601364667753e+03
-2.946113503190335089e-02 5.452727432603540758e-03 -1.799821330420138879e-02 2.347102848287401997e-02 8.795395736798952702e-03 -7.033917414092652302e-03 -2.041150781425244986e+03
-2.947583411054437164e-02 5.381761298662574369e-03 -1.807293265204129237e-02 2.350332659546575456e-02 8.790829174718569478e-03 -7.037185061774401187e-03 -2.042203355877267995e+03
-2.949053042008382974e-02 5.310644523516724544e-03 -1.815655850322660594e-02 2.351317752209671971e-02 8.750128936204599334e-03 -6.703770967170221036e-03 -2.043255208015134940e+03
-2.950520734026734759e-02 5.239263424212163740e-03 -1.823131863548652087e-02 2.354528256555897536e-02 8.745511731073225478e-03 -6.707252242577822765e-03 -2.044306452105811104e+03
-2.951988145361395324e-02 5.167669305452350648e-03 -1.831308232212361733e-02 2.356159910299154142e-02 8.701208975247582550e-03 -6.371840027698956119e-03 -2.045356971448416289e+03
-2.953454406014304270e-02 5.095899175348118058e-03 -1.839619710105420969e-02 2.357059423610886190e-02 8.665048747355248715e-03 -6.037677798955025377e-03 -2.046406822546937065e+03
-2.954920347548690290e-02 5.024029371701221186e-03 -1.849100008857939778e-02 2.354975102811509083e-02 8.595421556582640010e-03 -5.357936040571721972e-03 -2.047455946445622430e+03
-2.956383581323951751e-02 4.951811624896505608e-03 -1.856583046923730718e-02 2.358145726831086322e-02 8.590695790330903775e-03 -5.361853929528772288e-03 -2.048504515158770118e+03
-2.957845694909182546e-02 4.879383309676412275e-03 -1.864067600249673384e-02 2.361306148445119213e-02 8.585941491159817390e-03 -5.365882803127354321e-03 -2.049552411920548366e+03
-2.959306686055528449e-02 4.806743856423201060e-03 -1.871553578647896371e-02 2.364456279668757793e-02 8.581157596385162456e-03 -5.370023030018819706e-03 -2.050599635499098440e+03
-2.960766552469960844e-02 4.733892700913405402e-03 -1.879040880072754827e-02 2.367596006438842451e-02 8.576343667429381021e-03 -5.374275529729062237e-03 -2.051646184629450090e+03
-2.962225291893671314e-02 4.660829269257821782e-03 -1.886529394840079019e-02 2.370725158703016616e-02 8.571499214504162481e-03 -5.378640597070641696e-03 -2.052692058076674584e+03
-2.963683679819359082e-02 4.587684495309038435e-03 -1.895323453159655086e-02 2.369913618628259958e-02 8.533748086085413825e-03 -5.037235438200665140e-03 -2.053737196826717536e+03
-2.965140953496415641e-02 4.514305389448307511e-03 -1.903981925470565190e-02 2.369275952642919264e-02 8.492044359949541335e-03 -4.699085531955705594e-03 -2.054781657336170611e+03
-2.966597061495939575e-02 4.440693969469120331e-03 -1.912580404116473107e-02 2.368581475533129699e-02 8.457632123568771185e-03 -4.361788691355824275e-03 -2.055825438378230501e+03
-2.968051269859624947e-02 4.366775617348723180e-03 -1.920072635409637504e-02 2.371666768995751851e-02 8.452668600062711313e-03 -4.366614338744642144e-03 -2.056868596387552770e+03
-2.969505207096400506e-02 4.292582210839105371e-03 -1.928124009347816775e-02 2.373147268824606776e-02 8.393437559066310727e-03 -4.027649872104453223e-03 -2.057911014598748807e+03
-2.970957136028382767e-02 4.218232882400204699e-03 -1.935617459378651678e-02 2.376210127804146907e-02 8.388407194141519335e-03 -4.032709931101293929e-03 -2.058952807215705434e+03
-2.972408759605594739e-02 4.143656599844662558e-03 -1.943792640280077658e-02 2.376559577255963132e-02 8.334173283777248503e-03 -3.697892404749247072e-03 -2.059993857441810178e+03
-2.973859324081086150e-02 4.068723543954188768e-03 -1.951853979765275429e-02 2.378670613792278898e-02 8.259685445938738310e-03 -3.360114839795526071e-03 -2.061034221741126657e+03
-2.975308680541227310e-02 3.993679220932724351e-03 -1.959923113622127899e-02 2.379600320485109055e-02 8.198945738395489735e-03 -3.021834814264741723e-03 -2.062073898805775571e+03
-2.976756847479099938e-02 3.918540412827905411e-03 -1.968308362097925812e-02 2.379546420827506614e-02 8.152014151619797408e-03 -2.678627757771587063e-03 -2.063112887308557674e+03
-2.978203036349505797e-02 3.843103249430754320e-03 -1.975803050111775427e-02 2.382550853037481570e-02 8.146813022319421629e-03 -2.684286889003404449e-03 -2.064151243697773680e+03
-2.979648070043734720e-02 3.767446699476843883e-03 -1.983297599501596467e-02 2.385543105377841214e-02 8.141578351552464232e-03 -2.690068743638577686e-03 -2.065188908919672485e+03
-2.981091946108887017e-02 3.691570154489104156e-03 -1.990791876987356435e-02 2.388523094907822608e-02 8.136308608231388947e-03 -2.695974240049258536e-03 -2.066225881614663194e+03
-2.982534662141751031e-02 3.615473002266260220e-03 -1.998285763955890207e-02 2.391490709818974367e-02 8.131001886245547983e-03 -2.702003954423078027e-03 -2.067262160460359155e+03
-2.983976215726871078e-02 3.539154628717673928e-03 -2.005779166478117992e-02 2.394445890993678050e-02 8.125656375758020383e-03 -2.708156441558887736e-03 -2.068297744128648446e+03
-2.985416604397281987e-02 3.462614425386126207e-03 -2.013271983651544750e-02 2.397388521229168803e-02 8.120272293115057827e-03 -2.714435343004107173e-03 -2.069332631258931997e+03
-2.986855825700987510e-02 3.385851774491961067e-03 -2.020764115771939498e-02 2.400318428930043463e-02 8.114849525153945003e-03 -2.720839247127617485e-03 -2.070366820512653248e+03
-2.988294671965653626e-02 3.308943451600458805e-03 -2.029170651138594017e-02 2.399389271947238722e-02 8.068001229098729563e-03 -2.378673650904050696e-03 -2.071400252760603507e+03
-2.989731551059250994e-02 3.231734024636076594e-03 -2.036661041745763470e-02 2.402293246238725033e-02 8.062500453904929490e-03 -2.385333820743944060e-03 -2.072433042180608481e+03
-2.991167255308552902e-02 3.154300257404867892e-03 -2.044150358018154492e-02 2.405184053047331599e-02 8.056960223671718463e-03 -2.392123942506747033e-03 -2.073465129641400381e+03
-2.992601782213006809e-02 3.076641514121685947e-03 -2.051638446579449535e-02 2.408061525687708176e-02 8.051380881422610589e-03 -2.399044194486422976e-03 -2.074496513769790909e+03
-2.994035129215127586e-02 2.998757165988838024e-03 -2.059125153677205181e-02 2.410925537931743121e-02 8.045760703586745180e-03 -2.406094927628429914e-03 -2.075527193143985187e+03
-2.995467293869329833e-02 2.920646556283917200e-03 -2.066610339107985070e-02 2.413775942816874520e-02 8.040099472841991460e-03 -2.413277364466030403e-03 -2.076557166438189142e+03
-2.996898273585935774e-02 2.842309054617434601e-03 -2.074093890920110719e-02 2.416612588296854561e-02 8.034395024599022203e-03 -2.420591179120396615e-03 -2.077586432227420573e+03
-2.998328912980051733e-02 2.763728827143117905e-03 -2.082196249192814000e-02 2.415682414472020145e-02 7.969418962271284171e-03 -2.085455344999776958e-03 -2.078614931357264595e+03
-2.999758386101175969e-02 2.684892332605813905e-03 -2.090217899887660685e-02 2.415193867846528869e-02 7.898680566034035552e-03 -1.748455160390188865e-03 -2.079642720221466789e+03
-3.001186569901778678e-02 2.605999649500836696e-03 -2.098906947533764680e-02 2.412662068214912331e-02 7.850166958963027478e-03 -1.404083465956753414e-03 -2.080669797327914694e+03
-3.002613581757374722e-02 2.526879559459903422e-03 -2.107598479774953557e-02 2.409953001015420829e-02 7.795875319985914355e-03 -1.061975919166017112e-03 -2.081696161338512411e+03
-3.004038598265277443e-02 2.447397911902995417e-03 -2.115072050372260315e-02 2.412718829549002214e-02 7.789949457536280569e-03 -1.069967876378684042e-03 -2.082721868536845705e+03
-3.005462414337941104e-02 2.367685452877297744e-03 -2.122543194248413187e-02 2.415470112067152203e-02 7.783978868277742665e-03 -1.078096898592895581e-03 -2.083746859754801335e+03
-3.006885027387149606e-02 2.287741510971659769e-03 -2.130011763009362000e-02 2.418206619554798265e-02 7.777961560075509310e-03 -1.086364729015321454e-03 -2.084771133573987754e+03
-3.008306434718455505e-02 2.207565429621840582e-03 -2.137477594895956581e-02 2.420928224295290990e-02 7.771896752260832111e-03 -1.094771865187253463e-03 -2.085794688504452097e+03
-3.009727446337104317e-02 2.127262908934870068e-03 -2.145929336572761914e-02 2.418731820526974496e-02 7.714730952034416084e-03 -7.510361748061661347e-04 -2.086817465372713741e+03
-3.011146434346612805e-02 2.046620526720973991e-03 -2.153389269565193775e-02 2.421423009642413582e-02 7.708569592208349384e-03 -7.597263776319304563e-04 -2.087839578244977929e+03
-3.012565787100224268e-02 1.965960177297052577e-03 -2.162986174380786275e-02 2.412972238272034428e-02 7.604612340669491925e-03 -6.921311814872072249e-05 -2.088860852402270211e+03
-3.013982345020931736e-02 1.884848816667649470e-03 -2.170439693454500815e-02 2.415632476086134600e-02 7.598352163726614789e-03 -7.819124035050013344e-05 -2.089881517338490539e+03
-3.015399388237570075e-02 1.803464366282836375e-03 -2.179008214273991592e-02 2.410050162694132511e-02 7.463528562244637655e-03 6.055936743773910344e-04 -2.090901340628218804e+03
-3.016813505309559607e-02 1.721881282925450405e-03 -2.186454705890128469e-02 2.412678909961308779e-02 7.457166429942545423e-03 5.963255093803658839e-04 -2.091920551752828487e+03
-3.018227288837341954e-02 1.639963731109114363e-03 -2.194332143748408542e-02 2.412143417002411000e-02 7.376333975741078755e-03 9.357866180256027826e-04 -2.092938975989618939e+03
-3.019638954145469761e-02 1.557906148980960992e-03 -2.201770958942009943e-02 2.414740111116489216e-02 7.369866537018517419e-03 9.262212472884836026e-04 -2.093956727330200010e+03
-3.021050968112858059e-02 1.475775862202706934e-03 -2.211193914746343095e-02 2.405267443813148553e-02 7.258566097278778065e-03 1.609097654915075384e-03 -2.094973631040193595e+03
-3.022460170668890903e-02 1.393240982598963366e-03 -2.218624419147554802e-02 2.407831211625867385e-02 7.251992002078357091e-03 1.599234638874355921e-03 -2.095989916580446788e+03
-3.023869737346589551e-02 1.310598185159906996e-03 -2.227689348611712125e-02 2.399630693924011127e-02 7.138435040890909848e-03 2.285728726555998416e-03 -2.097005351484564926e+03
-3.025276466019743635e-02 1.227583197392589009e-03 -2.235110902753416340e-02 2.402160822844914487e-02 7.131750947609914217e-03 2.275562246191409777e-03 -2.098020165179805645e+03
-3.026682799813305846e-02 1.144335425842043499e-03 -2.243064874142873880e-02 2.400264343940322620e-02 7.061889593297098096e-03 2.614967560652907072e-03 -2.099034182946362762e+03
-3.028087043342675075e-02 1.060837504941716716e-03 -2.250476876400729284e-02 2.402760277641147191e-02 7.055091524083329999e-03 2.604495032489525033e-03 -2.100047518666941869e+03
-3.029490819508414909e-02 9.772916126055393535e-04 -2.259561861157925386e-02 2.397023805801091687e-02 7.003223107362914826e-03 2.951154842259151416e-03 -2.101060055368210215e+03
-3.030892566619516892e-02 8.933078774690353429e-04 -2.266963614395101773e-02 2.399484982393600141e-02 6.996307626513115045e-03 2.940369490240679617e-03 -2.102071906953771304e+03
-3.032293881021920837e-02 8.091113432462212129e-04 -2.274968240716513865e-02 2.397011031690458871e-02 6.930634725129995732e-03 3.278907637711518316e-03 -2.103082956370732063e+03
-3.033693901806349194e-02 7.246715125807742406e-04 -2.283014900955711995e-02 2.394200182527629270e-02 6.872185911927680343e-03 3.616291591245814670e-03 -2.104093259799654334e+03
-3.035091882828918827e-02 6.399535863883709826e-04 -2.290399966711500340e-02 2.396607679908081823e-02 6.865088937778318634e-03 3.605030057361824011e-03 -2.105102873464661570e+03
-3.036489421235463379e-02 5.549848600215279626e-04 -2.298305150750694012e-02 2.394064249023663757e-02 6.796861061242281607e-03 3.940484479738903291e-03 -2.106111680230970251e+03
-3.037886482048492154e-02 4.699221492379099577e-04 -2.307227157776258614e-02 2.385012747569239394e-02 6.677088255480602245e-03 4.626745008182037329e-03 -2.107119678523033599e+03
-3.039280670732864495e-02 3.844633993840936492e-04 -2.314593946881426251e-02 2.387365029553087381e-02 6.669805995852556672e-03 4.614991208797465140e-03 -2.108127040001275873e+03
-3.040673589407529021e-02 2.987562414589563014e-04 -2.321954330106841546e-02 2.389698433112123419e-02 6.662457323160224376e-03 4.603080125027184631e-03 -2.109133647527349694e+03
-3.042066819801162933e-02 2.129587311236325997e-04 -2.331001482938257000e-02 2.379372618465839737e-02 6.543516424369672305e-03 5.283860746610635761e-03 -2.110139384086194696e+03
-3.043457189667636911e-02 1.267524662614285234e-04 -2.338348455516807423e-02 2.381667907901387216e-02 6.536035962186008755e-03 5.271616749384054612e-03 -2.111144478963228266e+03
-3.044846280644313702e-02 4.029551378707909085e-05 -2.345688414597911498e-02 2.383943864718113606e-02 6.528487543270501854e-03 5.259205031593924828e-03 -2.112148815063240818e+03
-3.046235627488547149e-02 -4.620028604412772689e-05 -2.355127961880756557e-02 2.371573652902960946e-02 6.413061215099487115e-03 5.935638093014046143e-03 -2.113152275250849016e+03
-3.047623011418119227e-02 -1.331978291018122082e-04 -2.362872788750172356e-02 2.368776763969487192e-02 6.331280015132078644e-03 6.266314195918473544e-03 -2.114155031114608391e+03
-3.049008247686651324e-02 -2.204114726788177728e-04 -2.370190547491218477e-02 2.370993580463442302e-02 6.323526330016618520e-03 6.253389963570072513e-03 -2.115157081068487969e+03
-3.050392192944132580e-02 -3.078788923882872712e-04 -2.377500534116450820e-02 2.373190299254672800e-02 6.315702360354565927e-03 6.240294086125448315e-03 -2.116158365648846939e+03
-3.051776360385805714e-02 -3.954333865951789855e-04 -2.386594182539136799e-02 2.360890756761393344e-02 6.202881775104169583e-03 6.907550806603557532e-03 -2.117158767695092592e+03
-3.053157714338838521e-02 -4.834106741536487394e-04 -2.393888072432227496e-02 2.363046639915869843e-02 6.194914135759389123e-03 6.894103317138126040e-03 -2.118158516523905291e+03
-3.054538660506440906e-02 -5.717321651754869293e-04 -2.401548903614941777e-02 2.360132343486657375e-02 6.102197269978334136e-03 7.219127509607187708e-03 -2.119157437249590203e+03
-3.055918916220954837e-02 -6.600351453558804407e-04 -2.410658299856761541e-02 2.347564897909605597e-02 5.990675291210976333e-03 7.887701783802278724e-03 -2.120155528106738075e+03
-3.057297149045940660e-02 -7.486202672952348538e-04 -2.419247562649630076e-02 2.341375209151267886e-02 5.922261206367507129e-03 8.220218448627057001e-03 -2.121152902982736578e+03
-3.058673283211467767e-02 -8.376267619563741414e-04 -2.426506729276569491e-02 2.343447134197909967e-02 5.913991806049862660e-03 8.206055223780475347e-03 -2.122149560103929616e+03
-3.060048104632048099e-02 -9.268925707143695503e-04 -2.433756678293394829e-02 2.345497548175107597e-02 5.905644513271295949e-03 8.191711568877664551e-03 -2.123145440061095087e+03
-3.061421610077443706e-02 -1.016418494372924811e-03 -2.440997199098140710e-02 2.347526266563284419e-02 5.897220329792595903e-03 8.177184056694226238e-03 -2.124140541081962056e+03
-3.062794577015919353e-02 -1.106167514197449724e-03 -2.448883030215871434e-02 2.342460036541315488e-02 5.828822826973859179e-03 8.496714373045381741e-03 -2.125134803709318930e+03
-3.064166271752061937e-02 -1.196183141293317076e-03 -2.456641518110268957e-02 2.338075438845017492e-02 5.751810493815291171e-03 8.820092112368355802e-03 -2.126128283934340288e+03
-3.065536548175136142e-02 -1.286401000290980515e-03 -2.464737736515917529e-02 2.332423819191218467e-02 5.692935828470218305e-03 9.143792920211462130e-03 -2.127120980022383264e+03
-3.066904757517913485e-02 -1.376975531097358266e-03 -2.471938477979744933e-02 2.334363450920713678e-02 5.684188107744733015e-03 9.128512118792446450e-03 -2.128112947943593554e+03
-3.068271634755206922e-02 -1.467814270276307422e-03 -2.479128715384922715e-02 2.336280277571314151e-02 5.675355430488407925e-03 9.113044300085901273e-03 -2.129104128215714354e+03
-3.069638044411004962e-02 -1.558970116668543767e-03 -2.486661348157300638e-02 2.332274771297400753e-02 5.584979259622659641e-03 9.431008969796575783e-03 -2.130094461258616320e+03
-3.071002247532775287e-02 -1.650339775422762041e-03 -2.493829858860411794e-02 2.334145512603296932e-02 5.575975253903284190e-03 9.415158625867607600e-03 -2.131084060839072663e+03
-3.072365889786248319e-02 -1.741832982537062143e-03 -2.502126289479031374e-02 2.327474598815425233e-02 5.503532364231735266e-03 9.737234433690750840e-03 -2.132072809676071302e+03
-3.073727405638938467e-02 -1.833736952689377347e-03 -2.509272138551872991e-02 2.329298150281981089e-02 5.494354188200591300e-03 9.720993488548240746e-03 -2.133060821439762549e+03
-3.075087572769952607e-02 -1.925909336407358088e-03 -2.516406315659291265e-02 2.331097680064037406e-02 5.485087037899564165e-03 9.704552504511311170e-03 -2.134048036521537597e+03
-3.076447154058253863e-02 -2.018286642234036563e-03 -2.524251634068433101e-02 2.324990399344294481e-02 5.416061456462911532e-03 1.001721337309305175e-02 -2.135034395436704926e+03
-3.077804613742927964e-02 -2.110998452796062144e-03 -2.531361764113134946e-02 2.326741440639262110e-02 5.406612797190801963e-03 1.000037138421964837e-02 -2.136020011805639115e+03
-3.079160714547983513e-02 -2.203981251707762094e-03 -2.538459498241156173e-02 2.328467961591144594e-02 5.397070243770809433e-03 9.983326884654298433e-03 -2.137004826018709082e+03
-3.080516245999495237e-02 -2.297159668968037222e-03 -2.546232248351475852e-02 2.322621739675600344e-02 5.322886654164906903e-03 1.029828000499099019e-02 -2.137988778564303630e+03
-3.081870423553300167e-02 -2.390576583362828689e-03 -2.554137400881510006e-02 2.316479174718300005e-02 5.245884469336030247e-03 1.061506336741656169e-02 -2.138971925194985033e+03
-3.083223230495009751e-02 -2.484343842895476474e-03 -2.561740655442645495e-02 2.310591135615227415e-02 5.167438565495507952e-03 1.092372967030578491e-02 -2.139954264185518241e+03
-3.084574638446152886e-02 -2.578272328567589745e-03 -2.569970900635796390e-02 2.302552224996089192e-02 5.092077520690518021e-03 1.123330077950395259e-02 -2.140935793569156431e+03
-3.085925508110495472e-02 -2.672608069160643720e-03 -2.577966626422354898e-02 2.289302005958344238e-02 4.940562428731322918e-03 1.186422770467496918e-02 -2.141916453715273747e+03
-3.087274961833566533e-02 -2.767034950849232497e-03 -2.586666026636976271e-02 2.273695145518519339e-02 4.797694920265890318e-03 1.249784021127589052e-02 -2.142896300559365955e+03
-3.088622256823196285e-02 -2.861853097243332884e-03 -2.594391656237191035e-02 2.267049612289808586e-02 4.719111893033745703e-03 1.280490768545592198e-02 -2.143875389815080780e+03
-3.089967362384126934e-02 -2.957035596621400073e-03 -2.601381035488288876e-02 2.268570918907332826e-02 4.708783209100641555e-03 1.278618800147323167e-02 -2.144853719661562991e+03
-3.091311077655676393e-02 -3.052497080879907742e-03 -2.608355689770151115e-02 2.270065584696205965e-02 4.698349042951471474e-03 1.276725326765643272e-02 -2.145831230381867954e+03
-3.092654986404150264e-02 -3.147944623294597535e-03 -2.617524725400417057e-02 2.252700885417906543e-02 4.548350740146301502e-03 1.340001722617363382e-02 -2.146807804575913906e+03
-3.093996672329453121e-02 -3.243864912206248421e-03 -2.625355797261724744e-02 2.244723385073796318e-02 4.474393528943800338e-03 1.369813106369609929e-02 -2.147783613505457197e+03
-3.095336195105128502e-02 -3.340168840922198325e-03 -2.632284625730346717e-02 2.246136187394830869e-02 4.463638566832069804e-03 1.367853463230602439e-02 -2.148758655217754040e+03
-3.096674313105740595e-02 -3.436755440351984582e-03 -2.639197599276095832e-02 2.247521086693952605e-02 4.452775040993233943e-03 1.365871285526001032e-02 -2.149732869995664714e+03
-3.098011022712235038e-02 -3.533625654189475902e-03 -2.646094437684011133e-02 2.248877860426327577e-02 4.441801767909888017e-03 1.363866473358748416e-02 -2.150706255889886961e+03
-3.099347082517086086e-02 -3.630712221754043862e-03 -2.653624773588047353e-02 2.241653837298265492e-02 4.367843727000602673e-03 1.393646363118742140e-02 -2.151678753144740313e+03
-3.100681822997206766e-02 -3.728211938965092682e-03 -2.660744788819114845e-02 2.235958551323550744e-02 4.271676757507157120e-03 1.423232138311056848e-02 -2.152650417467054922e+03
-3.102015256416790559e-02 -3.825844396075743937e-03 -2.668429824163437783e-02 2.226210416628364094e-02 4.176880655834146541e-03 1.460361707105894795e-02 -2.153621232762134241e+03
-3.103346880216669573e-02 -3.923783471896593981e-03 -2.675860591562719340e-02 2.220443976060913066e-02 4.115299976985968035e-03 1.481968969701021738e-02 -2.154591239489700001e+03
-3.104678075168093229e-02 -4.022028835635731159e-03 -2.683691945445708035e-02 2.204532260040046807e-02 3.961794987401817680e-03 1.541956042834274031e-02 -2.155560335311246490e+03
-3.106006256091458154e-02 -4.120620495899398120e-03 -2.690485881981038302e-02 2.205715409206366120e-02 3.950122235952329211e-03 1.539812201163281297e-02 -2.156528705628856187e+03
-3.107333780854719049e-02 -4.219449642248119386e-03 -2.697811560438925782e-02 2.198218433189552679e-02 3.870989242868100658e-03 1.568774368059521612e-02 -2.157496175198320088e+03
-3.108660624997652139e-02 -4.318450473255640992e-03 -2.706031012143501197e-02 2.180635631960424481e-02 3.726543301103711972e-03 1.628567541634620003e-02 -2.158462741873403502e+03
-3.109985245081639191e-02 -4.417795954917708677e-03 -2.713686132345642307e-02 2.171741686865091836e-02 3.650837109250066118e-03 1.657346441854262026e-02 -2.159428519108279033e+03
-3.111307664263186432e-02 -4.517554595772865084e-03 -2.720405301087965716e-02 2.172803345438996392e-02 3.638672055527838317e-03 1.655106306538240216e-02 -2.160393504832722556e+03
-3.112631745060970984e-02 -4.617217468631054818e-03 -2.730101136176188090e-02 2.135906093330539740e-02 3.353853578564592892e-03 1.775931714016300983e-02 -2.161357408163226410e+03
-3.113953627774646363e-02 -4.717258450905499785e-03 -2.739434370048978232e-02 2.106483381801305121e-02 3.139925286185191438e-03 1.865942896286802710e-02 -2.162320515786788746e+03
-3.115272532138788422e-02 -4.817901299365444194e-03 -2.746377314080751531e-02 2.099545986614573603e-02 3.045185453769064157e-03 1.894267924414516635e-02 -2.163282883270308048e+03
-3.116590716384631810e-02 -4.918729155975829631e-03 -2.754058226398142448e-02 2.082449228835355631e-02 2.891134073263917567e-03 1.952463535011464066e-02 -2.164244335288295133e+03
-3.117907414249348336e-02 -5.019706724668970312e-03 -2.762630647406818379e-02 2.062551657640377886e-02 2.743876073842630922e-03 2.011155766291644609e-02 -2.165204927457927624e+03
-3.119222653911402771e-02 -5.120954921971124056e-03 -2.771247730521423508e-02 2.042764481750675848e-02 2.585872631098622490e-03 2.069786085105779910e-02 -2.166164657573073328e+03
-3.120534838849785622e-02 -5.222794030116193614e-03 -2.777823525573634364e-02 2.043602556448659638e-02 2.572777376291621176e-03 2.067369467704045782e-02 -2.167123638961087181e+03
-3.121847105868461730e-02 -5.324800877104859421e-03 -2.785523297683568586e-02 2.025415366309192555e-02 2.423885169657421981e-03 2.124300619210010843e-02 -2.168081638442662552e+03
-3.123156330624583810e-02 -5.427243622604698697e-03 -2.792055033521476798e-02 2.026186779282438191e-02 2.410509864725236210e-03 2.121831423820239038e-02 -2.169038884879168108e+03
-3.124464827739268855e-02 -5.529857934956619939e-03 -2.799496891354153957e-02 2.016322014150821046e-02 2.331246586312790345e-03 2.149042910456643724e-02 -2.169995202816471192e+03
-3.125771810683070084e-02 -5.632826226079449064e-03 -2.806636777764647331e-02 2.007189504452254816e-02 2.257706984771780129e-03 2.175947439222070470e-02 -2.170950647730283890e+03
-3.127077373812640892e-02 -5.736170601875201225e-03 -2.813472195869121811e-02 1.998563889166780905e-02 2.165678279510253792e-03 2.202054445431542856e-02 -2.171905217403574625e+03
-3.128382994899334829e-02 -5.839560281338752358e-03 -2.821936435379132635e-02 1.969200251577603311e-02 1.934055586879459806e-03 2.286570683670223481e-02 -2.172858794084927922e+03
-3.129687191503324750e-02 -5.943462676509413643e-03 -2.829625524509046114e-02 1.942125254252607958e-02 1.683789302874958609e-03 2.370130591224800520e-02 -2.173811491065917380e+03
-3.130989061288159958e-02 -6.047625569682593683e-03 -2.836882779252490258e-02 1.924391012754974109e-02 1.519302421383819050e-03 2.425367504678003702e-02 -2.174763363818669859e+03
-3.132288669813932530e-02 -6.152260247650898593e-03 -2.843454541334119318e-02 1.916153244993719709e-02 1.410920021662850302e-03 2.450696640470896581e-02 -2.175714409994582184e+03
-3.133586701166050925e-02 -6.257064866685216331e-03 -2.850381939448230761e-02 1.906995775810130939e-02 1.321129065707640814e-03 2.476706329811513563e-02 -2.176664569657042648e+03
-3.134883112725741355e-02 -6.362180289020459741e-03 -2.857432231103068307e-02 1.896732391456983080e-02 1.250264532417719784e-03 2.502095779733876785e-02 -2.177613840415759114e+03
-3.136178105223594303e-02 -6.467680189586592909e-03 -2.864027053989215421e-02 1.888126405128202207e-02 1.157124934939802920e-03 2.527494220010987128e-02 -2.178562219986845321e+03
-3.137471521901522703e-02 -6.573442010958605204e-03 -2.870866055003442469e-02 1.878248109646155420e-02 1.072923575066453373e-03 2.552389142976759992e-02 -2.179509706014855965e+03
-3.138764234382510065e-02 -6.679470905555293797e-03 -2.878021821460688412e-02 1.859070600579192101e-02 9.106906293187294220e-04 2.604980352647452355e-02 -2.180456238421199942e+03
-3.140054604068057836e-02 -6.785917144848654589e-03 -2.884546475018090819e-02 1.850106489369798130e-02 8.212065277699023228e-04 2.629721118885075884e-02 -2.181401930324805107e+03
-3.141342797153691413e-02 -6.892701747936879307e-03 -2.890783513488732678e-02 1.848528132405838006e-02 7.894867796508748354e-04 2.631969305424034650e-02 -2.182346768356871053e+03
-3.142629964231760664e-02 -6.999796000323891057e-03 -2.897171602793918374e-02 1.840947780300240116e-02 7.054248952230662102e-04 2.650678972359634192e-02 -2.183290667698032848e+03
-3.143915665628620182e-02 -7.107167421265271970e-03 -2.903750716098741844e-02 1.831055848064465016e-02 6.207685824366438940e-04 2.674590828577450008e-02 -2.184233650636273069e+03
-3.145199044781005204e-02 -7.214913964467366096e-03 -2.909846917564375135e-02 1.831208691911202779e-02 6.046921570583618571e-04 2.671639641124127010e-02 -2.185175783493472863e+03
-3.146481649892198668e-02 -7.322870144172802589e-03 -2.916625222029107373e-02 1.820439137851314823e-02 5.154358910766011380e-04 2.695279221739156281e-02 -2.186116948366467113e+03
-3.147761904567974306e-02 -7.431261891082106309e-03 -2.922662498231815703e-02 1.820512439553425080e-02 4.990021037789979996e-04 2.692267095329185789e-02 -2.187057258285198259e+03
-3.149042302512742447e-02 -7.540078350456805474e-03 -2.929018452503686157e-02 1.802233409407017276e-02 3.028795371562639522e-04 2.740913403067217827e-02 -2.187996537557288320e+03
-3.150320292078138962e-02 -7.649171426848250938e-03 -2.935111185282068130e-02 1.793156476006704456e-02 1.917369530205957303e-04 2.763539023030243610e-02 -2.188934956912504731e+03
-3.151595825416269453e-02 -7.758539677172331291e-03 -2.941056520101651209e-02 1.793108101289386108e-02 1.747492982319616720e-04 2.760432098836243173e-02 -2.189872513980300482e+03
-3.152870529048427267e-02 -7.868105702009459482e-03 -2.947823575197446033e-02 1.781210485185007186e-02 9.058293992644202489e-05 2.782888874571791404e-02 -2.190809090624451983e+03
-3.154143676871473678e-02 -7.978071053428221690e-03 -2.954119134361402055e-02 1.770780007970742739e-02 6.193554219537829427e-07 2.805140798355576850e-02 -2.191744742154294727e+03
-3.155414446725550437e-02 -8.088426434404803050e-03 -2.959968398801777340e-02 1.770606289211825238e-02 -1.694623103437887379e-05 2.801938168186507774e-02 -2.192679523800601146e+03
-3.156683619222439008e-02 -8.199113264048513150e-03 -2.965784734702306413e-02 1.770390031278733928e-02 -3.470910396707634472e-05 2.798703001573759133e-02 -2.193613375210256436e+03
-3.157952832434988283e-02 -8.310071920131410772e-03 -2.972195891003745830e-02 1.749266417423522152e-02 -2.144629730587612327e-04 2.844213570496025717e-02 -2.194546178353620235e+03
-3.159218795760572462e-02 -8.421425303899304771e-03 -2.977944884520377852e-02 1.748963839325450020e-02 -2.326257745745123888e-04 2.840911668076967836e-02 -2.195478161604761681e+03
-3.160483147238096757e-02 -8.533113802311885487e-03 -2.983659459956123500e-02 1.748617494027259953e-02 -2.509932113407478270e-04 2.837576031140932528e-02 -2.196409206933457426e+03
-3.161745881951111975e-02 -8.645138640366072796e-03 -2.989339104942713779e-02 1.748227061423789780e-02 -2.695682029014158615e-04 2.834206535977722846e-02 -2.197339311729439487e+03
-3.163007844319965650e-02 -8.757506531174337125e-03 -2.995129717273234404e-02 1.737931661532856470e-02 -3.746797432176941973e-04 2.854653401395598408e-02 -2.198268415550252030e+03
-3.164268061316184016e-02 -8.870126966449598180e-03 -3.001276949892405996e-02 1.726095545493984765e-02 -4.546869252079276222e-04 2.874919415849698859e-02 -2.199196573549389996e+03
-3.165525915995887063e-02 -8.983168241579634478e-03 -3.006848716390388837e-02 1.725570386606613271e-02 -4.739011069031847517e-04 2.871446647733807631e-02 -2.200123840781899162e+03
-3.166782134101530505e-02 -9.096550869810589995e-03 -3.012383490774850694e-02 1.724999491338404661e-02 -4.933338944061844110e-04 2.867938714812399981e-02 -2.201050156883824457e+03
-3.168036710553533836e-02 -9.210276116110001701e-03 -3.017880731500997490e-02 1.724382377546972850e-02 -5.129882104500056500e-04 2.864395050808197021e-02 -2.201975519150856144e+03
-3.169290418203343090e-02 -9.324145533665837912e-03 -3.024674685461113330e-02 1.709775967819893855e-02 -5.961788458686068711e-04 2.884641998588530556e-02 -2.202899867036858723e+03
-3.170543294509623605e-02 -9.438320658093312526e-03 -3.031385245889461205e-02 1.686111634870986545e-02 -7.666788909136600322e-04 2.927402890234524074e-02 -2.203823197960608468e+03
-3.171792915026330761e-02 -9.553081453322639569e-03 -3.036766771078601435e-02 1.685353241911656877e-02 -7.870132984633600734e-04 2.923751283966458808e-02 -2.204745682300080716e+03
-3.173041625516710706e-02 -9.668099529008074636e-03 -3.042662081112710443e-02 1.672683773757553671e-02 -8.738725655036326751e-04 2.942209219372644499e-02 -2.205667144096590619e+03
-3.174288701245486094e-02 -9.783440232706672526e-03 -3.048595582391267975e-02 1.660097616450615862e-02 -9.678901923510387474e-04 2.960899679354851016e-02 -2.206587638301817606e+03
-3.175533319157109596e-02 -9.899248272922503422e-03 -3.053856248190676276e-02 1.659194015454400900e-02 -9.889303123312642111e-04 2.957136542815311936e-02 -2.207507219902206998e+03
-3.176776259044269968e-02 -1.001540802901261518e-02 -3.059075453295853272e-02 1.658241360995180158e-02 -1.010212620850524552e-03 2.953335259378121747e-02 -2.208425828309480494e+03
-3.178019991459317406e-02 -1.013179487028352532e-02 -3.065222506437872627e-02 1.624193243814220713e-02 -1.275315590056435959e-03 3.014101206403041813e-02 -2.209343287510249411e+03
-3.179261262779344704e-02 -1.024868781900683395e-02 -3.070691168366013885e-02 1.602252869816404163e-02 -1.471330985109236883e-03 3.052560357225801019e-02 -2.210259825565057781e+03
-3.180499980177731167e-02 -1.036591824845154060e-02 -3.075884519580366835e-02 1.590560757798668151e-02 -1.578862774712469844e-03 3.069472879788912034e-02 -2.211175439690042367e+03
-3.181736896322012731e-02 -1.048340680593047927e-02 -3.081474024132457509e-02 1.577137821364965956e-02 -1.664863503428716616e-03 3.086138991046616722e-02 -2.212090069191428938e+03
-3.182972283449228557e-02 -1.060148489087568875e-02 -3.086477873136235506e-02 1.566706769875529995e-02 -1.790646373403316418e-03 3.102582878092318558e-02 -2.213003711178530011e+03
-3.184206708461127799e-02 -1.071971669429397020e-02 -3.092306427554646769e-02 1.542223896162926884e-02 -1.983962456946207573e-03 3.139067784797303778e-02 -2.213916304958765977e+03
-3.185437750812898650e-02 -1.083837636066160327e-02 -3.097218987576784432e-02 1.540912943850378421e-02 -2.007028523721613930e-03 3.134992391032941084e-02 -2.214828020872040724e+03
-3.186667902336592223e-02 -1.095735945383891768e-02 -3.102266118944365172e-02 1.528549684058239794e-02 -2.109235597806857071e-03 3.150900305156487113e-02 -2.215738682657717618e+03
-3.187895495885031960e-02 -1.107674577426966123e-02 -3.107085397409108107e-02 1.527132302041449632e-02 -2.132845898485661272e-03 3.146743755098283662e-02 -2.216648402954840549e+03
-3.189121356469399454e-02 -1.119649749435302870e-02 -3.111857079344750379e-02 1.525660980313012748e-02 -2.156733864006200874e-03 3.142545848328084923e-02 -2.217557120873767417e+03
-3.190347059739646884e-02 -1.131658825348825885e-02 -3.117160407182954091e-02 1.500661845697883259e-02 -2.329964105365236841e-03 3.176085902251703924e-02 -2.218464717993022077e+03
-3.191570253991781597e-02 -1.143698052952339672e-02 -3.122195884528321599e-02 1.487774885416556780e-02 -2.428509108347700739e-03 3.191526491714445635e-02 -2.219371364533955330e+03
-3.192790881359898469e-02 -1.155783712926544346e-02 -3.126820787765741128e-02 1.486138168141339262e-02 -2.453242690689355979e-03 3.187201382984011094e-02 -2.220277057366622557e+03
-3.194010562631696692e-02 -1.167900582231435995e-02 -3.131605012680516859e-02 1.473340526385407551e-02 -2.551927077511798037e-03 3.201916407466701836e-02 -2.221181677905240122e+03
-3.195228541094316532e-02 -1.180065496178107388e-02 -3.136079552299920331e-02 1.461234825361040074e-02 -2.667371308682280236e-03 3.215920671568994055e-02 -2.222085280792651247e+03
-3.196444618127012444e-02 -1.192251370833064504e-02 -3.141183438194818794e-02 1.446266080037536539e-02 -2.754389600300297634e-03 3.229505861690708940e-02 -2.222987863004132578e+03
-3.197661341073879809e-02 -1.204449904181717490e-02 -3.147352712218486059e-02 1.395767599585579118e-02 -3.067552194715816687e-03 3.297776196446095681e-02 -2.223889248158724058e+03
-3.198873891970817340e-02 -1.216716582015783636e-02 -3.151992929110056935e-02 1.382048918053703328e-02 -3.159519427684820241e-03 3.311082748004374327e-02 -2.224789779511938377e+03
-3.200086177084979222e-02 -1.228998584548758946e-02 -3.157796470884277618e-02 1.342005947192091882e-02 -3.384496243585834521e-03 3.359038352338444833e-02 -2.225689165112386490e+03
-3.201294388327042412e-02 -1.241347145542683744e-02 -3.162054373811723496e-02 1.339965491782339410e-02 -3.411346212041846317e-03 3.354403585851101904e-02 -2.226587690520670094e+03
-3.202500801771519801e-02 -1.253733862640700643e-02 -3.166256938171244789e-02 1.337865152954936798e-02 -3.438513996629088531e-03 3.349723066423070106e-02 -2.227485179334575150e+03
-3.203706185584950794e-02 -1.266148575883216387e-02 -3.170873717486586557e-02 1.323020552417755215e-02 -3.534197139291023367e-03 3.361814900092476716e-02 -2.228381570540326720e+03
-3.204910583608626407e-02 -1.278609689854201190e-02 -3.175137695057324988e-02 1.297635800539190254e-02 -3.709381514143681498e-03 3.389779575323787625e-02 -2.229276860762401157e+03
-3.206112367110916517e-02 -1.291100203703927397e-02 -3.179645408694214970e-02 1.282940319706922343e-02 -3.809686352847692532e-03 3.401715813325953408e-02 -2.230171162307446139e+03
-3.207312352643031800e-02 -1.303643089286987342e-02 -3.183635938187707320e-02 1.269043189055682128e-02 -3.918301859859843819e-03 3.412452389591009994e-02 -2.231064414042049975e+03
-3.208509683903384979e-02 -1.316222886087591373e-02 -3.187550139428413365e-02 1.266635169024906034e-02 -3.947126175774554220e-03 3.407534954453109860e-02 -2.231956670449972080e+03
-3.209706721276574942e-02 -1.328816416584097104e-02 -3.192710219514150599e-02 1.237303138150726289e-02 -4.106179977409704120e-03 3.434357536423979229e-02 -2.232847754888543022e+03
-3.210900375339697382e-02 -1.341474527439701081e-02 -3.196503567460041301e-02 1.234768237804327942e-02 -4.135698655777821954e-03 3.429342121178631519e-02 -2.233737894892311488e+03
-3.212092181317173500e-02 -1.354172040755825639e-02 -3.200235190501161953e-02 1.232168550894576636e-02 -4.165574798061014855e-03 3.424277328028582645e-02 -2.234626971746224172e+03
-3.213283711356815231e-02 -1.366900340431158496e-02 -3.204215349880772112e-02 1.205739020862673164e-02 -4.334071806616956492e-03 3.449285030307417538e-02 -2.235514866357871597e+03
-3.214472614514693460e-02 -1.379668491980568304e-02 -3.208062138583742118e-02 1.191102895530915529e-02 -4.435068825521053769e-03 3.459309137419805391e-02 -2.236401748529021006e+03
-3.215659589637109850e-02 -1.392473825743925295e-02 -3.212124416974575236e-02 1.174834815397628358e-02 -4.528512072008288383e-03 3.468364486407595620e-02 -2.237287557005076451e+03
-3.216845523672561685e-02 -1.405313672746653225e-02 -3.216225060756707638e-02 1.147108234245271946e-02 -4.699013075486168679e-03 3.491948196181177133e-02 -2.238172230750146355e+03
-3.218029685832365233e-02 -1.418210215828199540e-02 -3.219708259428961938e-02 1.120812426791347599e-02 -4.892664116553292752e-03 3.514209558879649586e-02 -2.239055823709452852e+03
-3.219210263880428746e-02 -1.431147519115538724e-02 -3.223051647688218724e-02 1.117812833443312948e-02 -4.924766215612851918e-03 3.508836049490270115e-02 -2.239938447948790326e+03
-3.220388947201691804e-02 -1.444125364621674963e-02 -3.226327198514492012e-02 1.114744497476628099e-02 -4.957259158855148971e-03 3.503409230661328616e-02 -2.240819984423652841e+03
-3.221566653597134067e-02 -1.457158803387113497e-02 -3.229390491435261967e-02 1.101533069862133639e-02 -5.088429102410215073e-03 3.511002598403302477e-02 -2.241700371706508122e+03
-3.222741526602152656e-02 -1.470218234207565713e-02 -3.232527463525962375e-02 1.098325258860056823e-02 -5.121714930227617459e-03 3.505466977227911229e-02 -2.242579721638892352e+03
-3.223915287764628906e-02 -1.483314184872335136e-02 -3.235709036017741375e-02 1.082597185497076279e-02 -5.225836218680729971e-03 3.512318632137878538e-02 -2.243457915111867351e+03
-3.225088769986372839e-02 -1.496442909040097448e-02 -3.239519020523514564e-02 1.041203508804878879e-02 -5.483800708859003226e-03 3.543618102694379851e-02 -2.244334890740370611e+03
-3.226258680784709759e-02 -1.509621247993667842e-02 -3.242538869347514480e-02 1.025411647426381807e-02 -5.587865627871422408e-03 3.550007034592115446e-02 -2.245210875723105346e+03
-3.227426657577540242e-02 -1.522835873565245475e-02 -3.245702828203878010e-02 1.008979525159300374e-02 -5.691414633780526866e-03 3.556293368721319403e-02 -2.246085750977677435e+03
-3.228592710464667920e-02 -1.536100862403137930e-02 -3.248419396661911263e-02 9.936990384807638590e-03 -5.800287303795866392e-03 3.562317760497882985e-02 -2.246959512422909484e+03
-3.229755984262663859e-02 -1.549409161538352342e-02 -3.251118001429937482e-02 9.900563037966946672e-03 -5.836089709119527021e-03 3.556443884603895100e-02 -2.247832214387228305e+03
-3.230920359209392412e-02 -1.562732634446438451e-02 -3.254546423817943068e-02 9.358019792589324440e-03 -6.113772744755892330e-03 3.596279041546402572e-02 -2.248703564042466951e+03
-3.232081268537245755e-02 -1.576106442412388703e-02 -3.257699566903980715e-02 9.060728033925860916e-03 -6.276817390681263022e-03 3.612754333544023616e-02 -2.249573904043461880e+03
-3.233240202036184036e-02 -1.589532629487893506e-02 -3.260354712985780168e-02 8.769307255144468544e-03 -6.439444069963897420e-03 3.627834460850444531e-02 -2.250443115237457278e+03
-3.234395597838493619e-02 -1.603010347747258271e-02 -3.262740660221246508e-02 8.729837573943181883e-03 -6.477038027878825183e-03 3.621723682805597783e-02 -2.251311308883144648e+03
-3.235550536085225748e-02 -1.616515507600374199e-02 -3.265514098659324377e-02 8.427964446468946477e-03 -6.634749169815760961e-03 3.635907069978063649e-02 -2.252178250380345617e+03
-3.236703694241614693e-02 -1.630090042288211485e-02 -3.267400266555704758e-02 8.155415100542106818e-03 -6.840696298885286589e-03 3.648951289979746743e-02 -2.253044051027948626e+03
-3.237855447936698050e-02 -1.643668329724059032e-02 -3.270662552837789311e-02 7.707295936603675984e-03 -7.060969320769683658e-03 3.672354529901910442e-02 -2.253908649094376415e+03
-3.239005177936429836e-02 -1.657291278691233952e-02 -3.273578515421508156e-02 7.271556658311689215e-03 -7.282864644430508093e-03 3.695155938898304210e-02 -2.254772098526203081e+03
-3.240152905871395567e-02 -1.670958189885391604e-02 -3.276244979135941454e-02 6.836749398113921641e-03 -7.505299838341734572e-03 3.716784218528937367e-02 -2.255634394909814546e+03
-3.241297101746188486e-02 -1.684692218204290881e-02 -3.278059540790655840e-02 6.671003376045434377e-03 -7.615588533585275315e-03 3.719300428766934147e-02 -2.256495649889555352e+03
-3.242438420280787520e-02 -1.698473457649135251e-02 -3.279856096466541443e-02 6.625932565448321154e-03 -7.656572509138654357e-03 3.712749085789098652e-02 -2.257355801569832238e+03
-3.243580161202788692e-02 -1.712301098242064584e-02 -3.281477211873243954e-02 6.210116548511684757e-03 -7.909978639150423360e-03 3.730619407387292946e-02 -2.258214614884861476e+03
-3.244717593319399601e-02 -1.726170746901847103e-02 -3.283057276148707709e-02 6.133298840428362889e-03 -7.968905809801639026e-03 3.725966539785182524e-02 -2.259072417354586833e+03
-3.245853371194552112e-02 -1.740084895904076001e-02 -3.284472318709628913e-02 5.996684779408835604e-03 -8.061507758101394902e-03 3.725226393865428004e-02 -2.259929017650860260e+03
-3.246988047470834859e-02 -1.754032409106177914e-02 -3.285994722638094223e-02 5.697657499379921164e-03 -8.223877426247640579e-03 3.734149196657651770e-02 -2.260784367693382592e+03
-3.248120661104283297e-02 -1.768028854652901882e-02 -3.287286127346409487e-02 5.396098173227445623e-03 -8.388838340866460949e-03 3.741784969460613952e-02 -2.261638535608877646e+03
-3.249251086816098977e-02 -1.782053006207161630e-02 -3.289364482549698987e-02 5.067550752719060352e-03 -8.532844539494476369e-03 3.749484057453088270e-02 -2.262491517021956042e+03
-3.250378799960060988e-02 -1.796150240247937346e-02 -3.290314440047893002e-02 4.894860706920158705e-03 -8.654050273819291830e-03 3.748814149267602758e-02 -2.263343365343609548e+03
-3.251505069270355791e-02 -1.810277665331039287e-02 -3.291495905938669753e-02 4.587362911976976786e-03 -8.803838589904206674e-03 3.755284946932839485e-02 -2.264193960695817168e+03
-3.252629399527490195e-02 -1.824459420537040411e-02 -3.292171330811385910e-02 4.287830106278319765e-03 -8.985843669472937459e-03 3.760480295571777543e-02 -2.265043356487360597e+03
-3.253751475492209361e-02 -1.838682863854599822e-02 -3.292973640872887131e-02 3.978845491827832752e-03 -9.143537901159598524e-03 3.765088220042213385e-02 -2.265891548105138099e+03
-3.254869878624178786e-02 -1.852960029025894906e-02 -3.293723832532467755e-02 3.924186141006098805e-03 -9.190572711926770291e-03 3.757774994462902834e-02 -2.266738646784248886e+03
-3.255986147792219731e-02 -1.867283476331236050e-02 -3.294370920795829105e-02 3.868604752720792694e-03 -9.238204437359613663e-03 3.750387410971135760e-02 -2.267584532252221379e+03
-3.257101071774358425e-02 -1.881638971555084014e-02 -3.295409922239161266e-02 3.669783918225315907e-03 -9.345635508218137419e-03 3.748415157316264262e-02 -2.268429142384204170e+03
-3.258213046940416913e-02 -1.896055609417265572e-02 -3.295846556993250326e-02 3.612325986803444512e-03 -9.394482793947778188e-03 3.740877462781437568e-02 -2.269272587947798456e+03
-3.259322861730535453e-02 -1.910519150501679281e-02 -3.296175855621184120e-02 3.553918525244942686e-03 -9.443953536064322862e-03 3.733263507548165161e-02 -2.270114806590801891e+03
-3.260430507050343651e-02 -1.925029798924631982e-02 -3.296396357844232766e-02 3.494554662897230574e-03 -9.494060837843217027e-03 3.725572263609509827e-02 -2.270955793539970728e+03
-3.261537544163178870e-02 -1.939570932040909912e-02 -3.296728017528955529e-02 3.170736262815001486e-03 -9.651135313410533559e-03 3.726518520878856905e-02 -2.271795428957221247e+03
-3.262640823846651300e-02 -1.954176452666580785e-02 -3.296726358870863405e-02 3.109429153906338988e-03 -9.702540483672814423e-03 3.718669481096062435e-02 -2.272633938686717102e+03
-3.263743505190191269e-02 -1.968826017199841460e-02 -3.296348763363314560e-02 2.797297496096396406e-03 -9.867975821012425763e-03 3.718048143216522855e-02 -2.273471087084063583e+03
-3.264843120328084908e-02 -1.983514766171512109e-02 -3.296462472549661904e-02 2.594891813504853102e-03 -9.963892583389484525e-03 3.713837516592949362e-02 -2.274307042580954203e+03
-3.265941350944383259e-02 -1.998250524935467690e-02 -3.296188793912118581e-02 2.268301234524276646e-03 -1.012013205325428336e-02 3.712157426119565978e-02 -2.275141684651266587e+03
-3.267036586575239321e-02 -2.013043199851264134e-02 -3.295675434724888025e-02 2.072875476594156132e-03 -1.022827677580963844e-02 3.706700657791318909e-02 -2.275975124268739364e+03
-3.268128789328041128e-02 -2.027889668239660215e-02 -3.295091089463909190e-02 2.006539712892037829e-03 -1.028308138853523471e-02 3.698442368577308653e-02 -2.276807356085838819e+03
-3.269221279878167796e-02 -2.042788603680865608e-02 -3.294202185231798891e-02 1.561895330645058418e-03 -1.053283454032987940e-02 3.696733918865614810e-02 -2.277638144262445167e+03
-3.270309830403756585e-02 -2.057730932952245989e-02 -3.293113880306518942e-02 1.374138030090827408e-03 -1.064746604451449405e-02 3.690825121935909642e-02 -2.278467772503913693e+03
-3.271396092652345544e-02 -2.072724257057258213e-02 -3.291931625809835921e-02 1.180500357446404849e-03 -1.076198647262942981e-02 3.684003310565763661e-02 -2.279296120070108827e+03
-3.272479261749780544e-02 -2.087767480935233400e-02 -3.290851502276842533e-02 1.109959923946703206e-03 -1.081969349285754993e-02 3.675400568649845462e-02 -2.280123240043911210e+03
-3.273560860059565591e-02 -2.102849061004298872e-02 -3.289962231996100550e-02 8.925218093152460742e-04 -1.091336325075116000e-02 3.667703137656503493e-02 -2.280949011335727846e+03
-3.274642448027424713e-02 -2.117945037186036786e-02 -3.289834733044694898e-02 2.520476838793935252e-04 -1.113824876696228004e-02 3.663458016238929638e-02 -2.281773313329465509e+03
-3.275721232253925308e-02 -2.133125368714531081e-02 -3.288349638639915390e-02 -2.098945493020441648e-04 -1.136635792254111869e-02 3.657704129818811767e-02 -2.282596371717801503e+03
-3.276796713759094065e-02 -2.148343797662290514e-02 -3.287357871288668076e-02 -5.680271291648937614e-04 -1.150788861731637594e-02 3.650177752240105211e-02 -2.283418181373060179e+03
-3.277868365572455395e-02 -2.163638077827284220e-02 -3.285618601908649183e-02 -6.440504990773119904e-04 -1.156947982483804566e-02 3.641120591540498996e-02 -2.284238794456994128e+03
-3.278939259534727896e-02 -2.178974218291693937e-02 -3.283479652588018605e-02 -9.740999546088429002e-04 -1.172396391697795928e-02 3.632462531180868232e-02 -2.285057974901056696e+03
-3.280007009169178672e-02 -2.194356180394403666e-02 -3.281887342379247868e-02 -1.198885114024829954e-03 -1.183197888227828856e-02 3.623050867940315334e-02 -2.285875890210094894e+03
-3.281073234222746382e-02 -2.209795699274722316e-02 -3.279426454980228361e-02 -1.529546722573333533e-03 -1.199095174497897404e-02 3.613202249033060920e-02 -2.286692419608788896e+03
-3.282136270004186451e-02 -2.225291027085476644e-02 -3.276992065588622827e-02 -1.740584344617338453e-03 -1.210062910888103603e-02 3.602764045169370988e-02 -2.287507672934721541e+03
-3.283196925703708857e-02 -2.240830721328054484e-02 -3.274763312868400611e-02 -1.963627775091454468e-03 -1.220951616001877266e-02 3.592085597733429836e-02 -2.288321586850177937e+03
-3.284256761166707422e-02 -2.256409035933501506e-02 -3.272234741370528416e-02 -2.445544694477609117e-03 -1.240165940061770285e-02 3.579049141448406579e-02 -2.289134040194659519e+03
-3.285311849573951254e-02 -2.272064785679671350e-02 -3.269492432897681128e-02 -2.529702259236378883e-03 -1.246919909745111341e-02 3.569308423936781716e-02 -2.289945316124173132e+03
-3.286367564307096645e-02 -2.287731321187339018e-02 -3.267085856505875380e-02 -3.158682128109311683e-03 -1.268120714386459721e-02 3.553467363154875353e-02 -2.290755004512080177e+03
-3.287419368507380618e-02 -2.303475974605366169e-02 -3.264172603060640915e-02 -3.512809658478589347e-03 -1.282693618163428632e-02 3.540153897906997416e-02 -2.291563446218600802e+03
-3.288469590858050795e-02 -2.319274200651943313e-02 -3.260844924917689902e-02 -3.992623154751198666e-03 -1.302846817688771766e-02 3.523507700570274043e-02 -2.292370461895865446e+03
-3.289515727242595805e-02 -2.335137379862012308e-02 -3.257340979763113931e-02 -4.211907489959111454e-03 -1.313391822314029754e-02 3.510709712248566428e-02 -2.293176219244940057e+03
-3.290560974769070335e-02 -2.351026703645507643e-02 -3.254122342839646520e-02 -4.708982407480412705e-03 -1.331075883108424548e-02 3.492921959587421549e-02 -2.293980481192957541e+03
-3.291602270738624297e-02 -2.366999743501509504e-02 -3.250168375035524665e-02 -4.927411939414082578e-03 -1.343170745376955598e-02 3.479256875814572270e-02 -2.294783472766288014e+03
-3.292640251481827179e-02 -2.383029080800854946e-02 -3.246320159985462139e-02 -5.020279801063631114e-03 -1.350586557175238039e-02 3.468771464055529774e-02 -2.295585129741487435e+03
-3.293675898750263176e-02 -2.399111292875102941e-02 -3.242280260695833832e-02 -5.138603045348851678e-03 -1.358830228120172685e-02 3.457553774705457439e-02 -2.296385377830059952e+03
-3.294712027157744444e-02 -2.415245965537143880e-02 -3.237007227399449349e-02 -5.700368454016829269e-03 -1.383184338900707126e-02 3.432910659170130413e-02 -2.297184012580552917e+03
-3.295742500602223679e-02 -2.431439277746546765e-02 -3.232650638093520490e-02 -5.797156563806483628e-03 -1.390905495637991159e-02 3.422085730688211730e-02 -2.297981456596515727e+03
-3.296770447562117484e-02 -2.447687791927654483e-02 -3.228119762040217861e-02 -5.895272526731135283e-03 -1.398732176565153223e-02 3.411144768402753907e-02 -2.298777484096636726e+03
-3.297798856981600663e-02 -2.463964412423813935e-02 -3.223230324775199634e-02 -6.527692661491506405e-03 -1.417607127616205172e-02 3.382043863607366724e-02 -2.299571857019547679e+03
-3.298821713410646228e-02 -2.480324101442505508e-02 -3.218343393560057358e-02 -6.628511481893019537e-03 -1.425649939020402941e-02 3.370866411135969160e-02 -2.300365031654757331e+03
-3.299842687513195039e-02 -2.496729382245676046e-02 -3.213390079299205393e-02 -6.869498153156295729e-03 -1.435032545875803388e-02 3.354671062294549422e-02 -2.301156712302125015e+03
-3.300861181382534759e-02 -2.513198744232286730e-02 -3.207848082573869219e-02 -7.097447095862116639e-03 -1.446392897397531102e-02 3.338085484270884862e-02 -2.301946950159946482e+03
-3.301877836978252961e-02 -2.529696417416403900e-02 -3.203221499736632477e-02 -7.497614323472289420e-03 -1.460260773635654354e-02 3.316009924120810748e-02 -2.302735681458580075e+03
-3.302893606387780762e-02 -2.546248829387040211e-02 -3.197518096920029529e-02 -8.134217145509976474e-03 -1.482218477808473593e-02 3.282503216182443978e-02 -2.303522840924611501e+03
-3.303905086729241186e-02 -2.562883389105780063e-02 -3.191177652390066177e-02 -8.492143077827066580e-03 -1.496851408653648678e-02 3.259033616205164741e-02 -2.304308653530973515e+03
-3.304913147619183145e-02 -2.579581036626689070e-02 -3.184842765648188134e-02 -8.725093806847508682e-03 -1.508487509054190663e-02 3.240950340354207398e-02 -2.305093054381344700e+03
-3.305917784355071748e-02 -2.596338456073905496e-02 -3.178626201831082770e-02 -8.835800381211516771e-03 -1.517340874579240460e-02 3.228894748959067890e-02 -2.305876036847424075e+03
-3.306919765333753841e-02 -2.613153812060255154e-02 -3.172208488170393664e-02 -8.947973223137851637e-03 -1.526317446130850790e-02 3.216707132632227323e-02 -2.306657536105313284e+03
-3.307919835646955936e-02 -2.630019360996847799e-02 -3.165471171460646632e-02 -9.190320908094323782e-03 -1.537528486019158758e-02 3.197789490992854200e-02 -2.307437487318098192e+03
-3.308917292367007101e-02 -2.646946378860357690e-02 -3.158301609656927189e-02 -9.423672085920084540e-03 -1.549669810714710168e-02 3.178918505828618596e-02 -2.308215941207428841e+03
-3.309912052283188466e-02 -2.663937283797420189e-02 -3.150853215476525498e-02 -9.660831443580342529e-03 -1.562492944634905415e-02 3.158926621919852518e-02 -2.308992890814035036e+03
-3.310904030414877491e-02 -2.680980832847907128e-02 -3.143425109579511129e-02 -9.907215207452156613e-03 -1.573988069629956091e-02 3.138683242808926882e-02 -2.309768328830361042e+03
-3.311893372160819998e-02 -2.698092567724782315e-02 -3.135441170018338219e-02 -1.013957793938226673e-02 -1.587198074945333007e-02 3.118423835812347139e-02 -2.310542247632782619e+03
-3.312879127724771555e-02 -2.715261620611145524e-02 -3.127753613227473445e-02 -1.026086522938207506e-02 -1.596959006518532814e-02 3.105405374334226434e-02 -2.311314698386459895e+03
-3.313862129001676066e-02 -2.732490643271928699e-02 -3.119843384989806970e-02 -1.038372788271267610e-02 -1.606858053290982982e-02 3.092241804027153970e-02 -2.312085615317384963e+03
-3.314843152778647328e-02 -2.749775035906316251e-02 -3.111409250177107552e-02 -1.063046962627915183e-02 -1.619067969978611049e-02 3.070736568592233665e-02 -2.312854933211775460e+03
-3.315822153671330041e-02 -2.767106897538361421e-02 -3.102871055136103423e-02 -1.101198530744483366e-02 -1.632947206794565370e-02 3.040805668985104362e-02 -2.313622644486839818e+03
-3.316799115899357608e-02 -2.784496166423590033e-02 -3.093717710613015301e-02 -1.151371716378872534e-02 -1.648163439717770587e-02 3.001724686482344640e-02 -2.314388741960565767e+03
-3.317772532621548337e-02 -2.801958773531346841e-02 -3.084465091510916676e-02 -1.188951037291703129e-02 -1.662683067963948921e-02 2.970489750432965190e-02 -2.315153332763634353e+03
-3.318743846644455625e-02 -2.819468286735802784e-02 -3.075025312228640492e-02 -1.240504037422043848e-02 -1.677830477434199066e-02 2.929221126952072374e-02 -2.315916293815840163e+03
-3.319712367882363818e-02 -2.837027388902563577e-02 -3.065967478733077831e-02 -1.293780136929389979e-02 -1.693070190698565958e-02 2.888084493861544852e-02 -2.316677675065414405e+03
-3.320676454735814465e-02 -2.854670834807459048e-02 -3.056545781827893493e-02 -1.320559787151851135e-02 -1.705537240097527996e-02 2.864712165283330239e-02 -2.317437583778837507e+03
-3.321636881290701560e-02 -2.872390597700500564e-02 -3.046731016544033249e-02 -1.334159955606514444e-02 -1.716629724781368674e-02 2.850312755373490131e-02 -2.318195954426917524e+03
-3.322597288892528700e-02 -2.890137839968162300e-02 -3.036211273307435829e-02 -1.398950142425171676e-02 -1.728440942050553028e-02 2.796487670621987387e-02 -2.318952489702715866e+03
-3.323552714287915377e-02 -2.907980719663646324e-02 -3.025471133543074925e-02 -1.424613978132367557e-02 -1.741498502452393932e-02 2.771667852878990576e-02 -2.319707586032084237e+03
-3.324506073958025110e-02 -2.925887926769589475e-02 -3.014010250184239251e-02 -1.461686241948897610e-02 -1.757175791275185361e-02 2.736250901053575990e-02 -2.320461004122276336e+03
-3.325455647163194639e-02 -2.943850811955484731e-02 -3.003002556589242852e-02 -1.488480523155192442e-02 -1.770281144291913078e-02 2.710770105186442389e-02 -2.321212850744758271e+03
-3.326402964828571729e-02 -2.961876630419760584e-02 -2.991301840479983210e-02 -1.527400173578181801e-02 -1.783462848675781282e-02 2.673882937411531380e-02 -2.321963001818650355e+03
-3.327346519341051190e-02 -2.979964869699518529e-02 -2.979985734078220011e-02 -1.555379582530381881e-02 -1.795422045568904196e-02 2.647674697171610581e-02 -2.322711564258474937e+03
-3.328286355461179680e-02 -2.998130498178489672e-02 -2.968307352561336959e-02 -1.570216710305675709e-02 -1.807700913552227201e-02 2.632073894441649617e-02 -2.323458529735354659e+03
-3.329224653133904671e-02 -3.016344948385324756e-02 -2.955938317330774126e-02 -1.609576211545364621e-02 -1.819897043052113444e-02 2.594247066283593417e-02 -2.324203716202538089e+03
-3.330159491346023487e-02 -3.034619247788948593e-02 -2.944109461447706050e-02 -1.643562559590893910e-02 -1.833208121822885520e-02 2.563072183947220917e-02 -2.324947267817329248e+03
-3.331091277265477157e-02 -3.052960048882109173e-02 -2.930645131219156499e-02 -1.696134356405804011e-02 -1.851084276951482643e-02 2.510083425688615366e-02 -2.325689135896398966e+03
-3.332019951179388678e-02 -3.071378495293504776e-02 -2.917447389640330860e-02 -1.726917570918857017e-02 -1.864304791372532397e-02 2.478885158410891812e-02 -2.326429318350008089e+03
-3.332945253471363001e-02 -3.089860172252246323e-02 -2.904379127662532964e-02 -1.756011947051306504e-02 -1.876254574410824577e-02 2.450239660772158407e-02 -2.327167817449264930e+03
-3.333867467149699559e-02 -3.108411658611618875e-02 -2.890808347581958274e-02 -1.784574682819563274e-02 -1.888495905189756588e-02 2.421228588626972086e-02 -2.327904607455058795e+03
-3.334786670581732504e-02 -3.127037387454087436e-02 -2.876539620089318960e-02 -1.811620905542356275e-02 -1.902737407216745572e-02 2.392254798188927015e-02 -2.328639678434941743e+03
-3.335702760663594724e-02 -3.145732631918592842e-02 -2.861945691635986791e-02 -1.839171823800191119e-02 -1.917735916565305523e-02 2.362330854702238137e-02 -2.329373021696737851e+03
-3.336615627985543148e-02 -3.164480251129704602e-02 -2.847720471120831001e-02 -1.868794012525000145e-02 -1.931400987386005380e-02 2.332727804023942628e-02 -2.330104626941410061e+03
-3.337524558059674212e-02 -3.183310847889346540e-02 -2.833010176159502652e-02 -1.885547590781133306e-02 -1.945648950811838113e-02 2.315182872817688614e-02 -2.330834542476207844e+03
-3.338430557437840895e-02 -3.202218874482062189e-02 -2.816416309798744702e-02 -1.922767300007616198e-02 -1.965043834619132138e-02 2.269912823356535353e-02 -2.331562685138600955e+03
-3.339335332081536101e-02 -3.221188915164996391e-02 -2.799685297607965376e-02 -1.969248433959394293e-02 -1.981396005570009930e-02 2.216132350926286118e-02 -2.332288918085498608e+03
-3.340235385805152835e-02 -3.240222616359875185e-02 -2.783476635343092725e-02 -1.997366639674450287e-02 -1.995550194656834850e-02 2.184998217319554514e-02 -2.333013473608369623e+03
-3.341134682922095034e-02 -3.259301873047629194e-02 -2.766236842412548441e-02 -2.060800619667891784e-02 -2.010283147158844000e-02 2.113718387202920615e-02 -2.333736068615013664e+03
-3.342030563914131364e-02 -3.278433539380648520e-02 -2.749394811587961562e-02 -2.127187649248578685e-02 -2.022901552183597670e-02 2.041061019864826021e-02 -2.334456865412135357e+03
-3.342921623477452392e-02 -3.297664713232257433e-02 -2.732114065032698394e-02 -2.168405519083223612e-02 -2.037579415189217161e-02 1.994960238600961000e-02 -2.335175969742164398e+03
-3.343810908338008814e-02 -3.316953056082777573e-02 -2.713761885752644099e-02 -2.232531585865468390e-02 -2.050189676540705233e-02 1.920468623213462261e-02 -2.335893139469352263e+03
-3.344694469197694725e-02 -3.336331797056630438e-02 -2.696018592148333171e-02 -2.262644300339864203e-02 -2.064853453622356866e-02 1.887084726110172320e-02 -2.336608652982988133e+03
-3.345575517543441374e-02 -3.355772278474783432e-02 -2.677607550951386153e-02 -2.303910930270761798e-02 -2.079292058048190506e-02 1.839809319570909901e-02 -2.337322268176937087e+03
-3.346452379653737375e-02 -3.375288425667959807e-02 -2.659396303094285763e-02 -2.335168790476853384e-02 -2.094936569042529437e-02 1.805841534829942183e-02 -2.338034089771911113e+03
-3.347326616858174730e-02 -3.394866936205417213e-02 -2.640536133243853376e-02 -2.377920146096124468e-02 -2.109218684738128555e-02 1.757316764900363273e-02 -2.338743990793308512e+03
-3.348196597804047048e-02 -3.414527813648692706e-02 -2.621545910628796106e-02 -2.409786473600804280e-02 -2.124284712301023961e-02 1.722384095633565718e-02 -2.339452076630871034e+03
-3.349063973387733650e-02 -3.434263150737264930e-02 -2.601269449174111598e-02 -2.451002690502487522e-02 -2.138967227003813268e-02 1.672542794199841434e-02 -2.340158219125792129e+03
-3.349926357545646161e-02 -3.454088347113438290e-02 -2.579908660442200435e-02 -2.486542477727171629e-02 -2.158970903240186104e-02 1.624391806795052323e-02 -2.340862580740717931e+03
-3.350786820507303809e-02 -3.473970823621940623e-02 -2.559130524707184384e-02 -2.528834340201591493e-02 -2.175254644433864681e-02 1.573487460970596566e-02 -2.341564918928736915e+03
-3.351643599448211192e-02 -3.493919329561677445e-02 -2.537956738999047265e-02 -2.571377404564691854e-02 -2.188326178353789189e-02 1.522440034359504035e-02 -2.342265336868376835e+03
-3.352496976074628710e-02 -3.513947835574697531e-02 -2.516188234870960286e-02 -2.613200570975092452e-02 -2.204056080791707076e-02 1.471082866136000540e-02 -2.342963823066982059e+03
-3.353347585689575583e-02 -3.534050816813850970e-02 -2.493311862101293269e-02 -2.665077419727909097e-02 -2.218041831034414310e-02 1.403682844124004223e-02 -2.343660307179970005e+03
-3.354195352904713878e-02 -3.554190137312261688e-02 -2.471499400098750923e-02 -2.734155108510605628e-02 -2.227083193902684721e-02 1.321983927264938630e-02 -2.344354777622438633e+03
-3.355037900257819283e-02 -3.574443716038980257e-02 -2.448375551912257767e-02 -2.776490239764035570e-02 -2.242005897506147913e-02 1.269019792113856328e-02 -2.345047395258234246e+03
-3.355876818677994144e-02 -3.594753789654685228e-02 -2.425701429566808412e-02 -2.821386468030772157e-02 -2.256717238471935005e-02 1.216591685305612631e-02 -2.345738031343161765e+03
-3.356711312710384393e-02 -3.615161096400890117e-02 -2.402066252534798552e-02 -2.853631777569820907e-02 -2.274503206554236850e-02 1.178208860489044461e-02 -2.346426731461051986e+03
-3.357543819280016384e-02 -3.635654899681040747e-02 -2.376448355645413568e-02 -2.904050134590579341e-02 -2.290612883044728515e-02 1.107989762668360259e-02 -2.347113308982163744e+03
-3.358374707582864604e-02 -3.656166107838308699e-02 -2.350544276266954002e-02 -2.989701505609866986e-02 -2.293395117160291347e-02 9.913442662434027511e-03 -2.347797693717760012e+03
-3.359198834295726299e-02 -3.676804603892464690e-02 -2.324881453606952517e-02 -3.031776582983274765e-02 -2.309700624676105929e-02 9.362333764037809175e-03 -2.348480276585076808e+03
-3.360018268054427298e-02 -3.697520023257166999e-02 -2.299325479780075024e-02 -3.064771582706116160e-02 -2.326446862474755919e-02 8.964391619560540397e-03 -2.349160870027135843e+03
-3.360834801280788292e-02 -3.718317451191324036e-02 -2.272546312520058037e-02 -3.107058445909291478e-02 -2.342912528586230461e-02 8.399015322788947607e-03 -2.349839346740061956e+03
-3.361648325586602537e-02 -3.739175368311215691e-02 -2.245173325105102174e-02 -3.159942328038444631e-02 -2.356361386184591122e-02 7.679436822057042651e-03 -2.350515691383353442e+03
-3.362457585575157754e-02 -3.760119539428429664e-02 -2.217264415645035791e-02 -3.208082192598576271e-02 -2.370928297145744740e-02 7.025459532349679487e-03 -2.351189976672163539e+03
-3.363262136810077352e-02 -3.781141847897204894e-02 -2.189675320509424511e-02 -3.247658230493311732e-02 -2.388862667391313324e-02 6.531452359347596041e-03 -2.351862218783787284e+03
-3.364063131345838148e-02 -3.802225677524423419e-02 -2.162191352723790566e-02 -3.295039539313270732e-02 -2.404227845721519305e-02 5.955825399867302992e-03 -2.352532315561544692e+03
-3.364860799441184852e-02 -3.823392757070185471e-02 -2.132946536564030854e-02 -3.349498039280326273e-02 -2.413653178191681528e-02 5.213425491736961744e-03 -2.353200223462636131e+03
-3.365653074499416753e-02 -3.844664109544786851e-02 -2.103486944426918859e-02 -3.383304874086633107e-02 -2.433199722040882071e-02 4.786543362720490670e-03 -2.353866102234298978e+03
-3.366446306942821182e-02 -3.866005100611707296e-02 -2.069914542620794953e-02 -3.470208848718564498e-02 -2.434742209403997076e-02 3.386562251091568623e-03 -2.354529473662742475e+03
-3.367230690800070148e-02 -3.887449215536609159e-02 -2.038993794655565017e-02 -3.503127155546170018e-02 -2.457760336406198537e-02 2.950215886827990772e-03 -2.355191016922747167e+03
-3.368011499569897871e-02 -3.908947932198351266e-02 -2.007768337038284834e-02 -3.548169212043277010e-02 -2.471763537322347812e-02 2.350074080431153664e-03 -2.355850311321901700e+03
-3.368789906172642290e-02 -3.930507354392757946e-02 -1.975369076389654754e-02 -3.612257006321002023e-02 -2.479375109593176529e-02 1.427992691836644937e-03 -2.356507284279134183e+03
-3.369564952213430914e-02 -3.952135322272604112e-02 -1.942681266118061884e-02 -3.687850432612607698e-02 -2.481718281708655133e-02 3.477754852073326286e-04 -2.357161977053265673e+03
-3.370338122554684263e-02 -3.973832129019887888e-02 -1.907629178957774910e-02 -3.789419132528418915e-02 -2.469324090683419626e-02 -1.230802103761265013e-03 -2.357814258755492574e+03
-3.371104795835187101e-02 -3.995617272055451002e-02 -1.873758807294836209e-02 -3.864921942292585955e-02 -2.471539866890534731e-02 -2.321210283076187691e-03 -2.358464458893222400e+03
-3.371865708442108034e-02 -4.017518528100378489e-02 -1.838890509339249218e-02 -3.918926465535410575e-02 -2.483817595216049334e-02 -3.100929089222833647e-03 -2.359112505109318590e+03
-3.372620776877215121e-02 -4.039527002871622779e-02 -1.803902024007122962e-02 -3.954590161188262926e-02 -2.506562611481820066e-02 -3.566804205665939382e-03 -2.359758378543138861e+03
-3.373371571087657034e-02 -4.061609957668169818e-02 -1.768686076835192245e-02 -3.991533191377429068e-02 -2.530068586695239860e-02 -4.031974864853572239e-03 -2.360401948109303248e+03
-3.374118857629716806e-02 -4.083773097346263259e-02 -1.732169743064671322e-02 -4.037051219748039738e-02 -2.549297812418809331e-02 -4.666052689619802629e-03 -2.361043139161926774e+03
-3.374860872232307574e-02 -4.106023539110421200e-02 -1.695634686132453661e-02 -4.074551839826308364e-02 -2.572473570841917606e-02 -5.138325188797811596e-03 -2.361682048842485983e+03
-3.375599796085521770e-02 -4.128353470865968322e-02 -1.657157363016795518e-02 -4.125438860039549321e-02 -2.586298449424800916e-02 -5.895885864400821769e-03 -2.362318501936345911e+03
-3.376334739438290045e-02 -4.150759940650244201e-02 -1.618083696587269138e-02 -4.182149181135064175e-02 -2.598211066830803662e-02 -6.742270665303441539e-03 -2.362952549406239541e+03
-3.377066847259432847e-02 -4.173286411659115486e-02 -1.575868695410070214e-02 -4.246294989006627052e-02 -2.606261990654941060e-02 -7.868955028189936890e-03 -2.363584105000404634e+03
-3.377793067409577688e-02 -4.195846774607102370e-02 -1.535621555351076792e-02 -4.308198648687357191e-02 -2.613959477176291610e-02 -8.794454582814669949e-03 -2.364213322766208876e+03
-3.378513506487927642e-02 -4.218512839793642222e-02 -1.494898800518490445e-02 -4.357189186924598917e-02 -2.630341743605256466e-02 -9.491182975411682765e-03 -2.364840197025979705e+03
-3.379230920559901652e-02 -4.241260182805832446e-02 -1.452036156069947889e-02 -4.417210120655515326e-02 -2.639370189916479328e-02 -1.045605157209684825e-02 -2.365464521414861792e+03
-3.379944331385485723e-02 -4.264091693753937345e-02 -1.408603273045642632e-02 -4.485539471634431702e-02 -2.640810427707368513e-02 -1.157569828467794500e-02 -2.366086319764352538e+03
-3.380649957324689814e-02 -4.287034321142055987e-02 -1.365618013138407069e-02 -4.523365106031480148e-02 -2.668172635117994906e-02 -1.208672659222761840e-02 -2.366705862582954978e+03
-3.381353990201742266e-02 -4.310009843803273843e-02 -1.321240312208691453e-02 -4.595569578020506502e-02 -2.669024407267802518e-02 -1.321335396421626125e-02 -2.367322667881238431e+03
-3.382053226580186006e-02 -4.333095237752807721e-02 -1.275222786379610201e-02 -4.665570021470256262e-02 -2.671070166432076495e-02 -1.435344482208867657e-02 -2.367936944752470026e+03
-3.382745241455028390e-02 -4.356284664234057885e-02 -1.229619897136091655e-02 -4.712625342997546485e-02 -2.691950360684847166e-02 -1.503267191891025610e-02 -2.368548848206450657e+03
-3.383433276682433488e-02 -4.379569022422924451e-02 -1.182217030917675354e-02 -4.765254458327915915e-02 -2.708961796811544878e-02 -1.587095114770247298e-02 -2.369158124689331999e+03
-3.384115779759500758e-02 -4.402961204293186215e-02 -1.133856493541617917e-02 -4.809013506025010265e-02 -2.736174452481346733e-02 -1.656166100752992296e-02 -2.369764869836826165e+03
-3.384793759368295851e-02 -4.426393686327997207e-02 -1.085891635251653997e-02 -4.864978957839567048e-02 -2.750071624778984911e-02 -1.738780227626014058e-02 -2.370368946291732300e+03
-3.385466652912378499e-02 -4.449928006789116014e-02 -1.036196086335566813e-02 -4.917073147907933400e-02 -2.765662032785591237e-02 -1.820160405470280102e-02 -2.370970395756840389e+03
-3.386135426915728996e-02 -4.473526306037812345e-02 -9.860498531129869779e-03 -4.981541834803560054e-02 -2.771893062593900822e-02 -1.920238590349356358e-02 -2.371569121378490308e+03
-3.386797597041736607e-02 -4.497243285103162680e-02 -9.349158878915641430e-03 -5.028040795000764118e-02 -2.797116262127299219e-02 -1.989602941680393075e-02 -2.372165292123212566e+03
-3.387455459030692256e-02 -4.521058265126301490e-02 -8.819000320873779386e-03 -5.080277625708712330e-02 -2.817136548772287974e-02 -2.075154070511684573e-02 -2.372758704829675480e+03
-3.388107940216917441e-02 -4.544953457363513222e-02 -8.273088270558552615e-03 -5.119646778687936967e-02 -2.824010918373041565e-02 -2.140576917883128469e-02 -2.373349399270501181e+03
-3.388755338771623493e-02 -4.568942967874373151e-02 -7.724025145610604985e-03 -5.172354116382105876e-02 -2.843555451891898248e-02 -2.227293216501092729e-02 -2.373937340559934000e+03
-3.389395799279524418e-02 -4.593032315620665385e-02 -7.173000159281500872e-03 -5.211891056110093401e-02 -2.880056981689206250e-02 -2.284693256755577356e-02 -2.374522630849632606e+03
-3.390033087755118385e-02 -4.617176753006074080e-02 -6.601645311254020557e-03 -5.270988296821915026e-02 -2.890130875858807485e-02 -2.384030981271330688e-02 -2.375104954109177925e+03
-3.390666467547416574e-02 -4.641402157587330018e-02 -6.011130768065107120e-03 -5.341709338073129254e-02 -2.883673110804953546e-02 -2.510749132615223631e-02 -2.375684344604310354e+03
-3.391292833452407007e-02 -4.665704880877097338e-02 -5.419716690631382582e-03 -5.393727555581839805e-02 -2.876108462607051414e-02 -2.596675968414869501e-02 -2.376260989420125952e+03
-3.391915665439434319e-02 -4.690096279796499013e-02 -4.804776847517649128e-03 -5.467786764153952095e-02 -2.862646161692618263e-02 -2.731890829183133973e-02 -2.376834628038384835e+03
-3.392530143689292954e-02 -4.714609623369581809e-02 -4.191323522558238271e-03 -5.519428582064957178e-02 -2.884126355480105819e-02 -2.818064975949816781e-02 -2.377405585002992211e+03
-3.393143034849751410e-02 -4.739156428867628834e-02 -3.546698849693655752e-03 -5.599190734411921971e-02 -2.860740625864784809e-02 -2.969120352211656114e-02 -2.377973332590015161e+03
-3.393747571453341327e-02 -4.763846634679366060e-02 -2.896230272852384421e-03 -5.659161830893214007e-02 -2.865842583527941634e-02 -3.080798389335505025e-02 -2.378538314343079946e+03
-3.394348036418655401e-02 -4.788577558904034276e-02 -2.240393448795436390e-03 -5.735304728310986616e-02 -2.852479177889815504e-02 -3.217564652244319506e-02 -2.379100206285659169e+03
-3.394943308706915852e-02 -4.813399299083763461e-02 -1.560035198724148879e-03 -5.813454395340619113e-02 -2.828695308427608968e-02 -3.366661477471551839e-02 -2.379659036841954276e+03
-3.395530068415236052e-02 -4.838355819447923839e-02 -8.698163969374687150e-04 -5.857738889952655847e-02 -2.824288355155290045e-02 -3.451905786725022185e-02 -2.380215046301419534e+03
-3.396113102345053175e-02 -4.863345673430748139e-02 -1.565818960162942118e-04 -5.911715753424764269e-02 -2.774293339739400399e-02 -3.558742289983388846e-02 -2.380767826724642873e+03
-3.396687101445904772e-02 -4.888434599822117504e-02 5.387961774263588929e-04 -5.961517239277187852e-02 -2.771098354741351535e-02 -3.640127796016928013e-02 -2.381317724753110724e+03
-3.397258376305402339e-02 -4.913593449212936420e-02 1.285165382490902671e-03 -6.015733013076970254e-02 -2.705705270685023270e-02 -3.754187581575420263e-02 -2.381864252044552359e+03
-3.397820406871486509e-02 -4.938878892091488892e-02 2.016543153655772982e-03 -6.073270357171579870e-02 -2.719383688860025142e-02 -3.858554133399019759e-02 -2.382407872889393275e+03
-3.398382335022880063e-02 -4.964138843923143057e-02 2.806187741196790927e-03 -6.133180755075280655e-02 -2.598522134786476756e-02 -3.999035193679247729e-02 -2.382947824777175356e+03
-3.398936429072562521e-02 -4.989463571843337497e-02 3.593430540448839649e-03 -6.184664087414361300e-02 -2.482853986843594138e-02 -4.115544914178124319e-02 -2.383484650736772892e+03
-3.399478361619797523e-02 -5.015013674640334679e-02 4.376280738166618729e-03 -6.210549727366818790e-02 -2.486966549649883423e-02 -4.167577115757892942e-02 -2.384018758029476885e+03
-3.400015431856319437e-02 -5.040603761398709109e-02 5.178022769105710549e-03 -6.246277501179097608e-02 -2.465148756309955974e-02 -4.242209599396341846e-02 -2.384549466833122551e+03
-3.400547101068774475e-02 -5.066256069716996990e-02 6.000356604014133073e-03 -6.290848303211271642e-02 -2.418457358590128670e-02 -4.338384660092822753e-02 -2.385076763962264977e+03
-3.401067441733028607e-02 -5.092063727359263936e-02 6.803066355487902110e-03 -6.333353768205782219e-02 -2.476446211689819002e-02 -4.408318541524026968e-02 -2.385601119929340712e+03
-3.401585475551374693e-02 -5.117882162153294251e-02 7.651759696857758294e-03 -6.374809796726289834e-02 -2.436645898843230532e-02 -4.495117304764904842e-02 -2.386121777356262555e+03
-3.402095277711629506e-02 -5.143817964205653348e-02 8.537520377189099230e-03 -6.435795728595691823e-02 -2.409526265477421325e-02 -4.644493573330692876e-02 -2.386639095078515311e+03
-3.402594983161530418e-02 -5.169834993082943891e-02 9.431181099426573164e-03 -6.470448597510550237e-02 -2.384160179383951195e-02 -4.739867746894777661e-02 -2.387153204448086854e+03
-3.403088838412126477e-02 -5.195956559575749117e-02 1.033498209634964478e-02 -6.504485365895446014e-02 -2.395687474150521787e-02 -4.824890148157073844e-02 -2.387663788173523699e+03
-3.403573696360606693e-02 -5.222146071670016182e-02 1.123004094234003256e-02 -6.546998306997774131e-02 -2.445440448955628690e-02 -4.909657729820163241e-02 -2.388171039547357395e+03
-3.404051628891236608e-02 -5.248375162431916097e-02 1.217527875638823275e-02 -6.586829092554004339e-02 -2.436873947172998531e-02 -5.015757243939353988e-02 -2.388674774086819525e+03
-3.404520918805424567e-02 -5.274678934560370069e-02 1.314804902391915505e-02 -6.623343040536852633e-02 -2.426698637371080269e-02 -5.130444285667834503e-02 -2.389175085329128251e+03
-3.404987988114983183e-02 -5.300989484743128671e-02 1.414643715345733840e-02 -6.656457714959479466e-02 -2.357099127188623175e-02 -5.232374394236365828e-02 -2.389671439758807992e+03
-3.405446757054201440e-02 -5.327353026485097398e-02 1.515722230320829325e-02 -6.673288233849704321e-02 -2.292248744009247816e-02 -5.303625382857742043e-02 -2.390164183438388136e+03
-3.405898147685551547e-02 -5.353811072390738529e-02 1.616723273811390346e-02 -6.725092139439048378e-02 -2.268334924907382255e-02 -5.426324884105669655e-02 -2.390653259783589874e+03
-3.406341470847857461e-02 -5.380327070824379720e-02 1.719560665813533659e-02 -6.755921029062747496e-02 -2.229883357434452040e-02 -5.504784045889761501e-02 -2.391138627049764636e+03
-3.406777784504597117e-02 -5.406923439685475813e-02 1.826237887858513098e-02 -6.781884158904960547e-02 -2.186625093972733788e-02 -5.585613688426644546e-02 -2.391620246700799726e+03
-3.407205949532688544e-02 -5.433548753645321694e-02 1.933474852466022728e-02 -6.820294930872351780e-02 -2.152320866412285594e-02 -5.683601848465080764e-02 -2.392098079261824751e+03
-3.407623873575461176e-02 -5.460255479169717069e-02 2.044059157744982855e-02 -6.823127949122020919e-02 -2.126974005527823217e-02 -5.728417630433317587e-02 -2.392572304682211325e+03
-3.408037927553210500e-02 -5.486950926637815251e-02 2.158102816095048421e-02 -6.849720405135167889e-02 -2.026805433170901852e-02 -5.821196434584701568e-02 -2.393042354765774235e+03
-3.408443609435578281e-02 -5.513665500765303762e-02 2.274337264509911777e-02 -6.867172150568343070e-02 -1.914980229607798207e-02 -5.898452951000697497e-02 -2.393508534582460470e+03
-3.408836666451843522e-02 -5.540474415225196680e-02 2.390426055922011128e-02 -6.882006716742419816e-02 -1.880204164659122004e-02 -5.958767776884706796e-02 -2.393971161449741885e+03
-3.409221723121158565e-02 -5.567271065088491566e-02 2.507484393503130876e-02 -6.913496958945092308e-02 -1.833327854467146564e-02 -6.046137677546561950e-02 -2.394429776426005901e+03
-3.409597951425860640e-02 -5.594076299208654984e-02 2.628590245128835032e-02 -6.917540352138765170e-02 -1.759077258028442226e-02 -6.098337616165557667e-02 -2.394884427035285171e+03
-3.409960437622282237e-02 -5.621004579666959156e-02 2.750290072768372604e-02 -6.935769188271551089e-02 -1.807639435074059886e-02 -6.175248378594835191e-02 -2.395335487052137978e+03
-3.410321182400788409e-02 -5.647754719908317650e-02 2.876699809767424565e-02 -6.928797063614454410e-02 -1.662523732444088839e-02 -6.215500142880547862e-02 -2.395781907232252252e+03
-3.410672319770566979e-02 -5.674515626513348954e-02 3.006842107004916234e-02 -6.912497485413866827e-02 -1.482616808214650209e-02 -6.243900955527027785e-02 -2.396224297767357257e+03
-3.411012177166401760e-02 -5.701302696954578531e-02 3.140649722238263164e-02 -6.878536693382661382e-02 -1.322377656367073641e-02 -6.248445428799740547e-02 -2.396662782903089465e+03
-3.411344209711481695e-02 -5.728000246601802625e-02 3.274436954644342063e-02 -6.864063384656347855e-02 -1.112566265799320997e-02 -6.271011532031460500e-02 -2.397097020078193964e+03
-3.411669528384617817e-02 -5.754654506735130265e-02 3.416346972886953604e-02 -6.803565158949927139e-02 -8.089821175512889456e-03 -6.245470156760497132e-02 -2.397526886370010743e+03
-3.411978778984998961e-02 -5.781371738204112848e-02 3.555551040943068231e-02 -6.786132461409506711e-02 -6.787990209537891201e-03 -6.281315017496792719e-02 -2.397953079360103402e+03
-3.412275643061907920e-02 -5.808028565699222684e-02 3.696175516788999249e-02 -6.756910143607897101e-02 -5.600720330207659831e-03 -6.300497009900844769e-02 -2.398375208222638776e+03
-3.412561888734506887e-02 -5.834625185755729082e-02 3.841311435660928891e-02 -6.709111223463840035e-02 -3.954572607979527782e-03 -6.295382868196383597e-02 -2.398793182088874801e+03
-3.412838433877098815e-02 -5.861091863548755637e-02 3.986151739527683119e-02 -6.684553580221673508e-02 -2.385437687876003788e-03 -6.319113941978111992e-02 -2.399206868329559711e+03
-3.413101017872066656e-02 -5.887451989593147500e-02 4.133810027803008769e-02 -6.631283944369081862e-02 -7.710438862480325454e-04 -6.300764392766593225e-02 -2.399616512330585920e+03
-3.413351896770455696e-02 -5.913706045604994604e-02 4.287301730153510876e-02 -6.548192879111562614e-02 1.303593942311572764e-03 -6.248713200668260664e-02 -2.400021961704109799e+03
-3.413589521358254691e-02 -5.939806093081947957e-02 4.444625455732181124e-02 -6.432636560681206928e-02 3.635136678377427332e-03 -6.150284338929407763e-02 -2.400423295894113835e+03
-3.413815766747786695e-02 -5.965684921686329606e-02 4.600371965386111650e-02 -6.338784694045221380e-02 5.838326652191166977e-03 -6.079178524003242545e-02 -2.400820230770511444e+03
-3.414025878425364785e-02 -5.991369000940999917e-02 4.758613394679828829e-02 -6.233318910344694264e-02 8.183533382028656752e-03 -5.997252865514153541e-02 -2.401213190434159515e+03
-3.414226770365214048e-02 -6.016736588535324948e-02 4.921236114022922020e-02 -6.076031617298335158e-02 1.158278244634196319e-02 -5.829350694095350449e-02 -2.401601575805164430e+03
-3.414407518384152823e-02 -6.041927301149390556e-02 5.081541525679726667e-02 -5.952306930498110077e-02 1.376621921002859836e-02 -5.719225308190047097e-02 -2.401986205960905863e+03
-3.414577786557052019e-02 -6.066680508530872262e-02 5.242526287149408548e-02 -5.806848104876162486e-02 1.713668947671647541e-02 -5.564040300718762350e-02 -2.402366101500612331e+03
-3.414728977641526969e-02 -6.091118904799044942e-02 5.402284325191521880e-02 -5.666831158062050205e-02 1.962532497216932723e-02 -5.425869580956525079e-02 -2.402741968229152462e+03
-3.414861015242402070e-02 -6.115207516812927457e-02 5.561159766223609802e-02 -5.530631852391434261e-02 2.128088631835594463e-02 -5.308410693793598478e-02 -2.403113675573033106e+03
-3.414989018348944111e-02 -6.138618618368556906e-02 5.726866954291304906e-02 -5.277278774052537869e-02 2.610149984031731249e-02 -4.974171947866479898e-02 -2.403479924386436323e+03
-3.415098672672955971e-02 -6.161421290945847534e-02 5.890984952432421623e-02 -4.994897869192587575e-02 3.119710021544276971e-02 -4.593498716717030195e-02 -2.403841421396616624e+03
-3.415178853203133108e-02 -6.183769987826737147e-02 6.045923104047516011e-02 -4.809678973366601079e-02 3.369652351900614962e-02 -4.402831086338701572e-02 -2.404199065016678560e+03
-3.415240389980880864e-02 -6.205365410858335734e-02 6.200291737675288350e-02 -4.586533888684940496e-02 3.677995678212148817e-02 -4.164152577579023629e-02 -2.404551351258262002e+03
-3.415307841887518792e-02 -6.225828267279338163e-02 6.360670833768103383e-02 -4.179572263822785988e-02 4.434279562649772605e-02 -3.566846458160891076e-02 -2.404896047345715488e+03
-3.415354390528993478e-02 -6.245251734698603618e-02 6.513116882543452946e-02 -3.782562766448714642e-02 5.264412609683996602e-02 -2.984343290005214699e-02 -2.405234624936917953e+03
-3.415373577201580996e-02 -6.263784128351800040e-02 6.653020717429587727e-02 -3.446856778927261805e-02 5.857420084256691195e-02 -2.525181177665409421e-02 -2.405566624814508486e+03
-3.415392090697626226e-02 -6.280852151103195891e-02 6.794772470057905411e-02 -2.957379577231460457e-02 6.827312490169540338e-02 -1.796824137507404412e-02 -2.405888461818278302e+03
-3.415393711958147199e-02 -6.296572990054173646e-02 6.927150592821072761e-02 -2.430386769810873385e-02 7.836061691070417279e-02 -9.905299074451206706e-03 -2.406200146026311813e+03
-3.415383331647927484e-02 -6.310969846031155850e-02 7.061056166419291125e-02 -1.811492030067232001e-02 8.895601420680555871e-02 -8.902527436403143797e-04 -2.406499731587258339e+03
-3.415365335687583354e-02 -6.323603156851910490e-02 7.181003366869453952e-02 -1.199981818161067332e-02 1.005788771114307922e-01 8.012112252622624262e-03 -2.406783862863413106e+03
-3.415334570265147335e-02 -6.334588254796502671e-02 7.289998751599562066e-02 -5.574494286915527945e-03 1.121627090912978020e-01 1.731001024731557841e-02 -2.407050730031089643e+03
-3.415305691149083528e-02 -6.343810337559580015e-02 7.392799066495442384e-02 1.641833345106337915e-03 1.253020508269777900e-01 2.789170517049066253e-02 -2.407294243073177768e+03
-3.415264740767164076e-02 -6.351467172900174263e-02 7.472729718323559145e-02 7.598359711313428140e-03 1.356220129300284016e-01 3.644678153557406181e-02 -2.407513549458066336e+03
-3.415211906303698697e-02 -6.358026424874595184e-02 7.533755072609847614e-02 1.109801926146957753e-02 1.404543728344847531e-01 4.080927250198990858e-02 -2.407704297103152840e+03
-3.415171693008629134e-02 -6.362898175692735525e-02 7.588433765799300346e-02 1.475938569733510272e-02 1.466115896960195619e-01 4.543836734590426391e-02 -2.407860325150977587e+03
-3.415135815554375120e-02 -6.366332206109100167e-02 7.622591916414682423e-02 1.697594922014534005e-02 1.503013599639978493e-01 4.802157483300948521e-02 -2.407979365503620102e+03
-3.415111883519885566e-02 -6.368507595263390997e-02 7.643529352351535744e-02 1.832184529451243160e-02 1.525347547487992672e-01 4.954928094687925666e-02 -2.408056223690103707e+03
-3.415100884990372732e-02 -6.369507346531273762e-02 7.653151644004589638e-02 1.894038318429616327e-02 1.535611639488982938e-01 5.025137436352272030e-02 -2.408091545678005332e+03
-3.415095505493612182e-02 -6.369835313819285916e-02 7.654795921705150052e-02 1.898577915598671090e-02 1.534994359457358681e-01 5.026160324678171504e-02 -2.408103431703566002e+03
-3.415070255261866417e-02 -6.371374723604539270e-02 7.662513816974422798e-02 1.919885705999788833e-02 1.532096978417619992e-01 5.030961323817681463e-02 -2.408159222219607273e+03
-3.415024332079910629e-02 -6.374174483887730391e-02 7.676550533746745453e-02 1.958638709369493747e-02 1.526827439081587523e-01 5.039692966752184339e-02 -2.408260689724787426e+03
-3.414952521068745361e-02 -6.378055982321469142e-02 7.694803781688194788e-02 2.008561755947671848e-02 1.518918067914731551e-01 5.045002549043335616e-02 -2.408412395218667825e+03
-3.414850966384731096e-02 -6.382907598981883701e-02 7.716260255984565275e-02 2.071812348478043256e-02 1.508069868958776538e-01 5.047541709818310213e-02 -2.408617844341293676e+03
-3.414711868543608697e-02 -6.388545299806343281e-02 7.739288014224331158e-02 2.158833344604752652e-02 1.493534346523149314e-01 5.053638741428555237e-02 -2.408884313743440089e+03
-3.414527165345992987e-02 -6.394862102074161392e-02 7.761735862502092131e-02 2.276975766476966798e-02 1.474359299425797021e-01 5.064969535052048916e-02 -2.409219597339328629e+03
-3.414287324189853312e-02 -6.401851794860757838e-02 7.781365644494232792e-02 2.437089574962215607e-02 1.449033316612711453e-01 5.083102158633949486e-02 -2.409633728977811643e+03
-3.413982141316020819e-02 -6.409710153389250320e-02 7.796710216284417905e-02 2.654110477257794545e-02 1.415241139251207370e-01 5.108665868058287485e-02 -2.410139231834189559e+03
-3.413605469102452827e-02 -6.419004401545778948e-02 7.809588238598863530e-02 2.943660550967039033e-02 1.370031196654110939e-01 5.139183043651862626e-02 -2.410748188208415286e+03
-3.413157317394306667e-02 -6.430617670422582310e-02 7.826368228679378425e-02 3.317229500075105642e-02 1.310403818317076030e-01 5.168192706867000968e-02 -2.411470403731366332e+03
-3.412643330918758988e-02 -6.445816169889813374e-02 7.859404652117292500e-02 3.781488814351260941e-02 1.233210897934234052e-01 5.184023323026475116e-02 -2.412315522455349765e+03
-3.412076501668796780e-02 -6.465866012540422147e-02 7.925046648690675655e-02 4.329778608930630324e-02 1.136999731480683590e-01 5.172052694041726073e-02 -2.413287147276620544e+03
-3.411472296987162756e-02 -6.491855662460030429e-02 8.040536869889192140e-02 4.945898815128110804e-02 1.021898898695447616e-01 5.117294503549863621e-02 -2.414385435777174735e+03
-3.410844193091006754e-02 -6.524392256697091053e-02 8.218806748194912304e-02 5.609147259790721318e-02 8.895606020026036731e-02 5.008801949785710028e-02 -2.415606948801036651e+03
-3.410200940561210203e-02 -6.563592282873156880e-02 8.466369666783835068e-02 6.301006960161083248e-02 7.422788968127622122e-02 4.841241987039255484e-02 -2.416946409110249078e+03
-3.409545140130579299e-02 -6.609089380751870246e-02 8.781996892824353584e-02 7.010231535382446810e-02 5.822599089459101762e-02 4.615972531056112410e-02 -2.418397511705742545e+03
-3.408875564143507009e-02 -6.660357133728019019e-02 9.160651628195705387e-02 7.732562707398291102e-02 4.110462095974613123e-02 4.337569271374946966e-02 -2.419954872435785092e+03
-3.408187539682383527e-02 -6.716700091007646312e-02 9.593442421903082551e-02 8.470525599225152413e-02 2.295648845299171070e-02 4.013998990128042621e-02 -2.421613497539459786e+03
-3.407476635353429151e-02 -6.777579059010344076e-02 1.007285877902400206e-01 9.228334523203872430e-02 3.822772812557829504e-03 3.651986101638936971e-02 -2.423370056257274427e+03
-3.406738690966049088e-02 -6.842549602695846556e-02 1.059227823303343918e-01 1.001097528157819522e-01 -1.628248018159039745e-02 3.257482278509993279e-02 -2.425222136674306057e+03
-3.405970502972945763e-02 -6.911294742005093250e-02 1.114675797180877115e-01 1.082273752075745971e-01 -3.735859157436785538e-02 2.834947884855158404e-02 -2.427168175083093502e+03
-3.405169902685871441e-02 -6.983610292197914293e-02 1.173300785565758453e-01 1.166672381038286327e-01 -5.940931056232432589e-02 2.387362404203758129e-02 -2.429207235675599804e+03
-3.404335444644407405e-02 -7.059365433976211301e-02 1.234885835800999393e-01 1.254511453044748481e-01 -8.243938542183271156e-02 1.916696797864210836e-02 -2.431338758610255354e+03
-3.403466260975558655e-02 -7.138483923433702749e-02 1.299301542653401864e-01 1.345927359814335922e-01 -1.064527248306860324e-01 1.424129787552520093e-02 -2.433562436298700504e+03
-3.402561835439742166e-02 -7.220921580619431290e-02 1.366471309532091283e-01 1.441004437846348518e-01 -1.314522678165776226e-01 9.103603691676162568e-03 -2.435878100576533143e+03
-3.401621880324173786e-02 -7.306654338593709941e-02 1.436352618045438068e-01 1.539791423883431765e-01 -1.574399809798408545e-01 3.757773039770600718e-03 -2.438285664774230554e+03
-3.400646243487075171e-02 -7.395669724394807187e-02 1.508923067410251340e-01 1.642314968857122304e-01 -1.844170775761750647e-01 -1.794143079220264893e-03 -2.440785086257444163e+03
-3.399634844905271430e-02 -7.487961304333910773e-02 1.584170923710540302e-01 1.748589577263678085e-01 -2.123842904302326029e-01 -7.551068881587121202e-03 -2.443376344161441011e+03
-3.398587645282896003e-02 -7.583525975788070472e-02 1.662090450883023929e-01 1.858622604230465436e-01 -2.413420268818429471e-01 -1.351247743944460761e-02 -2.446059428914184537e+03
-3.397504625554874369e-02 -7.682362260240167828e-02 1.742678881306084504e-01 1.972417737085984946e-01 -2.712905086271045763e-01 -1.967811393188075367e-02 -2.448834336174330929e+03
-3.396385776896560654e-02 -7.784469485312212056e-02 1.825934941462040717e-01 2.089976731649448582e-01 -3.022298501121291614e-01 -2.604786126481534528e-02 -2.451701064060192948e+03
1.775340128057028051e+04 7.731999282981479382e+02 4.724232526081051020e+01 2.396015976601071884e+01 2.274903890623457414e+01 2.285612488158027134e+01 nan
8.858274633911825716e+07 8.126551123796794855e+04 1.277028478457411467e+02 7.487856268409825766e+00 3.513878401163017084e+00 2.593180356076170145e+00 nan
