1.269074215002069170e-02 -8.438035052420630316e-03 2.722800266320390700e-03 4.246767320113475040e-03 1.480353853634129857e-01
1.269373535836478342e-02 -8.439465876452018761e-03 2.722849330019104768e-03 4.247602480902635050e-03 1.480716382990239499e-01
1.269673074122997652e-02 -8.440897353062453562e-03 2.722898032195036639e-03 4.248438146034310726e-03 1.481079181708364334e-01
1.269972830126897372e-02 -8.442329482621710110e-03 2.722946371734796984e-03 4.249274315494269531e-03 1.481442250124247739e-01
1.270272804112974711e-02 -8.443762265504436634e-03 2.722994347459537553e-03 4.250110989235841331e-03 1.481805588573505972e-01
1.270572996346317624e-02 -8.445195702073325650e-03 2.723041958201479797e-03 4.250948167167748447e-03 1.482169197392463611e-01
1.270873407092215114e-02 -8.446629792683636381e-03 2.723089202822053575e-03 4.251785849383656404e-03 1.482533076917400272e-01
1.271174036617560461e-02 -8.448064537694404547e-03 2.723136080241396560e-03 4.252624036184167629e-03 1.482897227486395242e-01
1.271474885188741619e-02 -8.449499937459253526e-03 2.723182589405034101e-03 4.253462727819012912e-03 1.483261649437190577e-01
1.271775953073268732e-02 -8.450935992318560352e-03 2.723228729336084862e-03 4.254301924639011453e-03 1.483626343108575274e-01
1.272077240539341673e-02 -8.452372702597608228e-03 2.723274499129101252e-03 4.255141627258018575e-03 1.483991308839582024e-01
1.272378747856893651e-02 -8.453810068607571851e-03 2.723319897941293023e-03 4.255981836528099221e-03 1.484356546970486412e-01
1.272680475295799238e-02 -8.455248090653139786e-03 2.723364925008291571e-03 4.256822553289032161e-03 1.484722057841279252e-01
1.272982423128462756e-02 -8.456686769036457496e-03 2.723409579645092761e-03 4.257663778336805670e-03 1.485087841793684971e-01
1.273284591627823863e-02 -8.458126104060716480e-03 2.723453861216178912e-03 4.258505512549816061e-03 1.485453899169405789e-01
1.273586981066877899e-02 -8.459566096033439841e-03 2.723497769088945378e-03 4.259347756947770222e-03 1.485820230310739842e-01
1.273889591718944080e-02 -8.461006745261458531e-03 2.723541302568062514e-03 4.260190512527424651e-03 1.486186835559944186e-01
1.274192423859604392e-02 -8.462448052055376521e-03 2.723584460890348270e-03 4.261033780217892038e-03 1.486553715261628716e-01
1.274495477762684764e-02 -8.463890016724226126e-03 2.723627243256606430e-03 4.261877560726350621e-03 1.486920869759049413e-01
1.274798753702801289e-02 -8.465332639586039404e-03 2.723669648777858436e-03 4.262721854515896976e-03 1.487288299396895275e-01
1.275102251954926373e-02 -8.466775920967671218e-03 2.723711676503773327e-03 4.263566661854507715e-03 1.487656004520905018e-01
1.275405972793267236e-02 -8.468219861195587853e-03 2.723753325417842611e-03 4.264411983039450259e-03 1.488023985476315536e-01
1.275709916493471610e-02 -8.469664460603753067e-03 2.723794594481179429e-03 4.265257818233011457e-03 1.488392242610124816e-01
1.276014083330024966e-02 -8.471109719535126897e-03 2.723835482629190924e-03 4.266104167644899428e-03 1.488760776269028585e-01
1.276318473577110757e-02 -8.472555638348245460e-03 2.723875988729496881e-03 4.266951031580467138e-03 1.489129586800767846e-01
1.276623087509141767e-02 -8.474002217409973281e-03 2.723916111617039233e-03 4.267798410263473098e-03 1.489498674554000368e-01
1.276927925399988679e-02 -8.475449457085084543e-03 2.723955850146892680e-03 4.268646303913855959e-03 1.489868039877112471e-01
1.277232987524977437e-02 -8.476897357739626715e-03 2.723995203144321132e-03 4.269494712792290016e-03 1.490237683120217149e-01
1.277538274159424440e-02 -8.478345919734382383e-03 2.724034169462089504e-03 4.270343637357295642e-03 1.490607604633096828e-01
1.277843785579367911e-02 -8.479795143421894194e-03 2.724072747987994151e-03 4.271193078119126137e-03 1.490977804766528692e-01
1.278149522062363604e-02 -8.481245029136653263e-03 2.724110937636495429e-03 4.272043035541088843e-03 1.491348283872731828e-01
1.278455483885163925e-02 -8.482695577197871262e-03 2.724148737378546264e-03 4.272893510065825344e-03 1.491719042302552811e-01
1.278761671327328757e-02 -8.484146787919895696e-03 2.724186146227151450e-03 4.273744502246786155e-03 1.492090080409481379e-01
1.279068084669209883e-02 -8.485598661605036827e-03 2.724223163309252849e-03 4.274596012665654414e-03 1.492461398546518492e-01
1.279374724193139273e-02 -8.487051198545892197e-03 2.724259787837523226e-03 4.275448042046630336e-03 1.492832997068052892e-01
1.279681590181790292e-02 -8.488504399031966338e-03 2.724296019102776835e-03 4.276300591207371493e-03 1.493204876327954012e-01
1.279988682919699222e-02 -8.489958263360996779e-03 2.724331856370000061e-03 4.277153660933659049e-03 1.493577036681771886e-01
1.280296002691698812e-02 -8.491412791830590945e-03 2.724367298934918160e-03 4.278007252010576807e-03 1.493949478485089855e-01
1.280603549783507038e-02 -8.492867984743796353e-03 2.724402346024445976e-03 4.278861365135081148e-03 1.494322202094600927e-01
1.280911324480305154e-02 -8.494323842414545911e-03 2.724436996767460890e-03 4.279716000832558230e-03 1.494695207867231257e-01
1.281219327066505410e-02 -8.495780365168879161e-03 2.724471250245184394e-03 4.280571159691856468e-03 1.495068496160890104e-01
1.281527557826612519e-02 -8.497237553320069817e-03 2.724505105530370362e-03 4.281426842343736064e-03 1.495442067333691005e-01
1.281836017046013992e-02 -8.498695407185757889e-03 2.724538561640875173e-03 4.282283049293918349e-03 1.495815921745131394e-01
1.282144705009467811e-02 -8.500153927089632369e-03 2.724571617512968127e-03 4.283139781115516062e-03 1.496190059754331225e-01
1.282453622002043166e-02 -8.501613113370538530e-03 2.724604272041252200e-03 4.283997038338013645e-03 1.496564481722274242e-01
1.282762768307133851e-02 -8.503072966374522479e-03 2.724636524059242948e-03 4.284854821441542658e-03 1.496939188008951926e-01
1.283072144209165127e-02 -8.504533486458749902e-03 2.724668372411186493e-03 4.285713130778867792e-03 1.497314178976903720e-01
1.283381749991917807e-02 -8.505994673972495229e-03 2.724699815939839263e-03 4.286571966720707262e-03 1.497689454987695679e-01
1.283691585940408171e-02 -8.507456529275286838e-03 2.724730853423350078e-03 4.287431329691664128e-03 1.498065016404232508e-01
1.284001652340917288e-02 -8.508919052726278409e-03 2.724761483642911767e-03 4.288291220132588871e-03 1.498440863590158600e-01
1.284311949480995522e-02 -8.510382244673646290e-03 2.724791705414222540e-03 4.289151638392065501e-03 1.498816996909758392e-01
1.284622477648296110e-02 -8.511846105456086567e-03 2.724821517541682354e-03 4.290012584637342176e-03 1.499193416727611361e-01
1.284933237131706887e-02 -8.513310635396084333e-03 2.724850918870013079e-03 4.290874058936843330e-03 1.499570123409085243e-01
1.285244228221131546e-02 -8.514775834792142131e-03 2.724879908314977849e-03 4.291736061408611691e-03 1.499947117320219736e-01
1.285555451207812117e-02 -8.516241703925528025e-03 2.724908484872451929e-03 4.292598592427705750e-03 1.500324398827614925e-01
1.285866906384665158e-02 -8.517708243073959101e-03 2.724936647630194116e-03 4.293461652527894717e-03 1.500701968298983613e-01
1.286178594044737333e-02 -8.519175452511986574e-03 2.724964395763060637e-03 4.294325242412776363e-03 1.501079826101885673e-01
1.286490514481936076e-02 -8.520643332533099634e-03 2.724991728503476252e-03 4.295189363007503869e-03 1.501457972605047542e-01
1.286802667991541332e-02 -8.522111883444819652e-03 2.725018645094258885e-03 4.296054015186939051e-03 1.501836408177904536e-01
1.287115054869409671e-02 -8.523581105566177887e-03 2.725045144719827426e-03 4.296919199877316693e-03 1.502215133190933638e-01
1.287427675410803170e-02 -8.525050999212848910e-03 2.725071226519514000e-03 4.297784918039863553e-03 1.502594148014649300e-01
1.287740529911103778e-02 -8.526521564702660080e-03 2.725096889605186593e-03 4.298651170600159555e-03 1.502973453020985672e-01
1.288053618665243455e-02 -8.527992802340794362e-03 2.725122133018184536e-03 4.299517958523659845e-03 1.503353048581643758e-01
1.288366941968655671e-02 -8.529464712434481691e-03 2.725146955726512159e-03 4.300385282505831547e-03 1.503732935069588827e-01
1.288680500116977726e-02 -8.530937295300147771e-03 2.725171356670179259e-03 4.301253143136138032e-03 1.504113112858898038e-01
1.288994293404673724e-02 -8.532410551258766754e-03 2.725195334751792393e-03 4.302121541000126538e-03 1.504493582322834755e-01
1.289308322127512632e-02 -8.533884480644866183e-03 2.725218888789594177e-03 4.302990476639406356e-03 1.504874343836558326e-01
1.289622586581068257e-02 -8.535359083805248506e-03 2.725242017560264123e-03 4.303859950491163364e-03 1.505255397775677184e-01
1.289937087061167852e-02 -8.536834361090497869e-03 2.725264719797678738e-03 4.304729962808651576e-03 1.505636744516029024e-01
1.290251823864345393e-02 -8.538310312848093261e-03 2.725286994205352968e-03 4.305600513557016930e-03 1.506018384433728818e-01
1.290566797289420878e-02 -8.539786939420391035e-03 2.725308839497856718e-03 4.306471602603846247e-03 1.506400317907508335e-01
1.290882007634759111e-02 -8.541264241134405646e-03 2.725330254444109646e-03 4.307343229918739365e-03 1.506782545314529487e-01
1.291197455200213118e-02 -8.542742218312802602e-03 2.725351237775457732e-03 4.308215395416299318e-03 1.507165067033731931e-01
1.291513140285926835e-02 -8.544220871260580982e-03 2.725371788234532636e-03 4.309088099219586521e-03 1.507547883444619041e-01
1.291829063192423584e-02 -8.545700200274107886e-03 2.725391904627643812e-03 4.309961341704736729e-03 1.507930994927716428e-01
1.292145224220261381e-02 -8.547180205638440012e-03 2.725411585870059130e-03 4.310835123496243454e-03 1.508314401863095899e-01
1.292461623671743373e-02 -8.548660887632194769e-03 2.725430830964067561e-03 4.311709445518064655e-03 1.508698104632360260e-01
1.292778261850147624e-02 -8.550142246538694132e-03 2.725449638968625854e-03 4.312584308707069838e-03 1.509082103617800097e-01
1.293095139059440880e-02 -8.551624282640500271e-03 2.725468009039232458e-03 4.313459713996953965e-03 1.509466399202133713e-01
1.293412255605638252e-02 -8.553106996240469884e-03 2.725485940362672426e-03 4.314335662493646618e-03 1.509850991769881023e-01
1.293729611794266869e-02 -8.554590387646769656e-03 2.725503432130101013e-03 4.315212155326567274e-03 1.510235881704816985e-01
1.294047207931971893e-02 -8.556074457173790462e-03 2.725520483483766850e-03 4.316089193662408542e-03 1.510621069392667215e-01
1.294365044325433527e-02 -8.557559205132571692e-03 2.725537093491494593e-03 4.316966778544883282e-03 1.511006555219412129e-01
1.294683121281490178e-02 -8.559044631828535699e-03 2.725553261147211845e-03 4.317844910823315577e-03 1.511392339571280274e-01
1.295001439108067927e-02 -8.560530737565357970e-03 2.725568985390026781e-03 4.318723591236151189e-03 1.511778422836063673e-01
1.295319998112351434e-02 -8.562017522653357984e-03 2.725584265154719875e-03 4.319602820173247537e-03 1.512164805401130796e-01
1.295638798602180390e-02 -8.563504987404735661e-03 2.725599099246959599e-03 4.320482597887552456e-03 1.512551487655376670e-01
1.295957840884915356e-02 -8.564993132138820631e-03 2.725613486362450742e-03 4.321362924547465095e-03 1.512938469987969436e-01
1.296277125268133212e-02 -8.566481957178786674e-03 2.725627425173444626e-03 4.322243800152825860e-03 1.513325752788358125e-01
1.296596652060921610e-02 -8.567971462852127032e-03 2.725640914378570784e-03 4.323125224587167151e-03 1.513713336448140601e-01
1.296916421571485227e-02 -8.569461649474861484e-03 2.725653952712597805e-03 4.324007197798507111e-03 1.514101221357921911e-01
1.297236434109356323e-02 -8.570952517367180085e-03 2.725666538876229516e-03 4.324889719836311382e-03 1.514489407910118990e-01
1.297556689984236643e-02 -8.572444066856123313e-03 2.725678671565933547e-03 4.325772791004928522e-03 1.514877896497481835e-01
1.297877189506666494e-02 -8.573936298262413783e-03 2.725690349438384709e-03 4.326656411729867119e-03 1.515266687513526778e-01
1.298197932987492191e-02 -8.575429211890597814e-03 2.725701571143681473e-03 4.327540582587888901e-03 1.515655781352537590e-01
1.298518920737401494e-02 -8.576922808032646714e-03 2.725712335412632057e-03 4.328425304272800860e-03 1.516045178409433647e-01
1.298840153067279055e-02 -8.578417086971301328e-03 2.725722641082681166e-03 4.329310577515310156e-03 1.516434879079515408e-01
1.299161630289644501e-02 -8.579912048979287942e-03 2.725732487051234654e-03 4.330196403269061939e-03 1.516824883759325948e-01
1.299483352718805960e-02 -8.581407694332389424e-03 2.725741872296358250e-03 4.331082782567113529e-03 1.517215192846393945e-01
1.299805320669776727e-02 -8.582904023305509139e-03 2.725750795934398559e-03 4.331969716447349114e-03 1.517605806738056284e-01
1.300127534459527903e-02 -8.584401036193154561e-03 2.725759257091040205e-03 4.332857205974718039e-03 1.517996725833356264e-01
1.300449994406758548e-02 -8.585898733308059902e-03 2.725767254893317858e-03 4.333745252080258535e-03 1.518387950532042174e-01
1.300772700830925797e-02 -8.587397114956537431e-03 2.725774788399781910e-03 4.334633855575234854e-03 1.518779481234121542e-01
1.301095654052123254e-02 -8.588896181446450256e-03 2.725781856559439300e-03 4.335523017245985870e-03 1.519171318340639953e-01
1.301418854390491708e-02 -8.590395933082174695e-03 2.725788458258078441e-03 4.336412737592215162e-03 1.519563462253261943e-01
1.301742302166518372e-02 -8.591896370159026602e-03 2.725794592366957269e-03 4.337303016954143636e-03 1.519955913374804457e-01
1.302065997699478582e-02 -8.593397492967669304e-03 2.725800257751484663e-03 4.338193855642456798e-03 1.520348672107885435e-01
1.302389941309490227e-02 -8.594899301798459082e-03 2.725805453204199844e-03 4.339085253750249449e-03 1.520741738856807579e-01
1.302714133315163031e-02 -8.596401796940501480e-03 2.725810177444080214e-03 4.339977211412574150e-03 1.521135114025001511e-01
1.303038574037145535e-02 -8.597904978698426084e-03 2.725814429175675482e-03 4.340869728987579307e-03 1.521528798019241291e-01
1.303363263794878740e-02 -8.599408847376690743e-03 2.725818207082638441e-03 4.341762806927290490e-03 1.521922791244554596e-01
1.303688202909014139e-02 -8.600913403285496972e-03 2.725821509822935838e-03 4.342656445613084053e-03 1.522317094107741020e-01
1.304013391700533341e-02 -8.602418646742758870e-03 2.725824336015980186e-03 4.343550645286616517e-03 1.522711707017059823e-01
1.304338830489351272e-02 -8.603924578063054662e-03 2.725826684289992495e-03 4.344445406375080018e-03 1.523106630379774395e-01
1.304664519597494542e-02 -8.605431197550014732e-03 2.725828553273935365e-03 4.345340729615819637e-03 1.523501864605945888e-01
1.304990459346333509e-02 -8.606938505484539384e-03 2.725829941548711319e-03 4.346236615796639224e-03 1.523897410104547434e-01
1.305316650057983426e-02 -8.608446502153107791e-03 2.725830847743924371e-03 4.347133065804611313e-03 1.524293267285971309e-01
1.305643092056373196e-02 -8.609955187854593725e-03 2.725831270572601391e-03 4.348030080426616012e-03 1.524689436562324252e-01
1.305969785665860722e-02 -8.611464562867656228e-03 2.725831208878314992e-03 4.348927660228095980e-03 1.525085918344139257e-01
1.306296731214235708e-02 -8.612974627463841973e-03 2.725830661584974137e-03 4.349825805901420990e-03 1.525482713045481220e-01
1.306623929029368004e-02 -8.614485381913341080e-03 2.725829627656038614e-03 4.350724518090303555e-03 1.525879821079229037e-01
1.306951379441691381e-02 -8.615996826499820738e-03 2.725828106025249796e-03 4.351623797433697843e-03 1.526277242860241135e-01
1.307279082782490144e-02 -8.617508961518801497e-03 2.725826095611369286e-03 4.352523644626911381e-03 1.526674978803632676e-01
1.307607039384296385e-02 -8.619021787269285501e-03 2.725823595358564146e-03 4.353424060283504586e-03 1.527073029325345110e-01
1.307935249580321514e-02 -8.620535304050635714e-03 2.725820604208704662e-03 4.354325045028121025e-03 1.527471394842396801e-01
1.308263713703091205e-02 -8.622049512145044808e-03 2.725817121104605681e-03 4.355226599539446103e-03 1.527870075772758962e-01
1.308592432084511835e-02 -8.623564411823957110e-03 2.725813144990223928e-03 4.356128724414455415e-03 1.528269072534657880e-01
1.308921405055854525e-02 -8.625080003359208991e-03 2.725808674753029629e-03 4.357031420208140778e-03 1.528668385546753938e-01
1.309250632949576949e-02 -8.626596287030210627e-03 2.725803709138345434e-03 4.357934687490573958e-03 1.529068015229921307e-01
1.309580116097283295e-02 -8.628113263110314540e-03 2.725798246831430925e-03 4.358838526658645809e-03 1.529467962003950299e-01
1.309909854830647487e-02 -8.629630931881241557e-03 2.725792286484050777e-03 4.359742938191698593e-03 1.529868226290268252e-01
1.310239849481668016e-02 -8.631149293634352362e-03 2.725785826724990649e-03 4.360647922599640396e-03 1.530268808511206224e-01
1.310570100382876975e-02 -8.632668348662731958e-03 2.725778866137867039e-03 4.361553480375244575e-03 1.530669709090233810e-01
1.310900607865717570e-02 -8.634188097266404238e-03 2.725771403289893764e-03 4.362459612043124470e-03 1.531070928450403434e-01
1.311231372264380461e-02 -8.635708539747929263e-03 2.725763436750935301e-03 4.363366318120736817e-03 1.531472467016334327e-01
1.311562393913600841e-02 -8.637229676399592326e-03 2.725754965006662190e-03 4.364273599306686853e-03 1.531874325213285204e-01
1.311893673147911457e-02 -8.638751507508850985e-03 2.725745986488434247e-03 4.365181456256517906e-03 1.532276503466801221e-01
1.312225210303498597e-02 -8.640274033373935431e-03 2.725736499697040127e-03 4.366089889441523118e-03 1.532679002204208329e-01
1.312557005716433883e-02 -8.641797254291020206e-03 2.725726503238266527e-03 4.366998899334625407e-03 1.533081821852392002e-01
1.312889059725764335e-02 -8.643321170541147860e-03 2.725715995828016484e-03 4.367908486384014868e-03 1.533484962840282739e-01
1.313221372671657776e-02 -8.644845782389930580e-03 2.725704976224616570e-03 4.368818651054726630e-03 1.533888425597150773e-01
1.313553944895203517e-02 -8.646371090086023628e-03 2.725693443225668360e-03 4.369729393951520859e-03 1.534292210552707647e-01
1.313886776739686506e-02 -8.647897093880351285e-03 2.725681395706326844e-03 4.370640715616516854e-03 1.534696318138254467e-01
1.314219868548871344e-02 -8.649423794036801422e-03 2.725668832615836621e-03 4.371552616828854390e-03 1.535100748785592217e-01
1.314553220667941461e-02 -8.650951190838954488e-03 2.725655752976950327e-03 4.372465098479997453e-03 1.535505502928092292e-01
1.314886833442677032e-02 -8.652479284566515563e-03 2.725642155791157227e-03 4.373378161448619045e-03 1.535910580999398090e-01
1.315220707218138149e-02 -8.654008075490098040e-03 2.725628040015509908e-03 4.374291806625742532e-03 1.536315983433380605e-01
1.315554842339415262e-02 -8.655537563874471027e-03 2.725613404527752869e-03 4.375206034799850041e-03 1.536721710665637508e-01
1.315889239150547750e-02 -8.657067749974439383e-03 2.725598248108607093e-03 4.376120846638071119e-03 1.537127763131797553e-01
1.316223897995735283e-02 -8.658598634039685327e-03 2.725582569471080800e-03 4.377036242638719828e-03 1.537534141269053245e-01
1.316558819219521351e-02 -8.660130216325105657e-03 2.725566367265016589e-03 4.377952223060746148e-03 1.537940845514805255e-01
1.316894003166695949e-02 -8.661662497091781460e-03 2.725549640054121536e-03 4.378868788350784996e-03 1.538347876306651318e-01
1.317229450184232570e-02 -8.663195476625308936e-03 2.725532386321160086e-03 4.379785939181260294e-03 1.538755234084891177e-01
1.317565160617491932e-02 -8.664729155219697693e-03 2.725514604478328998e-03 4.380703675982759900e-03 1.539162919288206421e-01
1.317901134812570624e-02 -8.666263533176199810e-03 2.725496292964992105e-03 4.381621999308534833e-03 1.539570932357529065e-01
1.318237373116233277e-02 -8.667798610794310091e-03 2.725477450220216164e-03 4.382540909793650880e-03 1.539979273734053689e-01
1.318573875877141095e-02 -8.669334388370478900e-03 2.725458074570537292e-03 4.383460408076992817e-03 1.540387943860611064e-01
1.318910643442788508e-02 -8.670870866190253864e-03 2.725438164314936823e-03 4.384380494698170670e-03 1.540796943179315315e-01
1.319247676163486614e-02 -8.672408044535818983e-03 2.725417717855616474e-03 4.385301170054904489e-03 1.541206272135161870e-01
1.319584974389013780e-02 -8.673945923671478458e-03 2.725396733732804271e-03 4.386222434610179827e-03 1.541615931172585219e-01
1.319922538471010945e-02 -8.675484503851213156e-03 2.725375210640070857e-03 4.387144288839430611e-03 1.542025920737841727e-01
1.320260368762109400e-02 -8.677023785311125878e-03 2.725353147340423086e-03 4.388066733213572684e-03 1.542436241276614606e-01
1.320598465618558030e-02 -8.678563768280602581e-03 2.725330542673941574e-03 4.388989768347594141e-03 1.542846893237714845e-01
1.320936829396160417e-02 -8.680104452989657188e-03 2.725307395553157232e-03 4.389913395008578426e-03 1.543257877068887063e-01
1.321275460452516100e-02 -8.681645839681591606e-03 2.725283704939747420e-03 4.390837614061706730e-03 1.543669193219787683e-01
1.321614359145136149e-02 -8.683187928621499338e-03 2.725259469794321775e-03 4.391762426471143566e-03 1.544080842140709287e-01
1.321953525833347715e-02 -8.684730720080816035e-03 2.725234689060166120e-03 4.392687832966046986e-03 1.544492824283896504e-01
1.322292960875209346e-02 -8.686274214301370825e-03 2.725209361593072897e-03 4.393613834127022867e-03 1.544905140100341356e-01
1.322632664629986785e-02 -8.687818411524699663e-03 2.725183486139260737e-03 4.394540430495252024e-03 1.545317790043245487e-01
1.322972637456766749e-02 -8.689363311995292743e-03 2.725157061357974878e-03 4.395467622627288393e-03 1.545730774566151933e-01
1.323312879713367529e-02 -8.690908915959520697e-03 2.725130085821844510e-03 4.396395411216731663e-03 1.546144094122864077e-01
1.323653391758894231e-02 -8.692455223683953278e-03 2.725102558020166613e-03 4.397323796937601705e-03 1.546557749169507889e-01
1.323994173951856257e-02 -8.694002235437228027e-03 2.725074476327383425e-03 4.398252780486387389e-03 1.546971740160836828e-01
1.324335226652617256e-02 -8.695549951494496374e-03 2.725045839094422575e-03 4.399182362699963558e-03 1.547386067554147038e-01
1.324676550221523703e-02 -8.697098372143649558e-03 2.725016644661232626e-03 4.400112544225907689e-03 1.547800731807079666e-01
1.325018145017796585e-02 -8.698647497669079881e-03 2.724986891387872791e-03 4.401043325585558830e-03 1.548215733377654446e-01
1.325360011402522929e-02 -8.700197328343700978e-03 2.724956577565318654e-03 4.401974707415461617e-03 1.548631072726564251e-01
1.325702149736466759e-02 -8.701747864429790896e-03 2.724925701437504004e-03 4.402906690244394461e-03 1.549046750313039233e-01
1.326044560382513317e-02 -8.703299106187672649e-03 2.724894261300118969e-03 4.403839274550320516e-03 1.549462766598759811e-01
1.326387243704317716e-02 -8.704851053873570096e-03 2.724862255580079440e-03 4.404772460767232903e-03 1.549879122045814128e-01
1.326730200066102844e-02 -8.706403707728510924e-03 2.724829682905628540e-03 4.405706249304434420e-03 1.550295817117211261e-01
1.327073429834187829e-02 -8.707957067977370805e-03 2.724796542010813217e-03 4.406640640696052498e-03 1.550712852277736087e-01
1.327416933375973052e-02 -8.709511134830398224e-03 2.724762831663532243e-03 4.407575635353654618e-03 1.551130227991971977e-01
1.327760711060188906e-02 -8.711065908484668177e-03 2.724728550629890687e-03 4.408511233648181038e-03 1.551547944725771011e-01
1.328104763257070657e-02 -8.712621389152715515e-03 2.724693697697791288e-03 4.409447435908855385e-03 1.551966002945924239e-01
1.328449090339452014e-02 -8.714177577077717243e-03 2.724658271673250764e-03 4.410384242533008266e-03 1.552384403121537249e-01
1.328793692678401778e-02 -8.715734472516585910e-03 2.724622271406810983e-03 4.411321654358173715e-03 1.552803145719760525e-01
1.329138570647963279e-02 -8.717292075739863783e-03 2.724585695665407512e-03 4.412259672513836259e-03 1.553222231211063287e-01
1.329483724622288962e-02 -8.718850386997942584e-03 2.724548543118555585e-03 4.413198298062291983e-03 1.553641660066091834e-01
1.329829154974344202e-02 -8.720409406515673700e-03 2.724510812377416071e-03 4.414137532055694910e-03 1.554061432755716177e-01
1.330174862076518964e-02 -8.721969134520670200e-03 2.724472502011814849e-03 4.415077375399760647e-03 1.554481549751023373e-01
1.330520846303009756e-02 -8.723529571261228258e-03 2.724433610447725852e-03 4.416017829014171926e-03 1.554902011526509142e-01
1.330867108025267538e-02 -8.725090716978974037e-03 2.724394136032795913e-03 4.416958893764441271e-03 1.555322818554601694e-01
1.331213647617197730e-02 -8.726652571922703314e-03 2.724354077101642357e-03 4.417900570267004404e-03 1.555743971310197538e-01
1.331560465453239181e-02 -8.728215136352329706e-03 2.724313431952471529e-03 4.418842859115927786e-03 1.556165470269220419e-01
1.331907561908114712e-02 -8.729778410533040392e-03 2.724272198852735298e-03 4.419785760906151315e-03 1.556587315908573577e-01
1.332254937355954912e-02 -8.731342394713723087e-03 2.724230376072926934e-03 4.420729276241341411e-03 1.557009508705274881e-01
1.332602592171579226e-02 -8.732907089132400935e-03 2.724187961876494563e-03 4.421673405763017900e-03 1.557432049137886243e-01
1.332950526731470527e-02 -8.734472494025645115e-03 2.724144954565471330e-03 4.422618149830154048e-03 1.557854937685937136e-01
1.333298741412793781e-02 -8.736038609608280311e-03 2.724101352513785997e-03 4.423563508638380694e-03 1.558278174829413054e-01
1.333647236595021830e-02 -8.737605436090574093e-03 2.724057154137228803e-03 4.424509482208381812e-03 1.558701761051106693e-01
1.333996012657041180e-02 -8.739172973681269205e-03 2.724012357935513742e-03 4.425456070462831237e-03 1.559125696831907271e-01
1.334345069980405647e-02 -8.740741222600855939e-03 2.723966962468213175e-03 4.426403273574447579e-03 1.559549982655643041e-01
1.334694408947392254e-02 -8.742310183076192759e-03 2.723920966339441092e-03 4.427351091935155178e-03 1.559974619006597452e-01
1.335044029941280866e-02 -8.743879855330738068e-03 2.723874368184854393e-03 4.428299526202631071e-03 1.560399606369388958e-01
1.335393933348176000e-02 -8.745450239589993777e-03 2.723827166672246163e-03 4.429248577334723644e-03 1.560824945231531757e-01
1.335744119554231960e-02 -8.747021336076731338e-03 2.723779360546748230e-03 4.430198246356984067e-03 1.561250636078774789e-01
1.336094588948208775e-02 -8.748593145021934386e-03 2.723730948533075163e-03 4.431148534594100095e-03 1.561676679399660872e-01
1.336445341918872202e-02 -8.750165666656806868e-03 2.723681929265980937e-03 4.432099443576245287e-03 1.562103075683044517e-01
1.336796378854731085e-02 -8.751738901195885503e-03 2.723632301313952224e-03 4.433050974552572333e-03 1.562529825418443596e-01
1.337147700144278133e-02 -8.753312848856028075e-03 2.723582063199615245e-03 4.434003128493657284e-03 1.562956929097144287e-01
1.337499306175114928e-02 -8.754887509859709399e-03 2.723531213354655946e-03 4.434955906064473423e-03 1.563384387210276782e-01
1.337851197334296444e-02 -8.756462884433805285e-03 2.723479750123112067e-03 4.435909307860349225e-03 1.563812200250306872e-01
1.338203374009446639e-02 -8.758038972802908648e-03 2.723427671812124647e-03 4.436863334665802107e-03 1.564240368710631546e-01
1.338555836591041708e-02 -8.759615775185703931e-03 2.723374976713046139e-03 4.437817987063972375e-03 1.564668893087080015e-01
1.338908585467044575e-02 -8.761193291788163529e-03 2.723321663077553703e-03 4.438773265640537369e-03 1.565097773873594389e-01
1.339261621027952771e-02 -8.762771522814282246e-03 2.723267729129281826e-03 4.439729170760324181e-03 1.565527011567629245e-01
1.339614943664099202e-02 -8.764350468468681127e-03 2.723213173069245936e-03 4.440685702337433642e-03 1.565956606667009421e-01
1.339968553765916170e-02 -8.765930128966738233e-03 2.723157993077834731e-03 4.441642860458351258e-03 1.566386559669928069e-01
1.340322451724884970e-02 -8.767510504537924521e-03 2.723102187342218376e-03 4.442600645369793738e-03 1.566816871074954987e-01
1.340676637935473564e-02 -8.769091595411320633e-03 2.723045754034114120e-03 4.443559057423777242e-03 1.567247541384134690e-01
1.341031112790269826e-02 -8.770673401800000921e-03 2.722988691418845326e-03 4.444518097038055275e-03 1.567678571097798068e-01
1.341385876684691482e-02 -8.772255923916939119e-03 2.722930997914642121e-03 4.445477764513487869e-03 1.568109960718569451e-01
1.341740930015152163e-02 -8.773839161976123777e-03 2.722872672031658500e-03 4.446438060526679628e-03 1.568541710749717377e-01
1.342096273180385171e-02 -8.775423116195290446e-03 2.722813712350082710e-03 4.447398986065075055e-03 1.568973821696646453e-01
1.342451906579842508e-02 -8.777007786774641829e-03 2.722754117464273958e-03 4.448360542148776554e-03 1.569406294063415697e-01
1.342807830616534609e-02 -8.778593173909506053e-03 2.722693886002345263e-03 4.449322730049581030e-03 1.569839128356861624e-01
1.343164045694491583e-02 -8.780179277798319873e-03 2.722633016626876436e-03 4.450285550980157337e-03 1.570272325084485499e-01
1.343520552217459911e-02 -8.781766098641532320e-03 2.722571507898149338e-03 4.451249006146960549e-03 1.570705884754283188e-01
1.343877350589992373e-02 -8.783353636637087486e-03 2.722509358350710344e-03 4.452213096663884366e-03 1.571139807876669181e-01
1.344234441214517406e-02 -8.784941891977510187e-03 2.722446566481822282e-03 4.453177823292827145e-03 1.571574094960959955e-01
1.344591824494414598e-02 -8.786530864851305883e-03 2.722383130683648025e-03 4.454143186710658904e-03 1.572008746519234224e-01
1.344949500833124770e-02 -8.788120555431364056e-03 2.722319049276340341e-03 4.455109187281722748e-03 1.572443763063929301e-01
1.345307470634329872e-02 -8.789710963884179995e-03 2.722254320546240499e-03 4.456075825355311319e-03 1.572879145107864973e-01
1.345665734303478148e-02 -8.791302090389164006e-03 2.722188942703773935e-03 4.457043101455918262e-03 1.573314893166373463e-01
1.346024292245541834e-02 -8.792893935141789935e-03 2.722122913879831616e-03 4.458011016123282835e-03 1.573751007754059517e-01
1.346383144866381519e-02 -8.794486498351307066e-03 2.722056232143269926e-03 4.458979569940966885e-03 1.574187489387954553e-01
1.346742292570643311e-02 -8.796079780226288142e-03 2.721988895607599206e-03 4.459948763409863140e-03 1.574624338585470240e-01
1.347101735763215138e-02 -8.797673780967133622e-03 2.721920902306668253e-03 4.460918596799501659e-03 1.575061555864370744e-01
1.347461474852457847e-02 -8.799268500773204868e-03 2.721852250291309679e-03 4.461889070574200263e-03 1.575499141745736464e-01
1.347821510246262691e-02 -8.800863939845570208e-03 2.721782937636366400e-03 4.462860185258791731e-03 1.575937096748630528e-01
1.348181842354893162e-02 -8.802460098405422498e-03 2.721712962505113201e-03 4.463831941419410011e-03 1.576375421394990151e-01
1.348542471588742159e-02 -8.804056976668275108e-03 2.721642323180373333e-03 4.464804339801835276e-03 1.576814116207053695e-01
1.348903398360270546e-02 -8.805654574848595373e-03 2.721571018087798506e-03 4.465777381206011837e-03 1.577253181708699326e-01
1.349264623082415716e-02 -8.807252893149430939e-03 2.721499045698497123e-03 4.466751066506955033e-03 1.577692618423946480e-01
1.349626146171722940e-02 -8.808851931755099646e-03 2.721426404524662345e-03 4.467725396500431961e-03 1.578132426879393369e-01
1.349987968045871650e-02 -8.810451690810504680e-03 2.721353093154975193e-03 4.468700371941692652e-03 1.578572607600967070e-01
1.350350089124006253e-02 -8.812052170462233644e-03 2.721279110161122904e-03 4.469675993636526568e-03 1.579013161117485686e-01
1.350712509825391025e-02 -8.813653370854258179e-03 2.721204454080664633e-03 4.470652262316335626e-03 1.579454087957551378e-01
1.351075230570334199e-02 -8.815255292127207112e-03 2.721129123324932380e-03 4.471629178802233838e-03 1.579895388651453569e-01
1.351438251778100397e-02 -8.816857934440067851e-03 2.721053116217750888e-03 4.472606743835140682e-03 1.580337063730066216e-01
1.351801573869073313e-02 -8.818461297962092160e-03 2.720976431051012976e-03 4.473584958045629008e-03 1.580779113725760687e-01
1.352165197263016823e-02 -8.820065382855181782e-03 2.720899066070054089e-03 4.474563822205932656e-03 1.581221539171349388e-01
1.352529122380883436e-02 -8.821670189274559773e-03 2.720821019444171103e-03 4.475543337185344112e-03 1.581664340601870999e-01
1.352893349642173525e-02 -8.823275717367040985e-03 2.720742289309629157e-03 4.476523503891396971e-03 1.582107518551679193e-01
1.353257879468509721e-02 -8.824881967303343025e-03 2.720662873749785191e-03 4.477504323268164180e-03 1.582551073557956489e-01
1.353622712282196057e-02 -8.826488939275563966e-03 2.720582770768847653e-03 4.478485795954827153e-03 1.582995006158197659e-01
1.353987848505349735e-02 -8.828096633472715810e-03 2.720501978297779760e-03 4.479467922417094961e-03 1.583439316890274673e-01
1.354353288560806653e-02 -8.829705050085642423e-03 2.720420494291740654e-03 4.480450703074354349e-03 1.583884006293228564e-01
1.354719032872745040e-02 -8.831314189303100803e-03 2.720338316774065408e-03 4.481434138521091584e-03 1.584329074907983026e-01
1.355085081865819129e-02 -8.832924051329722401e-03 2.720255443718128628e-03 4.482418229579703504e-03 1.584774523276216429e-01
1.355451435965952800e-02 -8.834534636384892489e-03 2.720171873155572111e-03 4.483402976859085856e-03 1.585220351940379857e-01
1.355818095599943887e-02 -8.836145944665897700e-03 2.720087603244839003e-03 4.484388380860664797e-03 1.585666561444359635e-01
1.356185061194680429e-02 -8.837757976333536492e-03 2.720002632303609221e-03 4.485374441948961240e-03 1.586113152332119802e-01
1.356552333180268549e-02 -8.839370731539921561e-03 2.719916958762791555e-03 4.486361160268486324e-03 1.586560125150623946e-01
1.356919911988147855e-02 -8.840984210422718828e-03 2.719830581111907630e-03 4.487348536127176886e-03 1.587007480447173713e-01
1.357287798052776891e-02 -8.842598413100762056e-03 2.719743497847563248e-03 4.488336570012563947e-03 1.587455218770500720e-01
1.357655991809480177e-02 -8.844213339681696040e-03 2.719655707395043660e-03 4.489325262853946681e-03 1.587903340669569452e-01
1.358024493694819784e-02 -8.845828990269411635e-03 2.719567208056513415e-03 4.490314615779769647e-03 1.588351846694892322e-01
1.358393304145665871e-02 -8.847445364972646512e-03 2.719477998081897604e-03 4.491304629751217102e-03 1.588800737398418650e-01
1.358762423597887833e-02 -8.849062463916604337e-03 2.719388075697957551e-03 4.492295305844992009e-03 1.589250013333599054e-01
1.359131852487532009e-02 -8.850680287235264745e-03 2.719297439105503988e-03 4.493286645263089470e-03 1.589699675054221384e-01
1.359501591252309030e-02 -8.852298835063426158e-03 2.719206086448996019e-03 4.494278649113245781e-03 1.590149723114378799e-01
1.359871640332643850e-02 -8.853918107543832031e-03 2.719114015825798911e-03 4.495271318500476329e-03 1.590600158071709402e-01
1.360242000166712872e-02 -8.855538104821735965e-03 2.719021225306981256e-03 4.496264654332195014e-03 1.591050980482092148e-01
1.360612671193582937e-02 -8.857158827063142323e-03 2.718927712853225123e-03 4.497258657401393377e-03 1.591502190904185710e-01
1.360983653851937508e-02 -8.858780274447791009e-03 2.718833476345653387e-03 4.498253328333119173e-03 1.591953789897033733e-01
1.361354948583153729e-02 -8.860402447148354663e-03 2.718738513629255071e-03 4.499248667686027957e-03 1.592405778021907525e-01
1.361726555826280223e-02 -8.862025345314742883e-03 2.718642822599065968e-03 4.500244675933112032e-03 1.592858155839027567e-01
1.362098476022087848e-02 -8.863648969106173794e-03 2.718546401148711107e-03 4.501241353248597483e-03 1.593310923912124033e-01
1.362470709610856708e-02 -8.865273318687619600e-03 2.718449247205462650e-03 4.502238699940942432e-03 1.593764082804864368e-01
1.362843257034498413e-02 -8.866898394238119374e-03 2.718351358738473316e-03 4.503236716390237801e-03 1.594217633082413710e-01
1.363216118735625926e-02 -8.868524195927193765e-03 2.718252733850520277e-03 4.504235402855921028e-03 1.594671575309816458e-01
1.363589295160356867e-02 -8.870150723901583031e-03 2.718153370779441500e-03 4.505234759758128260e-03 1.595125910056552354e-01
1.363962786754168051e-02 -8.871777978270040457e-03 2.718053267865454866e-03 4.506234787449869654e-03 1.595580637889790210e-01
1.364336593966394666e-02 -8.873405959115754707e-03 2.717952423466041788e-03 4.507235486386275067e-03 1.596035759379582641e-01
1.364710717248306115e-02 -8.875034666507009701e-03 2.717850835930930332e-03 4.508236857511054886e-03 1.596491275097500218e-01
1.365085157052465734e-02 -8.876664100515402681e-03 2.717748503509062868e-03 4.509238901901000546e-03 1.596947185615879283e-01
1.365459913833371591e-02 -8.878294261221436959e-03 2.717645424341857095e-03 4.510241620766097283e-03 1.597403491507893292e-01
1.365834988046026217e-02 -8.879925148717790137e-03 2.717541596583097126e-03 4.511245015368184688e-03 1.597860193347865332e-01
1.366210380145514713e-02 -8.881556763116223510e-03 2.717437018351053814e-03 4.512249086989737756e-03 1.598317291711450205e-01
1.366586090587221247e-02 -8.883189104529126343e-03 2.717331687651204988e-03 4.513253837069796347e-03 1.598774787175119838e-01
1.366962119829363137e-02 -8.884822173080432484e-03 2.717225602439236280e-03 4.514259266705678009e-03 1.599232680317952127e-01
1.367338468329106806e-02 -8.886455968892389631e-03 2.717118760656109851e-03 4.515265376748811045e-03 1.599690971718033261e-01
1.367715136543488051e-02 -8.888090492084325944e-03 2.717011160233775112e-03 4.516272167766193293e-03 1.600149661955849179e-01
1.368092124928922161e-02 -8.889725742783734924e-03 2.716902799088970113e-03 4.517279640053016576e-03 1.600608751612705716e-01
1.368469433941860679e-02 -8.891361721116972094e-03 2.716793675067432842e-03 4.518287793943424197e-03 1.601068241271341175e-01
1.368847064040087588e-02 -8.892998427211622897e-03 2.716683785958195780e-03 4.519296629914931751e-03 1.601528131515886633e-01
1.369225015679744611e-02 -8.894635861200036325e-03 2.716573129572811586e-03 4.520306148508680157e-03 1.601988422931063805e-01
1.369603289316531636e-02 -8.896274023223800509e-03 2.716461703737784502e-03 4.521316350304160729e-03 1.602449116102643289e-01
1.369981885408532926e-02 -8.897912913415387606e-03 2.716349506380973458e-03 4.522327235608300695e-03 1.602910211617883107e-01
1.370360804416637795e-02 -8.899552531896134586e-03 2.716236535470265261e-03 4.523338804989302658e-03 1.603371710066889833e-01
1.370740046801361030e-02 -8.901192878767899205e-03 2.716122789098606403e-03 4.524351059129037844e-03 1.603833612037654510e-01
1.371119613027879311e-02 -8.902833954132126359e-03 2.716008265383103304e-03 4.525363998502839567e-03 1.604295918122821407e-01
1.371499503561184226e-02 -8.904475758066830032e-03 2.715892962458299822e-03 4.526377623529213336e-03 1.604758628914243201e-01
1.371879718869680256e-02 -8.906118290654754799e-03 2.715776878479365247e-03 4.527391934769482706e-03 1.605221745006021605e-01
1.372260259422693023e-02 -8.907761551970752242e-03 2.715660011607422004e-03 4.528406933236284702e-03 1.605685266991743465e-01
1.372641125693208931e-02 -8.909405542075574114e-03 2.715542359936295221e-03 4.529422620083697025e-03 1.606149195468672686e-01
1.373022318154014203e-02 -8.911050261018521254e-03 2.715423921434782870e-03 4.530438996523009423e-03 1.606613531033222186e-01
1.373403837279078311e-02 -8.912695708851711696e-03 2.715304694019682417e-03 4.531456064058744099e-03 1.607078274284093333e-01
1.373785683543025417e-02 -8.914341885633541435e-03 2.715184675572378248e-03 4.532473823753506784e-03 1.607543425820510685e-01
1.374167857422372088e-02 -8.915988791436719671e-03 2.715063863886626495e-03 4.533492276224632654e-03 1.608008986244647553e-01
1.374550359392090818e-02 -8.917636426335988700e-03 2.714942256765127092e-03 4.534511422093128429e-03 1.608474956157368019e-01
1.374933189928504579e-02 -8.919284790426947399e-03 2.714819852085235963e-03 4.535531261938633742e-03 1.608941336163181579e-01
1.375316349505228963e-02 -8.920933883809236548e-03 2.714696647766776799e-03 4.536551796468629542e-03 1.609408126867044875e-01
1.375699838594822075e-02 -8.922583706574855472e-03 2.714572641660837910e-03 4.537573026408239785e-03 1.609875328874326161e-01
1.376083657671046782e-02 -8.924234258797233282e-03 2.714447831618051372e-03 4.538594952602423988e-03 1.610342942791727905e-01
1.376467807209290177e-02 -8.925885540553620684e-03 2.714322215481066065e-03 4.539617576049866793e-03 1.610810969228320955e-01
1.376852287685546503e-02 -8.927537551916556874e-03 2.714195791083379335e-03 4.540640897414900505e-03 1.611279408793734880e-01
1.377237099576395993e-02 -8.929190292966465367e-03 2.714068556326207360e-03 4.541664917202743387e-03 1.611748262098459117e-01
1.377622243361034844e-02 -8.930843763808782657e-03 2.713940509029411693e-03 4.542689635936119665e-03 1.612217529755269607e-01
1.378007719518364524e-02 -8.932497964551961919e-03 2.713811646986938851e-03 4.543715054273724657e-03 1.612687212375908674e-01
1.378393528532149449e-02 -8.934152895322360413e-03 2.713681968038310008e-03 4.544741172840029327e-03 1.613157310577011117e-01
1.378779670885801889e-02 -8.935808556215072210e-03 2.713551470052644188e-03 4.545767991859452246e-03 1.613627824973744296e-01
1.379166147063831151e-02 -8.937464947277042396e-03 2.713420150943219537e-03 4.546795511614665740e-03 1.614098756183539873e-01
1.379552957553657234e-02 -8.939122068550305056e-03 2.713288008656750561e-03 4.547823732549431154e-03 1.614570104825550079e-01
1.379940102844746420e-02 -8.940779920052367019e-03 2.713155041176160218e-03 4.548852655554805682e-03 1.615041871518253236e-01
1.380327583429299780e-02 -8.942438501788343985e-03 2.713021246345659939e-03 4.549882281893219589e-03 1.615514056883582683e-01
1.380715399800886908e-02 -8.944097813763512983e-03 2.712886621922973914e-03 4.550912612686997330e-03 1.615986661544436820e-01
1.381103552453656277e-02 -8.945757855995044305e-03 2.712751165624644432e-03 4.551943648866055639e-03 1.616459686124787076e-01
1.381492041880080096e-02 -8.947418628502058074e-03 2.712614875162485360e-03 4.552975391204571246e-03 1.616933131249017330e-01
1.381880868573573742e-02 -8.949080131315711659e-03 2.712477748297084917e-03 4.554007840551486594e-03 1.617406997544666158e-01
1.382270033026810306e-02 -8.950742364462305201e-03 2.712339782805074477e-03 4.555040997969410886e-03 1.617881285639279354e-01
1.382659535733873728e-02 -8.952405327979797919e-03 2.712200976583443134e-03 4.556074864645076258e-03 1.618355996162514354e-01
1.383049377188428665e-02 -8.954069021901831307e-03 2.712061327611046350e-03 4.557109441690327702e-03 1.618831129744364716e-01
1.383439557885016331e-02 -8.955733446256435026e-03 2.711920833868151220e-03 4.558144730085661282e-03 1.619306687016011659e-01
1.383830078320201669e-02 -8.957398601090347731e-03 2.711779493271293702e-03 4.559180730822089828e-03 1.619782668611139675e-01
1.384220938989990518e-02 -8.959064486469216562e-03 2.711637303505558174e-03 4.560217444932908315e-03 1.620259075163522355e-01
1.384612140390888493e-02 -8.960731102476955298e-03 2.711494262164556180e-03 4.561254872898645556e-03 1.620735907308173407e-01
1.385003683020548382e-02 -8.962398449187947147e-03 2.711350366815152430e-03 4.562293014902157884e-03 1.621213165682514612e-01
1.385395567377276961e-02 -8.964066526677409719e-03 2.711205614997262703e-03 4.563331871138165408e-03 1.621690850924904226e-01
1.385787793961504311e-02 -8.965735335025426522e-03 2.711060004310960388e-03 4.564371441715280031e-03 1.622168963674550934e-01
1.386180363276357658e-02 -8.967404874296657641e-03 2.710913532428351532e-03 4.565411726983988755e-03 1.622647504572570509e-01
1.386573275826431632e-02 -8.969075144531267127e-03 2.710766197050081417e-03 4.566452727274606348e-03 1.623126474261536722e-01
1.386966532116207240e-02 -8.970746145742202957e-03 2.710617995867354527e-03 4.567494443072072155e-03 1.623605873384388609e-01
1.387360132653386695e-02 -8.972417877922720525e-03 2.710468926578132095e-03 4.568536875188132680e-03 1.624085702587217961e-01
1.387754077946153249e-02 -8.974090341039662327e-03 2.710318986976619545e-03 4.569580024591605831e-03 1.624565962515072126e-01
1.388148368506173479e-02 -8.975763535033815313e-03 2.710168174869841476e-03 4.570623892438463627e-03 1.625046653817048825e-01
1.388543004846243267e-02 -8.977437459841898504e-03 2.710016487940119286e-03 4.571668479804174776e-03 1.625527777142902752e-01
1.388937987479397194e-02 -8.979112115425118279e-03 2.709863923879166601e-03 4.572713787772944918e-03 1.626009333142865720e-01
1.389333316920128569e-02 -8.980787501753200244e-03 2.709710480450087857e-03 4.573759817676712087e-03 1.626491322469331702e-01
1.389728993683430475e-02 -8.982463618810884037e-03 2.709556155472650496e-03 4.574806570846223427e-03 1.626973745775160685e-01
1.390125018286342273e-02 -8.984140466590578508e-03 2.709400946757329915e-03 4.575854048875336796e-03 1.627456603715852768e-01
1.390521391245230776e-02 -8.985818045109582319e-03 2.709244852105031475e-03 4.576902253095118528e-03 1.627939896947343812e-01
1.390918113074465605e-02 -8.987496354392648240e-03 2.709087869317178352e-03 4.577951184143165368e-03 1.628423626126114798e-01
1.391315184289325380e-02 -8.989175394450233184e-03 2.708929996098936085e-03 4.579000842506225112e-03 1.628907791911557434e-01
1.391712605405822679e-02 -8.990855165289015835e-03 2.708771229957948092e-03 4.580051228513359191e-03 1.629392394963280477e-01
1.392110376941785126e-02 -8.992535666935650221e-03 2.708611568321235650e-03 4.581102342689068185e-03 1.629877435943528630e-01
1.392508499414455217e-02 -8.994216899426870845e-03 2.708451008633631744e-03 4.582154185380914353e-03 1.630362915515111699e-01
1.392906973341459867e-02 -8.995898862799318538e-03 2.708289548237917312e-03 4.583206756742259393e-03 1.630848834341400710e-01
1.393305799244454884e-02 -8.997581557092054066e-03 2.708127184453822719e-03 4.584260057050157725e-03 1.631335193090199809e-01
1.393704977643939538e-02 -8.999264982330603888e-03 2.707963914703263083e-03 4.585314086658568399e-03 1.631821992427055223e-01
1.394104509063352239e-02 -9.000949138521032594e-03 2.707799736517718658e-03 4.586368846361202865e-03 1.632309233021281836e-01
1.394504394025341230e-02 -9.002634025650305474e-03 2.707634647530685751e-03 4.587424337005188181e-03 1.632796915542745197e-01
1.394904633055104454e-02 -9.004319643660441130e-03 2.707468645409816937e-03 4.588480559126742984e-03 1.633285040663831622e-01
1.395305226680247125e-02 -9.006005992449337208e-03 2.707301727967062997e-03 4.589537513295134999e-03 1.633773609056575205e-01
1.395706175435544767e-02 -9.007693071915595651e-03 2.707133893055845442e-03 4.590595200704650214e-03 1.634262621397233328e-01
1.396107479855749831e-02 -9.009380881963343496e-03 2.706965138359435866e-03 4.591653623034403810e-03 1.634752078360391936e-01
1.396509140478945088e-02 -9.011069422532233184e-03 2.706795461536727360e-03 4.592712781989968102e-03 1.635241980625016522e-01
1.396911157840930416e-02 -9.012758693555526432e-03 2.706624860225453292e-03 4.593772679049989288e-03 1.635732328868098051e-01
1.397313532478645405e-02 -9.014448694981469501e-03 2.706453331926774852e-03 4.594833315254689098e-03 1.636223123771215204e-01
1.397716264928370103e-02 -9.016139426755784628e-03 2.706280874094166983e-03 4.595894691204093635e-03 1.636714366015313560e-01
1.398119355727853175e-02 -9.017830888834172179e-03 2.706107484209005921e-03 4.596956807443970325e-03 1.637206056283964095e-01
1.398522805412379805e-02 -9.019523081188909538e-03 2.705933159845325554e-03 4.598019664699867261e-03 1.637698195261186040e-01
1.398926614519531951e-02 -9.021216003783494655e-03 2.705757898596491528e-03 4.599083263725251176e-03 1.638190783634987102e-01
1.399330783584477184e-02 -9.022909656564874481e-03 2.705581697863355950e-03 4.600147605087210115e-03 1.638683822090508946e-01
1.399735313145922776e-02 -9.024604039504342812e-03 2.705404554884751657e-03 4.601212689139887874e-03 1.639177311317784047e-01
1.400140203742235995e-02 -9.026299152571543721e-03 2.705226466931009727e-03 4.602278516473897949e-03 1.639671252007420810e-01
1.400545455911793302e-02 -9.027994995745330931e-03 2.705047431289744290e-03 4.603345087910582466e-03 1.640165644850633264e-01
1.400951070195298812e-02 -9.029691569007809032e-03 2.704867445264092212e-03 4.604412404068277537e-03 1.640660490541831773e-01
1.401357047133251765e-02 -9.031388872337262758e-03 2.704686506211723997e-03 4.605480465402524148e-03 1.641155789775046447e-01
1.401763387270433918e-02 -9.033086905706234904e-03 2.704504611654515167e-03 4.606549272530217724e-03 1.641651543247780176e-01
1.402170091152550417e-02 -9.034785669062295188e-03 2.704321759201955624e-03 4.607618826408767763e-03 1.642147751658063481e-01
1.402577159327709870e-02 -9.036485162343644087e-03 2.704137946559928216e-03 4.608689127961415784e-03 1.642644415704366534e-01
1.402984592349322025e-02 -9.038185385440050332e-03 2.703953171460873103e-03 4.609760177999626396e-03 1.643141536088585375e-01
1.403392390770902450e-02 -9.039886338214113415e-03 2.703767431550395395e-03 4.610831977651869314e-03 1.643639113512332106e-01
1.403800555150134036e-02 -9.041588020538232282e-03 2.703580724278609008e-03 4.611904528003572291e-03 1.644137148680549221e-01
1.404209086045531650e-02 -9.043290432285695790e-03 2.703393046987478260e-03 4.612977830106755779e-03 1.644635642298771516e-01
1.404617984014277371e-02 -9.044993573330693121e-03 2.703204396958544444e-03 4.614051884983884008e-03 1.645134595073191042e-01
1.405027249615968185e-02 -9.046697443567435631e-03 2.703014771419942359e-03 4.615126693411948297e-03 1.645634007715006675e-01
1.405436883406595283e-02 -9.048402042891643890e-03 2.702824167580074322e-03 4.616202256133947190e-03 1.646133880932452997e-01
1.405846885945746111e-02 -9.050107371205621740e-03 2.702632582677738041e-03 4.617278573932325110e-03 1.646634215437968729e-01
1.406257257791145195e-02 -9.051813428404715048e-03 2.702440013990376963e-03 4.618355647615346102e-03 1.647135011944622640e-01
1.406667999501180072e-02 -9.053520214364917107e-03 2.702246458884146121e-03 4.619433477930221486e-03 1.647636271167985389e-01
1.407079111633666169e-02 -9.055227728944370905e-03 2.702051914814353195e-03 4.620512065697003623e-03 1.648137993823117486e-01
1.407490594749608546e-02 -9.056935972034049070e-03 2.701856379161388794e-03 4.621591411868610812e-03 1.648640180629447893e-01
1.407902449408209022e-02 -9.058644943560777499e-03 2.701659849211315335e-03 4.622671517443368606e-03 1.649142832304762718e-01
1.408314676172771687e-02 -9.060354643479656342e-03 2.701462322241495167e-03 4.623752383460715508e-03 1.649645949571645620e-01
1.408727275606252993e-02 -9.062065071740147901e-03 2.701263795567455418e-03 4.624834010853880704e-03 1.650149533151110681e-01
1.409140248276045254e-02 -9.063776228295088513e-03 2.701064266549978252e-03 4.625916400172817508e-03 1.650653583768178223e-01
1.409553594749845574e-02 -9.065488113076029461e-03 2.700863732619731335e-03 4.626999552171487916e-03 1.651158102147849138e-01
1.409967315597435850e-02 -9.067200725997908578e-03 2.700662191245799953e-03 4.628083467524454764e-03 1.651663089017754993e-01
1.410381411389224904e-02 -9.068914066966561605e-03 2.700459639876621413e-03 4.629168146558484444e-03 1.652168545106144082e-01
1.410795882699668324e-02 -9.070628135865059505e-03 2.700256075915059232e-03 4.630253589806624520e-03 1.652674471145346990e-01
1.411210730102321377e-02 -9.072342932502829027e-03 2.700051496648662921e-03 4.631339797946027771e-03 1.653180867865506609e-01
1.411625954175325243e-02 -9.074058456672791026e-03 2.699845899223576439e-03 4.632426771844654415e-03 1.653687736001727415e-01
1.412041555498987598e-02 -9.075774708183752953e-03 2.699639280648557550e-03 4.633514512398581066e-03 1.654195076289749211e-01
1.412457534653568936e-02 -9.077491686853700684e-03 2.699431637828679596e-03 4.634603020688234272e-03 1.654702889465961557e-01
1.412873892220156170e-02 -9.079209392499596604e-03 2.699222967739343775e-03 4.635692297619333976e-03 1.655211176269610340e-01
1.413290628778730677e-02 -9.080927824944080851e-03 2.699013267494664980e-03 4.636782343975296913e-03 1.655719937440641165e-01
1.413707744911795079e-02 -9.082646984002852933e-03 2.698802534303323085e-03 4.637873160743265742e-03 1.656229173722044978e-01
1.414125241202035532e-02 -9.084366869481476370e-03 2.698590765432776466e-03 4.638964749030593387e-03 1.656738885857327315e-01
1.414543118230390459e-02 -9.086087481195465054e-03 2.698377958200085316e-03 4.640057110149691834e-03 1.657249074590457505e-01
1.414961376579959226e-02 -9.087808818982691730e-03 2.698164110040590213e-03 4.641150245554111903e-03 1.657759740668089954e-01
1.415380016835792246e-02 -9.089530882681894769e-03 2.697949218389495991e-03 4.642244156291981325e-03 1.658270884838052295e-01
1.415799039584825225e-02 -9.091253672169974723e-03 2.697733280500051040e-03 4.643338843403265088e-03 1.658782507850929400e-01
1.416218445415396918e-02 -9.092977187357085059e-03 2.697516293640463136e-03 4.644434307871364923e-03 1.659294610458152963e-01
1.416638234916274032e-02 -9.094701428146428207e-03 2.697298255053404061e-03 4.645530550434457707e-03 1.659807193411833026e-01
1.417058408677556586e-02 -9.096426394449932257e-03 2.697079161940386677e-03 4.646627571566422192e-03 1.660320257468310412e-01
1.417478967288061942e-02 -9.098152086161562235e-03 2.696859011445270314e-03 4.647725371577770409e-03 1.660833803383173213e-01
1.417899911338801021e-02 -9.099878503145806749e-03 2.696637800701046691e-03 4.648823950850987201e-03 1.661347831915632456e-01
1.418321241421982917e-02 -9.101605645234952732e-03 2.696415526774107591e-03 4.649923309459027231e-03 1.661862343825482313e-01
1.418742958133079393e-02 -9.103333512242085465e-03 2.696192186652463484e-03 4.651023447707896587e-03 1.662377339874110127e-01
1.419165062071317887e-02 -9.105062103940575469e-03 2.695967777288298031e-03 4.652124366274410644e-03 1.662892820826293305e-01
1.419587553836665697e-02 -9.106791420055961733e-03 2.695742295534867515e-03 4.653226065954251499e-03 1.663408787446442605e-01
1.420010434032510822e-02 -9.108521460305513823e-03 2.695515738228767503e-03 4.654328547765959438e-03 1.663925240501221703e-01
1.420433703264543761e-02 -9.110252224425290091e-03 2.695288102256632526e-03 4.655431812934788735e-03 1.664442180759546086e-01
1.420857362139902984e-02 -9.111983712171001573e-03 2.695059384572609084e-03 4.656535862783209301e-03 1.664959608993226148e-01
1.421281411263055836e-02 -9.113715923307568953e-03 2.694829582247343369e-03 4.657640698558071848e-03 1.665477525972284822e-01
1.421705851242336706e-02 -9.115448857614684083e-03 2.694598692382289828e-03 4.658746321559397233e-03 1.665995932470962226e-01
1.422130682686508635e-02 -9.117182514853949121e-03 2.694366712164919173e-03 4.659852733173735183e-03 1.666514829264681696e-01
1.422555906204394337e-02 -9.118916894786895100e-03 2.694133638929600665e-03 4.660959934731488501e-03 1.667034217129407248e-01
1.422981522406677017e-02 -9.120651997173439759e-03 2.693899470070512930e-03 4.662067927514091346e-03 1.667554096843665845e-01
1.423407531902892709e-02 -9.122387821796062654e-03 2.693664202839195221e-03 4.663176712848103242e-03 1.668074469187265652e-01
1.423833935304022642e-02 -9.124124368465102997e-03 2.693427834402344501e-03 4.664286291697916816e-03 1.668595334943575870e-01
1.424260733219624361e-02 -9.125861637018419653e-03 2.693190361817837230e-03 4.665396664711234445e-03 1.669116694895916020e-01
1.424687926262029405e-02 -9.127599627309787578e-03 2.692951782069200918e-03 4.666507832204104533e-03 1.669638549831004848e-01
1.425115515041592076e-02 -9.129338339162337834e-03 2.692712092056237950e-03 4.667619794176874892e-03 1.670160900534307935e-01
1.425543500174682524e-02 -9.131077772396993184e-03 2.692471288579717081e-03 4.668732550729653812e-03 1.670683747798195340e-01
1.425971882275570667e-02 -9.132817926817181700e-03 2.692229368419418213e-03 4.669846102134386084e-03 1.671207092411915451e-01
1.426400661961778511e-02 -9.134558802196426561e-03 2.691986328335688444e-03 4.670960448553172079e-03 1.671730935168142251e-01
1.426829839855978457e-02 -9.136300398275452525e-03 2.691742165148018964e-03 4.672075590575336390e-03 1.672255276863967854e-01
1.427259416578747359e-02 -9.138042714749036732e-03 2.691496875666222078e-03 4.673191529265085034e-03 1.672780118292201690e-01
1.427689392759753408e-02 -9.139785751309680364e-03 2.691250456644922462e-03 4.674308265688991056e-03 1.673305460254591037e-01
1.428119769027321427e-02 -9.141529507629151188e-03 2.691002904795608292e-03 4.675425800899372410e-03 1.673831303548984628e-01
1.428550546014554189e-02 -9.143273983386246070e-03 2.690754216905276788e-03 4.676544136184642916e-03 1.674357648977642665e-01
1.428981724357053333e-02 -9.145019178275488880e-03 2.690504389834751098e-03 4.677663273043829173e-03 1.674884497345192902e-01
1.429413304686656151e-02 -9.146765092013087531e-03 2.690253420541968091e-03 4.678783212999993238e-03 1.675411849454380431e-01
1.429845287637740089e-02 -9.148511724326090222e-03 2.690001306067618756e-03 4.679903957780524176e-03 1.675939706113242778e-01
1.430277673844472346e-02 -9.150259074912686294e-03 2.689748043610704509e-03 4.681025509051814706e-03 1.676468068131320710e-01
1.430710463940759909e-02 -9.152007143438027278e-03 2.689493630345829618e-03 4.682147868248533185e-03 1.676996936319018749e-01
1.431143658559831319e-02 -9.153755929552294043e-03 2.689238063308381152e-03 4.683271036264533178e-03 1.677526311487486654e-01
1.431577258336340190e-02 -9.155505432950010458e-03 2.688981339481929557e-03 4.684395013508456558e-03 1.678056194452772487e-01
1.432011263903303598e-02 -9.157255653356847352e-03 2.688723455844040100e-03 4.685519800273985069e-03 1.678586586030201833e-01
1.432445675897359508e-02 -9.159006590546600254e-03 2.688464409208904827e-03 4.686645396810943179e-03 1.679117487038666312e-01
1.432880494957095713e-02 -9.160758244295474223e-03 2.688204196272881655e-03 4.687771803551806990e-03 1.679648898297867454e-01
1.433315721722106667e-02 -9.162510614367408088e-03 2.687942813695239248e-03 4.688899020988504182e-03 1.680180820630276239e-01
1.433751356832284503e-02 -9.164263700502725887e-03 2.687680258086602020e-03 4.690027049559679535e-03 1.680713254859023953e-01
1.434187400932761952e-02 -9.166017502438929265e-03 2.687416526062033108e-03 4.691155889517579190e-03 1.681246201811130436e-01
1.434623854667776630e-02 -9.167772019883115367e-03 2.687151614207540767e-03 4.692285541164202892e-03 1.681779662312412049e-01
1.435060718686866944e-02 -9.169527252531652073e-03 2.686885519122303705e-03 4.693416005249250421e-03 1.682313637194251255e-01
1.435497993640573108e-02 -9.171283200037350092e-03 2.686618237368818603e-03 4.694547282746245123e-03 1.682848127285001272e-01
1.435935680186406320e-02 -9.173039862052673188e-03 2.686349765608270993e-03 4.695679374894688556e-03 1.683383133419793232e-01
1.436373778980935302e-02 -9.174797238196693433e-03 2.686080100542183064e-03 4.696812283495692061e-03 1.683918656432038530e-01
1.436812290682650331e-02 -9.176555328095858943e-03 2.685809238751477295e-03 4.697946010681986265e-03 1.684454697158759007e-01
1.437251215950232502e-02 -9.178314131376739265e-03 2.685537176839117995e-03 4.699080558230639242e-03 1.684991256438418683e-01
1.437690555443805855e-02 -9.180073647644261536e-03 2.685263911691926613e-03 4.700215927450462558e-03 1.685528335113597453e-01
1.438130309820716789e-02 -9.181833876466627062e-03 2.684989440277350207e-03 4.701352119237015882e-03 1.686065934024722490e-01
1.438570479741013534e-02 -9.183594817430692364e-03 2.684713759574737773e-03 4.702489134378371946e-03 1.686604054017138976e-01
1.439011065866267584e-02 -9.185356470136105816e-03 2.684436866504900498e-03 4.703626973743711345e-03 1.687142695937453307e-01
1.439452068856838726e-02 -9.187118834183188865e-03 2.684158757849173030e-03 4.704765638160720090e-03 1.687681860632975483e-01
1.439893489376479693e-02 -9.188881909200278739e-03 2.683879430351247385e-03 4.705905128284896405e-03 1.688221548957110074e-01
1.440335328084457051e-02 -9.190645694833604606e-03 2.683598880759475482e-03 4.707045444366600787e-03 1.688761761759043356e-01
1.440777585646706507e-02 -9.192410190774678858e-03 2.683317105715834691e-03 4.708186586727851689e-03 1.689302499894066167e-01
1.441220262731649632e-02 -9.194175396696681324e-03 2.683034101685015816e-03 4.709328555945796815e-03 1.689843764218355027e-01
1.441663360008401361e-02 -9.195941312283217525e-03 2.682749865076684663e-03 4.710471352393568248e-03 1.690385555589425659e-01
1.442106878149661091e-02 -9.197707937231517500e-03 2.682464392397825026e-03 4.711614976355942529e-03 1.690927874869631031e-01
1.442550817826298952e-02 -9.199475271235806745e-03 2.682177680097566803e-03 4.712759428666222702e-03 1.691470722918701763e-01
1.442995179712504641e-02 -9.201243313966702905e-03 2.681889724442584715e-03 4.713904710550289277e-03 1.692014100600841842e-01
1.443439964483850778e-02 -9.203012065051341048e-03 2.681600521723015180e-03 4.715050823514936075e-03 1.692558008781591683e-01
1.443885172820121368e-02 -9.204781524099359818e-03 2.681310068342155403e-03 4.716197769153646253e-03 1.693102448330226217e-01
1.444330805400932845e-02 -9.206551690676339356e-03 2.681018360793828697e-03 4.717345548703483216e-03 1.693647420114419155e-01
1.444776862911810282e-02 -9.208322564287647546e-03 2.680725395557995768e-03 4.718494163189392715e-03 1.694192925009066208e-01
1.445223346036559643e-02 -9.210094144414007061e-03 2.680431169114408287e-03 4.719643613937714831e-03 1.694738963886083805e-01
1.445670255464249349e-02 -9.211866430554355167e-03 2.680135678065256877e-03 4.720793902227194035e-03 1.695285537623363592e-01
1.446117591880489821e-02 -9.213639422216170910e-03 2.679838919106972313e-03 4.721945029274740580e-03 1.695832647097577084e-01
1.446565355973317146e-02 -9.215413118926235603e-03 2.679540888974873535e-03 4.723096996055501512e-03 1.696380293189531374e-01
1.447013548431758286e-02 -9.217187520208447449e-03 2.679241584384099012e-03 4.724249803139064612e-03 1.696928476781050521e-01
1.447462169947794433e-02 -9.218962625570776420e-03 2.678941002015876836e-03 4.725403451184836436e-03 1.697477198756823513e-01
1.447911221212806222e-02 -9.220738434512813775e-03 2.678639138530837863e-03 4.726557940704320150e-03 1.698026460002233506e-01
1.448360702919244437e-02 -9.222514946580230230e-03 2.678335990518995388e-03 4.727713272018858534e-03 1.698576261406443966e-01
1.448810615759179438e-02 -9.224292161373093962e-03 2.678031554431606082e-03 4.728869445652219249e-03 1.699126603857864792e-01
1.449260960430296535e-02 -9.226070078490231086e-03 2.677725826669087074e-03 4.730026462646565177e-03 1.699677488250385671e-01
1.449711737630642906e-02 -9.227848697538305195e-03 2.677418803537965752e-03 4.731184324531006492e-03 1.700228915478740332e-01
1.450162948057999793e-02 -9.229628018144069718e-03 2.677110481160276459e-03 4.732343032652793630e-03 1.700780886438519046e-01
1.450614592409805829e-02 -9.231408039941220445e-03 2.676800855537751767e-03 4.733502587794007586e-03 1.701333402026546371e-01
1.451066671388522369e-02 -9.233188762563421942e-03 2.676489922700517766e-03 4.734662990617958048e-03 1.701886463146164430e-01
1.451519185694174520e-02 -9.234970185573013884e-03 2.676177678801352437e-03 4.735824241786180944e-03 1.702440070698631180e-01
1.451972136030395266e-02 -9.236752308482001211e-03 2.675864120121202502e-03 4.736986342212708145e-03 1.702994225588281285e-01
1.452425523106284921e-02 -9.238535130779410715e-03 2.675549243007176604e-03 4.738149292965073735e-03 1.703548928724833156e-01
1.452879347629333802e-02 -9.240318651904657829e-03 2.675233043705714346e-03 4.739313095432212686e-03 1.704104181013151587e-01
1.453333610316979475e-02 -9.242102871280648627e-03 2.674915518446743367e-03 4.740477750931094102e-03 1.704659983368782827e-01
1.453788311884745416e-02 -9.243887788300271524e-03 2.674596663577121208e-03 4.741643260512950868e-03 1.705216336702430890e-01
1.454243453051209944e-02 -9.245673402363017296e-03 2.674276475600111547e-03 4.742809624936400112e-03 1.705773241929871564e-01
1.454699034537441579e-02 -9.247459712878432908e-03 2.673954951051715333e-03 4.743976844646954384e-03 1.706330699971155829e-01
1.455155057060495381e-02 -9.249246719270347306e-03 2.673632086451285372e-03 4.745144919811166220e-03 1.706888711742182707e-01
1.455611521344010902e-02 -9.251034421001610303e-03 2.673307878358663781e-03 4.746313851422300986e-03 1.707447278167661397e-01
1.456068428109058739e-02 -9.252822817505402739e-03 2.672982323389156995e-03 4.747483641244335667e-03 1.708006400170364036e-01
1.456525778077404944e-02 -9.254611908233477402e-03 2.672655417888980707e-03 4.748654291052721577e-03 1.708566078677389855e-01
1.456983571969664923e-02 -9.256401692684733395e-03 2.672327158037373935e-03 4.749825802385521795e-03 1.709126314615548592e-01
1.457441810510958641e-02 -9.258192170370726365e-03 2.671997540021611803e-03 4.750998176113332451e-03 1.709687108915268206e-01
1.457900494429583554e-02 -9.259983340762988416e-03 2.671666559816169607e-03 4.752171413000970575e-03 1.710248462509188494e-01
1.458359624453466410e-02 -9.261775203362887163e-03 2.671334213137017619e-03 4.753345513694909492e-03 1.710810376333138927e-01
1.458819201309062216e-02 -9.263567757704501901e-03 2.671000495837678838e-03 4.754520478761346466e-03 1.711372851323761102e-01
1.459279225721634744e-02 -9.265361003339363244e-03 2.670665403921407190e-03 4.755696308712887080e-03 1.711935888419262863e-01
1.459739698422945348e-02 -9.267154939792941054e-03 2.670328933349904767e-03 4.756873004323806942e-03 1.712499488564079020e-01
1.460200620144525355e-02 -9.268949566515603811e-03 2.669991080072092651e-03 4.758050566567448118e-03 1.713063652699867989e-01
1.460661991623902339e-02 -9.270744882900413403e-03 2.669651840109748576e-03 4.759228996299205358e-03 1.713628381772389631e-01
1.461123813602634852e-02 -9.272540888300201747e-03 2.669311209513279288e-03 4.760408294146672992e-03 1.714193676730106364e-01
1.461586086827508860e-02 -9.274337582038570671e-03 2.668969184437780355e-03 4.761588460655604566e-03 1.714759538524873728e-01
1.462048812046028851e-02 -9.276134963416777027e-03 2.668625761197520371e-03 4.762769496528174509e-03 1.715325968107363486e-01
1.462511990009401561e-02 -9.277933031736764619e-03 2.668280936061826446e-03 4.763951402877933047e-03 1.715892966433406885e-01
1.462975621466618831e-02 -9.279731786333950475e-03 2.667934705194943950e-03 4.765134181233439577e-03 1.716460534460677589e-01
1.463439707165244130e-02 -9.281531226567520804e-03 2.667587064907502893e-03 4.766317833562945180e-03 1.717028673147520390e-01
1.463904247856780139e-02 -9.283331351820514263e-03 2.667238011508559024e-03 4.767502361610903398e-03 1.717597383456841154e-01
1.464369244294438065e-02 -9.285132161450731017e-03 2.666887541318602086e-03 4.768687766819601492e-03 1.718166666350577632e-01
1.464834697233486499e-02 -9.286933654807739968e-03 2.666535650552718725e-03 4.769874050545526434e-03 1.718736522796404931e-01
1.465300607427541361e-02 -9.288735831261610981e-03 2.666182335154762897e-03 4.771061213879180044e-03 1.719306953762925749e-01
1.465766975629814381e-02 -9.290538690175311962e-03 2.665827591020592663e-03 4.772249257591005926e-03 1.719877960219785840e-01
1.466233802596900344e-02 -9.292342230910227013e-03 2.665471413937540914e-03 4.773438182308153456e-03 1.720449543140363802e-01
1.466701089086186807e-02 -9.294146452856458587e-03 2.665113799390349692e-03 4.774627988530277638e-03 1.721021703500100475e-01
1.467168835856728221e-02 -9.295951355439178304e-03 2.664754742858962792e-03 4.775818676442303463e-03 1.721594442278229775e-01
1.467637043668111770e-02 -9.297756938090828011e-03 2.664394240020556866e-03 4.777010246301488690e-03 1.722167760454803576e-01
1.468105713281435409e-02 -9.299563200212405956e-03 2.664032286693799548e-03 4.778202698359380364e-03 1.722741659010703086e-01
1.468574845463621430e-02 -9.301370141168257416e-03 2.663668878817759995e-03 4.779396033164051358e-03 1.723316138931043628e-01
1.469044440984450424e-02 -9.303177760267757751e-03 2.663304012271384882e-03 4.780590251470459399e-03 1.723891201202508161e-01
1.469514500616299346e-02 -9.304986056774950526e-03 2.662937682923456270e-03 4.781785354453136315e-03 1.724466846815782550e-01
1.469985025133002839e-02 -9.306795029945405182e-03 2.662569886663736403e-03 4.782981343547241387e-03 1.725043076762605432e-01
1.470456015310346413e-02 -9.308604679030586804e-03 2.662200619476164792e-03 4.784178220564895383e-03 1.725619892035544500e-01
1.470927471932973775e-02 -9.310415003277719079e-03 2.661829877247897259e-03 4.785375987232474287e-03 1.726197293634049168e-01
1.471399395782818642e-02 -9.312226001932535566e-03 2.661457655822980443e-03 4.786574645120402448e-03 1.726775282554511293e-01
1.471871787643249524e-02 -9.314037674250572746e-03 2.661083951361983835e-03 4.787774195583915232e-03 1.727353859799103386e-01
1.472344648295784153e-02 -9.315850019481146382e-03 2.660708760105826281e-03 4.788974640124966584e-03 1.727933026370905567e-01
1.472817978524405824e-02 -9.317663036887913197e-03 2.660332078072524201e-03 4.790175980478085689e-03 1.728512783276907605e-01
1.473291779113790508e-02 -9.319476725719704965e-03 2.659953901165185066e-03 4.791378217817948357e-03 1.729093131524846172e-01
1.473766050852293001e-02 -9.321291085203133389e-03 2.659574225078789426e-03 4.792581352579085470e-03 1.729674072127625750e-01
1.474240794526428949e-02 -9.323106114573815120e-03 2.659193045356510882e-03 4.793785384984527824e-03 1.730255606096634258e-01
1.474716010928519075e-02 -9.324921813072787821e-03 2.658810357508245396e-03 4.794990315103066746e-03 1.730837734449946486e-01
1.475191700850041025e-02 -9.326738179942058865e-03 2.658426156893770303e-03 4.796196142968543220e-03 1.731420458203756785e-01
1.475667865086587212e-02 -9.328555214456227609e-03 2.658040438816197323e-03 4.797402868893671513e-03 1.732003778380022119e-01
1.476144504431262452e-02 -9.330372915894310018e-03 2.657653198706064028e-03 4.798610493537930170e-03 1.732587696000890409e-01
1.476621619677939874e-02 -9.332191283526735173e-03 2.657264432338627899e-03 4.799819017847040993e-03 1.733172212092560227e-01
1.477099211621410793e-02 -9.334010316611553171e-03 2.656874135471872043e-03 4.801028443337512254e-03 1.733757327682180494e-01
1.477577281063581667e-02 -9.335830014433429969e-03 2.656482303577474297e-03 4.802238771422440156e-03 1.734343043803352469e-01
1.478055828806485762e-02 -9.337650376229363058e-03 2.656088932092329560e-03 4.803450003395616161e-03 1.734929361485569865e-01
1.478534855661221836e-02 -9.339471401191068445e-03 2.655694016590315603e-03 4.804662140766031118e-03 1.735516281766016078e-01
1.479014362440075024e-02 -9.341293088472752207e-03 2.655297552751944949e-03 4.805875185057182503e-03 1.736103805682943646e-01
1.479494349955786520e-02 -9.343115437194481065e-03 2.654899536349328727e-03 4.807089138061753503e-03 1.736691934275797211e-01
1.479974819024226437e-02 -9.344938446495903300e-03 2.654499963105059514e-03 4.808304001429229355e-03 1.737280668589176735e-01
1.480455770458593938e-02 -9.346762115520877365e-03 2.654098828853728408e-03 4.809519776238501375e-03 1.737870009667480953e-01
1.480937205075772041e-02 -9.348586443419173650e-03 2.653696129460040871e-03 4.810736463318692792e-03 1.738459958560469587e-01
1.481419123694563238e-02 -9.350411429309406913e-03 2.653291860641632943e-03 4.811954063086056575e-03 1.739050516319001760e-01
1.481901527136467688e-02 -9.352237072283515334e-03 2.652886018092530645e-03 4.813172575878591451e-03 1.739641683995012400e-01
1.482384416226719542e-02 -9.354063371448338368e-03 2.652478597328040977e-03 4.814392002122385404e-03 1.740233462645783546e-01
1.482867791789676919e-02 -9.355890325898348625e-03 2.652069593721200630e-03 4.815612342512580295e-03 1.740825853328354933e-01
1.483351654653522478e-02 -9.357717934722748626e-03 2.651659002540094224e-03 4.816833598166012781e-03 1.741418857105106466e-01
1.483836005645136451e-02 -9.359546197004209658e-03 2.651246818891748146e-03 4.818055770265518810e-03 1.742012475039415864e-01
1.484320845589946931e-02 -9.361375111886609257e-03 2.650833037891051850e-03 4.819278859751250851e-03 1.742606708195802157e-01
1.484806175318570745e-02 -9.363204678548097890e-03 2.650417654774217015e-03 4.820502867024914484e-03 1.743201557646808786e-01
1.485291995657436921e-02 -9.365034896154415811e-03 2.650000664791185220e-03 4.821727793204468732e-03 1.743797024460238265e-01
1.485778307438355081e-02 -9.366865763915660156e-03 2.649582063337739286e-03 4.822953639813574132e-03 1.744393109710744849e-01
1.486265111494137169e-02 -9.368697281025885337e-03 2.649161845766276595e-03 4.824180408734636376e-03 1.744989814474231238e-01
1.486752408664587972e-02 -9.370529446595188619e-03 2.648740007177322227e-03 4.825408101810484303e-03 1.745587139831100698e-01
1.487240199791562897e-02 -9.372362259667369605e-03 2.648316542741216504e-03 4.826636720195549499e-03 1.746185086861757885e-01
1.487728485721988639e-02 -9.374195719284774200e-03 2.647891447736150979e-03 4.827866264379206997e-03 1.746783656653360939e-01
1.488217267302387008e-02 -9.376029824474938976e-03 2.647464717713385231e-03 4.829096734803067954e-03 1.747382850290798706e-01
1.488706545385667934e-02 -9.377864574263254649e-03 2.647036348303064522e-03 4.830328132153682147e-03 1.747982668866468470e-01
1.489196320821137808e-02 -9.379699967678173725e-03 2.646606335234613205e-03 4.831560457135176435e-03 1.748583113470902617e-01
1.489686594463385076e-02 -9.381536003712200034e-03 2.646174674120699202e-03 4.832793710654341088e-03 1.749184185200851338e-01
1.490177367168084126e-02 -9.383372681312481325e-03 2.645741360441746393e-03 4.834027894024159680e-03 1.749785885153173903e-01
1.490668639795412510e-02 -9.385209999430455322e-03 2.645306389579726164e-03 4.835263008838612368e-03 1.750388214429075828e-01
1.491160413205672858e-02 -9.387047957049388450e-03 2.644869756847812933e-03 4.836499056429768156e-03 1.750991174130892003e-01
1.491652688263894744e-02 -9.388886553151750899e-03 2.644431457216108328e-03 4.837736037502982089e-03 1.751594765367767148e-01
1.492145465831657900e-02 -9.390725786700825084e-03 2.643991485500325322e-03 4.838973953072428155e-03 1.752198989245239702e-01
1.492638746775625316e-02 -9.392565656686313255e-03 2.643549836675096205e-03 4.840212804145311958e-03 1.752803846876829774e-01
1.493132531960701496e-02 -9.394406162129354323e-03 2.643106505718824991e-03 4.841452592160190235e-03 1.753409339377010323e-01
1.493626822247883824e-02 -9.396247302081935787e-03 2.642661487526121612e-03 4.842693318840757960e-03 1.754015467861213262e-01
1.494121618501155317e-02 -9.398089075592162833e-03 2.642214776979051778e-03 4.843934985616186149e-03 1.754622233449462387e-01
1.494616921586062845e-02 -9.399931481660975252e-03 2.641766368976742208e-03 4.845177593147112147e-03 1.755229637263332199e-01
1.495112732374409212e-02 -9.401774519287158308e-03 2.641316258402467282e-03 4.846421141437983783e-03 1.755837680429724046e-01
1.495609051742971367e-02 -9.403618187440194315e-03 2.640864439998055931e-03 4.847665630747842978e-03 1.756446364076792443e-01
1.496105880571140141e-02 -9.405462485069824435e-03 2.640410908702363509e-03 4.848911061468069369e-03 1.757055689333903714e-01
1.496603219739547040e-02 -9.407307411130211641e-03 2.639955659753924488e-03 4.850157434460849147e-03 1.757665657335459319e-01
1.497101070131857947e-02 -9.409152964529723939e-03 2.639498688632843561e-03 4.851404750967144505e-03 1.758276269217923238e-01
1.497599432637341035e-02 -9.410999144153015666e-03 2.639039991073391465e-03 4.852653012678976967e-03 1.758887526122284717e-01
1.498098308146905699e-02 -9.412845948874183633e-03 2.638579562391641341e-03 4.853902221358469098e-03 1.759499429190516107e-01
1.498597697553603024e-02 -9.414693377549352912e-03 2.638117397699392668e-03 4.855152378422039963e-03 1.760111979565504026e-01
1.499097601755188316e-02 -9.416541429038294969e-03 2.637653492037407565e-03 4.856403484904542323e-03 1.760725178397537505e-01
1.499598021648654300e-02 -9.418390102202791811e-03 2.637187840366347295e-03 4.857655541922815436e-03 1.761339026835515575e-01
1.500098958136127612e-02 -9.420239395903131849e-03 2.636720437702191715e-03 4.858908550900439306e-03 1.761953526034649165e-01
1.500600412118116393e-02 -9.422089308961861115e-03 2.636251278852758204e-03 4.860162513663406417e-03 1.762568677151146457e-01
1.501102384496573634e-02 -9.423939840201112778e-03 2.635780358436226340e-03 4.861417431862725090e-03 1.763184481343912646e-01
1.501604876176348101e-02 -9.425790988441564572e-03 2.635307671068406934e-03 4.862673306787426708e-03 1.763800939777347421e-01
1.502107888057879412e-02 -9.427642752517744265e-03 2.634833211299609807e-03 4.863930138866853596e-03 1.764418053615174065e-01
1.502611421043263847e-02 -9.429495131284918244e-03 2.634356973576941745e-03 4.865187927905339355e-03 1.765035824024509536e-01
1.503115476038021855e-02 -9.431348123587847410e-03 2.633878952387692235e-03 4.866446673692022273e-03 1.765654252176589167e-01
1.503620053948394840e-02 -9.433201728252061519e-03 2.633399142156141702e-03 4.867706376401698294e-03 1.766273339247258489e-01
1.504125155676725584e-02 -9.435055944127303598e-03 2.632917537551977567e-03 4.868967036796843437e-03 1.766893086410165070e-01
1.504630782135856631e-02 -9.436910770072045804e-03 2.632434133341346114e-03 4.870228656335082520e-03 1.767513494846502942e-01
1.505136934245351540e-02 -9.438766204923586256e-03 2.631948924446933773e-03 4.871491236892050609e-03 1.768134565739760966e-01
1.505643612928576555e-02 -9.440622247516322618e-03 2.631461906017566396e-03 4.872754779737933917e-03 1.768756300274600402e-01
1.506150819112859682e-02 -9.442478896669066063e-03 2.630973073234186936e-03 4.874019286127644415e-03 1.769378699640226926e-01
1.506658553725587386e-02 -9.444336151206305513e-03 2.630482421138449593e-03 4.875284757551284417e-03 1.770001765027340024e-01
1.507166817699661515e-02 -9.446194009885710077e-03 2.629989944537573700e-03 4.876551195865669840e-03 1.770625497633351864e-01
1.507675611967555784e-02 -9.448052471406837363e-03 2.629495638134781918e-03 4.877818602917138001e-03 1.771249898654762012e-01
1.508184937465600721e-02 -9.449911534472893102e-03 2.628999496596012928e-03 4.879086980037181977e-03 1.771874969293432134e-01
1.508694795131268647e-02 -9.451771197739147409e-03 2.628501514769721308e-03 4.880356328471027912e-03 1.772500710750224417e-01
1.509205185912118087e-02 -9.453631459853501298e-03 2.628001687399763014e-03 4.881626649223560349e-03 1.773127124236944241e-01
1.509716110750569142e-02 -9.455492319456340958e-03 2.627500008960977854e-03 4.882897942574473092e-03 1.773754210961107358e-01
1.510227570590444088e-02 -9.457353775187554712e-03 2.626996473727234889e-03 4.884170208775761614e-03 1.774381972135538610e-01
1.510739566376368900e-02 -9.459215825680386894e-03 2.626491075819815599e-03 4.885443448528979313e-03 1.775010408979896814e-01
1.511252099043934941e-02 -9.461078469553409545e-03 2.625983809310910091e-03 4.886717662626153223e-03 1.775639522707446460e-01
1.511765169539087961e-02 -9.462941705457021679e-03 2.625474668286775348e-03 4.887992852004626430e-03 1.776269314545766420e-01
1.512278778803819237e-02 -9.464805532100733013e-03 2.624963647085120852e-03 4.889269017704403822e-03 1.776899785716839208e-01
1.512792927785538630e-02 -9.466669948226596673e-03 2.624450740161151513e-03 4.890546160373232878e-03 1.777530937449301740e-01
1.513307617434011230e-02 -9.468534952599305665e-03 2.623935942107664433e-03 4.891824280726283711e-03 1.778162770975410534e-01
1.513822848702455794e-02 -9.470400543972013613e-03 2.623419247423177530e-03 4.893103380349989560e-03 1.778795287526219460e-01
1.514338622552777874e-02 -9.472266721071032763e-03 2.622900650638272917e-03 4.894383461551729542e-03 1.779428488341387726e-01
1.514854939949200792e-02 -9.474133482624599173e-03 2.622380146222924938e-03 4.895664526559708254e-03 1.780062374663645974e-01
1.515371801856467936e-02 -9.476000827315781902e-03 2.621857728693516559e-03 4.896946576718980843e-03 1.780696947736810642e-01
1.515889209243808690e-02 -9.477868753726302262e-03 2.621333392667379945e-03 4.898229613108186220e-03 1.781332208805886108e-01
1.516407163090554081e-02 -9.479737260381433661e-03 2.620807132714169253e-03 4.899513636270288498e-03 1.781968159124754925e-01
1.516925664375620014e-02 -9.481606345772072494e-03 2.620278943204548076e-03 4.900798646683993294e-03 1.782604799945060603e-01
1.517444714081991192e-02 -9.483476008382497185e-03 2.619748818688236430e-03 4.902084644688643744e-03 1.783242132525175994e-01
1.517964313192046895e-02 -9.485346246645359053e-03 2.619216753755878192e-03 4.903371631017355674e-03 1.783880158124955262e-01
1.518484462689903385e-02 -9.487217059029858304e-03 2.618682742722852185e-03 4.904659606901450551e-03 1.784518878009768161e-01
1.519005163557250564e-02 -9.489088443996580510e-03 2.618146779599837392e-03 4.905948573714547477e-03 1.785158293444567279e-01
1.519526416781667548e-02 -9.490960399994490329e-03 2.617608858151669084e-03 4.907238532953590512e-03 1.785798405702719582e-01
1.520048223348387760e-02 -9.492832925497834279e-03 2.617068972258333476e-03 4.908529485921252905e-03 1.786439216053712087e-01
1.520570584248744431e-02 -9.494706019032165059e-03 2.616527115936142633e-03 4.909821433839349838e-03 1.787080725776577783e-01
1.521093500466783738e-02 -9.496579679182574549e-03 2.615983283112741260e-03 4.911114377640897997e-03 1.787722936145529351e-01
1.521616972991677620e-02 -9.498453904604343273e-03 2.615437467755628471e-03 4.912408318493941342e-03 1.788365848447767692e-01
1.522141002805779166e-02 -9.500328693916345116e-03 2.614889663975224210e-03 4.913703258135128892e-03 1.789009463966114988e-01
1.522665590898605349e-02 -9.502204045666647753e-03 2.614339865975736678e-03 4.914999197931218047e-03 1.789653783990214353e-01
1.523190738268476868e-02 -9.504079958357994004e-03 2.613788067844473664e-03 4.916296139320767283e-03 1.790298809812745640e-01
1.523716445925568132e-02 -9.505956430517995687e-03 2.613234263373537692e-03 4.917594083271428773e-03 1.790944542732258726e-01
1.524242714879690645e-02 -9.507833460628124442e-03 2.612678446434446491e-03 4.918893029836594703e-03 1.791590984045874357e-01
1.524769546145306014e-02 -9.509711047114883728e-03 2.612120611218269033e-03 4.920192978941436042e-03 1.792238135057295234e-01
1.525296940740143020e-02 -9.511589188311995319e-03 2.611560752077800394e-03 4.921493930914249207e-03 1.792885997073445370e-01
1.525824899682173309e-02 -9.513467882516495056e-03 2.610998863271683530e-03 4.922795886673579820e-03 1.793534571403103128e-01
1.526353423996504484e-02 -9.515347128029849263e-03 2.610434938964868116e-03 4.924098847604494421e-03 1.794183859365132971e-01
1.526882514705292342e-02 -9.517226923143343176e-03 2.609868973453193484e-03 4.925402815167563390e-03 1.794833862271470459e-01
1.527412172841714245e-02 -9.519107266152702918e-03 2.609300961081005305e-03 4.926707790880591707e-03 1.795484581443823058e-01
1.527942399439474915e-02 -9.520988155417183657e-03 2.608730895769105235e-03 4.928013776931836759e-03 1.796136018205330698e-01
1.528473195530833176e-02 -9.522869589314629860e-03 2.608158771173921774e-03 4.929320775317527249e-03 1.796788173881928297e-01
1.529004562146150069e-02 -9.524751566209578926e-03 2.607584580697755103e-03 4.930628788035149555e-03 1.797441049805855173e-01
1.529536500311951333e-02 -9.526634084472889591e-03 2.607008317685556749e-03 4.931937816965699037e-03 1.798094647308496608e-01
1.530069011056920357e-02 -9.528517142465275924e-03 2.606429975589977677e-03 4.933247863468083472e-03 1.798748967726528369e-01
1.530602095410896375e-02 -9.530400738526709908e-03 2.605849548268364228e-03 4.934558928163614022e-03 1.799404012399616892e-01
1.531135754408925569e-02 -9.532284871043241251e-03 2.605267029556216501e-03 4.935871011408691361e-03 1.800059782674695019e-01
1.531669989082901084e-02 -9.534169538369849026e-03 2.604682413168284832e-03 4.937184113448332169e-03 1.800716279893312677e-01
1.532204800478328098e-02 -9.536054738786237453e-03 2.604095692653217615e-03 4.938498234505706887e-03 1.801373505410903408e-01
1.532740189640720112e-02 -9.537940470548364122e-03 2.603506861260034434e-03 4.939813374530309040e-03 1.802031460579316402e-01
1.533276157623908280e-02 -9.539826731915211980e-03 2.602915912254169691e-03 4.941129533952754241e-03 1.802690146760798362e-01
1.533812705479299307e-02 -9.541713521081934823e-03 2.602322839120473855e-03 4.942446713420821196e-03 1.803349565313182024e-01
1.534349834269901208e-02 -9.543600836264947221e-03 2.601727635740242427e-03 4.943764913467354506e-03 1.804009717605332130e-01
1.534887545062645076e-02 -9.545488675652670507e-03 2.601130296378633550e-03 4.945084135095891703e-03 1.804670605004610739e-01
1.535425838930920030e-02 -9.547377037453235946e-03 2.600530815236585472e-03 4.946404380226110745e-03 1.805332228884513335e-01
1.535964716949398713e-02 -9.549265919872533537e-03 2.599929186461023660e-03 4.947725651588168877e-03 1.805994590620028928e-01
1.536504180195279526e-02 -9.551155321099529319e-03 2.599325404033841526e-03 4.949047952647367063e-03 1.806657691594291404e-01
1.537044229739063968e-02 -9.553045239319902029e-03 2.598719461396165834e-03 4.950371286417752648e-03 1.807321533186867224e-01
1.537584866656545660e-02 -9.554935672734337498e-03 2.598111351582893178e-03 4.951695654434874229e-03 1.807986116787643760e-01
1.538126092024427044e-02 -9.556826619500911543e-03 2.597501067691324658e-03 4.953021057253457343e-03 1.808651443787711033e-01
1.538667906920613074e-02 -9.558718077690894419e-03 2.596888603107133132e-03 4.954347495368766410e-03 1.809317515579518254e-01
1.539210312424742037e-02 -9.560610045380101354e-03 2.596273951216737826e-03 4.955674969424890379e-03 1.809984333559105651e-01
1.539753309619559633e-02 -9.562502520664852013e-03 2.595657105341328888e-03 4.957003480328257827e-03 1.810651899129992193e-01
1.540296899583900453e-02 -9.564395501638829275e-03 2.595038058654124558e-03 4.958333028638384730e-03 1.811320213696482884e-01
1.540841083396314419e-02 -9.566288986367273497e-03 2.594416804208425111e-03 4.959663614434407439e-03 1.811989278666591707e-01
1.541385862141075175e-02 -9.568182972921376872e-03 2.593793335067376242e-03 4.960995237137449596e-03 1.812659095455540215e-01
1.541931236905941770e-02 -9.570077459354616595e-03 2.593167644090352622e-03 4.962327896103960016e-03 1.813329665474442132e-01
1.542477208796054142e-02 -9.571972443748985246e-03 2.592539724132806277e-03 4.963661591445765048e-03 1.814000990149102488e-01
1.543023778915383198e-02 -9.573867924219546174e-03 2.591909568378830860e-03 4.964996324625157650e-03 1.814673070900672536e-01
1.543570948374507236e-02 -9.575763898857525894e-03 2.591277170251856353e-03 4.966332098022963396e-03 1.815345909157369264e-01
1.544118718286007809e-02 -9.577660365740496909e-03 2.590642523331279125e-03 4.967668914757398038e-03 1.816019506352823110e-01
1.544667089760106901e-02 -9.579557322925537702e-03 2.590005621463635586e-03 4.969006777377102564e-03 1.816693863918818486e-01
1.545216063916919624e-02 -9.581454768430960889e-03 2.589366458439190319e-03 4.970345688465101913e-03 1.817368983297503460e-01
1.545765641881947233e-02 -9.583352700244310296e-03 2.588725027775671140e-03 4.971685650179885618e-03 1.818044865933899079e-01
1.546315824780497387e-02 -9.585251116280051054e-03 2.588081322674897541e-03 4.973026663642928988e-03 1.818721513275041168e-01
1.546866613735636310e-02 -9.587150014451192859e-03 2.587435336073160962e-03 4.974368729504288419e-03 1.819398926768626690e-01
1.547418009878006630e-02 -9.589049392682541528e-03 2.586787061027581540e-03 4.975711848423749507e-03 1.820077107871597710e-01
1.547970014335826525e-02 -9.590949248810449329e-03 2.586136490707377240e-03 4.977056021446590699e-03 1.820756058040778891e-01
1.548522628238242771e-02 -9.592849580623393629e-03 2.585483617938677189e-03 4.978401249775795019e-03 1.821435778739934064e-01
1.549075852713742429e-02 -9.594750385903088111e-03 2.584828435284352785e-03 4.979747533832330417e-03 1.822116271434170154e-01
1.549629688893728804e-02 -9.596651662457789458e-03 2.584170935454571660e-03 4.981094873414325386e-03 1.822797537592633632e-01
1.550184137914642490e-02 -9.598553408205609191e-03 2.583511111186165884e-03 4.982443268102780022e-03 1.823479578691014069e-01
1.550739200911840920e-02 -9.600455621088013411e-03 2.582848955080326026e-03 4.983792717765853607e-03 1.824162396206217285e-01
1.551294879022922443e-02 -9.602358299045491569e-03 2.582184459656138627e-03 4.985143223233227949e-03 1.824845991618060104e-01
1.551851173393531229e-02 -9.604261439994800365e-03 2.581517617389179464e-03 4.986494786936504844e-03 1.825530366414533368e-01
1.552408085171442208e-02 -9.606165041823652023e-03 2.580848420829134730e-03 4.987847411191888812e-03 1.826215522085130327e-01
1.552965615510651376e-02 -9.608069102399250869e-03 2.580176862545132972e-03 4.989201097854785438e-03 1.826901460123710741e-01
1.553523765571299294e-02 -9.609973619556143321e-03 2.579502935364468182e-03 4.990555848677439774e-03 1.827588182028234420e-01
1.554082536518728956e-02 -9.611878591080895082e-03 2.578826632679428153e-03 4.991911664735045571e-03 1.828275689301888385e-01
1.554641929523036502e-02 -9.613784014729776645e-03 2.578147948064858641e-03 4.993268547446534644e-03 1.828963983449422570e-01
1.555201945764739767e-02 -9.615689888254654039e-03 2.577466874790801908e-03 4.994626499035521514e-03 1.829653065985773486e-01
1.555762586416845582e-02 -9.617596209350270584e-03 2.576783405978431019e-03 4.995985521796186650e-03 1.830342938420617127e-01
1.556323852658863562e-02 -9.619502975670901970e-03 2.576097534446806538e-03 4.997345616431458221e-03 1.831033602275435046e-01
1.556885745672132240e-02 -9.621410184832805690e-03 2.575409252833007426e-03 4.998706782862647434e-03 1.831725059073217587e-01
1.557448266639194917e-02 -9.623317834441957527e-03 2.574718553862345456e-03 5.000069021308089189e-03 1.832417310338254057e-01
1.558011416748583330e-02 -9.625225922099444817e-03 2.574025430054285336e-03 5.001432332716150737e-03 1.833110357602820983e-01
1.558575197185776626e-02 -9.627134445406030500e-03 2.573329873615576649e-03 5.002796718259142593e-03 1.833804202399156869e-01
1.559139609137434254e-02 -9.629043402005299165e-03 2.572631876690147264e-03 5.004162179817958633e-03 1.834498846268232952e-01
1.559704653786496420e-02 -9.630952789603363512e-03 2.571931431379699713e-03 5.005528718703938784e-03 1.835194290752938384e-01
1.560270332313067922e-02 -9.632862605904346509e-03 2.571228529763541684e-03 5.006896335489001426e-03 1.835890537397560918e-01
1.560836645905428616e-02 -9.634772848559793393e-03 2.570523163668004402e-03 5.008265030214825025e-03 1.836587587756051132e-01
1.561403595755543432e-02 -9.636683515187939239e-03 2.569815325140309675e-03 5.009634803619992388e-03 1.837285443381379002e-01
1.561971183065673577e-02 -9.638594603414542619e-03 2.569105006203800841e-03 5.011005656913297863e-03 1.837984105835737680e-01
1.562539409041475286e-02 -9.640506110849478977e-03 2.568392198847498000e-03 5.012377591645686588e-03 1.838683576682937637e-01
1.563108274892777150e-02 -9.642418035048007721e-03 2.567676895114146072e-03 5.013750609651496798e-03 1.839383857488375018e-01
1.563677781843518175e-02 -9.644330373540069973e-03 2.566959087760270573e-03 5.015124712834524191e-03 1.840084949832350159e-01
1.564247931114279289e-02 -9.646243123798317609e-03 2.566238770062980162e-03 5.016499902283970413e-03 1.840786855285935497e-01
1.564818723939672210e-02 -9.648156283298915323e-03 2.565515935179240887e-03 5.017876179069589992e-03 1.841489575432658510e-01
1.565390161555915358e-02 -9.650069849543078948e-03 2.564790576061567757e-03 5.019253544293964496e-03 1.842193111857847732e-01
1.565962245203037992e-02 -9.651983820003316381e-03 2.564062685522292342e-03 5.020631998887381021e-03 1.842897466155394293e-01
1.566534976114869124e-02 -9.653898192081183591e-03 2.563332256001488868e-03 5.022011544515701462e-03 1.843602639914287133e-01
1.567108355533617173e-02 -9.655812963158101614e-03 2.562599279474238063e-03 5.023392183805904312e-03 1.844308634738425767e-01
1.567682384695759726e-02 -9.657728130649250939e-03 2.561863747734081844e-03 5.024773918586869503e-03 1.845015452228488395e-01
1.568257064842569840e-02 -9.659643691925729261e-03 2.561125652566367296e-03 5.026156749817281555e-03 1.845723093994527941e-01
1.568832397208576312e-02 -9.661559644262435187e-03 2.560384985668096372e-03 5.027540677765633161e-03 1.846431561643160357e-01
1.569408383036273794e-02 -9.663475985000067117e-03 2.559641738461641749e-03 5.028925702837110621e-03 1.847140856796558872e-01
1.569985023560149101e-02 -9.665392711538810591e-03 2.558895902454086553e-03 5.030311825766914033e-03 1.847850981070827681e-01
1.570562320021201205e-02 -9.667309821273313911e-03 2.558147468898888666e-03 5.031699046747641936e-03 1.848561936091635272e-01
1.571140273664790865e-02 -9.669227311565367980e-03 2.557396429101141747e-03 5.033087366393683079e-03 1.849273723487078747e-01
1.571718885752764264e-02 -9.671145179775894607e-03 2.556642774417871439e-03 5.034476786086790681e-03 1.849986344897185109e-01
1.572298157542966271e-02 -9.673063423225266438e-03 2.555886496591164726e-03 5.035867307057176855e-03 1.850699801953687995e-01
1.572878090308478527e-02 -9.674982039234412967e-03 2.555127587178570008e-03 5.037258930002052985e-03 1.851414096302294032e-01
1.573458685327824153e-02 -9.676901025060089326e-03 2.554366038270210974e-03 5.038651656033728103e-03 1.852129229591237269e-01
1.574039943885829906e-02 -9.678820377911213912e-03 2.553601842854484518e-03 5.040045486559535659e-03 1.852845203470589730e-01
1.574621867275666220e-02 -9.680740095048592439e-03 2.552834993912658258e-03 5.041440423910508589e-03 1.853562019602958133e-01
1.575204456787084734e-02 -9.682660173699614639e-03 2.552065484145292495e-03 5.042836471029839458e-03 1.854279679645690349e-01
1.575787713715193217e-02 -9.684580611113749807e-03 2.551293305987831911e-03 5.044233630235678278e-03 1.854998185268082744e-01
1.576371639352351639e-02 -9.686501404442738120e-03 2.550518451279751731e-03 5.045631902690045183e-03 1.855717538141497813e-01
1.576956234989546415e-02 -9.688422550700129948e-03 2.549740911270309204e-03 5.047031289055523007e-03 1.856437739939006959e-01
1.577541501928404408e-02 -9.690344046925496516e-03 2.548960677259360427e-03 5.048431789781968049e-03 1.857158792346436937e-01
1.578127441463902242e-02 -9.692265890158159244e-03 2.548177740631249466e-03 5.049833406321388961e-03 1.857880697043785834e-01
1.578714054894524502e-02 -9.694188077447436769e-03 2.547392092313982732e-03 5.051236140181328098e-03 1.858603455722583619e-01
1.579301343515815068e-02 -9.696110605882896777e-03 2.546603723006455201e-03 5.052639992045007168e-03 1.859327070075827426e-01
1.579889308625858149e-02 -9.698033472589150106e-03 2.545812623622569111e-03 5.054044961651018089e-03 1.860051541799374597e-01
1.580477951533307973e-02 -9.699956674651092833e-03 2.545018785014777594e-03 5.055451048431607551e-03 1.860776872602524501e-01
1.581067273541082729e-02 -9.701880209136266864e-03 2.544222198043050338e-03 5.056858252952929449e-03 1.861503064187129131e-01
1.581657275967250642e-02 -9.703804073145732428e-03 2.543422853494165577e-03 5.058266576560095304e-03 1.862230118266600953e-01
1.582247960134154988e-02 -9.705728263768588840e-03 2.542620742445209688e-03 5.059676021034732046e-03 1.862958036557478825e-01
1.582839327373488161e-02 -9.707652778062736409e-03 2.541815856128576672e-03 5.061086589045564292e-03 1.863686820787584242e-01
1.583431379017058438e-02 -9.709577612949705366e-03 2.541008186289245296e-03 5.062498282313921717e-03 1.864416472677491721e-01
1.584024116414689889e-02 -9.711502765307846938e-03 2.540197725306253974e-03 5.063911101889070898e-03 1.865146993965131894e-01
1.584617540914207839e-02 -9.713428231986854719e-03 2.539384465760357364e-03 5.065325048926933547e-03 1.865878386388412635e-01
1.585211653866222883e-02 -9.715354009865083407e-03 2.538568399937110500e-03 5.066740124821503960e-03 1.866610651691489320e-01
1.585806456616940113e-02 -9.717280095820492181e-03 2.537749519645830874e-03 5.068156331395447418e-03 1.867343791617252780e-01
1.586401950524727808e-02 -9.719206486691162397e-03 2.536927815911050547e-03 5.069573671238207339e-03 1.868077807925212774e-01
1.586998136945671350e-02 -9.721133179284916631e-03 2.536103279387949029e-03 5.070992146263958271e-03 1.868812702367585454e-01
1.587595017243934037e-02 -9.723060170439440722e-03 2.535275900741289744e-03 5.072411756772093536e-03 1.869548476707421913e-01
1.588192592782696269e-02 -9.724987456940619932e-03 2.534445670642057266e-03 5.073832502546529039e-03 1.870285132709997578e-01
1.588790864930059166e-02 -9.726915035523340386e-03 2.533612579754402228e-03 5.075254383518533301e-03 1.871022672153636046e-01
1.589389835041198767e-02 -9.728842902904226778e-03 2.532776618584960202e-03 5.076677400590005537e-03 1.871761096806306424e-01
1.589989504480645438e-02 -9.730771055965148353e-03 2.531937777501624010e-03 5.078101555097209313e-03 1.872500408452032750e-01
1.590589874611969892e-02 -9.732699491505177741e-03 2.531096046527053518e-03 5.079526848629153067e-03 1.873240608877243252e-01
1.591190946801323072e-02 -9.734628206270348402e-03 2.530251415724921790e-03 5.080953282819328752e-03 1.873981699870384265e-01
1.591792722430792825e-02 -9.736557197038439235e-03 2.529403875312630050e-03 5.082380859390211829e-03 1.874723683232310534e-01
1.592395202880869318e-02 -9.738486460480491602e-03 2.528553415832814153e-03 5.083809578919037606e-03 1.875466560760258861e-01
1.592998389545676602e-02 -9.740415993168643344e-03 2.527700028258193007e-03 5.085239441593407753e-03 1.876210334265212831e-01
1.593602283823425392e-02 -9.742345791608739841e-03 2.526843704004255470e-03 5.086670447324951987e-03 1.876955005560522471e-01
1.594206887112819410e-02 -9.744275852294455656e-03 2.525984434952021230e-03 5.088102597791808838e-03 1.877700576461643345e-01
1.594812200829362828e-02 -9.746206171776098867e-03 2.525122212735722571e-03 5.089535896045370780e-03 1.878447048796415830e-01
1.595418226391580666e-02 -9.748136746698636210e-03 2.524257028791298575e-03 5.090970344709979528e-03 1.879194424389061535e-01
1.596024965222985967e-02 -9.750067573748081445e-03 2.523388873988998034e-03 5.092405945145752830e-03 1.879942705075776377e-01
1.596632418746200821e-02 -9.751998649532168939e-03 2.522517738726018886e-03 5.093842697812116585e-03 1.880691892694811296e-01
1.597240588387400725e-02 -9.753929970554263418e-03 2.521643613389848958e-03 5.095280603266498162e-03 1.881441989086639344e-01
1.597849475585853482e-02 -9.755861533248330261e-03 2.520766488437884995e-03 5.096719662537348323e-03 1.882192996108827676e-01
1.598459081762214351e-02 -9.757793334037555277e-03 2.519886354238085741e-03 5.098159877318085044e-03 1.882944915607648595e-01
1.599069408342493337e-02 -9.759725369382341031e-03 2.519003200915590716e-03 5.099601249461837953e-03 1.883697749444172842e-01
1.599680456749827395e-02 -9.761657635749760101e-03 2.518117018239628829e-03 5.101043780958296713e-03 1.884451499481099579e-01
1.600292228413889573e-02 -9.763590129586578389e-03 2.517227795679524358e-03 5.102487473219723992e-03 1.885206167590367243e-01
1.600904724760385603e-02 -9.765522847227229783e-03 2.516335522572012758e-03 5.103932326380013554e-03 1.885961755642756033e-01
1.601517947228125321e-02 -9.767455784889961592e-03 2.515440188150383158e-03 5.105378340029802751e-03 1.886718265524237048e-01
1.602131897253554829e-02 -9.769388938816949905e-03 2.514541782107021419e-03 5.106825514462953741e-03 1.887475699116110961e-01
1.602746576287464655e-02 -9.771322305286793061e-03 2.513640294787370874e-03 5.108273850342950548e-03 1.888234058315271524e-01
1.603361985786818864e-02 -9.773255880660599790e-03 2.512735716511014898e-03 5.109723348800850225e-03 1.888993345014616798e-01
1.603978127228105829e-02 -9.775189661304939728e-03 2.511828037994864871e-03 5.111174011500297688e-03 1.889753561119032754e-01
1.604595002089626021e-02 -9.777123643448477203e-03 2.510917250298791772e-03 5.112625839850596168e-03 1.890514708535086241e-01
1.605212611854564195e-02 -9.779057823330099264e-03 2.510003344217067410e-03 5.114078835195689718e-03 1.891276789178226725e-01
1.605830958008372042e-02 -9.780992197229557844e-03 2.509086310402430103e-03 5.115532999298428619e-03 1.892039804966166028e-01
1.606450042044580209e-02 -9.782926761422450213e-03 2.508166139164824671e-03 5.116988334255055323e-03 1.892803757829392142e-01
1.607069865453774477e-02 -9.784861512070355469e-03 2.507242820746409442e-03 5.118444842211705530e-03 1.893568649692495831e-01
1.607690429738184781e-02 -9.786796445321615037e-03 2.506316345261373497e-03 5.119902525147229481e-03 1.894334482496025651e-01
1.608311736394662725e-02 -9.788731557288122068e-03 2.505386702620618876e-03 5.121361384834017573e-03 1.895101258182370907e-01
1.608933786913423203e-02 -9.790666843998855132e-03 2.504453882570446648e-03 5.122821422439285434e-03 1.895868978695448293e-01
1.609556582784056264e-02 -9.792602301436780995e-03 2.503517874390804362e-03 5.124282638316236642e-03 1.896637645987273024e-01
1.610180125496910378e-02 -9.794537925544010218e-03 2.502578666862720954e-03 5.125745033167410786e-03 1.897407262015655682e-01
1.610804416549765569e-02 -9.796473712259258504e-03 2.501636248551638263e-03 5.127208607975970202e-03 1.898177828748248974e-01
1.611429457446348495e-02 -9.798409657489248054e-03 2.500690608311727237e-03 5.128673362965211965e-03 1.898949348153642080e-01
1.612055249697254278e-02 -9.800345757208275485e-03 2.499741734847736249e-03 5.130139298006626894e-03 1.899721822203880028e-01
1.612681794818413006e-02 -9.802282007512982259e-03 2.498789616807310047e-03 5.131606413524421664e-03 1.900495252877646146e-01
1.613309094335135113e-02 -9.804218404428003200e-03 2.497834243570618094e-03 5.133074710416879460e-03 1.901269642162951856e-01
1.613937149784559419e-02 -9.806154943935647614e-03 2.496875605114305414e-03 5.134544189556729255e-03 1.902044992056208805e-01
1.614565962708286104e-02 -9.808091621990082387e-03 2.495913691931541788e-03 5.136014852960339890e-03 1.902821304556496507e-01
1.615195534652528325e-02 -9.810028434418274074e-03 2.494948494500007219e-03 5.137486702880167400e-03 1.903598581664828482e-01
1.615825867175336994e-02 -9.811965376987920665e-03 2.493980002876946753e-03 5.138959741542576710e-03 1.904376825394303585e-01
1.616456961836630971e-02 -9.813902445472528005e-03 2.493008206852166155e-03 5.140433970853833766e-03 1.905156037760787902e-01
1.617088820202876309e-02 -9.815839635637157307e-03 2.492033096488961621e-03 5.141909392298468079e-03 1.905936220790203639e-01
1.617721443838076451e-02 -9.817776943156818550e-03 2.491054661603884449e-03 5.143386007548249143e-03 1.906717376510594086e-01
1.618354834302810491e-02 -9.819714363707094176e-03 2.490072891451205247e-03 5.144863818095831050e-03 1.907499506952129165e-01
1.618988993170821997e-02 -9.821651893002299530e-03 2.489087775116918203e-03 5.146342825304260626e-03 1.908282614166362801e-01
1.619623922000462679e-02 -9.823589526702716790e-03 2.488099301673570799e-03 5.147823029960444871e-03 1.909066700189653853e-01
1.620259622364173674e-02 -9.825527260454798920e-03 2.487107459436092589e-03 5.149304432218453249e-03 1.909851767075375073e-01
1.620896095835800896e-02 -9.827465089851661340e-03 2.486112236336600854e-03 5.150787032211550688e-03 1.910637816879009465e-01
1.621533343999314453e-02 -9.829403010486549574e-03 2.485113620004903920e-03 5.152270831111136103e-03 1.911424851671217895e-01
1.622171368427113500e-02 -9.831341017980188904e-03 2.484111598001865259e-03 5.153755830108580280e-03 1.912212873511390798e-01
1.622810170703771482e-02 -9.833279107997770774e-03 2.483106157955266170e-03 5.155242030343500266e-03 1.913001884480652059e-01
1.623449752419487899e-02 -9.835217276138700712e-03 2.482097288477401638e-03 5.156729432460644205e-03 1.913791886662501995e-01
1.624090115174580198e-02 -9.837155517976408498e-03 2.481084979043529128e-03 5.158218037516215833e-03 1.914582882143527343e-01
1.624731260577212330e-02 -9.839093828986336318e-03 2.480069219272218115e-03 5.159707846902304718e-03 1.915374873015323609e-01
1.625373190254125050e-02 -9.841032204578692086e-03 2.479049998812298157e-03 5.161198862037794099e-03 1.916167861387827187e-01
1.626015905827728897e-02 -9.842970639961885065e-03 2.478027307294912874e-03 5.162691083947660090e-03 1.916961849364603176e-01
1.626659408929705813e-02 -9.844909130238875886e-03 2.477001134232403780e-03 5.164184514317655787e-03 1.917756839059207574e-01
1.627303701200475891e-02 -9.846847670737384622e-03 2.475971468996573336e-03 5.165679154828443746e-03 1.918552832598445501e-01
1.627948784275326521e-02 -9.848786256843083259e-03 2.474938300874208671e-03 5.167175006984316317e-03 1.919349832102139053e-01
1.628594659804416186e-02 -9.850724883980381888e-03 2.473901618568857298e-03 5.168672072576554165e-03 1.920147839709480386e-01
1.629241329432548624e-02 -9.852663547553344031e-03 2.472861410602163190e-03 5.170170352446242304e-03 1.920946857554899356e-01
1.629888794808602437e-02 -9.854602242895783848e-03 2.471817665134194968e-03 5.171669847001626220e-03 1.921746887783930824e-01
1.630537057582113342e-02 -9.856540965240629185e-03 2.470770369752015201e-03 5.173170557343837253e-03 1.922547932550509875e-01
1.631186119398013792e-02 -9.858479709760408286e-03 2.469719511642644912e-03 5.174672485739425197e-03 1.923349994009725117e-01
1.631835981906492108e-02 -9.860418471640172364e-03 2.468665077981570515e-03 5.176175634620703084e-03 1.924153074327242252e-01
1.632486646760037893e-02 -9.862357246046447520e-03 2.467607055698684514e-03 5.177680006033599444e-03 1.924957175670122256e-01
1.633138115616538863e-02 -9.864296028165882649e-03 2.466545431366074480e-03 5.179185600264979428e-03 1.925762300215226042e-01
1.633790390141457924e-02 -9.866234813071316639e-03 2.465480192653894068e-03 5.180692416713865434e-03 1.926568450151585898e-01
1.634443471998864653e-02 -9.868173595713623444e-03 2.464411327987161421e-03 5.182200454870973007e-03 1.927375627662460122e-01
1.635097362876751156e-02 -9.870112370994287704e-03 2.463338826214360629e-03 5.183709715266934109e-03 1.928183834954269038e-01
1.635752064467924094e-02 -9.872051133785572641e-03 2.462262676417731506e-03 5.185220198959784345e-03 1.928993074224885917e-01
1.636407578483387373e-02 -9.873989878962175296e-03 2.461182867843414446e-03 5.186731907105116696e-03 1.929803347687636672e-01
1.637063906640734423e-02 -9.875928601407957252e-03 2.460099389633808604e-03 5.188244841350476109e-03 1.930614657563665126e-01
1.637721050653505664e-02 -9.877867296019179899e-03 2.459012230312671281e-03 5.189759003371477095e-03 1.931427006070252639e-01
1.638379012245041316e-02 -9.879805957725269067e-03 2.457921377949028909e-03 5.191274393727796956e-03 1.932240395441794933e-01
1.639037793137361823e-02 -9.881744581464882785e-03 2.456826820246265936e-03 5.192791013587066788e-03 1.933054827918746776e-01
1.639697395051201850e-02 -9.883683162167830258e-03 2.455728544763484227e-03 5.194308865627864438e-03 1.933870305743643214e-01
1.640357819710014028e-02 -9.885621694754738800e-03 2.454626539037722127e-03 5.195827953001327243e-03 1.934686831161174236e-01
1.641019068853769025e-02 -9.887560174083197609e-03 2.453520790373520805e-03 5.197348278425046979e-03 1.935504406441484193e-01
1.641681144202146100e-02 -9.889498594854474744e-03 2.452411285727011322e-03 5.198869844158024792e-03 1.936323033838262819e-01
1.642344047483994957e-02 -9.891436951725156995e-03 2.451298011439079910e-03 5.200392651741925047e-03 1.937142715623878797e-01
1.643007780429912509e-02 -9.893375239269641686e-03 2.450180953317141093e-03 5.201916701171736997e-03 1.937963454075485314e-01
1.643672344785166231e-02 -9.895313452016024636e-03 2.449060097186851314e-03 5.203441991910327802e-03 1.938785251485944661e-01
1.644337742289915180e-02 -9.897251584539849822e-03 2.447935430104326762e-03 5.204968523001443290e-03 1.939608110137661934e-01
1.645003974700476670e-02 -9.899189631372012910e-03 2.446806939992915257e-03 5.206496293767990530e-03 1.940432032332713441e-01
1.645671043785106036e-02 -9.901127586993593507e-03 2.445674614910496331e-03 5.208025304412774309e-03 1.941257020378090170e-01
1.646338951321856328e-02 -9.903065445855653570e-03 2.444538443092769946e-03 5.209555555897320625e-03 1.942083076583765167e-01
1.647007699103701650e-02 -9.905003202423171005e-03 2.443398412313873419e-03 5.211087049180132720e-03 1.942910203274542391e-01
1.647677288919765365e-02 -9.906940851072829762e-03 2.442254510736902896e-03 5.212619785411602008e-03 1.943738402773567964e-01
1.648347722570527724e-02 -9.908878386151526857e-03 2.441106726110525618e-03 5.214153766122036487e-03 1.944567677420990792e-01
1.649019001854813010e-02 -9.910815802065559704e-03 2.439955045329551039e-03 5.215688993462886183e-03 1.945398029559178565e-01
1.649691128570291224e-02 -9.912753093250183459e-03 2.438799455336600631e-03 5.217225470597989211e-03 1.946229461532879290e-01
1.650364104520870429e-02 -9.914690254092651742e-03 2.437639943099138840e-03 5.218763201210370808e-03 1.947061975699102276e-01
1.651037931515578899e-02 -9.916627278962317563e-03 2.436476495392191598e-03 5.220302188274007077e-03 1.947895574419851727e-01
1.651712611373367182e-02 -9.918564162156485661e-03 2.435309098620540205e-03 5.221842433641559270e-03 1.948730260070255238e-01
1.652388145910065748e-02 -9.920500897861681336e-03 2.434137739160911577e-03 5.223383938148506642e-03 1.949566035027857913e-01
1.653064536944836085e-02 -9.922437480235274387e-03 2.432962402985372821e-03 5.224926701772503353e-03 1.950402901672222689e-01
1.653741786306794567e-02 -9.924373903395081187e-03 2.431783075790580704e-03 5.226470724504603434e-03 1.951240862398795350e-01
1.654419895827431361e-02 -9.926310161388713846e-03 2.430599743211400276e-03 5.228016006381573481e-03 1.952079919603618430e-01
1.655098867347015029e-02 -9.928246248316894770e-03 2.429412391138487635e-03 5.229562546917723882e-03 1.952920075696751856e-01
1.655778702701291363e-02 -9.930182158256011665e-03 2.428221006211184283e-03 5.231110345423593128e-03 1.953761333091154906e-01
1.656459403730675337e-02 -9.932117885074661853e-03 2.427025575096380863e-03 5.232659401923774392e-03 1.954603694202894371e-01
1.657140972305332777e-02 -9.934053422545942660e-03 2.425826084642449150e-03 5.234209716577727795e-03 1.955447161474454798e-01
1.657823410285643936e-02 -9.935988764489500982e-03 2.424622521456336853e-03 5.235761290055766966e-03 1.956291737332635228e-01
1.658506719551272254e-02 -9.937923904788148466e-03 2.423414872505821101e-03 5.237314125036506181e-03 1.957137424225534050e-01
1.659190901980334490e-02 -9.939858837325605753e-03 2.422203124841402350e-03 5.238868224489873562e-03 1.957984224604018830e-01
1.659875959461744321e-02 -9.941793555956630543e-03 2.420987264579617642e-03 5.240423591495168947e-03 1.958832140935466426e-01
1.660561893872441672e-02 -9.943728054468624691e-03 2.419767277590915283e-03 5.241980228371030670e-03 1.959681175676772080e-01
1.661248707112409143e-02 -9.945662326673881601e-03 2.418543149948605177e-03 5.243538136690355927e-03 1.960531331310468584e-01
1.661936401089996601e-02 -9.947596366424922912e-03 2.417314868017973739e-03 5.245097318091010777e-03 1.961382610318864739e-01
1.662624977725333381e-02 -9.949530167516981022e-03 2.416082417977127687e-03 5.246657774376323538e-03 1.962235015192494714e-01
1.663314438931766739e-02 -9.951463723674744064e-03 2.414845785899283250e-03 5.248219506872080914e-03 1.963088548421623447e-01
1.664004786639286873e-02 -9.953397028490743731e-03 2.413604957231120941e-03 5.249782516067213849e-03 1.963943212525236515e-01
1.664696022754713275e-02 -9.955330075519155247e-03 2.412359916988007433e-03 5.251346803081667625e-03 1.964799010007368396e-01
1.665388149197821743e-02 -9.957262858272654046e-03 2.411110649750868289e-03 5.252912368645798989e-03 1.965655943391046434e-01
1.666081167891804785e-02 -9.959195370191081462e-03 2.409857139986138191e-03 5.254479211338427928e-03 1.966514015206759503e-01
1.666775080764318004e-02 -9.961127604627788984e-03 2.408599372908759410e-03 5.256047329704883857e-03 1.967373227996479235e-01
1.667469889744711137e-02 -9.963059554696259215e-03 2.407337334007872854e-03 5.257616723578034841e-03 1.968233584299928229e-01
1.668165596776226625e-02 -9.964991213549994828e-03 2.406071008670787256e-03 5.259187394142579922e-03 1.969095086671407424e-01
1.668862203812222431e-02 -9.966922574466926740e-03 2.404800382127369150e-03 5.260759343522609932e-03 1.969957737673267983e-01
1.669559712817432831e-02 -9.968853630782661956e-03 2.403525439921872474e-03 5.262332573337447604e-03 1.970821539870746264e-01
1.670258125779358616e-02 -9.970784375935031266e-03 2.402246168344698233e-03 5.263907085117555326e-03 1.971686495854667043e-01
1.670957444674361220e-02 -9.972714803338731185e-03 2.400962553392844978e-03 5.265482881365014106e-03 1.972552608196993518e-01
1.671657671497145739e-02 -9.974644906293747906e-03 2.399674580637343405e-03 5.267059963953551679e-03 1.973419879495724172e-01
1.672358808245060641e-02 -9.976574677908025060e-03 2.398382235795185578e-03 5.268638333899445386e-03 1.974288312352361352e-01
1.673060856919979245e-02 -9.978504111268824903e-03 2.397085504279721033e-03 5.270217993237126010e-03 1.975157909372925735e-01
1.673763819547635298e-02 -9.980433199475488570e-03 2.395784371412327304e-03 5.271798945460757710e-03 1.976028673189965945e-01
1.674467698135040025e-02 -9.982361935629187333e-03 2.394478822501568387e-03 5.273381193395868492e-03 1.976900606419248752e-01
1.675172494693420028e-02 -9.984290312726785271e-03 2.393168842028708249e-03 5.274964738152513981e-03 1.977773711699999659e-01
1.675878211226558903e-02 -9.986218323612671213e-03 2.391854413675253456e-03 5.276549579276390047e-03 1.978647991675153150e-01
1.676584849749664444e-02 -9.988145960999917153e-03 2.390535520718737716e-03 5.278135715621481115e-03 1.979523449000188118e-01
1.677292412274781000e-02 -9.990073217582095058e-03 2.389212146471162389e-03 5.279723146691788112e-03 1.980400086332521625e-01
1.678000900826865857e-02 -9.992000086047820792e-03 2.387884274618917724e-03 5.281311871763046638e-03 1.981277906345032258e-01
1.678710317434213908e-02 -9.993926559068921564e-03 2.386551889365790425e-03 5.282901890328839736e-03 1.982156911707816105e-01
1.679420664139249023e-02 -9.995852629364372632e-03 2.385214974771635455e-03 5.284493202319454942e-03 1.983037105107309239e-01
1.680131943003425332e-02 -9.997778289788235642e-03 2.383873515131463856e-03 5.286085809144597941e-03 1.983918489240579508e-01
1.680844156096075390e-02 -9.999703533147928994e-03 2.382527495543544736e-03 5.287679712706858798e-03 1.984801066802066860e-01
1.681557305501518718e-02 -1.000162835218127919e-02 2.381176901756436055e-03 5.289274914632838276e-03 1.985684840506703186e-01
1.682271393308891125e-02 -1.000355273950381471e-02 2.379821719165213772e-03 5.290871417140119264e-03 1.986569813077754820e-01
1.682986421607680222e-02 -1.000547668760571642e-02 2.378461932937823899e-03 5.292469223132066809e-03 1.987455987241567301e-01
1.683702392491893962e-02 -1.000740018879909925e-02 2.377097527630969622e-03 5.294068335261882356e-03 1.988343365733329371e-01
1.684419308067863774e-02 -1.000932323538498286e-02 2.375728487673659829e-03 5.295668757153032015e-03 1.989231951306202062e-01
1.685137170443770996e-02 -1.001124581964368647e-02 2.374354797375652880e-03 5.297270490939001014e-03 1.990121746716164153e-01
1.685855981728499181e-02 -1.001316793383464840e-02 2.372976440210106813e-03 5.298873537609768286e-03 1.991012754725695055e-01
1.686575744037192848e-02 -1.001508957019686327e-02 2.371593398863342059e-03 5.300477898110186534e-03 1.991904978117374492e-01
1.687296459476504348e-02 -1.001701072092357411e-02 2.370205655861724534e-03 5.302083571011499338e-03 1.992798419662756004e-01
1.688018130176676193e-02 -1.001893137828149642e-02 2.368813193616184278e-03 5.303690554773991296e-03 1.993693082160447605e-01
1.688740758258478261e-02 -1.002085153454581115e-02 2.367415994626734157e-03 5.305298848659574865e-03 1.994588968402619955e-01
1.689464345856281705e-02 -1.002277118198494944e-02 2.366014041670284895e-03 5.306908452562647885e-03 1.995486081196991834e-01
1.690188895107678016e-02 -1.002469031278569248e-02 2.364607317863552660e-03 5.308519366010012487e-03 1.996384423360094973e-01
1.690914408156666063e-02 -1.002660891897863039e-02 2.363195806189771417e-03 5.310131589059011691e-03 1.997283997720954996e-01
1.691640887160800535e-02 -1.002852699245548179e-02 2.361779490015119675e-03 5.311745123504286320e-03 1.998184807110367223e-01
1.692368334301012217e-02 -1.003044452504673126e-02 2.360358353898476397e-03 5.313359971943511055e-03 1.999086854373681998e-01
1.693096751763099525e-02 -1.003236150858616629e-02 2.358932382748155435e-03 5.314976136920575474e-03 1.999990142366242507e-01
1.693826141734999444e-02 -1.003427793482937480e-02 2.357501561062352955e-03 5.316593622021019427e-03 2.000894673953533820e-01
1.694556506410854063e-02 -1.003619379537378474e-02 2.356065872320452920e-03 5.318212429416803444e-03 2.001800452014255716e-01
1.695287847983719190e-02 -1.003810908162046031e-02 2.354625299838219304e-03 5.319832560708360851e-03 2.002707479429372550e-01
1.696020168665050148e-02 -1.004002378507672620e-02 2.353179826819035061e-03 5.321454017502745548e-03 2.003615759090804638e-01
1.696753470682470233e-02 -1.004193789731597751e-02 2.351729435897247436e-03 5.323076800320430957e-03 2.004525293900054350e-01
1.697487756273341128e-02 -1.004385141009304927e-02 2.350274108889856186e-03 5.324700910158491896e-03 2.005436086775767568e-01
1.698223027658951265e-02 -1.004576431523209433e-02 2.348813827551678602e-03 5.326326347596966118e-03 2.006348140625760501e-01
1.698959287082167646e-02 -1.004767660449437140e-02 2.347348573712233072e-03 5.327953112299173288e-03 2.007261458392244069e-01
1.699696536764705099e-02 -1.004958826952675327e-02 2.345878328977331947e-03 5.329581204308234295e-03 2.008176043002312949e-01
1.700434778942661040e-02 -1.005149930190924433e-02 2.344403074865982449e-03 5.331210623194105117e-03 2.009091897409571725e-01
1.701174015849180390e-02 -1.005340969311705780e-02 2.342922793216419518e-03 5.332841368053788458e-03 2.010009024569374136e-01
1.701914249720462916e-02 -1.005531943433132271e-02 2.341437466024989464e-03 5.334473439219441365e-03 2.010927427445830251e-01
1.702655482812685112e-02 -1.005722851641136645e-02 2.339947075557883508e-03 5.336106838876386073e-03 2.011847109016325907e-01
1.703397717399643754e-02 -1.005913693012021673e-02 2.338451604370051905e-03 5.337741569000571500e-03 2.012768072272059505e-01
1.704140955760429302e-02 -1.006104466629780501e-02 2.336951035015604004e-03 5.339377630968444345e-03 2.013690320209304274e-01
1.704885200187865671e-02 -1.006295171588967793e-02 2.335445349985851293e-03 5.341015025670092960e-03 2.014613855836227818e-01
1.705630452992405732e-02 -1.006485806986887055e-02 2.333934532535854138e-03 5.342653753780467023e-03 2.015538682173843021e-01
1.706376716496453561e-02 -1.006676371921217880e-02 2.332418566010576247e-03 5.344293816596425856e-03 2.016464802251987654e-01
1.707123993025411179e-02 -1.006866865480699619e-02 2.330897432998013923e-03 5.345935215779738271e-03 2.017392219102387696e-01
1.707872284927760761e-02 -1.007057286759540336e-02 2.329371114830623094e-03 5.347577953720684084e-03 2.018320935782859371e-01
1.708621594536961774e-02 -1.007247634849694345e-02 2.327839592327585368e-03 5.349222033138265400e-03 2.019250955337102416e-01
1.709371924206629437e-02 -1.007437908859461564e-02 2.326302846203736133e-03 5.350867455762416125e-03 2.020182280844037559e-01
1.710123276270570161e-02 -1.007628107899362878e-02 2.324760857222540715e-03 5.352514222702124159e-03 2.021114915373534715e-01
1.710875653066573979e-02 -1.007818231060293029e-02 2.323213606301261121e-03 5.354162334233690188e-03 2.022048862014095560e-01
1.711629056933090462e-02 -1.008008277409549146e-02 2.321661074450708656e-03 5.355811790224644653e-03 2.022984123864276784e-01
1.712383490212859849e-02 -1.008198245987801910e-02 2.320103242585277829e-03 5.357462590403479913e-03 2.023920704037429075e-01
1.713138955244413592e-02 -1.008388135809648242e-02 2.318540091180825921e-03 5.359114734459363878e-03 2.024858605645267207e-01
1.713895454382944467e-02 -1.008577945875685500e-02 2.316971600194817158e-03 5.360768221761614410e-03 2.025797831816355532e-01
1.714652990013189326e-02 -1.008767675185874742e-02 2.315397749707930140e-03 5.362423050959129120e-03 2.026738385689702271e-01
1.715411564540301331e-02 -1.008957322741707748e-02 2.313818520346257439e-03 5.364079221035598574e-03 2.027680270413814989e-01
1.716171180385978046e-02 -1.009146887565124523e-02 2.312233893486610996e-03 5.365736732684465472e-03 2.028623489157507787e-01
1.716931839969412787e-02 -1.009336368693040248e-02 2.310643851936401878e-03 5.367395587261844687e-03 2.029568045084372274e-01
1.717693545730607924e-02 -1.009525765152450433e-02 2.309048378121052875e-03 5.369055788120521283e-03 2.030513941376818343e-01
1.718456300120252411e-02 -1.009715075964254249e-02 2.307447453551492601e-03 5.370717339066215755e-03 2.031461181226683899e-01
1.719220105595435297e-02 -1.009904300138210476e-02 2.305841058876674683e-03 5.372380243812530445e-03 2.032409767842514592e-01
1.719984964601075153e-02 -1.010093436680444337e-02 2.304229174015032505e-03 5.374044505913716865e-03 2.033359704431344228e-01
1.720750879599360766e-02 -1.010282484598774844e-02 2.302611778395290479e-03 5.375710127709377485e-03 2.034310994226881386e-01
1.721517853036370893e-02 -1.010471442894711643e-02 2.300988851887508790e-03 5.377377110797956772e-03 2.035263640457339318e-01
1.722285887362574527e-02 -1.010660310552266225e-02 2.299360375071278148e-03 5.379045455377554075e-03 2.036217646373344181e-01
1.723054985036018977e-02 -1.010849086532035306e-02 2.297726327582649310e-03 5.380715160064488897e-03 2.037173015239756024e-01
1.723825148511313327e-02 -1.011037769783161566e-02 2.296086688443580923e-03 5.382386222645255819e-03 2.038129750311765132e-01
1.724596380269682871e-02 -1.011226359249360607e-02 2.294441436241851165e-03 5.384058639852062553e-03 2.039087854871446115e-01
1.725368682804767975e-02 -1.011414853873927357e-02 2.292790549625496870e-03 5.385732408505813223e-03 2.040047332210719877e-01
1.726142058619842615e-02 -1.011603252594013916e-02 2.291134007243075723e-03 5.387407526457340702e-03 2.041008185626592142e-01
1.726916510226092147e-02 -1.011791554332258473e-02 2.289471788082607373e-03 5.389083994730708635e-03 2.041970418423195155e-01
1.727692040169118148e-02 -1.011979758014487814e-02 2.287803871625361876e-03 5.390761816354143129e-03 2.042934033939218519e-01
1.728468650983445293e-02 -1.012167862580144392e-02 2.286130238847163335e-03 5.392440994689374351e-03 2.043899035497413752e-01
1.729246345225882164e-02 -1.012355866968983262e-02 2.284450871014645328e-03 5.394121533876504622e-03 2.044865426444550383e-01
1.730025125470870465e-02 -1.012543770103974464e-02 2.282765748961683439e-03 5.395803439036103710e-03 2.045833210144059056e-01
1.730804994288002302e-02 -1.012731570896668529e-02 2.281074852513109708e-03 5.397486714596188596e-03 2.046802389966947688e-01
1.731585954237837080e-02 -1.012919268240158530e-02 2.279378160867401304e-03 5.399171363762833575e-03 2.047772969292434575e-01
1.732368007885135008e-02 -1.013106861025709141e-02 2.277675652563190389e-03 5.400857386973571470e-03 2.048744951514395451e-01
1.733151157813931156e-02 -1.013294348135234703e-02 2.275967306376916292e-03 5.402544782337104397e-03 2.049718340039886066e-01
1.733935406614308533e-02 -1.013481728451863344e-02 2.274253101420643103e-03 5.404233546942239369e-03 2.050693138278668337e-01
1.734720756899869876e-02 -1.013669000866295432e-02 2.272533015571951039e-03 5.405923679768239072e-03 2.051669349673218012e-01
1.735507211262421814e-02 -1.013856164264679595e-02 2.270807026801867270e-03 5.407615179765383299e-03 2.052646977641910953e-01
1.736294772311237217e-02 -1.014043217508774249e-02 2.269075112449907630e-03 5.409308043621939219e-03 2.053626025640677422e-01
1.737083442657895091e-02 -1.014230159457573874e-02 2.267337249022260189e-03 5.411002267851596631e-03 2.054606497130601617e-01
1.737873224925265414e-02 -1.014416988970998253e-02 2.265593413504953576e-03 5.412697852463412528e-03 2.055588395576883609e-01
1.738664121762208484e-02 -1.014603704889717982e-02 2.263843582940616543e-03 5.414394801181885916e-03 2.056571724479385188e-01
1.739456135806953171e-02 -1.014790306026638368e-02 2.262087735310932234e-03 5.416093119680689266e-03 2.057556487319839866e-01
1.740249269729587933e-02 -1.014976791188557624e-02 2.260325849749650947e-03 5.417792812737150417e-03 2.058542687614138278e-01
1.741043526208451916e-02 -1.015163159181678605e-02 2.258557906135200740e-03 5.419493883221178539e-03 2.059530328885099404e-01
1.741838907926734556e-02 -1.015349408817335132e-02 2.256783884096724268e-03 5.421196333283163742e-03 2.060519414663357085e-01
1.742635417596836989e-02 -1.015535538897391690e-02 2.255003762260734783e-03 5.422900164045435685e-03 2.061509948516810076e-01
1.743433057915240794e-02 -1.015721548212462390e-02 2.253217519189735108e-03 5.424605373771654131e-03 2.062501933988738212e-01
1.744231831604456731e-02 -1.015907435553666839e-02 2.251425133114386308e-03 5.426311960799437041e-03 2.063495374654824577e-01
1.745031741397829253e-02 -1.016093199716848125e-02 2.249626582071795507e-03 5.428019924769915232e-03 2.064490274095712730e-01
1.745832790035636503e-02 -1.016278839494398102e-02 2.247821843054674789e-03 5.429729266406511760e-03 2.065486635915402269e-01
1.746634980235521259e-02 -1.016464353682322401e-02 2.246010892072265123e-03 5.431439985654720748e-03 2.066484463705796082e-01
1.747438314749340943e-02 -1.016649741080582862e-02 2.244193705158161693e-03 5.433152081821820273e-03 2.067483761105272100e-01
1.748242796301431937e-02 -1.016835000468719295e-02 2.242370257757874113e-03 5.434865554197255456e-03 2.068484531730817033e-01
1.749048427640005968e-02 -1.017020130596373896e-02 2.240540524374093258e-03 5.436580401789241519e-03 2.069486779240073127e-01
1.749855211504054014e-02 -1.017205130197142322e-02 2.238704480521955340e-03 5.438296626928480933e-03 2.070490507276442071e-01
1.750663150667523121e-02 -1.017389997991914249e-02 2.236862101970206636e-03 5.440014233792962381e-03 2.071495719519055034e-01
1.751472247905598925e-02 -1.017574732672237199e-02 2.235013364849373040e-03 5.441733225721014609e-03 2.072502419646083949e-01
1.752282506019172195e-02 -1.017759332918374837e-02 2.233158246022763638e-03 5.443453602905096514e-03 2.073510611358499456e-01
1.753093927829234636e-02 -1.017943797412621323e-02 2.231296724040723878e-03 5.445175362880586706e-03 2.074520298362864668e-01
1.753906516187623763e-02 -1.018128124838824089e-02 2.229428777765311235e-03 5.446898503515437175e-03 2.075531484396472004e-01
1.754720273941620667e-02 -1.018312313900641281e-02 2.227554385512809688e-03 5.448623024301239501e-03 2.076544173181132658e-01
1.755535203960067320e-02 -1.018496363293802144e-02 2.225673524907937489e-03 5.450348926924124954e-03 2.077558368476181694e-01
1.756351309105444458e-02 -1.018680271715699699e-02 2.223786172803576301e-03 5.452076213903792393e-03 2.078574074045603515e-01
1.757168592242586494e-02 -1.018864037872164834e-02 2.221892305162917122e-03 5.453804888284501974e-03 2.079591293658246687e-01
1.757987056236304940e-02 -1.019047660458929742e-02 2.219991896853589376e-03 5.455534952389510736e-03 2.080610031100540713e-01
1.758806703948810612e-02 -1.019231138155336780e-02 2.218084921632021075e-03 5.457266406537308705e-03 2.081630290176717524e-01
1.759627538255915252e-02 -1.019414469627562964e-02 2.216171353276305198e-03 5.458999252491230150e-03 2.082652074708803425e-01
1.760449562032226703e-02 -1.019597653528232784e-02 2.214251165777655038e-03 5.460733491400170288e-03 2.083675388522888972e-01
1.761272778158577343e-02 -1.019780688474969908e-02 2.212324332104499171e-03 5.462469122449404961e-03 2.084700235458437079e-01
1.762097189522000493e-02 -1.019963573064801635e-02 2.210390825810520671e-03 5.464206141870904011e-03 2.085726619361151779e-01
1.762922799039843072e-02 -1.020146305906607063e-02 2.208450620632664008e-03 5.465944546883652437e-03 2.086754544107741749e-01
1.763749609655641815e-02 -1.020328885579137486e-02 2.206503691772896195e-03 5.467684336467763806e-03 2.087784013583708909e-01
1.764577624345124371e-02 -1.020511310626638635e-02 2.204550015770721967e-03 5.469425509686759793e-03 2.088815031689567614e-01
1.765406846082661144e-02 -1.020693579605975489e-02 2.202589570077692106e-03 5.471168066124454214e-03 2.089847602327420117e-01
1.766237277856086418e-02 -1.020875691099375725e-02 2.200622331880934361e-03 5.472912005909445592e-03 2.090881729422636726e-01
1.767068922668146858e-02 -1.021057643701158563e-02 2.198648277730679262e-03 5.474657332733742429e-03 2.091917416915251293e-01
1.767901783527774107e-02 -1.021239436006671220e-02 2.196667383266508611e-03 5.476404052687749817e-03 2.092954668764946402e-01
1.768735863429162294e-02 -1.021421066601218945e-02 2.194679622941400447e-03 5.478152170611222220e-03 2.093993488937451741e-01
1.769571165368986551e-02 -1.021602534063245117e-02 2.192684970203209304e-03 5.479901690687806123e-03 2.095033881404514409e-01
1.770407692376895978e-02 -1.021783836952069001e-02 2.190683397903966413e-03 5.481652615192107378e-03 2.096075850182351485e-01
1.771245447454673078e-02 -1.021964973806341152e-02 2.188674878533768565e-03 5.483404943819628237e-03 2.097119399263924489e-01
1.772084433635840936e-02 -1.022145943155875099e-02 2.186659383645840875e-03 5.485158672882977163e-03 2.098164532678268857e-01
1.772924653953112176e-02 -1.022326743513052826e-02 2.184636884866423840e-03 5.486913797445656764e-03 2.099211254459278364e-01
1.773766111462981437e-02 -1.022507373354595607e-02 2.182607354030997697e-03 5.488670312781513544e-03 2.100259568668929044e-01
1.774608809212933208e-02 -1.022687831141756883e-02 2.180570764105920628e-03 5.490428213374292515e-03 2.101309479355208398e-01
1.775452750295393109e-02 -1.022868115346553877e-02 2.178527088299039068e-03 5.492187496545306545e-03 2.102360990614293990e-01
1.776297937818143574e-02 -1.023048224431428663e-02 2.176476300379687808e-03 5.493948163555017854e-03 2.103414106537367378e-01
1.777144374910330157e-02 -1.023228156842133363e-02 2.174418374909250357e-03 5.495710219450169846e-03 2.104468831239485471e-01
1.777992064687798288e-02 -1.023407911019955270e-02 2.172353287067930322e-03 5.497473668283316822e-03 2.105525168829108507e-01
1.778841010298563494e-02 -1.023587485405039188e-02 2.170281012078239483e-03 5.499238514514970602e-03 2.106583123472887953e-01
1.779691214867990673e-02 -1.023766878454382238e-02 2.168201524149278910e-03 5.501004763400857596e-03 2.107642699310580403e-01
1.780542681548664616e-02 -1.023946088635591806e-02 2.166114795815847049e-03 5.502772419116103327e-03 2.108703900517343022e-01
1.781395413508399944e-02 -1.024125114396941434e-02 2.164020799325626528e-03 5.504541484408657231e-03 2.109766731283914676e-01
1.782249413932634682e-02 -1.024303954172655143e-02 2.161919506013242585e-03 5.506311958480170077e-03 2.110831195818519135e-01
1.783104685998243913e-02 -1.024482606376242964e-02 2.159810886775132346e-03 5.508083837937050031e-03 2.111897298331397443e-01
1.783961232891679086e-02 -1.024661069402077809e-02 2.157694912384974795e-03 5.509857115876043952e-03 2.112965043054656211e-01
1.784819057815865626e-02 -1.024839341616355301e-02 2.155571553461924951e-03 5.511631786042874362e-03 2.114034434235865789e-01
1.785678163977910335e-02 -1.025017421365446123e-02 2.153440781264648850e-03 5.513407845783390056e-03 2.115105476129729989e-01
1.786538554610342042e-02 -1.025195306990105831e-02 2.151302566641934665e-03 5.515185294502512360e-03 2.116178173032432497e-01
1.787400232919482065e-02 -1.025372996840779628e-02 2.149156880331439413e-03 5.516964132687316932e-03 2.117252529213442536e-01
1.788263202153296191e-02 -1.025550489255848755e-02 2.147003693337128354e-03 5.518744361514080730e-03 2.118328548987757354e-01
1.789127465580005530e-02 -1.025727782553712865e-02 2.144842977052338444e-03 5.520525986215536404e-03 2.119406236680676792e-01
1.789993026480514796e-02 -1.025904875038867806e-02 2.142674703590442212e-03 5.522309014313381628e-03 2.120485596631322134e-01
1.790859888150934248e-02 -1.026081765021741136e-02 2.140498846142234197e-03 5.524093450123441877e-03 2.121566633209590325e-01
1.791728053878648835e-02 -1.026258450809332083e-02 2.138315377779664329e-03 5.525879293864748541e-03 2.122649350778380295e-01
1.792597526978689099e-02 -1.026434930708253548e-02 2.136124269788783423e-03 5.527666544527094945e-03 2.123733753727093665e-01
1.793468310783204872e-02 -1.026611203020817535e-02 2.133925492165646403e-03 5.529455200134538242e-03 2.124819846460116735e-01
1.794340408656612887e-02 -1.026787266037674888e-02 2.131719014766813441e-03 5.531245257657776797e-03 2.125907633415425602e-01
1.795213823942713727e-02 -1.026963118033272400e-02 2.129504807002879398e-03 5.533036712262265518e-03 2.126997119009441939e-01
1.796088560026156897e-02 -1.027138757249061382e-02 2.127282838641194555e-03 5.534829560839406824e-03 2.128088307722254546e-01
1.796964620257373094e-02 -1.027314181921372936e-02 2.125053080354507348e-03 5.536623802549767159e-03 2.129181204004060302e-01
1.797842008018208163e-02 -1.027489390264400664e-02 2.122815502304802471e-03 5.538419438978652194e-03 2.130275812355097442e-01
1.798720726664916267e-02 -1.027664380478355947e-02 2.120570072984616188e-03 5.540216472548630151e-03 2.131372137261605959e-01
1.799600779581094975e-02 -1.027839150753186333e-02 2.118316759759385475e-03 5.542014906992827686e-03 2.132470183249395856e-01
1.800482170167046550e-02 -1.028013699273659654e-02 2.116055530521785723e-03 5.543814743641198306e-03 2.133569954847955585e-01
1.801364901854765957e-02 -1.028188024227202728e-02 2.113786353876517376e-03 5.545615982042384311e-03 2.134671456615718221e-01
1.802248978090483997e-02 -1.028362123793918545e-02 2.111509199662765617e-03 5.547418624122872448e-03 2.135774693117932499e-01
1.803134402345824006e-02 -1.028535996138771683e-02 2.109224038256848899e-03 5.549222672223992105e-03 2.136879668952482436e-01
1.804021178085266422e-02 -1.028709639411920680e-02 2.106930840784536959e-03 5.551028123541797837e-03 2.137986388710456098e-01
1.804909308806758664e-02 -1.028883051741958342e-02 2.104629577192929524e-03 5.552834972891900270e-03 2.139094857028419894e-01
1.805798798010472758e-02 -1.029056231262432015e-02 2.102320216161134969e-03 5.554643215244116534e-03 2.140205078547311734e-01
1.806689649216882548e-02 -1.029229176115456675e-02 2.100002725505181658e-03 5.556452848669225092e-03 2.141317057920150424e-01
1.807581865960163070e-02 -1.029401884424176704e-02 2.097677073045333719e-03 5.558263875556864776e-03 2.142430799808034969e-01
1.808475451805531889e-02 -1.029574354277557925e-02 2.095343227694143433e-03 5.560076299796106077e-03 2.143546308930258937e-01
1.809370410275166000e-02 -1.029746583731743631e-02 2.093001158270908248e-03 5.561890125050542727e-03 2.144663589980100316e-01
1.810266744895103891e-02 -1.029918570854424995e-02 2.090650833015685398e-03 5.563705354045082700e-03 2.145782647678740329e-01
1.811164459230923257e-02 -1.030090313704679419e-02 2.088292218352245412e-03 5.565521987664264966e-03 2.146903486789054072e-01
1.812063556821187638e-02 -1.030261810323656463e-02 2.085925279196855931e-03 5.567340024809479607e-03 2.148026112037289548e-01
1.812964041277370306e-02 -1.030433058725688418e-02 2.083549980644623309e-03 5.569159465472219538e-03 2.149150528233599589e-01
1.813865916188745278e-02 -1.030604056920641012e-02 2.081166288962084474e-03 5.570980306753098299e-03 2.150276740153739818e-01
1.814769185181949046e-02 -1.030774802923550663e-02 2.078774171461737850e-03 5.572802543053412098e-03 2.151404752613090554e-01
1.815673851922820770e-02 -1.030945294745838972e-02 2.076373595911373479e-03 5.574626169761713428e-03 2.152534570471115183e-01
1.816579920039258778e-02 -1.031115530386416367e-02 2.073964530670577549e-03 5.576451185254177947e-03 2.153666198545351740e-01
1.817487393224073364e-02 -1.031285507824273619e-02 2.071546943277447102e-03 5.578277589516317247e-03 2.154799641739379712e-01
1.818396275137883211e-02 -1.031455225019283113e-02 2.069120801033549634e-03 5.580105384117234682e-03 2.155934904924843298e-01
1.819306569479646127e-02 -1.031624679918829481e-02 2.066686070895811227e-03 5.581934571145290118e-03 2.157071993020498180e-01
1.820218279971109673e-02 -1.031793870456807621e-02 2.064242719083330194e-03 5.583765156180957138e-03 2.158210910954231343e-01
1.821131410346622792e-02 -1.031962794550915150e-02 2.061790711321197667e-03 5.585597143203278533e-03 2.159351663664916821e-01
1.822045964349527578e-02 -1.032131450109434467e-02 2.059330013718774655e-03 5.587430532442674153e-03 2.160494256120550349e-01
1.822961945718047649e-02 -1.032299835014150770e-02 2.056860592056251012e-03 5.589265323371502697e-03 2.161638693308948200e-01
1.823879358182095220e-02 -1.032467947145487321e-02 2.054382411528594618e-03 5.591101515142507007e-03 2.162784980224194964e-01
1.824798205481277177e-02 -1.032635784381842267e-02 2.051895435490755197e-03 5.592939104029013599e-03 2.163933121867817055e-01
1.825718491432387625e-02 -1.032803344560606108e-02 2.049399626860524785e-03 5.594778084765927688e-03 2.165083123313805702e-01
1.826640219815209298e-02 -1.032970625491077057e-02 2.046894949755794467e-03 5.596618450752599561e-03 2.166234989591132587e-01
1.827563394435422622e-02 -1.033137625008595344e-02 2.044381368436145371e-03 5.598460197539987387e-03 2.167388725783909176e-01
1.828488019103784862e-02 -1.033304340974511119e-02 2.041858847696385437e-03 5.600303324259051953e-03 2.168544336986318322e-01
1.829414097680759008e-02 -1.033470771218991148e-02 2.039327352757065379e-03 5.602147835116471665e-03 2.169701828346325967e-01
1.830341633996906622e-02 -1.033636913546028338e-02 2.036786848652774422e-03 5.603993737338320430e-03 2.170861204968547731e-01
1.831270631936266977e-02 -1.033802765722769725e-02 2.034237300362488725e-03 5.605841035475743299e-03 2.172022472026226558e-01
1.832201095401884278e-02 -1.033968325496168773e-02 2.031678672750857929e-03 5.607689728729887101e-03 2.173185634700674496e-01
1.833133028311852500e-02 -1.034133590616243513e-02 2.029110930611548527e-03 5.609539813188478552e-03 2.174350698181883035e-01
1.834066434620085922e-02 -1.034298558804704234e-02 2.026534037383512926e-03 5.611391289002451606e-03 2.175517667692418999e-01
1.835001318274290250e-02 -1.034463227747883275e-02 2.023947956519818545e-03 5.613244156164019956e-03 2.176686548462233028e-01
1.835937683236661677e-02 -1.034627595143232555e-02 2.021352650735038468e-03 5.615098412556109725e-03 2.177857345762443386e-01
1.836875533443656228e-02 -1.034791658688826756e-02 2.018748082096851349e-03 5.616954052935088995e-03 2.179030064862917115e-01
1.837814872842321451e-02 -1.034955416065295661e-02 2.016134213133736943e-03 5.618811072064040096e-03 2.180204711054821720e-01
1.838755705397158643e-02 -1.035118864932568251e-02 2.013511006122343464e-03 5.620669467139356723e-03 2.181381289642901622e-01
1.839698035111524480e-02 -1.035282002915704526e-02 2.010878422802477288e-03 5.622529238508546488e-03 2.182559805984772838e-01
1.840641865967598823e-02 -1.035444827654358885e-02 2.008236424163332111e-03 5.624390388368290597e-03 2.183740265437794648e-01
1.841587201966832926e-02 -1.035607336808765967e-02 2.005584970975886859e-03 5.626252922050310225e-03 2.184922673383796476e-01
1.842534047157533966e-02 -1.035769528025741459e-02 2.002924024855476295e-03 5.628116843029008429e-03 2.186107035226686757e-01
1.843482405617547643e-02 -1.035931398914384169e-02 2.000253548145287854e-03 5.629982150729778874e-03 2.187293356374474529e-01
1.844432281460631554e-02 -1.036092947037317406e-02 1.997573503025025596e-03 5.631848843544362895e-03 2.188481642282952000e-01
1.845383678813036429e-02 -1.036254169907096026e-02 1.994883852581140482e-03 5.633716917322844839e-03 2.189671898429922103e-01
1.846336601816343098e-02 -1.036415065035633382e-02 1.992184559917459762e-03 5.635586364717605663e-03 2.190864130300992918e-01
1.847291054625459575e-02 -1.036575629938642218e-02 1.989475586378742968e-03 5.637457180156795096e-03 2.192058343388600672e-01
1.848247041425587697e-02 -1.036735862120335971e-02 1.986756891931133230e-03 5.639329363552572812e-03 2.193254543234168519e-01
1.849204566366804969e-02 -1.036895759075662053e-02 1.984028436043431490e-03 5.641202916082378900e-03 2.194452735380313657e-01
1.850163633599390123e-02 -1.037055318287655008e-02 1.981290178413409181e-03 5.643077838745789651e-03 2.195652925408389244e-01
1.851124247267277659e-02 -1.037214537210606226e-02 1.978542079905458786e-03 5.644954132119746337e-03 2.196855118908481452e-01
1.852086411526636042e-02 -1.037373413301285845e-02 1.975784101407988737e-03 5.646831798249348291e-03 2.198059321488940454e-01
1.853050130593158346e-02 -1.037531944016889356e-02 1.973016201892535855e-03 5.648710839606168807e-03 2.199265538814004217e-01
1.854015408677264776e-02 -1.037690126798814123e-02 1.970238338352828852e-03 5.650591257327439686e-03 2.200473776525599667e-01
1.854982250018466158e-02 -1.037847959076132996e-02 1.967450468142895904e-03 5.652473049787952279e-03 2.201684040304608403e-01
1.855950658891713373e-02 -1.038005438239080619e-02 1.964652550220563447e-03 5.654356214866961168e-03 2.202896335860850263e-01
1.856920639629434239e-02 -1.038162561627716321e-02 1.961844544481485420e-03 5.656240746816427155e-03 2.204110668943124463e-01
1.857892196567817455e-02 -1.038319326570513561e-02 1.959026409888372806e-03 5.658126637154062451e-03 2.205327045279414366e-01
1.858865334082622500e-02 -1.038475730365592646e-02 1.956198105697187252e-03 5.660013878714459899e-03 2.206545470655441321e-01
1.859840056538960423e-02 -1.038631770330805497e-02 1.953359592469878711e-03 5.661902468929559153e-03 2.207765950874619187e-01
1.860816368284701205e-02 -1.038787443777236010e-02 1.950510830305723182e-03 5.663792408222204262e-03 2.208988491748984095e-01
1.861794273707539915e-02 -1.038942747978723741e-02 1.947651776591913502e-03 5.665683702219747979e-03 2.210213099132405934e-01
1.862773777172726034e-02 -1.039097680186420840e-02 1.944782387593399801e-03 5.667576356753292396e-03 2.211439778881500728e-01
1.863754883061823076e-02 -1.039252237648752471e-02 1.941902619530448768e-03 5.669470375460308915e-03 2.212668536904420502e-01
1.864737595765934147e-02 -1.039406417617779257e-02 1.939012430001262402e-03 5.671365757728892044e-03 2.213899379116431865e-01
1.865721919685698130e-02 -1.039560217347415202e-02 1.936111777308782353e-03 5.673262500117911590e-03 2.215132311441272428e-01
1.866707859243465009e-02 -1.039713634052616062e-02 1.933200618380353369e-03 5.675160600045055584e-03 2.216367339828445304e-01
1.867695418918409109e-02 -1.039866664886702347e-02 1.930278907815976153e-03 5.677060055524601676e-03 2.217604470281078488e-01
1.868684603208713504e-02 -1.040019306991003985e-02 1.927346600724729863e-03 5.678960858713421808e-03 2.218843708805507686e-01
1.869675416651339628e-02 -1.040171557497613850e-02 1.924403652004629635e-03 5.680863000284195816e-03 2.220085061435282947e-01
1.870667863810861198e-02 -1.040323413510599142e-02 1.921450017278645206e-03 5.682766475810645777e-03 2.221328534233465435e-01
1.871661949249617610e-02 -1.040474872108698712e-02 1.918485651768796858e-03 5.684671285630814655e-03 2.222574133263040264e-01
1.872657677564758608e-02 -1.040625930388928110e-02 1.915510512015582102e-03 5.686577432871302989e-03 2.223821864649995206e-01
1.873655053334240608e-02 -1.040776585447061690e-02 1.912524556054356938e-03 5.688484919770797447e-03 2.225071734534445622e-01
1.874654081146921725e-02 -1.040926834354118612e-02 1.909527741223744982e-03 5.690393745909522703e-03 2.226323749081862979e-01
1.875654765612477098e-02 -1.041076674130110569e-02 1.906520022032149198e-03 5.692303911598845141e-03 2.227577914455343144e-01
1.876657111385896318e-02 -1.041226101785134965e-02 1.903501351135417985e-03 5.694215418966873214e-03 2.228834236869716434e-01
1.877661123093240375e-02 -1.041375114325048673e-02 1.900471681234371362e-03 5.696128266847497179e-03 2.230092722551883788e-01
1.878666805375821952e-02 -1.041523708730701832e-02 1.897430967522844474e-03 5.698042451485073670e-03 2.231353377769101087e-01
1.879674162896150316e-02 -1.041671881942241550e-02 1.894379165742766588e-03 5.699957965621602930e-03 2.232616208797089108e-01
1.880683200344429595e-02 -1.041819630881545521e-02 1.891316230184606059e-03 5.701874800549503429e-03 2.233881221921614479e-01
1.881693922491329066e-02 -1.041966952439844427e-02 1.888242112770550755e-03 5.703792951852794564e-03 2.235148423520879057e-01
1.882706334053043870e-02 -1.042113843492559547e-02 1.885156764636716385e-03 5.705712418578339461e-03 2.236417819916616812e-01
1.883720439813233241e-02 -1.042260300909871214e-02 1.882060137114094887e-03 5.707633205295940988e-03 2.237689417503397060e-01
1.884736244558746915e-02 -1.042406321533329711e-02 1.878952181506368668e-03 5.709555317042552640e-03 2.238963222687386789e-01
1.885753753129833926e-02 -1.042551902204782825e-02 1.875832849516345094e-03 5.711478754575641421e-03 2.240239241950389981e-01
1.886772970323548348e-02 -1.042697039778467567e-02 1.872702093793312487e-03 5.713403514748226393e-03 2.241517481711388649e-01
1.887793901015509188e-02 -1.042841731088721066e-02 1.869559869198575983e-03 5.715329590577192947e-03 2.242797948487470217e-01
1.888816550080013243e-02 -1.042985972928707830e-02 1.866406129708952921e-03 5.717256974842155337e-03 2.244080648804972766e-01
1.889840922396611791e-02 -1.043129762031498771e-02 1.863240827046792978e-03 5.719185662323049597e-03 2.245365589199764533e-01
1.890867022862349756e-02 -1.043273095105750996e-02 1.860063911781425442e-03 5.721115650519352502e-03 2.246652776237457738e-01
1.891894856395788874e-02 -1.043415968853786055e-02 1.856875333976285665e-03 5.723046933940654710e-03 2.247942216527749337e-01
1.892924427921753236e-02 -1.043558379959525287e-02 1.853675045023979277e-03 5.724979509932376538e-03 2.249233916696434243e-01
1.893955742362545686e-02 -1.043700325056119531e-02 1.850462996731466227e-03 5.726913379886284898e-03 2.250527883381018279e-01
1.894988804692075354e-02 -1.043841800773945977e-02 1.847239139928534774e-03 5.728848546796967006e-03 2.251824123289098145e-01
1.896023619862495166e-02 -1.043982803732948494e-02 1.844003423935726025e-03 5.730785016029468076e-03 2.253122643079906173e-01
1.897060192936294784e-02 -1.044123330522862651e-02 1.840755795198099985e-03 5.732722790967500689e-03 2.254423449547541813e-01
1.898098528930262235e-02 -1.044263377742964995e-02 1.837496200475083894e-03 5.734661870698958518e-03 2.255726549423066885e-01
1.899138632910218547e-02 -1.044402941963622211e-02 1.834224586703146753e-03 5.736602250863361702e-03 2.257031949501460133e-01
1.900180510001196407e-02 -1.044542019731679525e-02 1.830940901932440494e-03 5.738543923015667833e-03 2.258339656639490323e-01
1.901224165293775858e-02 -1.044680607581923402e-02 1.827645095777319807e-03 5.740486874761702683e-03 2.259649677640209187e-01
1.902269603968879605e-02 -1.044818702007758830e-02 1.824337118920858931e-03 5.742431091567828071e-03 2.260962019438685355e-01
1.903316831153527636e-02 -1.044956299491577381e-02 1.821016923147657663e-03 5.744376559402512850e-03 2.262276688908473332e-01
1.904365852025181882e-02 -1.045093396472312336e-02 1.817684458531503315e-03 5.746323276509633128e-03 2.263593692990815975e-01
1.905416671781093307e-02 -1.045229989357127597e-02 1.814339672208059931e-03 5.748271249244328411e-03 2.264913038678218471e-01
1.906469295557691387e-02 -1.045366074536759754e-02 1.810982510072351587e-03 5.750220487083539632e-03 2.266234732918187000e-01
1.907523728574589059e-02 -1.045501648362948642e-02 1.807612919080022699e-03 5.752171001827044092e-03 2.267558782757544966e-01
1.908579976067094341e-02 -1.045636707169312653e-02 1.804230846667199658e-03 5.754122800279722234e-03 2.268885195255470888e-01
1.909638043290058651e-02 -1.045771247266553787e-02 1.800836239938352927e-03 5.756075878971990065e-03 2.270213977495290358e-01
1.910697935502397513e-02 -1.045905264964785454e-02 1.797429043340596647e-03 5.758030232104944558e-03 2.271545136565105427e-01
1.911759658047913063e-02 -1.046038756560191581e-02 1.794009198459928451e-03 5.759985853068002974e-03 2.272878679634937060e-01
1.912823216265412823e-02 -1.046171718302493434e-02 1.790576647346503762e-03 5.761942731613675824e-03 2.274214613863856926e-01
1.913888615530912399e-02 -1.046304146392584671e-02 1.787131333445922312e-03 5.763900851781394302e-03 2.275552946468553939e-01
1.914955861237499501e-02 -1.046436037026928986e-02 1.783673202487005404e-03 5.765860195890739649e-03 2.276893684677558927e-01
1.916024958822858809e-02 -1.046567386410392382e-02 1.780202200965963532e-03 5.767820752722184821e-03 2.278236835769700819e-01
1.917095913702216575e-02 -1.046698190713208319e-02 1.776718277343352108e-03 5.769782520032958745e-03 2.279582407029294988e-01
1.918168731320319537e-02 -1.046828446092637650e-02 1.773221379756494652e-03 5.771745502821864875e-03 2.280930405812039707e-01
1.919243417110230721e-02 -1.046958148686633928e-02 1.769711453457500049e-03 5.773709713177447786e-03 2.282280839446807208e-01
1.920319976592530647e-02 -1.047087294574582279e-02 1.766188441164667430e-03 5.775675162013428794e-03 2.283633715359314476e-01
1.921398415226923187e-02 -1.047215879780544721e-02 1.762652284738996889e-03 5.777641857120740729e-03 2.284989040917225211e-01
1.922478738569284931e-02 -1.047343900295235643e-02 1.759102926395515656e-03 5.779609801832228874e-03 2.286346823616263457e-01
1.923560952151548778e-02 -1.047471352121643814e-02 1.755540308296961840e-03 5.781578988407956934e-03 2.287707070912761986e-01
1.924645061552088948e-02 -1.047598231212343474e-02 1.751964371651350055e-03 5.783549402150028364e-03 2.289069790329294474e-01
1.925731072373092212e-02 -1.047724533494058530e-02 1.748375055799793968e-03 5.785521023701262373e-03 2.290434989416825218e-01
1.926818990283154023e-02 -1.047850254858373985e-02 1.744772299270237617e-03 5.787493836851921418e-03 2.291802675782550203e-01
1.927908820928982830e-02 -1.047975391173976492e-02 1.741156041250435139e-03 5.789467830363587315e-03 2.293172857017643507e-01
1.929000569973417234e-02 -1.048099938297157585e-02 1.737526222805444321e-03 5.791442999421224543e-03 2.294545540777670756e-01
1.930094243103785620e-02 -1.048223892092123820e-02 1.733882786713156167e-03 5.793419346288039215e-03 2.295920734747479153e-01
1.931189846038989036e-02 -1.048347248435242338e-02 1.730225675291253637e-03 5.795396876672897005e-03 2.297298446629287838e-01
1.932287384570997163e-02 -1.048470003142395503e-02 1.726554832471273492e-03 5.797375595130458380e-03 2.298678684218237178e-01
1.933386864434422439e-02 -1.048592151985221210e-02 1.722870201561010764e-03 5.799355505098587049e-03 2.300061455246316666e-01
1.934488291443323474e-02 -1.048713690712878288e-02 1.719171722380220986e-03 5.801336607802504326e-03 2.301446767540102634e-01
1.935591671428404589e-02 -1.048834615028395971e-02 1.715459331969379627e-03 5.803318905136839630e-03 2.302834628943788708e-01
1.936697010226621010e-02 -1.048954920575998796e-02 1.711732966965035050e-03 5.805302391870652279e-03 2.304225047337003229e-01
1.937804313723349992e-02 -1.049074602949547595e-02 1.707992564292914886e-03 5.807287052769014371e-03 2.305618030655000872e-01
1.938913587803412289e-02 -1.049193657711739065e-02 1.704238061519385570e-03 5.809272870967260860e-03 2.307013586836777208e-01
1.940024838368179655e-02 -1.049312080398996129e-02 1.700469395644143992e-03 5.811259832135125605e-03 2.308411723863467713e-01
1.941138071326381845e-02 -1.049429866539429088e-02 1.696686503332735067e-03 5.813247928852798181e-03 2.309812449753144148e-01
1.942253292669943870e-02 -1.049547011644977150e-02 1.692889319574715154e-03 5.815237161471265188e-03 2.311215772606884933e-01
1.943370508332857571e-02 -1.049663511247182768e-02 1.689077779512337040e-03 5.817227534924693418e-03 2.312621700457179741e-01
1.944489724360887531e-02 -1.049779360820551899e-02 1.685251820530497520e-03 5.819219049359419804e-03 2.314030241474281935e-01
1.945610946796756668e-02 -1.049894555825945167e-02 1.681411379855588884e-03 5.821211705804439814e-03 2.315441403810118703e-01
1.946734181748486711e-02 -1.050009091708676949e-02 1.677556395490138437e-03 5.823205503848906742e-03 2.316855195678300394e-01
1.947859435304705872e-02 -1.050122963856661533e-02 1.673686805933433455e-03 5.825200439331402850e-03 2.318271625271127179e-01
1.948986713639149285e-02 -1.050236167625663401e-02 1.669802546808680978e-03 5.827196501337214563e-03 2.319690700899383340e-01
1.950116022894770804e-02 -1.050348698351227274e-02 1.665903550937817765e-03 5.829193675706514921e-03 2.321112430842865448e-01
1.951247369268002685e-02 -1.050460551288820259e-02 1.661989752175446712e-03 5.831191954723229619e-03 2.322536823457654331e-01
1.952380758929854465e-02 -1.050571721646662536e-02 1.658061084685883042e-03 5.833191333222389509e-03 2.323963887113429105e-01
1.953516198111054578e-02 -1.050682204575124033e-02 1.654117480560098313e-03 5.835191809440575320e-03 2.325393630274665835e-01
1.954653692992919939e-02 -1.050791995210106390e-02 1.650158872883118093e-03 5.837193381182467604e-03 2.326826061345684815e-01
1.955793249863296834e-02 -1.050901088685192962e-02 1.646185194489089643e-03 5.839196046474878256e-03 2.328261188849252428e-01
1.956934875027837792e-02 -1.051009480115057751e-02 1.642196377396658476e-03 5.841199799382539373e-03 2.329699021323804187e-01
1.958078574805641181e-02 -1.051117164585975081e-02 1.638192351231069089e-03 5.843204639258237770e-03 2.331139567320681949e-01
1.959224355559235214e-02 -1.051224137147822001e-02 1.634173045485570871e-03 5.845210562083199418e-03 2.332582835442116864e-01
1.960372223687291068e-02 -1.051330392826898760e-02 1.630138389888990177e-03 5.847217560526440407e-03 2.334028834332802782e-01
1.961522185660783887e-02 -1.051435926636144595e-02 1.626088316958509928e-03 5.849225625396818097e-03 2.335477572698198834e-01
1.962674247960025098e-02 -1.051540733554554366e-02 1.622022760276420252e-03 5.851234745291803395e-03 2.336929059252327301e-01
1.963828417080695082e-02 -1.051644808499790917e-02 1.617941651913423545e-03 5.853244906893894685e-03 2.338383302755697446e-01
1.964984699473650009e-02 -1.051748146380071698e-02 1.613844922056468199e-03 5.855256102554008343e-03 2.339840311987383681e-01
1.966143101668325205e-02 -1.051850742042160364e-02 1.609732500636834943e-03 5.857268335234586294e-03 2.341300095822408667e-01
1.967303630203454806e-02 -1.051952590302521716e-02 1.605604318269455988e-03 5.859281608384080998e-03 2.342762663146937541e-01
1.968466291670659118e-02 -1.052053685916045159e-02 1.601460303423015308e-03 5.861295921417470842e-03 2.344228022890699759e-01
1.969631092660303201e-02 -1.052154023560835858e-02 1.597300385042864411e-03 5.863311270944049705e-03 2.345696183997866557e-01
1.970798039807318894e-02 -1.052253597870729876e-02 1.593124489256858567e-03 5.865327649709069571e-03 2.347167155459748966e-01
1.971967139785069448e-02 -1.052352403465946912e-02 1.588932540835166080e-03 5.867345044495229922e-03 2.348640946326092938e-01
1.973138399320098491e-02 -1.052450434963651642e-02 1.584724463204835411e-03 5.869363444226503509e-03 2.350117565698009170e-01
1.974311825160268707e-02 -1.052547686967734465e-02 1.580500178606805434e-03 5.871382838226946697e-03 2.351597022689345950e-01
1.975487424059757871e-02 -1.052644154062041745e-02 1.576259611124632013e-03 5.873403217231829010e-03 2.353079326429563245e-01
1.976665202847509642e-02 -1.052739830777547382e-02 1.572002688503778374e-03 5.875424573747010590e-03 2.354564486176471405e-01
1.977845168298534434e-02 -1.052834711614036856e-02 1.567729340052020958e-03 5.877446905660942654e-03 2.356052511146291273e-01
1.979027327264755790e-02 -1.052928791034635388e-02 1.563439493494887334e-03 5.879470213289429877e-03 2.357543410653748506e-01
1.980211686606863156e-02 -1.053022063499423414e-02 1.559133075298702042e-03 5.881494496249147809e-03 2.359037194025698780e-01
1.981398253255816158e-02 -1.053114523400888389e-02 1.554810012732122217e-03 5.883519747417874368e-03 2.360533870661079281e-01
1.982587034130467787e-02 -1.053206165071625053e-02 1.550470231452303043e-03 5.885545961833394887e-03 2.362033449954975828e-01
1.983778036245022885e-02 -1.053296982774400148e-02 1.546113654908896863e-03 5.887573133187965976e-03 2.363535941415906283e-01
1.984971266587893038e-02 -1.053386970687280634e-02 1.541740204947713092e-03 5.889601246477236575e-03 2.365041354507594895e-01
1.986166732251226294e-02 -1.053476122917502804e-02 1.537349798790398764e-03 5.891630285864484125e-03 2.366549698829819859e-01
1.987364440278055477e-02 -1.053564433578236571e-02 1.532942353028857044e-03 5.893660242664452119e-03 2.368060983906551675e-01
1.988564397819651830e-02 -1.053651896784552414e-02 1.528517785544537041e-03 5.895691107401606484e-03 2.369575219422064838e-01
1.989766611952359723e-02 -1.053738506665097968e-02 1.524076014723475554e-03 5.897722875888956190e-03 2.371092415026777867e-01
1.990971089780815828e-02 -1.053824257291719781e-02 1.519616959723435381e-03 5.899755547665551381e-03 2.372612580459731169e-01
1.992177838438827578e-02 -1.053909142691584686e-02 1.515140543310711197e-03 5.901789124515166574e-03 2.374135725480740755e-01
1.993386865215551404e-02 -1.053993156832221459e-02 1.510646689910327039e-03 5.903823606428305892e-03 2.375661859978852319e-01
1.994598177334976422e-02 -1.054076293673797925e-02 1.506135323161139367e-03 5.905858988312989548e-03 2.377190993747045067e-01
1.995811782112155708e-02 -1.054158547123208722e-02 1.501606364984918321e-03 5.907895260314879708e-03 2.378723136727999010e-01
1.997027686883516215e-02 -1.054239911020063598e-02 1.497059736413804739e-03 5.909932402430993596e-03 2.380258298884569967e-01
1.998245899011935958e-02 -1.054320379130842950e-02 1.492495356732658320e-03 5.911970395075338662e-03 2.381796490194940108e-01
1.999466425966934385e-02 -1.054399945176217289e-02 1.487913140409942133e-03 5.914009217807412316e-03 2.383337720766001422e-01
2.000689275172801151e-02 -1.054478602867818873e-02 1.483313000991850908e-03 5.916048859590253284e-03 2.384882000631151078e-01
2.001914454134983562e-02 -1.054556345805141536e-02 1.478694850781042420e-03 5.918089320994294154e-03 2.386429339957516493e-01
2.003141970318443946e-02 -1.054633167524874834e-02 1.474058599131660829e-03 5.920130609726292903e-03 2.387979748930527113e-01
2.004371831153468203e-02 -1.054709061573789325e-02 1.469404158179896808e-03 5.922172724624885122e-03 2.389533237757593132e-01
2.005604044188577864e-02 -1.054784021542150285e-02 1.464731442688881145e-03 5.924215663321919130e-03 2.391089816800921197e-01
2.006838616926472085e-02 -1.054858040987725377e-02 1.460040368376133539e-03 5.926259422210642877e-03 2.392649496327262648e-01
2.008075556999465439e-02 -1.054931113292891139e-02 1.455330852398885539e-03 5.928303994874157233e-03 2.394212286744633877e-01
2.009314872080025793e-02 -1.055003231803531769e-02 1.450602812718635500e-03 5.930349370755750443e-03 2.395778198483265731e-01
2.010556569892944095e-02 -1.055074389867655636e-02 1.445856166957046199e-03 5.932395531501035921e-03 2.397347242029852776e-01
2.011800658225467234e-02 -1.055144580783363983e-02 1.441090829464304656e-03 5.934442451129336854e-03 2.398919427936614945e-01
2.013047144886546957e-02 -1.055213797835197718e-02 1.436306712326315595e-03 5.936490102971610401e-03 2.400494766778822897e-01
2.014296037710260751e-02 -1.055282034230148672e-02 1.431503725899487423e-03 5.938538470986669086e-03 2.402073269170289238e-01
2.015547344546103278e-02 -1.055349283135974085e-02 1.426681777592058407e-03 5.940587554025229984e-03 2.403654945790927033e-01
2.016801073296917851e-02 -1.055415537651693825e-02 1.421840775205798161e-03 5.942637356330170845e-03 2.405239807429674359e-01
2.018057231784073022e-02 -1.055480790825675044e-02 1.416980626347406859e-03 5.944687884879337920e-03 2.406827864793958105e-01
2.019315827957191001e-02 -1.055545035637574236e-02 1.412101235141289060e-03 5.946739147951174247e-03 2.408419128754288596e-01
2.020576869766422048e-02 -1.055608265016565184e-02 1.407202507754943535e-03 5.948791140798498009e-03 2.410013610212179136e-01
2.021840365160329847e-02 -1.055670471861889885e-02 1.402284352608751394e-03 5.950843848080080052e-03 2.411611320090679966e-01
2.023106322155758183e-02 -1.055731648982736852e-02 1.397346681414853627e-03 5.952897252384315233e-03 2.413212269352366379e-01
2.024374748910581778e-02 -1.055791789088237134e-02 1.392389406358446628e-03 5.954951335682160014e-03 2.414816469104286434e-01
2.025645653568541871e-02 -1.055850884935219565e-02 1.387412435230319209e-03 5.957006075317110988e-03 2.416423930406443321e-01
2.026919044339942771e-02 -1.055908929284653935e-02 1.382415674681468582e-03 5.959061448602431116e-03 2.418034664400762479e-01
2.028194929508283367e-02 -1.055965914789933242e-02 1.377399031050264427e-03 5.961117442008391845e-03 2.419648682335503453e-01
2.029473317304016089e-02 -1.056021834086274744e-02 1.372362408085076599e-03 5.963174048490971560e-03 2.421265995431947649e-01
2.030754216032212151e-02 -1.056076679739854918e-02 1.367305708249369174e-03 5.965231262879581477e-03 2.422886615034175184e-01
2.032037633959161635e-02 -1.056130444294200305e-02 1.362228835408561822e-03 5.967289084899307823e-03 2.424510552486357218e-01
2.033323579422890645e-02 -1.056183120232341045e-02 1.357131692852094626e-03 5.969347514342429606e-03 2.426137819215589964e-01
2.034612060807475600e-02 -1.056234699916498536e-02 1.352014179477810558e-03 5.971406549443033021e-03 2.427768426696497728e-01
2.035903086590043834e-02 -1.056285175586596341e-02 1.346876193110264647e-03 5.973466182713465210e-03 2.429402386512810041e-01
2.037196665202475540e-02 -1.056334539417382035e-02 1.341717635676043571e-03 5.975526397318688468e-03 2.431039710203310722e-01
2.038492805159887802e-02 -1.056382783569033944e-02 1.336538410057848316e-03 5.977587171311182605e-03 2.432680409419291090e-01
2.039791515030758146e-02 -1.056429900175849187e-02 1.331338418842777137e-03 5.979648483905712977e-03 2.434324495861807380e-01
2.041092803412469445e-02 -1.056475881329350767e-02 1.326117562485195928e-03 5.981710323205324809e-03 2.435971981284487109e-01
2.042396678985221661e-02 -1.056520719082846248e-02 1.320875739186309385e-03 5.983772679006266193e-03 2.437622877548364930e-01
2.043703150435237370e-02 -1.056564405491496744e-02 1.315612847663174753e-03 5.985835539602404540e-03 2.439277196495558686e-01
2.045012226496048871e-02 -1.056606932542098268e-02 1.310328785197560327e-03 5.987898895842168855e-03 2.440934950064022058e-01
2.046323915912547087e-02 -1.056648292142848417e-02 1.305023448343779410e-03 5.989962736965694784e-03 2.442596150242578867e-01
2.047638227503639427e-02 -1.056688476088616692e-02 1.299696735254485041e-03 5.992027051663252266e-03 2.444260809127617451e-01
2.048955170016837635e-02 -1.056727476140297169e-02 1.294348544470714027e-03 5.994091828012211749e-03 2.445928938769235672e-01
2.050274752389297933e-02 -1.056765283984975601e-02 1.288978770948852369e-03 5.996157047599174825e-03 2.447600551412877634e-01
2.051596983566286378e-02 -1.056801891235383851e-02 1.283587306264974198e-03 5.998222693930762781e-03 2.449275659228033197e-01
2.052921872597727321e-02 -1.056837289392566041e-02 1.278174043194853053e-03 6.000288759503406670e-03 2.450954274540982358e-01
2.054249428486334614e-02 -1.056871469926384463e-02 1.272738874121257619e-03 6.002355240692656795e-03 2.452636409697268038e-01
2.055579660247111931e-02 -1.056904424234724783e-02 1.267281691583192716e-03 6.004422133678513282e-03 2.454322077085025755e-01
2.056912576980787777e-02 -1.056936143687669215e-02 1.261802387100549334e-03 6.006489426421313463e-03 2.456011289185308089e-01
2.058248187821126035e-02 -1.056966619668769231e-02 1.256300852245620771e-03 6.008557105083174241e-03 2.457704058556022808e-01
2.059586501924146051e-02 -1.056995843515189798e-02 1.250776975021488996e-03 6.010625152880982522e-03 2.459400397781323633e-01
2.060927528538075704e-02 -1.057023806412886284e-02 1.245230645652125462e-03 6.012693549093144595e-03 2.461100319523007174e-01
2.062271276954062704e-02 -1.057050499433822253e-02 1.239661755749981885e-03 6.014762272178187860e-03 2.462803836536308077e-01
2.063617756503740783e-02 -1.057075913559628669e-02 1.234070198390202358e-03 6.016831302316269503e-03 2.464510961620044183e-01
2.064966976519002489e-02 -1.057100039812136280e-02 1.228455864481645381e-03 6.018900615974849891e-03 2.466221707584010103e-01
2.066318946452087163e-02 -1.057122869171063864e-02 1.222818642100815308e-03 6.020970189219620496e-03 2.467936087414652202e-01
2.067673675727629834e-02 -1.057144392542439318e-02 1.217158418507933472e-03 6.023040009824905117e-03 2.469654114009333379e-01
2.069031173952045818e-02 -1.057164600690335167e-02 1.211475076809067838e-03 6.025110089686546572e-03 2.471375800493972874e-01
2.070391450668664438e-02 -1.057183484347659977e-02 1.205768498956192409e-03 6.027180436843704477e-03 2.473101159930934934e-01
2.071754515481400577e-02 -1.057201034195255802e-02 1.200038565710598434e-03 6.029251051031208133e-03 2.474830205505529901e-01
2.073120378000092856e-02 -1.057217240851800015e-02 1.194285158239116913e-03 6.031321922938835678e-03 2.476562950472047941e-01
2.074489047891080185e-02 -1.057232094816587878e-02 1.188508158020013536e-03 6.033393023521635770e-03 2.478299408179271413e-01
2.075860534806975993e-02 -1.057245586473606544e-02 1.182707447477406113e-03 6.035464317914965120e-03 2.480039591978870916e-01
2.077234848545279206e-02 -1.057257706154648459e-02 1.176882909723839417e-03 6.037535770041378876e-03 2.481783515327928846e-01
2.078611998995995649e-02 -1.057268444114618094e-02 1.171034430656712165e-03 6.039607354999709105e-03 2.483531191746895239e-01
2.079991996070955709e-02 -1.057277790535419114e-02 1.165161894261643747e-03 6.041679051585766361e-03 2.485282634820353831e-01
2.081374849709739447e-02 -1.057285735558310090e-02 1.159265182980239502e-03 6.043750843474543326e-03 2.487037858244537658e-01
2.082760569820828536e-02 -1.057292269336158191e-02 1.153344178249209604e-03 6.045822721412735280e-03 2.488796875702165290e-01
2.084149166439835596e-02 -1.057297381996099087e-02 1.147398759888329555e-03 6.047894676461677312e-03 2.490559700986466340e-01
2.085540649668669866e-02 -1.057301063590677416e-02 1.141428802602174062e-03 6.049966711475187296e-03 2.492326347958875310e-01
2.086935029693120711e-02 -1.057303304038700702e-02 1.135434173460220849e-03 6.052038839109380106e-03 2.494096830604038417e-01
2.088332316669532646e-02 -1.057304093123100953e-02 1.129414741376190282e-03 6.054111061008045011e-03 2.495871162870770543e-01
2.089732520874290969e-02 -1.057303420451575528e-02 1.123370379914549744e-03 6.056183351341243998e-03 2.497649358925588536e-01
2.091135652504664752e-02 -1.057301275615992429e-02 1.117300963426310191e-03 6.058255662289187271e-03 2.499431432861846381e-01
2.092541721883819233e-02 -1.057297648090950101e-02 1.111206365605658161e-03 6.060327950328851972e-03 2.501217398937053416e-01
2.093950739386918336e-02 -1.057292527268668784e-02 1.105086461880771392e-03 6.062400181021578710e-03 2.503007271475939932e-01
2.095362715438595785e-02 -1.057285902506561147e-02 1.098941129223188770e-03 6.064472335806672838e-03 2.504801064798372057e-01
2.096777660577002836e-02 -1.057277763054799251e-02 1.092770244309695590e-03 6.066544409994769141e-03 2.506598793379590240e-01
2.098195585354311818e-02 -1.057268098185645301e-02 1.086573679399524235e-03 6.068616394731230976e-03 2.508400471763943540e-01
2.099616500293063903e-02 -1.057256897178074535e-02 1.080351306302942006e-03 6.070688276530503656e-03 2.510206114525518895e-01
2.101040415943089545e-02 -1.057244149280529844e-02 1.074102993035522258e-03 6.072760041282311734e-03 2.512015736304712976e-01
2.102467343039721853e-02 -1.057229843600735603e-02 1.067828601551536281e-03 6.074831685630686928e-03 2.513829351936798240e-01
2.103897292342893355e-02 -1.057213969025458909e-02 1.061527991513047274e-03 6.076903208682715891e-03 2.515646976210204611e-01
2.105330274734943177e-02 -1.057196514303761388e-02 1.055201022187437403e-03 6.078974587811693427e-03 2.517468624021784174e-01
2.106766301175933692e-02 -1.057177468060950011e-02 1.048847556352181876e-03 6.081045787253528193e-03 2.519294310417539151e-01
2.108205382537484129e-02 -1.057156818903576614e-02 1.042467461478626843e-03 6.083116766934159800e-03 2.521124050433882768e-01
2.109647529756508016e-02 -1.057134555348769080e-02 1.036060602641370723e-03 6.085187500274903682e-03 2.522957859231594879e-01
2.111092753809563557e-02 -1.057110665807901341e-02 1.029626846134062837e-03 6.087257965160413828e-03 2.524795752007117366e-01
2.112541065801976439e-02 -1.057085138624821834e-02 1.023166057665476176e-03 6.089328142981750326e-03 2.526637744069344382e-01
2.113992476867193604e-02 -1.057057962134937655e-02 1.016678103591397639e-03 6.091398027661842039e-03 2.528483850764039476e-01
2.115446998236977100e-02 -1.057029124599581996e-02 1.010162842883727870e-03 6.093467608907270072e-03 2.530334087691324396e-01
2.116904640957425685e-02 -1.056998614269147665e-02 1.003620136127665770e-03 6.095536871462689694e-03 2.532188470253200485e-01
2.118365416319277494e-02 -1.056966419230208169e-02 9.970498396477244646e-04 6.097605786870835716e-03 2.534047014132282394e-01
2.119829335677658397e-02 -1.056932527506751485e-02 9.904518051486741262e-04 6.099674324093651463e-03 2.535909735042587987e-01
2.121296410482586756e-02 -1.056896926935365320e-02 9.838258820834958930e-04 6.101742463230819431e-03 2.537776648738379048e-01
2.122766652438401805e-02 -1.056859605099652079e-02 9.771719224975930571e-04 6.103810182357307518e-03 2.539647771254254227e-01
2.124240073067169832e-02 -1.056820549582115736e-02 9.704897819289798420e-04 6.105877463323909626e-03 2.541523118431542883e-01
2.125716684016311711e-02 -1.056779747911078607e-02 9.637793158247847302e-04 6.107944284310444678e-03 2.543402706369113364e-01
2.127196496942921830e-02 -1.056737187588318617e-02 9.570403794139726097e-04 6.110010621127954546e-03 2.545286551193328695e-01
2.128679523512030936e-02 -1.056692856017004203e-02 9.502728247360540254e-04 6.112076452234525142e-03 2.547174669105546352e-01
2.130165775492793429e-02 -1.056646740456104218e-02 9.434765058736422965e-04 6.114141763711228826e-03 2.549067076489876515e-01
2.131655264621712051e-02 -1.056598828095979374e-02 9.366512750927428977e-04 6.116206543198322160e-03 2.550963789685377625e-01
2.133148002756380529e-02 -1.056549106026786686e-02 9.297969808038380893e-04 6.118270756984238619e-03 2.552864825174986918e-01
2.134644001794213861e-02 -1.056497561247473314e-02 9.229134699755451665e-04 6.120334367533272757e-03 2.554770199512484408e-01
2.136143273793983388e-02 -1.056444180643099397e-02 9.160005853248373575e-04 6.122397340680694501e-03 2.556679929467998158e-01
2.137645830675481348e-02 -1.056388951041337468e-02 9.090581725066057030e-04 6.124459646507735867e-03 2.558594031654117251e-01
2.139151684734404493e-02 -1.056331859039083033e-02 9.020860726810502744e-04 6.126521268861633701e-03 2.560512523033148247e-01
2.140660848351547130e-02 -1.056272891106332240e-02 8.950841277762122293e-04 6.128582190390336783e-03 2.562435420540485342e-01
2.142173333948856062e-02 -1.056212033612918995e-02 8.880521826122731366e-04 6.130642392298726873e-03 2.564362741235426402e-01
2.143689153803260417e-02 -1.056149272927481807e-02 8.809900792526079551e-04 6.132701857280944968e-03 2.566294502136755584e-01
2.145208320363649335e-02 -1.056084595366387283e-02 8.738976575937026882e-04 6.134760574733257900e-03 2.568230720582982962e-01
2.146730845970552110e-02 -1.056017987200632766e-02 8.667747581518427981e-04 6.136818528216684415e-03 2.570171413802603277e-01
2.148256743131144592e-02 -1.055949434490176080e-02 8.596212217173184161e-04 6.138875674826716443e-03 2.572116599225267586e-01
2.149786024363271181e-02 -1.055878923117335895e-02 8.524368822511787245e-04 6.140931971470099324e-03 2.574066294313351322e-01
2.151318702401603875e-02 -1.055806438763533424e-02 8.452215726581524015e-04 6.142987380052387057e-03 2.576020516800195392e-01
2.152854789754182416e-02 -1.055731967138407584e-02 8.379751348864977224e-04 6.145041874390136209e-03 2.577979284215858868e-01
2.154394299223509612e-02 -1.055655493868726605e-02 8.306974033553028583e-04 6.147095428503716007e-03 2.579942614428922254e-01
2.155937243702388262e-02 -1.055577004418791799e-02 8.233882097615412374e-04 6.149148010661897694e-03 2.581910525347886898e-01
2.157483636190299023e-02 -1.055496484029752255e-02 8.160473842833101173e-04 6.151199590853390943e-03 2.583883034921060085e-01
2.159033489882490262e-02 -1.055413917844922646e-02 8.086747566640827391e-04 6.153250152324000501e-03 2.585860161281849923e-01
2.160586817893551254e-02 -1.055329291004999080e-02 8.012701608668753531e-04 6.155299691601268802e-03 2.587841922575955245e-01
2.162143633430905001e-02 -1.055242588520321698e-02 7.938334244002631700e-04 6.157348188543889690e-03 2.589828337161748650e-01
2.163703949692666675e-02 -1.055153795348251662e-02 7.863643719672660246e-04 6.159395618046950224e-03 2.591819423436154124e-01
2.165267779882697891e-02 -1.055062896411845287e-02 7.788628257455323467e-04 6.161441936696218126e-03 2.593815199836637664e-01
2.166835137317897619e-02 -1.054969876452077279e-02 7.713286052110269629e-04 6.163487095981582536e-03 2.595815684974434601e-01
2.168406035326704562e-02 -1.054874719971457195e-02 7.637615340143085298e-04 6.165531066900057679e-03 2.597820897541026075e-01
2.169980487382428685e-02 -1.054777411227370877e-02 7.561614391707729759e-04 6.167573818047028533e-03 2.599830856399037438e-01
2.171558506965132543e-02 -1.054677934380247872e-02 7.485281483027171525e-04 6.169615315838945964e-03 2.601845580449496098e-01
2.173140107630275666e-02 -1.054576273545325925e-02 7.408614851730796567e-04 6.171655516883481178e-03 2.603865088637596359e-01
2.174725303187447292e-02 -1.054472412698142722e-02 7.331612664887631001e-04 6.173694398922124904e-03 2.605889400165599112e-01
2.176314107463192191e-02 -1.054366335679803382e-02 7.254273098745110931e-04 6.175731942718251828e-03 2.607918534212819717e-01
2.177906534489902970e-02 -1.054258026162852718e-02 7.176594356060125727e-04 6.177768117184169634e-03 2.609952510177424023e-01
2.179502598301143179e-02 -1.054147467720127108e-02 7.098574613523602221e-04 6.179802901206699409e-03 2.611991347497598648e-01
2.181102312891988054e-02 -1.054034643946594879e-02 7.020211983532250594e-04 6.181836265603971557e-03 2.614035065663170565e-01
2.182705692455488844e-02 -1.053919538320737675e-02 6.941504478275489559e-04 6.183868176046282937e-03 2.616083684526734343e-01
2.184312750996106681e-02 -1.053802134366700789e-02 6.862450109259097403e-04 6.185898594443477519e-03 2.618137223736076158e-01
2.185923502712988284e-02 -1.053682415282399497e-02 6.783046945190222788e-04 6.187927479703452492e-03 2.620195703214316385e-01
2.187537961842328862e-02 -1.053560363924764716e-02 6.703293156909600255e-04 6.189954800941254408e-03 2.622259142940704946e-01
2.189156142836365046e-02 -1.053435962834390997e-02 6.623186894264010156e-04 6.191980520084182892e-03 2.624327563201522273e-01
2.190778059916649242e-02 -1.053309194593542858e-02 6.542726280655146486e-04 6.194004598319197488e-03 2.626400984017693840e-01
2.192403727687714660e-02 -1.053180041675684173e-02 6.461909374770225976e-04 6.196026993771774384e-03 2.628479425845017814e-01
2.194033160884745204e-02 -1.053048486395341717e-02 6.380734249014197819e-04 6.198047675392489263e-03 2.630562909193701060e-01
2.195666374303769514e-02 -1.052914510911795963e-02 6.299198977850881858e-04 6.200066610131854498e-03 2.632651454612078834e-01
2.197303382836562902e-02 -1.052778097264973726e-02 6.217301585740869383e-04 6.202083767764561724e-03 2.634745082735329702e-01
2.198944201525876788e-02 -1.052639227507570774e-02 6.135040013223136369e-04 6.204099120819521300e-03 2.636843814546411258e-01
2.200588845252942835e-02 -1.052497883701204728e-02 6.052412139610334214e-04 6.206112626479447919e-03 2.638947670918846411e-01
2.202237328986407158e-02 -1.052354047646087733e-02 5.969415782335800794e-04 6.208124241542749104e-03 2.641056672903763225e-01
2.203889667912095271e-02 -1.052207700925937052e-02 5.886048826987196232e-04 6.210133933575072776e-03 2.643170841817441552e-01
2.205545877112402922e-02 -1.052058825004058805e-02 5.802309248129781981e-04 6.212141677977668815e-03 2.645290198837774720e-01
2.207205971926123195e-02 -1.051907400976190808e-02 5.718195049586198347e-04 6.214147434042529942e-03 2.647414765531358460e-01
2.208869967564224684e-02 -1.051753409660394559e-02 5.633704232398807459e-04 6.216151152842105780e-03 2.649544563362568605e-01
2.210537879428683267e-02 -1.051596831674900777e-02 5.548834747727608664e-04 6.218152784532987414e-03 2.651679614016210773e-01
2.212209723158512636e-02 -1.051437647670164059e-02 5.463584538990785226e-04 6.220152282698822310e-03 2.653819939350845480e-01
2.213885514508875246e-02 -1.051275838244487663e-02 5.377951555707571061e-04 6.222149618506455857e-03 2.655965561291669941e-01
2.215565269267580698e-02 -1.051111383840449588e-02 5.291933653243832258e-04 6.224144754545341170e-03 2.658116501940541720e-01
2.217249003221357859e-02 -1.050944264732984329e-02 5.205528602604145251e-04 6.226137648722053150e-03 2.660272783459607937e-01
2.218936732287212291e-02 -1.050774461052608570e-02 5.118734129803324774e-04 6.228128248237707609e-03 2.662434428189637270e-01
2.220628472537805598e-02 -1.050601952894009324e-02 5.031547944004341206e-04 6.230116513469184658e-03 2.664601458696969627e-01
2.222324239958420322e-02 -1.050426720223994817e-02 4.943967708707597232e-04 6.232102410956334715e-03 2.666773897471659827e-01
2.224024050794832369e-02 -1.050248742611686534e-02 4.855991124989157519e-04 6.234085907965356867e-03 2.668951767386771312e-01
2.225727921212915586e-02 -1.050067999461948981e-02 4.767616027013991216e-04 6.236066968348699148e-03 2.671135091200380618e-01
2.227435867583741139e-02 -1.049884469879434207e-02 4.678840252735953450e-04 6.238045546255214895e-03 2.673323891921139395e-01
2.229147906456709419e-02 -1.049698132714184905e-02 4.589661614141454468e-04 6.240021598511084552e-03 2.675518192802120443e-01
2.230864054168926747e-02 -1.049508966779367190e-02 4.500077900904254739e-04 6.241995069808145558e-03 2.677718016900390574e-01
2.232584327431915566e-02 -1.049316950613763191e-02 4.410086913358804189e-04 6.243965904760658513e-03 2.679923387742156327e-01
2.234308742982995047e-02 -1.049122062779483423e-02 4.319686376299825816e-04 6.245934050918965086e-03 2.682134328949840052e-01
2.236037317617728393e-02 -1.048924281710950958e-02 4.228873941455428011e-04 6.247899464242826807e-03 2.684350864195788611e-01
2.237770068239457871e-02 -1.048723585595037061e-02 4.137647185725027744e-04 6.249862099463758536e-03 2.686573017201804858e-01
2.239507012055956189e-02 -1.048519952414892278e-02 4.046003565821005123e-04 6.251821897286462433e-03 2.688800812193511414e-01
2.241248166041568193e-02 -1.048313360194960166e-02 3.953940581244615995e-04 6.253778811419137378e-03 2.691034273134290111e-01
2.242993547489349065e-02 -1.048103786625733704e-02 3.861455756245217455e-04 6.255732807306619084e-03 2.693273424346370182e-01
2.244743173786501941e-02 -1.047891209200371709e-02 3.768546625087852795e-04 6.257683856780234428e-03 2.695518290191054600e-01
2.246497062570511002e-02 -1.047675605110964976e-02 3.675210766277887432e-04 6.259631929263537523e-03 2.697768895458386162e-01
2.248255231113943306e-02 -1.047456951293719227e-02 3.581445801884450492e-04 6.261576976945421730e-03 2.700025264585967921e-01
2.250017697020069429e-02 -1.047235224264344081e-02 3.487249398464488392e-04 6.263518938557878155e-03 2.702287422556642338e-01
2.251784477934742901e-02 -1.047010400532957103e-02 3.392619266306660681e-04 6.265457742520398783e-03 2.704555394420988801e-01
2.253555591542598727e-02 -1.046782456506771715e-02 3.297553002183367253e-04 6.267393316388121006e-03 2.706829205287006879e-01
2.255331055718269237e-02 -1.046551368460050570e-02 3.202048056814139855e-04 6.269325597832590795e-03 2.709108880508363515e-01
2.257110888523901002e-02 -1.046317112449696857e-02 3.106101813492218901e-04 6.271254541209604454e-03 2.711394445527759434e-01
2.258895108247304523e-02 -1.046079664282857126e-02 3.009711562348587385e-04 6.273180082523870278e-03 2.713685926106217949e-01
2.260683733215718832e-02 -1.045838999746353734e-02 2.912874587797819508e-04 6.275102167890292230e-03 2.715983348050739488e-01
2.262476781845236887e-02 -1.045595094526476955e-02 2.815588172119442233e-04 6.277020766943511645e-03 2.718286737225351635e-01
2.264274272630879478e-02 -1.045347923942993411e-02 2.717849558197514841e-04 6.278935844139954363e-03 2.720596119689348558e-01
2.266076224208752113e-02 -1.045097462845122338e-02 2.619656053246571152e-04 6.280847368729099330e-03 2.722911521792768519e-01
2.267882655280608131e-02 -1.044843685835845221e-02 2.521005059917847150e-04 6.282755298592023613e-03 2.725232970017584799e-01
2.269693584544782428e-02 -1.044586567188838036e-02 2.421894134322785056e-04 6.284659564265290474e-03 2.727560490986363773e-01
2.271509030659529110e-02 -1.044326081089426254e-02 2.322320857481446367e-04 6.286560082331109009e-03 2.729894111376600652e-01
2.273329012483418440e-02 -1.044062201649624891e-02 2.222282642264413052e-04 6.288456776249218109e-03 2.732233858098215840e-01
2.275153549060258615e-02 -1.043794902648576516e-02 2.121776729673762948e-04 6.290349551469804484e-03 2.734579758273404937e-01
2.276982659750442090e-02 -1.043524157807354871e-02 2.020800260846299969e-04 6.292238338173345574e-03 2.736931839261214638e-01
2.278816364043810550e-02 -1.043249940706217870e-02 1.919350358123283746e-04 6.294123093165181725e-03 2.739290128484938025e-01
2.280654681378619861e-02 -1.042972224719534817e-02 1.817424100318715567e-04 6.296003771274928142e-03 2.741654653420010912e-01
2.282497631547600325e-02 -1.042690982833401926e-02 1.715018465694913578e-04 6.297880324523104194e-03 2.744025442051246100e-01
2.284345234257913193e-02 -1.042406187861463600e-02 1.612130452845938675e-04 6.299752714064773933e-03 2.746402522198305163e-01
2.286197509412092946e-02 -1.042117812153791657e-02 1.508757120273621413e-04 6.301620893939613270e-03 2.748785922073909149e-01
2.288054476881290836e-02 -1.041825827805144093e-02 1.404895701003732302e-04 6.303484800697502916e-03 2.751175669959224912e-01
2.289916156639473788e-02 -1.041530206608999240e-02 1.300543491594002030e-04 6.305344380775817180e-03 2.753571794389549909e-01
2.291782568713938290e-02 -1.041230920167956521e-02 1.195697848422914105e-04 6.307199552198552821e-03 2.755974323987208097e-01
2.293653733341930248e-02 -1.040927939982476229e-02 1.090355986750125882e-04 6.309050214630765492e-03 2.758383287716004717e-01
2.295529670741135869e-02 -1.040621237391969704e-02 9.845149215887948340e-05 6.310896272295427392e-03 2.760798714455639513e-01
2.297410401585012890e-02 -1.040310783288005483e-02 8.781715547717734607e-05 6.312737638608433184e-03 2.763220633592258779e-01
2.299295946489473413e-02 -1.039996548555174524e-02 7.713227715072181227e-05 6.314574262396863667e-03 2.765649074378904171e-01
2.301186326381063005e-02 -1.039678503696449784e-02 6.639654459353422854e-05 6.316406105954570742e-03 2.768084066526941278e-01
2.303081562270182028e-02 -1.039356618898303573e-02 5.560963865116331476e-05 6.318233112788999850e-03 2.770525639759180980e-01
2.304981675332450769e-02 -1.039030864070871439e-02 4.477122698011151366e-05 6.320055212463167489e-03 2.772973824106025886e-01
2.306886686713628676e-02 -1.038701208962480339e-02 3.388099260599465286e-05 6.321872342506920477e-03 2.775428649665903635e-01
2.308796617944734383e-02 -1.038367622875532685e-02 2.293863132386274146e-05 6.323684437788453482e-03 2.777890147083912353e-01
2.310711490191159553e-02 -1.038030075016058325e-02 1.194384552230170177e-05 6.325491434683504395e-03 2.780358346618260756e-01
2.312631324983120337e-02 -1.037688533929853954e-02 8.963373236452771851e-07 6.327293264183889501e-03 2.782833279167800100e-01
2.314556143890110149e-02 -1.037342968175749593e-02 -1.020419631525291720e-05 6.329089836709467752e-03 2.785314975692459449e-01
2.316485968530364314e-02 -1.036993346196380186e-02 -2.135807513018635816e-05 6.330881050758469485e-03 2.787803467233640475e-01
2.318420820904918203e-02 -1.036639635746629262e-02 -3.256562870140188346e-05 6.332666799685002929e-03 2.790298785302361972e-01
2.320360722997179617e-02 -1.036281804380667464e-02 -4.382719260227831588e-05 6.334447010851169783e-03 2.792800961305971774e-01
2.322305697209291545e-02 -1.035919819495714073e-02 -5.514310392575368097e-05 6.336221620681043408e-03 2.795310027153688481e-01
2.324255766118371244e-02 -1.035553648345777407e-02 -6.651370884526363269e-05 6.337990557931759764e-03 2.797826014842543230e-01
2.326210952307232460e-02 -1.035183258059459502e-02 -7.793935867537683446e-05 6.339753744783602901e-03 2.800348956439953629e-01
2.328171278649370998e-02 -1.034808615222280667e-02 -8.942040498751911411e-05 6.341511102112911205e-03 2.802878884557132300e-01
2.330136767777819112e-02 -1.034429686107686541e-02 -1.009571837229891224e-04 6.343262559485514894e-03 2.805415831647179448e-01
2.332107442706133835e-02 -1.034046436603088155e-02 -1.125500299082391457e-04 6.345008064718853612e-03 2.807959830652843047e-01
2.334083326379282272e-02 -1.033658832097521761e-02 -1.241992680274276936e-04 6.346747570490365691e-03 2.810510914585135911e-01
2.336064441644181838e-02 -1.033266837561642136e-02 -1.359052260386624180e-04 6.348480979469538557e-03 2.813069116528314484e-01
2.338050812072326248e-02 -1.032870417580976710e-02 -1.476682492327449257e-04 6.350208159553979818e-03 2.815634470387609056e-01
2.340042460834664342e-02 -1.032469536884848306e-02 -1.594886921967220345e-04 6.351928997348954033e-03 2.818207009491191517e-01
2.342039411648757716e-02 -1.032064159723883150e-02 -1.713669184206518387e-04 6.353643380312401327e-03 2.820786767850246846e-01
2.344041688412713473e-02 -1.031654250245942275e-02 -1.833032925172617725e-04 6.355351209610793535e-03 2.823373779575526488e-01
2.346049315406251168e-02 -1.031239772206706158e-02 -1.952981873027968070e-04 6.357052414784431817e-03 2.825968079294266522e-01
2.348062316676216565e-02 -1.030820689439204685e-02 -2.073519814084763644e-04 6.358746915672901408e-03 2.828569701332531161e-01
2.350080716808525261e-02 -1.030396965138445642e-02 -2.194650648487049245e-04 6.360434632367157649e-03 2.831178680845161111e-01
2.352104540100588559e-02 -1.029968561948975576e-02 -2.316378062564470545e-04 6.362115515774696174e-03 2.833795052822125071e-01
2.354133811169012089e-02 -1.029535441717134743e-02 -2.438705699502352901e-04 6.363789510583937013e-03 2.836418852695082871e-01
2.356168554404001331e-02 -1.029097566020589077e-02 -2.561637062160181263e-04 6.365456535623320242e-03 2.839050115719932710e-01
2.358208794801912658e-02 -1.028654895890779818e-02 -2.685175797196870948e-04 6.367116475704669154e-03 2.841688878023945208e-01
2.360254557179118640e-02 -1.028207392623281362e-02 -2.809325740700640683e-04 6.368769178340278996e-03 2.844335175386730197e-01
2.362305866719457970e-02 -1.027755017208650118e-02 -2.934090724522889150e-04 6.370414507855395349e-03 2.846989044134858871e-01
2.364362748613173248e-02 -1.027297730183650629e-02 -3.059474590365573988e-04 6.372052343171874175e-03 2.849650520722729619e-01
2.366425228715041476e-02 -1.026835491721111125e-02 -3.185481342768622937e-04 6.373682585513801811e-03 2.852319642305857772e-01
2.368493332578174709e-02 -1.026368262074403397e-02 -3.312115015540819415e-04 6.375305142122678591e-03 2.854996445527232529e-01
2.370567086320245556e-02 -1.025896000894542526e-02 -3.439379762986784000e-04 6.376919934738794170e-03 2.857680967877949119e-01
2.372646516093630462e-02 -1.025418667264648385e-02 -3.567279735360070602e-04 6.378526901973068965e-03 2.860373246956149917e-01
2.374731648049253907e-02 -1.024936219603273142e-02 -3.695818952453862978e-04 6.380125965258955610e-03 2.863073320436947955e-01
2.376822508806252301e-02 -1.024448615601114207e-02 -3.825001414790631387e-04 6.381717036380477048e-03 2.865781226638367540e-01
2.378919124701326868e-02 -1.023955812785906812e-02 -3.954831089839159889e-04 6.383299989525638776e-03 2.868497003565120274e-01
2.381021522396705586e-02 -1.023457768289589773e-02 -4.085311981853463441e-04 6.384874704368351424e-03 2.871220689952520000e-01
2.383129728565913652e-02 -1.022954439029807525e-02 -4.216448267983278174e-04 6.386441039261919750e-03 2.873952324644838963e-01
2.385243770000010019e-02 -1.022445781874708505e-02 -4.348244075451965880e-04 6.387998866899920539e-03 2.876691946580238746e-01
2.387363673963044733e-02 -1.021931753117268256e-02 -4.480703612978385007e-04 6.389548066369063993e-03 2.879439595447074729e-01
2.389489467661886843e-02 -1.021412308666175620e-02 -4.613831079457357889e-04 6.391088512648263747e-03 2.882195310672495125e-01
2.391621178978543816e-02 -1.020887403896404179e-02 -4.747630926723395367e-04 6.392620089191022523e-03 2.884959132389395275e-01
2.393758835926688283e-02 -1.020356994054207045e-02 -4.882107767685079031e-04 6.394142699469389755e-03 2.887731100835614906e-01
2.395902466612429005e-02 -1.019821033970877942e-02 -5.017266075767418208e-04 6.395656233916971294e-03 2.890511256337259249e-01
2.398052099801567874e-02 -1.019279477273220096e-02 -5.153110311269801843e-04 6.397160590845331687e-03 2.893299640210888479e-01
2.400207763463839405e-02 -1.018732277361616284e-02 -5.289644789013415831e-04 6.398655668785603774e-03 2.896096293053430637e-01
2.402369486015393241e-02 -1.018179386889382469e-02 -5.426873884863894640e-04 6.400141359808153574e-03 2.898901256324807330e-01
2.404537295835970992e-02 -1.017620758491859061e-02 -5.564802029738634501e-04 6.401617555283550115e-03 2.901714571602212467e-01
2.406711221713509277e-02 -1.017056344224009402e-02 -5.703433732940610922e-04 6.403084124277200369e-03 2.904536281093415551e-01
2.408891292140656615e-02 -1.016486095960032580e-02 -5.842773445230689446e-04 6.404540924985641266e-03 2.907366426654468539e-01
2.411077536654884779e-02 -1.015909964984681654e-02 -5.982825657029520409e-04 6.405987791656498308e-03 2.910205051283227262e-01
2.413269984686698677e-02 -1.015327902619139744e-02 -6.123595096753198892e-04 6.407424557057788891e-03 2.913052197578369640e-01
2.415468666557821567e-02 -1.014739859182068465e-02 -6.265086832705882335e-04 6.408851045753908605e-03 2.915907909031443257e-01
2.417673612188091237e-02 -1.014145784995860652e-02 -6.407305879602350233e-04 6.410267125948780793e-03 2.918772228713176764e-01
2.419884852213710635e-02 -1.013545629434247156e-02 -6.550257012678871275e-04 6.411672697523185249e-03 2.921645200805345066e-01
2.422102416794741017e-02 -1.012939341411926361e-02 -6.693944927727550230e-04 6.413067681661853425e-03 2.924526869183022293e-01
2.424326336246513877e-02 -1.012326868781335092e-02 -6.838374415446904237e-04 6.414451999020035801e-03 2.927417278321338689e-01
2.426556640830974942e-02 -1.011708158933458460e-02 -6.983550255503416862e-04 6.415825563503554582e-03 2.930316472797147576e-01
2.428793361468330886e-02 -1.011083158840214713e-02 -7.129477299735588296e-04 6.417188232088558326e-03 2.933224498141196457e-01
2.431036528643340175e-02 -1.010451815697742568e-02 -7.276160381679992999e-04 6.418539836506454398e-03 2.936141399180884903e-01
2.433286173729681118e-02 -1.009814075848834702e-02 -7.423604501102091559e-04 6.419880145591484386e-03 2.939067221883253089e-01
2.435542328384278365e-02 -1.009169885429802953e-02 -7.571814842364473809e-04 6.421208951768141160e-03 2.942002012355864893e-01
2.437805024711230811e-02 -1.008519189845230070e-02 -7.720796698825831660e-04 6.422526055852445515e-03 2.944945816842781672e-01
2.440074295212856306e-02 -1.007861933563276163e-02 -7.870555466974368244e-04 6.423831279188170484e-03 2.947898682278613514e-01
2.442350171978415266e-02 -1.007198060999310411e-02 -8.021096379498467719e-04 6.425124514073372352e-03 2.950860655561349799e-01
2.444632687622859055e-02 -1.006527515745421833e-02 -8.172424554462157141e-04 6.426405693023263394e-03 2.953831784369254643e-01
2.446921874769342545e-02 -1.005850240598210599e-02 -8.324545174083212073e-04 6.427674767645579455e-03 2.956812116467454898e-01
2.449217765921834350e-02 -1.005166177789458548e-02 -8.477463390697348791e-04 6.428931639521752971e-03 2.959801699727104274e-01
2.451520393982701759e-02 -1.004475269084668422e-02 -8.631184482353613293e-04 6.430176147958698366e-03 2.962800582736946353e-01
2.453829791886408609e-02 -1.003777455906116819e-02 -8.785713982984597265e-04 6.431408069314626524e-03 2.965808814172595786e-01
2.456145993207517475e-02 -1.003072679085766257e-02 -8.941057435457934769e-04 6.432627179351745050e-03 2.968826443418232097e-01
2.458469031750612835e-02 -1.002360878780202309e-02 -9.097220383988632603e-04 6.433833216340950276e-03 2.971853520006695337e-01
2.460798941710797341e-02 -1.001641994109107522e-02 -9.254208402281139051e-04 6.435025949092166436e-03 2.974890093641003874e-01
2.463135757855078323e-02 -1.000915963394638161e-02 -9.412027141360813573e-04 6.436205203684820277e-03 2.977936215111719465e-01
2.465479514399936123e-02 -1.000182725210379577e-02 -9.570682284200709902e-04 6.437370843861005797e-03 2.980991934752023065e-01
2.467830246377053852e-02 -9.994422173879819599e-03 -9.730179493797326638e-04 6.438522790688703222e-03 2.984057303801728178e-01
2.470187988894905623e-02 -9.986943773327311771e-03 -9.890524392010206344e-04 6.439660960045293092e-03 2.987132373635562610e-01
2.472552777051848644e-02 -9.979391416788515809e-03 -1.005172273663233707e-03 6.440785236524432071e-03 2.990217196050948822e-01
2.474924646091105143e-02 -9.971764462889642563e-03 -1.021378040231487282e-03 6.441895449994365121e-03 2.993311823390311099e-01
2.477303631536482975e-02 -9.964062262870155423e-03 -1.037670349928419009e-03 6.442991385962014428e-03 2.996416308213832314e-01
2.479689769090574758e-02 -9.956284156530114532e-03 -1.054049805250714027e-03 6.444072775445161549e-03 2.999530703350264949e-01
2.482083094947806073e-02 -9.948429474265821013e-03 -1.070516993539800867e-03 6.445139324210767511e-03 3.002655062376302642e-01
2.484483645888891853e-02 -9.940497538210425407e-03 -1.087072507879371279e-03 6.446190786681870767e-03 3.005789439340749158e-01
2.486891458745226630e-02 -9.932487668855164223e-03 -1.103716944809577608e-03 6.447226985472124389e-03 3.008933888185068017e-01
2.489306570802028371e-02 -9.924399185193286468e-03 -1.120450921008999800e-03 6.448247766859619041e-03 3.012088463681238948e-01
2.491729019509574330e-02 -9.916231402012965629e-03 -1.137275070618184785e-03 6.449252983106540556e-03 3.015253221011566231e-01
2.494158842306709589e-02 -9.907983631579329181e-03 -1.154190031013599274e-03 6.450242519108032729e-03 3.018428215513702662e-01
2.496596077067627165e-02 -9.899655177171666487e-03 -1.171196444097221019e-03 6.451216253493495360e-03 3.021613503234827913e-01
2.499040761523714169e-02 -9.891245328147210691e-03 -1.188294944632859677e-03 6.452174003245460948e-03 3.024809140284859810e-01
2.501492934067048313e-02 -9.882753355535130180e-03 -1.205486184347488634e-03 6.453115507306156871e-03 3.028015183875285010e-01
2.503952633015617962e-02 -9.874178524292436671e-03 -1.222770816772519821e-03 6.454040486740145015e-03 3.031231691101803349e-01
2.506419897283948192e-02 -9.865520091296715866e-03 -1.240149470302399958e-03 6.454948640423016984e-03 3.034458719661207726e-01
2.508894766071666574e-02 -9.856777309885810315e-03 -1.257622767005127720e-03 6.455839700626559916e-03 3.037696327251577233e-01
2.511377279713278288e-02 -9.847949421949742446e-03 -1.275191364201343951e-03 6.456713482191372977e-03 3.040944573111002414e-01
2.513867477721180160e-02 -9.839035675571282391e-03 -1.292855957498558611e-03 6.457569813901734013e-03 3.044203515932805693e-01
2.516365399988174448e-02 -9.830035316635388903e-03 -1.310617258799165507e-03 6.458408496985854064e-03 3.047473215151278447e-01
2.518871087145907461e-02 -9.820947578130755085e-03 -1.328475977108669551e-03 6.459229375569079667e-03 3.050753731267114577e-01
2.521384579111240684e-02 -9.811771686227065137e-03 -1.346432801914177260e-03 6.460032261230653529e-03 3.054045123874182255e-01
2.523905917373020502e-02 -9.802506840315319825e-03 -1.364488424049877099e-03 6.460816924339322399e-03 3.057347454769742123e-01
2.526435142656204350e-02 -9.793152237690372006e-03 -1.382643528717295662e-03 6.461583076553369456e-03 3.060660784897244469e-01
2.528972296762087638e-02 -9.783707064880351953e-03 -1.400898814462577706e-03 6.462330442604068484e-03 3.063985176273293365e-01
2.531517421996484773e-02 -9.774170496916033055e-03 -1.419254969586253735e-03 6.463058740129043814e-03 3.067320691489334727e-01
2.534070560315503096e-02 -9.764541703064514439e-03 -1.437712676796980065e-03 6.463767730296303936e-03 3.070667392896928583e-01
2.536631754561336285e-02 -9.754819847438304936e-03 -1.456272669705877768e-03 6.464457209944434943e-03 3.074025344155921213e-01
2.539201047461539171e-02 -9.745004091943398894e-03 -1.474935733361485389e-03 6.465126944725219788e-03 3.077394609414592641e-01
2.541778481632367762e-02 -9.735093591310970892e-03 -1.493702652983959619e-03 6.465776649906038176e-03 3.080775253014618187e-01
2.544364099967552986e-02 -9.725087492541049927e-03 -1.512574190965757783e-03 6.466406063037526651e-03 3.084167339487793869e-01
2.546957946766213038e-02 -9.714984921666823883e-03 -1.531551096882465077e-03 6.467014934090339028e-03 3.087570934877952311e-01
2.549560066074740491e-02 -9.704784999798215725e-03 -1.550634096363061798e-03 6.467603014160344492e-03 3.090986104759532727e-01
2.552170502508989414e-02 -9.694486836942085503e-03 -1.569823943725259753e-03 6.468170051109530319e-03 3.094412915835849098e-01
2.554789300980173095e-02 -9.684089529871138177e-03 -1.589121397169059122e-03 6.468715785878113335e-03 3.097851435025530398e-01
2.557416507265733788e-02 -9.673592161857084981e-03 -1.608527211201793037e-03 6.469239997690400673e-03 3.101301730154328862e-01
2.560052166451325453e-02 -9.662993808016356878e-03 -1.628042149557769715e-03 6.469742439250207935e-03 3.104763869011690214e-01
2.562696324361552272e-02 -9.652293532262955222e-03 -1.647667037617846350e-03 6.470222790226107940e-03 3.108237920906111174e-01
2.565349026244430689e-02 -9.641490402059674572e-03 -1.667402730608396168e-03 6.470680658379430322e-03 3.111723954556919747e-01
2.568010318643423190e-02 -9.630583467731615444e-03 -1.687250078810871839e-03 6.471115675754556852e-03 3.115222040524161518e-01
2.570680247790929976e-02 -9.619571779614992726e-03 -1.707209900841299673e-03 6.471527506735843746e-03 3.118732248307731214e-01
2.573358861797105449e-02 -9.608454364976504528e-03 -1.727283019537936186e-03 6.471915951690675010e-03 3.122254649773951729e-01
2.576046207967436219e-02 -9.597230247513830609e-03 -1.747470235190558968e-03 6.472280829299553034e-03 3.125789315982283045e-01
2.578742334694015398e-02 -9.585898436684002141e-03 -1.767772355391824830e-03 6.472621902701897190e-03 3.129336319222079665e-01
2.581447290618989546e-02 -9.574457922246122979e-03 -1.788190219376340926e-03 6.472938910792676651e-03 3.132895732269194156e-01
2.584161125042029258e-02 -9.562907676045298566e-03 -1.808724665766546762e-03 6.473231546990257206e-03 3.136467629128182333e-01
2.586883886238721536e-02 -9.551246669367411540e-03 -1.829376541052352189e-03 6.473499430722877250e-03 3.140052083176494979e-01
2.589615623233715649e-02 -9.539473859251272267e-03 -1.850146748088968372e-03 6.473742085955198032e-03 3.143649169220923967e-01
2.592356385462047871e-02 -9.527588204223606805e-03 -1.871036212022386810e-03 6.473959052852684519e-03 3.147258962544582928e-01
2.595106222391972001e-02 -9.515588653699990143e-03 -1.892045852579909201e-03 6.474149974301499945e-03 3.150881538663156123e-01
2.597865185484858272e-02 -9.503474130339471457e-03 -1.913176596166753706e-03 6.474314625360527362e-03 3.154516975287813829e-01
2.600633325233079815e-02 -9.491243557859659410e-03 -1.934429327476191226e-03 6.474452866428187341e-03 3.158165348426412722e-01
2.603410693623780039e-02 -9.478895834272966017e-03 -1.955804916985738433e-03 6.474564460994645596e-03 3.161826736336697530e-01
2.606197342815300480e-02 -9.466429848531224614e-03 -1.977304261455182632e-03 6.474649044246969659e-03 3.165501217559039127e-01
2.608993325300994551e-02 -9.453844471027681579e-03 -1.998928277352522969e-03 6.474706227302028973e-03 3.169188871109031580e-01
2.611798694431428577e-02 -9.441138552684795460e-03 -2.020677885532056774e-03 6.474735547338801578e-03 3.172889777639171238e-01
2.614613502536256712e-02 -9.428310952655075128e-03 -2.042554027062129258e-03 6.474736549266521188e-03 3.176604016990945412e-01
2.617437802200733507e-02 -9.415360514696442806e-03 -2.064557684309403264e-03 6.474708802574756679e-03 3.180331670464314753e-01
2.620271646351751346e-02 -9.402286072732564046e-03 -2.086689883795116596e-03 6.474651904050195486e-03 3.184072819859123937e-01
2.623115089547198298e-02 -9.389086439557237443e-03 -2.108951635094152583e-03 6.474565622120129552e-03 3.187827548400909983e-01
2.625968185999989421e-02 -9.375760414991232694e-03 -2.131343930965656081e-03 6.474449680256544847e-03 3.191595938473015814e-01
2.628830992132136571e-02 -9.362306766456315876e-03 -2.153867757424538735e-03 6.474303734004803815e-03 3.195378075360024162e-01
2.631703563311890010e-02 -9.348724265701498226e-03 -2.176524062258199024e-03 6.474127350634638171e-03 3.199174043010459267e-01
2.634585956873494728e-02 -9.335011664968613856e-03 -2.199313841384376283e-03 6.473920050403788110e-03 3.202983927788409790e-01
2.637478229511009895e-02 -9.321167707816246581e-03 -2.222238086844659146e-03 6.473681423652189078e-03 3.206807815403501793e-01
2.640380438045502806e-02 -9.307191120029595019e-03 -2.245297828223175203e-03 6.473411054266421313e-03 3.210645793262191794e-01
2.643292638796562732e-02 -9.293080625611752077e-03 -2.268494108769181835e-03 6.473108518938268212e-03 3.214497948978702890e-01
2.646214888844174856e-02 -9.278834929188236463e-03 -2.291828021077218190e-03 6.472773475163614426e-03 3.218364371346499886e-01
2.649147245767934089e-02 -9.264452710300343993e-03 -2.315300683877913671e-03 6.472405497192221073e-03 3.222245149420467358e-01
2.652089768866284364e-02 -9.249932626548017234e-03 -2.338913186506692658e-03 6.472004108061505875e-03 3.226140373883396029e-01
2.655042517381600575e-02 -9.235273325700857350e-03 -2.362666612905408095e-03 6.471568784257332278e-03 3.230050135014611579e-01
2.658005552229557658e-02 -9.220473428891567957e-03 -2.386562040828723273e-03 6.471099060774503607e-03 3.233974525334479821e-01
2.660978934423038553e-02 -9.205531550424531778e-03 -2.410600537545389433e-03 6.470594548994242079e-03 3.237913637675650103e-01
2.663962724980661542e-02 -9.190446301416797456e-03 -2.434783187282559512e-03 6.470054873218767516e-03 3.241867565188945033e-01
2.666956984542306550e-02 -9.175216278352261307e-03 -2.459111102847741110e-03 6.469479662269693281e-03 3.245836401580976527e-01
2.669961774930751028e-02 -9.159840045691076613e-03 -2.483585420846823929e-03 6.468868484099369980e-03 3.249820243185741475e-01
2.672977157179736926e-02 -9.144316165651322076e-03 -2.508207303773338226e-03 6.468220820102384659e-03 3.253819185319712370e-01
2.676003193499377694e-02 -9.128643179180433165e-03 -2.532977949994795995e-03 6.467536082188144603e-03 3.257833324563997324e-01
2.679039947865643687e-02 -9.112819589938510670e-03 -2.557898574564516046e-03 6.466813582709901240e-03 3.261862759884650020e-01
2.682087482933579944e-02 -9.096843904796524452e-03 -2.582970354679991944e-03 6.466052752846825590e-03 3.265907587999610784e-01
2.685145865227438547e-02 -9.080714578642137824e-03 -2.608194496087614875e-03 6.465253196045230195e-03 3.269967910485701568e-01
2.688215158991135584e-02 -9.064430073154711512e-03 -2.633572170377551733e-03 6.464414559336036613e-03 3.274043826572254900e-01
2.691295429889163995e-02 -9.047988833375774503e-03 -2.659104568865181331e-03 6.463536476614732684e-03 3.278135437807521702e-01
2.694386745166017783e-02 -9.031389281067420116e-03 -2.684792927495991549e-03 6.462618499474751324e-03 3.282242847780141859e-01
2.697489169964856562e-02 -9.014629840377669928e-03 -2.710638435312174351e-03 6.461660074033735886e-03 3.286366157877874117e-01
2.700602771875202160e-02 -8.997708894884817385e-03 -2.736642375277281540e-03 6.460660485390568898e-03 3.290505473682844850e-01
2.703727617420168677e-02 -8.980624831317679177e-03 -2.762806049580391471e-03 6.459618977530169961e-03 3.294660899801870602e-01
2.706863774816356191e-02 -8.963376002154169533e-03 -2.789130759574161723e-03 6.458534928227327616e-03 3.298832542968339610e-01
2.710011312327177679e-02 -8.945960725481061707e-03 -2.815617817757603246e-03 6.457407797777071044e-03 3.303020509755613121e-01
2.713170299525455645e-02 -8.928377290364240826e-03 -2.842268532830001700e-03 6.456237154467575103e-03 3.307224908422535803e-01
2.716340806761755391e-02 -8.910623963041654563e-03 -2.869084203230069536e-03 6.455022550223579736e-03 3.311445848198147912e-01
2.719522905479523217e-02 -8.892698994507853769e-03 -2.896066129304064075e-03 6.453763484497293361e-03 3.315683439749801953e-01
2.722716667731649859e-02 -8.874600635849952401e-03 -2.923215663879806438e-03 6.452459366495863838e-03 3.319937794119208752e-01
2.725922165208132311e-02 -8.856327120384480805e-03 -2.950534146072971743e-03 6.451109521353067498e-03 3.324209022932257396e-01
2.729139470609373563e-02 -8.837876652538229766e-03 -2.978022968974400157e-03 6.449713213977727178e-03 3.328497241081398439e-01
2.732368654842831646e-02 -8.819247438192380495e-03 -3.005683531304089145e-03 6.448269724334066214e-03 3.332802561862681645e-01
2.735609790692232479e-02 -8.800437646013960571e-03 -3.033517253566264671e-03 6.446778441097050609e-03 3.337125100897536112e-01
2.738862952402918230e-02 -8.781445394369823826e-03 -3.061525573549860220e-03 6.445238711573173483e-03 3.341464975039363239e-01
2.742128215801137303e-02 -8.762268748374650584e-03 -3.089709905607325186e-03 6.443649873216993583e-03 3.345822302978256335e-01
2.745405656635393349e-02 -8.742905777454306263e-03 -3.118071638999964958e-03 6.442011320616951482e-03 3.350197202339033065e-01
2.748695352652052309e-02 -8.723354532005676495e-03 -3.146612230161195244e-03 6.440322424539598849e-03 3.354589793634407124e-01
2.751997381761825401e-02 -8.703613046788596236e-03 -3.175333188359746005e-03 6.438582565115704218e-03 3.359000198360799772e-01
2.755311821183126925e-02 -8.683679347885615851e-03 -3.204236022430291195e-03 6.436791160822214787e-03 3.363428538381526001e-01
2.758638748302923854e-02 -8.663551433991166159e-03 -3.233322259519581451e-03 6.434947481407671428e-03 3.367874938046094280e-01
2.761978239400100441e-02 -8.643227295108813976e-03 -3.262593427960939520e-03 6.433050769927028435e-03 3.372339521242116445e-01
2.765330374146697523e-02 -8.622704859019910892e-03 -3.292051064990961229e-03 6.431100076329360725e-03 3.376822415028132851e-01
2.768695233773815073e-02 -8.601982021652925317e-03 -3.321696693823823765e-03 6.429094475413659610e-03 3.381323746864674518e-01
2.772072900180212740e-02 -8.581056643500952277e-03 -3.351531817584562159e-03 6.427033213919279390e-03 3.385843644498071070e-01
2.775463455819968117e-02 -8.559926549732581325e-03 -3.381557986674946920e-03 6.424915657550132192e-03 3.390382237546495925e-01
2.778866984012769159e-02 -8.538589557207428710e-03 -3.411776835790701450e-03 6.422741293721445643e-03 3.394939657108098641e-01
2.782283568972642243e-02 -8.517043460815301031e-03 -3.442190057582467794e-03 6.420509511685737643e-03 3.399516036484905301e-01
2.785713293491154374e-02 -8.495286038644318111e-03 -3.472799367824696420e-03 6.418219662665779202e-03 3.404111509471821062e-01
2.789156240170372753e-02 -8.473315046673942849e-03 -3.503606431723790653e-03 6.415870847848132580e-03 3.408726210244777399e-01
2.792612493473243737e-02 -8.451128205556239156e-03 -3.534612894049494070e-03 6.413461774511333181e-03 3.413360275413789835e-01
2.796082140087543730e-02 -8.428723206065637588e-03 -3.565820384047072283e-03 6.410991287426759909e-03 3.418013842701642657e-01
2.799565269023706476e-02 -8.406097685413201417e-03 -3.597230520687398451e-03 6.408458517011241667e-03 3.422687052030215504e-01
2.803061968948415694e-02 -8.383249246998092721e-03 -3.628844953789488355e-03 6.405862905012589190e-03 3.427380043798522458e-01
2.806572328066895758e-02 -8.360175468762645959e-03 -3.660665435353636400e-03 6.403203916123288882e-03 3.432092958814297323e-01
2.810096436772146697e-02 -8.336873871401003291e-03 -3.692693854892378173e-03 6.400480913702943225e-03 3.436825942378083920e-01
2.813634383673977585e-02 -8.313341988287425988e-03 -3.724932071026684777e-03 6.397693010816938794e-03 3.441579138075483435e-01
2.817186259849895416e-02 -8.289577306905800483e-03 -3.757381956532461053e-03 6.394839098039365073e-03 3.446352692976067389e-01
2.820752156428579099e-02 -8.265577294736214248e-03 -3.790045329951099561e-03 6.391917879968852557e-03 3.451146754624450086e-01
2.824332166071779476e-02 -8.241339385358767769e-03 -3.822923953918009026e-03 6.388928022840816359e-03 3.455961472730205708e-01
2.827926382725992269e-02 -8.216860980400942163e-03 -3.856019525534670495e-03 6.385868663168698181e-03 3.460796997966668620e-01
2.831534902360206482e-02 -8.192139427963308212e-03 -3.889333849542042209e-03 6.382739165322077329e-03 3.465653483830802295e-01
2.835157819390995981e-02 -8.167172041739610353e-03 -3.922868830578274055e-03 6.379538929588143142e-03 3.470531083241770731e-01
2.838795230824867066e-02 -8.141956068939665281e-03 -3.956626487704337398e-03 6.376267048711699303e-03 3.475429953400271943e-01
2.842447233322186254e-02 -8.116488740293839946e-03 -3.990608851339649474e-03 6.372922314027440818e-03 3.480350250679281610e-01
2.846113925026257097e-02 -8.090767249394928765e-03 -4.024817994411669306e-03 6.369503364038087319e-03 3.485292134636985839e-01
2.849795404728603168e-02 -8.064788777415964754e-03 -4.059255903447404890e-03 6.366008942755583058e-03 3.490255765450190339e-01
2.853491772219176117e-02 -8.038550459592045186e-03 -4.093924518553194829e-03 6.362438043637653161e-03 3.495241305822515132e-01
2.857203127180419841e-02 -8.012049411077824812e-03 -4.128825697260868864e-03 6.358789774413823107e-03 3.500248919050896190e-01
2.860929572556173556e-02 -7.985282671326150716e-03 -4.163961429888588146e-03 6.355063188033649620e-03 3.505278773252357150e-01
2.864671209218048326e-02 -7.958247265624008790e-03 -4.199333762609781286e-03 6.351257268558990060e-03 3.510331033775087595e-01
2.868428142307170511e-02 -7.930940130916608322e-03 -4.234944877899550833e-03 6.347370782493073557e-03 3.515405871491500966e-01
2.872200478017028838e-02 -7.903358178999363159e-03 -4.270797001516299027e-03 6.343402268492111078e-03 3.520503457985749707e-01
2.875988321781444354e-02 -7.875498291014363522e-03 -4.306892305250832088e-03 6.339350317993074253e-03 3.525623965325111464e-01
2.879791780075064908e-02 -7.847357296314409758e-03 -4.343232966648334116e-03 6.335213853376350616e-03 3.530767569049554355e-01
2.883610959811894886e-02 -7.818932005614190328e-03 -4.379821119904423951e-03 6.330992053494612082e-03 3.535934445131129200e-01
2.887445969193220760e-02 -7.790219167158968228e-03 -4.416658915051433452e-03 6.326683957289418354e-03 3.541124773691105565e-01
2.891296917264198768e-02 -7.761215488022769893e-03 -4.453748506397048855e-03 6.322288145921737927e-03 3.546338735663136510e-01
2.895163914068566574e-02 -7.731917647602185896e-03 -4.491092115190433928e-03 6.317802987962113995e-03 3.551576512615311487e-01
2.899047072886794946e-02 -7.702322244752003548e-03 -4.528692111948358530e-03 6.313226859750420070e-03 3.556838290220241672e-01
2.902946507596813192e-02 -7.672425831405220789e-03 -4.566550881045692081e-03 6.308558321180363256e-03 3.562124254535270484e-01
2.906862334689952476e-02 -7.642224912867014164e-03 -4.604670767641092129e-03 6.303796325453240278e-03 3.567434595629255245e-01
2.910794668496189536e-02 -7.611715967620404609e-03 -4.643054049156824202e-03 6.298939896434735397e-03 3.572769504187479628e-01
2.914743622213178398e-02 -7.580895410128109246e-03 -4.681703128350637143e-03 6.293987899291377495e-03 3.578129171548398157e-01
2.918709314318613038e-02 -7.549759555371164492e-03 -4.720620473800055637e-03 6.288938845574732622e-03 3.583513795891531406e-01
2.922691861017729514e-02 -7.518304741311316111e-03 -4.759808484011181749e-03 6.283790972112247505e-03 3.588923572186244471e-01
2.926691382995807653e-02 -7.486527221058373628e-03 -4.799269630632869814e-03 6.278542218941883524e-03 3.594358701203980155e-01
2.930708001394432063e-02 -7.454423217881753390e-03 -4.839006425495537972e-03 6.273190894425223658e-03 3.599819384416612644e-01
2.934741840312362834e-02 -7.421988874469445663e-03 -4.879021367642350469e-03 6.267735817023464481e-03 3.605305826621487131e-01
2.938793023919729006e-02 -7.389220282135303131e-03 -4.919316999022455006e-03 6.262176080940219311e-03 3.610818233774312214e-01
2.942861677644014254e-02 -7.356113477770309488e-03 -4.959895859212792683e-03 6.256510492690976408e-03 3.616356816246644179e-01
2.946947924398197333e-02 -7.322664462675437455e-03 -5.000760490016308707e-03 6.250737188642335393e-03 3.621921783393300398e-01
2.951051891204176797e-02 -7.288869101990179226e-03 -5.041913673114344074e-03 6.244854162238306326e-03 3.627513350667072034e-01
2.955173704977305874e-02 -7.254723240202695655e-03 -5.083358133128087174e-03 6.238859263929071551e-03 3.633131733042591627e-01
2.959313495415102913e-02 -7.220222679644968007e-03 -5.125096614195782767e-03 6.232750696537810511e-03 3.638777149491005947e-01
2.963471393212398566e-02 -7.185363174727844339e-03 -5.167131842268805203e-03 6.226527030055842293e-03 3.644449820770439552e-01
2.967647532110224973e-02 -7.150140386654110780e-03 -5.209466481172340090e-03 6.220187012204462552e-03 3.650149971295441609e-01
2.971842045823935158e-02 -7.114549936816350582e-03 -5.252103256222706400e-03 6.213729088206104180e-03 3.655877826360906524e-01
2.976055071695909646e-02 -7.078587350929983757e-03 -5.295045008218326153e-03 6.207151401856616721e-03 3.661633617636013138e-01
2.980286743066526411e-02 -7.042248151212366497e-03 -5.338294577882895554e-03 6.200451623185141564e-03 3.667417573875740855e-01
2.984537198278120265e-02 -7.005527721467388544e-03 -5.381854878149330314e-03 6.193627510357885453e-03 3.673229931663488657e-01
2.988806575393050322e-02 -6.968421377264758312e-03 -5.425728905949291601e-03 6.186677223252133595e-03 3.679070928546051555e-01
2.993095012714111491e-02 -6.930924385634391373e-03 -5.469919715277198752e-03 6.179599193167444743e-03 3.684940803011396704e-01
2.997402652474664975e-02 -6.893031923292432077e-03 -5.514430320911369379e-03 6.172391825816553323e-03 3.690839797838489922e-01
3.001729639216635034e-02 -6.854739106927972003e-03 -5.559263664455027509e-03 6.165053111974004053e-03 3.696768158667668724e-01
3.006076119682510664e-02 -6.816040968816306465e-03 -5.604422764993367660e-03 6.157580701438639982e-03 3.702726136470118612e-01
3.010442240972776781e-02 -6.776932485509789758e-03 -5.649910727586706337e-03 6.149972014725950571e-03 3.708713983377079360e-01
3.014828149727698942e-02 -6.737408611189083137e-03 -5.695730666537631055e-03 6.142224876821532863e-03 3.714731952360680878e-01
3.019233993118986686e-02 -6.697464202318537119e-03 -5.741885700042813172e-03 6.134337513976462208e-03 3.720780301006447188e-01
3.023659921140225623e-02 -6.657093982558341325e-03 -5.788379043246089616e-03 6.126308171052832069e-03 3.726859290874113828e-01
3.028106087585785700e-02 -6.616292541543028483e-03 -5.835214024382182930e-03 6.118134627007101520e-03 3.732969187998055327e-01
3.032572647414965433e-02 -6.575054413749520203e-03 -5.882394017538836693e-03 6.109814537309170117e-03 3.739110259550272319e-01
3.037059754933494476e-02 -6.533374095041412886e-03 -5.929922370198816711e-03 6.101345165082347304e-03 3.745282773879956006e-01
3.041567569759474204e-02 -6.491245951710648311e-03 -5.977802436172027258e-03 6.092723508221362973e-03 3.751487007562167575e-01
3.046096249055942409e-02 -6.448664344596124857e-03 -6.026037571712418439e-03 6.083947317327260094e-03 3.757723236549942447e-01
3.050645952918527165e-02 -6.405623533290363304e-03 -6.074631228979554542e-03 6.075014769211591233e-03 3.763991743728849482e-01
3.055216842192591889e-02 -6.362117688187187391e-03 -6.123586819689471120e-03 6.065923856397352314e-03 3.770292813089221040e-01
3.059809080875830478e-02 -6.318140850058498285e-03 -6.172907764572056755e-03 6.056671887804391217e-03 3.776626730772035256e-01
3.064422838665323279e-02 -6.273686860867606907e-03 -6.222597718710037515e-03 6.047255893055354138e-03 3.782993793504058067e-01
3.069058280749584547e-02 -6.228749569484657786e-03 -6.272660449984635705e-03 6.037672622617758569e-03 3.789394292771843253e-01
3.073715577701853496e-02 -6.183322709219537042e-03 -6.323099696229957795e-03 6.027919274466229764e-03 3.795828527940730557e-01
3.078394898870626117e-02 -6.137399953167495432e-03 -6.373919137605164702e-03 6.017993534160707980e-03 3.802296801528081138e-01
3.083096417816645965e-02 -6.090974823674176475e-03 -6.425122488993235785e-03 6.007893059529066833e-03 3.808799426071294292e-01
3.087820303858916648e-02 -6.044040872946435279e-03 -6.476713394042376247e-03 5.997615121340886535e-03 3.815336705541759188e-01
3.092566737231327786e-02 -5.996591403541373828e-03 -6.528695572953244902e-03 5.987156587832636288e-03 3.821908958035725723e-01
3.097335899399903184e-02 -5.948619604506696912e-03 -6.581072867078319177e-03 5.976514167520871786e-03 3.828516503641890556e-01
3.102127970914290642e-02 -5.900118587084196564e-03 -6.633849352624597746e-03 5.965684229064268165e-03 3.835159663693650245e-01
3.106943133405290491e-02 -5.851081345228058977e-03 -6.687029200144582047e-03 5.954664035928687246e-03 3.841838764782272708e-01
3.111781571408391359e-02 -5.801500760194568118e-03 -6.740616532661013009e-03 5.943451196990493131e-03 3.848554139955815412e-01
3.116643469778583586e-02 -5.751369626240000928e-03 -6.794615379407458952e-03 5.932042725909550569e-03 3.855306126659615029e-01
3.121529012783264001e-02 -5.700680623111105752e-03 -6.849029702212803931e-03 5.920434824827417765e-03 3.862095062860508299e-01
3.126438394566642687e-02 -5.649426213496823446e-03 -6.903863546802382553e-03 5.908623758235902017e-03 3.868921297847948693e-01
3.131371804994632912e-02 -5.597598904001892944e-03 -6.959120967435671566e-03 5.896605784702262446e-03 3.875785172764372732e-01
3.136329447485423222e-02 -5.545190838437662369e-03 -7.014806401942810798e-03 5.884377646192505418e-03 3.882687052144636053e-01
3.141311513215958029e-02 -5.492194235552163434e-03 -7.070924318627901974e-03 5.871936208718214062e-03 3.889627288032933561e-01
3.146318200029619289e-02 -5.438601121722157032e-03 -7.127479196894473748e-03 5.859278395376250718e-03 3.896606244441520595e-01
3.151349712421829680e-02 -5.384403318544833152e-03 -7.184475673921352813e-03 5.846400455330800702e-03 3.903624296630592294e-01
3.156406246291102585e-02 -5.329592698437355010e-03 -7.241918044418325755e-03 5.833298121068837029e-03 3.910681809128022102e-01
3.161488014383229822e-02 -5.274160755739352134e-03 -7.299810645495774346e-03 5.819966976708473849e-03 3.917779170327237437e-01
3.166595221262219484e-02 -5.218099024577888684e-03 -7.358157935969050246e-03 5.806403220084406340e-03 3.924916757684596136e-01
3.171728079014175111e-02 -5.161398792438573295e-03 -7.416964618590898839e-03 5.792603541979737466e-03 3.932094961102219899e-01
3.176886804988591356e-02 -5.104051117844064442e-03 -7.476235555943622213e-03 5.778564458863331803e-03 3.939314181948551097e-01
3.182071604725315861e-02 -5.046047131402721722e-03 -7.535975616390611607e-03 5.764281317253663016e-03 3.946574810192911009e-01
3.187282698260824471e-02 -4.987377608324729435e-03 -7.596189845138895218e-03 5.749749264024072749e-03 3.953877258591960708e-01
3.192520306717956668e-02 -4.928033286887672539e-03 -7.656883099845548241e-03 5.734963459990445947e-03 3.961221937956826422e-01
3.197784653481101219e-02 -4.868004711649535736e-03 -7.718060018612559088e-03 5.719919497939864213e-03 3.968609268314478578e-01
3.203075958653434085e-02 -4.807282348266547940e-03 -7.779725374677581851e-03 5.704613748274808306e-03 3.976039666500179037e-01
3.208394455329563466e-02 -4.745856320818994320e-03 -7.841884353355563914e-03 5.689042383127299041e-03 3.983513566031968156e-01
3.213740373467562778e-02 -4.683716621748511277e-03 -7.904542182135803480e-03 5.673200914652501946e-03 3.991031399826344139e-01
3.219113944908023883e-02 -4.620853051312806721e-03 -7.967704382261586032e-03 5.657083628093037032e-03 3.998593612049861079e-01
3.224515402336403103e-02 -4.557255317981283305e-03 -8.031376333088343158e-03 5.640684399892178374e-03 4.006200648585749313e-01
3.229944984001135305e-02 -4.492912946767905341e-03 -8.095563299827569087e-03 5.623998067965894042e-03 4.013852964163063808e-01
3.235402928728974697e-02 -4.427815275584031166e-03 -8.160270360225140365e-03 5.607020349242114281e-03 4.021551020098811380e-01
3.240889480290730373e-02 -4.361951421661049155e-03 -8.225502707290237650e-03 5.589747014239507088e-03 4.029295286583260416e-01
3.246404884452534084e-02 -4.295310302938700267e-03 -8.291265864993683371e-03 5.572172804753947745e-03 4.037086233231376164e-01
3.251949397104599709e-02 -4.227880437717793267e-03 -8.357565694339342058e-03 5.554291961230663904e-03 4.044924349128903307e-01
3.257523265852364791e-02 -4.159650434221539780e-03 -8.424408127113466871e-03 5.536098004234229000e-03 4.052810114802172237e-01
3.263126748096938090e-02 -4.090608546603724006e-03 -8.491799147972725614e-03 5.517584637685715721e-03 4.060744032204152143e-01
3.268760095786946152e-02 -4.020742940937693105e-03 -8.559744390399094335e-03 5.498746571269839262e-03 4.068726600197785648e-01
3.274423569540253764e-02 -3.950041525924924760e-03 -8.628249451945456047e-03 5.479579006799968621e-03 4.076758330731599655e-01
3.280117428962005255e-02 -3.878491985973524583e-03 -8.697320029794224083e-03 5.460075968366333299e-03 4.084839739105655676e-01
3.285841950902540498e-02 -3.806081499995876086e-03 -8.766962290092756779e-03 5.440230519855300192e-03 4.092971364647667865e-01
3.291597401926577710e-02 -3.732797378790655030e-03 -8.837182344841817278e-03 5.420035802395146984e-03 4.101153727973146923e-01
3.297384058496391490e-02 -3.658626500450329506e-03 -8.907986744393201275e-03 5.399485071996132021e-03 4.109387376404390335e-01
3.303202193758835586e-02 -3.583555567666879202e-03 -8.979381854594896406e-03 5.378572157581260407e-03 4.117672861151174257e-01
3.309052082001823214e-02 -3.507571127051872621e-03 -9.051373767666719833e-03 5.357290996196831419e-03 4.126010735837984389e-01
3.314934011952255094e-02 -3.430659182698122221e-03 -9.123968944989343383e-03 5.335634576784304035e-03 4.134401582109235584e-01
3.320848260326189627e-02 -3.352805844362645275e-03 -9.197173714457515178e-03 5.313595241039230192e-03 4.142845962960761130e-01
3.326795123695445999e-02 -3.273996704950999422e-03 -9.270994642949441367e-03 5.291165043552075592e-03 4.151344469639648982e-01
3.332774898663620755e-02 -3.194217094508607167e-03 -9.345438455558099239e-03 5.268336856180569350e-03 4.159897696748733886e-01
3.338787875559477009e-02 -3.113452189461850782e-03 -9.420512004018959454e-03 5.245103799688365966e-03 4.168506242735794398e-01
3.344834363608655686e-02 -3.031686570678365257e-03 -9.496222176021423475e-03 5.221458766086470304e-03 4.177170737919345678e-01
3.350914653366505319e-02 -2.948904973646214889e-03 -9.572575724547222401e-03 5.197393470321655558e-03 4.185891790664729162e-01
3.357029052173077927e-02 -2.865091609955615262e-03 -9.649579813778114482e-03 5.172898320444261830e-03 4.194670038083493369e-01
3.363177871305705197e-02 -2.780230474927966166e-03 -9.727241514389542432e-03 5.147964684318972681e-03 4.203506122016574253e-01
3.369361429338683239e-02 -2.694305043201582206e-03 -9.805567958041756446e-03 5.122584614678846356e-03 4.212400703335484331e-01
3.375580040448637742e-02 -2.607298644218310722e-03 -9.884566194462497332e-03 5.096750418486223691e-03 4.221354437686342664e-01
3.381834033703918357e-02 -2.519193999604926043e-03 -9.964243636809295632e-03 5.070453768018561014e-03 4.230368013283848927e-01
3.388123726368006544e-02 -2.429973885557856414e-03 -1.004460766745506398e-02 5.043685312538672902e-03 4.239442105233446889e-01
3.394449454851771603e-02 -2.339620512798579795e-03 -1.012566630589393016e-02 5.016433787801245076e-03 4.248577420029123197e-01
3.400811546655342632e-02 -2.248115946603654151e-03 -1.020742731422360355e-02 4.988688963749166212e-03 4.257774662281830214e-01
3.407210335427977854e-02 -2.155441720203756569e-03 -1.028989830937122006e-02 4.960442209904021051e-03 4.267034553485941628e-01
3.413646162339729201e-02 -2.061578922632283182e-03 -1.037308667042284409e-02 4.931684452321093322e-03 4.276357826386869010e-01
3.420119376293007107e-02 -1.966508166102336804e-03 -1.045699998657202007e-02 4.902405880526631080e-03 4.285745230612047485e-01
3.426630325023591328e-02 -1.870209958303454883e-03 -1.054164625653028139e-02 4.872595494839199529e-03 4.295197519473248904e-01
3.433179369751415688e-02 -1.772664303859562479e-03 -1.062703400320936034e-02 4.842240797908439233e-03 4.304715469515952853e-01
3.439766858867737004e-02 -1.673851017747849919e-03 -1.071317179416618991e-02 4.811330208763003359e-03 4.314299855538096251e-01
3.446393154750651555e-02 -1.573749080474296869e-03 -1.080006832149854254e-02 4.779853429604502719e-03 4.323951489919428681e-01
3.453058622654379267e-02 -1.472337174377419617e-03 -1.088773159948035543e-02 4.747800060020540558e-03 4.333671179771394488e-01
3.459763636365809775e-02 -1.369593468648102642e-03 -1.097616976277544787e-02 4.715158086114989815e-03 4.343459752418410980e-01
3.466508565013264737e-02 -1.265496129892904227e-03 -1.106539099125484343e-02 4.681914944656261762e-03 4.353318030420815221e-01
3.473293806549530155e-02 -1.160022175089361332e-03 -1.115540428671051021e-02 4.648056400081818605e-03 4.363246895546307180e-01
3.480119728496549464e-02 -1.053148807858754346e-03 -1.124621855139546975e-02 4.613569926424893920e-03 4.373247200795400969e-01
3.486986709044493510e-02 -9.448525061611995823e-04 -1.133784317738222372e-02 4.578443386003515359e-03 4.383319829563191994e-01
3.493895154902238592e-02 -8.351087471096752196e-04 -1.143028762526721032e-02 4.542663473891237619e-03 4.393465704775368352e-01
3.500845453966414111e-02 -7.238933753080081714e-04 -1.152356049507097593e-02 4.506216365515383106e-03 4.403685712191997559e-01
3.507838033205184364e-02 -6.111808238874065534e-04 -1.161767104716779353e-02 4.469086772219871100e-03 4.413980817469345119e-01
3.514873283325339187e-02 -4.969457566328382451e-04 -1.171262787785892767e-02 4.431259668630858038e-03 4.424351950117341725e-01
3.521951605994167595e-02 -3.811619807301513106e-04 -1.180844026384577500e-02 4.392720969702058366e-03 4.434800077567554455e-01
3.529073426590857709e-02 -2.638022320058037756e-04 -1.190511834582087466e-02 4.353455910764446497e-03 4.445326213402129856e-01
3.536239144416647440e-02 -1.448398045534672921e-04 -1.200267220499186098e-02 4.313448169439629103e-03 4.455931321393288846e-01
3.543449221397696608e-02 -2.424615591555877187e-05 -1.210111229417903771e-02 4.272680843972223759e-03 4.466616457629028480e-01
3.550704083659842608e-02 9.800701795040140426e-05 -1.220044816795807369e-02 4.231136788073784107e-03 4.477382647692423889e-01
3.558004167021622255e-02 2.219491827847151918e-04 -1.230068934051651609e-02 4.188799861148066912e-03 4.488230965008002116e-01
3.565349897867857443e-02 3.476101444547689888e-04 -1.240184507933360901e-02 4.145653791572611289e-03 4.499162484415001884e-01
3.572741713771690475e-02 4.750203670669252923e-04 -1.250392557427760891e-02 4.101680380321492958e-03 4.510178303299549052e-01
3.580180072637560718e-02 6.042110158604998768e-04 -1.260694194444013545e-02 4.056859355072501248e-03 4.521279546477114941e-01
3.587665447489350040e-02 7.352141774829777350e-04 -1.271090546399668807e-02 4.011170172696650049e-03 4.532467367943975312e-01
3.595198298130741765e-02 8.680625153147911209e-04 -1.281582669833640845e-02 3.964594111086497744e-03 4.543742930461436846e-01
3.602779073331533605e-02 1.002789201946556507e-03 -1.292171556648529125e-02 3.917113635255904149e-03 4.555107407016514842e-01
3.610408265213223972e-02 1.139429169179801207e-03 -1.302858238253761132e-02 3.868708803273241542e-03 4.566562050935594752e-01
3.618086334149414607e-02 1.278016736749582440e-03 -1.313643759896209948e-02 3.819357449564014708e-03 4.578108067532578596e-01
3.625813769104367645e-02 1.418587599650335479e-03 -1.324529282129464740e-02 3.769035133574896376e-03 4.589746720071178343e-01
3.633591054789032243e-02 1.561178390790507898e-03 -1.335515986979551352e-02 3.717718038468099864e-03 4.601479295478860254e-01
3.641418695971963132e-02 1.705827115739984691e-03 -1.346605055431790779e-02 3.665385097032448219e-03 4.613307133837236118e-01
3.649297171783172367e-02 1.852571614631817786e-03 -1.357797546052724909e-02 3.612015711858377037e-03 4.625231540835244015e-01
3.657227001303661046e-02 2.001451322287180028e-03 -1.369094546693995496e-02 3.557585524532667128e-03 4.637253895644704027e-01
3.665208700466367209e-02 2.152506404990990174e-03 -1.380497179998014905e-02 3.502066775945153042e-03 4.649375597539357474e-01
3.673242768601160668e-02 2.305777719561856020e-03 -1.392006612649588325e-02 3.445431682753838810e-03 4.661598055501703364e-01
3.681329722706604829e-02 2.461307717653014957e-03 -1.403624101121222177e-02 3.387653861632973322e-03 4.673922739643914803e-01
3.689470075553464429e-02 2.619139210309125512e-03 -1.415350815600556651e-02 3.328708742595630921e-03 4.686351111238701850e-01
3.697664385973786078e-02 2.779316814540226926e-03 -1.427187938476779348e-02 3.268569472683622093e-03 4.698884708254664200e-01
3.705913202377847382e-02 2.941885817625484664e-03 -1.439136630113840160e-02 3.207205271098678961e-03 4.711525080096715112e-01
3.714217050446744911e-02 3.106892196605748162e-03 -1.451198058815209024e-02 3.144584431605678462e-03 4.724273786836282740e-01
3.722576454079702668e-02 3.274383336746324036e-03 -1.463373523337795426e-02 3.080676483227380059e-03 4.737132437723726719e-01
3.730991958716332879e-02 3.444407903363120443e-03 -1.475664287126745612e-02 3.015451164700845999e-03 4.750102682584472213e-01
3.739464145091358355e-02 3.617016239490455053e-03 -1.488071586724811803e-02 2.948876661519318938e-03 4.763186228532407807e-01
3.747993593313327793e-02 3.792259513494676548e-03 -1.500596644189021098e-02 2.880917316633830466e-03 4.776384796618396988e-01
3.756580854850082030e-02 3.970189701594981600e-03 -1.513240660381599823e-02 2.811537106655061756e-03 4.789700119263328726e-01
3.765226483214804964e-02 4.150860507359943261e-03 -1.526004929532571650e-02 2.740701282510841878e-03 4.803133998545643379e-01
3.773931041319256857e-02 4.334326871736908678e-03 -1.538890794579877291e-02 2.668374907390740937e-03 4.816688270659235660e-01
3.782695131525329324e-02 4.520645658565614587e-03 -1.551899506908392158e-02 2.594521010994860644e-03 4.830364837297526082e-01
3.791519351660411347e-02 4.709874876513979632e-03 -1.565032298868860444e-02 2.519096420406027881e-03 4.844165615217951304e-01
3.800404275601279580e-02 4.902073385275783346e-03 -1.578290371925474000e-02 2.442059293818622540e-03 4.858092534367436377e-01
3.809350507774313110e-02 5.097303158079677030e-03 -1.591675104123827303e-02 2.363368839210802218e-03 4.872147661742050606e-01
3.818358605661207467e-02 5.295625593684133957e-03 -1.605187825970284810e-02 2.282984561032894242e-03 4.886333009216631273e-01
3.827429184565390302e-02 5.497105138023191361e-03 -1.618829877123240460e-02 2.200863346044667698e-03 4.900650702268063985e-01
3.836562861399472196e-02 5.701807648116331145e-03 -1.632602456028123955e-02 2.116955493794487296e-03 4.915102883561175973e-01
3.845760263264250828e-02 5.909801305180466084e-03 -1.646506805060646630e-02 2.031211164728233438e-03 4.929691772053945709e-01
3.855021979556215450e-02 6.121155222615271355e-03 -1.660544222033971673e-02 1.943583044429608676e-03 4.944419613974909700e-01
3.864348626352958477e-02 6.335941055372323362e-03 -1.674716068005979372e-02 1.854023043920974062e-03 4.959288756415981547e-01
3.873740790794459599e-02 6.554230849838445574e-03 -1.689023662816297941e-02 1.762480276885983839e-03 4.974301522306244783e-01
3.883199139106208869e-02 6.776101024233731861e-03 -1.703468306260871173e-02 1.668897078986884440e-03 4.989460389306393795e-01
3.892724285626567027e-02 7.001628325531251452e-03 -1.718051227272558018e-02 1.573215842546000403e-03 5.004767802833579582e-01
3.902316852445707196e-02 7.230892566108915870e-03 -1.732773706089192969e-02 1.475379246233043474e-03 5.020226337203658185e-01
3.911977433814385618e-02 7.463974537682191261e-03 -1.747636978971175287e-02 1.375331033040876495e-03 5.035838583572092020e-01
3.921706651689514656e-02 7.700958110386877525e-03 -1.762642349742340325e-02 1.273009298159738078e-03 5.051607233830680554e-01
3.931505130519871022e-02 7.941928878951811516e-03 -1.777791024833725100e-02 1.168348028454973880e-03 5.067535002749070649e-01
3.941373550782952678e-02 8.186977592727674030e-03 -1.793084318019267862e-02 1.061278907687724380e-03 5.083624797890563540e-01
3.951312480773865043e-02 8.436193109106843169e-03 -1.808523356574359003e-02 9.517346871245038666e-04 5.099879407048328872e-01
3.961322548402103350e-02 8.689670045665601542e-03 -1.824109411016205939e-02 8.396463778953517200e-04 5.116301852258641203e-01
3.971404370526825101e-02 8.947504636359130542e-03 -1.839843702364619971e-02 7.249386909926766554e-04 5.132895186426428280e-01
3.981558543950649426e-02 9.209795134218297721e-03 -1.855727286532585230e-02 6.075362127115926892e-04 5.149662488748085742e-01
3.991785713339784936e-02 9.476644441924622977e-03 -1.871761325217809538e-02 4.873589922235944298e-04 5.166607005633403471e-01
4.002086457773720157e-02 9.748156577036789019e-03 -1.887946889317803842e-02 3.643261554224740389e-04 5.183731988437516591e-01
4.012461389833187064e-02 1.002444058304289946e-02 -1.904285181339810881e-02 2.383520532659894086e-04 5.201040881481507894e-01
4.022911096467650383e-02 1.030560747923655804e-02 -1.920777199887288567e-02 1.093483648736958704e-04 5.218537163391121503e-01
4.033436137023140716e-02 1.059177023857828075e-02 -1.937423885391606135e-02 -2.277354588670103618e-05 5.236224344583646495e-01
4.044037120955292636e-02 1.088304800102097604e-02 -1.954226237022521281e-02 -1.581094673049660720e-04 5.254106151093170807e-01
4.054714576999404740e-02 1.117956117878029891e-02 -1.971185150453439588e-02 -2.967581595190631541e-04 5.272186316326985533e-01
4.065469077639460860e-02 1.148143595882526041e-02 -1.988301607158698622e-02 -4.388245656354724188e-04 5.290468784159385596e-01
4.076301149555035946e-02 1.178880069461276693e-02 -2.005576393281727557e-02 -5.844117563807331786e-04 5.308957542010274144e-01
4.087211278801617526e-02 1.210178596581333588e-02 -2.023010125869732084e-02 -7.336248605264448011e-04 5.327656610840675322e-01
4.098200047169916344e-02 1.242053277979323841e-02 -2.040603616248922586e-02 -8.865819255997487575e-04 5.346570403274288896e-01
4.109267856705660360e-02 1.274517875168084367e-02 -2.058357438829941030e-02 -1.043403640539370715e-03 5.365703127210730283e-01
4.120415197258087830e-02 1.307587039682334834e-02 -2.076272258310506158e-02 -1.204215067598103997e-03 5.385059326587670059e-01
4.131642490320612537e-02 1.341275662003999988e-02 -2.094348406198796864e-02 -1.369137185207371880e-03 5.404643595038441939e-01
4.142950175250009054e-02 1.375599344415077627e-02 -2.112586304414614327e-02 -1.538303443223587802e-03 5.424460753449857897e-01
4.154338587331567884e-02 1.410573880218111455e-02 -2.130986206654263138e-02 -1.711854896930340613e-03 5.444515641201347345e-01
4.165808131791902402e-02 1.446216034223112359e-02 -2.149548512702204733e-02 -1.889943585855030335e-03 5.464813454115936553e-01
4.177359062442186077e-02 1.482542436572690907e-02 -2.168273104067540424e-02 -2.072710502484794402e-03 5.485359273184099438e-01
4.188991717835127693e-02 1.519570955908663284e-02 -2.187159971608015202e-02 -2.260311074194053336e-03 5.506158634956620501e-01
4.200706263333291168e-02 1.557319419249902914e-02 -2.206208853679941795e-02 -2.452906132932869063e-03 5.527216977738985682e-01
4.212502908226645887e-02 1.595806698195762971e-02 -2.225419612595932670e-02 -2.650675781245400743e-03 5.548540120699061440e-01
4.224381766646283926e-02 1.635051954634775956e-02 -2.244791709046474112e-02 -2.853791444470671693e-03 5.570133935920776880e-01
4.236342939107639455e-02 1.675075218804607941e-02 -2.264324509052307796e-02 -3.062434357525264765e-03 5.592004594030548503e-01
4.248386405746220479e-02 1.715896893478083621e-02 -2.284017152487183636e-02 -3.276793162041958477e-03 5.614158339791125440e-01
4.260512190925210690e-02 1.757538853188960262e-02 -2.303868878452934241e-02 -3.497080610907640948e-03 5.636601954617572741e-01
4.272720063955612324e-02 1.800022428008447514e-02 -2.323878344550324090e-02 -3.723498210753577783e-03 5.659341931327629416e-01
4.285009889533369920e-02 1.843370763551846828e-02 -2.344044208614035063e-02 -3.956261321909287400e-03 5.682385446530164863e-01
4.297381392362854824e-02 1.887607520912826589e-02 -2.364364932955897655e-02 -4.195599172289613508e-03 5.705739789220607427e-01
4.309834141585613954e-02 1.932756746166866546e-02 -2.384838497138641600e-02 -4.441755440252964648e-03 5.729412340456129238e-01
4.322367659247250415e-02 1.978843703912967766e-02 -2.405462892205164141e-02 -4.694976358337691995e-03 5.753410917451770024e-01
4.334981327340313439e-02 2.025894242256790628e-02 -2.426235706080055732e-02 -4.955515463140194345e-03 5.777743506890813396e-01
4.347674490553343069e-02 2.073935842395771903e-02 -2.447154254597291162e-02 -5.223648855697206675e-03 5.802418654724319502e-01
4.360446321149769044e-02 2.122996492463755797e-02 -2.468215590352737868e-02 -5.499669926155345556e-03 5.827445046136818796e-01
4.373295740914638630e-02 2.173104581853870301e-02 -2.489416181371801109e-02 -5.783867419429516120e-03 5.852831480491120786e-01
4.386221608150907975e-02 2.224290134334893157e-02 -2.510752401334577152e-02 -6.076547171059922155e-03 5.878587320092781843e-01
4.399222593795339142e-02 2.276584101588264783e-02 -2.532219953809232427e-02 -6.378040424370663361e-03 5.904722228767553815e-01
4.412297297974330373e-02 2.330019121423206399e-02 -2.553814535013599826e-02 -6.688700026714231202e-03 5.931246480891306794e-01
4.425443977374505372e-02 2.384628413743887856e-02 -2.575531043451041724e-02 -7.008874565339830512e-03 5.958170529835760121e-01
4.438660592616117118e-02 2.440445744248239193e-02 -2.597363973913364987e-02 -7.338924200455340836e-03 5.985504973122288686e-01
4.451945146063526759e-02 2.497507837575640988e-02 -2.619307381484857478e-02 -7.679267764352288965e-03 6.013261505202214252e-01
4.465295136134865561e-02 2.555850957771718321e-02 -2.641354729049890174e-02 -8.030316514776574682e-03 6.041451614469689479e-01
4.478707883486198610e-02 2.615514067911309595e-02 -2.663498922096515717e-02 -8.392488307015404450e-03 6.070087793973314438e-01
4.492180343048025187e-02 2.676536855324591901e-02 -2.685732128113990994e-02 -8.766241335777564744e-03 6.099182762255802581e-01
4.505709190663561431e-02 2.738960279237900863e-02 -2.708046048774731193e-02 -9.152061510182432288e-03 6.128749716965581351e-01
4.519290816248962978e-02 2.802828391824994936e-02 -2.730431521526562391e-02 -9.550457901599371593e-03 6.158803038949838271e-01
4.532921013159512541e-02 2.868185089622043299e-02 -2.752878831430560780e-02 -9.961938263015678724e-03 6.189357011129756891e-01
4.546595253193300851e-02 2.935076192829065220e-02 -2.775376975968742513e-02 -1.038707148347275261e-02 6.220426683917966715e-01
4.560308551502682134e-02 3.003549844842720931e-02 -2.797914755961316766e-02 -1.082644586555744914e-02 6.252027996488597195e-01
4.574055456038057799e-02 3.073657350457575585e-02 -2.820479794216342040e-02 -1.128067516262119124e-02 6.284178123971662089e-01
4.587829718552260960e-02 3.145448343110741202e-02 -2.843058551199618283e-02 -1.175039272900474906e-02 6.316893659002329464e-01
4.601624727580842789e-02 3.218977362605418557e-02 -2.865636755726843135e-02 -1.223629672154888381e-02 6.350193133147619129e-01
4.615433118601570267e-02 3.294300739911125431e-02 -2.888199026619802171e-02 -1.273911010444032932e-02 6.384095845097079724e-01
4.629246658539711012e-02 3.371475611858693738e-02 -2.910728695111818379e-02 -1.325956229696392125e-02 6.418621485745646948e-01
4.643056472208963170e-02 3.450562373971440694e-02 -2.933208134519226656e-02 -1.379847742721017345e-02 6.453791177149348357e-01
4.656852658036588627e-02 3.531622754494760652e-02 -2.955618387085145668e-02 -1.435667494216285450e-02 6.489626669717162288e-01
4.670624529029880623e-02 3.614724033458124181e-02 -2.977939267873971202e-02 -1.493505281278279494e-02 6.526152041610692178e-01
4.684360130200812544e-02 3.699932270943822460e-02 -3.000148724628651925e-02 -1.553453775373213851e-02 6.563391191300823602e-01
4.698046367335425438e-02 3.787318423215869923e-02 -3.022223872473662337e-02 -1.615610280914312955e-02 6.601370182994225067e-01
4.711668699183060860e-02 3.876951380621824345e-02 -3.044139836862151671e-02 -1.680074453661832209e-02 6.640114599822284358e-01
4.725211517466501587e-02 3.968912407103179774e-02 -3.065871818905980054e-02 -1.746958289411777027e-02 6.679655048401780260e-01
4.738657398689575390e-02 4.063276949515792075e-02 -3.087393145665945360e-02 -1.816375178897281645e-02 6.720020429259422334e-01
4.751987503793340256e-02 4.160125084897004638e-02 -3.108670974440212037e-02 -1.888447952702924232e-02 6.761242323329628157e-01
4.765181145259488049e-02 4.259545201979241663e-02 -3.129668001204743283e-02 -1.963317436535192209e-02 6.803356402200797515e-01
4.778214882831183230e-02 4.361615700182891464e-02 -3.150352656565598430e-02 -2.041117496481830926e-02 6.846394980605834402e-01
4.791062633020045508e-02 4.466440405026434607e-02 -3.170709952284902350e-02 -2.121987877966646785e-02 6.890399006789770242e-01
4.803697201830302993e-02 4.574115145362396551e-02 -3.190727249307680202e-02 -2.206059820364817889e-02 6.935406271774525733e-01
4.816091003929413167e-02 4.684734305408223831e-02 -3.210333026826232145e-02 -2.293529163149372885e-02 6.981459560145739651e-01
4.828210870674391059e-02 4.798372915779616776e-02 -3.229368659541610731e-02 -2.384651024720402246e-02 7.028605968233813117e-01
4.840010029952419857e-02 4.915104063635532261e-02 -3.247767148405228399e-02 -2.479552792694531341e-02 7.076892855797751736e-01
4.851439425625946739e-02 5.035099182828307179e-02 -3.265793674532657676e-02 -2.578175679590984787e-02 7.126372301480997651e-01
4.862475228209153788e-02 5.158642786449336992e-02 -3.283844626666868050e-02 -2.680746364243132701e-02 7.177090724275442257e-01
4.873103899272240858e-02 5.285971193148635699e-02 -3.301815247401063136e-02 -2.788255077414214869e-02 7.229090329765293088e-01
4.883269687598153913e-02 5.417095033151165390e-02 -3.319125071655298909e-02 -2.901624103443124769e-02 7.282427545148221215e-01
4.892874430433080679e-02 5.551886134668505141e-02 -3.335340857470897591e-02 -3.020616457993388973e-02 7.337192087219355230e-01
4.901814680083378672e-02 5.690246274551669092e-02 -3.350335774069501671e-02 -3.144255272750412500e-02 7.393478260123689250e-01
4.909995239470951733e-02 5.832209455936190889e-02 -3.364082434115511777e-02 -3.271900559433691541e-02 7.451379260246386860e-01
4.917327041941010890e-02 5.977906458532029205e-02 -3.376586988386318100e-02 -3.403506932489556297e-02 7.510977302339778561e-01
4.923721392870122199e-02 6.127575500199800018e-02 -3.387917271958108129e-02 -3.539700537089211785e-02 7.572351373176553491e-01
4.929093774716489934e-02 6.281569705995479480e-02 -3.398236555648412316e-02 -3.681981463442673963e-02 7.635569980899069575e-01
4.933378537226734001e-02 6.440365381135926270e-02 -3.407910268627942219e-02 -3.832502509701458948e-02 7.700709759649995156e-01
4.936488700522508738e-02 6.604072063523336311e-02 -3.417430476751784352e-02 -3.990486582278750943e-02 7.767875363726060023e-01
4.938211388370183225e-02 6.772539484009690303e-02 -3.426013939296329580e-02 -4.155247924231762063e-02 7.837217449547407844e-01
4.938381229796687255e-02 6.945845918936087438e-02 -3.433769071889704316e-02 -4.327498988405533570e-02 7.908859490405659720e-01
4.936809850419715540e-02 7.124114942437266562e-02 -3.440723152634526244e-02 -4.507643370098149416e-02 7.982954184346721105e-01
4.933296467994425366e-02 7.307425540754117210e-02 -3.446921176176945961e-02 -4.695814495025368851e-02 8.059642344929546232e-01
4.927610988064044795e-02 7.495874512190352223e-02 -3.452490465302694711e-02 -4.892286374244893959e-02 8.139089197693383237e-01
4.919493209359290797e-02 7.689530421211882016e-02 -3.457617508516460519e-02 -5.097337846939854755e-02 8.221473945258001015e-01
4.908643264363110603e-02 7.888450909193991945e-02 -3.462521972416394284e-02 -5.311238922837435705e-02 8.307001275369396698e-01
4.894736701605284512e-02 8.092626947776987434e-02 -3.467496440293207222e-02 -5.534155104612315662e-02 8.395872420593890606e-01
4.877397904754414426e-02 8.302035651643505099e-02 -3.472921899483280561e-02 -5.766198208868464348e-02 8.488320627266463525e-01
4.856203269194703243e-02 8.516599522053286409e-02 -3.479281222321303768e-02 -6.007384502342293792e-02 8.584599169612624481e-01
4.830682340162772287e-02 8.736160099224413167e-02 -3.487177804906108763e-02 -6.257528816283383644e-02 8.684972086221940391e-01
4.800259453685006006e-02 8.960557823294690305e-02 -3.497386883442323013e-02 -6.516440443511961611e-02 8.789779982083824050e-01
4.764346036605799500e-02 9.189421021966240333e-02 -3.510839543811092311e-02 -6.783496902617211499e-02 8.899313752549236067e-01
4.722230505242951126e-02 9.422330873259457396e-02 -3.528695301725014860e-02 -7.057902387475226136e-02 9.013944855977751303e-01
4.673119524242318190e-02 9.658696589729558191e-02 -3.552354689862468468e-02 -7.338443863011770429e-02 9.134063580449762743e-01
4.616113128222715939e-02 9.897744864674545839e-02 -3.583515335974372246e-02 -7.623373297388096048e-02 9.260091258388328805e-01
4.550145047227998479e-02 1.013851315522921598e-01 -3.624267704756212183e-02 -7.910407376099644339e-02 9.392529912421552218e-01
4.474073716518398719e-02 1.037970280774763998e-01 -3.677039251019797311e-02 -8.196392099709538803e-02 9.531860619264390655e-01
4.386590682797780749e-02 1.061969541539029283e-01 -3.744691737120326575e-02 -8.477198709303923607e-02 9.678622175697880747e-01
4.286233797482746216e-02 1.085646816911916418e-01 -3.830559720655459660e-02 -8.747408979876283852e-02 9.833382844597381434e-01
4.171207522265654027e-02 1.108751825885007508e-01 -3.938723242957908877e-02 -9.000031437836025772e-02 9.996867530553726899e-01
4.039861926793443525e-02 1.130972206972273852e-01 -4.073280364705229861e-02 -9.226377648675294918e-02 1.016957744217853676e+00
3.889932321822102412e-02 1.151923469809959799e-01 -4.239452735368932912e-02 -9.415023233163380412e-02 1.035235332942444408e+00
3.719315252009633421e-02 1.171142342174360668e-01 -4.442316381324504931e-02 -9.552054660603581659e-02 1.054579146335200113e+00
3.525348699305384803e-02 1.188052285782361800e-01 -4.687873670718347568e-02 -9.619523047992785403e-02 1.075073776472185383e+00
3.305891498775602455e-02 1.202002481452729421e-01 -4.980899740954396193e-02 -9.597094876496270466e-02 1.096758912363032357e+00
3.058077102591415936e-02 1.212183704972401715e-01 -5.326754837151537886e-02 -9.458439773393220729e-02 1.119707709141875007e+00
2.779714751929981964e-02 1.217708964141655387e-01 -5.728486690874781684e-02 -9.174440542662361253e-02 1.143942534113683518e+00
2.468565750196995839e-02 1.217548085141233749e-01 -6.187350235104047830e-02 -8.710684029526236105e-02 1.169480083236538848e+00
2.123418529139730129e-02 1.210644650872407663e-01 -6.700159337700010986e-02 -8.031360916671147210e-02 1.196274677455623658e+00
1.742918184799823952e-02 1.195748160709314140e-01 -7.259916024607054874e-02 -7.093460213861803310e-02 1.224279766505973477e+00
1.329079170592057865e-02 1.171984946408828748e-01 -7.849840046551850858e-02 -5.867113546399691654e-02 1.253277284786025403e+00
8.839208735802234554e-03 1.138373750275561425e-01 -8.446704829698063743e-02 -4.318352291411851895e-02 1.283044776360309225e+00
4.124264702380504334e-03 1.094394093559754449e-01 -9.016134751296372984e-02 -2.429336476632917852e-02 1.313211673924684630e+00
-7.649486986063035523e-04 1.040434974845281663e-01 -9.514671046569611601e-02 -2.137798530925071917e-03 1.343227334517203886e+00
-5.708429860204064336e-03 9.779343343210812611e-02 -9.897026066241218500e-02 2.279109460038162421e-02 1.372413921613306442e+00
-1.057163848839386654e-02 9.090542810057548884e-02 -1.011759495167612599e-01 4.977942234989646275e-02 1.400020837750351355e+00
-1.518778552811946014e-02 8.374919461259935916e-02 -1.014730406074916685e-01 7.763117792051928145e-02 1.425195357664497564e+00
-1.938174735568546150e-02 7.680409637740914786e-02 -9.989675827155153343e-02 1.048364762789761456e-01 1.447133453330222919e+00
-2.298171449125384347e-02 7.058940021059299796e-02 -9.679305203200277985e-02 1.298690001092986379e-01 1.465107622374550944e+00
-2.589859626030285508e-02 6.548760905638482954e-02 -9.306054772078310722e-02 1.515021360086625524e-01 1.479044181939846325e+00
-2.803521022237378396e-02 6.180688091790433741e-02 -8.943667466568350211e-02 1.689404860359939309e-01 1.488729010460338564e+00
-2.944924339559724241e-02 5.947482115170499989e-02 -8.658613913029915288e-02 1.821837849865533543e-01 1.494819924404330314e+00
-3.025051581722409955e-02 5.825136986278169060e-02 -8.468968280684001371e-02 1.916342095497621800e-01 1.498068467072758647e+00
-3.054967533746271585e-02 5.784187002064945793e-02 -8.361102277905838043e-02 1.975645354585903180e-01 1.499183303362441766e+00
-3.069670725869317468e-02 5.765488258377966801e-02 -8.296899038888976008e-02 2.012043592870769171e-01 1.499701632346150948e+00
-3.076427923743568424e-02 5.756894810775877586e-02 -8.267392929836388238e-02 2.028771259645871516e-01 1.499939842625767072e+00
-3.074014247821816453e-02 5.760221659655016813e-02 -8.261043765876452394e-02 2.031774394622104241e-01 1.499870423705337741e+00
-3.062684958268876642e-02 5.775837191927192527e-02 -8.231242119237254518e-02 2.045870481592862722e-01 1.499544585823411769e+00
-3.042080116665348694e-02 5.804237522549807182e-02 -8.177041173480210923e-02 2.071507361814197978e-01 1.498951976912311412e+00
-2.968427166929285196e-02 5.906004357326335302e-02 -8.072748849539643223e-02 2.104044197062205079e-01 1.496677923168009183e+00
-2.804730988400654448e-02 6.136655793690704713e-02 -7.883486716005873307e-02 2.137983107927001192e-01 1.491313763894304367e+00
-2.470418673691511524e-02 6.624236872969858914e-02 -7.507120252571686247e-02 2.157865508279459277e-01 1.479369987659752361e+00
-1.883611278537312625e-02 7.509534415544931452e-02 -6.777790966817423546e-02 2.141161660226801322e-01 1.456366502218877645e+00
-9.680341347835678956e-03 8.932341509380366251e-02 -5.419790492101207030e-02 2.061538723064834933e-01 1.416496305735457151e+00
3.096821048203775642e-03 1.096384299919990896e-01 -3.032349861312585992e-02 1.898332323753041395e-01 1.353364390836879316e+00
1.862799639063284982e-02 1.345906289936755484e-01 7.760261200866323643e-03 1.658194663800236501e-01 1.263276246022924765e+00
3.497831618737118342e-02 1.606027089462395141e-01 6.131956376594076968e-02 1.376003561389821661e-01 1.147120042657747474e+00
4.948016546342828836e-02 1.825028861354635046e-01 1.272297247575354118e-01 1.102325816434871764e-01 1.010092329504493902e+00
5.984498728854351079e-02 1.957133756847196371e-01 1.963431910817494130e-01 8.783454040714142042e-02 8.618476560893690852e-01
6.484428524895627377e-02 1.977632554259031450e-01 2.566074605713435375e-01 7.181880563369126558e-02 7.132152025277105345e-01
6.460452537827125752e-02 1.890153878343662774e-01 2.979355481871862610e-01 6.093862785433907386e-02 5.734598808489176358e-01
6.019549118040810887e-02 1.718625619494926760e-01 3.153021909205392936e-01 5.286876141868449702e-02 4.491375904308911871e-01
5.314965386726443197e-02 1.496739966927221333e-01 3.099211465842132696e-01 4.564897726152933322e-02 3.432782183717072444e-01
4.490699762170444892e-02 1.256293672668155614e-01 2.866659431306975425e-01 3.841177619388114889e-02 2.569354052809298405e-01
3.659830720373660057e-02 1.021683287943958157e-01 2.526090746999887227e-01 3.117494694834991795e-02 1.883225900704119937e-01
2.894370142798412607e-02 8.085838258905750364e-02 2.138504168573719944e-01 2.437090195966603451e-02 1.354686229665980346e-01
2.231629571205164669e-02 6.248719370059092199e-02 1.751367201522629757e-01 1.842073334437383664e-02 9.574303632222187777e-02
1.682461321133214838e-02 4.724893983137915671e-02 1.394406358814316294e-01 1.353755535355275104e-02 6.648070922957616258e-02
1.243761875875657071e-02 3.503060338304504057e-02 1.083510322336889570e-01 9.743894031015967044e-03 4.541380266525358450e-02
9.026229257315599580e-03 2.548399378274178104e-02 8.235757981179853138e-02 6.910473472967562127e-03 3.050887600037503408e-02
6.441388555345614261e-03 1.821547089564481622e-02 6.136746408906729872e-02 4.860545928060616173e-03 2.018134043233496544e-02
4.523743883220980068e-03 1.280058996347412451e-02 4.488381533563724768e-02 3.405840619574588939e-03 1.314923335388902895e-02
3.126341437382900660e-03 8.842458644329037262e-03 3.223552311777702628e-02 2.382924997702620847e-03 8.434084949664485617e-03
2.128527761755128443e-03 6.010903467375246743e-03 2.276063599872507962e-02 1.668008234093147114e-03 5.333062359645150859e-03
1.427124100800057855e-03 4.019490985761812150e-03 1.579803902652036907e-02 1.166967443930235328e-03 3.322389464979647478e-03
9.429482231645530113e-04 2.646005146426962888e-03 1.078718876416748934e-02 8.151127844084008617e-04 2.041309178296618187e-03
6.140283791706275911e-04 1.714968807603984863e-03 7.247402672959227417e-03 5.670967293065036496e-04 1.237182144977714594e-03
3.938362379028765995e-04 1.093815721373031123e-03 4.789121090452471384e-03 3.918078514441395701e-04 7.391770640067414633e-04
2.465137703238169831e+00 1.567961773819486426e+00 6.686670978885550509e-01 1.783553662075809398e-01 nan
8.862096309874359923e-01 3.572813540785990671e-01 1.521992167267748400e-02 1.993474750383882922e-03 nan
