2.236067933349051434e-02 4.875868957235625356e-02 3.406825543994074917e-02 -1.936822064856222672e-02 9.588210190267402316e-03
2.236067933349561790e-02 -1.067572299814026522e-02 -1.280529456539259738e-02 1.132827999272729112e-02 9.588210190267402316e-03
2.236067933349018128e-02 -1.652274174551949463e-04 -9.367533948177751745e-04 7.941392599301515341e-04 9.588210190267402316e-03
2.236067933349018128e-02 -1.652274174620974381e-04 -9.367533948324425867e-04 7.941392599101700133e-04 9.588210190267402316e-03
2.236067933349018128e-02 -1.652274174616599083e-04 -9.367533948309637350e-04 7.941392599098538599e-04 9.588210190267402316e-03
2.236067933349018128e-02 -1.652274174640704692e-04 -9.367533948283314005e-04 7.941392599129487150e-04 9.588210190267402316e-03
2.236067933349018128e-02 -1.652274174609938016e-04 -9.367533948212105775e-04 7.941392599080076805e-04 9.588210190267402316e-03
2.236067933349018128e-02 -1.652274174608864656e-04 -9.367533948325617406e-04 7.941392599071885657e-04 9.588210190267402316e-03
2.236067933349018128e-02 -1.652274174620902824e-04 -9.367533948316050406e-04 7.941392599098386811e-04 9.588210190267402316e-03
2.236067933349018128e-02 -1.652274174621368489e-04 -9.367533948332077082e-04 7.941392599109072708e-04 9.588210190267402316e-03
2.236067933349018128e-02 -1.652274174617886845e-04 -9.367533948278133687e-04 7.941392599072128518e-04 9.588210190267402316e-03
2.236067933349018128e-02 -1.652274174619083533e-04 -9.367533948294917137e-04 7.941392599078733478e-04 9.588210190267402316e-03
2.236067933349018128e-02 -1.652274174617546134e-04 -9.367533948264486834e-04 7.941392599062956168e-04 9.588210190267402316e-03
2.236067933349018128e-02 -1.652274174618823866e-04 -9.367533948288800068e-04 7.941392599072113340e-04 9.588210190267402316e-03
2.236067933349018128e-02 -1.652274174619534832e-04 -9.367533948324613434e-04 7.941392599117153266e-04 9.588210190267402316e-03
2.236067933349018128e-02 -1.652274174619452975e-04 -9.367533948318638396e-04 7.941392599107074523e-04 9.588210190267402316e-03
2.236067933349018128e-02 -1.652274174619453517e-04 -9.367533948318763079e-04 7.941392599107888759e-04 9.588210190267402316e-03
2.236067933349018128e-02 -1.652274174619449722e-04 -9.367533948318149421e-04 7.941392599106097657e-04 9.588210190267402316e-03
2.236067933349018128e-02 -1.652274174619447554e-04 -9.367533948317636593e-04 7.941392599103382815e-04 9.588210190267402316e-03
2.236067933349018128e-02 -1.652274174619447283e-04 -9.367533948317682130e-04 7.941392599103672297e-04 9.588210190267402316e-03
2.236067933349018128e-02 -1.652274174619447554e-04 -9.367533948317736340e-04 7.941392599104180787e-04 9.588210190267402316e-03
2.236067933349018128e-02 -1.652274174619447554e-04 -9.367533948317730919e-04 7.941392599104081041e-04 9.588210190267402316e-03
2.236067933349018128e-02 -1.652274174619447554e-04 -9.367533948317733087e-04 7.941392599104194882e-04 9.588210190267402316e-03
2.236067933349018128e-02 -1.652274174619447554e-04 -9.367533948317730919e-04 7.941392599104052851e-04 9.588210190267402316e-03
2.236067933349018128e-02 -1.652274174619447554e-04 -9.367533948317730919e-04 7.941392599104084293e-04 9.588210190267402316e-03
2.236067933349018128e-02 -1.652274174619447554e-04 -9.367533948317730919e-04 7.941392599104085378e-04 9.588210190267402316e-03
2.236067933349018128e-02 -1.652274174619447554e-04 -9.367533948317730919e-04 7.941392599104078872e-04 9.588210190267402316e-03
2.236067933349018128e-02 -1.652274174619447554e-04 -9.367533948317730919e-04 7.941392599104085378e-04 9.588210190267402316e-03
2.236067933349018128e-02 -1.652274174619447554e-04 -9.367533948317730919e-04 7.941392599104085378e-04 9.588210190267402316e-03
2.236067933349018128e-02 -1.652274174619447554e-04 -9.367533948317730919e-04 7.941392599104085378e-04 9.588210190267402316e-03
2.236067933349018128e-02 -1.652274174619447554e-04 -9.367533948317730919e-04 7.941392599104085378e-04 9.588210190267402316e-03
2.236067933349018128e-02 -1.652274174619447554e-04 -9.367533948317730919e-04 7.941392599104085378e-04 9.588210190267402316e-03
2.236067933349018128e-02 -1.652274174619447554e-04 -9.367533948317730919e-04 7.941392599104085378e-04 9.588210190267402316e-03
2.236067933349018128e-02 -1.652274174619447554e-04 -9.367533948317730919e-04 7.941392599104085378e-04 9.588210190267402316e-03
2.236067933349018128e-02 -1.652274174619447554e-04 -9.367533948317730919e-04 7.941392599104085378e-04 9.588210190267402316e-03
2.236067933349018128e-02 -1.652274174619447554e-04 -9.367533948317730919e-04 7.941392599104085378e-04 9.588210190267402316e-03
2.236067933349018128e-02 -1.652274174619447554e-04 -9.367533948317730919e-04 7.941392599104085378e-04 9.588210190267402316e-03
2.236067933349018128e-02 -1.652274174619447554e-04 -9.367533948317730919e-04 7.941392599104085378e-04 9.588210190267402316e-03
2.236067933349018128e-02 -1.652274174619447554e-04 -9.367533948317730919e-04 7.941392599104085378e-04 9.588210190267402316e-03
2.236067933349018128e-02 -1.652274174619447554e-04 -9.367533948317730919e-04 7.941392599104085378e-04 9.588210190267402316e-03
2.236067933349018128e-02 -1.652274174619447554e-04 -9.367533948317730919e-04 7.941392599104085378e-04 9.588210190267402316e-03
2.236067933349018128e-02 -1.652274174619447554e-04 -9.367533948317730919e-04 7.941392599104085378e-04 9.588210190267402316e-03
2.236067933349018128e-02 -1.652274174619447554e-04 -9.367533948317730919e-04 7.941392599104085378e-04 9.588210190267402316e-03
2.236067933349018128e-02 -1.652274174619447554e-04 -9.367533948317730919e-04 7.941392599104085378e-04 9.588210190267402316e-03
2.236067933349018128e-02 -1.652274174619447554e-04 -9.367533948317730919e-04 7.941392599104085378e-04 9.588210190267402316e-03
2.236067933349018128e-02 -1.652274174619447554e-04 -9.367533948317730919e-04 7.941392599104085378e-04 9.588210190267402316e-03
2.236067933349018128e-02 -1.652274174619447554e-04 -9.367533948317730919e-04 7.941392599104085378e-04 9.588210190267402316e-03
2.236067933349018128e-02 -1.652274174619447554e-04 -9.367533948317730919e-04 7.941392599104085378e-04 9.588210190267402316e-03
2.236067933349018128e-02 -1.652274174619447554e-04 -9.367533948317730919e-04 7.941392599104085378e-04 9.588210190267402316e-03
2.236067933349018128e-02 -1.652274174619447554e-04 -9.367533948317730919e-04 7.941392599104085378e-04 9.588210190267402316e-03
2.236067933349018128e-02 -1.652274174619447554e-04 -9.367533948317730919e-04 7.941392599104085378e-04 9.588210190267402316e-03
2.236067933349018128e-02 -1.652274174619447554e-04 -9.367533948317730919e-04 7.941392599104085378e-04 9.588210190267402316e-03
2.236067933349018128e-02 -1.652274174619447554e-04 -9.367533948317730919e-04 7.941392599104085378e-04 9.588210190267402316e-03
2.236067933349018128e-02 -1.652274174619447554e-04 -9.367533948317730919e-04 7.941392599104085378e-04 9.588210190267402316e-03
2.236067933349018128e-02 -1.652274174619447554e-04 -9.367533948317730919e-04 7.941392599104085378e-04 9.588210190267402316e-03
2.236067933349018128e-02 -1.652274174619447554e-04 -9.367533948317730919e-04 7.941392599104085378e-04 9.588210190267402316e-03
2.236067933349018128e-02 -1.652274174619447554e-04 -9.367533948317730919e-04 7.941392599104085378e-04 9.588210190267402316e-03
2.236067933349018128e-02 -1.652274174619447554e-04 -9.367533948317730919e-04 7.941392599104085378e-04 9.588210190267402316e-03
2.236067933349018128e-02 -1.652274174619447554e-04 -9.367533948317730919e-04 7.941392599104085378e-04 9.588210190267402316e-03
2.236067933349018128e-02 -1.652274174619447554e-04 -9.367533948317730919e-04 7.941392599104085378e-04 9.588210190267402316e-03
2.236067933349018128e-02 -1.652274174619447554e-04 -9.367533948317730919e-04 7.941392599104085378e-04 9.588210190267402316e-03
2.236067933349018128e-02 -1.652274174619447554e-04 -9.367533948317730919e-04 7.941392599104085378e-04 9.588210190267402316e-03
2.236067933349018128e-02 -1.652274174619447554e-04 -9.367533948317730919e-04 7.941392599104085378e-04 9.588210190267402316e-03
2.236067933349018128e-02 -1.652274174619447554e-04 -9.367533948317730919e-04 7.941392599104085378e-04 9.588210190267402316e-03
2.236067933349018128e-02 -1.652274174619447554e-04 -9.367533948317730919e-04 7.941392599104085378e-04 9.588210190267402316e-03
2.236067933349018128e-02 -1.652274174619447554e-04 -9.367533948317730919e-04 7.941392599104085378e-04 9.588210190267402316e-03
2.236067933349018128e-02 -1.652274174619447554e-04 -9.367533948317730919e-04 7.941392599104085378e-04 9.588210190267402316e-03
2.236067933349018128e-02 -1.652274174619447554e-04 -9.367533948317730919e-04 7.941392599104085378e-04 9.588210190267402316e-03
2.236067933349018128e-02 -1.652274174619447554e-04 -9.367533948317730919e-04 7.941392599104085378e-04 9.588210190267402316e-03
2.236067933349018128e-02 -1.652274174619447554e-04 -9.367533948317730919e-04 7.941392599104085378e-04 9.588210190267402316e-03
2.236067933349018128e-02 -1.652274174619447554e-04 -9.367533948317730919e-04 7.941392599104085378e-04 9.588210190267402316e-03
2.236067933349018128e-02 -1.652274174619447554e-04 -9.367533948317730919e-04 7.941392599104085378e-04 9.588210190267402316e-03
2.236067933349018128e-02 -1.652274174619447554e-04 -9.367533948317730919e-04 7.941392599104085378e-04 9.588210190267402316e-03
2.236067933349018128e-02 -1.652274174619447554e-04 -9.367533948317730919e-04 7.941392599104085378e-04 9.588210190267402316e-03
2.236067933349018128e-02 -1.652274174619447554e-04 -9.367533948317730919e-04 7.941392599104085378e-04 9.588210190267402316e-03
2.236067933349018128e-02 -1.652274174619447554e-04 -9.367533948317730919e-04 7.941392599104085378e-04 9.588210190267402316e-03
2.236067933349018128e-02 -1.652274174619447554e-04 -9.367533948317730919e-04 7.941392599104085378e-04 9.588210190267402316e-03
2.236067933349018128e-02 -1.652274174619447554e-04 -9.367533948317730919e-04 7.941392599104085378e-04 9.588210190267402316e-03
2.236067933349018128e-02 -1.652274174619447554e-04 -9.367533948317730919e-04 7.941392599104085378e-04 9.588210190267402316e-03
2.236067933349018128e-02 -1.652274174619447554e-04 -9.367533948317730919e-04 7.941392599104085378e-04 9.588210190267402316e-03
2.236067933349018128e-02 -1.652274174619447554e-04 -9.367533948317730919e-04 7.941392599104085378e-04 9.588210190267402316e-03
2.236067933349018128e-02 -1.652274174619447554e-04 -9.367533948317730919e-04 7.941392599104085378e-04 9.588210190267402316e-03
2.236067933349018128e-02 -1.652274174619447554e-04 -9.367533948317730919e-04 7.941392599104085378e-04 9.588210190267402316e-03
2.236067933349018128e-02 -1.652274174619447554e-04 -9.367533948317730919e-04 7.941392599104085378e-04 9.588210190267402316e-03
2.236067933349018128e-02 -1.652274174619447554e-04 -9.367533948317730919e-04 7.941392599104085378e-04 9.588210190267402316e-03
2.236067933349018128e-02 -1.652274174619447554e-04 -9.367533948317730919e-04 7.941392599104085378e-04 9.588210190267402316e-03
2.236067933349018128e-02 -1.652274174619447554e-04 -9.367533948317730919e-04 7.941392599104085378e-04 9.588210190267402316e-03
2.236067933349018128e-02 -1.652274174619447554e-04 -9.367533948317730919e-04 7.941392599104085378e-04 9.588210190267402316e-03
2.236067933349018128e-02 -1.652274174619447554e-04 -9.367533948317730919e-04 7.941392599104085378e-04 9.588210190267402316e-03
2.236067933349018128e-02 -1.652274174619447554e-04 -9.367533948317730919e-04 7.941392599104085378e-04 9.588210190267402316e-03
2.236067933349018128e-02 -1.652274174619447554e-04 -9.367533948317730919e-04 7.941392599104085378e-04 9.588210190267402316e-03
2.236067933349018128e-02 -1.652274174619447554e-04 -9.367533948317730919e-04 7.941392599104085378e-04 9.588210190267402316e-03
2.236067933349018128e-02 -1.652274174619447554e-04 -9.367533948317730919e-04 7.941392599104085378e-04 9.588210190267402316e-03
2.236067933349018128e-02 -1.652274174619447554e-04 -9.367533948317730919e-04 7.941392599104085378e-04 9.588210190267402316e-03
2.236067933349018128e-02 -1.652274174619447554e-04 -9.367533948317730919e-04 7.941392599104085378e-04 9.588210190267402316e-03
2.236067933349018128e-02 -1.652274174619447554e-04 -9.367533948317730919e-04 7.941392599104085378e-04 9.588210190267402316e-03
2.236067933349018128e-02 -1.652274174619447554e-04 -9.367533948317730919e-04 7.941392599104085378e-04 9.588210190267402316e-03
2.236067933349018128e-02 -1.652274174619447554e-04 -9.367533948317730919e-04 7.941392599104085378e-04 9.588210190267402316e-03
2.236067933349018128e-02 -1.652274174619447554e-04 -9.367533948317730919e-04 7.941392599104085378e-04 9.588210190267402316e-03
2.236067933349018128e-02 -1.652274174619447554e-04 -9.367533948317730919e-04 7.941392599104085378e-04 9.588210190267402316e-03
2.236067933349018128e-02 -1.652274174619447554e-04 -9.367533948317730919e-04 7.941392599104085378e-04 9.588210190267402316e-03
2.236067933349018128e-02 -1.652274174619447554e-04 -9.367533948317730919e-04 7.941392599104085378e-04 9.588210190267402316e-03
2.236067933349018128e-02 -1.652274174619447554e-04 -9.367533948317730919e-04 7.941392599104085378e-04 9.588210190267402316e-03
2.236067933349018128e-02 -1.652274174619447554e-04 -9.367533948317730919e-04 7.941392599104085378e-04 9.588210190267402316e-03
2.236067933349018128e-02 -1.652274174619447554e-04 -9.367533948317730919e-04 7.941392599104085378e-04 9.588210190267402316e-03
2.236067933349018128e-02 -1.652274174619447554e-04 -9.367533948317730919e-04 7.941392599104085378e-04 9.588210190267402316e-03
2.236067933349018128e-02 -1.652274174619447554e-04 -9.367533948317730919e-04 7.941392599104085378e-04 9.588210190267402316e-03
2.236067933349018128e-02 -1.652274174619447554e-04 -9.367533948317730919e-04 7.941392599104085378e-04 9.588210190267402316e-03
2.236067933349018128e-02 -1.652274174619447554e-04 -9.367533948317730919e-04 7.941392599104085378e-04 9.588210190267402316e-03
2.236067933349018128e-02 -1.652274174619447554e-04 -9.367533948317730919e-04 7.941392599104085378e-04 9.588210190267402316e-03
2.236067933349018128e-02 -1.652274174619447554e-04 -9.367533948317730919e-04 7.941392599104085378e-04 9.588210190267402316e-03
2.236067933349018128e-02 -1.652274174619447554e-04 -9.367533948317730919e-04 7.941392599104085378e-04 9.588210190267402316e-03
2.236067933349018128e-02 -1.652274174619447554e-04 -9.367533948317730919e-04 7.941392599104085378e-04 9.588210190267402316e-03
2.236067933349018128e-02 -1.652274174619447554e-04 -9.367533948317730919e-04 7.941392599104085378e-04 9.588210190267402316e-03
2.236067933349018128e-02 -1.652274174619447554e-04 -9.367533948317730919e-04 7.941392599104085378e-04 9.588210190267402316e-03
2.236067933349018128e-02 -1.652274174619447554e-04 -9.367533948317730919e-04 7.941392599104085378e-04 9.588210190267402316e-03
2.236067933349018128e-02 -1.652274174619447554e-04 -9.367533948317730919e-04 7.941392599104085378e-04 9.588210190267402316e-03
2.236067933349018128e-02 -1.652274174619447554e-04 -9.367533948317730919e-04 7.941392599104085378e-04 9.588210190267402316e-03
2.236067933349018128e-02 -1.652274174619447554e-04 -9.367533948317730919e-04 7.941392599104085378e-04 9.588210190267402316e-03
2.236067933349018128e-02 -1.652274174619447554e-04 -9.367533948317730919e-04 7.941392599104085378e-04 9.588210190267402316e-03
2.236067933349018128e-02 -1.652274174619447554e-04 -9.367533948317730919e-04 7.941392599104085378e-04 9.588210190267402316e-03
2.236067933349018128e-02 -1.652274174619447554e-04 -9.367533948317730919e-04 7.941392599104085378e-04 9.588210190267402316e-03
2.236067933349018128e-02 -1.652274174619447554e-04 -9.367533948317730919e-04 7.941392599104085378e-04 9.588210190267402316e-03
2.236067933349018128e-02 -1.652274174619447554e-04 -9.367533948317730919e-04 7.941392599104085378e-04 9.588210190267402316e-03
2.236067933349018128e-02 -1.652274174619447554e-04 -9.367533948317730919e-04 7.941392599104085378e-04 9.588210190267402316e-03
2.236067933349018128e-02 -1.652274174619447554e-04 -9.367533948317730919e-04 7.941392599104085378e-04 9.588210190267402316e-03
2.236067933349018128e-02 -1.652274174619447554e-04 -9.367533948317730919e-04 7.941392599104085378e-04 9.588210190267402316e-03
2.236067933349018128e-02 -1.652274174619447554e-04 -9.367533948317730919e-04 7.941392599104085378e-04 9.588210190267402316e-03
2.236067933349018128e-02 -1.652274174619447554e-04 -9.367533948317730919e-04 7.941392599104085378e-04 9.588210190267402316e-03
2.236067933349018128e-02 -1.652274174619447554e-04 -9.367533948317730919e-04 7.941392599104085378e-04 9.588210190267402316e-03
2.236067933349018128e-02 -1.652274174619447554e-04 -9.367533948317730919e-04 7.941392599104085378e-04 9.588210190267402316e-03
2.236067933349018128e-02 -1.652274174619447554e-04 -9.367533948317730919e-04 7.941392599104085378e-04 9.588210190267402316e-03
2.236067933349018128e-02 -1.652274174619447554e-04 -9.367533948317730919e-04 7.941392599104085378e-04 9.588210190267402316e-03
2.236067933349018128e-02 -1.652274174619447554e-04 -9.367533948317730919e-04 7.941392599104085378e-04 9.588210190267402316e-03
2.236067933349018128e-02 -1.652274174619447554e-04 -9.367533948317730919e-04 7.941392599104085378e-04 9.588210190267402316e-03
2.236067933349018128e-02 -1.652274174619447554e-04 -9.367533948317730919e-04 7.941392599104085378e-04 9.588210190267402316e-03
2.236067933349018128e-02 -1.652274174619447554e-04 -9.367533948317730919e-04 7.941392599104085378e-04 9.588210190267402316e-03
2.236067933349018128e-02 -1.652274174619447554e-04 -9.367533948317730919e-04 7.941392599104085378e-04 9.588210190267402316e-03
2.236067933349018128e-02 -1.652274174619447554e-04 -9.367533948317730919e-04 7.941392599104085378e-04 9.588210190267402316e-03
2.236067933349018128e-02 -1.652274174619447554e-04 -9.367533948317730919e-04 7.941392599104085378e-04 9.588210190267402316e-03
2.236067933349018128e-02 -1.652274174619447554e-04 -9.367533948317730919e-04 7.941392599104085378e-04 9.588210190267402316e-03
2.236067933349018128e-02 -1.652274174619447554e-04 -9.367533948317730919e-04 7.941392599104085378e-04 9.588210190267402316e-03
2.236067933349018128e-02 -1.652274174619447554e-04 -9.367533948317730919e-04 7.941392599104085378e-04 9.588210190267402316e-03
2.236067933349018128e-02 -1.652274174619447554e-04 -9.367533948317730919e-04 7.941392599104085378e-04 9.588210190267402316e-03
2.236067933349018128e-02 -1.652274174619447554e-04 -9.367533948317730919e-04 7.941392599104085378e-04 9.588210190267402316e-03
2.236067933349018128e-02 -1.652274174619447554e-04 -9.367533948317730919e-04 7.941392599104085378e-04 9.588210190267402316e-03
2.236067933349018128e-02 -1.652274174619447554e-04 -9.367533948317730919e-04 7.941392599104085378e-04 9.588210190267402316e-03
2.236067933349018128e-02 -1.652274174619447554e-04 -9.367533948317730919e-04 7.941392599104085378e-04 9.588210190267402316e-03
2.236067933349018128e-02 -1.652274174619447554e-04 -9.367533948317730919e-04 7.941392599104085378e-04 9.588210190267402316e-03
2.236067933349018128e-02 -1.652274174619447554e-04 -9.367533948317730919e-04 7.941392599104085378e-04 9.588210190267402316e-03
2.236067933349018128e-02 -1.652274174619447554e-04 -9.367533948317730919e-04 7.941392599104085378e-04 9.588210190267402316e-03
2.236067933349018128e-02 -1.652274174619447554e-04 -9.367533948317730919e-04 7.941392599104085378e-04 9.588210190267402316e-03
2.236067933349018128e-02 -1.652274174619447554e-04 -9.367533948317730919e-04 7.941392599104085378e-04 9.588210190267402316e-03
2.236067933349018128e-02 -1.652274174619447554e-04 -9.367533948317730919e-04 7.941392599104085378e-04 9.588210190267402316e-03
2.236067933349018128e-02 -1.652274174619447554e-04 -9.367533948317730919e-04 7.941392599104085378e-04 9.588210190267402316e-03
2.236067933349018128e-02 -1.652274174619447554e-04 -9.367533948317730919e-04 7.941392599104085378e-04 9.588210190267402316e-03
2.236067933349018128e-02 -1.652274174619447554e-04 -9.367533948317730919e-04 7.941392599104085378e-04 9.588210190267402316e-03
2.236067933349018128e-02 -1.652274174619447554e-04 -9.367533948317730919e-04 7.941392599104085378e-04 9.588210190267402316e-03
2.236067933349018128e-02 -1.652274174619447554e-04 -9.367533948317730919e-04 7.941392599104085378e-04 9.588210190267402316e-03
2.236067933349018128e-02 -1.652274174619447554e-04 -9.367533948317730919e-04 7.941392599104085378e-04 9.588210190267402316e-03
2.236067933349018128e-02 -1.652274174619447554e-04 -9.367533948317730919e-04 7.941392599104085378e-04 9.588210190267402316e-03
2.236067933349018128e-02 -1.652274174619447554e-04 -9.367533948317730919e-04 7.941392599104085378e-04 9.588210190267402316e-03
2.236067933349018128e-02 -1.652274174619447554e-04 -9.367533948317730919e-04 7.941392599104085378e-04 9.588210190267402316e-03
2.236067933349018128e-02 -1.652274174619447554e-04 -9.367533948317730919e-04 7.941392599104085378e-04 9.588210190267402316e-03
2.236067933349018128e-02 -1.652274174619447554e-04 -9.367533948317730919e-04 7.941392599104085378e-04 9.588210190267402316e-03
2.236067933349018128e-02 -1.652274174619447554e-04 -9.367533948317730919e-04 7.941392599104085378e-04 9.588210190267402316e-03
2.236067933349018128e-02 -1.652274174619447554e-04 -9.367533948317730919e-04 7.941392599104085378e-04 9.588210190267402316e-03
2.236067933349018128e-02 -1.652274174619447554e-04 -9.367533948317730919e-04 7.941392599104085378e-04 9.588210190267402316e-03
2.236067933349018128e-02 -1.652274174619447554e-04 -9.367533948317730919e-04 7.941392599104085378e-04 9.588210190267402316e-03
2.236067933349018128e-02 -1.652274174619447554e-04 -9.367533948317730919e-04 7.941392599104085378e-04 9.588210190267402316e-03
2.236067933349018128e-02 -1.652274174619447554e-04 -9.367533948317730919e-04 7.941392599104085378e-04 9.588210190267402316e-03
2.236067933349018128e-02 -1.652274174619447554e-04 -9.367533948317730919e-04 7.941392599104085378e-04 9.588210190267402316e-03
2.236067933349018128e-02 -1.652274174619447554e-04 -9.367533948317730919e-04 7.941392599104085378e-04 9.588210190267402316e-03
2.236067933349018128e-02 -1.652274174619447554e-04 -9.367533948317730919e-04 7.941392599104085378e-04 9.588210190267402316e-03
2.236067933349018128e-02 -1.652274174619447554e-04 -9.367533948317730919e-04 7.941392599104085378e-04 9.588210190267402316e-03
2.236067933349018128e-02 -1.652274174619447554e-04 -9.367533948317730919e-04 7.941392599104085378e-04 9.588210190267402316e-03
2.236067933349018128e-02 -1.652274174619447554e-04 -9.367533948317730919e-04 7.941392599104085378e-04 9.588210190267402316e-03
2.236067933349018128e-02 -1.652274174619447554e-04 -9.367533948317730919e-04 7.941392599104085378e-04 9.588210190267402316e-03
2.236067933349018128e-02 -1.652274174619447554e-04 -9.367533948317730919e-04 7.941392599104085378e-04 9.588210190267402316e-03
2.236067933349018128e-02 -1.652274174619447554e-04 -9.367533948317730919e-04 7.941392599104085378e-04 9.588210190267402316e-03
2.236067933349018128e-02 -1.652274174619447554e-04 -9.367533948317730919e-04 7.941392599104085378e-04 9.588210190267402316e-03
2.236067933349018128e-02 -1.652274174619447554e-04 -9.367533948317730919e-04 7.941392599104085378e-04 9.588210190267402316e-03
2.236067933349018128e-02 -1.652274174619447554e-04 -9.367533948317730919e-04 7.941392599104085378e-04 9.588210190267402316e-03
2.236067933349018128e-02 -1.652274174619447554e-04 -9.367533948317730919e-04 7.941392599104085378e-04 9.588210190267402316e-03
2.236067933349018128e-02 -1.652274174619447554e-04 -9.367533948317730919e-04 7.941392599104085378e-04 9.588210190267402316e-03
2.236067933349018128e-02 -1.652274174619447554e-04 -9.367533948317730919e-04 7.941392599104085378e-04 9.588210190267402316e-03
2.236067933349018128e-02 -1.652274174619447554e-04 -9.367533948317730919e-04 7.941392599104085378e-04 9.588210190267402316e-03
2.236067933349018128e-02 -1.652274174619447554e-04 -9.367533948317730919e-04 7.941392599104085378e-04 9.588210190267402316e-03
2.236067933349018128e-02 -1.652274174619447554e-04 -9.367533948317730919e-04 7.941392599104085378e-04 9.588210190267402316e-03
2.236067933349018128e-02 -1.652274174619447554e-04 -9.367533948317730919e-04 7.941392599104085378e-04 9.588210190267402316e-03
2.236067933349018128e-02 -1.652274174619447554e-04 -9.367533948317730919e-04 7.941392599104085378e-04 9.588210190267402316e-03
2.236067933349018128e-02 -1.652274174619447554e-04 -9.367533948317730919e-04 7.941392599104085378e-04 9.588210190267402316e-03
2.236067933349018128e-02 -1.652274174619447554e-04 -9.367533948317730919e-04 7.941392599104085378e-04 9.588210190267402316e-03
2.236067933349018128e-02 -1.652274174619447554e-04 -9.367533948317730919e-04 7.941392599104085378e-04 9.588210190267402316e-03
2.236067933349018128e-02 -1.652274174619447554e-04 -9.367533948317730919e-04 7.941392599104085378e-04 9.588210190267402316e-03
2.236067933349018128e-02 -1.652274174619447554e-04 -9.367533948317730919e-04 7.941392599104085378e-04 9.588210190267402316e-03
2.236067933349018128e-02 -1.652274174619447554e-04 -9.367533948317730919e-04 7.941392599104085378e-04 9.588210190267402316e-03
2.236067933349018128e-02 -1.652274174619447554e-04 -9.367533948317730919e-04 7.941392599104085378e-04 9.588210190267402316e-03
2.236067933349018128e-02 -1.652274174619447554e-04 -9.367533948317730919e-04 7.941392599104085378e-04 9.588210190267402316e-03
2.236067933349018128e-02 -1.652274174619447554e-04 -9.367533948317730919e-04 7.941392599104085378e-04 9.588210190267402316e-03
2.236067933349018128e-02 -1.652274174619447554e-04 -9.367533948317730919e-04 7.941392599104085378e-04 9.588210190267402316e-03
2.236067933349018128e-02 -1.652274174619447554e-04 -9.367533948317730919e-04 7.941392599104085378e-04 9.588210190267402316e-03
2.236067933349018128e-02 -1.652274174619447554e-04 -9.367533948317730919e-04 7.941392599104085378e-04 9.588210190267402316e-03
2.236067933349018128e-02 -1.652274174619447554e-04 -9.367533948317730919e-04 7.941392599104085378e-04 9.588210190267402316e-03
2.236067933349018128e-02 -1.652274174619447554e-04 -9.367533948317730919e-04 7.941392599104085378e-04 9.588210190267402316e-03
2.236067933349018128e-02 -1.652274174619447554e-04 -9.367533948317730919e-04 7.941392599104085378e-04 9.588210190267402316e-03
2.236067933349018128e-02 -1.652274174619447554e-04 -9.367533948317730919e-04 7.941392599104085378e-04 9.588210190267402316e-03
2.236067933349018128e-02 -1.652274174619447554e-04 -9.367533948317730919e-04 7.941392599104085378e-04 9.588210190267402316e-03
2.236067933349018128e-02 -1.652274174619447554e-04 -9.367533948317730919e-04 7.941392599104085378e-04 9.588210190267402316e-03
2.236067933349018128e-02 -1.652274174619447554e-04 -9.367533948317730919e-04 7.941392599104085378e-04 9.588210190267402316e-03
2.236067933349018128e-02 -1.652274174619447554e-04 -9.367533948317730919e-04 7.941392599104085378e-04 9.588210190267402316e-03
2.236067933349018128e-02 -1.652274174619447554e-04 -9.367533948317730919e-04 7.941392599104085378e-04 9.588210190267402316e-03
2.236067933349018128e-02 -1.652274174619447554e-04 -9.367533948317730919e-04 7.941392599104085378e-04 9.588210190267402316e-03
2.236067933349018128e-02 -1.652274174619447554e-04 -9.367533948317730919e-04 7.941392599104085378e-04 9.588210190267402316e-03
2.236067933349018128e-02 -1.652274174619447554e-04 -9.367533948317730919e-04 7.941392599104085378e-04 9.588210190267402316e-03
2.236067933349018128e-02 -1.652274174619447554e-04 -9.367533948317730919e-04 7.941392599104085378e-04 9.588210190267402316e-03
2.236067933349018128e-02 -1.652274174619447554e-04 -9.367533948317730919e-04 7.941392599104085378e-04 9.588210190267402316e-03
2.236067933349018128e-02 -1.652274174619447554e-04 -9.367533948317730919e-04 7.941392599104085378e-04 9.588210190267402316e-03
2.236067933349018128e-02 -1.652274174619447554e-04 -9.367533948317730919e-04 7.941392599104085378e-04 9.588210190267402316e-03
2.236067933349018128e-02 -1.652274174619447554e-04 -9.367533948317730919e-04 7.941392599104085378e-04 9.588210190267402316e-03
2.236067933349018128e-02 -1.652274174619447554e-04 -9.367533948317730919e-04 7.941392599104085378e-04 9.588210190267402316e-03
2.236067933349018128e-02 -1.652274174619447554e-04 -9.367533948317730919e-04 7.941392599104085378e-04 9.588210190267402316e-03
2.236067933349018128e-02 -1.652274174619447554e-04 -9.367533948317730919e-04 7.941392599104085378e-04 9.588210190267402316e-03
2.236067933349018128e-02 -1.652274174619447554e-04 -9.367533948317730919e-04 7.941392599104085378e-04 9.588210190267402316e-03
2.236067933349018128e-02 -1.652274174619447554e-04 -9.367533948317730919e-04 7.941392599104085378e-04 9.588210190267402316e-03
2.236067933349018128e-02 -1.652274174619447554e-04 -9.367533948317730919e-04 7.941392599104085378e-04 9.588210190267402316e-03
2.236067933349018128e-02 -1.652274174619447554e-04 -9.367533948317730919e-04 7.941392599104085378e-04 9.588210190267402316e-03
2.236067933349018128e-02 -1.652274174619447554e-04 -9.367533948317730919e-04 7.941392599104085378e-04 9.588210190267402316e-03
2.236067933349018128e-02 -1.652274174619447554e-04 -9.367533948317730919e-04 7.941392599104085378e-04 9.588210190267402316e-03
2.236067933349018128e-02 -1.652274174619447554e-04 -9.367533948317730919e-04 7.941392599104085378e-04 9.588210190267402316e-03
2.236067933349018128e-02 -1.652274174619447554e-04 -9.367533948317730919e-04 7.941392599104085378e-04 9.588210190267402316e-03
2.236067933349018128e-02 -1.652274174619447554e-04 -9.367533948317730919e-04 7.941392599104085378e-04 9.588210190267402316e-03
2.236067933349018128e-02 -1.652274174619447554e-04 -9.367533948317730919e-04 7.941392599104085378e-04 9.588210190267402316e-03
2.236067933349018128e-02 -1.652274174619447554e-04 -9.367533948317730919e-04 7.941392599104085378e-04 9.588210190267402316e-03
2.236067933349018128e-02 -1.652274174619447554e-04 -9.367533948317730919e-04 7.941392599104085378e-04 9.588210190267402316e-03
2.236067933349018128e-02 -1.652274174619447554e-04 -9.367533948317730919e-04 7.941392599104085378e-04 9.588210190267402316e-03
2.236067933349018128e-02 -1.652274174619447554e-04 -9.367533948317730919e-04 7.941392599104085378e-04 9.588210190267402316e-03
2.236067933349018128e-02 -1.652274174619447554e-04 -9.367533948317730919e-04 7.941392599104085378e-04 9.588210190267402316e-03
2.236067933349018128e-02 -1.652274174619447554e-04 -9.367533948317730919e-04 7.941392599104085378e-04 9.588210190267402316e-03
2.236067933349018128e-02 -1.652274174619447554e-04 -9.367533948317730919e-04 7.941392599104085378e-04 9.588210190267402316e-03
2.236067933349018128e-02 -1.652274174619447554e-04 -9.367533948317730919e-04 7.941392599104085378e-04 9.588210190267402316e-03
2.236067933349018128e-02 -1.652274174619447554e-04 -9.367533948317730919e-04 7.941392599104085378e-04 9.588210190267402316e-03
2.236067933349018128e-02 -1.652274174619447554e-04 -9.367533948317730919e-04 7.941392599104085378e-04 9.588210190267402316e-03
2.236067933349018128e-02 -1.652274174619447554e-04 -9.367533948317730919e-04 7.941392599104085378e-04 9.588210190267402316e-03
2.236067933349018128e-02 -1.652274174619447554e-04 -9.367533948317730919e-04 7.941392599104085378e-04 9.588210190267402316e-03
2.236067933349018128e-02 -1.652274174619447554e-04 -9.367533948317730919e-04 7.941392599104085378e-04 9.588210190267402316e-03
2.236067933349018128e-02 -1.652274174619447554e-04 -9.367533948317730919e-04 7.941392599104085378e-04 9.588210190267402316e-03
2.236067933349018128e-02 -1.652274174619447554e-04 -9.367533948317730919e-04 7.941392599104085378e-04 9.588210190267402316e-03
2.236067933349018128e-02 -1.652274174619447554e-04 -9.367533948317730919e-04 7.941392599104085378e-04 9.588210190267402316e-03
2.236067933349018128e-02 -1.652274174619447554e-04 -9.367533948317730919e-04 7.941392599104085378e-04 9.588210190267402316e-03
2.236067933349018128e-02 -1.652274174619447554e-04 -9.367533948317730919e-04 7.941392599104085378e-04 9.588210190267402316e-03
2.236067933349018128e-02 -1.652274174619447554e-04 -9.367533948317730919e-04 7.941392599104085378e-04 9.588210190267402316e-03
2.236067933349018128e-02 -1.652274174619447554e-04 -9.367533948317730919e-04 7.941392599104085378e-04 9.588210190267402316e-03
2.236067933349018128e-02 -1.652274174619447554e-04 -9.367533948317730919e-04 7.941392599104085378e-04 9.588210190267402316e-03
2.236067933349018128e-02 -1.652274174619447554e-04 -9.367533948317730919e-04 7.941392599104085378e-04 9.588210190267402316e-03
2.236067933349018128e-02 -1.652274174619447554e-04 -9.367533948317730919e-04 7.941392599104085378e-04 9.588210190267402316e-03
2.236067933349018128e-02 -1.652274174619447554e-04 -9.367533948317730919e-04 7.941392599104085378e-04 9.588210190267402316e-03
2.236067933349018128e-02 -1.652274174619447554e-04 -9.367533948317730919e-04 7.941392599104085378e-04 9.588210190267402316e-03
2.236067933349018128e-02 -1.652274174619447554e-04 -9.367533948317730919e-04 7.941392599104085378e-04 9.588210190267402316e-03
2.236067933349018128e-02 -1.652274174619447554e-04 -9.367533948317730919e-04 7.941392599104085378e-04 9.588210190267402316e-03
2.236067933349018128e-02 -1.652274174619447554e-04 -9.367533948317730919e-04 7.941392599104085378e-04 9.588210190267402316e-03
2.236067933349018128e-02 -1.652274174619447554e-04 -9.367533948317730919e-04 7.941392599104085378e-04 9.588210190267402316e-03
2.236067933349018128e-02 -1.652274174619447554e-04 -9.367533948317730919e-04 7.941392599104085378e-04 9.588210190267402316e-03
2.236067933349018128e-02 -1.652274174619447554e-04 -9.367533948317730919e-04 7.941392599104085378e-04 9.588210190267402316e-03
2.236067933349018128e-02 -1.652274174619447554e-04 -9.367533948317730919e-04 7.941392599104085378e-04 9.588210190267402316e-03
2.236067933349018128e-02 -1.652274174619447554e-04 -9.367533948317730919e-04 7.941392599104085378e-04 9.588210190267402316e-03
2.236067933349018128e-02 -1.652274174619447554e-04 -9.367533948317730919e-04 7.941392599104085378e-04 9.588210190267402316e-03
2.236067933349018128e-02 -1.652274174619447554e-04 -9.367533948317730919e-04 7.941392599104085378e-04 9.588210190267402316e-03
2.236067933349018128e-02 -1.652274174619447554e-04 -9.367533948317730919e-04 7.941392599104085378e-04 9.588210190267402316e-03
2.236067933349018128e-02 -1.652274174619447554e-04 -9.367533948317730919e-04 7.941392599104085378e-04 9.588210190267402316e-03
2.236067933349018128e-02 -1.652274174619447554e-04 -9.367533948317730919e-04 7.941392599104085378e-04 9.588210190267402316e-03
2.236067933349018128e-02 -1.652274174619447554e-04 -9.367533948317730919e-04 7.941392599104085378e-04 9.588210190267402316e-03
2.236067933349018128e-02 -1.652274174619447554e-04 -9.367533948317730919e-04 7.941392599104085378e-04 9.588210190267402316e-03
2.236067933349018128e-02 -1.652274174619447554e-04 -9.367533948317730919e-04 7.941392599104085378e-04 9.588210190267402316e-03
2.236067933349018128e-02 -1.652274174619447554e-04 -9.367533948317730919e-04 7.941392599104085378e-04 9.588210190267402316e-03
2.236067933349018128e-02 -1.652274174619447554e-04 -9.367533948317730919e-04 7.941392599104085378e-04 9.588210190267402316e-03
2.236067933349018128e-02 -1.652274174619447554e-04 -9.367533948317730919e-04 7.941392599104085378e-04 9.588210190267402316e-03
2.236067933349018128e-02 -1.652274174619447554e-04 -9.367533948317730919e-04 7.941392599104085378e-04 9.588210190267402316e-03
2.236067933349018128e-02 -1.652274174619447554e-04 -9.367533948317730919e-04 7.941392599104085378e-04 9.588210190267402316e-03
2.236067933349018128e-02 -1.652274174619447554e-04 -9.367533948317730919e-04 7.941392599104085378e-04 9.588210190267402316e-03
2.236067933349018128e-02 -1.652274174619447554e-04 -9.367533948317730919e-04 7.941392599104085378e-04 9.588210190267402316e-03
2.236067933349018128e-02 -1.652274174619447554e-04 -9.367533948317730919e-04 7.941392599104085378e-04 9.588210190267402316e-03
2.236067933349018128e-02 -1.652274174619447554e-04 -9.367533948317730919e-04 7.941392599104085378e-04 9.588210190267402316e-03
2.236067933349018128e-02 -1.652274174619447554e-04 -9.367533948317730919e-04 7.941392599104085378e-04 9.588210190267402316e-03
2.236067933349018128e-02 -1.652274174619447554e-04 -9.367533948317730919e-04 7.941392599104085378e-04 9.588210190267402316e-03
2.236067933349018128e-02 -1.652274174619447554e-04 -9.367533948317730919e-04 7.941392599104085378e-04 9.588210190267402316e-03
2.236067933349018128e-02 -1.652274174619447554e-04 -9.367533948317730919e-04 7.941392599104085378e-04 9.588210190267402316e-03
2.236067933349018128e-02 -1.652274174619447554e-04 -9.367533948317730919e-04 7.941392599104085378e-04 9.588210190267402316e-03
2.236067933349018128e-02 -1.652274174619447554e-04 -9.367533948317730919e-04 7.941392599104085378e-04 9.588210190267402316e-03
2.236067933349018128e-02 -1.652274174619447554e-04 -9.367533948317730919e-04 7.941392599104085378e-04 9.588210190267402316e-03
2.236067933349018128e-02 -1.652274174619447554e-04 -9.367533948317730919e-04 7.941392599104085378e-04 9.588210190267402316e-03
2.236067933349018128e-02 -1.652274174619447554e-04 -9.367533948317730919e-04 7.941392599104085378e-04 9.588210190267402316e-03
2.236067933349018128e-02 -1.652274174619447554e-04 -9.367533948317730919e-04 7.941392599104085378e-04 9.588210190267402316e-03
2.236067933349018128e-02 -1.652274174619447554e-04 -9.367533948317730919e-04 7.941392599104085378e-04 9.588210190267402316e-03
2.236067933349018128e-02 -1.652274174619447554e-04 -9.367533948317730919e-04 7.941392599104085378e-04 9.588210190267402316e-03
2.236067933349018128e-02 -1.652274174619447554e-04 -9.367533948317730919e-04 7.941392599104085378e-04 9.588210190267402316e-03
2.236067933349018128e-02 -1.652274174619447554e-04 -9.367533948317730919e-04 7.941392599104085378e-04 9.588210190267402316e-03
2.236067933349018128e-02 -1.652274174619447554e-04 -9.367533948317730919e-04 7.941392599104085378e-04 9.588210190267402316e-03
2.236067933349018128e-02 -1.652274174619447554e-04 -9.367533948317730919e-04 7.941392599104085378e-04 9.588210190267402316e-03
2.236067933349018128e-02 -1.652274174619447554e-04 -9.367533948317730919e-04 7.941392599104085378e-04 9.588210190267402316e-03
2.236067933349018128e-02 -1.652274174619447554e-04 -9.367533948317730919e-04 7.941392599104085378e-04 9.588210190267402316e-03
2.236067933349018128e-02 -1.652274174619447554e-04 -9.367533948317730919e-04 7.941392599104085378e-04 9.588210190267402316e-03
2.236067933349018128e-02 -1.652274174619447554e-04 -9.367533948317730919e-04 7.941392599104085378e-04 9.588210190267402316e-03
2.236067933349018128e-02 -1.652274174619447554e-04 -9.367533948317730919e-04 7.941392599104085378e-04 9.588210190267402316e-03
2.236067933349018128e-02 -1.652274174619447554e-04 -9.367533948317730919e-04 7.941392599104085378e-04 9.588210190267402316e-03
2.236067933349018128e-02 -1.652274174619447554e-04 -9.367533948317730919e-04 7.941392599104085378e-04 9.588210190267402316e-03
2.236067933349018128e-02 -1.652274174619447554e-04 -9.367533948317730919e-04 7.941392599104085378e-04 9.588210190267402316e-03
2.236067933349018128e-02 -1.652274174619447554e-04 -9.367533948317730919e-04 7.941392599104085378e-04 9.588210190267402316e-03
2.236067933349018128e-02 -1.652274174619447554e-04 -9.367533948317730919e-04 7.941392599104085378e-04 9.588210190267402316e-03
2.236067933349018128e-02 -1.652274174619447554e-04 -9.367533948317730919e-04 7.941392599104085378e-04 9.588210190267402316e-03
2.236067933349018128e-02 -1.652274174619447554e-04 -9.367533948317730919e-04 7.941392599104085378e-04 9.588210190267402316e-03
2.236067933349018128e-02 -1.652274174619447554e-04 -9.367533948317730919e-04 7.941392599104085378e-04 9.588210190267402316e-03
2.236067933349018128e-02 -1.652274174619447554e-04 -9.367533948317730919e-04 7.941392599104085378e-04 9.588210190267402316e-03
2.236067933349018128e-02 -1.652274174619447554e-04 -9.367533948317730919e-04 7.941392599104085378e-04 9.588210190267402316e-03
2.236067933349018128e-02 -1.652274174619447554e-04 -9.367533948317730919e-04 7.941392599104085378e-04 9.588210190267402316e-03
2.236067933349018128e-02 -1.652274174619447554e-04 -9.367533948317730919e-04 7.941392599104085378e-04 9.588210190267402316e-03
2.236067933349018128e-02 -1.652274174619447554e-04 -9.367533948317730919e-04 7.941392599104085378e-04 9.588210190267402316e-03
2.236067933349018128e-02 -1.652274174619447554e-04 -9.367533948317730919e-04 7.941392599104085378e-04 9.588210190267402316e-03
2.236067933349018128e-02 -1.652274174619447554e-04 -9.367533948317730919e-04 7.941392599104085378e-04 9.588210190267402316e-03
2.236067933349018128e-02 -1.652274174619447554e-04 -9.367533948317730919e-04 7.941392599104085378e-04 9.588210190267402316e-03
2.236067933349018128e-02 -1.652274174619447554e-04 -9.367533948317730919e-04 7.941392599104085378e-04 9.588210190267402316e-03
2.236067933349018128e-02 -1.652274174619447554e-04 -9.367533948317730919e-04 7.941392599104085378e-04 9.588210190267402316e-03
2.236067933349018128e-02 -1.652274174619447554e-04 -9.367533948317730919e-04 7.941392599104085378e-04 9.588210190267402316e-03
2.236067933349018128e-02 -1.652274174619447554e-04 -9.367533948317730919e-04 7.941392599104085378e-04 9.588210190267402316e-03
2.236067933349018128e-02 -1.652274174619447554e-04 -9.367533948317730919e-04 7.941392599104085378e-04 9.588210190267402316e-03
2.236067933349018128e-02 -1.652274174619447554e-04 -9.367533948317730919e-04 7.941392599104085378e-04 9.588210190267402316e-03
2.236067933349018128e-02 -1.652274174619447554e-04 -9.367533948317730919e-04 7.941392599104085378e-04 9.588210190267402316e-03
2.236067933349018128e-02 -1.652274174619447554e-04 -9.367533948317730919e-04 7.941392599104085378e-04 9.588210190267402316e-03
2.236067933349018128e-02 -1.652274174619447554e-04 -9.367533948317730919e-04 7.941392599104085378e-04 9.588210190267402316e-03
2.236067933349018128e-02 -1.652274174619447554e-04 -9.367533948317730919e-04 7.941392599104085378e-04 9.588210190267402316e-03
2.236067933349018128e-02 -1.652274174619447554e-04 -9.367533948317730919e-04 7.941392599104085378e-04 9.588210190267402316e-03
2.236067933349018128e-02 -1.652274174619447554e-04 -9.367533948317730919e-04 7.941392599104085378e-04 9.588210190267402316e-03
2.236067933349018128e-02 -1.652274174619447554e-04 -9.367533948317730919e-04 7.941392599104085378e-04 9.588210190267402316e-03
2.236067933349018128e-02 -1.652274174619447554e-04 -9.367533948317730919e-04 7.941392599104085378e-04 9.588210190267402316e-03
2.236067933349018128e-02 -1.652274174619447554e-04 -9.367533948317730919e-04 7.941392599104085378e-04 9.588210190267402316e-03
2.236067933349018128e-02 -1.652274174619447554e-04 -9.367533948317730919e-04 7.941392599104085378e-04 9.588210190267402316e-03
2.236067933349018128e-02 -1.652274174619447554e-04 -9.367533948317730919e-04 7.941392599104085378e-04 9.588210190267402316e-03
2.236067933349018128e-02 -1.652274174619447554e-04 -9.367533948317730919e-04 7.941392599104085378e-04 9.588210190267402316e-03
2.236067933349018128e-02 -1.652274174619447554e-04 -9.367533948317730919e-04 7.941392599104085378e-04 9.588210190267402316e-03
2.236067933349018128e-02 -1.652274174619447554e-04 -9.367533948317730919e-04 7.941392599104085378e-04 9.588210190267402316e-03
2.236067933349018128e-02 -1.652274174619447554e-04 -9.367533948317730919e-04 7.941392599104085378e-04 9.588210190267402316e-03
2.236067933349018128e-02 -1.652274174619447554e-04 -9.367533948317730919e-04 7.941392599104085378e-04 9.588210190267402316e-03
2.236067933349018128e-02 -1.652274174619447554e-04 -9.367533948317730919e-04 7.941392599104085378e-04 9.588210190267402316e-03
2.236067933349018128e-02 -1.652274174619447554e-04 -9.367533948317730919e-04 7.941392599104085378e-04 9.588210190267402316e-03
2.236067933349018128e-02 -1.652274174619447554e-04 -9.367533948317730919e-04 7.941392599104085378e-04 9.588210190267402316e-03
2.236067933349018128e-02 -1.652274174619447554e-04 -9.367533948317730919e-04 7.941392599104085378e-04 9.588210190267402316e-03
2.236067933349018128e-02 -1.652274174619447554e-04 -9.367533948317730919e-04 7.941392599104085378e-04 9.588210190267402316e-03
2.236067933349018128e-02 -1.652274174619447554e-04 -9.367533948317730919e-04 7.941392599104085378e-04 9.588210190267402316e-03
2.236067933349018128e-02 -1.652274174619447554e-04 -9.367533948317730919e-04 7.941392599104085378e-04 9.588210190267402316e-03
2.236067933349018128e-02 -1.652274174619447554e-04 -9.367533948317730919e-04 7.941392599104085378e-04 9.588210190267402316e-03
2.236067933349018128e-02 -1.652274174619447554e-04 -9.367533948317730919e-04 7.941392599104085378e-04 9.588210190267402316e-03
2.236067933349018128e-02 -1.652274174619447554e-04 -9.367533948317730919e-04 7.941392599104085378e-04 9.588210190267402316e-03
2.236067933349018128e-02 -1.652274174619447554e-04 -9.367533948317730919e-04 7.941392599104085378e-04 9.588210190267402316e-03
2.236067933349018128e-02 -1.652274174619447554e-04 -9.367533948317730919e-04 7.941392599104085378e-04 9.588210190267402316e-03
2.236067933349018128e-02 -1.652274174619447554e-04 -9.367533948317730919e-04 7.941392599104085378e-04 9.588210190267402316e-03
2.236067933349018128e-02 -1.652274174619447554e-04 -9.367533948317730919e-04 7.941392599104085378e-04 9.588210190267402316e-03
2.236067933349018128e-02 -1.652274174619447554e-04 -9.367533948317730919e-04 7.941392599104085378e-04 9.588210190267402316e-03
2.236067933349018128e-02 -1.652274174619447554e-04 -9.367533948317730919e-04 7.941392599104085378e-04 9.588210190267402316e-03
2.236067933349018128e-02 -1.652274174619447554e-04 -9.367533948317730919e-04 7.941392599104085378e-04 9.588210190267402316e-03
2.236067933349018128e-02 -1.652274174619447554e-04 -9.367533948317730919e-04 7.941392599104085378e-04 9.588210190267402316e-03
2.236067933349018128e-02 -1.652274174619447554e-04 -9.367533948317730919e-04 7.941392599104085378e-04 9.588210190267402316e-03
2.236067933349018128e-02 -1.652274174619447554e-04 -9.367533948317730919e-04 7.941392599104085378e-04 9.588210190267402316e-03
2.236067933349018128e-02 -1.652274174619447554e-04 -9.367533948317730919e-04 7.941392599104085378e-04 9.588210190267402316e-03
2.236067933349018128e-02 -1.652274174619447554e-04 -9.367533948317730919e-04 7.941392599104085378e-04 9.588210190267402316e-03
2.236067933349018128e-02 -1.652274174619447554e-04 -9.367533948317730919e-04 7.941392599104085378e-04 9.588210190267402316e-03
2.236067933349018128e-02 -1.652274174619447554e-04 -9.367533948317730919e-04 7.941392599104085378e-04 9.588210190267402316e-03
2.236067933349018128e-02 -1.652274174619447554e-04 -9.367533948317730919e-04 7.941392599104085378e-04 9.588210190267402316e-03
2.236067933349018128e-02 -1.652274174619447554e-04 -9.367533948317730919e-04 7.941392599104085378e-04 9.588210190267402316e-03
2.236067933349018128e-02 -1.652274174619447554e-04 -9.367533948317730919e-04 7.941392599104085378e-04 9.588210190267402316e-03
2.236067933349018128e-02 -1.652274174619447554e-04 -9.367533948317730919e-04 7.941392599104085378e-04 9.588210190267402316e-03
2.236067933349018128e-02 -1.652274174619447554e-04 -9.367533948317730919e-04 7.941392599104085378e-04 9.588210190267402316e-03
2.236067933349018128e-02 -1.652274174619447554e-04 -9.367533948317730919e-04 7.941392599104085378e-04 9.588210190267402316e-03
2.236067933349018128e-02 -1.652274174619447554e-04 -9.367533948317730919e-04 7.941392599104085378e-04 9.588210190267402316e-03
2.236067933349018128e-02 -1.652274174619447554e-04 -9.367533948317730919e-04 7.941392599104085378e-04 9.588210190267402316e-03
2.236067933349018128e-02 -1.652274174619447554e-04 -9.367533948317730919e-04 7.941392599104085378e-04 9.588210190267402316e-03
2.236067933349018128e-02 -1.652274174619447554e-04 -9.367533948317730919e-04 7.941392599104085378e-04 9.588210190267402316e-03
2.236067933349018128e-02 -1.652274174619447554e-04 -9.367533948317730919e-04 7.941392599104085378e-04 9.588210190267402316e-03
2.236067933349018128e-02 -1.652274174619447554e-04 -9.367533948317730919e-04 7.941392599104085378e-04 9.588210190267402316e-03
2.236067933349018128e-02 -1.652274174619447554e-04 -9.367533948317730919e-04 7.941392599104085378e-04 9.588210190267402316e-03
2.236067933349018128e-02 -1.652274174619447554e-04 -9.367533948317730919e-04 7.941392599104085378e-04 9.588210190267402316e-03
2.236067933349018128e-02 -1.652274174619447554e-04 -9.367533948317730919e-04 7.941392599104085378e-04 9.588210190267402316e-03
2.236067933349018128e-02 -1.652274174619447554e-04 -9.367533948317730919e-04 7.941392599104085378e-04 9.588210190267402316e-03
2.236067933349018128e-02 -1.652274174619447554e-04 -9.367533948317730919e-04 7.941392599104085378e-04 9.588210190267402316e-03
2.236067933349018128e-02 -1.652274174619447554e-04 -9.367533948317730919e-04 7.941392599104085378e-04 9.588210190267402316e-03
2.236067933349018128e-02 -1.652274174619447554e-04 -9.367533948317730919e-04 7.941392599104085378e-04 9.588210190267402316e-03
2.236067933349018128e-02 -1.652274174619447554e-04 -9.367533948317730919e-04 7.941392599104085378e-04 9.588210190267402316e-03
2.236067933349018128e-02 -1.652274174619447554e-04 -9.367533948317730919e-04 7.941392599104085378e-04 9.588210190267402316e-03
2.236067933349018128e-02 -1.652274174619447554e-04 -9.367533948317730919e-04 7.941392599104085378e-04 9.588210190267402316e-03
2.236067933349018128e-02 -1.652274174619447554e-04 -9.367533948317730919e-04 7.941392599104085378e-04 9.588210190267402316e-03
2.236067933349018128e-02 -1.652274174619447554e-04 -9.367533948317730919e-04 7.941392599104085378e-04 9.588210190267402316e-03
2.236067933349018128e-02 -1.652274174619447554e-04 -9.367533948317730919e-04 7.941392599104085378e-04 9.588210190267402316e-03
2.236067933349018128e-02 -1.652274174619447554e-04 -9.367533948317730919e-04 7.941392599104085378e-04 9.588210190267402316e-03
2.236067933349018128e-02 -1.652274174619447554e-04 -9.367533948317730919e-04 7.941392599104085378e-04 9.588210190267402316e-03
2.236067933349018128e-02 -1.652274174619447554e-04 -9.367533948317730919e-04 7.941392599104085378e-04 9.588210190267402316e-03
2.236067933349018128e-02 -1.652274174619447554e-04 -9.367533948317730919e-04 7.941392599104085378e-04 9.588210190267402316e-03
2.236067933349018128e-02 -1.652274174619447554e-04 -9.367533948317730919e-04 7.941392599104085378e-04 9.588210190267402316e-03
2.236067933349018128e-02 -1.652274174619447554e-04 -9.367533948317730919e-04 7.941392599104085378e-04 9.588210190267402316e-03
2.236067933349018128e-02 -1.652274174619447554e-04 -9.367533948317730919e-04 7.941392599104085378e-04 9.588210190267402316e-03
2.236067933349018128e-02 -1.652274174619447554e-04 -9.367533948317730919e-04 7.941392599104085378e-04 9.588210190267402316e-03
2.236067933349018128e-02 -1.652274174619447554e-04 -9.367533948317730919e-04 7.941392599104085378e-04 9.588210190267402316e-03
2.236067933349018128e-02 -1.652274174619447554e-04 -9.367533948317730919e-04 7.941392599104085378e-04 9.588210190267402316e-03
2.236067933349018128e-02 -1.652274174619447554e-04 -9.367533948317730919e-04 7.941392599104085378e-04 9.588210190267402316e-03
2.236067933349018128e-02 -1.652274174619447554e-04 -9.367533948317730919e-04 7.941392599104085378e-04 9.588210190267402316e-03
2.236067933349018128e-02 -1.652274174619447554e-04 -9.367533948317730919e-04 7.941392599104085378e-04 9.588210190267402316e-03
2.236067933349018128e-02 -1.652274174619447554e-04 -9.367533948317730919e-04 7.941392599104085378e-04 9.588210190267402316e-03
2.236067933349018128e-02 -1.652274174619447554e-04 -9.367533948317730919e-04 7.941392599104085378e-04 9.588210190267402316e-03
2.236067933349018128e-02 -1.652274174619447554e-04 -9.367533948317730919e-04 7.941392599104085378e-04 9.588210190267402316e-03
2.236067933349018128e-02 -1.652274174619447554e-04 -9.367533948317730919e-04 7.941392599104085378e-04 9.588210190267402316e-03
2.236067933349018128e-02 -1.652274174619447554e-04 -9.367533948317730919e-04 7.941392599104085378e-04 9.588210190267402316e-03
2.236067933349018128e-02 -1.652274174619447554e-04 -9.367533948317730919e-04 7.941392599104085378e-04 9.588210190267402316e-03
2.236067933349018128e-02 -1.652274174619447554e-04 -9.367533948317730919e-04 7.941392599104085378e-04 9.588210190267402316e-03
2.236067933349018128e-02 -1.652274174619447554e-04 -9.367533948317730919e-04 7.941392599104085378e-04 9.588210190267402316e-03
2.236067933349018128e-02 -1.652274174619447554e-04 -9.367533948317730919e-04 7.941392599104085378e-04 9.588210190267402316e-03
2.236067933349018128e-02 -1.652274174619447554e-04 -9.367533948317730919e-04 7.941392599104085378e-04 9.588210190267402316e-03
2.236067933349018128e-02 -1.652274174619447554e-04 -9.367533948317730919e-04 7.941392599104085378e-04 9.588210190267402316e-03
2.236067933349018128e-02 -1.652274174619447554e-04 -9.367533948317730919e-04 7.941392599104085378e-04 9.588210190267402316e-03
2.236067933349018128e-02 -1.652274174619447554e-04 -9.367533948317730919e-04 7.941392599104085378e-04 9.588210190267402316e-03
2.236067933349018128e-02 -1.652274174619447554e-04 -9.367533948317730919e-04 7.941392599104085378e-04 9.588210190267402316e-03
2.236067933349018128e-02 -1.652274174619447554e-04 -9.367533948317730919e-04 7.941392599104085378e-04 9.588210190267402316e-03
2.236067933349018128e-02 -1.652274174619447554e-04 -9.367533948317730919e-04 7.941392599104085378e-04 9.588210190267402316e-03
2.236067933349018128e-02 -1.652274174619447554e-04 -9.367533948317730919e-04 7.941392599104085378e-04 9.588210190267402316e-03
2.236067933349018128e-02 -1.652274174619447554e-04 -9.367533948317730919e-04 7.941392599104085378e-04 9.588210190267402316e-03
2.236067933349018128e-02 -1.652274174619447554e-04 -9.367533948317730919e-04 7.941392599104085378e-04 9.588210190267402316e-03
2.236067933349018128e-02 -1.652274174619447554e-04 -9.367533948317730919e-04 7.941392599104085378e-04 9.588210190267402316e-03
2.236067933349018128e-02 -1.652274174619447554e-04 -9.367533948317730919e-04 7.941392599104085378e-04 9.588210190267402316e-03
2.236067933349018128e-02 -1.652274174619447554e-04 -9.367533948317730919e-04 7.941392599104085378e-04 9.588210190267402316e-03
2.236067933349018128e-02 -1.652274174619447554e-04 -9.367533948317730919e-04 7.941392599104085378e-04 9.588210190267402316e-03
2.236067933349018128e-02 -1.652274174619447554e-04 -9.367533948317730919e-04 7.941392599104085378e-04 9.588210190267402316e-03
2.236067933349018128e-02 -1.652274174619447554e-04 -9.367533948317730919e-04 7.941392599104085378e-04 9.588210190267402316e-03
2.236067933349018128e-02 -1.652274174619447554e-04 -9.367533948317730919e-04 7.941392599104085378e-04 9.588210190267402316e-03
2.236067933349018128e-02 -1.652274174619447554e-04 -9.367533948317730919e-04 7.941392599104085378e-04 9.588210190267402316e-03
2.236067933349018128e-02 -1.652274174619447554e-04 -9.367533948317730919e-04 7.941392599104085378e-04 9.588210190267402316e-03
2.236067933349018128e-02 -1.652274174619447554e-04 -9.367533948317730919e-04 7.941392599104085378e-04 9.588210190267402316e-03
2.236067933349018128e-02 -1.652274174619447554e-04 -9.367533948317730919e-04 7.941392599104085378e-04 9.588210190267402316e-03
2.236067933349018128e-02 -1.652274174619447554e-04 -9.367533948317730919e-04 7.941392599104085378e-04 9.588210190267402316e-03
2.236067933349018128e-02 -1.652274174619447554e-04 -9.367533948317730919e-04 7.941392599104085378e-04 9.588210190267402316e-03
2.236067933349018128e-02 -1.652274174619447554e-04 -9.367533948317730919e-04 7.941392599104085378e-04 9.588210190267402316e-03
2.236067933349018128e-02 -1.652274174619447554e-04 -9.367533948317730919e-04 7.941392599104085378e-04 9.588210190267402316e-03
2.236067933349018128e-02 -1.652274174619447554e-04 -9.367533948317730919e-04 7.941392599104085378e-04 9.588210190267402316e-03
2.236067933349018128e-02 -1.652274174619447554e-04 -9.367533948317730919e-04 7.941392599104085378e-04 9.588210190267402316e-03
2.236067933349018128e-02 -1.652274174619447554e-04 -9.367533948317730919e-04 7.941392599104085378e-04 9.588210190267402316e-03
2.236067933349018128e-02 -1.652274174619447554e-04 -9.367533948317730919e-04 7.941392599104085378e-04 9.588210190267402316e-03
2.236067933349018128e-02 -1.652274174619447554e-04 -9.367533948317730919e-04 7.941392599104085378e-04 9.588210190267402316e-03
2.236067933349018128e-02 -1.652274174619447554e-04 -9.367533948317730919e-04 7.941392599104085378e-04 9.588210190267402316e-03
2.236067933349018128e-02 -1.652274174619447554e-04 -9.367533948317730919e-04 7.941392599104085378e-04 9.588210190267402316e-03
2.236067933349018128e-02 -1.652274174619447554e-04 -9.367533948317730919e-04 7.941392599104085378e-04 9.588210190267402316e-03
2.236067933349018128e-02 -1.652274174619447554e-04 -9.367533948317730919e-04 7.941392599104085378e-04 9.588210190267402316e-03
2.236067933349018128e-02 -1.652274174619447554e-04 -9.367533948317730919e-04 7.941392599104085378e-04 9.588210190267402316e-03
2.236067933349018128e-02 -1.652274174619447554e-04 -9.367533948317730919e-04 7.941392599104085378e-04 9.588210190267402316e-03
2.236067933349018128e-02 -1.652274174619447554e-04 -9.367533948317730919e-04 7.941392599104085378e-04 9.588210190267402316e-03
2.236067933349018128e-02 -1.652274174619447554e-04 -9.367533948317730919e-04 7.941392599104085378e-04 9.588210190267402316e-03
2.236067933349018128e-02 -1.652274174619447554e-04 -9.367533948317730919e-04 7.941392599104085378e-04 9.588210190267402316e-03
2.236067933349018128e-02 -1.652274174619447554e-04 -9.367533948317730919e-04 7.941392599104085378e-04 9.588210190267402316e-03
2.236067933349018128e-02 -1.652274174619447554e-04 -9.367533948317730919e-04 7.941392599104085378e-04 9.588210190267402316e-03
2.236067933349018128e-02 -1.652274174619447554e-04 -9.367533948317730919e-04 7.941392599104085378e-04 9.588210190267402316e-03
2.236067933349018128e-02 -1.652274174619447554e-04 -9.367533948317730919e-04 7.941392599104085378e-04 9.588210190267402316e-03
2.236067933349018128e-02 -1.652274174619447554e-04 -9.367533948317730919e-04 7.941392599104085378e-04 9.588210190267402316e-03
2.236067933349018128e-02 -1.652274174619447554e-04 -9.367533948317730919e-04 7.941392599104085378e-04 9.588210190267402316e-03
2.236067933349018128e-02 -1.652274174619447554e-04 -9.367533948317730919e-04 7.941392599104085378e-04 9.588210190267402316e-03
2.236067933349018128e-02 -1.652274174619447554e-04 -9.367533948317730919e-04 7.941392599104085378e-04 9.588210190267402316e-03
2.236067933349018128e-02 -1.652274174619447554e-04 -9.367533948317730919e-04 7.941392599104085378e-04 9.588210190267402316e-03
2.236067933349018128e-02 -1.652274174619447554e-04 -9.367533948317730919e-04 7.941392599104085378e-04 9.588210190267402316e-03
2.236067933349018128e-02 -1.652274174619447554e-04 -9.367533948317730919e-04 7.941392599104085378e-04 9.588210190267402316e-03
2.236067933349018128e-02 -1.652274174619447554e-04 -9.367533948317730919e-04 7.941392599104085378e-04 9.588210190267402316e-03
2.236067933349018128e-02 -1.652274174619447554e-04 -9.367533948317730919e-04 7.941392599104085378e-04 9.588210190267402316e-03
2.236067933349018128e-02 -1.652274174619447554e-04 -9.367533948317730919e-04 7.941392599104085378e-04 9.588210190267402316e-03
2.236067933349018128e-02 -1.652274174619447554e-04 -9.367533948317730919e-04 7.941392599104085378e-04 9.588210190267402316e-03
2.236067933349018128e-02 -1.652274174619447554e-04 -9.367533948317730919e-04 7.941392599104085378e-04 9.588210190267402316e-03
2.236067933349018128e-02 -1.652274174619447554e-04 -9.367533948317730919e-04 7.941392599104085378e-04 9.588210190267402316e-03
2.236067933349018128e-02 -1.652274174619447554e-04 -9.367533948317730919e-04 7.941392599104085378e-04 9.588210190267402316e-03
2.236067933349018128e-02 -1.652274174619447554e-04 -9.367533948317730919e-04 7.941392599104085378e-04 9.588210190267402316e-03
2.236067933349018128e-02 -1.652274174619447554e-04 -9.367533948317730919e-04 7.941392599104085378e-04 9.588210190267402316e-03
2.236067933349018128e-02 -1.652274174619447554e-04 -9.367533948317730919e-04 7.941392599104085378e-04 9.588210190267402316e-03
2.236067933349018128e-02 -1.652274174619447554e-04 -9.367533948317730919e-04 7.941392599104085378e-04 9.588210190267402316e-03
2.236067933349018128e-02 -1.652274174619447554e-04 -9.367533948317730919e-04 7.941392599104085378e-04 9.588210190267402316e-03
2.236067933349018128e-02 -1.652274174619447554e-04 -9.367533948317730919e-04 7.941392599104085378e-04 9.588210190267402316e-03
2.236067933349018128e-02 -1.652274174619447554e-04 -9.367533948317730919e-04 7.941392599104085378e-04 9.588210190267402316e-03
2.236067933349018128e-02 -1.652274174619447554e-04 -9.367533948317730919e-04 7.941392599104085378e-04 9.588210190267402316e-03
2.236067933349018128e-02 -1.652274174619447554e-04 -9.367533948317730919e-04 7.941392599104085378e-04 9.588210190267402316e-03
2.236067933349018128e-02 -1.652274174619447554e-04 -9.367533948317730919e-04 7.941392599104085378e-04 9.588210190267402316e-03
2.236067933349018128e-02 -1.652274174619447554e-04 -9.367533948317730919e-04 7.941392599104085378e-04 9.588210190267402316e-03
2.236067933349018128e-02 -1.652274174619447554e-04 -9.367533948317730919e-04 7.941392599104085378e-04 9.588210190267402316e-03
2.236067933349018128e-02 -1.652274174619447554e-04 -9.367533948317730919e-04 7.941392599104085378e-04 9.588210190267402316e-03
2.236067933349018128e-02 -1.652274174619447554e-04 -9.367533948317730919e-04 7.941392599104085378e-04 9.588210190267402316e-03
2.236067933349018128e-02 -1.652274174619447554e-04 -9.367533948317730919e-04 7.941392599104085378e-04 9.588210190267402316e-03
2.236067933349018128e-02 -1.652274174619447554e-04 -9.367533948317730919e-04 7.941392599104085378e-04 9.588210190267402316e-03
2.236067933349018128e-02 -1.652274174619447554e-04 -9.367533948317730919e-04 7.941392599104085378e-04 9.588210190267402316e-03
2.236067933349018128e-02 -1.652274174619447554e-04 -9.367533948317730919e-04 7.941392599104085378e-04 9.588210190267402316e-03
2.236067933349018128e-02 -1.652274174619447554e-04 -9.367533948317730919e-04 7.941392599104085378e-04 9.588210190267402316e-03
2.236067933349018128e-02 -1.652274174619447554e-04 -9.367533948317730919e-04 7.941392599104085378e-04 9.588210190267402316e-03
2.236067933349018128e-02 -1.652274174619447554e-04 -9.367533948317730919e-04 7.941392599104085378e-04 9.588210190267402316e-03
2.236067933349018128e-02 -1.652274174619447554e-04 -9.367533948317730919e-04 7.941392599104085378e-04 9.588210190267402316e-03
2.236067933349018128e-02 -1.652274174619447554e-04 -9.367533948317730919e-04 7.941392599104085378e-04 9.588210190267402316e-03
2.236067933349018128e-02 -1.652274174619447554e-04 -9.367533948317730919e-04 7.941392599104085378e-04 9.588210190267402316e-03
2.236067933349018128e-02 -1.652274174619447554e-04 -9.367533948317730919e-04 7.941392599104085378e-04 9.588210190267402316e-03
2.236067933349018128e-02 -1.652274174619447554e-04 -9.367533948317730919e-04 7.941392599104085378e-04 9.588210190267402316e-03
2.236067933349018128e-02 -1.652274174619447554e-04 -9.367533948317730919e-04 7.941392599104085378e-04 9.588210190267402316e-03
2.236067933349018128e-02 -1.652274174619447554e-04 -9.367533948317730919e-04 7.941392599104085378e-04 9.588210190267402316e-03
2.236067933349018128e-02 -1.652274174619447554e-04 -9.367533948317730919e-04 7.941392599104085378e-04 9.588210190267402316e-03
2.236067933349018128e-02 -1.652274174619447554e-04 -9.367533948317730919e-04 7.941392599104085378e-04 9.588210190267402316e-03
2.236067933349018128e-02 -1.652274174619447554e-04 -9.367533948317730919e-04 7.941392599104085378e-04 9.588210190267402316e-03
2.236067933349018128e-02 -1.652274174619447554e-04 -9.367533948317730919e-04 7.941392599104085378e-04 9.588210190267402316e-03
2.236067933349018128e-02 -1.652274174619447554e-04 -9.367533948317730919e-04 7.941392599104085378e-04 9.588210190267402316e-03
2.236067933349018128e-02 -1.652274174619447554e-04 -9.367533948317730919e-04 7.941392599104085378e-04 9.588210190267402316e-03
2.236067933349018128e-02 -1.652274174619447554e-04 -9.367533948317730919e-04 7.941392599104085378e-04 9.588210190267402316e-03
2.236067933349018128e-02 -1.652274174619447554e-04 -9.367533948317730919e-04 7.941392599104085378e-04 9.588210190267402316e-03
2.236067933349018128e-02 -1.652274174619447554e-04 -9.367533948317730919e-04 7.941392599104085378e-04 9.588210190267402316e-03
2.236067933349018128e-02 -1.652274174619447554e-04 -9.367533948317730919e-04 7.941392599104085378e-04 9.588210190267402316e-03
2.236067933349018128e-02 -1.652274174619447554e-04 -9.367533948317730919e-04 7.941392599104085378e-04 9.588210190267402316e-03
2.236067933349018128e-02 -1.652274174619447554e-04 -9.367533948317730919e-04 7.941392599104085378e-04 9.588210190267402316e-03
2.236067933349018128e-02 -1.652274174619447554e-04 -9.367533948317730919e-04 7.941392599104085378e-04 9.588210190267402316e-03
2.236067933349018128e-02 -1.652274174619447554e-04 -9.367533948317730919e-04 7.941392599104085378e-04 9.588210190267402316e-03
2.236067933349018128e-02 -1.652274174619447554e-04 -9.367533948317730919e-04 7.941392599104085378e-04 9.588210190267402316e-03
2.236067933349018128e-02 -1.652274174619447554e-04 -9.367533948317730919e-04 7.941392599104085378e-04 9.588210190267402316e-03
2.236067933349018128e-02 -1.652274174619447554e-04 -9.367533948317730919e-04 7.941392599104085378e-04 9.588210190267402316e-03
2.236067933349018128e-02 -1.652274174619447554e-04 -9.367533948317730919e-04 7.941392599104085378e-04 9.588210190267402316e-03
2.236067933349018128e-02 -1.652274174619447554e-04 -9.367533948317730919e-04 7.941392599104085378e-04 9.588210190267402316e-03
2.236067933349018128e-02 -1.652274174619447554e-04 -9.367533948317730919e-04 7.941392599104085378e-04 9.588210190267402316e-03
2.236067933349018128e-02 -1.652274174619447554e-04 -9.367533948317730919e-04 7.941392599104085378e-04 9.588210190267402316e-03
2.236067933349018128e-02 -1.652274174619447554e-04 -9.367533948317730919e-04 7.941392599104085378e-04 9.588210190267402316e-03
2.236067933349018128e-02 -1.652274174619447554e-04 -9.367533948317730919e-04 7.941392599104085378e-04 9.588210190267402316e-03
2.236067933349018128e-02 -1.652274174619447554e-04 -9.367533948317730919e-04 7.941392599104085378e-04 9.588210190267402316e-03
2.236067933349018128e-02 -1.652274174619447554e-04 -9.367533948317730919e-04 7.941392599104085378e-04 9.588210190267402316e-03
2.236067933349018128e-02 -1.652274174619447554e-04 -9.367533948317730919e-04 7.941392599104085378e-04 9.588210190267402316e-03
2.236067933349018128e-02 -1.652274174619447554e-04 -9.367533948317730919e-04 7.941392599104085378e-04 9.588210190267402316e-03
2.236067933349018128e-02 -1.652274174619447554e-04 -9.367533948317730919e-04 7.941392599104085378e-04 9.588210190267402316e-03
2.236067933349018128e-02 -1.652274174619447554e-04 -9.367533948317730919e-04 7.941392599104085378e-04 9.588210190267402316e-03
2.236067933349018128e-02 -1.652274174619447554e-04 -9.367533948317730919e-04 7.941392599104085378e-04 9.588210190267402316e-03
2.236067933349018128e-02 -1.652274174619447554e-04 -9.367533948317730919e-04 7.941392599104085378e-04 9.588210190267402316e-03
2.236067933349018128e-02 -1.652274174619447554e-04 -9.367533948317730919e-04 7.941392599104085378e-04 9.588210190267402316e-03
2.236067933349018128e-02 -1.652274174619447554e-04 -9.367533948317730919e-04 7.941392599104085378e-04 9.588210190267402316e-03
2.236067933349018128e-02 -1.652274174619447554e-04 -9.367533948317730919e-04 7.941392599104085378e-04 9.588210190267402316e-03
2.236067933349018128e-02 -1.652274174619447554e-04 -9.367533948317730919e-04 7.941392599104085378e-04 9.588210190267402316e-03
2.236067933349018128e-02 -1.652274174619447554e-04 -9.367533948317730919e-04 7.941392599104085378e-04 9.588210190267402316e-03
2.236067933349018128e-02 -1.652274174619447554e-04 -9.367533948317730919e-04 7.941392599104085378e-04 9.588210190267402316e-03
2.236067933349018128e-02 -1.652274174619447554e-04 -9.367533948317730919e-04 7.941392599104085378e-04 9.588210190267402316e-03
2.236067933349018128e-02 -1.652274174619447554e-04 -9.367533948317730919e-04 7.941392599104085378e-04 9.588210190267402316e-03
2.236067933349018128e-02 -1.652274174619447554e-04 -9.367533948317730919e-04 7.941392599104085378e-04 9.588210190267402316e-03
2.236067933349018128e-02 -1.652274174619447554e-04 -9.367533948317730919e-04 7.941392599104085378e-04 9.588210190267402316e-03
2.236067933349018128e-02 -1.652274174619447554e-04 -9.367533948317730919e-04 7.941392599104085378e-04 9.588210190267402316e-03
2.236067933349018128e-02 -1.652274174619447554e-04 -9.367533948317730919e-04 7.941392599104085378e-04 9.588210190267402316e-03
2.236067933349018128e-02 -1.652274174619447554e-04 -9.367533948317730919e-04 7.941392599104085378e-04 9.588210190267402316e-03
2.236067933349018128e-02 -1.652274174619447554e-04 -9.367533948317730919e-04 7.941392599104085378e-04 9.588210190267402316e-03
2.236067933349018128e-02 -1.652274174619447554e-04 -9.367533948317730919e-04 7.941392599104085378e-04 9.588210190267402316e-03
2.236067933349018128e-02 -1.652274174619447554e-04 -9.367533948317730919e-04 7.941392599104085378e-04 9.588210190267402316e-03
2.236067933349018128e-02 -1.652274174619447554e-04 -9.367533948317730919e-04 7.941392599104085378e-04 9.588210190267402316e-03
2.236067933349018128e-02 -1.652274174619447554e-04 -9.367533948317730919e-04 7.941392599104085378e-04 9.588210190267402316e-03
2.236067933349018128e-02 -1.652274174619447554e-04 -9.367533948317730919e-04 7.941392599104085378e-04 9.588210190267402316e-03
2.236067933349018128e-02 -1.652274174619447554e-04 -9.367533948317730919e-04 7.941392599104085378e-04 9.588210190267402316e-03
2.236067933349018128e-02 -1.652274174619447554e-04 -9.367533948317730919e-04 7.941392599104085378e-04 9.588210190267402316e-03
2.236067933349018128e-02 -1.652274174619447554e-04 -9.367533948317730919e-04 7.941392599104085378e-04 9.588210190267402316e-03
2.236067933349018128e-02 -1.652274174619447554e-04 -9.367533948317730919e-04 7.941392599104085378e-04 9.588210190267402316e-03
2.236067933349018128e-02 -1.652274174619447554e-04 -9.367533948317730919e-04 7.941392599104085378e-04 9.588210190267402316e-03
2.236067933349018128e-02 -1.652274174619447554e-04 -9.367533948317730919e-04 7.941392599104085378e-04 9.588210190267402316e-03
2.236067933349018128e-02 -1.652274174619447554e-04 -9.367533948317730919e-04 7.941392599104085378e-04 9.588210190267402316e-03
2.236067933349018128e-02 -1.652274174619447554e-04 -9.367533948317730919e-04 7.941392599104085378e-04 9.588210190267402316e-03
2.236067933349018128e-02 -1.652274174619447554e-04 -9.367533948317730919e-04 7.941392599104085378e-04 9.588210190267402316e-03
2.236067933349018128e-02 -1.652274174619447554e-04 -9.367533948317730919e-04 7.941392599104085378e-04 9.588210190267402316e-03
2.236067933349018128e-02 -1.652274174619447554e-04 -9.367533948317730919e-04 7.941392599104085378e-04 9.588210190267402316e-03
2.236067933349018128e-02 -1.652274174619447554e-04 -9.367533948317730919e-04 7.941392599104085378e-04 9.588210190267402316e-03
2.236067933349018128e-02 -1.652274174619447554e-04 -9.367533948317730919e-04 7.941392599104085378e-04 9.588210190267402316e-03
2.236067933349018128e-02 -1.652274174619447554e-04 -9.367533948317730919e-04 7.941392599104085378e-04 9.588210190267402316e-03
2.236067933349018128e-02 -1.652274174619447554e-04 -9.367533948317730919e-04 7.941392599104085378e-04 9.588210190267402316e-03
2.236067933349018128e-02 -1.652274174619447554e-04 -9.367533948317730919e-04 7.941392599104085378e-04 9.588210190267402316e-03
2.236067933349018128e-02 -1.652274174619447554e-04 -9.367533948317730919e-04 7.941392599104085378e-04 9.588210190267402316e-03
2.236067933349018128e-02 -1.652274174619447554e-04 -9.367533948317730919e-04 7.941392599104085378e-04 9.588210190267402316e-03
2.236067933349018128e-02 -1.652274174619447554e-04 -9.367533948317730919e-04 7.941392599104085378e-04 9.588210190267402316e-03
2.236067933349018128e-02 -1.652274174619447554e-04 -9.367533948317730919e-04 7.941392599104085378e-04 9.588210190267402316e-03
2.236067933349018128e-02 -1.652274174619447554e-04 -9.367533948317730919e-04 7.941392599104085378e-04 9.588210190267402316e-03
2.236067933349018128e-02 -1.652274174619447554e-04 -9.367533948317730919e-04 7.941392599104085378e-04 9.588210190267402316e-03
2.236067933349018128e-02 -1.652274174619447554e-04 -9.367533948317730919e-04 7.941392599104085378e-04 9.588210190267402316e-03
2.236067933349018128e-02 -1.652274174619447554e-04 -9.367533948317730919e-04 7.941392599104085378e-04 9.588210190267402316e-03
2.236067933349018128e-02 -1.652274174619447554e-04 -9.367533948317730919e-04 7.941392599104085378e-04 9.588210190267402316e-03
2.236067933349018128e-02 -1.652274174619447554e-04 -9.367533948317730919e-04 7.941392599104085378e-04 9.588210190267402316e-03
2.236067933349018128e-02 -1.652274174619447554e-04 -9.367533948317730919e-04 7.941392599104085378e-04 9.588210190267402316e-03
2.236067933349018128e-02 -1.652274174619447554e-04 -9.367533948317730919e-04 7.941392599104085378e-04 9.588210190267402316e-03
2.236067933349018128e-02 -1.652274174619447554e-04 -9.367533948317730919e-04 7.941392599104085378e-04 9.588210190267402316e-03
2.236067933349018128e-02 -1.652274174619447554e-04 -9.367533948317730919e-04 7.941392599104085378e-04 9.588210190267402316e-03
2.236067933349018128e-02 -1.652274174619447554e-04 -9.367533948317730919e-04 7.941392599104085378e-04 9.588210190267402316e-03
2.236067933349018128e-02 -1.652274174619447554e-04 -9.367533948317730919e-04 7.941392599104085378e-04 9.588210190267402316e-03
2.236067933349018128e-02 -1.652274174619447554e-04 -9.367533948317730919e-04 7.941392599104085378e-04 9.588210190267402316e-03
2.236067933349018128e-02 -1.652274174619447554e-04 -9.367533948317730919e-04 7.941392599104085378e-04 9.588210190267402316e-03
2.236067933349018128e-02 -1.652274174619447554e-04 -9.367533948317730919e-04 7.941392599104085378e-04 9.588210190267402316e-03
2.236067933349018128e-02 -1.652274174619447554e-04 -9.367533948317730919e-04 7.941392599104085378e-04 9.588210190267402316e-03
2.236067933349018128e-02 -1.652274174619447554e-04 -9.367533948317730919e-04 7.941392599104085378e-04 9.588210190267402316e-03
2.236067933349018128e-02 -1.652274174619447554e-04 -9.367533948317730919e-04 7.941392599104085378e-04 9.588210190267402316e-03
2.236067933349018128e-02 -1.652274174619447554e-04 -9.367533948317730919e-04 7.941392599104085378e-04 9.588210190267402316e-03
2.236067933349018128e-02 -1.652274174619447554e-04 -9.367533948317730919e-04 7.941392599104085378e-04 9.588210190267402316e-03
2.236067933349018128e-02 -1.652274174619447554e-04 -9.367533948317730919e-04 7.941392599104085378e-04 9.588210190267402316e-03
2.236067933349018128e-02 -1.652274174619447554e-04 -9.367533948317730919e-04 7.941392599104085378e-04 9.588210190267402316e-03
2.236067933349018128e-02 -1.652274174619447554e-04 -9.367533948317730919e-04 7.941392599104085378e-04 9.588210190267402316e-03
2.236067933349018128e-02 -1.652274174619447554e-04 -9.367533948317730919e-04 7.941392599104085378e-04 9.588210190267402316e-03
2.236067933349018128e-02 -1.652274174619447554e-04 -9.367533948317730919e-04 7.941392599104085378e-04 9.588210190267402316e-03
2.236067933349018128e-02 -1.652274174619447554e-04 -9.367533948317730919e-04 7.941392599104085378e-04 9.588210190267402316e-03
2.236067933349018128e-02 -1.652274174619447554e-04 -9.367533948317730919e-04 7.941392599104085378e-04 9.588210190267402316e-03
2.236067933349018128e-02 -1.652274174619447554e-04 -9.367533948317730919e-04 7.941392599104085378e-04 9.588210190267402316e-03
2.236067933349018128e-02 -1.652274174619447554e-04 -9.367533948317730919e-04 7.941392599104085378e-04 9.588210190267402316e-03
2.236067933349018128e-02 -1.652274174619447554e-04 -9.367533948317730919e-04 7.941392599104085378e-04 9.588210190267402316e-03
2.236067933349018128e-02 -1.652274174619447554e-04 -9.367533948317730919e-04 7.941392599104085378e-04 9.588210190267402316e-03
2.236067933349018128e-02 -1.652274174619447554e-04 -9.367533948317730919e-04 7.941392599104085378e-04 9.588210190267402316e-03
2.236067933349018128e-02 -1.652274174619447554e-04 -9.367533948317730919e-04 7.941392599104085378e-04 9.588210190267402316e-03
2.236067933349018128e-02 -1.652274174619447554e-04 -9.367533948317730919e-04 7.941392599104085378e-04 9.588210190267402316e-03
2.236067933349018128e-02 -1.652274174619447554e-04 -9.367533948317730919e-04 7.941392599104085378e-04 9.588210190267402316e-03
2.236067933349018128e-02 -1.652274174619447554e-04 -9.367533948317730919e-04 7.941392599104085378e-04 9.588210190267402316e-03
2.236067933349018128e-02 -1.652274174619447554e-04 -9.367533948317730919e-04 7.941392599104085378e-04 9.588210190267402316e-03
2.236067933349018128e-02 -1.652274174619447554e-04 -9.367533948317730919e-04 7.941392599104085378e-04 9.588210190267402316e-03
2.236067933349018128e-02 -1.652274174619447554e-04 -9.367533948317730919e-04 7.941392599104085378e-04 9.588210190267402316e-03
2.236067933349018128e-02 -1.652274174619447554e-04 -9.367533948317730919e-04 7.941392599104085378e-04 9.588210190267402316e-03
2.236067933349018128e-02 -1.652274174619447554e-04 -9.367533948317730919e-04 7.941392599104085378e-04 9.588210190267402316e-03
2.236067933349018128e-02 -1.652274174619447554e-04 -9.367533948317730919e-04 7.941392599104085378e-04 9.588210190267402316e-03
2.236067933349018128e-02 -1.652274174619447554e-04 -9.367533948317730919e-04 7.941392599104085378e-04 9.588210190267402316e-03
2.236067933349018128e-02 -1.652274174619447554e-04 -9.367533948317730919e-04 7.941392599104085378e-04 9.588210190267402316e-03
2.236067933349018128e-02 -1.652274174619447554e-04 -9.367533948317730919e-04 7.941392599104085378e-04 9.588210190267402316e-03
2.236067933349018128e-02 -1.652274174619447554e-04 -9.367533948317730919e-04 7.941392599104085378e-04 9.588210190267402316e-03
2.236067933349018128e-02 -1.652274174619447554e-04 -9.367533948317730919e-04 7.941392599104085378e-04 9.588210190267402316e-03
2.236067933349018128e-02 -1.652274174619447554e-04 -9.367533948317730919e-04 7.941392599104085378e-04 9.588210190267402316e-03
2.236067933349018128e-02 -1.652274174619447554e-04 -9.367533948317730919e-04 7.941392599104085378e-04 9.588210190267402316e-03
2.236067933349018128e-02 -1.652274174619447554e-04 -9.367533948317730919e-04 7.941392599104085378e-04 9.588210190267402316e-03
2.236067933349018128e-02 -1.652274174619447554e-04 -9.367533948317730919e-04 7.941392599104085378e-04 9.588210190267402316e-03
2.236067933349018128e-02 -1.652274174619447554e-04 -9.367533948317730919e-04 7.941392599104085378e-04 9.588210190267402316e-03
2.236067933349018128e-02 -1.652274174619447554e-04 -9.367533948317730919e-04 7.941392599104085378e-04 9.588210190267402316e-03
2.236067933349018128e-02 -1.652274174619447554e-04 -9.367533948317730919e-04 7.941392599104085378e-04 9.588210190267402316e-03
2.236067933349018128e-02 -1.652274174619447554e-04 -9.367533948317730919e-04 7.941392599104085378e-04 9.588210190267402316e-03
2.236067933349018128e-02 -1.652274174619447554e-04 -9.367533948317730919e-04 7.941392599104085378e-04 9.588210190267402316e-03
2.236067933349018128e-02 -1.652274174619447554e-04 -9.367533948317730919e-04 7.941392599104085378e-04 9.588210190267402316e-03
2.236067933349018128e-02 -1.652274174619447554e-04 -9.367533948317730919e-04 7.941392599104085378e-04 9.588210190267402316e-03
2.236067933349018128e-02 -1.652274174619447554e-04 -9.367533948317730919e-04 7.941392599104085378e-04 9.588210190267402316e-03
2.236067933349018128e-02 -1.652274174619447554e-04 -9.367533948317730919e-04 7.941392599104085378e-04 9.588210190267402316e-03
2.236067933349018128e-02 -1.652274174619447554e-04 -9.367533948317730919e-04 7.941392599104085378e-04 9.588210190267402316e-03
2.236067933349018128e-02 -1.652274174619447554e-04 -9.367533948317730919e-04 7.941392599104085378e-04 9.588210190267402316e-03
2.236067933349018128e-02 -1.652274174619447554e-04 -9.367533948317730919e-04 7.941392599104085378e-04 9.588210190267402316e-03
2.236067933349018128e-02 -1.652274174619447554e-04 -9.367533948317730919e-04 7.941392599104085378e-04 9.588210190267402316e-03
2.236067933349018128e-02 -1.652274174619447554e-04 -9.367533948317730919e-04 7.941392599104085378e-04 9.588210190267402316e-03
2.236067933349018128e-02 -1.652274174619447554e-04 -9.367533948317730919e-04 7.941392599104085378e-04 9.588210190267402316e-03
2.236067933349018128e-02 -1.652274174619447554e-04 -9.367533948317730919e-04 7.941392599104085378e-04 9.588210190267402316e-03
2.236067933349018128e-02 -1.652274174619447554e-04 -9.367533948317730919e-04 7.941392599104085378e-04 9.588210190267402316e-03
2.236067933349018128e-02 -1.652274174619447554e-04 -9.367533948317730919e-04 7.941392599104085378e-04 9.588210190267402316e-03
2.236067933349018128e-02 -1.652274174619447554e-04 -9.367533948317730919e-04 7.941392599104085378e-04 9.588210190267402316e-03
2.236067933349018128e-02 -1.652274174619447554e-04 -9.367533948317730919e-04 7.941392599104085378e-04 9.588210190267402316e-03
2.236067933349018128e-02 -1.652274174619447554e-04 -9.367533948317730919e-04 7.941392599104085378e-04 9.588210190267402316e-03
2.236067933349018128e-02 -1.652274174619447554e-04 -9.367533948317730919e-04 7.941392599104085378e-04 9.588210190267402316e-03
2.236067933349018128e-02 -1.652274174619447554e-04 -9.367533948317730919e-04 7.941392599104085378e-04 9.588210190267402316e-03
2.236067933349018128e-02 -1.652274174619447554e-04 -9.367533948317730919e-04 7.941392599104085378e-04 9.588210190267402316e-03
2.236067933349018128e-02 -1.652274174619447554e-04 -9.367533948317730919e-04 7.941392599104085378e-04 9.588210190267402316e-03
2.236067933349018128e-02 -1.652274174619447554e-04 -9.367533948317730919e-04 7.941392599104085378e-04 9.588210190267402316e-03
2.236067933349018128e-02 -1.652274174619447554e-04 -9.367533948317730919e-04 7.941392599104085378e-04 9.588210190267402316e-03
2.236067933349018128e-02 -1.652274174619447554e-04 -9.367533948317730919e-04 7.941392599104085378e-04 9.588210190267402316e-03
2.236067933349018128e-02 -1.652274174619447554e-04 -9.367533948317730919e-04 7.941392599104085378e-04 9.588210190267402316e-03
2.236067933349018128e-02 -1.652274174619447554e-04 -9.367533948317730919e-04 7.941392599104085378e-04 9.588210190267402316e-03
2.236067933349018128e-02 -1.652274174619447554e-04 -9.367533948317730919e-04 7.941392599104085378e-04 9.588210190267402316e-03
2.236067933349018128e-02 -1.652274174619447554e-04 -9.367533948317730919e-04 7.941392599104085378e-04 9.588210190267402316e-03
2.236067933349018128e-02 -1.652274174619447554e-04 -9.367533948317730919e-04 7.941392599104085378e-04 9.588210190267402316e-03
2.236067933349018128e-02 -1.652274174619447554e-04 -9.367533948317730919e-04 7.941392599104085378e-04 9.588210190267402316e-03
2.236067933349018128e-02 -1.652274174619447554e-04 -9.367533948317730919e-04 7.941392599104085378e-04 9.588210190267402316e-03
2.236067933349018128e-02 -1.652274174619447554e-04 -9.367533948317730919e-04 7.941392599104085378e-04 9.588210190267402316e-03
2.236067933349018128e-02 -1.652274174619447554e-04 -9.367533948317730919e-04 7.941392599104085378e-04 9.588210190267402316e-03
2.236067933349018128e-02 -1.652274174619447554e-04 -9.367533948317730919e-04 7.941392599104085378e-04 9.588210190267402316e-03
2.236067933349018128e-02 -1.652274174619447554e-04 -9.367533948317730919e-04 7.941392599104085378e-04 9.588210190267402316e-03
2.236067933349018128e-02 -1.652274174619447554e-04 -9.367533948317730919e-04 7.941392599104085378e-04 9.588210190267402316e-03
2.236067933349018128e-02 -1.652274174619447554e-04 -9.367533948317730919e-04 7.941392599104085378e-04 9.588210190267402316e-03
2.236067933349018128e-02 -1.652274174619447554e-04 -9.367533948317730919e-04 7.941392599104085378e-04 9.588210190267402316e-03
2.236067933349018128e-02 -1.652274174619447554e-04 -9.367533948317730919e-04 7.941392599104085378e-04 9.588210190267402316e-03
2.236067933349018128e-02 -1.652274174619447554e-04 -9.367533948317730919e-04 7.941392599104085378e-04 9.588210190267402316e-03
2.236067933349018128e-02 -1.652274174619447554e-04 -9.367533948317730919e-04 7.941392599104085378e-04 9.588210190267402316e-03
2.236067933349018128e-02 -1.652274174619447554e-04 -9.367533948317730919e-04 7.941392599104085378e-04 9.588210190267402316e-03
2.236067933349018128e-02 -1.652274174619447554e-04 -9.367533948317730919e-04 7.941392599104085378e-04 9.588210190267402316e-03
2.236067933349018128e-02 -1.652274174619447554e-04 -9.367533948317730919e-04 7.941392599104085378e-04 9.588210190267402316e-03
2.236067933349018128e-02 -1.652274174619447554e-04 -9.367533948317730919e-04 7.941392599104085378e-04 9.588210190267402316e-03
2.236067933349018128e-02 -1.652274174619447554e-04 -9.367533948317730919e-04 7.941392599104085378e-04 9.588210190267402316e-03
2.236067933349018128e-02 -1.652274174619447554e-04 -9.367533948317730919e-04 7.941392599104085378e-04 9.588210190267402316e-03
2.236067933349018128e-02 -1.652274174619447554e-04 -9.367533948317730919e-04 7.941392599104085378e-04 9.588210190267402316e-03
2.236067933349018128e-02 -1.652274174619447554e-04 -9.367533948317730919e-04 7.941392599104085378e-04 9.588210190267402316e-03
2.236067933349018128e-02 -1.652274174619447554e-04 -9.367533948317730919e-04 7.941392599104085378e-04 9.588210190267402316e-03
2.236067933349018128e-02 -1.652274174619447554e-04 -9.367533948317730919e-04 7.941392599104085378e-04 9.588210190267402316e-03
2.236067933349018128e-02 -1.652274174619447554e-04 -9.367533948317730919e-04 7.941392599104085378e-04 9.588210190267402316e-03
2.236067933349018128e-02 -1.652274174619447554e-04 -9.367533948317730919e-04 7.941392599104085378e-04 9.588210190267402316e-03
2.236067933349018128e-02 -1.652274174619447554e-04 -9.367533948317730919e-04 7.941392599104085378e-04 9.588210190267402316e-03
2.236067933349018128e-02 -1.652274174619447554e-04 -9.367533948317730919e-04 7.941392599104085378e-04 9.588210190267402316e-03
2.236067933349018128e-02 -1.652274174619447554e-04 -9.367533948317730919e-04 7.941392599104085378e-04 9.588210190267402316e-03
2.236067933349018128e-02 -1.652274174619447554e-04 -9.367533948317730919e-04 7.941392599104085378e-04 9.588210190267402316e-03
2.236067933349018128e-02 -1.652274174619447554e-04 -9.367533948317730919e-04 7.941392599104085378e-04 9.588210190267402316e-03
2.236067933349018128e-02 -1.652274174619447554e-04 -9.367533948317730919e-04 7.941392599104085378e-04 9.588210190267402316e-03
2.236067933349018128e-02 -1.652274174619447554e-04 -9.367533948317730919e-04 7.941392599104085378e-04 9.588210190267402316e-03
2.236067933349018128e-02 -1.652274174619447554e-04 -9.367533948317730919e-04 7.941392599104085378e-04 9.588210190267402316e-03
2.236067933349018128e-02 -1.652274174619447554e-04 -9.367533948317730919e-04 7.941392599104085378e-04 9.588210190267402316e-03
2.236067933349018128e-02 -1.652274174619447554e-04 -9.367533948317730919e-04 7.941392599104085378e-04 9.588210190267402316e-03
2.236067933349018128e-02 -1.652274174619447554e-04 -9.367533948317730919e-04 7.941392599104085378e-04 9.588210190267402316e-03
2.236067933349018128e-02 -1.652274174619447554e-04 -9.367533948317730919e-04 7.941392599104085378e-04 9.588210190267402316e-03
2.236067933349018128e-02 -1.652274174619447554e-04 -9.367533948317730919e-04 7.941392599104085378e-04 9.588210190267402316e-03
2.236067933349018128e-02 -1.652274174619447554e-04 -9.367533948317730919e-04 7.941392599104085378e-04 9.588210190267402316e-03
2.236067933349018128e-02 -1.652274174619447554e-04 -9.367533948317730919e-04 7.941392599104085378e-04 9.588210190267402316e-03
2.236067933349018128e-02 -1.652274174619447554e-04 -9.367533948317730919e-04 7.941392599104085378e-04 9.588210190267402316e-03
2.236067933349018128e-02 -1.652274174619447554e-04 -9.367533948317730919e-04 7.941392599104085378e-04 9.588210190267402316e-03
2.236067933349018128e-02 -1.652274174619447554e-04 -9.367533948317730919e-04 7.941392599104085378e-04 9.588210190267402316e-03
2.236067933349018128e-02 -1.652274174619447554e-04 -9.367533948317730919e-04 7.941392599104085378e-04 9.588210190267402316e-03
2.236067933349018128e-02 -1.652274174619447554e-04 -9.367533948317730919e-04 7.941392599104085378e-04 9.588210190267402316e-03
2.236067933349018128e-02 -1.652274174619447554e-04 -9.367533948317730919e-04 7.941392599104085378e-04 9.588210190267402316e-03
2.236067933349018128e-02 -1.652274174619447554e-04 -9.367533948317730919e-04 7.941392599104085378e-04 9.588210190267402316e-03
2.236067933349018128e-02 -1.652274174619447554e-04 -9.367533948317730919e-04 7.941392599104085378e-04 9.588210190267402316e-03
2.236067933349018128e-02 -1.652274174619447554e-04 -9.367533948317730919e-04 7.941392599104085378e-04 9.588210190267402316e-03
2.236067933349018128e-02 -1.652274174619447554e-04 -9.367533948317730919e-04 7.941392599104085378e-04 9.588210190267402316e-03
2.236067933349018128e-02 -1.652274174619447554e-04 -9.367533948317730919e-04 7.941392599104085378e-04 9.588210190267402316e-03
2.236067933349018128e-02 -1.652274174619447554e-04 -9.367533948317730919e-04 7.941392599104085378e-04 9.588210190267402316e-03
2.236067933349018128e-02 -1.652274174619447554e-04 -9.367533948317730919e-04 7.941392599104085378e-04 9.588210190267402316e-03
2.236067933349018128e-02 -1.652274174619447554e-04 -9.367533948317730919e-04 7.941392599104085378e-04 9.588210190267402316e-03
2.236067933349018128e-02 -1.652274174619447554e-04 -9.367533948317730919e-04 7.941392599104085378e-04 9.588210190267402316e-03
2.236067933349018128e-02 -1.652274174619447554e-04 -9.367533948317730919e-04 7.941392599104085378e-04 9.588210190267402316e-03
2.236067933349018128e-02 -1.652274174619447554e-04 -9.367533948317730919e-04 7.941392599104085378e-04 9.588210190267402316e-03
2.236067933349018128e-02 -1.652274174619447554e-04 -9.367533948317730919e-04 7.941392599104085378e-04 9.588210190267402316e-03
2.236067933349018128e-02 -1.652274174619447554e-04 -9.367533948317730919e-04 7.941392599104085378e-04 9.588210190267402316e-03
2.236067933349018128e-02 -1.652274174619447554e-04 -9.367533948317730919e-04 7.941392599104085378e-04 9.588210190267402316e-03
2.236067933349018128e-02 -1.652274174619447554e-04 -9.367533948317730919e-04 7.941392599104085378e-04 9.588210190267402316e-03
2.236067933349018128e-02 -1.652274174619447554e-04 -9.367533948317730919e-04 7.941392599104085378e-04 9.588210190267402316e-03
2.236067933349018128e-02 -1.652274174619447554e-04 -9.367533948317730919e-04 7.941392599104085378e-04 9.588210190267402316e-03
2.236067933349018128e-02 -1.652274174619447554e-04 -9.367533948317730919e-04 7.941392599104085378e-04 9.588210190267402316e-03
2.236067933349018128e-02 -1.652274174619447554e-04 -9.367533948317730919e-04 7.941392599104085378e-04 9.588210190267402316e-03
2.236067933349018128e-02 -1.652274174619447554e-04 -9.367533948317730919e-04 7.941392599104085378e-04 9.588210190267402316e-03
2.236067933349018128e-02 -1.652274174619447554e-04 -9.367533948317730919e-04 7.941392599104085378e-04 9.588210190267402316e-03
2.236067933349018128e-02 -1.652274174619447554e-04 -9.367533948317730919e-04 7.941392599104085378e-04 9.588210190267402316e-03
2.236067933349018128e-02 -1.652274174619447554e-04 -9.367533948317730919e-04 7.941392599104085378e-04 9.588210190267402316e-03
2.236067933349018128e-02 -1.652274174619447554e-04 -9.367533948317730919e-04 7.941392599104085378e-04 9.588210190267402316e-03
2.236067933349018128e-02 -1.652274174619447554e-04 -9.367533948317730919e-04 7.941392599104085378e-04 9.588210190267402316e-03
2.236067933349018128e-02 -1.652274174619447554e-04 -9.367533948317730919e-04 7.941392599104085378e-04 9.588210190267402316e-03
2.236067933349018128e-02 -1.652274174619447554e-04 -9.367533948317730919e-04 7.941392599104085378e-04 9.588210190267402316e-03
2.236067933349018128e-02 -1.652274174619447554e-04 -9.367533948317730919e-04 7.941392599104085378e-04 9.588210190267402316e-03
2.236067933349018128e-02 -1.652274174619447554e-04 -9.367533948317730919e-04 7.941392599104085378e-04 9.588210190267402316e-03
2.236067933349018128e-02 -1.652274174619447554e-04 -9.367533948317730919e-04 7.941392599104085378e-04 9.588210190267402316e-03
2.236067933349018128e-02 -1.652274174619447554e-04 -9.367533948317730919e-04 7.941392599104085378e-04 9.588210190267402316e-03
2.236067933349018128e-02 -1.652274174619447554e-04 -9.367533948317730919e-04 7.941392599104085378e-04 9.588210190267402316e-03
2.236067933349018128e-02 -1.652274174619447554e-04 -9.367533948317730919e-04 7.941392599104085378e-04 9.588210190267402316e-03
2.236067933349018128e-02 -1.652274174619447554e-04 -9.367533948317730919e-04 7.941392599104085378e-04 9.588210190267402316e-03
2.236067933349018128e-02 -1.652274174619447554e-04 -9.367533948317730919e-04 7.941392599104085378e-04 9.588210190267402316e-03
2.236067933349018128e-02 -1.652274174619447554e-04 -9.367533948317730919e-04 7.941392599104085378e-04 9.588210190267402316e-03
2.236067933349018128e-02 -1.652274174619447554e-04 -9.367533948317730919e-04 7.941392599104085378e-04 9.588210190267402316e-03
2.236067933349018128e-02 -1.652274174619447554e-04 -9.367533948317730919e-04 7.941392599104085378e-04 9.588210190267402316e-03
2.236067933349018128e-02 -1.652274174619447554e-04 -9.367533948317730919e-04 7.941392599104085378e-04 9.588210190267402316e-03
2.236067933349018128e-02 -1.652274174619447554e-04 -9.367533948317730919e-04 7.941392599104085378e-04 9.588210190267402316e-03
2.236067933349018128e-02 -1.652274174619447554e-04 -9.367533948317730919e-04 7.941392599104085378e-04 9.588210190267402316e-03
2.236067933349018128e-02 -1.652274174619447554e-04 -9.367533948317730919e-04 7.941392599104085378e-04 9.588210190267402316e-03
2.236067933349018128e-02 -1.652274174619447554e-04 -9.367533948317730919e-04 7.941392599104085378e-04 9.588210190267402316e-03
2.236067933349018128e-02 -1.652274174619447554e-04 -9.367533948317730919e-04 7.941392599104085378e-04 9.588210190267402316e-03
2.236067933349018128e-02 -1.652274174619447554e-04 -9.367533948317730919e-04 7.941392599104085378e-04 9.588210190267402316e-03
2.236067933349018128e-02 -1.652274174619447554e-04 -9.367533948317730919e-04 7.941392599104085378e-04 9.588210190267402316e-03
2.236067933349018128e-02 -1.652274174619447554e-04 -9.367533948317730919e-04 7.941392599104085378e-04 9.588210190267402316e-03
2.236067933349018128e-02 -1.652274174619447554e-04 -9.367533948317730919e-04 7.941392599104085378e-04 9.588210190267402316e-03
2.236067933349018128e-02 -1.652274174619447554e-04 -9.367533948317730919e-04 7.941392599104085378e-04 9.588210190267402316e-03
2.236067933349018128e-02 -1.652274174619447554e-04 -9.367533948317730919e-04 7.941392599104085378e-04 9.588210190267402316e-03
2.236067933349018128e-02 -1.652274174619447554e-04 -9.367533948317730919e-04 7.941392599104085378e-04 9.588210190267402316e-03
2.236067933349018128e-02 -1.652274174619447554e-04 -9.367533948317730919e-04 7.941392599104085378e-04 9.588210190267402316e-03
2.236067933349018128e-02 -1.652274174619447554e-04 -9.367533948317730919e-04 7.941392599104085378e-04 9.588210190267402316e-03
2.236067933349018128e-02 -1.652274174619447554e-04 -9.367533948317730919e-04 7.941392599104085378e-04 9.588210190267402316e-03
2.236067933349018128e-02 -1.652274174619447554e-04 -9.367533948317730919e-04 7.941392599104085378e-04 9.588210190267402316e-03
2.236067933349018128e-02 -1.652274174619447554e-04 -9.367533948317730919e-04 7.941392599104085378e-04 9.588210190267402316e-03
2.236067933349018128e-02 -1.652274174619447554e-04 -9.367533948317730919e-04 7.941392599104085378e-04 9.588210190267402316e-03
2.236067933349018128e-02 -1.652274174619447554e-04 -9.367533948317730919e-04 7.941392599104085378e-04 9.588210190267402316e-03
2.236067933349018128e-02 -1.652274174619447554e-04 -9.367533948317730919e-04 7.941392599104085378e-04 9.588210190267402316e-03
2.236067933349018128e-02 -1.652274174619447554e-04 -9.367533948317730919e-04 7.941392599104085378e-04 9.588210190267402316e-03
2.236067933349018128e-02 -1.652274174619447554e-04 -9.367533948317730919e-04 7.941392599104085378e-04 9.588210190267402316e-03
2.236067933349018128e-02 -1.652274174619447554e-04 -9.367533948317730919e-04 7.941392599104085378e-04 9.588210190267402316e-03
2.236067933349018128e-02 -1.652274174619447554e-04 -9.367533948317730919e-04 7.941392599104085378e-04 9.588210190267402316e-03
2.236067933349018128e-02 -1.652274174619447554e-04 -9.367533948317730919e-04 7.941392599104085378e-04 9.588210190267402316e-03
2.236067933349018128e-02 -1.652274174619447554e-04 -9.367533948317730919e-04 7.941392599104085378e-04 9.588210190267402316e-03
2.236067933349018128e-02 -1.652274174619447554e-04 -9.367533948317730919e-04 7.941392599104085378e-04 9.588210190267402316e-03
2.236067933349018128e-02 -1.652274174619447554e-04 -9.367533948317730919e-04 7.941392599104085378e-04 9.588210190267402316e-03
2.236067933349018128e-02 -1.652274174619447554e-04 -9.367533948317730919e-04 7.941392599104085378e-04 9.588210190267402316e-03
2.236067933349018128e-02 -1.652274174619447554e-04 -9.367533948317730919e-04 7.941392599104085378e-04 9.588210190267402316e-03
2.236067933349018128e-02 -1.652274174619447554e-04 -9.367533948317730919e-04 7.941392599104085378e-04 9.588210190267402316e-03
2.236067933349018128e-02 -1.652274174619447554e-04 -9.367533948317730919e-04 7.941392599104085378e-04 9.588210190267402316e-03
2.236067933349018128e-02 -1.652274174619447554e-04 -9.367533948317730919e-04 7.941392599104085378e-04 9.588210190267402316e-03
2.236067933349018128e-02 -1.652274174619447554e-04 -9.367533948317730919e-04 7.941392599104085378e-04 9.588210190267402316e-03
2.236067933349018128e-02 -1.652274174619447554e-04 -9.367533948317730919e-04 7.941392599104085378e-04 9.588210190267402316e-03
2.236067933349018128e-02 -1.652274174619447554e-04 -9.367533948317730919e-04 7.941392599104085378e-04 9.588210190267402316e-03
2.236067933349018128e-02 -1.652274174619447554e-04 -9.367533948317730919e-04 7.941392599104085378e-04 9.588210190267402316e-03
2.236067933349018128e-02 -1.652274174619447554e-04 -9.367533948317730919e-04 7.941392599104085378e-04 9.588210190267402316e-03
2.236067933349018128e-02 -1.652274174619447554e-04 -9.367533948317730919e-04 7.941392599104085378e-04 9.588210190267402316e-03
2.236067933349018128e-02 -1.652274174619447554e-04 -9.367533948317730919e-04 7.941392599104085378e-04 9.588210190267402316e-03
2.236067933349018128e-02 -1.652274174619447554e-04 -9.367533948317730919e-04 7.941392599104085378e-04 9.588210190267402316e-03
2.236067933349018128e-02 -1.652274174619447554e-04 -9.367533948317730919e-04 7.941392599104085378e-04 9.588210190267402316e-03
2.236067933349018128e-02 -1.652274174619447554e-04 -9.367533948317730919e-04 7.941392599104085378e-04 9.588210190267402316e-03
2.236067933349018128e-02 -1.652274174619447554e-04 -9.367533948317730919e-04 7.941392599104085378e-04 9.588210190267402316e-03
2.236067933349018128e-02 -1.652274174619447554e-04 -9.367533948317730919e-04 7.941392599104085378e-04 9.588210190267402316e-03
2.236067933349018128e-02 -1.652274174619447554e-04 -9.367533948317730919e-04 7.941392599104085378e-04 9.588210190267402316e-03
2.236067933349018128e-02 -1.652274174619447554e-04 -9.367533948317730919e-04 7.941392599104085378e-04 9.588210190267402316e-03
2.236067933349018128e-02 -1.652274174619447554e-04 -9.367533948317730919e-04 7.941392599104085378e-04 9.588210190267402316e-03
2.236067933349018128e-02 -1.652274174619447554e-04 -9.367533948317730919e-04 7.941392599104085378e-04 9.588210190267402316e-03
2.236067933349018128e-02 -1.652274174619447554e-04 -9.367533948317730919e-04 7.941392599104085378e-04 9.588210190267402316e-03
2.236067933349018128e-02 -1.652274174619447554e-04 -9.367533948317730919e-04 7.941392599104085378e-04 9.588210190267402316e-03
2.236067933349018128e-02 -1.652274174619447554e-04 -9.367533948317730919e-04 7.941392599104085378e-04 9.588210190267402316e-03
2.236067933349018128e-02 -1.652274174619447554e-04 -9.367533948317730919e-04 7.941392599104085378e-04 9.588210190267402316e-03
2.236067933349018128e-02 -1.652274174619447554e-04 -9.367533948317730919e-04 7.941392599104085378e-04 9.588210190267402316e-03
2.236067933349018128e-02 -1.652274174619447554e-04 -9.367533948317730919e-04 7.941392599104085378e-04 9.588210190267402316e-03
2.236067933349018128e-02 -1.652274174619447554e-04 -9.367533948317730919e-04 7.941392599104085378e-04 9.588210190267402316e-03
2.236067933349018128e-02 -1.652274174619447554e-04 -9.367533948317730919e-04 7.941392599104085378e-04 9.588210190267402316e-03
2.236067933349018128e-02 -1.652274174619447554e-04 -9.367533948317730919e-04 7.941392599104085378e-04 9.588210190267402316e-03
2.236067933349018128e-02 -1.652274174619447554e-04 -9.367533948317730919e-04 7.941392599104085378e-04 9.588210190267402316e-03
2.236067933349018128e-02 -1.652274174619447554e-04 -9.367533948317730919e-04 7.941392599104085378e-04 9.588210190267402316e-03
2.236067933349018128e-02 -1.652274174619447554e-04 -9.367533948317730919e-04 7.941392599104085378e-04 9.588210190267402316e-03
2.236067933349018128e-02 -1.652274174619447554e-04 -9.367533948317730919e-04 7.941392599104085378e-04 9.588210190267402316e-03
2.236067933349018128e-02 -1.652274174619447554e-04 -9.367533948317730919e-04 7.941392599104085378e-04 9.588210190267402316e-03
2.236067933349018128e-02 -1.652274174619447554e-04 -9.367533948317730919e-04 7.941392599104085378e-04 9.588210190267402316e-03
2.236067933349018128e-02 -1.652274174619447554e-04 -9.367533948317730919e-04 7.941392599104085378e-04 9.588210190267402316e-03
2.236067933349018128e-02 -1.652274174619447554e-04 -9.367533948317730919e-04 7.941392599104085378e-04 9.588210190267402316e-03
2.236067933349018128e-02 -1.652274174619447554e-04 -9.367533948317730919e-04 7.941392599104085378e-04 9.588210190267402316e-03
2.236067933349018128e-02 -1.652274174619447554e-04 -9.367533948317730919e-04 7.941392599104085378e-04 9.588210190267402316e-03
2.236067933349018128e-02 -1.652274174619447554e-04 -9.367533948317730919e-04 7.941392599104085378e-04 9.588210190267402316e-03
2.236067933349018128e-02 -1.652274174619447554e-04 -9.367533948317730919e-04 7.941392599104085378e-04 9.588210190267402316e-03
2.236067933349018128e-02 -1.652274174619447554e-04 -9.367533948317730919e-04 7.941392599104085378e-04 9.588210190267402316e-03
2.236067933349018128e-02 -1.652274174619447554e-04 -9.367533948317730919e-04 7.941392599104085378e-04 9.588210190267402316e-03
2.236067933349018128e-02 -1.652274174619447554e-04 -9.367533948317730919e-04 7.941392599104085378e-04 9.588210190267402316e-03
2.236067933349018128e-02 -1.652274174619447554e-04 -9.367533948317730919e-04 7.941392599104085378e-04 9.588210190267402316e-03
2.236067933349018128e-02 -1.652274174619447554e-04 -9.367533948317730919e-04 7.941392599104085378e-04 9.588210190267402316e-03
2.236067933349018128e-02 -1.652274174619447554e-04 -9.367533948317730919e-04 7.941392599104085378e-04 9.588210190267402316e-03
2.236067933349018128e-02 -1.652274174619447554e-04 -9.367533948317730919e-04 7.941392599104085378e-04 9.588210190267402316e-03
2.236067933349018128e-02 -1.652274174619447554e-04 -9.367533948317730919e-04 7.941392599104085378e-04 9.588210190267402316e-03
2.236067933349018128e-02 -1.652274174619447554e-04 -9.367533948317730919e-04 7.941392599104085378e-04 9.588210190267402316e-03
2.236067933349018128e-02 -1.652274174619447554e-04 -9.367533948317730919e-04 7.941392599104085378e-04 9.588210190267402316e-03
2.236067933349018128e-02 -1.652274174619447554e-04 -9.367533948317730919e-04 7.941392599104085378e-04 9.588210190267402316e-03
2.236067933349018128e-02 -1.652274174619447554e-04 -9.367533948317730919e-04 7.941392599104085378e-04 9.588210190267402316e-03
2.236067933349018128e-02 -1.652274174619447554e-04 -9.367533948317730919e-04 7.941392599104085378e-04 9.588210190267402316e-03
2.236067933349018128e-02 -1.652274174619447554e-04 -9.367533948317730919e-04 7.941392599104085378e-04 9.588210190267402316e-03
2.236067933349018128e-02 -1.652274174619447554e-04 -9.367533948317730919e-04 7.941392599104085378e-04 9.588210190267402316e-03
2.236067933349018128e-02 -1.652274174619447554e-04 -9.367533948317730919e-04 7.941392599104085378e-04 9.588210190267402316e-03
2.236067933349018128e-02 -1.652274174619447554e-04 -9.367533948317730919e-04 7.941392599104085378e-04 9.588210190267402316e-03
2.236067933349018128e-02 -1.652274174619447554e-04 -9.367533948317730919e-04 7.941392599104085378e-04 9.588210190267402316e-03
2.236067933349018128e-02 -1.652274174619447554e-04 -9.367533948317730919e-04 7.941392599104085378e-04 9.588210190267402316e-03
2.236067933349018128e-02 -1.652274174619447554e-04 -9.367533948317730919e-04 7.941392599104085378e-04 9.588210190267402316e-03
2.236067933349018128e-02 -1.652274174619447554e-04 -9.367533948317730919e-04 7.941392599104085378e-04 9.588210190267402316e-03
2.236067933349018128e-02 -1.652274174619447554e-04 -9.367533948317730919e-04 7.941392599104085378e-04 9.588210190267402316e-03
2.236067933349018128e-02 -1.652274174619447554e-04 -9.367533948317730919e-04 7.941392599104085378e-04 9.588210190267402316e-03
2.236067933349018128e-02 -1.652274174619447554e-04 -9.367533948317730919e-04 7.941392599104085378e-04 9.588210190267402316e-03
2.236067933349018128e-02 -1.652274174619447554e-04 -9.367533948317730919e-04 7.941392599104085378e-04 9.588210190267402316e-03
2.236067933349018128e-02 -1.652274174619447554e-04 -9.367533948317730919e-04 7.941392599104085378e-04 9.588210190267402316e-03
2.236067933349018128e-02 -1.652274174619447554e-04 -9.367533948317730919e-04 7.941392599104085378e-04 9.588210190267402316e-03
2.236067933349018128e-02 -1.652274174619447554e-04 -9.367533948317730919e-04 7.941392599104085378e-04 9.588210190267402316e-03
2.236067933349018128e-02 -1.652274174619447554e-04 -9.367533948317730919e-04 7.941392599104085378e-04 9.588210190267402316e-03
2.236067933349018128e-02 -1.652274174619447554e-04 -9.367533948317730919e-04 7.941392599104085378e-04 9.588210190267402316e-03
2.236067933349018128e-02 -1.652274174619447554e-04 -9.367533948317730919e-04 7.941392599104085378e-04 9.588210190267402316e-03
2.236067933349018128e-02 -1.652274174619447554e-04 -9.367533948317730919e-04 7.941392599104085378e-04 9.588210190267402316e-03
2.236067933349018128e-02 -1.652274174619447554e-04 -9.367533948317730919e-04 7.941392599104085378e-04 9.588210190267402316e-03
2.236067933349018128e-02 -1.652274174619447554e-04 -9.367533948317730919e-04 7.941392599104085378e-04 9.588210190267402316e-03
2.236067933349018128e-02 -1.652274174619447554e-04 -9.367533948317730919e-04 7.941392599104085378e-04 9.588210190267402316e-03
2.236067933349018128e-02 -1.652274174619447554e-04 -9.367533948317730919e-04 7.941392599104085378e-04 9.588210190267402316e-03
2.236067933349018128e-02 -1.652274174619447554e-04 -9.367533948317730919e-04 7.941392599104085378e-04 9.588210190267402316e-03
2.236067933349018128e-02 -1.652274174619447554e-04 -9.367533948317730919e-04 7.941392599104085378e-04 9.588210190267402316e-03
2.236067933349018128e-02 -1.652274174619447554e-04 -9.367533948317730919e-04 7.941392599104085378e-04 9.588210190267402316e-03
2.236067933349018128e-02 -1.652274174619447554e-04 -9.367533948317730919e-04 7.941392599104085378e-04 9.588210190267402316e-03
2.236067933349018128e-02 -1.652274174619447554e-04 -9.367533948317730919e-04 7.941392599104085378e-04 9.588210190267402316e-03
2.236067933349018128e-02 -1.652274174619447554e-04 -9.367533948317730919e-04 7.941392599104085378e-04 9.588210190267402316e-03
2.236067933349018128e-02 -1.652274174619447554e-04 -9.367533948317730919e-04 7.941392599104085378e-04 9.588210190267402316e-03
2.236067933349018128e-02 -1.652274174619447554e-04 -9.367533948317730919e-04 7.941392599104085378e-04 9.588210190267402316e-03
2.236067933349018128e-02 -1.652274174619447554e-04 -9.367533948317730919e-04 7.941392599104085378e-04 9.588210190267402316e-03
2.236067933349018128e-02 -1.652274174619447554e-04 -9.367533948317730919e-04 7.941392599104085378e-04 9.588210190267402316e-03
2.236067933349018128e-02 -1.652274174619447554e-04 -9.367533948317730919e-04 7.941392599104085378e-04 9.588210190267402316e-03
2.236067933349018128e-02 -1.652274174619447554e-04 -9.367533948317730919e-04 7.941392599104085378e-04 9.588210190267402316e-03
2.236067933349018128e-02 -1.652274174619447554e-04 -9.367533948317730919e-04 7.941392599104085378e-04 9.588210190267402316e-03
2.236067933349018128e-02 -1.652274174619447554e-04 -9.367533948317730919e-04 7.941392599104085378e-04 9.588210190267402316e-03
2.236067933349018128e-02 -1.652274174619447554e-04 -9.367533948317730919e-04 7.941392599104085378e-04 9.588210190267402316e-03
2.236067933349018128e-02 -1.652274174619447554e-04 -9.367533948317730919e-04 7.941392599104085378e-04 9.588210190267402316e-03
2.236067933349018128e-02 -1.652274174619447554e-04 -9.367533948317730919e-04 7.941392599104085378e-04 9.588210190267402316e-03
2.236067933349018128e-02 -1.652274174619447554e-04 -9.367533948317730919e-04 7.941392599104085378e-04 9.588210190267402316e-03
2.236067933349018128e-02 -1.652274174619447554e-04 -9.367533948317730919e-04 7.941392599104085378e-04 9.588210190267402316e-03
2.236067933349018128e-02 -1.652274174619447554e-04 -9.367533948317730919e-04 7.941392599104085378e-04 9.588210190267402316e-03
2.236067933349018128e-02 -1.652274174619447554e-04 -9.367533948317730919e-04 7.941392599104085378e-04 9.588210190267402316e-03
2.236067933349018128e-02 -1.652274174619447554e-04 -9.367533948317730919e-04 7.941392599104085378e-04 9.588210190267402316e-03
2.236067933349018128e-02 -1.652274174619447554e-04 -9.367533948317730919e-04 7.941392599104085378e-04 9.588210190267402316e-03
2.236067933349018128e-02 -1.652274174619447554e-04 -9.367533948317730919e-04 7.941392599104085378e-04 9.588210190267402316e-03
2.236067933349018128e-02 -1.652274174619447554e-04 -9.367533948317730919e-04 7.941392599104085378e-04 9.588210190267402316e-03
2.236067933349018128e-02 -1.652274174619447554e-04 -9.367533948317730919e-04 7.941392599104085378e-04 9.588210190267402316e-03
2.236067933349018128e-02 -1.652274174619447554e-04 -9.367533948317730919e-04 7.941392599104085378e-04 9.588210190267402316e-03
2.236067933349018128e-02 -1.652274174619447554e-04 -9.367533948317730919e-04 7.941392599104085378e-04 9.588210190267402316e-03
2.236067933349018128e-02 -1.652274174619447554e-04 -9.367533948317730919e-04 7.941392599104085378e-04 9.588210190267402316e-03
2.236067933349018128e-02 -1.652274174619447554e-04 -9.367533948317730919e-04 7.941392599104085378e-04 9.588210190267402316e-03
2.236067933349018128e-02 -1.652274174619447554e-04 -9.367533948317730919e-04 7.941392599104085378e-04 9.588210190267402316e-03
2.236067933349018128e-02 -1.652274174619447554e-04 -9.367533948317730919e-04 7.941392599104085378e-04 9.588210190267402316e-03
2.236067933349018128e-02 -1.652274174619447554e-04 -9.367533948317730919e-04 7.941392599104085378e-04 9.588210190267402316e-03
2.236067933349018128e-02 -1.652274174619447554e-04 -9.367533948317730919e-04 7.941392599104085378e-04 9.588210190267402316e-03
2.236067933349018128e-02 -1.652274174619447554e-04 -9.367533948317730919e-04 7.941392599104085378e-04 9.588210190267402316e-03
2.236067933349018128e-02 -1.652274174619447554e-04 -9.367533948317730919e-04 7.941392599104085378e-04 9.588210190267402316e-03
2.236067933349018128e-02 -1.652274174619447554e-04 -9.367533948317730919e-04 7.941392599104085378e-04 9.588210190267402316e-03
2.236067933349018128e-02 -1.652274174619447554e-04 -9.367533948317730919e-04 7.941392599104085378e-04 9.588210190267402316e-03
2.236067933349018128e-02 -1.652274174619447554e-04 -9.367533948317730919e-04 7.941392599104085378e-04 9.588210190267402316e-03
2.236067933349018128e-02 -1.652274174619447554e-04 -9.367533948317730919e-04 7.941392599104085378e-04 9.588210190267402316e-03
2.236067933349018128e-02 -1.652274174619447554e-04 -9.367533948317730919e-04 7.941392599104085378e-04 9.588210190267402316e-03
2.236067933349018128e-02 -1.652274174619447554e-04 -9.367533948317730919e-04 7.941392599104085378e-04 9.588210190267402316e-03
2.236067933349018128e-02 -1.652274174619447554e-04 -9.367533948317730919e-04 7.941392599104085378e-04 9.588210190267402316e-03
2.236067933349018128e-02 -1.652274174619447554e-04 -9.367533948317730919e-04 7.941392599104085378e-04 9.588210190267402316e-03
2.236067933349018128e-02 -1.652274174619447554e-04 -9.367533948317730919e-04 7.941392599104085378e-04 9.588210190267402316e-03
2.236067933349018128e-02 -1.652274174619447554e-04 -9.367533948317730919e-04 7.941392599104085378e-04 9.588210190267402316e-03
2.236067933349018128e-02 -1.652274174619447554e-04 -9.367533948317730919e-04 7.941392599104085378e-04 9.588210190267402316e-03
2.236067933349018128e-02 -1.652274174619447554e-04 -9.367533948317730919e-04 7.941392599104085378e-04 9.588210190267402316e-03
2.236067933349018128e-02 -1.652274174619447554e-04 -9.367533948317730919e-04 7.941392599104085378e-04 9.588210190267402316e-03
2.236067933349018128e-02 -1.652274174619447554e-04 -9.367533948317730919e-04 7.941392599104085378e-04 9.588210190267402316e-03
2.236067933349018128e-02 -1.652274174619447554e-04 -9.367533948317730919e-04 7.941392599104085378e-04 9.588210190267402316e-03
2.236067933349018128e-02 -1.652274174619447554e-04 -9.367533948317730919e-04 7.941392599104085378e-04 9.588210190267402316e-03
2.236067933349018128e-02 -1.652274174619447554e-04 -9.367533948317730919e-04 7.941392599104085378e-04 9.588210190267402316e-03
2.236067933349018128e-02 -1.652274174619447554e-04 -9.367533948317730919e-04 7.941392599104085378e-04 9.588210190267402316e-03
2.236067933349018128e-02 -1.652274174619447554e-04 -9.367533948317730919e-04 7.941392599104085378e-04 9.588210190267402316e-03
2.236067933349018128e-02 -1.652274174619447554e-04 -9.367533948317730919e-04 7.941392599104085378e-04 9.588210190267402316e-03
2.236067933349018128e-02 -1.652274174619447554e-04 -9.367533948317730919e-04 7.941392599104085378e-04 9.588210190267402316e-03
2.236067933349018128e-02 -1.652274174619447554e-04 -9.367533948317730919e-04 7.941392599104085378e-04 9.588210190267402316e-03
2.236067933349018128e-02 -1.652274174619447554e-04 -9.367533948317730919e-04 7.941392599104085378e-04 9.588210190267402316e-03
2.236067933349018128e-02 -1.652274174619447554e-04 -9.367533948317730919e-04 7.941392599104085378e-04 9.588210190267402316e-03
2.236067933349018128e-02 -1.652274174619447554e-04 -9.367533948317730919e-04 7.941392599104085378e-04 9.588210190267402316e-03
2.236067933349018128e-02 -1.652274174619447554e-04 -9.367533948317730919e-04 7.941392599104085378e-04 9.588210190267402316e-03
2.236067933349018128e-02 -1.652274174619447554e-04 -9.367533948317730919e-04 7.941392599104085378e-04 9.588210190267402316e-03
2.236067933349018128e-02 -1.652274174619447554e-04 -9.367533948317730919e-04 7.941392599104085378e-04 9.588210190267402316e-03
2.236067933349018128e-02 -1.652274174619447554e-04 -9.367533948317730919e-04 7.941392599104085378e-04 9.588210190267402316e-03
2.236067933349018128e-02 -1.652274174619447554e-04 -9.367533948317730919e-04 7.941392599104085378e-04 9.588210190267402316e-03
2.236067933349018128e-02 -1.652274174619447554e-04 -9.367533948317730919e-04 7.941392599104085378e-04 9.588210190267402316e-03
2.236067933349018128e-02 -1.652274174619447554e-04 -9.367533948317730919e-04 7.941392599104085378e-04 9.588210190267402316e-03
2.236067933349018128e-02 -1.652274174619447554e-04 -9.367533948317730919e-04 7.941392599104085378e-04 9.588210190267402316e-03
2.236067933349018128e-02 -1.652274174619447554e-04 -9.367533948317730919e-04 7.941392599104085378e-04 9.588210190267402316e-03
2.236067933349018128e-02 -1.652274174619447554e-04 -9.367533948317730919e-04 7.941392599104085378e-04 9.588210190267402316e-03
2.236067933349018128e-02 -1.652274174619447554e-04 -9.367533948317730919e-04 7.941392599104085378e-04 9.588210190267402316e-03
2.236067933349018128e-02 -1.652274174619447554e-04 -9.367533948317730919e-04 7.941392599104085378e-04 9.588210190267402316e-03
2.236067933349018128e-02 -1.652274174619447554e-04 -9.367533948317730919e-04 7.941392599104085378e-04 9.588210190267402316e-03
2.236067933349018128e-02 -1.652274174619447554e-04 -9.367533948317730919e-04 7.941392599104085378e-04 9.588210190267402316e-03
2.236067933349018128e-02 -1.652274174619447554e-04 -9.367533948317730919e-04 7.941392599104085378e-04 9.588210190267402316e-03
2.236067933349018128e-02 -1.652274174619447554e-04 -9.367533948317730919e-04 7.941392599104085378e-04 9.588210190267402316e-03
2.236067933349018128e-02 -1.652274174619447554e-04 -9.367533948317730919e-04 7.941392599104085378e-04 9.588210190267402316e-03
2.236067933349018128e-02 -1.652274174619447554e-04 -9.367533948317730919e-04 7.941392599104085378e-04 9.588210190267402316e-03
2.236067933349018128e-02 -1.652274174619447554e-04 -9.367533948317730919e-04 7.941392599104085378e-04 9.588210190267402316e-03
2.236067933349018128e-02 -1.652274174619447554e-04 -9.367533948317730919e-04 7.941392599104085378e-04 9.588210190267402316e-03
2.236067933349018128e-02 -1.652274174619447554e-04 -9.367533948317730919e-04 7.941392599104085378e-04 9.588210190267402316e-03
2.236067933349018128e-02 -1.652274174619447554e-04 -9.367533948317730919e-04 7.941392599104085378e-04 9.588210190267402316e-03
2.236067933349018128e-02 -1.652274174619447554e-04 -9.367533948317730919e-04 7.941392599104085378e-04 9.588210190267402316e-03
2.236067933349018128e-02 -1.652274174619447554e-04 -9.367533948317730919e-04 7.941392599104085378e-04 9.588210190267402316e-03
2.236067933349018128e-02 -1.652274174619447554e-04 -9.367533948317730919e-04 7.941392599104085378e-04 9.588210190267402316e-03
2.236067933349018128e-02 -1.652274174619447554e-04 -9.367533948317730919e-04 7.941392599104085378e-04 9.588210190267402316e-03
2.236067933349018128e-02 -1.652274174619447554e-04 -9.367533948317730919e-04 7.941392599104085378e-04 9.588210190267402316e-03
2.236067933349018128e-02 -1.652274174619447554e-04 -9.367533948317730919e-04 7.941392599104085378e-04 9.588210190267402316e-03
2.236067933349018128e-02 -1.652274174619447554e-04 -9.367533948317730919e-04 7.941392599104085378e-04 9.588210190267402316e-03
2.236067933349018128e-02 -1.652274174619447554e-04 -9.367533948317730919e-04 7.941392599104085378e-04 9.588210190267402316e-03
2.236067933349018128e-02 -1.652274174619447554e-04 -9.367533948317730919e-04 7.941392599104085378e-04 9.588210190267402316e-03
2.236067933349018128e-02 -1.652274174619447554e-04 -9.367533948317730919e-04 7.941392599104085378e-04 9.588210190267402316e-03
2.236067933349018128e-02 -1.652274174619447554e-04 -9.367533948317730919e-04 7.941392599104085378e-04 9.588210190267402316e-03
2.236067933349018128e-02 -1.652274174619447554e-04 -9.367533948317730919e-04 7.941392599104085378e-04 9.588210190267402316e-03
2.236067933349018128e-02 -1.652274174619447554e-04 -9.367533948317730919e-04 7.941392599104085378e-04 9.588210190267402316e-03
2.236067933349018128e-02 -1.652274174619447554e-04 -9.367533948317730919e-04 7.941392599104085378e-04 9.588210190267402316e-03
2.236067933349018128e-02 -1.652274174619447554e-04 -9.367533948317730919e-04 7.941392599104085378e-04 9.588210190267402316e-03
2.236067933349018128e-02 -1.652274174619447554e-04 -9.367533948317730919e-04 7.941392599104085378e-04 9.588210190267402316e-03
2.236067933349018128e-02 -1.652274174619447554e-04 -9.367533948317730919e-04 7.941392599104085378e-04 9.588210190267402316e-03
2.236067933349018128e-02 -1.652274174619447554e-04 -9.367533948317730919e-04 7.941392599104085378e-04 9.588210190267402316e-03
2.236067933349018128e-02 -1.652274174619447554e-04 -9.367533948317730919e-04 7.941392599104085378e-04 9.588210190267402316e-03
2.236067933349018128e-02 -1.652274174619447554e-04 -9.367533948317730919e-04 7.941392599104085378e-04 9.588210190267402316e-03
2.236067933349018128e-02 -1.652274174619447554e-04 -9.367533948317730919e-04 7.941392599104085378e-04 9.588210190267402316e-03
2.236067933349018128e-02 -1.652274174619447554e-04 -9.367533948317730919e-04 7.941392599104085378e-04 9.588210190267402316e-03
2.236067933349018128e-02 -1.652274174619447554e-04 -9.367533948317730919e-04 7.941392599104085378e-04 9.588210190267402316e-03
2.236067933349018128e-02 -1.652274174619447554e-04 -9.367533948317730919e-04 7.941392599104085378e-04 9.588210190267402316e-03
2.236067933349018128e-02 -1.652274174619447554e-04 -9.367533948317730919e-04 7.941392599104085378e-04 9.588210190267402316e-03
2.236067933349018128e-02 -1.652274174619447554e-04 -9.367533948317730919e-04 7.941392599104085378e-04 9.588210190267402316e-03
2.236067933349018128e-02 -1.652274174619447554e-04 -9.367533948317730919e-04 7.941392599104085378e-04 9.588210190267402316e-03
2.236067933349018128e-02 -1.652274174619447554e-04 -9.367533948317730919e-04 7.941392599104085378e-04 9.588210190267402316e-03
2.236067933349018128e-02 -1.652274174619447554e-04 -9.367533948317730919e-04 7.941392599104085378e-04 9.588210190267402316e-03
2.236067933349018128e-02 -1.652274174619447554e-04 -9.367533948317730919e-04 7.941392599104085378e-04 9.588210190267402316e-03
2.236067933349018128e-02 -1.652274174619447554e-04 -9.367533948317730919e-04 7.941392599104085378e-04 9.588210190267402316e-03
2.236067933349018128e-02 -1.652274174619447554e-04 -9.367533948317730919e-04 7.941392599104085378e-04 9.588210190267402316e-03
2.236067933349018128e-02 -1.652274174619447554e-04 -9.367533948317730919e-04 7.941392599104085378e-04 9.588210190267402316e-03
2.236067933349018128e-02 -1.652274174619447554e-04 -9.367533948317730919e-04 7.941392599104085378e-04 9.588210190267402316e-03
2.236067933349018128e-02 -1.652274174619447554e-04 -9.367533948317730919e-04 7.941392599104085378e-04 9.588210190267402316e-03
2.236067933349018128e-02 -1.652274174619447554e-04 -9.367533948317730919e-04 7.941392599104085378e-04 9.588210190267402316e-03
2.236067933349018128e-02 -1.652274174619447554e-04 -9.367533948317730919e-04 7.941392599104085378e-04 9.588210190267402316e-03
2.236067933349018128e-02 -1.652274174619447554e-04 -9.367533948317730919e-04 7.941392599104085378e-04 9.588210190267402316e-03
2.236067933349018128e-02 -1.652274174619447554e-04 -9.367533948317730919e-04 7.941392599104085378e-04 9.588210190267402316e-03
2.236067933349018128e-02 -1.652274174619447554e-04 -9.367533948317730919e-04 7.941392599104085378e-04 9.588210190267402316e-03
2.236067933349018128e-02 -1.652274174619447554e-04 -9.367533948317730919e-04 7.941392599104085378e-04 9.588210190267402316e-03
2.236067933349018128e-02 -1.652274174619447554e-04 -9.367533948317730919e-04 7.941392599104085378e-04 9.588210190267402316e-03
2.236067933349018128e-02 -1.652274174619447554e-04 -9.367533948317730919e-04 7.941392599104085378e-04 9.588210190267402316e-03
2.236067933349018128e-02 -1.652274174619447554e-04 -9.367533948317730919e-04 7.941392599104085378e-04 9.588210190267402316e-03
2.236067933349018128e-02 -1.652274174619447554e-04 -9.367533948317730919e-04 7.941392599104085378e-04 9.588210190267402316e-03
2.236067933349018128e-02 -1.652274174619447554e-04 -9.367533948317730919e-04 7.941392599104085378e-04 9.588210190267402316e-03
2.236067933349018128e-02 -1.652274174619447554e-04 -9.367533948317730919e-04 7.941392599104085378e-04 9.588210190267402316e-03
2.236067933349018128e-02 -1.652274174619447554e-04 -9.367533948317730919e-04 7.941392599104085378e-04 9.588210190267402316e-03
2.236067933349018128e-02 -1.652274174619447554e-04 -9.367533948317730919e-04 7.941392599104085378e-04 9.588210190267402316e-03
2.236067933349018128e-02 -1.652274174619447554e-04 -9.367533948317730919e-04 7.941392599104085378e-04 9.588210190267402316e-03
2.236067933349018128e-02 -1.652274174619447554e-04 -9.367533948317730919e-04 7.941392599104085378e-04 9.588210190267402316e-03
2.236067933349018128e-02 -1.652274174619447554e-04 -9.367533948317730919e-04 7.941392599104085378e-04 9.588210190267402316e-03
2.236067933349018128e-02 -1.652274174619447554e-04 -9.367533948317730919e-04 7.941392599104085378e-04 9.588210190267402316e-03
2.236067933349018128e-02 -1.652274174619447554e-04 -9.367533948317730919e-04 7.941392599104085378e-04 9.588210190267402316e-03
2.236067933349018128e-02 -1.652274174619447554e-04 -9.367533948317730919e-04 7.941392599104085378e-04 9.588210190267402316e-03
2.236067933349018128e-02 -1.652274174619447554e-04 -9.367533948317730919e-04 7.941392599104085378e-04 9.588210190267402316e-03
2.236067933349018128e-02 -1.652274174619447554e-04 -9.367533948317730919e-04 7.941392599104085378e-04 9.588210190267402316e-03
2.236067933349018128e-02 -1.652274174619447554e-04 -9.367533948317730919e-04 7.941392599104085378e-04 9.588210190267402316e-03
2.236067933349018128e-02 -1.652274174619447554e-04 -9.367533948317730919e-04 7.941392599104085378e-04 9.588210190267402316e-03
2.236067933349018128e-02 -1.652274174619447554e-04 -9.367533948317730919e-04 7.941392599104085378e-04 9.588210190267402316e-03
2.236067933349018128e-02 -1.652274174619447554e-04 -9.367533948317730919e-04 7.941392599104085378e-04 9.588210190267402316e-03
2.236067933349018128e-02 -1.652274174619447554e-04 -9.367533948317730919e-04 7.941392599104085378e-04 9.588210190267402316e-03
2.236067933349018128e-02 -1.652274174619447554e-04 -9.367533948317730919e-04 7.941392599104085378e-04 9.588210190267402316e-03
2.236067933349018128e-02 -1.652274174619447554e-04 -9.367533948317730919e-04 7.941392599104085378e-04 9.588210190267402316e-03
2.236067933349018128e-02 -1.652274174619447554e-04 -9.367533948317730919e-04 7.941392599104085378e-04 9.588210190267402316e-03
2.236067933349018128e-02 -1.652274174619447554e-04 -9.367533948317730919e-04 7.941392599104085378e-04 9.588210190267402316e-03
2.236067933349018128e-02 -1.652274174619447554e-04 -9.367533948317730919e-04 7.941392599104085378e-04 9.588210190267402316e-03
2.236067933349018128e-02 -1.652274174619447554e-04 -9.367533948317730919e-04 7.941392599104085378e-04 9.588210190267402316e-03
2.236067933349018128e-02 -1.652274174619447554e-04 -9.367533948317730919e-04 7.941392599104085378e-04 9.588210190267402316e-03
2.236067933349018128e-02 -1.652274174619447554e-04 -9.367533948317730919e-04 7.941392599104085378e-04 9.588210190267402316e-03
2.236067933349018128e-02 -1.652274174619447554e-04 -9.367533948317730919e-04 7.941392599104085378e-04 9.588210190267402316e-03
2.236067933349018128e-02 -1.652274174619447554e-04 -9.367533948317730919e-04 7.941392599104085378e-04 9.588210190267402316e-03
2.236067933349018128e-02 -1.652274174619447554e-04 -9.367533948317730919e-04 7.941392599104085378e-04 9.588210190267402316e-03
2.236067933349018128e-02 -1.652274174619447554e-04 -9.367533948317730919e-04 7.941392599104085378e-04 9.588210190267402316e-03
2.236067933349018128e-02 -1.652274174619447554e-04 -9.367533948317730919e-04 7.941392599104085378e-04 9.588210190267402316e-03
2.236067933349018128e-02 -1.652274174619447554e-04 -9.367533948317730919e-04 7.941392599104085378e-04 9.588210190267402316e-03
2.236067933349018128e-02 -1.652274174619447554e-04 -9.367533948317730919e-04 7.941392599104085378e-04 9.588210190267402316e-03
2.236067933349018128e-02 -1.652274174619447554e-04 -9.367533948317730919e-04 7.941392599104085378e-04 9.588210190267402316e-03
2.236067933349018128e-02 -1.652274174619447554e-04 -9.367533948317730919e-04 7.941392599104085378e-04 9.588210190267402316e-03
2.236067933349018128e-02 -1.652274174619447554e-04 -9.367533948317730919e-04 7.941392599104085378e-04 9.588210190267402316e-03
2.236067933349018128e-02 -1.652274174619447554e-04 -9.367533948317730919e-04 7.941392599104085378e-04 9.588210190267402316e-03
2.236067933349018128e-02 -1.652274174619447554e-04 -9.367533948317730919e-04 7.941392599104085378e-04 9.588210190267402316e-03
2.236067933349018128e-02 -1.652274174619447554e-04 -9.367533948317730919e-04 7.941392599104085378e-04 9.588210190267402316e-03
2.236067933349018128e-02 -1.652274174619447554e-04 -9.367533948317730919e-04 7.941392599104085378e-04 9.588210190267402316e-03
2.236067933349018128e-02 -1.652274174619447554e-04 -9.367533948317730919e-04 7.941392599104085378e-04 9.588210190267402316e-03
2.236067933349018128e-02 -1.652274174619447554e-04 -9.367533948317730919e-04 7.941392599104085378e-04 9.588210190267402316e-03
2.236067933349018128e-02 -1.652274174619447554e-04 -9.367533948317730919e-04 7.941392599104085378e-04 9.588210190267402316e-03
2.236067933349018128e-02 -1.652274174619447554e-04 -9.367533948317730919e-04 7.941392599104085378e-04 9.588210190267402316e-03
2.236067933349018128e-02 -1.652274174619447554e-04 -9.367533948317730919e-04 7.941392599104085378e-04 9.588210190267402316e-03
2.236067933349018128e-02 -1.652274174619447554e-04 -9.367533948317730919e-04 7.941392599104085378e-04 9.588210190267402316e-03
2.236067933349018128e-02 -1.652274174619447554e-04 -9.367533948317730919e-04 7.941392599104085378e-04 9.588210190267402316e-03
2.236067933349018128e-02 -1.652274174619447554e-04 -9.367533948317730919e-04 7.941392599104085378e-04 9.588210190267402316e-03
2.236067933349018128e-02 -1.652274174619447554e-04 -9.367533948317730919e-04 7.941392599104085378e-04 9.588210190267402316e-03
2.236067933349018128e-02 -1.652274174619447554e-04 -9.367533948317730919e-04 7.941392599104085378e-04 9.588210190267402316e-03
2.236067933349018128e-02 -1.652274174619447554e-04 -9.367533948317730919e-04 7.941392599104085378e-04 9.588210190267402316e-03
2.236067933349018128e-02 -1.652274174619447554e-04 -9.367533948317730919e-04 7.941392599104085378e-04 9.588210190267402316e-03
2.236067933349018128e-02 -1.652274174619447554e-04 -9.367533948317730919e-04 7.941392599104085378e-04 9.588210190267402316e-03
2.236067933349018128e-02 -1.652274174619447554e-04 -9.367533948317730919e-04 7.941392599104085378e-04 9.588210190267402316e-03
2.236067933349018128e-02 -1.652274174619447554e-04 -9.367533948317730919e-04 7.941392599104085378e-04 9.588210190267402316e-03
2.236067933349018128e-02 -1.652274174619447554e-04 -9.367533948317730919e-04 7.941392599104085378e-04 9.588210190267402316e-03
2.236067933349018128e-02 -1.652274174619447554e-04 -9.367533948317730919e-04 7.941392599104085378e-04 9.588210190267402316e-03
2.236067933349018128e-02 -1.652274174619447554e-04 -9.367533948317730919e-04 7.941392599104085378e-04 9.588210190267402316e-03
2.236067933349018128e-02 -1.652274174619447554e-04 -9.367533948317730919e-04 7.941392599104085378e-04 9.588210190267402316e-03
2.236067933349018128e-02 -1.652274174619447554e-04 -9.367533948317730919e-04 7.941392599104085378e-04 9.588210190267402316e-03
2.236067933349018128e-02 -1.652274174619447554e-04 -9.367533948317730919e-04 7.941392599104085378e-04 9.588210190267402316e-03
2.236067933349018128e-02 -1.652274174619447554e-04 -9.367533948317730919e-04 7.941392599104085378e-04 9.588210190267402316e-03
2.236067933349018128e-02 -1.652274174619447554e-04 -9.367533948317730919e-04 7.941392599104085378e-04 9.588210190267402316e-03
2.236067933349018128e-02 -1.652274174619447554e-04 -9.367533948317730919e-04 7.941392599104085378e-04 9.588210190267402316e-03
2.236067933349018128e-02 -1.652274174619447554e-04 -9.367533948317730919e-04 7.941392599104085378e-04 9.588210190267402316e-03
2.236067933349018128e-02 -1.652274174619447554e-04 -9.367533948317730919e-04 7.941392599104085378e-04 9.588210190267402316e-03
2.236067933349018128e-02 -1.652274174619447554e-04 -9.367533948317730919e-04 7.941392599104085378e-04 9.588210190267402316e-03
2.236067933349018128e-02 -1.652274174619447554e-04 -9.367533948317730919e-04 7.941392599104085378e-04 9.588210190267402316e-03
2.236067933349018128e-02 -1.652274174619447554e-04 -9.367533948317730919e-04 7.941392599104085378e-04 9.588210190267402316e-03
2.236067933349018128e-02 -1.652274174619447554e-04 -9.367533948317730919e-04 7.941392599104085378e-04 9.588210190267402316e-03
2.236067933349018128e-02 -1.652274174619447554e-04 -9.367533948317730919e-04 7.941392599104085378e-04 9.588210190267402316e-03
2.236067933349018128e-02 -1.652274174619447554e-04 -9.367533948317730919e-04 7.941392599104085378e-04 9.588210190267402316e-03
2.236067933349018128e-02 -1.652274174619447554e-04 -9.367533948317730919e-04 7.941392599104085378e-04 9.588210190267402316e-03
2.236067933349018128e-02 -1.652274174619447554e-04 -9.367533948317730919e-04 7.941392599104085378e-04 9.588210190267402316e-03
2.236067933349018128e-02 -1.652274174619447554e-04 -9.367533948317730919e-04 7.941392599104085378e-04 9.588210190267402316e-03
2.236067933349018128e-02 -1.652274174619447554e-04 -9.367533948317730919e-04 7.941392599104085378e-04 9.588210190267402316e-03
2.236067933349018128e-02 -1.652274174619447554e-04 -9.367533948317730919e-04 7.941392599104085378e-04 9.588210190267402316e-03
2.236067933349018128e-02 -1.652274174619447554e-04 -9.367533948317730919e-04 7.941392599104085378e-04 9.588210190267402316e-03
2.236067933349018128e-02 -1.652274174619447554e-04 -9.367533948317730919e-04 7.941392599104085378e-04 9.588210190267402316e-03
2.236067933349018128e-02 -1.652274174619447554e-04 -9.367533948317730919e-04 7.941392599104085378e-04 9.588210190267402316e-03
2.236067933349018128e-02 -1.652274174619447554e-04 -9.367533948317730919e-04 7.941392599104085378e-04 9.588210190267402316e-03
2.236067933349018128e-02 -1.652274174619447554e-04 -9.367533948317730919e-04 7.941392599104085378e-04 9.588210190267402316e-03
2.236067933349018128e-02 -1.652274174619447554e-04 -9.367533948317730919e-04 7.941392599104085378e-04 9.588210190267402316e-03
2.236067933349018128e-02 -1.652274174619447554e-04 -9.367533948317730919e-04 7.941392599104085378e-04 9.588210190267402316e-03
2.236067933349018128e-02 -1.652274174619447554e-04 -9.367533948317730919e-04 7.941392599104085378e-04 9.588210190267402316e-03
2.236067933349018128e-02 -1.652274174619447554e-04 -9.367533948317730919e-04 7.941392599104085378e-04 9.588210190267402316e-03
2.236067933349018128e-02 -1.652274174619447554e-04 -9.367533948317730919e-04 7.941392599104085378e-04 9.588210190267402316e-03
2.236067933349018128e-02 -1.652274174619447554e-04 -9.367533948317730919e-04 7.941392599104085378e-04 9.588210190267402316e-03
2.236067933349018128e-02 -1.652274174619447554e-04 -9.367533948317730919e-04 7.941392599104085378e-04 9.588210190267402316e-03
2.236067933349018128e-02 -1.652274174619447554e-04 -9.367533948317730919e-04 7.941392599104085378e-04 9.588210190267402316e-03
2.236067933349018128e-02 -1.652274174619447554e-04 -9.367533948317730919e-04 7.941392599104085378e-04 9.588210190267402316e-03
2.236067933349018128e-02 -1.652274174619447554e-04 -9.367533948317730919e-04 7.941392599104085378e-04 9.588210190267402316e-03
2.236067933349018128e-02 -1.652274174619447554e-04 -9.367533948317730919e-04 7.941392599104085378e-04 9.588210190267402316e-03
2.236067933349018128e-02 -1.652274174619447554e-04 -9.367533948317730919e-04 7.941392599104085378e-04 9.588210190267402316e-03
2.236067933349018128e-02 -1.652274174619447554e-04 -9.367533948317730919e-04 7.941392599104085378e-04 9.588210190267402316e-03
2.236067933349018128e-02 -1.652274174619447554e-04 -9.367533948317730919e-04 7.941392599104085378e-04 9.588210190267402316e-03
2.236067933349018128e-02 -1.652274174619447554e-04 -9.367533948317730919e-04 7.941392599104085378e-04 9.588210190267402316e-03
2.236067933349018128e-02 -1.652274174619447554e-04 -9.367533948317730919e-04 7.941392599104085378e-04 9.588210190267402316e-03
2.236067933349018128e-02 -1.652274174619447554e-04 -9.367533948317730919e-04 7.941392599104085378e-04 9.588210190267402316e-03
2.236067933349018128e-02 -1.652274174619447554e-04 -9.367533948317730919e-04 7.941392599104085378e-04 9.588210190267402316e-03
2.236067933349018128e-02 -1.652274174619447554e-04 -9.367533948317730919e-04 7.941392599104085378e-04 9.588210190267402316e-03
2.236067933349018128e-02 -1.652274174619447554e-04 -9.367533948317730919e-04 7.941392599104085378e-04 9.588210190267402316e-03
2.236067933349018128e-02 -1.652274174619447554e-04 -9.367533948317730919e-04 7.941392599104085378e-04 9.588210190267402316e-03
2.236067933349018128e-02 -1.652274174619447554e-04 -9.367533948317730919e-04 7.941392599104085378e-04 9.588210190267402316e-03
2.236067933349018128e-02 -1.652274174619447554e-04 -9.367533948317730919e-04 7.941392599104085378e-04 9.588210190267402316e-03
2.236067933349018128e-02 -1.652274174619447554e-04 -9.367533948317730919e-04 7.941392599104085378e-04 9.588210190267402316e-03
2.236067933349018128e-02 -1.652274174619447554e-04 -9.367533948317730919e-04 7.941392599104085378e-04 9.588210190267402316e-03
2.236067933349018128e-02 -1.652274174619447554e-04 -9.367533948317730919e-04 7.941392599104085378e-04 9.588210190267402316e-03
2.236067933349018128e-02 -1.652274174619447554e-04 -9.367533948317730919e-04 7.941392599104085378e-04 9.588210190267402316e-03
2.236067933349018128e-02 -1.652274174619447554e-04 -9.367533948317730919e-04 7.941392599104085378e-04 9.588210190267402316e-03
2.236067933349018128e-02 -1.652274174619447554e-04 -9.367533948317730919e-04 7.941392599104085378e-04 9.588210190267402316e-03
2.236067933349018128e-02 -1.652274174619447554e-04 -9.367533948317730919e-04 7.941392599104085378e-04 9.588210190267402316e-03
2.236067933349018128e-02 -1.652274174619447554e-04 -9.367533948317730919e-04 7.941392599104085378e-04 9.588210190267402316e-03
2.236067933349018128e-02 -1.652274174619447554e-04 -9.367533948317730919e-04 7.941392599104085378e-04 9.588210190267402316e-03
2.236067933349018128e-02 -1.652274174619447554e-04 -9.367533948317730919e-04 7.941392599104085378e-04 9.588210190267402316e-03
2.236067933349018128e-02 -1.652274174619447554e-04 -9.367533948317730919e-04 7.941392599104085378e-04 9.588210190267402316e-03
2.236067933349018128e-02 -1.652274174619447554e-04 -9.367533948317730919e-04 7.941392599104085378e-04 9.588210190267402316e-03
2.236067933349018128e-02 -1.652274174619447554e-04 -9.367533948317730919e-04 7.941392599104085378e-04 9.588210190267402316e-03
2.236067933349018128e-02 -1.652274174619447554e-04 -9.367533948317730919e-04 7.941392599104085378e-04 9.588210190267402316e-03
2.236067933349018128e-02 -1.652274174619447554e-04 -9.367533948317730919e-04 7.941392599104085378e-04 9.588210190267402316e-03
2.236067933349018128e-02 -1.652274174619447554e-04 -9.367533948317730919e-04 7.941392599104085378e-04 9.588210190267402316e-03
2.236067933349018128e-02 -1.652274174619447554e-04 -9.367533948317730919e-04 7.941392599104085378e-04 9.588210190267402316e-03
2.236067933349018128e-02 -1.652274174619447554e-04 -9.367533948317730919e-04 7.941392599104085378e-04 9.588210190267402316e-03
2.236067933349018128e-02 -1.652274174619447554e-04 -9.367533948317730919e-04 7.941392599104085378e-04 9.588210190267402316e-03
2.236067933349018128e-02 -1.652274174619447554e-04 -9.367533948317730919e-04 7.941392599104085378e-04 9.588210190267402316e-03
2.236067933349018128e-02 -1.652274174619447554e-04 -9.367533948317730919e-04 7.941392599104085378e-04 9.588210190267402316e-03
2.236067933349018128e-02 -1.652274174619447554e-04 -9.367533948317730919e-04 7.941392599104085378e-04 9.588210190267402316e-03
2.236067933349018128e-02 -1.652274174619447554e-04 -9.367533948317730919e-04 7.941392599104085378e-04 9.588210190267402316e-03
2.236067933349018128e-02 -1.652274174619447554e-04 -9.367533948317730919e-04 7.941392599104085378e-04 9.588210190267402316e-03
2.236067933349018128e-02 -1.652274174619447554e-04 -9.367533948317730919e-04 7.941392599104085378e-04 9.588210190267402316e-03
2.236067933349018128e-02 -1.652274174619447554e-04 -9.367533948317730919e-04 7.941392599104085378e-04 9.588210190267402316e-03
2.236067933349018128e-02 -1.652274174619447554e-04 -9.367533948317730919e-04 7.941392599104085378e-04 9.588210190267402316e-03
2.236067933349018128e-02 -1.652274174619447554e-04 -9.367533948317730919e-04 7.941392599104085378e-04 9.588210190267402316e-03
2.236067933349018128e-02 -1.652274174619447554e-04 -9.367533948317730919e-04 7.941392599104085378e-04 9.588210190267402316e-03
2.236067933349018128e-02 -1.652274174619447554e-04 -9.367533948317730919e-04 7.941392599104085378e-04 9.588210190267402316e-03
2.236067933349018128e-02 -1.652274174619447554e-04 -9.367533948317730919e-04 7.941392599104085378e-04 9.588210190267402316e-03
2.236067933349018128e-02 -1.652274174619447554e-04 -9.367533948317730919e-04 7.941392599104085378e-04 9.588210190267402316e-03
2.236067933349018128e-02 -1.652274174619447554e-04 -9.367533948317730919e-04 7.941392599104085378e-04 9.588210190267402316e-03
2.236067933349018128e-02 -1.652274174619447554e-04 -9.367533948317730919e-04 7.941392599104085378e-04 9.588210190267402316e-03
2.236067933349018128e-02 -1.652274174619447554e-04 -9.367533948317730919e-04 7.941392599104085378e-04 9.588210190267402316e-03
2.236067933349018128e-02 -1.652274174619447554e-04 -9.367533948317730919e-04 7.941392599104085378e-04 9.588210190267402316e-03
2.236067933349018128e-02 -1.652274174619447554e-04 -9.367533948317730919e-04 7.941392599104085378e-04 9.588210190267402316e-03
2.236067933349018128e-02 -1.652274174619447554e-04 -9.367533948317730919e-04 7.941392599104085378e-04 9.588210190267402316e-03
2.236067933349018128e-02 -1.652274174619447554e-04 -9.367533948317730919e-04 7.941392599104085378e-04 9.588210190267402316e-03
2.236067933349018128e-02 -1.652274174619447554e-04 -9.367533948317730919e-04 7.941392599104085378e-04 9.588210190267402316e-03
2.236067933349018128e-02 -1.652274174619447554e-04 -9.367533948317730919e-04 7.941392599104085378e-04 9.588210190267402316e-03
2.236067933349018128e-02 -1.652274174619447554e-04 -9.367533948317730919e-04 7.941392599104085378e-04 9.588210190267402316e-03
2.236067933349018128e-02 -1.652274174619447554e-04 -9.367533948317730919e-04 7.941392599104085378e-04 9.588210190267402316e-03
2.236067933349018128e-02 -1.652274174619447554e-04 -9.367533948317730919e-04 7.941392599104085378e-04 9.588210190267402316e-03
2.236067933349018128e-02 -1.652274174619447554e-04 -9.367533948317730919e-04 7.941392599104085378e-04 9.588210190267402316e-03
2.236067933349018128e-02 -1.652274174619447554e-04 -9.367533948317730919e-04 7.941392599104085378e-04 9.588210190267402316e-03
2.236067933349018128e-02 -1.652274174619447554e-04 -9.367533948317730919e-04 7.941392599104085378e-04 9.588210190267402316e-03
2.236067933349018128e-02 -1.652274174619447554e-04 -9.367533948317730919e-04 7.941392599104085378e-04 9.588210190267402316e-03
2.236067933349018128e-02 -1.652274174619447554e-04 -9.367533948317730919e-04 7.941392599104085378e-04 9.588210190267402316e-03
2.236067933349018128e-02 -1.652274174619447554e-04 -9.367533948317730919e-04 7.941392599104085378e-04 9.588210190267402316e-03
2.236067933349018128e-02 -1.652274174619447554e-04 -9.367533948317730919e-04 7.941392599104085378e-04 9.588210190267402316e-03
2.236067933349018128e-02 -1.652274174619447554e-04 -9.367533948317730919e-04 7.941392599104085378e-04 9.588210190267402316e-03
2.236067933349018128e-02 -1.652274174619447554e-04 -9.367533948317730919e-04 7.941392599104085378e-04 9.588210190267402316e-03
2.236067933349018128e-02 -1.652274174619447554e-04 -9.367533948317730919e-04 7.941392599104085378e-04 9.588210190267402316e-03
2.236067933349018128e-02 -1.652274174619447554e-04 -9.367533948317730919e-04 7.941392599104085378e-04 9.588210190267402316e-03
2.236067933349018128e-02 -1.652274174619447554e-04 -9.367533948317730919e-04 7.941392599104085378e-04 9.588210190267402316e-03
2.236067933349018128e-02 -1.652274174619447554e-04 -9.367533948317730919e-04 7.941392599104085378e-04 9.588210190267402316e-03
2.236067933349018128e-02 -1.652274174619447554e-04 -9.367533948317730919e-04 7.941392599104085378e-04 9.588210190267402316e-03
2.236067933349018128e-02 -1.652274174619447554e-04 -9.367533948317730919e-04 7.941392599104085378e-04 9.588210190267402316e-03
2.236067933349018128e-02 -1.652274174619447554e-04 -9.367533948317730919e-04 7.941392599104085378e-04 9.588210190267402316e-03
2.236067933349018128e-02 -1.652274174619447554e-04 -9.367533948317730919e-04 7.941392599104085378e-04 9.588210190267402316e-03
2.236067933349018128e-02 -1.652274174619447554e-04 -9.367533948317730919e-04 7.941392599104085378e-04 9.588210190267402316e-03
2.236067933349018128e-02 -1.652274174619447554e-04 -9.367533948317730919e-04 7.941392599104085378e-04 9.588210190267402316e-03
2.236067933349018128e-02 -1.652274174619447554e-04 -9.367533948317730919e-04 7.941392599104085378e-04 9.588210190267402316e-03
2.236067933349018128e-02 -1.652274174619447554e-04 -9.367533948317730919e-04 7.941392599104085378e-04 9.588210190267402316e-03
2.236067933349018128e-02 -1.652274174619447554e-04 -9.367533948317730919e-04 7.941392599104085378e-04 9.588210190267402316e-03
2.236067933349018128e-02 -1.652274174619447554e-04 -9.367533948317730919e-04 7.941392599104085378e-04 9.588210190267402316e-03
2.236067933349018128e-02 -1.652274174619447554e-04 -9.367533948317730919e-04 7.941392599104085378e-04 9.588210190267402316e-03
2.236067933349018128e-02 -1.652274174619447554e-04 -9.367533948317730919e-04 7.941392599104085378e-04 9.588210190267402316e-03
2.236067933349018128e-02 -1.652274174619447554e-04 -9.367533948317730919e-04 7.941392599104085378e-04 9.588210190267402316e-03
2.236067933349018128e-02 -1.652274174619447554e-04 -9.367533948317730919e-04 7.941392599104085378e-04 9.588210190267402316e-03
2.236067933349018128e-02 -1.652274174619447554e-04 -9.367533948317730919e-04 7.941392599104085378e-04 9.588210190267402316e-03
2.236067933349018128e-02 -1.652274174619447554e-04 -9.367533948317730919e-04 7.941392599104085378e-04 9.588210190267402316e-03
2.236067933349018128e-02 -1.652274174619447554e-04 -9.367533948317730919e-04 7.941392599104085378e-04 9.588210190267402316e-03
2.236067933349018128e-02 -1.652274174619447554e-04 -9.367533948317730919e-04 7.941392599104085378e-04 9.588210190267402316e-03
2.236067933349018128e-02 -1.652274174619447554e-04 -9.367533948317730919e-04 7.941392599104085378e-04 9.588210190267402316e-03
2.236067933349018128e-02 -1.652274174619447554e-04 -9.367533948317730919e-04 7.941392599104085378e-04 9.588210190267402316e-03
2.236067933349018128e-02 -1.652274174619447554e-04 -9.367533948317730919e-04 7.941392599104085378e-04 9.588210190267402316e-03
2.236067933349018128e-02 -1.652274174619447554e-04 -9.367533948317730919e-04 7.941392599104085378e-04 9.588210190267402316e-03
2.236067933349018128e-02 -1.652274174619447554e-04 -9.367533948317730919e-04 7.941392599104085378e-04 9.588210190267402316e-03
2.236067933349018128e-02 -1.652274174619447554e-04 -9.367533948317730919e-04 7.941392599104085378e-04 9.588210190267402316e-03
2.236067933349018128e-02 -1.652274174619447554e-04 -9.367533948317730919e-04 7.941392599104085378e-04 9.588210190267402316e-03
2.236067933349018128e-02 -1.652274174619447554e-04 -9.367533948317730919e-04 7.941392599104085378e-04 9.588210190267402316e-03
2.236067933349018128e-02 -1.652274174619447554e-04 -9.367533948317730919e-04 7.941392599104085378e-04 9.588210190267402316e-03
2.236067933349018128e-02 -1.652274174619447554e-04 -9.367533948317730919e-04 7.941392599104085378e-04 9.588210190267402316e-03
2.236067933349018128e-02 -1.652274174619447554e-04 -9.367533948317730919e-04 7.941392599104085378e-04 9.588210190267402316e-03
2.236067933349018128e-02 -1.652274174619447554e-04 -9.367533948317730919e-04 7.941392599104085378e-04 9.588210190267402316e-03
2.236067933349018128e-02 -1.652274174619447554e-04 -9.367533948317730919e-04 7.941392599104085378e-04 9.588210190267402316e-03
2.236067933349018128e-02 -1.652274174619447554e-04 -9.367533948317730919e-04 7.941392599104085378e-04 9.588210190267402316e-03
2.236067933349018128e-02 -1.652274174619447554e-04 -9.367533948317730919e-04 7.941392599104085378e-04 9.588210190267402316e-03
2.236067933349018128e-02 -1.652274174619447554e-04 -9.367533948317730919e-04 7.941392599104085378e-04 9.588210190267402316e-03
2.236067933349018128e-02 -1.652274174619447554e-04 -9.367533948317730919e-04 7.941392599104085378e-04 9.588210190267402316e-03
2.236067933349018128e-02 -1.652274174619447554e-04 -9.367533948317730919e-04 7.941392599104085378e-04 9.588210190267402316e-03
2.236067933349018128e-02 -1.652274174619447554e-04 -9.367533948317730919e-04 7.941392599104085378e-04 9.588210190267402316e-03
2.236067933349018128e-02 -1.652274174619447554e-04 -9.367533948317730919e-04 7.941392599104085378e-04 9.588210190267402316e-03
2.236067933349018128e-02 -1.652274174619447554e-04 -9.367533948317730919e-04 7.941392599104085378e-04 9.588210190267402316e-03
2.236067933349018128e-02 -1.652274174619447554e-04 -9.367533948317730919e-04 7.941392599104085378e-04 9.588210190267402316e-03
2.236067933349018128e-02 -1.652274174619447554e-04 -9.367533948317730919e-04 7.941392599104085378e-04 9.588210190267402316e-03
2.236067933349018128e-02 -1.652274174619447554e-04 -9.367533948317730919e-04 7.941392599104085378e-04 9.588210190267402316e-03
2.236067933349018128e-02 -1.652274174619447554e-04 -9.367533948317730919e-04 7.941392599104085378e-04 9.588210190267402316e-03
2.236067933349018128e-02 -1.652274174619447554e-04 -9.367533948317730919e-04 7.941392599104085378e-04 9.588210190267402316e-03
2.236067933349018128e-02 -1.652274174619447554e-04 -9.367533948317730919e-04 7.941392599104085378e-04 9.588210190267402316e-03
2.236067933349018128e-02 -1.652274174619447554e-04 -9.367533948317730919e-04 7.941392599104085378e-04 9.588210190267402316e-03
2.236067933349018128e-02 -1.652274174619447554e-04 -9.367533948317730919e-04 7.941392599104085378e-04 9.588210190267402316e-03
2.236067933349018128e-02 -1.652274174619447554e-04 -9.367533948317730919e-04 7.941392599104085378e-04 9.588210190267402316e-03
2.236067933349018128e-02 -1.652274174619447554e-04 -9.367533948317730919e-04 7.941392599104085378e-04 9.588210190267402316e-03
2.236067933349018128e-02 -1.652274174619447554e-04 -9.367533948317730919e-04 7.941392599104085378e-04 9.588210190267402316e-03
2.236067933349018128e-02 -1.652274174619447554e-04 -9.367533948317730919e-04 7.941392599104085378e-04 9.588210190267402316e-03
2.236067933349018128e-02 -1.652274174619447554e-04 -9.367533948317730919e-04 7.941392599104085378e-04 9.588210190267402316e-03
2.236067933349018128e-02 -1.652274174619447554e-04 -9.367533948317730919e-04 7.941392599104085378e-04 9.588210190267402316e-03
2.236067933349018128e-02 -1.652274174619447554e-04 -9.367533948317730919e-04 7.941392599104085378e-04 9.588210190267402316e-03
2.236067933349018128e-02 -1.652274174619447554e-04 -9.367533948317730919e-04 7.941392599104085378e-04 9.588210190267402316e-03
2.236067933349018128e-02 -1.652274174619447554e-04 -9.367533948317730919e-04 7.941392599104085378e-04 9.588210190267402316e-03
2.236067933349018128e-02 -1.652274174619447554e-04 -9.367533948317730919e-04 7.941392599104085378e-04 9.588210190267402316e-03
2.236067933349018128e-02 -1.652274174619447554e-04 -9.367533948317730919e-04 7.941392599104085378e-04 9.588210190267402316e-03
2.236067933349018128e-02 -1.652274174619447554e-04 -9.367533948317730919e-04 7.941392599104085378e-04 9.588210190267402316e-03
2.236067933349018128e-02 -1.652274174619447554e-04 -9.367533948317730919e-04 7.941392599104085378e-04 9.588210190267402316e-03
2.236067933349018128e-02 -1.652274174619447554e-04 -9.367533948317730919e-04 7.941392599104085378e-04 9.588210190267402316e-03
2.236067933349018128e-02 -1.652274174619447554e-04 -9.367533948317730919e-04 7.941392599104085378e-04 9.588210190267402316e-03
2.236067933349018128e-02 -1.652274174619447554e-04 -9.367533948317730919e-04 7.941392599104085378e-04 9.588210190267402316e-03
2.236067933349018128e-02 -1.652274174619447554e-04 -9.367533948317730919e-04 7.941392599104085378e-04 9.588210190267402316e-03
2.236067933349018128e-02 -1.652274174619447554e-04 -9.367533948317730919e-04 7.941392599104085378e-04 9.588210190267402316e-03
2.236067933349018128e-02 -1.652274174619447554e-04 -9.367533948317730919e-04 7.941392599104085378e-04 9.588210190267402316e-03
2.236067933349018128e-02 -1.652274174619447554e-04 -9.367533948317730919e-04 7.941392599104085378e-04 9.588210190267402316e-03
2.236067933349018128e-02 -1.652274174619447554e-04 -9.367533948317730919e-04 7.941392599104085378e-04 9.588210190267402316e-03
2.236067933349018128e-02 -1.652274174619447554e-04 -9.367533948317730919e-04 7.941392599104085378e-04 9.588210190267402316e-03
2.236067933349018128e-02 -1.652274174619447554e-04 -9.367533948317730919e-04 7.941392599104085378e-04 9.588210190267402316e-03
2.236067933349018128e-02 -1.652274174619447554e-04 -9.367533948317730919e-04 7.941392599104085378e-04 9.588210190267402316e-03
2.236067933349018128e-02 -1.652274174619447554e-04 -9.367533948317730919e-04 7.941392599104085378e-04 9.588210190267402316e-03
2.236067933349018128e-02 -1.652274174619447554e-04 -9.367533948317730919e-04 7.941392599104085378e-04 9.588210190267402316e-03
2.236067933349018128e-02 -1.652274174619447554e-04 -9.367533948317730919e-04 7.941392599104085378e-04 9.588210190267402316e-03
2.236067933349018128e-02 -1.652274174619447554e-04 -9.367533948317730919e-04 7.941392599104085378e-04 9.588210190267402316e-03
2.236067933349018128e-02 -1.652274174619447554e-04 -9.367533948317730919e-04 7.941392599104085378e-04 9.588210190267402316e-03
2.236067933349018128e-02 -1.652274174619447554e-04 -9.367533948317730919e-04 7.941392599104085378e-04 9.588210190267402316e-03
2.236067933349018128e-02 -1.652274174619447554e-04 -9.367533948317730919e-04 7.941392599104085378e-04 9.588210190267402316e-03
2.236067933349018128e-02 -1.652274174619447554e-04 -9.367533948317730919e-04 7.941392599104085378e-04 9.588210190267402316e-03
2.236067933349018128e-02 -1.652274174619447554e-04 -9.367533948317730919e-04 7.941392599104085378e-04 9.588210190267402316e-03
2.236067933349018128e-02 -1.652274174619447554e-04 -9.367533948317730919e-04 7.941392599104085378e-04 9.588210190267402316e-03
2.236067933349018128e-02 -1.652274174619447554e-04 -9.367533948317730919e-04 7.941392599104085378e-04 9.588210190267402316e-03
2.236067933349018128e-02 -1.652274174619447554e-04 -9.367533948317730919e-04 7.941392599104085378e-04 9.588210190267402316e-03
2.236067933349018128e-02 -1.652274174619447554e-04 -9.367533948317730919e-04 7.941392599104085378e-04 9.588210190267402316e-03
2.236067933349018128e-02 -1.652274174619447554e-04 -9.367533948317730919e-04 7.941392599104085378e-04 9.588210190267402316e-03
2.236067933349018128e-02 -1.652274174619447554e-04 -9.367533948317730919e-04 7.941392599104085378e-04 9.588210190267402316e-03
2.236067933349018128e-02 -1.652274174619447554e-04 -9.367533948317730919e-04 7.941392599104085378e-04 9.588210190267402316e-03
2.236067933349018128e-02 -1.652274174619447554e-04 -9.367533948317730919e-04 7.941392599104085378e-04 9.588210190267402316e-03
2.236067933349018128e-02 -1.652274174619447554e-04 -9.367533948317730919e-04 7.941392599104085378e-04 9.588210190267402316e-03
2.236067933349018128e-02 -1.652274174619447554e-04 -9.367533948317730919e-04 7.941392599104085378e-04 9.588210190267402316e-03
2.236067933349018128e-02 -1.652274174619447554e-04 -9.367533948317730919e-04 7.941392599104085378e-04 9.588210190267402316e-03
2.236067933349018128e-02 -1.652274174619447554e-04 -9.367533948317730919e-04 7.941392599104085378e-04 9.588210190267402316e-03
2.236067933349018128e-02 -1.652274174619447554e-04 -9.367533948317730919e-04 7.941392599104085378e-04 9.588210190267402316e-03
2.236067933349018128e-02 -1.652274174619447554e-04 -9.367533948317730919e-04 7.941392599104085378e-04 9.588210190267402316e-03
2.236067933349018128e-02 -1.652274174619447554e-04 -9.367533948317730919e-04 7.941392599104085378e-04 9.588210190267402316e-03
2.236067933349018128e-02 -1.652274174619447554e-04 -9.367533948317730919e-04 7.941392599104085378e-04 9.588210190267402316e-03
2.236067933349018128e-02 -1.652274174619447554e-04 -9.367533948317730919e-04 7.941392599104085378e-04 9.588210190267402316e-03
2.236067933349018128e-02 -1.652274174619447554e-04 -9.367533948317730919e-04 7.941392599104085378e-04 9.588210190267402316e-03
2.236067933349018128e-02 -1.652274174619447554e-04 -9.367533948317730919e-04 7.941392599104085378e-04 9.588210190267402316e-03
2.236067933349018128e-02 -1.652274174619447554e-04 -9.367533948317730919e-04 7.941392599104085378e-04 9.588210190267402316e-03
2.236067933349018128e-02 -1.652274174619447554e-04 -9.367533948317730919e-04 7.941392599104085378e-04 9.588210190267402316e-03
2.236067933349018128e-02 -1.652274174619447554e-04 -9.367533948317730919e-04 7.941392599104085378e-04 9.588210190267402316e-03
2.236067933349018128e-02 -1.652274174619447554e-04 -9.367533948317730919e-04 7.941392599104085378e-04 9.588210190267402316e-03
2.236067933349018128e-02 -1.652274174619447554e-04 -9.367533948317730919e-04 7.941392599104085378e-04 9.588210190267402316e-03
2.236067933349018128e-02 -1.652274174619447554e-04 -9.367533948317730919e-04 7.941392599104085378e-04 9.588210190267402316e-03
2.236067933349018128e-02 -1.652274174619447554e-04 -9.367533948317730919e-04 7.941392599104085378e-04 9.588210190267402316e-03
2.236067933349018128e-02 -1.652274174619447554e-04 -9.367533948317730919e-04 7.941392599104085378e-04 9.588210190267402316e-03
2.236067933349018128e-02 -1.652274174619447554e-04 -9.367533948317730919e-04 7.941392599104085378e-04 9.588210190267402316e-03
2.236067933349018128e-02 -1.652274174619447554e-04 -9.367533948317730919e-04 7.941392599104085378e-04 9.588210190267402316e-03
2.236067933349018128e-02 -1.652274174619447554e-04 -9.367533948317730919e-04 7.941392599104085378e-04 9.588210190267402316e-03
2.236067933349018128e-02 -1.652274174619447554e-04 -9.367533948317730919e-04 7.941392599104085378e-04 9.588210190267402316e-03
2.236067933349018128e-02 -1.652274174619447554e-04 -9.367533948317730919e-04 7.941392599104085378e-04 9.588210190267402316e-03
2.236067933349018128e-02 -1.652274174619447554e-04 -9.367533948317730919e-04 7.941392599104085378e-04 9.588210190267402316e-03
2.236067933349018128e-02 -1.652274174619447554e-04 -9.367533948317730919e-04 7.941392599104085378e-04 9.588210190267402316e-03
2.236067933349018128e-02 -1.652274174619447554e-04 -9.367533948317730919e-04 7.941392599104085378e-04 9.588210190267402316e-03
2.236067933349018128e-02 -1.652274174619447554e-04 -9.367533948317730919e-04 7.941392599104085378e-04 9.588210190267402316e-03
2.236067933349018128e-02 -1.652274174619447554e-04 -9.367533948317730919e-04 7.941392599104085378e-04 9.588210190267402316e-03
2.236067933349018128e-02 -1.652274174619447554e-04 -9.367533948317730919e-04 7.941392599104085378e-04 9.588210190267402316e-03
2.236067933349018128e-02 -1.652274174619447554e-04 -9.367533948317730919e-04 7.941392599104085378e-04 9.588210190267402316e-03
2.236067933349018128e-02 -1.652274174619447554e-04 -9.367533948317730919e-04 7.941392599104085378e-04 9.588210190267402316e-03
2.236067933349018128e-02 -1.652274174619447554e-04 -9.367533948317730919e-04 7.941392599104085378e-04 9.588210190267402316e-03
2.236067933349018128e-02 -1.652274174619447554e-04 -9.367533948317730919e-04 7.941392599104085378e-04 9.588210190267402316e-03
2.236067933349018128e-02 -1.652274174619447554e-04 -9.367533948317730919e-04 7.941392599104085378e-04 9.588210190267402316e-03
2.236067933349018128e-02 -1.652274174619447554e-04 -9.367533948317730919e-04 7.941392599104085378e-04 9.588210190267402316e-03
2.236067933349018128e-02 -1.652274174619447554e-04 -9.367533948317730919e-04 7.941392599104085378e-04 9.588210190267402316e-03
2.236067933349018128e-02 -1.652274174619447554e-04 -9.367533948317730919e-04 7.941392599104085378e-04 9.588210190267402316e-03
2.236067933349018128e-02 -1.652274174619447554e-04 -9.367533948317730919e-04 7.941392599104085378e-04 9.588210190267402316e-03
2.236067933349018128e-02 -1.652274174619447554e-04 -9.367533948317730919e-04 7.941392599104085378e-04 9.588210190267402316e-03
2.236067933349018128e-02 -1.652274174619447554e-04 -9.367533948317730919e-04 7.941392599104085378e-04 9.588210190267402316e-03
2.236067933349018128e-02 -1.652274174619447554e-04 -9.367533948317730919e-04 7.941392599104085378e-04 9.588210190267402316e-03
2.236067933349018128e-02 -1.652274174619447554e-04 -9.367533948317730919e-04 7.941392599104085378e-04 9.588210190267402316e-03
2.236067933349018128e-02 -1.652274174619447554e-04 -9.367533948317730919e-04 7.941392599104085378e-04 9.588210190267402316e-03
2.236067933349018128e-02 -1.652274174619447554e-04 -9.367533948317730919e-04 7.941392599104085378e-04 9.588210190267402316e-03
2.236067933349018128e-02 -1.652274174619447554e-04 -9.367533948317730919e-04 7.941392599104085378e-04 9.588210190267402316e-03
2.236067933349018128e-02 -1.652274174619447554e-04 -9.367533948317730919e-04 7.941392599104085378e-04 9.588210190267402316e-03
2.236067933349018128e-02 -1.652274174619447554e-04 -9.367533948317730919e-04 7.941392599104085378e-04 9.588210190267402316e-03
2.236067933349018128e-02 -1.652274174619447554e-04 -9.367533948317730919e-04 7.941392599104085378e-04 9.588210190267402316e-03
2.236067933349018128e-02 -1.652274174619447554e-04 -9.367533948317730919e-04 7.941392599104085378e-04 9.588210190267402316e-03
2.236067933349018128e-02 -1.652274174619447554e-04 -9.367533948317730919e-04 7.941392599104085378e-04 9.588210190267402316e-03
2.236067933349018128e-02 -1.652274174619447554e-04 -9.367533948317730919e-04 7.941392599104085378e-04 9.588210190267402316e-03
2.236067933349018128e-02 -1.652274174619447554e-04 -9.367533948317730919e-04 7.941392599104085378e-04 9.588210190267402316e-03
2.236067933349018128e-02 -1.652274174619447554e-04 -9.367533948317730919e-04 7.941392599104085378e-04 9.588210190267402316e-03
2.236067933349018128e-02 -1.652274174619447554e-04 -9.367533948317730919e-04 7.941392599104085378e-04 9.588210190267402316e-03
2.236067933349018128e-02 -1.652274174619447554e-04 -9.367533948317730919e-04 7.941392599104085378e-04 9.588210190267402316e-03
2.236067933349018128e-02 -1.652274174619447554e-04 -9.367533948317730919e-04 7.941392599104085378e-04 9.588210190267402316e-03
2.236067933349018128e-02 -1.652274174619447554e-04 -9.367533948317730919e-04 7.941392599104085378e-04 9.588210190267402316e-03
2.236067933349018128e-02 -1.652274174619447554e-04 -9.367533948317730919e-04 7.941392599104085378e-04 9.588210190267402316e-03
2.236067933349018128e-02 -1.652274174619447554e-04 -9.367533948317730919e-04 7.941392599104085378e-04 9.588210190267402316e-03
2.236067933349018128e-02 -1.652274174619447554e-04 -9.367533948317730919e-04 7.941392599104085378e-04 9.588210190267402316e-03
2.236067933349018128e-02 -1.652274174619447554e-04 -9.367533948317730919e-04 7.941392599104085378e-04 9.588210190267402316e-03
2.236067933349018128e-02 -1.652274174619447554e-04 -9.367533948317730919e-04 7.941392599104085378e-04 9.588210190267402316e-03
2.236067933349018128e-02 -1.652274174619447554e-04 -9.367533948317730919e-04 7.941392599104085378e-04 9.588210190267402316e-03
2.236067933349018128e-02 -1.652274174619447554e-04 -9.367533948317730919e-04 7.941392599104085378e-04 9.588210190267402316e-03
2.236067933349018128e-02 -1.652274174619447554e-04 -9.367533948317730919e-04 7.941392599104085378e-04 9.588210190267402316e-03
2.236067933349018128e-02 -1.652274174619447554e-04 -9.367533948317730919e-04 7.941392599104085378e-04 9.588210190267402316e-03
2.236067933349018128e-02 -1.652274174619447554e-04 -9.367533948317730919e-04 7.941392599104085378e-04 9.588210190267402316e-03
2.236067933349018128e-02 -1.652274174619447554e-04 -9.367533948317730919e-04 7.941392599104085378e-04 9.588210190267402316e-03
2.236067933349018128e-02 -1.652274174619447554e-04 -9.367533948317730919e-04 7.941392599104085378e-04 9.588210190267402316e-03
2.236067933349018128e-02 -1.652274174619447554e-04 -9.367533948317730919e-04 7.941392599104085378e-04 9.588210190267402316e-03
2.236067933349018128e-02 -1.652274174619447554e-04 -9.367533948317730919e-04 7.941392599104085378e-04 9.588210190267402316e-03
2.236067933349018128e-02 -1.652274174619447554e-04 -9.367533948317730919e-04 7.941392599104085378e-04 9.588210190267402316e-03
2.236067933349018128e-02 -1.652274174619447554e-04 -9.367533948317730919e-04 7.941392599104085378e-04 9.588210190267402316e-03
2.236067933349018128e-02 -1.652274174619447554e-04 -9.367533948317730919e-04 7.941392599104085378e-04 9.588210190267402316e-03
2.236067933349018128e-02 -1.652274174619447554e-04 -9.367533948317730919e-04 7.941392599104085378e-04 9.588210190267402316e-03
2.236067933349018128e-02 -1.652274174619447554e-04 -9.367533948317730919e-04 7.941392599104085378e-04 9.588210190267402316e-03
2.236067933349018128e-02 -1.652274174619447554e-04 -9.367533948317730919e-04 7.941392599104085378e-04 9.588210190267402316e-03
2.236067933349018128e-02 -1.652274174619447554e-04 -9.367533948317730919e-04 7.941392599104085378e-04 9.588210190267402316e-03
2.236067933349018128e-02 -1.652274174619447554e-04 -9.367533948317730919e-04 7.941392599104085378e-04 9.588210190267402316e-03
2.236067933349018128e-02 -1.652274174619447554e-04 -9.367533948317730919e-04 7.941392599104085378e-04 9.588210190267402316e-03
2.236067933349018128e-02 -1.652274174619447554e-04 -9.367533948317730919e-04 7.941392599104085378e-04 9.588210190267402316e-03
2.236067933349018128e-02 -1.652274174619447554e-04 -9.367533948317730919e-04 7.941392599104085378e-04 9.588210190267402316e-03
2.236067933349018128e-02 -1.652274174619447554e-04 -9.367533948317730919e-04 7.941392599104085378e-04 9.588210190267402316e-03
2.236067933349018128e-02 -1.652274174619447554e-04 -9.367533948317730919e-04 7.941392599104085378e-04 9.588210190267402316e-03
2.236067933349018128e-02 -1.652274174619447554e-04 -9.367533948317730919e-04 7.941392599104085378e-04 9.588210190267402316e-03
2.236067933349018128e-02 -1.652274174619447554e-04 -9.367533948317730919e-04 7.941392599104085378e-04 9.588210190267402316e-03
2.236067933349018128e-02 -1.652274174619447554e-04 -9.367533948317730919e-04 7.941392599104085378e-04 9.588210190267402316e-03
2.236067933349018128e-02 -1.652274174619447554e-04 -9.367533948317730919e-04 7.941392599104085378e-04 9.588210190267402316e-03
2.236067933349018128e-02 -1.652274174619447554e-04 -9.367533948317730919e-04 7.941392599104085378e-04 9.588210190267402316e-03
2.236067933349018128e-02 -1.652274174619447554e-04 -9.367533948317730919e-04 7.941392599104085378e-04 9.588210190267402316e-03
2.236067933349018128e-02 -1.652274174619447554e-04 -9.367533948317730919e-04 7.941392599104085378e-04 9.588210190267402316e-03
2.236067933349018128e-02 -1.652274174619447554e-04 -9.367533948317730919e-04 7.941392599104085378e-04 9.588210190267402316e-03
2.236067933349018128e-02 -1.652274174619447554e-04 -9.367533948317730919e-04 7.941392599104085378e-04 9.588210190267402316e-03
2.236067933349018128e-02 -1.652274174619447554e-04 -9.367533948317730919e-04 7.941392599104085378e-04 9.588210190267402316e-03
2.236067933349018128e-02 -1.652274174619447554e-04 -9.367533948317730919e-04 7.941392599104085378e-04 9.588210190267402316e-03
2.236067933349018128e-02 -1.652274174619447554e-04 -9.367533948317730919e-04 7.941392599104085378e-04 9.588210190267402316e-03
2.236067933349018128e-02 -1.652274174619447554e-04 -9.367533948317730919e-04 7.941392599104085378e-04 9.588210190267402316e-03
2.236067933349018128e-02 -1.652274174619447554e-04 -9.367533948317730919e-04 7.941392599104085378e-04 9.588210190267402316e-03
2.236067933349018128e-02 -1.652274174619447554e-04 -9.367533948317730919e-04 7.941392599104085378e-04 9.588210190267402316e-03
2.236067933349018128e-02 -1.652274174619447554e-04 -9.367533948317730919e-04 7.941392599104085378e-04 9.588210190267402316e-03
2.236067933349018128e-02 -1.652274174619447554e-04 -9.367533948317730919e-04 7.941392599104085378e-04 9.588210190267402316e-03
2.236067933349018128e-02 -1.652274174619447554e-04 -9.367533948317730919e-04 7.941392599104085378e-04 9.588210190267402316e-03
2.236067933349018128e-02 -1.652274174619447554e-04 -9.367533948317730919e-04 7.941392599104085378e-04 9.588210190267402316e-03
2.236067933349018128e-02 -1.652274174619447554e-04 -9.367533948317730919e-04 7.941392599104085378e-04 9.588210190267402316e-03
2.236067933349018128e-02 -1.652274174619447554e-04 -9.367533948317730919e-04 7.941392599104085378e-04 9.588210190267402316e-03
2.236067933349018128e-02 -1.652274174619447554e-04 -9.367533948317730919e-04 7.941392599104085378e-04 9.588210190267402316e-03
2.236067933349018128e-02 -1.652274174619447554e-04 -9.367533948317730919e-04 7.941392599104085378e-04 9.588210190267402316e-03
2.236067933349018128e-02 -1.652274174619447554e-04 -9.367533948317730919e-04 7.941392599104085378e-04 9.588210190267402316e-03
2.236067933349018128e-02 -1.652274174619447554e-04 -9.367533948317730919e-04 7.941392599104085378e-04 9.588210190267402316e-03
2.236067933349018128e-02 -1.652274174619447554e-04 -9.367533948317730919e-04 7.941392599104085378e-04 9.588210190267402316e-03
2.236067933349018128e-02 -1.652274174619447554e-04 -9.367533948317730919e-04 7.941392599104085378e-04 9.588210190267402316e-03
2.236067933349018128e-02 -1.652274174619447554e-04 -9.367533948317730919e-04 7.941392599104085378e-04 9.588210190267402316e-03
2.236067933349018128e-02 -1.652274174619447554e-04 -9.367533948317730919e-04 7.941392599104085378e-04 9.588210190267402316e-03
2.236067933349018128e-02 -1.652274174619447554e-04 -9.367533948317730919e-04 7.941392599104085378e-04 9.588210190267402316e-03
2.236067933349018128e-02 -1.652274174619447554e-04 -9.367533948317730919e-04 7.941392599104085378e-04 9.588210190267402316e-03
2.236067933349018128e-02 -1.652274174619447554e-04 -9.367533948317730919e-04 7.941392599104085378e-04 9.588210190267402316e-03
2.236067933349018128e-02 -1.652274174619447554e-04 -9.367533948317730919e-04 7.941392599104085378e-04 9.588210190267402316e-03
2.236067933349018128e-02 -1.652274174619447554e-04 -9.367533948317730919e-04 7.941392599104085378e-04 9.588210190267402316e-03
2.236067933349018128e-02 -1.652274174619447554e-04 -9.367533948317730919e-04 7.941392599104085378e-04 9.588210190267402316e-03
2.236067933349018128e-02 -1.652274174619447554e-04 -9.367533948317730919e-04 7.941392599104085378e-04 9.588210190267402316e-03
2.236067933349018128e-02 -1.652274174619447554e-04 -9.367533948317730919e-04 7.941392599104085378e-04 9.588210190267402316e-03
2.236067933349018128e-02 -1.652274174619447554e-04 -9.367533948317730919e-04 7.941392599104085378e-04 9.588210190267402316e-03
2.236067933349018128e-02 -1.652274174619447554e-04 -9.367533948317730919e-04 7.941392599104085378e-04 9.588210190267402316e-03
2.236067933349018128e-02 -1.652274174619447554e-04 -9.367533948317730919e-04 7.941392599104085378e-04 9.588210190267402316e-03
2.236067933349018128e-02 -1.652274174619447554e-04 -9.367533948317730919e-04 7.941392599104085378e-04 9.588210190267402316e-03
2.236067933349018128e-02 -1.652274174619447554e-04 -9.367533948317730919e-04 7.941392599104085378e-04 9.588210190267402316e-03
2.236067933349018128e-02 -1.652274174619447554e-04 -9.367533948317730919e-04 7.941392599104085378e-04 9.588210190267402316e-03
2.236067933349018128e-02 -1.652274174619447554e-04 -9.367533948317730919e-04 7.941392599104085378e-04 9.588210190267402316e-03
2.236067933349018128e-02 -1.652274174619447554e-04 -9.367533948317730919e-04 7.941392599104085378e-04 9.588210190267402316e-03
2.236067933349018128e-02 -1.652274174619447554e-04 -9.367533948317730919e-04 7.941392599104085378e-04 9.588210190267402316e-03
2.236067933349018128e-02 -1.652274174619447554e-04 -9.367533948317730919e-04 7.941392599104085378e-04 9.588210190267402316e-03
2.236067933349018128e-02 -1.652274174619447554e-04 -9.367533948317730919e-04 7.941392599104085378e-04 9.588210190267402316e-03
2.236067933349018128e-02 -1.652274174619447554e-04 -9.367533948317730919e-04 7.941392599104085378e-04 9.588210190267402316e-03
2.236067933349018128e-02 -1.652274174619447554e-04 -9.367533948317730919e-04 7.941392599104085378e-04 9.588210190267402316e-03
2.236067933349018128e-02 -1.652274174619447554e-04 -9.367533948317730919e-04 7.941392599104085378e-04 9.588210190267402316e-03
2.236067933349018128e-02 -1.652274174619447554e-04 -9.367533948317730919e-04 7.941392599104085378e-04 9.588210190267402316e-03
2.236067933349018128e-02 -1.652274174619447554e-04 -9.367533948317730919e-04 7.941392599104085378e-04 9.588210190267402316e-03
2.236067933349018128e-02 -1.652274174619447554e-04 -9.367533948317730919e-04 7.941392599104085378e-04 9.588210190267402316e-03
2.236067933349018128e-02 -1.652274174619447554e-04 -9.367533948317730919e-04 7.941392599104085378e-04 9.588210190267402316e-03
2.236067933349018128e-02 -1.652274174619447554e-04 -9.367533948317730919e-04 7.941392599104085378e-04 9.588210190267402316e-03
2.236067933349018128e-02 -1.652274174619447554e-04 -9.367533948317730919e-04 7.941392599104085378e-04 9.588210190267402316e-03
2.236067933349018128e-02 -1.652274174619447554e-04 -9.367533948317730919e-04 7.941392599104085378e-04 9.588210190267402316e-03
2.236067933349018128e-02 -1.652274174619447554e-04 -9.367533948317730919e-04 7.941392599104085378e-04 9.588210190267402316e-03
2.236067933349018128e-02 -1.652274174619447554e-04 -9.367533948317730919e-04 7.941392599104085378e-04 9.588210190267402316e-03
2.236067933349018128e-02 -1.652274174619447554e-04 -9.367533948317730919e-04 7.941392599104085378e-04 9.588210190267402316e-03
2.236067933349018128e-02 -1.652274174619447554e-04 -9.367533948317730919e-04 7.941392599104085378e-04 9.588210190267402316e-03
2.236067933349018128e-02 -1.652274174619447554e-04 -9.367533948317730919e-04 7.941392599104085378e-04 9.588210190267402316e-03
2.236067933349018128e-02 -1.652274174619447554e-04 -9.367533948317730919e-04 7.941392599104085378e-04 9.588210190267402316e-03
2.236067933349018128e-02 -1.652274174619447554e-04 -9.367533948317730919e-04 7.941392599104085378e-04 9.588210190267402316e-03
2.236067933349018128e-02 -1.652274174619447554e-04 -9.367533948317730919e-04 7.941392599104085378e-04 9.588210190267402316e-03
2.236067933349018128e-02 -1.652274174619447554e-04 -9.367533948317730919e-04 7.941392599104085378e-04 9.588210190267402316e-03
2.236067933349018128e-02 -1.652274174619447554e-04 -9.367533948317730919e-04 7.941392599104085378e-04 9.588210190267402316e-03
2.236067933349018128e-02 -1.652274174619447554e-04 -9.367533948317730919e-04 7.941392599104085378e-04 9.588210190267402316e-03
2.236067933349018128e-02 -1.652274174619447554e-04 -9.367533948317730919e-04 7.941392599104085378e-04 9.588210190267402316e-03
2.236067933349018128e-02 -1.652274174619447554e-04 -9.367533948317730919e-04 7.941392599104085378e-04 9.588210190267402316e-03
2.236067933349018128e-02 -1.652274174619447554e-04 -9.367533948317730919e-04 7.941392599104085378e-04 9.588210190267402316e-03
2.236067933349018128e-02 -1.652274174619447554e-04 -9.367533948317730919e-04 7.941392599104085378e-04 9.588210190267402316e-03
2.236067933349018128e-02 -1.652274174619447554e-04 -9.367533948317730919e-04 7.941392599104085378e-04 9.588210190267402316e-03
2.236067933349018128e-02 -1.652274174619447554e-04 -9.367533948317730919e-04 7.941392599104085378e-04 9.588210190267402316e-03
2.236067933349018128e-02 -1.652274174619447554e-04 -9.367533948317730919e-04 7.941392599104085378e-04 9.588210190267402316e-03
2.236067933349018128e-02 -1.652274174619447554e-04 -9.367533948317730919e-04 7.941392599104085378e-04 9.588210190267402316e-03
2.236067933349018128e-02 -1.652274174619447554e-04 -9.367533948317730919e-04 7.941392599104085378e-04 9.588210190267402316e-03
2.236067933349018128e-02 -1.652274174619447554e-04 -9.367533948317730919e-04 7.941392599104085378e-04 9.588210190267402316e-03
2.236067933349018128e-02 -1.652274174619447554e-04 -9.367533948317730919e-04 7.941392599104085378e-04 9.588210190267402316e-03
2.236067933349018128e-02 -1.652274174619447554e-04 -9.367533948317730919e-04 7.941392599104085378e-04 9.588210190267402316e-03
2.236067933349018128e-02 -1.652274174619447554e-04 -9.367533948317730919e-04 7.941392599104085378e-04 9.588210190267402316e-03
2.236067933349018128e-02 -1.652274174619447554e-04 -9.367533948317730919e-04 7.941392599104085378e-04 9.588210190267402316e-03
2.236067933349018128e-02 -1.652274174619447554e-04 -9.367533948317730919e-04 7.941392599104085378e-04 9.588210190267402316e-03
2.236067933349018128e-02 -1.652274174619447554e-04 -9.367533948317730919e-04 7.941392599104085378e-04 9.588210190267402316e-03
2.236067933349018128e-02 -1.652274174619447554e-04 -9.367533948317730919e-04 7.941392599104085378e-04 9.588210190267402316e-03
2.236067933349018128e-02 -1.652274174619447554e-04 -9.367533948317730919e-04 7.941392599104085378e-04 9.588210190267402316e-03
2.236067933349018128e-02 -1.652274174619447554e-04 -9.367533948317730919e-04 7.941392599104085378e-04 9.588210190267402316e-03
2.236067933349018128e-02 -1.652274174619447554e-04 -9.367533948317730919e-04 7.941392599104085378e-04 9.588210190267402316e-03
2.236067933349018128e-02 -1.652274174619447554e-04 -9.367533948317730919e-04 7.941392599104085378e-04 9.588210190267402316e-03
2.236067933349018128e-02 -1.652274174619447554e-04 -9.367533948317730919e-04 7.941392599104085378e-04 9.588210190267402316e-03
2.236067933349018128e-02 -1.652274174619447554e-04 -9.367533948317730919e-04 7.941392599104085378e-04 9.588210190267402316e-03
2.236067933349018128e-02 -1.652274174619447554e-04 -9.367533948317730919e-04 7.941392599104085378e-04 9.588210190267402316e-03
2.236067933349018128e-02 -1.652274174619447554e-04 -9.367533948317730919e-04 7.941392599104085378e-04 9.588210190267402316e-03
2.236067933349018128e-02 -1.652274174619447554e-04 -9.367533948317730919e-04 7.941392599104085378e-04 9.588210190267402316e-03
2.236067933349018128e-02 -1.652274174619447554e-04 -9.367533948317730919e-04 7.941392599104085378e-04 9.588210190267402316e-03
2.236067933349018128e-02 -1.652274174619447554e-04 -9.367533948317730919e-04 7.941392599104085378e-04 9.588210190267402316e-03
2.236067933349018128e-02 -1.652274174619447554e-04 -9.367533948317730919e-04 7.941392599104085378e-04 9.588210190267402316e-03
2.236067933349018128e-02 -1.652274174619447554e-04 -9.367533948317730919e-04 7.941392599104085378e-04 9.588210190267402316e-03
2.236067933349018128e-02 -1.652274174619447554e-04 -9.367533948317730919e-04 7.941392599104085378e-04 9.588210190267402316e-03
2.236067933349018128e-02 -1.652274174619447554e-04 -9.367533948317730919e-04 7.941392599104085378e-04 9.588210190267402316e-03
2.236067933349018128e-02 -1.652274174619447554e-04 -9.367533948317730919e-04 7.941392599104085378e-04 9.588210190267402316e-03
2.236067933349018128e-02 -1.652274174619447554e-04 -9.367533948317730919e-04 7.941392599104085378e-04 9.588210190267402316e-03
2.236067933349018128e-02 -1.652274174619447554e-04 -9.367533948317730919e-04 7.941392599104085378e-04 9.588210190267402316e-03
2.236067933349018128e-02 -1.652274174619447554e-04 -9.367533948317730919e-04 7.941392599104085378e-04 9.588210190267402316e-03
2.236067933349018128e-02 -1.652274174619447554e-04 -9.367533948317730919e-04 7.941392599104085378e-04 9.588210190267402316e-03
2.236067933349018128e-02 -1.652274174619447554e-04 -9.367533948317730919e-04 7.941392599104085378e-04 9.588210190267402316e-03
2.236067933349018128e-02 -1.652274174619447554e-04 -9.367533948317730919e-04 7.941392599104085378e-04 9.588210190267402316e-03
2.236067933349018128e-02 -1.652274174619447554e-04 -9.367533948317730919e-04 7.941392599104085378e-04 9.588210190267402316e-03
2.236067933349018128e-02 -1.652274174619447554e-04 -9.367533948317730919e-04 7.941392599104085378e-04 9.588210190267402316e-03
2.236067933349018128e-02 -1.652274174619447554e-04 -9.367533948317730919e-04 7.941392599104085378e-04 9.588210190267402316e-03
2.236067933349018128e-02 -1.652274174619447554e-04 -9.367533948317730919e-04 7.941392599104085378e-04 9.588210190267402316e-03
2.236067933349018128e-02 -1.652274174619447554e-04 -9.367533948317730919e-04 7.941392599104085378e-04 9.588210190267402316e-03
2.236067933349018128e-02 -1.652274174619447554e-04 -9.367533948317730919e-04 7.941392599104085378e-04 9.588210190267402316e-03
2.236067933349018128e-02 -1.652274174619447554e-04 -9.367533948317730919e-04 7.941392599104085378e-04 9.588210190267402316e-03
2.236067933349018128e-02 -1.652274174619447554e-04 -9.367533948317730919e-04 7.941392599104085378e-04 9.588210190267402316e-03
2.236067933349018128e-02 -1.652274174619447554e-04 -9.367533948317730919e-04 7.941392599104085378e-04 9.588210190267402316e-03
2.236067933349018128e-02 -1.652274174619447554e-04 -9.367533948317730919e-04 7.941392599104085378e-04 9.588210190267402316e-03
2.236067933349018128e-02 -1.652274174619447554e-04 -9.367533948317730919e-04 7.941392599104085378e-04 9.588210190267402316e-03
2.236067933349018128e-02 -1.652274174619447554e-04 -9.367533948317730919e-04 7.941392599104085378e-04 9.588210190267402316e-03
2.236067933349018128e-02 -1.652274174619447554e-04 -9.367533948317730919e-04 7.941392599104085378e-04 9.588210190267402316e-03
2.236067933349018128e-02 -1.652274174619447554e-04 -9.367533948317730919e-04 7.941392599104085378e-04 9.588210190267402316e-03
2.236067933349018128e-02 -1.652274174619447554e-04 -9.367533948317730919e-04 7.941392599104085378e-04 9.588210190267402316e-03
2.236067933349018128e-02 -1.652274174619447554e-04 -9.367533948317730919e-04 7.941392599104085378e-04 9.588210190267402316e-03
2.236067933349018128e-02 -1.652274174619447554e-04 -9.367533948317730919e-04 7.941392599104085378e-04 9.588210190267402316e-03
2.236067933349018128e-02 -1.652274174619447554e-04 -9.367533948317730919e-04 7.941392599104085378e-04 9.588210190267402316e-03
2.236067933349018128e-02 -1.652274174619447554e-04 -9.367533948317730919e-04 7.941392599104085378e-04 9.588210190267402316e-03
2.236067933349018128e-02 -1.652274174619447554e-04 -9.367533948317730919e-04 7.941392599104085378e-04 9.588210190267402316e-03
2.236067933349018128e-02 -1.652274174619447554e-04 -9.367533948317730919e-04 7.941392599104085378e-04 9.588210190267402316e-03
2.236067933349018128e-02 -1.652274174619447554e-04 -9.367533948317730919e-04 7.941392599104085378e-04 9.588210190267402316e-03
2.236067933349018128e-02 -1.652274174619447554e-04 -9.367533948317730919e-04 7.941392599104085378e-04 9.588210190267402316e-03
2.236067933349018128e-02 -1.652274174619447554e-04 -9.367533948317730919e-04 7.941392599104085378e-04 9.588210190267402316e-03
2.236067933349018128e-02 -1.652274174619447554e-04 -9.367533948317730919e-04 7.941392599104085378e-04 9.588210190267402316e-03
2.236067933349018128e-02 -1.652274174619447554e-04 -9.367533948317730919e-04 7.941392599104085378e-04 9.588210190267402316e-03
2.236067933349018128e-02 -1.652274174619447554e-04 -9.367533948317730919e-04 7.941392599104085378e-04 9.588210190267402316e-03
2.236067933349018128e-02 -1.652274174619447554e-04 -9.367533948317730919e-04 7.941392599104085378e-04 9.588210190267402316e-03
2.236067933349018128e-02 -1.652274174619447554e-04 -9.367533948317730919e-04 7.941392599104085378e-04 9.588210190267402316e-03
2.236067933349018128e-02 -1.652274174619447554e-04 -9.367533948317730919e-04 7.941392599104085378e-04 9.588210190267402316e-03
2.236067933349018128e-02 -1.652274174619447554e-04 -9.367533948317730919e-04 7.941392599104085378e-04 9.588210190267402316e-03
2.236067933349018128e-02 -1.652274174619447554e-04 -9.367533948317730919e-04 7.941392599104085378e-04 9.588210190267402316e-03
2.236067933349018128e-02 -1.652274174619447554e-04 -9.367533948317730919e-04 7.941392599104085378e-04 9.588210190267402316e-03
2.236067933349018128e-02 -1.652274174619447554e-04 -9.367533948317730919e-04 7.941392599104085378e-04 9.588210190267402316e-03
2.236067933349018128e-02 -1.652274174619447554e-04 -9.367533948317730919e-04 7.941392599104085378e-04 9.588210190267402316e-03
2.236067933349018128e-02 -1.652274174619447554e-04 -9.367533948317730919e-04 7.941392599104085378e-04 9.588210190267402316e-03
2.236067933349018128e-02 -1.652274174619447554e-04 -9.367533948317730919e-04 7.941392599104085378e-04 9.588210190267402316e-03
2.236067933349018128e-02 -1.652274174619447554e-04 -9.367533948317730919e-04 7.941392599104085378e-04 9.588210190267402316e-03
2.236067933349018128e-02 -1.652274174619447554e-04 -9.367533948317730919e-04 7.941392599104085378e-04 9.588210190267402316e-03
2.236067933349018128e-02 -1.652274174619447554e-04 -9.367533948317730919e-04 7.941392599104085378e-04 9.588210190267402316e-03
2.236067933349018128e-02 -1.652274174619447554e-04 -9.367533948317730919e-04 7.941392599104085378e-04 9.588210190267402316e-03
2.236067933349018128e-02 -1.652274174619447554e-04 -9.367533948317730919e-04 7.941392599104085378e-04 9.588210190267402316e-03
2.236067933349018128e-02 -1.652274174619447554e-04 -9.367533948317730919e-04 7.941392599104085378e-04 9.588210190267402316e-03
2.236067933349018128e-02 -1.652274174619447554e-04 -9.367533948317730919e-04 7.941392599104085378e-04 9.588210190267402316e-03
2.236067933349018128e-02 -1.652274174619447554e-04 -9.367533948317730919e-04 7.941392599104085378e-04 9.588210190267402316e-03
2.236067933349018128e-02 -1.652274174619447554e-04 -9.367533948317730919e-04 7.941392599104085378e-04 9.588210190267402316e-03
2.236067933349018128e-02 -1.652274174619447554e-04 -9.367533948317730919e-04 7.941392599104085378e-04 9.588210190267402316e-03
2.236067933349018128e-02 -1.652274174619447554e-04 -9.367533948317730919e-04 7.941392599104085378e-04 9.588210190267402316e-03
2.236067933349018128e-02 -1.652274174619447554e-04 -9.367533948317730919e-04 7.941392599104085378e-04 9.588210190267402316e-03
2.236067933349018128e-02 -1.652274174619447554e-04 -9.367533948317730919e-04 7.941392599104085378e-04 9.588210190267402316e-03
2.236067933349018128e-02 -1.652274174619447554e-04 -9.367533948317730919e-04 7.941392599104085378e-04 9.588210190267402316e-03
2.236067933349018128e-02 -1.652274174619447554e-04 -9.367533948317730919e-04 7.941392599104085378e-04 9.588210190267402316e-03
2.236067933349018128e-02 -1.652274174619447554e-04 -9.367533948317730919e-04 7.941392599104085378e-04 9.588210190267402316e-03
2.236067933349018128e-02 -1.652274174619447554e-04 -9.367533948317730919e-04 7.941392599104085378e-04 9.588210190267402316e-03
2.236067933349018128e-02 -1.652274174619447554e-04 -9.367533948317730919e-04 7.941392599104085378e-04 9.588210190267402316e-03
2.236067933349018128e-02 -1.652274174619447554e-04 -9.367533948317730919e-04 7.941392599104085378e-04 9.588210190267402316e-03
2.236067933349018128e-02 -1.652274174619447554e-04 -9.367533948317730919e-04 7.941392599104085378e-04 9.588210190267402316e-03
2.236067933349018128e-02 -1.652274174619447554e-04 -9.367533948317730919e-04 7.941392599104085378e-04 9.588210190267402316e-03
2.236067933349018128e-02 -1.652274174619447554e-04 -9.367533948317730919e-04 7.941392599104085378e-04 9.588210190267402316e-03
2.236067933349018128e-02 -1.652274174619447554e-04 -9.367533948317730919e-04 7.941392599104085378e-04 9.588210190267402316e-03
2.236067933349018128e-02 -1.652274174619447554e-04 -9.367533948317730919e-04 7.941392599104085378e-04 9.588210190267402316e-03
2.236067933349018128e-02 -1.652274174619447554e-04 -9.367533948317730919e-04 7.941392599104085378e-04 9.588210190267402316e-03
2.236067933349018128e-02 -1.652274174619447554e-04 -9.367533948317730919e-04 7.941392599104085378e-04 9.588210190267402316e-03
2.236067933349018128e-02 -1.652274174619447554e-04 -9.367533948317730919e-04 7.941392599104085378e-04 9.588210190267402316e-03
2.236067933349018128e-02 -1.652274174619447554e-04 -9.367533948317730919e-04 7.941392599104085378e-04 9.588210190267402316e-03
2.236067933349018128e-02 -1.652274174619447554e-04 -9.367533948317730919e-04 7.941392599104085378e-04 9.588210190267402316e-03
2.236067933349018128e-02 -1.652274174619447554e-04 -9.367533948317730919e-04 7.941392599104085378e-04 9.588210190267402316e-03
2.236067933349018128e-02 -1.652274174619447554e-04 -9.367533948317730919e-04 7.941392599104085378e-04 9.588210190267402316e-03
2.236067933349018128e-02 -1.652274174619447554e-04 -9.367533948317730919e-04 7.941392599104085378e-04 9.588210190267402316e-03
2.236067933349018128e-02 -1.652274174619447554e-04 -9.367533948317730919e-04 7.941392599104085378e-04 9.588210190267402316e-03
2.236067933349018128e-02 -1.652274174619447554e-04 -9.367533948317730919e-04 7.941392599104085378e-04 9.588210190267402316e-03
2.236067933349018128e-02 -1.652274174619447554e-04 -9.367533948317730919e-04 7.941392599104085378e-04 9.588210190267402316e-03
2.236067933349018128e-02 -1.652274174619447554e-04 -9.367533948317730919e-04 7.941392599104085378e-04 9.588210190267402316e-03
2.236067933349018128e-02 -1.652274174619447554e-04 -9.367533948317730919e-04 7.941392599104085378e-04 9.588210190267402316e-03
2.236067933349018128e-02 -1.652274174619447554e-04 -9.367533948317730919e-04 7.941392599104085378e-04 9.588210190267402316e-03
2.236067933349018128e-02 -1.652274174619447554e-04 -9.367533948317730919e-04 7.941392599104085378e-04 9.588210190267402316e-03
2.236067933349018128e-02 -1.652274174619447554e-04 -9.367533948317730919e-04 7.941392599104085378e-04 9.588210190267402316e-03
2.236067933349018128e-02 -1.652274174619447554e-04 -9.367533948317730919e-04 7.941392599104085378e-04 9.588210190267402316e-03
2.236067933349018128e-02 -1.652274174619447554e-04 -9.367533948317730919e-04 7.941392599104085378e-04 9.588210190267402316e-03
2.236067933349018128e-02 -1.652274174619447554e-04 -9.367533948317730919e-04 7.941392599104085378e-04 9.588210190267402316e-03
2.236067933349018128e-02 -1.652274174619447554e-04 -9.367533948317730919e-04 7.941392599104085378e-04 9.588210190267402316e-03
2.236067933349018128e-02 -1.652274174619447554e-04 -9.367533948317730919e-04 7.941392599104085378e-04 9.588210190267402316e-03
2.236067933349018128e-02 -1.652274174619447554e-04 -9.367533948317730919e-04 7.941392599104085378e-04 9.588210190267402316e-03
2.236067933349018128e-02 -1.652274174619447554e-04 -9.367533948317730919e-04 7.941392599104085378e-04 9.588210190267402316e-03
2.236067933349018128e-02 -1.652274174619447554e-04 -9.367533948317730919e-04 7.941392599104085378e-04 9.588210190267402316e-03
2.236067933349018128e-02 -1.652274174619447554e-04 -9.367533948317730919e-04 7.941392599104085378e-04 9.588210190267402316e-03
2.236067933349018128e-02 -1.652274174619447554e-04 -9.367533948317730919e-04 7.941392599104085378e-04 9.588210190267402316e-03
2.236067933349018128e-02 -1.652274174619447554e-04 -9.367533948317730919e-04 7.941392599104085378e-04 9.588210190267402316e-03
2.236067933349018128e-02 -1.652274174619447554e-04 -9.367533948317730919e-04 7.941392599104085378e-04 9.588210190267402316e-03
2.236067933349018128e-02 -1.652274174619447554e-04 -9.367533948317730919e-04 7.941392599104085378e-04 9.588210190267402316e-03
2.236067933349018128e-02 -1.652274174619447554e-04 -9.367533948317730919e-04 7.941392599104085378e-04 9.588210190267402316e-03
2.236067933349018128e-02 -1.652274174619447554e-04 -9.367533948317730919e-04 7.941392599104085378e-04 9.588210190267402316e-03
2.236067933349018128e-02 -1.652274174619447554e-04 -9.367533948317730919e-04 7.941392599104085378e-04 9.588210190267402316e-03
2.236067933349018128e-02 -1.652274174619447554e-04 -9.367533948317730919e-04 7.941392599104085378e-04 9.588210190267402316e-03
2.236067933349018128e-02 -1.652274174619447554e-04 -9.367533948317730919e-04 7.941392599104085378e-04 9.588210190267402316e-03
2.236067933349018128e-02 -1.652274174619447554e-04 -9.367533948317730919e-04 7.941392599104085378e-04 9.588210190267402316e-03
2.236067933349018128e-02 -1.652274174619447554e-04 -9.367533948317730919e-04 7.941392599104085378e-04 9.588210190267402316e-03
2.236067933349018128e-02 -1.652274174619447554e-04 -9.367533948317730919e-04 7.941392599104085378e-04 9.588210190267402316e-03
2.236067933349018128e-02 -1.652274174619447554e-04 -9.367533948317730919e-04 7.941392599104085378e-04 9.588210190267402316e-03
2.236067933349018128e-02 -1.652274174619447554e-04 -9.367533948317730919e-04 7.941392599104085378e-04 9.588210190267402316e-03
2.236067933349018128e-02 -1.652274174619447554e-04 -9.367533948317730919e-04 7.941392599104085378e-04 9.588210190267402316e-03
2.236067933349018128e-02 -1.652274174619447554e-04 -9.367533948317730919e-04 7.941392599104085378e-04 9.588210190267402316e-03
2.236067933349018128e-02 -1.652274174619447554e-04 -9.367533948317730919e-04 7.941392599104085378e-04 9.588210190267402316e-03
2.236067933349018128e-02 -1.652274174619447554e-04 -9.367533948317730919e-04 7.941392599104085378e-04 9.588210190267402316e-03
2.236067933349018128e-02 -1.652274174619447554e-04 -9.367533948317730919e-04 7.941392599104085378e-04 9.588210190267402316e-03
2.236067933349018128e-02 -1.652274174619447554e-04 -9.367533948317730919e-04 7.941392599104085378e-04 9.588210190267402316e-03
2.236067933349018128e-02 -1.652274174619447554e-04 -9.367533948317730919e-04 7.941392599104085378e-04 9.588210190267402316e-03
2.236067933349018128e-02 -1.652274174619447554e-04 -9.367533948317730919e-04 7.941392599104085378e-04 9.588210190267402316e-03
2.236067933349018128e-02 -1.652274174619447554e-04 -9.367533948317730919e-04 7.941392599104085378e-04 9.588210190267402316e-03
2.236067933349018128e-02 -1.652274174619447554e-04 -9.367533948317730919e-04 7.941392599104085378e-04 9.588210190267402316e-03
2.236067933349018128e-02 -1.652274174619447554e-04 -9.367533948317730919e-04 7.941392599104085378e-04 9.588210190267402316e-03
2.236067933349018128e-02 -1.652274174619447554e-04 -9.367533948317730919e-04 7.941392599104085378e-04 9.588210190267402316e-03
2.236067933349018128e-02 -1.652274174619447554e-04 -9.367533948317730919e-04 7.941392599104085378e-04 9.588210190267402316e-03
2.236067933349018128e-02 -1.652274174619447554e-04 -9.367533948317730919e-04 7.941392599104085378e-04 9.588210190267402316e-03
2.236067933349018128e-02 -1.652274174619447554e-04 -9.367533948317730919e-04 7.941392599104085378e-04 9.588210190267402316e-03
2.236067933349018128e-02 -1.652274174619447554e-04 -9.367533948317730919e-04 7.941392599104085378e-04 9.588210190267402316e-03
2.236067933349018128e-02 -1.652274174619447554e-04 -9.367533948317730919e-04 7.941392599104085378e-04 9.588210190267402316e-03
2.236067933349018128e-02 -1.652274174619447554e-04 -9.367533948317730919e-04 7.941392599104085378e-04 9.588210190267402316e-03
2.236067933349018128e-02 -1.652274174619447554e-04 -9.367533948317730919e-04 7.941392599104085378e-04 9.588210190267402316e-03
2.236067933349018128e-02 -1.652274174619447554e-04 -9.367533948317730919e-04 7.941392599104085378e-04 9.588210190267402316e-03
2.236067933349018128e-02 -1.652274174619447554e-04 -9.367533948317730919e-04 7.941392599104085378e-04 9.588210190267402316e-03
2.236067933349018128e-02 -1.652274174619447554e-04 -9.367533948317730919e-04 7.941392599104085378e-04 9.588210190267402316e-03
2.236067933349018128e-02 -1.652274174619447554e-04 -9.367533948317730919e-04 7.941392599104085378e-04 9.588210190267402316e-03
2.236067933349018128e-02 -1.652274174619447554e-04 -9.367533948317730919e-04 7.941392599104085378e-04 9.588210190267402316e-03
2.236067933349018128e-02 -1.652274174619447554e-04 -9.367533948317730919e-04 7.941392599104085378e-04 9.588210190267402316e-03
2.236067933349018128e-02 -1.652274174619447554e-04 -9.367533948317730919e-04 7.941392599104085378e-04 9.588210190267402316e-03
2.236067933349018128e-02 -1.652274174619447554e-04 -9.367533948317730919e-04 7.941392599104085378e-04 9.588210190267402316e-03
2.236067933349018128e-02 -1.652274174619447554e-04 -9.367533948317730919e-04 7.941392599104085378e-04 9.588210190267402316e-03
2.236067933349018128e-02 -1.652274174619447554e-04 -9.367533948317730919e-04 7.941392599104085378e-04 9.588210190267402316e-03
2.236067933349018128e-02 -1.652274174619447554e-04 -9.367533948317730919e-04 7.941392599104085378e-04 9.588210190267402316e-03
2.236067933349018128e-02 -1.652274174619447554e-04 -9.367533948317730919e-04 7.941392599104085378e-04 9.588210190267402316e-03
2.236067933349018128e-02 -1.652274174619447554e-04 -9.367533948317730919e-04 7.941392599104085378e-04 9.588210190267402316e-03
2.236067933349018128e-02 -1.652274174619447554e-04 -9.367533948317730919e-04 7.941392599104085378e-04 9.588210190267402316e-03
2.236067933349018128e-02 -1.652274174619447554e-04 -9.367533948317730919e-04 7.941392599104085378e-04 9.588210190267402316e-03
2.236067933349018128e-02 -1.652274174619447554e-04 -9.367533948317730919e-04 7.941392599104085378e-04 9.588210190267402316e-03
2.236067933349018128e-02 -1.652274174619447554e-04 -9.367533948317730919e-04 7.941392599104085378e-04 9.588210190267402316e-03
2.236067933349018128e-02 -1.652274174619447554e-04 -9.367533948317730919e-04 7.941392599104085378e-04 9.588210190267402316e-03
2.236067933349018128e-02 -1.652274174619447554e-04 -9.367533948317730919e-04 7.941392599104085378e-04 9.588210190267402316e-03
2.236067933349018128e-02 -1.652274174619447554e-04 -9.367533948317730919e-04 7.941392599104085378e-04 9.588210190267402316e-03
2.236067933349018128e-02 -1.652274174619447554e-04 -9.367533948317730919e-04 7.941392599104085378e-04 9.588210190267402316e-03
2.236067933349018128e-02 -1.652274174619447554e-04 -9.367533948317730919e-04 7.941392599104085378e-04 9.588210190267402316e-03
2.236067933349018128e-02 -1.652274174619447554e-04 -9.367533948317730919e-04 7.941392599104085378e-04 9.588210190267402316e-03
2.236067933349018128e-02 -1.652274174619447554e-04 -9.367533948317730919e-04 7.941392599104085378e-04 9.588210190267402316e-03
2.236067933349018128e-02 -1.652274174619447554e-04 -9.367533948317730919e-04 7.941392599104085378e-04 9.588210190267402316e-03
2.236067933349018128e-02 -1.652274174619447554e-04 -9.367533948317730919e-04 7.941392599104085378e-04 9.588210190267402316e-03
2.236067933349018128e-02 -1.652274174619447554e-04 -9.367533948317730919e-04 7.941392599104085378e-04 9.588210190267402316e-03
2.236067933349018128e-02 -1.652274174619447554e-04 -9.367533948317730919e-04 7.941392599104085378e-04 9.588210190267402316e-03
2.236067933349018128e-02 -1.652274174619447554e-04 -9.367533948317730919e-04 7.941392599104085378e-04 9.588210190267402316e-03
2.236067933349018128e-02 -1.652274174619447554e-04 -9.367533948317730919e-04 7.941392599104085378e-04 9.588210190267402316e-03
2.236067933349018128e-02 -1.652274174619447554e-04 -9.367533948317730919e-04 7.941392599104085378e-04 9.588210190267402316e-03
2.236067933349018128e-02 -1.652274174619447554e-04 -9.367533948317730919e-04 7.941392599104085378e-04 9.588210190267402316e-03
2.236067933349018128e-02 -1.652274174619447554e-04 -9.367533948317730919e-04 7.941392599104085378e-04 9.588210190267402316e-03
2.236067933349018128e-02 -1.652274174619447554e-04 -9.367533948317730919e-04 7.941392599104085378e-04 9.588210190267402316e-03
2.236067933349018128e-02 -1.652274174619447554e-04 -9.367533948317730919e-04 7.941392599104085378e-04 9.588210190267402316e-03
2.236067933349018128e-02 -1.652274174619447554e-04 -9.367533948317730919e-04 7.941392599104085378e-04 9.588210190267402316e-03
2.236067933349018128e-02 -1.652274174619447554e-04 -9.367533948317730919e-04 7.941392599104085378e-04 9.588210190267402316e-03
2.236067933349018128e-02 -1.652274174619447554e-04 -9.367533948317730919e-04 7.941392599104085378e-04 9.588210190267402316e-03
2.236067933349018128e-02 -1.652274174619447554e-04 -9.367533948317730919e-04 7.941392599104085378e-04 9.588210190267402316e-03
2.236067933349018128e-02 -1.652274174619447554e-04 -9.367533948317730919e-04 7.941392599104085378e-04 9.588210190267402316e-03
2.236067933349018128e-02 -1.652274174619447554e-04 -9.367533948317730919e-04 7.941392599104085378e-04 9.588210190267402316e-03
2.236067933349018128e-02 -1.652274174619447554e-04 -9.367533948317730919e-04 7.941392599104085378e-04 9.588210190267402316e-03
2.236067933349018128e-02 -1.652274174619447554e-04 -9.367533948317730919e-04 7.941392599104085378e-04 9.588210190267402316e-03
2.236067933349018128e-02 -1.652274174619447554e-04 -9.367533948317730919e-04 7.941392599104085378e-04 9.588210190267402316e-03
2.236067933349018128e-02 -1.652274174619447554e-04 -9.367533948317730919e-04 7.941392599104085378e-04 9.588210190267402316e-03
2.236067933349018128e-02 -1.652274174619447554e-04 -9.367533948317730919e-04 7.941392599104085378e-04 9.588210190267402316e-03
2.236067933349018128e-02 -1.652274174619447554e-04 -9.367533948317730919e-04 7.941392599104085378e-04 9.588210190267402316e-03
2.236067933349018128e-02 -1.652274174619447554e-04 -9.367533948317730919e-04 7.941392599104085378e-04 9.588210190267402316e-03
2.236067933349018128e-02 -1.652274174619447554e-04 -9.367533948317730919e-04 7.941392599104085378e-04 9.588210190267402316e-03
2.236067933349018128e-02 -1.652274174619447554e-04 -9.367533948317730919e-04 7.941392599104085378e-04 9.588210190267402316e-03
2.236067933349018128e-02 -1.652274174619447554e-04 -9.367533948317730919e-04 7.941392599104085378e-04 9.588210190267402316e-03
2.236067933349018128e-02 -1.652274174619447554e-04 -9.367533948317730919e-04 7.941392599104085378e-04 9.588210190267402316e-03
2.236067933349018128e-02 -1.652274174619447554e-04 -9.367533948317730919e-04 7.941392599104085378e-04 9.588210190267402316e-03
2.236067933349018128e-02 -1.652274174619447554e-04 -9.367533948317730919e-04 7.941392599104085378e-04 9.588210190267402316e-03
2.236067933349018128e-02 -1.652274174619447554e-04 -9.367533948317730919e-04 7.941392599104085378e-04 9.588210190267402316e-03
2.236067933349018128e-02 -1.652274174619447554e-04 -9.367533948317730919e-04 7.941392599104085378e-04 9.588210190267402316e-03
2.236067933349018128e-02 -1.652274174619447554e-04 -9.367533948317730919e-04 7.941392599104085378e-04 9.588210190267402316e-03
2.236067933349018128e-02 -1.652274174619447554e-04 -9.367533948317730919e-04 7.941392599104085378e-04 9.588210190267402316e-03
2.236067933349018128e-02 -1.652274174619447554e-04 -9.367533948317730919e-04 7.941392599104085378e-04 9.588210190267402316e-03
2.236067933349018128e-02 -1.652274174619447554e-04 -9.367533948317730919e-04 7.941392599104085378e-04 9.588210190267402316e-03
2.236067933349018128e-02 -1.652274174619447554e-04 -9.367533948317730919e-04 7.941392599104085378e-04 9.588210190267402316e-03
2.236067933349018128e-02 -1.652274174619447554e-04 -9.367533948317730919e-04 7.941392599104085378e-04 9.588210190267402316e-03
2.236067933349018128e-02 -1.652274174619447554e-04 -9.367533948317730919e-04 7.941392599104085378e-04 9.588210190267402316e-03
2.236067933349018128e-02 -1.652274174619447554e-04 -9.367533948317730919e-04 7.941392599104085378e-04 9.588210190267402316e-03
2.236067933349018128e-02 -1.652274174619447554e-04 -9.367533948317730919e-04 7.941392599104085378e-04 9.588210190267402316e-03
2.236067933349018128e-02 -1.652274174619447554e-04 -9.367533948317730919e-04 7.941392599104085378e-04 9.588210190267402316e-03
2.236067933349018128e-02 -1.652274174619447554e-04 -9.367533948317730919e-04 7.941392599104085378e-04 9.588210190267402316e-03
2.236067933349018128e-02 -1.652274174619447554e-04 -9.367533948317730919e-04 7.941392599104085378e-04 9.588210190267402316e-03
2.236067933349018128e-02 -1.652274174619447554e-04 -9.367533948317730919e-04 7.941392599104085378e-04 9.588210190267402316e-03
2.236067933349018128e-02 -1.652274174619447554e-04 -9.367533948317730919e-04 7.941392599104085378e-04 9.588210190267402316e-03
2.236067933349018128e-02 -1.652274174619447554e-04 -9.367533948317730919e-04 7.941392599104085378e-04 9.588210190267402316e-03
2.236067933349018128e-02 -1.652274174619447554e-04 -9.367533948317730919e-04 7.941392599104085378e-04 9.588210190267402316e-03
2.236067933349018128e-02 -1.652274174619447554e-04 -9.367533948317730919e-04 7.941392599104085378e-04 9.588210190267402316e-03
2.236067933349018128e-02 -1.652274174619447554e-04 -9.367533948317730919e-04 7.941392599104085378e-04 9.588210190267402316e-03
2.236067933349018128e-02 -1.652274174619447554e-04 -9.367533948317730919e-04 7.941392599104085378e-04 9.588210190267402316e-03
2.236067933349018128e-02 -1.652274174619447554e-04 -9.367533948317730919e-04 7.941392599104085378e-04 9.588210190267402316e-03
2.236067933349018128e-02 -1.652274174619447554e-04 -9.367533948317730919e-04 7.941392599104085378e-04 9.588210190267402316e-03
2.236067933349018128e-02 -1.652274174619447554e-04 -9.367533948317730919e-04 7.941392599104085378e-04 9.588210190267402316e-03
2.236067933349018128e-02 -1.652274174619447554e-04 -9.367533948317730919e-04 7.941392599104085378e-04 9.588210190267402316e-03
2.236067933349018128e-02 -1.652274174619447554e-04 -9.367533948317730919e-04 7.941392599104085378e-04 9.588210190267402316e-03
2.236067933349018128e-02 -1.652274174619447554e-04 -9.367533948317730919e-04 7.941392599104085378e-04 9.588210190267402316e-03
2.236067933349018128e-02 -1.652274174619447554e-04 -9.367533948317730919e-04 7.941392599104085378e-04 9.588210190267402316e-03
2.236067933349018128e-02 -1.652274174619447554e-04 -9.367533948317730919e-04 7.941392599104085378e-04 9.588210190267402316e-03
2.236067933349018128e-02 -1.652274174619447554e-04 -9.367533948317730919e-04 7.941392599104085378e-04 9.588210190267402316e-03
2.236067933349018128e-02 -1.652274174619447554e-04 -9.367533948317730919e-04 7.941392599104085378e-04 9.588210190267402316e-03
2.236067933349018128e-02 -1.652274174619447554e-04 -9.367533948317730919e-04 7.941392599104085378e-04 9.588210190267402316e-03
2.236067933349018128e-02 -1.652274174619447554e-04 -9.367533948317730919e-04 7.941392599104085378e-04 9.588210190267402316e-03
2.236067933349018128e-02 -1.652274174619447554e-04 -9.367533948317730919e-04 7.941392599104085378e-04 9.588210190267402316e-03
2.236067933349018128e-02 -1.652274174619447554e-04 -9.367533948317730919e-04 7.941392599104085378e-04 9.588210190267402316e-03
2.236067933349018128e-02 -1.652274174619447554e-04 -9.367533948317730919e-04 7.941392599104085378e-04 9.588210190267402316e-03
2.236067933349018128e-02 -1.652274174619447554e-04 -9.367533948317730919e-04 7.941392599104085378e-04 9.588210190267402316e-03
2.236067933349018128e-02 -1.652274174619447554e-04 -9.367533948317730919e-04 7.941392599104085378e-04 9.588210190267402316e-03
2.236067933349018128e-02 -1.652274174619447554e-04 -9.367533948317730919e-04 7.941392599104085378e-04 9.588210190267402316e-03
2.236067933349018128e-02 -1.652274174619447554e-04 -9.367533948317730919e-04 7.941392599104085378e-04 9.588210190267402316e-03
2.236067933349018128e-02 -1.652274174619447554e-04 -9.367533948317730919e-04 7.941392599104085378e-04 9.588210190267402316e-03
2.236067933349018128e-02 -1.652274174619447554e-04 -9.367533948317730919e-04 7.941392599104085378e-04 9.588210190267402316e-03
2.236067933349018128e-02 -1.652274174619447554e-04 -9.367533948317730919e-04 7.941392599104085378e-04 9.588210190267402316e-03
2.236067933349018128e-02 -1.652274174619447554e-04 -9.367533948317730919e-04 7.941392599104085378e-04 9.588210190267402316e-03
2.236067933349018128e-02 -1.652274174619447554e-04 -9.367533948317730919e-04 7.941392599104085378e-04 9.588210190267402316e-03
2.236067933349018128e-02 -1.652274174619447554e-04 -9.367533948317730919e-04 7.941392599104085378e-04 9.588210190267402316e-03
2.236067933349018128e-02 -1.652274174619447554e-04 -9.367533948317730919e-04 7.941392599104085378e-04 9.588210190267402316e-03
2.236067933349018128e-02 -1.652274174619447554e-04 -9.367533948317730919e-04 7.941392599104085378e-04 9.588210190267402316e-03
2.236067933349018128e-02 -1.652274174619447554e-04 -9.367533948317730919e-04 7.941392599104085378e-04 9.588210190267402316e-03
2.236067933349018128e-02 -1.652274174619447554e-04 -9.367533948317730919e-04 7.941392599104085378e-04 9.588210190267402316e-03
2.236067933349018128e-02 -1.652274174619447554e-04 -9.367533948317730919e-04 7.941392599104085378e-04 9.588210190267402316e-03
2.236067933349018128e-02 -1.652274174619447554e-04 -9.367533948317730919e-04 7.941392599104085378e-04 9.588210190267402316e-03
2.236067933349018128e-02 -1.652274174619447554e-04 -9.367533948317730919e-04 7.941392599104085378e-04 9.588210190267402316e-03
2.236067933349018128e-02 -1.652274174619447554e-04 -9.367533948317730919e-04 7.941392599104085378e-04 9.588210190267402316e-03
2.236067933349018128e-02 -1.652274174619447554e-04 -9.367533948317730919e-04 7.941392599104085378e-04 9.588210190267402316e-03
2.236067933349018128e-02 -1.652274174619447554e-04 -9.367533948317730919e-04 7.941392599104085378e-04 9.588210190267402316e-03
2.236067933349018128e-02 -1.652274174619447554e-04 -9.367533948317730919e-04 7.941392599104085378e-04 9.588210190267402316e-03
2.236067933349018128e-02 -1.652274174619447554e-04 -9.367533948317730919e-04 7.941392599104085378e-04 9.588210190267402316e-03
2.236067933349018128e-02 -1.652274174619447554e-04 -9.367533948317730919e-04 7.941392599104085378e-04 9.588210190267402316e-03
2.236067933349018128e-02 -1.652274174619447554e-04 -9.367533948317730919e-04 7.941392599104085378e-04 9.588210190267402316e-03
2.236067933349018128e-02 -1.652274174619447554e-04 -9.367533948317730919e-04 7.941392599104085378e-04 9.588210190267402316e-03
2.236067933349018128e-02 -1.652274174619447554e-04 -9.367533948317730919e-04 7.941392599104085378e-04 9.588210190267402316e-03
2.236067933349018128e-02 -1.652274174619447554e-04 -9.367533948317730919e-04 7.941392599104085378e-04 9.588210190267402316e-03
2.236067933349018128e-02 -1.652274174619447554e-04 -9.367533948317730919e-04 7.941392599104085378e-04 9.588210190267402316e-03
2.236067933349018128e-02 -1.652274174619447554e-04 -9.367533948317730919e-04 7.941392599104085378e-04 9.588210190267402316e-03
2.236067933349018128e-02 -1.652274174619447554e-04 -9.367533948317730919e-04 7.941392599104085378e-04 9.588210190267402316e-03
2.236067933349018128e-02 -1.652274174619447554e-04 -9.367533948317730919e-04 7.941392599104085378e-04 9.588210190267402316e-03
2.236067933349018128e-02 -1.652274174619447554e-04 -9.367533948317730919e-04 7.941392599104085378e-04 9.588210190267402316e-03
2.236067933349018128e-02 -1.652274174619447554e-04 -9.367533948317730919e-04 7.941392599104085378e-04 9.588210190267402316e-03
2.236067933349018128e-02 -1.652274174619447554e-04 -9.367533948317730919e-04 7.941392599104085378e-04 9.588210190267402316e-03
2.236067933349018128e-02 -1.652274174619447554e-04 -9.367533948317730919e-04 7.941392599104085378e-04 9.588210190267402316e-03
2.236067933349018128e-02 -1.652274174619447554e-04 -9.367533948317730919e-04 7.941392599104085378e-04 9.588210190267402316e-03
2.236067933349018128e-02 -1.652274174619447554e-04 -9.367533948317730919e-04 7.941392599104085378e-04 9.588210190267402316e-03
2.236067933349018128e-02 -1.652274174619447554e-04 -9.367533948317730919e-04 7.941392599104085378e-04 9.588210190267402316e-03
2.236067933349018128e-02 -1.652274174619447554e-04 -9.367533948317730919e-04 7.941392599104085378e-04 9.588210190267402316e-03
2.236067933349018128e-02 -1.652274174619447554e-04 -9.367533948317730919e-04 7.941392599104085378e-04 9.588210190267402316e-03
2.236067933349018128e-02 -1.652274174619447554e-04 -9.367533948317730919e-04 7.941392599104085378e-04 9.588210190267402316e-03
2.236067933349018128e-02 -1.652274174619447554e-04 -9.367533948317730919e-04 7.941392599104085378e-04 9.588210190267402316e-03
2.236067933349018128e-02 -1.652274174619447554e-04 -9.367533948317730919e-04 7.941392599104085378e-04 9.588210190267402316e-03
2.236067933349018128e-02 -1.652274174619447554e-04 -9.367533948317730919e-04 7.941392599104085378e-04 9.588210190267402316e-03
2.236067933349018128e-02 -1.652274174619447554e-04 -9.367533948317730919e-04 7.941392599104085378e-04 9.588210190267402316e-03
2.236067933349018128e-02 -1.652274174619447554e-04 -9.367533948317730919e-04 7.941392599104085378e-04 9.588210190267402316e-03
2.236067933349018128e-02 -1.652274174619447554e-04 -9.367533948317730919e-04 7.941392599104085378e-04 9.588210190267402316e-03
2.236067933349018128e-02 -1.652274174619447554e-04 -9.367533948317730919e-04 7.941392599104085378e-04 9.588210190267402316e-03
2.236067933349018128e-02 -1.652274174619447554e-04 -9.367533948317730919e-04 7.941392599104085378e-04 9.588210190267402316e-03
2.236067933349018128e-02 -1.652274174619447554e-04 -9.367533948317730919e-04 7.941392599104085378e-04 9.588210190267402316e-03
2.236067933349018128e-02 -1.652274174619447554e-04 -9.367533948317730919e-04 7.941392599104085378e-04 9.588210190267402316e-03
2.236067933349018128e-02 -1.652274174619447554e-04 -9.367533948317730919e-04 7.941392599104085378e-04 9.588210190267402316e-03
2.236067933349018128e-02 -1.652274174619447554e-04 -9.367533948317730919e-04 7.941392599104085378e-04 9.588210190267402316e-03
2.236067933349018128e-02 -1.652274174619447554e-04 -9.367533948317730919e-04 7.941392599104085378e-04 9.588210190267402316e-03
2.236067933349018128e-02 -1.652274174619447554e-04 -9.367533948317730919e-04 7.941392599104085378e-04 9.588210190267402316e-03
2.236067933349018128e-02 -1.652274174619447554e-04 -9.367533948317730919e-04 7.941392599104085378e-04 9.588210190267402316e-03
2.236067933349018128e-02 -1.652274174619447554e-04 -9.367533948317730919e-04 7.941392599104085378e-04 9.588210190267402316e-03
2.236067933349018128e-02 -1.652274174619447554e-04 -9.367533948317730919e-04 7.941392599104085378e-04 9.588210190267402316e-03
2.236067933349018128e-02 -1.652274174619447554e-04 -9.367533948317730919e-04 7.941392599104085378e-04 9.588210190267402316e-03
2.236067933349018128e-02 -1.652274174619447554e-04 -9.367533948317730919e-04 7.941392599104085378e-04 9.588210190267402316e-03
2.236067933349018128e-02 -1.652274174619447554e-04 -9.367533948317730919e-04 7.941392599104085378e-04 9.588210190267402316e-03
2.236067933349018128e-02 -1.652274174619447554e-04 -9.367533948317730919e-04 7.941392599104085378e-04 9.588210190267402316e-03
2.236067933349018128e-02 -1.652274174619447554e-04 -9.367533948317730919e-04 7.941392599104085378e-04 9.588210190267402316e-03
2.236067933349018128e-02 -1.652274174619447554e-04 -9.367533948317730919e-04 7.941392599104085378e-04 9.588210190267402316e-03
2.236067933349018128e-02 -1.652274174619447554e-04 -9.367533948317730919e-04 7.941392599104085378e-04 9.588210190267402316e-03
2.236067933349018128e-02 -1.652274174619447554e-04 -9.367533948317730919e-04 7.941392599104085378e-04 9.588210190267402316e-03
2.236067933349018128e-02 -1.652274174619447554e-04 -9.367533948317730919e-04 7.941392599104085378e-04 9.588210190267402316e-03
2.236067933349018128e-02 -1.652274174619447554e-04 -9.367533948317730919e-04 7.941392599104085378e-04 9.588210190267402316e-03
2.236067933349018128e-02 -1.652274174619447554e-04 -9.367533948317730919e-04 7.941392599104085378e-04 9.588210190267402316e-03
2.236067933349018128e-02 -1.652274174619447554e-04 -9.367533948317730919e-04 7.941392599104085378e-04 9.588210190267402316e-03
2.236067933349018128e-02 -1.652274174619447554e-04 -9.367533948317730919e-04 7.941392599104085378e-04 9.588210190267402316e-03
2.236067933349018128e-02 -1.652274174619447554e-04 -9.367533948317730919e-04 7.941392599104085378e-04 9.588210190267402316e-03
2.236067933349018128e-02 -1.652274174619447554e-04 -9.367533948317730919e-04 7.941392599104085378e-04 9.588210190267402316e-03
2.236067933349018128e-02 -1.652274174619447554e-04 -9.367533948317730919e-04 7.941392599104085378e-04 9.588210190267402316e-03
2.236067933349018128e-02 -1.652274174619447554e-04 -9.367533948317730919e-04 7.941392599104085378e-04 9.588210190267402316e-03
2.236067933349018128e-02 -1.652274174619447554e-04 -9.367533948317730919e-04 7.941392599104085378e-04 9.588210190267402316e-03
2.236067933349018128e-02 -1.652274174619447554e-04 -9.367533948317730919e-04 7.941392599104085378e-04 9.588210190267402316e-03
2.236067933349018128e-02 -1.652274174619447554e-04 -9.367533948317730919e-04 7.941392599104085378e-04 9.588210190267402316e-03
2.236067933349018128e-02 -1.652274174619447554e-04 -9.367533948317730919e-04 7.941392599104085378e-04 9.588210190267402316e-03
2.236067933349018128e-02 -1.652274174619447554e-04 -9.367533948317730919e-04 7.941392599104085378e-04 9.588210190267402316e-03
2.236067933349018128e-02 -1.652274174619447554e-04 -9.367533948317730919e-04 7.941392599104085378e-04 9.588210190267402316e-03
2.236067933349018128e-02 -1.652274174619447554e-04 -9.367533948317730919e-04 7.941392599104085378e-04 9.588210190267402316e-03
2.236067933349018128e-02 -1.652274174619447554e-04 -9.367533948317730919e-04 7.941392599104085378e-04 9.588210190267402316e-03
2.236067933349018128e-02 -1.652274174619447554e-04 -9.367533948317730919e-04 7.941392599104085378e-04 9.588210190267402316e-03
2.236067933349018128e-02 -1.652274174619447554e-04 -9.367533948317730919e-04 7.941392599104085378e-04 9.588210190267402316e-03
2.236067933349018128e-02 -1.652274174619447554e-04 -9.367533948317730919e-04 7.941392599104085378e-04 9.588210190267402316e-03
2.236067933349018128e-02 -1.652274174619447554e-04 -9.367533948317730919e-04 7.941392599104085378e-04 9.588210190267402316e-03
2.236067933349018128e-02 -1.652274174619447554e-04 -9.367533948317730919e-04 7.941392599104085378e-04 9.588210190267402316e-03
2.236067933349018128e-02 -1.652274174619447554e-04 -9.367533948317730919e-04 7.941392599104085378e-04 9.588210190267402316e-03
2.236067933349018128e-02 -1.652274174619447554e-04 -9.367533948317730919e-04 7.941392599104085378e-04 9.588210190267402316e-03
2.236067933349018128e-02 -1.652274174619447554e-04 -9.367533948317730919e-04 7.941392599104085378e-04 9.588210190267402316e-03
2.236067933349018128e-02 -1.652274174619447554e-04 -9.367533948317730919e-04 7.941392599104085378e-04 9.588210190267402316e-03
2.236067933349018128e-02 -1.652274174619447554e-04 -9.367533948317730919e-04 7.941392599104085378e-04 9.588210190267402316e-03
2.236067933349018128e-02 -1.652274174619447554e-04 -9.367533948317730919e-04 7.941392599104085378e-04 9.588210190267402316e-03
2.236067933349018128e-02 -1.652274174619447554e-04 -9.367533948317730919e-04 7.941392599104085378e-04 9.588210190267402316e-03
2.236067933349018128e-02 -1.652274174619447554e-04 -9.367533948317730919e-04 7.941392599104085378e-04 9.588210190267402316e-03
2.236067933349018128e-02 -1.652274174619447554e-04 -9.367533948317730919e-04 7.941392599104085378e-04 9.588210190267402316e-03
2.236067933349018128e-02 -1.652274174619447554e-04 -9.367533948317730919e-04 7.941392599104085378e-04 9.588210190267402316e-03
2.236067933349018128e-02 -1.652274174619447554e-04 -9.367533948317730919e-04 7.941392599104085378e-04 9.588210190267402316e-03
2.236067933349018128e-02 -1.652274174619447554e-04 -9.367533948317730919e-04 7.941392599104085378e-04 9.588210190267402316e-03
2.236067933349018128e-02 -1.652274174619447554e-04 -9.367533948317730919e-04 7.941392599104085378e-04 9.588210190267402316e-03
2.236067933349018128e-02 -1.652274174619447554e-04 -9.367533948317730919e-04 7.941392599104085378e-04 9.588210190267402316e-03
2.236067933349018128e-02 -1.652274174619447554e-04 -9.367533948317730919e-04 7.941392599104085378e-04 9.588210190267402316e-03
2.236067933349018128e-02 -1.652274174619447554e-04 -9.367533948317730919e-04 7.941392599104085378e-04 9.588210190267402316e-03
2.236067933349018128e-02 -1.652274174619447554e-04 -9.367533948317730919e-04 7.941392599104085378e-04 9.588210190267402316e-03
2.236067933349018128e-02 -1.652274174619447554e-04 -9.367533948317730919e-04 7.941392599104085378e-04 9.588210190267402316e-03
2.236067933349018128e-02 -1.652274174619447554e-04 -9.367533948317730919e-04 7.941392599104085378e-04 9.588210190267402316e-03
2.236067933349018128e-02 -1.652274174619447554e-04 -9.367533948317730919e-04 7.941392599104085378e-04 9.588210190267402316e-03
2.236067933349018128e-02 -1.652274174619447554e-04 -9.367533948317730919e-04 7.941392599104085378e-04 9.588210190267402316e-03
2.236067933349018128e-02 -1.652274174619447554e-04 -9.367533948317730919e-04 7.941392599104085378e-04 9.588210190267402316e-03
2.236067933349018128e-02 -1.652274174619447554e-04 -9.367533948317730919e-04 7.941392599104085378e-04 9.588210190267402316e-03
2.236067933349018128e-02 -1.652274174619447554e-04 -9.367533948317730919e-04 7.941392599104085378e-04 9.588210190267402316e-03
2.236067933349018128e-02 -1.652274174619447554e-04 -9.367533948317730919e-04 7.941392599104085378e-04 9.588210190267402316e-03
2.236067933349018128e-02 -1.652274174619447554e-04 -9.367533948317730919e-04 7.941392599104085378e-04 9.588210190267402316e-03
2.236067933349018128e-02 -1.652274174619447554e-04 -9.367533948317730919e-04 7.941392599104085378e-04 9.588210190267402316e-03
2.236067933349018128e-02 -1.652274174619447554e-04 -9.367533948317730919e-04 7.941392599104085378e-04 9.588210190267402316e-03
2.236067933349018128e-02 -1.652274174619447554e-04 -9.367533948317730919e-04 7.941392599104085378e-04 9.588210190267402316e-03
2.236067933349018128e-02 -1.652274174619447554e-04 -9.367533948317730919e-04 7.941392599104085378e-04 9.588210190267402316e-03
2.236067933349018128e-02 -1.652274174619447554e-04 -9.367533948317730919e-04 7.941392599104085378e-04 9.588210190267402316e-03
2.236067933349018128e-02 -1.652274174619447554e-04 -9.367533948317730919e-04 7.941392599104085378e-04 9.588210190267402316e-03
2.236067933349018128e-02 -1.652274174619447554e-04 -9.367533948317730919e-04 7.941392599104085378e-04 9.588210190267402316e-03
2.236067933349018128e-02 -1.652274174619447554e-04 -9.367533948317730919e-04 7.941392599104085378e-04 9.588210190267402316e-03
2.236067933349018128e-02 -1.652274174619447554e-04 -9.367533948317730919e-04 7.941392599104085378e-04 9.588210190267402316e-03
2.236067933349018128e-02 -1.652274174619447554e-04 -9.367533948317730919e-04 7.941392599104085378e-04 9.588210190267402316e-03
2.236067933349018128e-02 -1.652274174619447554e-04 -9.367533948317730919e-04 7.941392599104085378e-04 9.588210190267402316e-03
2.236067933349018128e-02 -1.652274174619447554e-04 -9.367533948317730919e-04 7.941392599104085378e-04 9.588210190267402316e-03
2.236067933349018128e-02 -1.652274174619447554e-04 -9.367533948317730919e-04 7.941392599104085378e-04 9.588210190267402316e-03
2.236067933349018128e-02 -1.652274174619447554e-04 -9.367533948317730919e-04 7.941392599104085378e-04 9.588210190267402316e-03
2.236067933349018128e-02 -1.652274174619447554e-04 -9.367533948317730919e-04 7.941392599104085378e-04 9.588210190267402316e-03
2.236067933349018128e-02 -1.652274174619447554e-04 -9.367533948317730919e-04 7.941392599104085378e-04 9.588210190267402316e-03
2.236067933349018128e-02 -1.652274174619447554e-04 -9.367533948317730919e-04 7.941392599104085378e-04 9.588210190267402316e-03
2.236067933349018128e-02 -1.652274174619447554e-04 -9.367533948317730919e-04 7.941392599104085378e-04 9.588210190267402316e-03
2.236067933349018128e-02 -1.652274174619447554e-04 -9.367533948317730919e-04 7.941392599104085378e-04 9.588210190267402316e-03
2.236067933349018128e-02 -1.652274174619447554e-04 -9.367533948317730919e-04 7.941392599104085378e-04 9.588210190267402316e-03
2.236067933349018128e-02 -1.652274174619447554e-04 -9.367533948317730919e-04 7.941392599104085378e-04 9.588210190267402316e-03
2.236067933349018128e-02 -1.652274174619447554e-04 -9.367533948317730919e-04 7.941392599104085378e-04 9.588210190267402316e-03
2.236067933349018128e-02 -1.652274174619447554e-04 -9.367533948317730919e-04 7.941392599104085378e-04 9.588210190267402316e-03
2.236067933349018128e-02 -1.652274174619447554e-04 -9.367533948317730919e-04 7.941392599104085378e-04 9.588210190267402316e-03
2.236067933349018128e-02 -1.652274174619447554e-04 -9.367533948317730919e-04 7.941392599104085378e-04 9.588210190267402316e-03
2.236067933349018128e-02 -1.652274174619447554e-04 -9.367533948317730919e-04 7.941392599104085378e-04 9.588210190267402316e-03
2.236067933349018128e-02 -1.652274174619447554e-04 -9.367533948317730919e-04 7.941392599104085378e-04 9.588210190267402316e-03
2.236067933349018128e-02 -1.652274174619447554e-04 -9.367533948317730919e-04 7.941392599104085378e-04 9.588210190267402316e-03
2.236067933349018128e-02 -1.652274174619447554e-04 -9.367533948317730919e-04 7.941392599104085378e-04 9.588210190267402316e-03
2.236067933349018128e-02 -1.652274174619447554e-04 -9.367533948317730919e-04 7.941392599104085378e-04 9.588210190267402316e-03
2.236067933349018128e-02 -1.652274174619447554e-04 -9.367533948317730919e-04 7.941392599104085378e-04 9.588210190267402316e-03
2.236067933349018128e-02 -1.652274174619447554e-04 -9.367533948317730919e-04 7.941392599104085378e-04 9.588210190267402316e-03
2.236067933349018128e-02 -1.652274174619447554e-04 -9.367533948317730919e-04 7.941392599104085378e-04 9.588210190267402316e-03
2.236067933349018128e-02 -1.652274174619447554e-04 -9.367533948317730919e-04 7.941392599104085378e-04 9.588210190267402316e-03
2.236067933349018128e-02 -1.652274174619447554e-04 -9.367533948317730919e-04 7.941392599104085378e-04 9.588210190267402316e-03
2.236067933349018128e-02 -1.652274174619447554e-04 -9.367533948317730919e-04 7.941392599104085378e-04 9.588210190267402316e-03
2.236067933349018128e-02 -1.652274174619447554e-04 -9.367533948317730919e-04 7.941392599104085378e-04 9.588210190267402316e-03
2.236067933349018128e-02 -1.652274174619447554e-04 -9.367533948317730919e-04 7.941392599104085378e-04 9.588210190267402316e-03
2.236067933349018128e-02 -1.652274174619447554e-04 -9.367533948317730919e-04 7.941392599104085378e-04 9.588210190267402316e-03
2.236067933349018128e-02 -1.652274174619447554e-04 -9.367533948317730919e-04 7.941392599104085378e-04 9.588210190267402316e-03
2.236067933349018128e-02 -1.652274174619447554e-04 -9.367533948317730919e-04 7.941392599104085378e-04 9.588210190267402316e-03
2.236067933349018128e-02 -1.652274174619447554e-04 -9.367533948317730919e-04 7.941392599104085378e-04 9.588210190267402316e-03
2.236067933349018128e-02 -1.652274174619447554e-04 -9.367533948317730919e-04 7.941392599104085378e-04 9.588210190267402316e-03
2.236067933349018128e-02 -1.652274174619447554e-04 -9.367533948317730919e-04 7.941392599104085378e-04 9.588210190267402316e-03
2.236067933349018128e-02 -1.652274174619447554e-04 -9.367533948317730919e-04 7.941392599104085378e-04 9.588210190267402316e-03
2.236067933349018128e-02 -1.652274174619447554e-04 -9.367533948317730919e-04 7.941392599104085378e-04 9.588210190267402316e-03
2.236067933349018128e-02 -1.652274174619447554e-04 -9.367533948317730919e-04 7.941392599104085378e-04 9.588210190267402316e-03
2.236067933349018128e-02 -1.652274174619447554e-04 -9.367533948317730919e-04 7.941392599104085378e-04 9.588210190267402316e-03
2.236067933349018128e-02 -1.652274174619447554e-04 -9.367533948317730919e-04 7.941392599104085378e-04 9.588210190267402316e-03
2.236067933349018128e-02 -1.652274174619447554e-04 -9.367533948317730919e-04 7.941392599104085378e-04 9.588210190267402316e-03
2.236067933349018128e-02 -1.652274174619447554e-04 -9.367533948317730919e-04 7.941392599104085378e-04 9.588210190267402316e-03
2.236067933349018128e-02 -1.652274174619447554e-04 -9.367533948317730919e-04 7.941392599104085378e-04 9.588210190267402316e-03
2.236067933349018128e-02 -1.652274174619447554e-04 -9.367533948317730919e-04 7.941392599104085378e-04 9.588210190267402316e-03
2.236067933349018128e-02 -1.652274174619447554e-04 -9.367533948317730919e-04 7.941392599104085378e-04 9.588210190267402316e-03
2.236067933349018128e-02 -1.652274174619447554e-04 -9.367533948317730919e-04 7.941392599104085378e-04 9.588210190267402316e-03
2.236067933349018128e-02 -1.652274174619447554e-04 -9.367533948317730919e-04 7.941392599104085378e-04 9.588210190267402316e-03
2.236067933349018128e-02 -1.652274174619447554e-04 -9.367533948317730919e-04 7.941392599104085378e-04 9.588210190267402316e-03
2.236067933349018128e-02 -1.652274174619447554e-04 -9.367533948317730919e-04 7.941392599104085378e-04 9.588210190267402316e-03
2.236067933349018128e-02 -1.652274174619447554e-04 -9.367533948317730919e-04 7.941392599104085378e-04 9.588210190267402316e-03
2.236067933349018128e-02 -1.652274174619447554e-04 -9.367533948317730919e-04 7.941392599104085378e-04 9.588210190267402316e-03
2.236067933349018128e-02 -1.652274174619447554e-04 -9.367533948317730919e-04 7.941392599104085378e-04 9.588210190267402316e-03
2.236067933349018128e-02 -1.652274174619447554e-04 -9.367533948317730919e-04 7.941392599104085378e-04 9.588210190267402316e-03
2.236067933349018128e-02 -1.652274174619447554e-04 -9.367533948317730919e-04 7.941392599104085378e-04 9.588210190267402316e-03
2.236067933349018128e-02 -1.652274174619447554e-04 -9.367533948317730919e-04 7.941392599104085378e-04 9.588210190267402316e-03
2.236067933349018128e-02 -1.652274174619447554e-04 -9.367533948317730919e-04 7.941392599104085378e-04 9.588210190267402316e-03
2.236067933349018128e-02 -1.652274174619447554e-04 -9.367533948317730919e-04 7.941392599104085378e-04 9.588210190267402316e-03
2.236067933349018128e-02 -1.652274174619447554e-04 -9.367533948317730919e-04 7.941392599104085378e-04 9.588210190267402316e-03
2.236067933349018128e-02 -1.652274174619447554e-04 -9.367533948317730919e-04 7.941392599104085378e-04 9.588210190267402316e-03
2.236067933349018128e-02 -1.652274174619447554e-04 -9.367533948317730919e-04 7.941392599104085378e-04 9.588210190267402316e-03
2.236067933349018128e-02 -1.652274174619447554e-04 -9.367533948317730919e-04 7.941392599104085378e-04 9.588210190267402316e-03
2.236067933349018128e-02 -1.652274174619447554e-04 -9.367533948317730919e-04 7.941392599104085378e-04 9.588210190267402316e-03
2.236067933349018128e-02 -1.652274174619447554e-04 -9.367533948317730919e-04 7.941392599104085378e-04 9.588210190267402316e-03
2.236067933349018128e-02 -1.652274174619447554e-04 -9.367533948317730919e-04 7.941392599104085378e-04 9.588210190267402316e-03
2.236067933349018128e-02 -1.652274174619447554e-04 -9.367533948317730919e-04 7.941392599104085378e-04 9.588210190267402316e-03
2.236067933349018128e-02 -1.652274174619447554e-04 -9.367533948317730919e-04 7.941392599104085378e-04 9.588210190267402316e-03
2.236067933349018128e-02 -1.652274174619447554e-04 -9.367533948317730919e-04 7.941392599104085378e-04 9.588210190267402316e-03
2.236067933349018128e-02 -1.652274174619447554e-04 -9.367533948317730919e-04 7.941392599104085378e-04 9.588210190267402316e-03
2.236067933349018128e-02 -1.652274174619447554e-04 -9.367533948317730919e-04 7.941392599104085378e-04 9.588210190267402316e-03
2.236067933349018128e-02 -1.652274174619447554e-04 -9.367533948317730919e-04 7.941392599104085378e-04 9.588210190267402316e-03
2.236067933349018128e-02 -1.652274174619447554e-04 -9.367533948317730919e-04 7.941392599104085378e-04 9.588210190267402316e-03
2.236067933349018128e-02 -1.652274174619447554e-04 -9.367533948317730919e-04 7.941392599104085378e-04 9.588210190267402316e-03
2.236067933349018128e-02 -1.652274174619447554e-04 -9.367533948317730919e-04 7.941392599104085378e-04 9.588210190267402316e-03
2.236067933349018128e-02 -1.652274174619447554e-04 -9.367533948317730919e-04 7.941392599104085378e-04 9.588210190267402316e-03
2.236067933349018128e-02 -1.652274174619447554e-04 -9.367533948317730919e-04 7.941392599104085378e-04 9.588210190267402316e-03
2.236067933349018128e-02 -1.652274174619447554e-04 -9.367533948317730919e-04 7.941392599104085378e-04 9.588210190267402316e-03
2.236067933349018128e-02 -1.652274174619447554e-04 -9.367533948317730919e-04 7.941392599104085378e-04 9.588210190267402316e-03
2.236067933349018128e-02 -1.652274174619447554e-04 -9.367533948317730919e-04 7.941392599104085378e-04 9.588210190267402316e-03
2.236067933349018128e-02 -1.652274174619447554e-04 -9.367533948317730919e-04 7.941392599104085378e-04 9.588210190267402316e-03
2.236067933349018128e-02 -1.652274174619447554e-04 -9.367533948317730919e-04 7.941392599104085378e-04 9.588210190267402316e-03
2.236067933349018128e-02 -1.652274174619447554e-04 -9.367533948317730919e-04 7.941392599104085378e-04 9.588210190267402316e-03
2.236067933349018128e-02 -1.652274174619447554e-04 -9.367533948317730919e-04 7.941392599104085378e-04 9.588210190267402316e-03
2.236067933349018128e-02 -1.652274174619447554e-04 -9.367533948317730919e-04 7.941392599104085378e-04 9.588210190267402316e-03
2.236067933349018128e-02 -1.652274174619447554e-04 -9.367533948317730919e-04 7.941392599104085378e-04 9.588210190267402316e-03
2.236067933349018128e-02 -1.652274174619447554e-04 -9.367533948317730919e-04 7.941392599104085378e-04 9.588210190267402316e-03
2.236067933349018128e-02 -1.652274174619447554e-04 -9.367533948317730919e-04 7.941392599104085378e-04 9.588210190267402316e-03
2.236067933349018128e-02 -1.652274174619447554e-04 -9.367533948317730919e-04 7.941392599104085378e-04 9.588210190267402316e-03
2.236067933349018128e-02 -1.652274174619447554e-04 -9.367533948317730919e-04 7.941392599104085378e-04 9.588210190267402316e-03
2.236067933349018128e-02 -1.652274174619447554e-04 -9.367533948317730919e-04 7.941392599104085378e-04 9.588210190267402316e-03
2.236067933349018128e-02 -1.652274174619447554e-04 -9.367533948317730919e-04 7.941392599104085378e-04 9.588210190267402316e-03
2.236067933349018128e-02 -1.652274174619447554e-04 -9.367533948317730919e-04 7.941392599104085378e-04 9.588210190267402316e-03
2.236067933349018128e-02 -1.652274174619447554e-04 -9.367533948317730919e-04 7.941392599104085378e-04 9.588210190267402316e-03
2.236067933349018128e-02 -1.652274174619447554e-04 -9.367533948317730919e-04 7.941392599104085378e-04 9.588210190267402316e-03
2.236067933349018128e-02 -1.652274174619447554e-04 -9.367533948317730919e-04 7.941392599104085378e-04 9.588210190267402316e-03
2.236067933349018128e-02 -1.652274174619447554e-04 -9.367533948317730919e-04 7.941392599104085378e-04 9.588210190267402316e-03
2.236067933349018128e-02 -1.652274174619447554e-04 -9.367533948317730919e-04 7.941392599104085378e-04 9.588210190267402316e-03
2.236067933349018128e-02 -1.652274174619447554e-04 -9.367533948317730919e-04 7.941392599104085378e-04 9.588210190267402316e-03
2.236067933349018128e-02 -1.652274174619447554e-04 -9.367533948317730919e-04 7.941392599104085378e-04 9.588210190267402316e-03
2.236067933349018128e-02 -1.652274174619447554e-04 -9.367533948317730919e-04 7.941392599104085378e-04 9.588210190267402316e-03
2.236067933349018128e-02 -1.652274174619447554e-04 -9.367533948317730919e-04 7.941392599104085378e-04 9.588210190267402316e-03
2.236067933349018128e-02 -1.652274174619447554e-04 -9.367533948317730919e-04 7.941392599104085378e-04 9.588210190267402316e-03
2.236067933349018128e-02 -1.652274174619447554e-04 -9.367533948317730919e-04 7.941392599104085378e-04 9.588210190267402316e-03
2.236067933349018128e-02 -1.652274174619447554e-04 -9.367533948317730919e-04 7.941392599104085378e-04 9.588210190267402316e-03
2.236067933349018128e-02 -1.652274174619447554e-04 -9.367533948317730919e-04 7.941392599104085378e-04 9.588210190267402316e-03
2.236067933349018128e-02 -1.652274174619447554e-04 -9.367533948317730919e-04 7.941392599104085378e-04 9.588210190267402316e-03
2.236067933349018128e-02 -1.652274174619447554e-04 -9.367533948317730919e-04 7.941392599104085378e-04 9.588210190267402316e-03
2.236067933349018128e-02 -1.652274174619447554e-04 -9.367533948317730919e-04 7.941392599104085378e-04 9.588210190267402316e-03
2.236067933349018128e-02 -1.652274174619447554e-04 -9.367533948317730919e-04 7.941392599104085378e-04 9.588210190267402316e-03
2.236067933349018128e-02 -1.652274174619447554e-04 -9.367533948317730919e-04 7.941392599104085378e-04 9.588210190267402316e-03
2.236067933349018128e-02 -1.652274174619447554e-04 -9.367533948317730919e-04 7.941392599104085378e-04 9.588210190267402316e-03
2.236067933349018128e-02 -1.652274174619447554e-04 -9.367533948317730919e-04 7.941392599104085378e-04 9.588210190267402316e-03
2.236067933349018128e-02 -1.652274174619447554e-04 -9.367533948317730919e-04 7.941392599104085378e-04 9.588210190267402316e-03
2.236067933349018128e-02 -1.652274174619447554e-04 -9.367533948317730919e-04 7.941392599104085378e-04 9.588210190267402316e-03
2.236067933349018128e-02 -1.652274174619447554e-04 -9.367533948317730919e-04 7.941392599104085378e-04 9.588210190267402316e-03
2.236067933349018128e-02 -1.652274174619447554e-04 -9.367533948317730919e-04 7.941392599104085378e-04 9.588210190267402316e-03
2.236067933349018128e-02 -1.652274174619447554e-04 -9.367533948317730919e-04 7.941392599104085378e-04 9.588210190267402316e-03
2.236067933349018128e-02 -1.652274174619447554e-04 -9.367533948317730919e-04 7.941392599104085378e-04 9.588210190267402316e-03
2.236067933349018128e-02 -1.652274174619447554e-04 -9.367533948317730919e-04 7.941392599104085378e-04 9.588210190267402316e-03
2.236067933349018128e-02 -1.652274174619447554e-04 -9.367533948317730919e-04 7.941392599104085378e-04 9.588210190267402316e-03
2.236067933349018128e-02 -1.652274174619447554e-04 -9.367533948317730919e-04 7.941392599104085378e-04 9.588210190267402316e-03
2.236067933349018128e-02 -1.652274174619447554e-04 -9.367533948317730919e-04 7.941392599104085378e-04 9.588210190267402316e-03
2.236067933349018128e-02 -1.652274174619447554e-04 -9.367533948317730919e-04 7.941392599104085378e-04 9.588210190267402316e-03
2.236067933349018128e-02 -1.652274174619447554e-04 -9.367533948317730919e-04 7.941392599104085378e-04 9.588210190267402316e-03
2.236067933349018128e-02 -1.652274174619447554e-04 -9.367533948317730919e-04 7.941392599104085378e-04 9.588210190267402316e-03
2.236067933349018128e-02 -1.652274174619447554e-04 -9.367533948317730919e-04 7.941392599104085378e-04 9.588210190267402316e-03
2.236067933349018128e-02 -1.652274174619447554e-04 -9.367533948317730919e-04 7.941392599104085378e-04 9.588210190267402316e-03
2.236067933349018128e-02 -1.652274174619447554e-04 -9.367533948317730919e-04 7.941392599104085378e-04 9.588210190267402316e-03
2.236067933349018128e-02 -1.652274174619447554e-04 -9.367533948317730919e-04 7.941392599104085378e-04 9.588210190267402316e-03
2.236067933349018128e-02 -1.652274174619447554e-04 -9.367533948317730919e-04 7.941392599104085378e-04 9.588210190267402316e-03
2.236067933349018128e-02 -1.652274174619447554e-04 -9.367533948317730919e-04 7.941392599104085378e-04 9.588210190267402316e-03
2.236067933349018128e-02 -1.652274174619447554e-04 -9.367533948317730919e-04 7.941392599104085378e-04 9.588210190267402316e-03
2.236067933349018128e-02 -1.652274174619447554e-04 -9.367533948317730919e-04 7.941392599104085378e-04 9.588210190267402316e-03
2.236067933349018128e-02 -1.652274174619447554e-04 -9.367533948317730919e-04 7.941392599104085378e-04 9.588210190267402316e-03
2.236067933349018128e-02 -1.652274174619447554e-04 -9.367533948317730919e-04 7.941392599104085378e-04 9.588210190267402316e-03
2.236067933349018128e-02 -1.652274174619447554e-04 -9.367533948317730919e-04 7.941392599104085378e-04 9.588210190267402316e-03
2.236067933349018128e-02 -1.652274174619447554e-04 -9.367533948317730919e-04 7.941392599104085378e-04 9.588210190267402316e-03
2.236067933349018128e-02 -1.652274174619447554e-04 -9.367533948317730919e-04 7.941392599104085378e-04 9.588210190267402316e-03
2.236067933349018128e-02 -1.652274174619447554e-04 -9.367533948317730919e-04 7.941392599104085378e-04 9.588210190267402316e-03
2.236067933349018128e-02 -1.652274174619447554e-04 -9.367533948317730919e-04 7.941392599104085378e-04 9.588210190267402316e-03
2.236067933349018128e-02 -1.652274174619447554e-04 -9.367533948317730919e-04 7.941392599104085378e-04 9.588210190267402316e-03
2.236067933349018128e-02 -1.652274174619447554e-04 -9.367533948317730919e-04 7.941392599104085378e-04 9.588210190267402316e-03
2.236067933349018128e-02 -1.652274174619447554e-04 -9.367533948317730919e-04 7.941392599104085378e-04 9.588210190267402316e-03
2.236067933349018128e-02 -1.652274174619447554e-04 -9.367533948317730919e-04 7.941392599104085378e-04 9.588210190267402316e-03
2.236067933349018128e-02 -1.652274174619447554e-04 -9.367533948317730919e-04 7.941392599104085378e-04 9.588210190267402316e-03
2.236067933349018128e-02 -1.652274174619447554e-04 -9.367533948317730919e-04 7.941392599104085378e-04 9.588210190267402316e-03
2.236067933349018128e-02 -1.652274174619447554e-04 -9.367533948317730919e-04 7.941392599104085378e-04 9.588210190267402316e-03
2.236067933349018128e-02 -1.652274174619447554e-04 -9.367533948317730919e-04 7.941392599104085378e-04 9.588210190267402316e-03
2.236067933349018128e-02 -1.652274174619447554e-04 -9.367533948317730919e-04 7.941392599104085378e-04 9.588210190267402316e-03
2.236067933349018128e-02 -1.652274174619447554e-04 -9.367533948317730919e-04 7.941392599104085378e-04 9.588210190267402316e-03
2.236067933349018128e-02 -1.652274174619447554e-04 -9.367533948317730919e-04 7.941392599104085378e-04 9.588210190267402316e-03
2.236067933349018128e-02 -1.652274174619447554e-04 -9.367533948317730919e-04 7.941392599104085378e-04 9.588210190267402316e-03
2.236067933349018128e-02 -1.652274174619447554e-04 -9.367533948317730919e-04 7.941392599104085378e-04 9.588210190267402316e-03
2.236067933349018128e-02 -1.652274174619447554e-04 -9.367533948317730919e-04 7.941392599104085378e-04 9.588210190267402316e-03
2.236067933349018128e-02 -1.652274174619447554e-04 -9.367533948317730919e-04 7.941392599104085378e-04 9.588210190267402316e-03
2.236067933349018128e-02 -1.652274174619447554e-04 -9.367533948317730919e-04 7.941392599104085378e-04 9.588210190267402316e-03
2.236067933349018128e-02 -1.652274174619447554e-04 -9.367533948317730919e-04 7.941392599104085378e-04 9.588210190267402316e-03
2.236067933349018128e-02 -1.652274174619447554e-04 -9.367533948317730919e-04 7.941392599104085378e-04 9.588210190267402316e-03
2.236067933349018128e-02 -1.652274174619447554e-04 -9.367533948317730919e-04 7.941392599104085378e-04 9.588210190267402316e-03
2.236067933349018128e-02 -1.652274174619447554e-04 -9.367533948317730919e-04 7.941392599104085378e-04 9.588210190267402316e-03
2.236067933349018128e-02 -1.652274174619447554e-04 -9.367533948317730919e-04 7.941392599104085378e-04 9.588210190267402316e-03
2.236067933349018128e-02 -1.652274174619447554e-04 -9.367533948317730919e-04 7.941392599104085378e-04 9.588210190267402316e-03
2.236067933349018128e-02 -1.652274174619447554e-04 -9.367533948317730919e-04 7.941392599104085378e-04 9.588210190267402316e-03
2.236067933349018128e-02 -1.652274174619447554e-04 -9.367533948317730919e-04 7.941392599104085378e-04 9.588210190267402316e-03
2.236067933349018128e-02 -1.652274174619447554e-04 -9.367533948317730919e-04 7.941392599104085378e-04 9.588210190267402316e-03
2.236067933349018128e-02 -1.652274174619447554e-04 -9.367533948317730919e-04 7.941392599104085378e-04 9.588210190267402316e-03
2.236067933349018128e-02 -1.652274174619447554e-04 -9.367533948317730919e-04 7.941392599104085378e-04 9.588210190267402316e-03
2.236067933349018128e-02 -1.652274174619447554e-04 -9.367533948317730919e-04 7.941392599104085378e-04 9.588210190267402316e-03
2.236067933349018128e-02 -1.652274174619447554e-04 -9.367533948317730919e-04 7.941392599104085378e-04 9.588210190267402316e-03
2.236067933349018128e-02 -1.652274174619447554e-04 -9.367533948317730919e-04 7.941392599104085378e-04 9.588210190267402316e-03
2.236067933349018128e-02 -1.652274174619447554e-04 -9.367533948317730919e-04 7.941392599104085378e-04 9.588210190267402316e-03
2.236067933349018128e-02 -1.652274174619447554e-04 -9.367533948317730919e-04 7.941392599104085378e-04 9.588210190267402316e-03
2.236067933349018128e-02 -1.652274174619447554e-04 -9.367533948317730919e-04 7.941392599104085378e-04 9.588210190267402316e-03
2.236067933349018128e-02 -1.652274174619447554e-04 -9.367533948317730919e-04 7.941392599104085378e-04 9.588210190267402316e-03
2.236067933349018128e-02 -1.652274174619447554e-04 -9.367533948317730919e-04 7.941392599104085378e-04 9.588210190267402316e-03
2.236067933349018128e-02 -1.652274174619447554e-04 -9.367533948317730919e-04 7.941392599104085378e-04 9.588210190267402316e-03
2.236067933349018128e-02 -1.652274174619447554e-04 -9.367533948317730919e-04 7.941392599104085378e-04 9.588210190267402316e-03
2.236067933349018128e-02 -1.652274174619447554e-04 -9.367533948317730919e-04 7.941392599104085378e-04 9.588210190267402316e-03
2.236067933349018128e-02 -1.652274174619447554e-04 -9.367533948317730919e-04 7.941392599104085378e-04 9.588210190267402316e-03
2.236067933349018128e-02 -1.652274174619447554e-04 -9.367533948317730919e-04 7.941392599104085378e-04 9.588210190267402316e-03
2.236067933349018128e-02 -1.652274174619447554e-04 -9.367533948317730919e-04 7.941392599104085378e-04 9.588210190267402316e-03
2.236067933349018128e-02 -1.652274174619447554e-04 -9.367533948317730919e-04 7.941392599104085378e-04 9.588210190267402316e-03
2.236067933349018128e-02 -1.652274174619447554e-04 -9.367533948317730919e-04 7.941392599104085378e-04 9.588210190267402316e-03
2.236067933349018128e-02 -1.652274174619447554e-04 -9.367533948317730919e-04 7.941392599104085378e-04 9.588210190267402316e-03
2.236067933349018128e-02 -1.652274174619447554e-04 -9.367533948317730919e-04 7.941392599104085378e-04 9.588210190267402316e-03
2.236067933349018128e-02 -1.652274174619447554e-04 -9.367533948317730919e-04 7.941392599104085378e-04 9.588210190267402316e-03
2.236067933349018128e-02 -1.652274174619447554e-04 -9.367533948317730919e-04 7.941392599104085378e-04 9.588210190267402316e-03
2.236067933349018128e-02 -1.652274174619447554e-04 -9.367533948317730919e-04 7.941392599104085378e-04 9.588210190267402316e-03
2.236067933349018128e-02 -1.652274174619447554e-04 -9.367533948317730919e-04 7.941392599104085378e-04 9.588210190267402316e-03
2.236067933349018128e-02 -1.652274174619447554e-04 -9.367533948317730919e-04 7.941392599104085378e-04 9.588210190267402316e-03
2.236067933349018128e-02 -1.652274174619447554e-04 -9.367533948317730919e-04 7.941392599104085378e-04 9.588210190267402316e-03
2.236067933349018128e-02 -1.652274174619447554e-04 -9.367533948317730919e-04 7.941392599104085378e-04 9.588210190267402316e-03
2.236067933349018128e-02 -1.652274174619447554e-04 -9.367533948317730919e-04 7.941392599104085378e-04 9.588210190267402316e-03
2.236067933349018128e-02 -1.652274174619447554e-04 -9.367533948317730919e-04 7.941392599104085378e-04 9.588210190267402316e-03
2.236067933349018128e-02 -1.652274174619447554e-04 -9.367533948317730919e-04 7.941392599104085378e-04 9.588210190267402316e-03
2.236067933349018128e-02 -1.652274174619447554e-04 -9.367533948317737424e-04 7.941392599104117904e-04 9.588210190267402316e-03
2.236067933349018128e-02 -1.652274174619447554e-04 -9.367533948317739593e-04 7.941392599104131998e-04 9.588210190267402316e-03
2.236067933349018128e-02 -1.652274174619447554e-04 -9.367533948317740677e-04 7.941392599104143924e-04 9.588210190267402316e-03
2.236067933349018128e-02 -1.652274174619447554e-04 -9.367533948317740677e-04 7.941392599104141756e-04 9.588210190267402316e-03
2.236067933349018128e-02 -1.652274174619447554e-04 -9.367533948317740677e-04 7.941392599104141756e-04 9.588210190267402316e-03
2.236067933349018128e-02 -1.652274174619447554e-04 -9.367533948317740677e-04 7.941392599104142840e-04 9.588210190267402316e-03
2.236067933349018128e-02 -1.652274174619447554e-04 -9.367533948317740677e-04 7.941392599104143924e-04 9.588210190267402316e-03
2.236067933349018128e-02 -1.652274174619447554e-04 -9.367533948317740677e-04 7.941392599104143924e-04 9.588210190267402316e-03
2.236067933349018128e-02 -1.652274174619447554e-04 -9.367533948317740677e-04 7.941392599104143924e-04 9.588210190267402316e-03
2.236067933349018128e-02 -1.652274174619447554e-04 -9.367533948317740677e-04 7.941392599104143924e-04 9.588210190267402316e-03
2.236067933349018128e-02 -1.652274174619447554e-04 -9.367533948317740677e-04 7.941392599104143924e-04 9.588210190267402316e-03
2.236067933349018128e-02 -1.652274174619447554e-04 -9.367533948317740677e-04 7.941392599104143924e-04 9.588210190267402316e-03
2.236067933349018128e-02 -1.652274174619447554e-04 -9.367533948317740677e-04 7.941392599104143924e-04 9.588210190267402316e-03
2.236067933349018128e-02 -1.652274174619447554e-04 -9.367533948317740677e-04 7.941392599104143924e-04 9.588210190267402316e-03
2.236067933349018128e-02 -1.652274174619447554e-04 -9.367533948317740677e-04 7.941392599104143924e-04 9.588210190267402316e-03
2.236067933349018128e-02 -1.652274174619447554e-04 -9.367533948317740677e-04 7.941392599104143924e-04 9.588210190267402316e-03
2.236067933349018128e-02 -1.652274174619447554e-04 -9.367533948317740677e-04 7.941392599104143924e-04 9.588210190267402316e-03
2.236067933349018128e-02 -1.652274174619447554e-04 -9.367533948317740677e-04 7.941392599104143924e-04 9.588210190267402316e-03
2.236067933349018128e-02 -1.652274174619447554e-04 -9.367533948317740677e-04 7.941392599104143924e-04 9.588210190267402316e-03
2.236067933349018128e-02 -1.652274174619447554e-04 -9.367533948317740677e-04 7.941392599104143924e-04 9.588210190267402316e-03
2.236067933349018128e-02 -1.652274174619447554e-04 -9.367533948317740677e-04 7.941392599104143924e-04 9.588210190267402316e-03
2.236067933349018128e-02 -1.652274174619447554e-04 -9.367533948317740677e-04 7.941392599104143924e-04 9.588210190267402316e-03
2.236067933349018128e-02 -1.652274174619447554e-04 -9.367533948317740677e-04 7.941392599104143924e-04 9.588210190267402316e-03
2.236067933349018128e-02 -1.652274174619447554e-04 -9.367533948317740677e-04 7.941392599104143924e-04 9.588210190267402316e-03
2.236067933349018128e-02 -1.652274174619447554e-04 -9.367533948317740677e-04 7.941392599104143924e-04 9.588210190267402316e-03
2.236067933349018128e-02 -1.652274174619447554e-04 -9.367533948317740677e-04 7.941392599104143924e-04 9.588210190267402316e-03
2.236067933349018128e-02 -1.652274174619447554e-04 -9.367533948317740677e-04 7.941392599104143924e-04 9.588210190267402316e-03
2.236067933349018128e-02 -1.652274174619447554e-04 -9.367533948317740677e-04 7.941392599104143924e-04 9.588210190267402316e-03
2.236067933349018128e-02 -1.652274174619447554e-04 -9.367533948317740677e-04 7.941392599104143924e-04 9.588210190267402316e-03
2.236067933349018128e-02 -1.652274174619447554e-04 -9.367533948317740677e-04 7.941392599104143924e-04 9.588210190267402316e-03
2.236067937471233891e-02 -4.971291795139328590e-02 1.911660824100369083e-01 -1.814708132272790653e-01 9.588210207882124497e-03
2.236067956819990515e-02 -7.052377027283029953e-02 1.059293535354525750e-01 2.064913735127283378e-01 9.588210290561180807e-03
2.236067992009951530e-02 -3.199841169352323211e-01 3.784678292854201653e-01 -3.375273784039612424e-01 9.588210440931638212e-03
2.236068043041116241e-02 3.810477807402364303e-01 1.122826616256302791e-02 9.167752050848269885e-02 9.588210658993404772e-03
2.236068109913562710e-02 4.792040099643773282e-02 2.183408765906174054e-01 -1.245519098269552150e-01 9.588210944746260178e-03
2.236068192627145568e-02 -6.900039214204668758e-02 -2.262806676247053617e-01 -5.743131438814451373e-02 9.588211298190764745e-03
2.236068291182250964e-02 -3.873216515838874274e-01 2.116331201355740876e-01 -3.982114003874138164e-01 9.588211719326325197e-03
2.236068405578321705e-02 -3.973777740335162623e-01 3.963338392693652873e-02 -2.528680513314163214e-01 9.588212208153205213e-03
2.236068535815846983e-02 -2.538399278660606329e-01 -3.333385367917501285e-01 -9.753438187401543280e-02 9.588212764671326729e-03
2.236068681894340035e-02 3.455064764137178585e-02 5.255782376142825729e-02 -1.659824345701311488e-01 9.588213388880974242e-03
2.236068843814272011e-02 1.684301616308296889e-01 1.512865653734506988e-01 -1.778814918975270831e-01 9.588214080781844173e-03
2.236069021575501359e-02 -2.970941811248892228e-02 3.905936301284778644e-01 -4.944974389875383958e-02 9.588214840373858461e-03
2.236069215177920524e-02 1.426952314849045111e-01 -2.540346025360558091e-01 4.655620125549926602e-02 9.588215667657350172e-03
2.236069424621493079e-02 7.990332390688402453e-02 4.831680175140415714e-03 5.757310296366032615e-02 9.588216562631963688e-03
2.236069649906400822e-02 -1.544407047752404359e-02 -1.244261327663943317e-01 1.304065751531613415e-01 9.588217525298026872e-03
2.236069891032458831e-02 1.739017578082486040e-02 -1.410720171805292592e-02 -1.386136509140585005e-01 9.588218555655345435e-03
2.236070147999719496e-02 -2.885142850745644472e-01 3.461771566017433632e-01 -4.997341477292419065e-01 9.588219653704052950e-03
2.236070420808371206e-02 2.061065625614823260e-01 1.399293659672234125e-01 9.367838882501336450e-02 9.588220819443986354e-03
2.236070709458237368e-02 7.010309233633643666e-02 1.458626012534035010e-01 7.458022359400141854e-02 9.588222052875360751e-03
2.236071013949323533e-02 -6.144870707854650088e-02 7.976584924609714244e-02 -1.339702303748400158e-01 9.588223353997784096e-03
2.236071334281603332e-02 2.126712023843363164e-01 1.646547327395995741e-01 -1.534606546906699120e-01 9.588224722811681394e-03
2.236071670455132970e-02 -4.383086961440804674e-02 1.205947725758290956e-01 -2.808919261598180964e-02 9.588226159316875705e-03
2.236072022469995021e-02 7.646206458346985202e-02 -2.722317102957627286e-02 4.981611545608827935e-02 9.588227663513347945e-03
2.236072390326060075e-02 1.721788245182471755e-01 -1.621339058530674518e-02 6.650937916827003027e-02 9.588229235401053013e-03
2.236072774023373580e-02 -3.615507238099156806e-02 1.014686420880448608e-01 -8.448332759929320923e-02 9.588230874980190402e-03
2.236073173561890087e-02 1.551043061957015357e-01 2.375190319974625555e-02 9.783074516192481751e-02 9.588232582250510311e-03
2.236073588941654700e-02 1.240806263327211278e-01 -1.781611417151033050e-01 2.979205008378142949e-01 9.588234357212318051e-03
2.236074020162750683e-02 1.650097676328864393e-01 -8.322930499964843742e-02 1.113691311485014990e-01 9.588236199865268414e-03
2.236074467224921647e-02 4.007335292764272611e-02 7.854071846343661789e-02 8.705886967255205278e-02 9.588238110209484563e-03
2.236074930128472554e-02 1.122742871429167621e-01 3.554513527260943356e-02 1.336562598632935230e-02 9.588240088245171197e-03
2.236075408873226811e-02 6.983398292956514986e-02 1.444416807131448655e-01 -1.233517408672406453e-02 9.588242133972166986e-03
2.236075903459194131e-02 3.377877322833900547e-02 -5.899415172860626722e-02 -8.447654663350911974e-02 9.588244247390449379e-03
4.287788862207910778e-01 2.027326935938756486e-09 1.071734686620192528e-09 1.966826587663714210e-10 nan
4.363107825198823259e-02 2.423495955411798569e-17 1.499567510050641612e-17 9.605148332754490074e-18 nan
