0.000000000000000000e+00 0.000000000000000000e+00 0.000000000000000000e+00 0.000000000000000000e+00 0.000000000000000000e+00 0.000000000000000000e+00 0.000000000000000000e+00
-2.277005849173025865e-05 4.397776350692270657e-05 -4.510406289694768751e-05 -4.178935584559314063e-05 4.795894244070722490e-05 3.971568473088014537e-05 -4.677776663844729121e+00
-4.553696876205707092e-05 8.792246568401958782e-05 -9.015327276232230674e-05 -8.351133012670203758e-05 9.583053368032414454e-05 7.934915532896926632e-05 -9.354939835643635959e+00
-6.830072951616960708e-05 1.318340863458158040e-04 -1.351475960329633129e-04 -1.251658605902425132e-04 1.436149155230636079e-04 1.189003289481736623e-04 -1.403148927320012085e+01
-9.106133944605999302e-05 1.757126053044215093e-04 -1.800869960046290973e-04 -1.667529057278443875e-04 1.913119028491930566e-04 1.583701478095665238e-04 -1.870742473146037455e+01
-1.138187972415587537e-04 2.195580022333007170e-04 -2.249714362190846422e-04 -2.082724029263598533e-04 2.389213553645019427e-04 1.977593227912007663e-04 -2.338274596565543106e+01
-1.365731015755365240e-04 2.633702567754935215e-04 -2.698008817166132941e-04 -2.497242928670862644e-04 2.864431900457792388e-04 2.370683040062612193e-04 -2.805745272818822755e+01
-1.593242511399529850e-04 3.071493485303754007e-04 -3.145752993035784385e-04 -2.911085225284983807e-04 3.338773558480290509e-04 2.762977688234477232e-04 -3.273154477560436248e+01
-1.820722446084482979e-04 3.508952570733872025e-04 -3.592946552042044421e-04 -3.324250511616828711e-04 3.812237319515573942e-04 3.154478986669861538e-04 -3.740502186074878210e+01
-2.048170806619335272e-04 3.946079617853854356e-04 -4.039589151988426515e-04 -3.736738507129585586e-04 4.284823351062035774e-04 3.545193046846219047e-04 -4.207788373811802529e+01
-2.275587579713843800e-04 4.382874418895468588e-04 -4.485680462388553472e-04 -4.148549054305605333e-04 4.756532314433395176e-04 3.935119022705597870e-04 -4.675013016049059900e+01
-2.502972752177930736e-04 4.819336764463532318e-04 -4.931220183869326279e-04 -4.559682017555948246e-04 5.227366177094772007e-04 4.324260713404755969e-04 -5.142176088263791911e+01
-2.730326310660001672e-04 5.255466444908324462e-04 -5.376208061750564456e-04 -4.970137538626151616e-04 5.697325814623991572e-04 4.712611235299010975e-04 -5.609277565567613522e+01
-2.957648242070746157e-04 5.691263249306376115e-04 -5.820643901416743676e-04 -5.379915800554846894e-04 6.166412017073806366e-04 5.100169846502756663e-04 -6.076317423480380597e+01
-3.184938533266213744e-04 6.126726965973110619e-04 -6.264527546766153606e-04 -5.789017136717120515e-04 6.634626131342029939e-04 5.486933314420474727e-04 -6.543295637268168718e+01
-3.412197171114041399e-04 6.561857383493416209e-04 -6.707858823907558634e-04 -6.197441797451868142e-04 7.101969124103332288e-04 5.872895400627222524e-04 -7.010212182189846430e+01
-3.639424142379212197e-04 6.996654290100249099e-04 -7.150637516552759386e-04 -6.605189885708905332e-04 7.568443031427362884e-04 6.258050162153793025e-04 -7.477067033247452343e+01
-3.866619434135907412e-04 7.431117473369816540e-04 -7.592863368623084140e-04 -7.012261498616619232e-04 8.034046021088460388e-04 6.642395456364135007e-04 -7.943860166100456865e+01
-4.093783033043018227e-04 7.865246722827599858e-04 -8.034536129464146326e-04 -7.418656286461851020e-04 8.498777450446124522e-04 7.025922697573308779e-04 -8.410591555637809336e+01
-4.320914925893363525e-04 8.299041828689597902e-04 -8.475655522499011846e-04 -7.824374129584623239e-04 8.962635138268402416e-04 7.408637799901788071e-04 -8.877261177048667662e+01
-4.548015099533776057e-04 8.732502581061859495e-04 -8.916221254291725913e-04 -8.229414949714278791e-04 9.425619130053434916e-04 7.790529341305144984e-04 -9.343869005672029004e+01
-4.775083540601080239e-04 9.165628769581100769e-04 -9.356233018781318772e-04 -8.633778593936383087e-04 9.887724047391033017e-04 8.171606303626884147e-04 -9.810415016400155253e+01
-5.002120235935344486e-04 9.598420183797897994e-04 -9.795690521772883273e-04 -9.037464771190230860e-04 1.034894933380825065e-03 8.551874695564156510e-04 -1.027689918454198335e+02
-5.229125172118312490e-04 1.003087661521677226e-03 -1.023459344458556080e-03 -9.440473138051374159e-04 1.080929234462085168e-03 8.931332393230277059e-04 -1.074332148501530071e+02
-5.456098335750955187e-04 1.046299785640632946e-03 -1.067294142707283589e-03 -9.842803254771915599e-04 1.126875483809488187e-03 9.309984303509761475e-04 -1.120968189288435752e+02
-5.683039713495242895e-04 1.089478369908584510e-03 -1.111073410146677220e-03 -1.024445476351601957e-03 1.172733254509751620e-03 9.687835584006370066e-04 -1.167598038333477888e+02
-5.909949291828835898e-04 1.132623393477600465e-03 -1.154797108711221173e-03 -1.064542717447821557e-03 1.218502852185684646e-03 1.006489688868598400e-03 -1.214221693118290659e+02
-6.136827057372451705e-04 1.175734835446509176e-03 -1.198465198301915374e-03 -1.104571990736140635e-03 1.264184129930604481e-03 1.044117239838561776e-03 -1.260839151161819842e+02
-6.363672996534038570e-04 1.218812674985957425e-03 -1.242077637502819916e-03 -1.144533251560691644e-03 1.309777105859920906e-03 1.081666213142152590e-03 -1.307450409942418901e+02
-6.590487095785353298e-04 1.261856891256802954e-03 -1.285634388749369410e-03 -1.184426440702416108e-03 1.355282064564738292e-03 1.119137185684563945e-03 -1.354055466951320739e+02
-6.817269341751744025e-04 1.304867463231387846e-03 -1.329135414049357903e-03 -1.224251510188419491e-03 1.400699046690384022e-03 1.156529624183350079e-03 -1.400654319709406650e+02
-7.044019720666183952e-04 1.347844369746961733e-03 -1.372580678701447454e-03 -1.264008428674189520e-03 1.446028550485421163e-03 1.193844502814343659e-03 -1.447246965658942486e+02
-7.270738219120316623e-04 1.390787589340573838e-03 -1.415970148688683880e-03 -1.303697184729426346e-03 1.491270386253452668e-03 1.231081804159316583e-03 -1.493833402315356693e+02
-7.497424823529467205e-04 1.433697100450610339e-03 -1.459303796412304930e-03 -1.343317776873265059e-03 1.536424731302746217e-03 1.268240026092962115e-03 -1.540413627149178240e+02
-7.724079520460286211e-04 1.476572881425517640e-03 -1.502581599435738689e-03 -1.382870227230999010e-03 1.581491453410022608e-03 1.305320385709711787e-03 -1.586987637658389758e+02
-7.950702296341558093e-04 1.519414910615360208e-03 -1.545803537005746619e-03 -1.422354543139772113e-03 1.626470993479241667e-03 1.342321900191932116e-03 -1.633555431296202300e+02
-8.177293137850968679e-04 1.562223166325841725e-03 -1.588969594368278525e-03 -1.461770740147313920e-03 1.671362993931546029e-03 1.379243775453244201e-03 -1.680117005555068488e+02
-8.403852031573402596e-04 1.604997626858507094e-03 -1.632079753048347242e-03 -1.501118823437701776e-03 1.716167571526940137e-03 1.416086626226580351e-03 -1.726672357901969121e+02
-8.630378964181955161e-04 1.647738270532347546e-03 -1.675133994983365538e-03 -1.540398764467390547e-03 1.760884465369143498e-03 1.452850126112813223e-03 -1.773221485818506835e+02
-8.856873922221053996e-04 1.690445075722997589e-03 -1.718132294911379207e-03 -1.579610562554727799e-03 1.805513543161169814e-03 1.489532713055367798e-03 -1.819764386769269890e+02
-9.083336892201423216e-04 1.733118021020280640e-03 -1.761074627668489292e-03 -1.618754179801146220e-03 1.850054657891740716e-03 1.526135204161100213e-03 -1.866301058228803242e+02
-9.309767860538584227e-04 1.775757084912045914e-03 -1.803960968389968977e-03 -1.657829604678455297e-03 1.894507280719092204e-03 1.562657664400815462e-03 -1.912831497654019586e+02
-9.536166813757252772e-04 1.818362245781564605e-03 -1.846791287573199382e-03 -1.696836848439860429e-03 1.938871723056037567e-03 1.599098868520443034e-03 -1.959355702527984420e+02
-9.762533738186268293e-04 1.860933482095882040e-03 -1.889565550345964932e-03 -1.735775902989416478e-03 1.983147212061929857e-03 1.635461360534304397e-03 -2.005873670292840529e+02
-9.988868620306864607e-04 1.903470772419943533e-03 -1.932283722770637962e-03 -1.774646731667715947e-03 2.027334447175113338e-03 1.671743134606154839e-03 -2.052385398433605133e+02
-1.021517144625536805e-03 1.945974095360883740e-03 -1.974945764383550465e-03 -1.813449316825220753e-03 2.071433156041151916e-03 1.707946047293438380e-03 -2.098890884370626395e+02
-1.044144220248376283e-03 1.988443429463853263e-03 -2.017551637849007359e-03 -1.852183639945453267e-03 2.115443359127675352e-03 1.744070275236516213e-03 -2.145390125594232416e+02
-1.066768087515754249e-03 2.030878753244530835e-03 -2.060101304038084585e-03 -1.890849644867995160e-03 2.159365359178609060e-03 1.780113845212979301e-03 -2.191883119532284354e+02
-1.089388745055291279e-03 2.073280045296616112e-03 -2.102594718597576139e-03 -1.929447296793901671e-03 2.203199059816244275e-03 1.816080540617528907e-03 -2.238369863635434740e+02
-1.112006191492674817e-03 2.115647284196853998e-03 -2.145031834884317864e-03 -1.967976525676038910e-03 2.246944825925672757e-03 1.851968557447278285e-03 -2.284850355353520115e+02
-1.134620425453546555e-03 2.157980448432054825e-03 -2.187412614815146400e-03 -2.006437288716511006e-03 2.290602621287949128e-03 1.887777822557702712e-03 -2.331324592133969134e+02
-1.157231445555285477e-03 2.200279516461799405e-03 -2.229737021784377118e-03 -2.044829551598063844e-03 2.334172537265630232e-03 1.923509567669009351e-03 -2.377792571408769220e+02
-1.179839250417337492e-03 2.242544466605171996e-03 -2.272005021630857814e-03 -2.083153256516429106e-03 2.377654386205745648e-03 1.959164174922297351e-03 -2.424254290613408216e+02
-1.202443838656028826e-03 2.284775276935969122e-03 -2.314216580789142490e-03 -2.121408364318085223e-03 2.421048474082641497e-03 1.994741076767888015e-03 -2.470709747181865339e+02
-1.225045208886805983e-03 2.326971925345559886e-03 -2.356371669438838030e-03 -2.159594888228975537e-03 2.464354681519686802e-03 2.030240562224420228e-03 -2.517158938543261968e+02
-1.247643359737018705e-03 2.369134389627522257e-03 -2.398470263098371417e-03 -2.197712779281967618e-03 2.507572549778291481e-03 2.065662497631366463e-03 -2.563601862141449033e+02
-1.270238289822767054e-03 2.411262647522068037e-03 -2.440512342731395931e-03 -2.235762005551383217e-03 2.550702278898612282e-03 2.101007338933170380e-03 -2.610038515387791449e+02
-1.292829997771346995e-03 2.453356676853213087e-03 -2.482497890607751351e-03 -2.273742583755347917e-03 2.593743878031453450e-03 2.136274815651220248e-03 -2.656468895708665627e+02
-1.315418482216167010e-03 2.495416455479456536e-03 -2.524426891702142867e-03 -2.311654485946106931e-03 2.636697343961245249e-03 2.171462705000481910e-03 -2.702893000528638936e+02
-1.338003741796375996e-03 2.537441961366085786e-03 -2.566299327573174065e-03 -2.349497784349750817e-03 2.679562569830071933e-03 2.206573538564740415e-03 -2.749310827283824779e+02
-1.360585775132095538e-03 2.579433172552449659e-03 -2.608115174407756292e-03 -2.387272400004857541e-03 2.722339375710621737e-03 2.241605506586049831e-03 -2.795722373384197113e+02
-1.383164580847671271e-03 2.621390067117181956e-03 -2.649874405782107548e-03 -2.424978398075956255e-03 2.765027947730209178e-03 2.276559073364070943e-03 -2.842127636265324782e+02
-1.405740157548742873e-03 2.663312623024553533e-03 -2.691576993118258848e-03 -2.462615749518420015e-03 2.807628434352023913e-03 2.311432012433202888e-03 -2.888526613326104098e+02
-1.428312503850860497e-03 2.705200818082063949e-03 -2.733222904436516994e-03 -2.500184436667246980e-03 2.850140745943351931e-03 2.346227388879533818e-03 -2.934919301984111257e+02
-1.450881618377571807e-03 2.747054630122999427e-03 -2.774812107269685954e-03 -2.537684498014110973e-03 2.892564441745348446e-03 2.380944311845681078e-03 -2.981305699671401044e+02
-1.473447499724625303e-03 2.788874037114042522e-03 -2.816344566946475149e-03 -2.575115957354114169e-03 2.934900238680984968e-03 2.415579720944555520e-03 -3.027685803764082380e+02
-1.496010146507897919e-03 2.830659016963272927e-03 -2.857820243479389059e-03 -2.612478737414393546e-03 2.977147995605814237e-03 2.450137081280945751e-03 -3.074059611682386048e+02
-1.518569557336822739e-03 2.872409547537199855e-03 -2.899239099900245697e-03 -2.649772845041796412e-03 3.019307505220156229e-03 2.484615094491968417e-03 -3.120427120836204722e+02
-1.541125730811002603e-03 2.914125606728111377e-03 -2.940601092592549665e-03 -2.686998261809138075e-03 3.061379024129869467e-03 2.519016626912607987e-03 -3.166788328617286083e+02
-1.563678665520254344e-03 2.955807172511763520e-03 -2.981906178050881210e-03 -2.724154915643947281e-03 3.103362496942591378e-03 2.553338514868194568e-03 -3.213143232399877434e+02
-1.586228360081539095e-03 2.997454222729722777e-03 -3.023154311284538629e-03 -2.761242802763167262e-03 3.145257684356869612e-03 2.587583245095179032e-03 -3.259491829623092372e+02
-1.608774813071024668e-03 3.039066735144348164e-03 -3.064345455189211847e-03 -2.798261796399600151e-03 3.187064367216824092e-03 2.621751354992648414e-03 -3.305834117640879981e+02
-1.631318023084103079e-03 3.080644687542564118e-03 -3.105479575408351140e-03 -2.835211874338057492e-03 3.228782458719742666e-03 2.655842080683410312e-03 -3.352170093845925862e+02
-1.653857988713937441e-03 3.122188057665304956e-03 -3.146556637854043895e-03 -2.872092999052739543e-03 3.270412313251575605e-03 2.689858288994188655e-03 -3.398499755624704903e+02
-1.676394708555501920e-03 3.163696823123647930e-03 -3.187576611317281209e-03 -2.908905026926522901e-03 3.311953343855890668e-03 2.723797409490402981e-03 -3.444823100374715068e+02
-1.698928181183034444e-03 3.205170961431356210e-03 -3.228539464304072942e-03 -2.945647971834866076e-03 3.353405750277729976e-03 2.757660265049430206e-03 -3.491140125450863252e+02
-1.721458405184443435e-03 3.246610449958107266e-03 -3.269445166242829996e-03 -2.982321718597345274e-03 3.394769973974172753e-03 2.791449543688277225e-03 -3.537450828236315488e+02
-1.743985379148084870e-03 3.288015266036224769e-03 -3.310293690822480560e-03 -3.018926338985818483e-03 3.436045437760325803e-03 2.825162773802991720e-03 -3.583755206109726714e+02
-1.766509101659106138e-03 3.329385386902208432e-03 -3.351085014067898063e-03 -3.055461799076197339e-03 3.477233000410076633e-03 2.858798814342890064e-03 -3.630053256435352864e+02
-1.789029571327431034e-03 3.370720789932840720e-03 -3.391819118244882112e-03 -3.091928158637984123e-03 3.518332637981859065e-03 2.892360168445376641e-03 -3.676344976614030315e+02
-1.811546786740968846e-03 3.412021452678071567e-03 -3.432495984413709220e-03 -3.128325392628207233e-03 3.559344558177489348e-03 2.925843989944139269e-03 -3.722630363991100353e+02
-1.834060746505712918e-03 3.453287352749967020e-03 -3.473115594451697645e-03 -3.164653531836149683e-03 3.600268712613843586e-03 2.959250733126826682e-03 -3.768909415952874156e+02
-1.856571449216403444e-03 3.494518467652341174e-03 -3.513677919174144990e-03 -3.200912618125242599e-03 3.641105011654930008e-03 2.992579363665415909e-03 -3.815182129866644800e+02
-1.879078893457528186e-03 3.535714774754780861e-03 -3.554182931921100533e-03 -3.237102575164993706e-03 3.681854264713300354e-03 3.025830725294668261e-03 -3.861448503081788317e+02
-1.901583077828893379e-03 3.576876251244045200e-03 -3.594630601963124446e-03 -3.273223459671317954e-03 3.722515412854864470e-03 3.059002302623075372e-03 -3.907708532977604818e+02
-1.924084000911499776e-03 3.618002874361460775e-03 -3.635020898690399967e-03 -3.309275393555805977e-03 3.763089145952042830e-03 3.092098081752793059e-03 -3.953962216893159507e+02
-1.946581661297667196e-03 3.659094621309945655e-03 -3.675353788538633388e-03 -3.345258232243445221e-03 3.803575274051478571e-03 3.125114771306640102e-03 -4.000209552196420759e+02
-1.969076057567685587e-03 3.700151469329633364e-03 -3.715629232117721552e-03 -3.381172061760325150e-03 3.843972800525552284e-03 3.158056521012114325e-03 -4.046450536237593383e+02
-1.991567188291798896e-03 3.741173395589879411e-03 -3.755847191234406874e-03 -3.417016865499549784e-03 3.884282353201002919e-03 3.190921788877291825e-03 -4.092685166348412054e+02
-2.014055052059218753e-03 3.782160377209548442e-03 -3.796007624272830592e-03 -3.452792578097024778e-03 3.924503721331793100e-03 3.223709483890535230e-03 -4.138913439908201894e+02
-2.036539647424871931e-03 3.823112391378398912e-03 -3.836110494165048505e-03 -3.488499174354868157e-03 3.964635871975290791e-03 3.256422511468412898e-03 -4.185135354230112625e+02
-2.059020972959173246e-03 3.864029415294087475e-03 -3.876155759249124561e-03 -3.524136533041910286e-03 4.004679979619250006e-03 3.289059346800298541e-03 -4.231350906664079616e+02
-2.081499027223070262e-03 3.904911426157509080e-03 -3.916143380442152142e-03 -3.559704620977903120e-03 4.044635172710610987e-03 3.321623100389083875e-03 -4.277560094542233742e+02
-2.103973808776904691e-03 3.945758401191587494e-03 -3.956073316761307343e-03 -3.595203329406956947e-03 4.084502241907720689e-03 3.354112975996348649e-03 -4.323762915198386736e+02
-2.126445316179878964e-03 3.986570317635241938e-03 -3.995945529309531848e-03 -3.630632651447470577e-03 4.124280899453721706e-03 3.386528859635898683e-03 -4.369959365968192628e+02
-2.148913547984350730e-03 4.027347152649409304e-03 -4.035759982881846966e-03 -3.665992458676771773e-03 4.163971481022340701e-03 3.418872022268107380e-03 -4.416149444181282888e+02
-2.171378502733692633e-03 4.068088883322334634e-03 -4.075516641170863312e-03 -3.701282731402584947e-03 4.203574266447728316e-03 3.451142215819936934e-03 -4.462333147152153288e+02
-2.193840178981660075e-03 4.108795486528278758e-03 -4.115215472333315014e-03 -3.736503393217967695e-03 4.243089262812849843e-03 3.483340484731083098e-03 -4.508510472210426201e+02
-2.216298575291807040e-03 4.149466939016877368e-03 -4.154856445133628048e-03 -3.771654522277138790e-03 4.282517649657687463e-03 3.515465278057256209e-03 -4.554681416690645506e+02
-2.238753690216978200e-03 4.190103217524644708e-03 -4.194439535878424427e-03 -3.806736048457869462e-03 4.321858628990297817e-03 3.547516949585575660e-03 -4.600845977891083862e+02
-2.261205522330851387e-03 4.230704298939451380e-03 -4.233964728161178706e-03 -3.841748001557658380e-03 4.361113053230269813e-03 3.579494213536714257e-03 -4.647004153140908329e+02
-2.283654070211327616e-03 4.271270160327386538e-03 -4.273432000053498624e-03 -3.876690467515370945e-03 4.400280522419644340e-03 3.611396424443261578e-03 -4.693155939764314439e+02
-2.306099332429305260e-03 4.311800778679159528e-03 -4.312841335796670401e-03 -3.911563435001218919e-03 4.439360955518442849e-03 3.643224835569853787e-03 -4.739301335066319325e+02
-2.328541307558142093e-03 4.352296130917021437e-03 -4.352192710127016605e-03 -3.946366923118223118e-03 4.478354430319434094e-03 3.674981612656858746e-03 -4.785440336360594529e+02
-2.350979994163681502e-03 4.392756193760671835e-03 -4.391486093945301192e-03 -3.981101031244136529e-03 4.517261111279749150e-03 3.706660323542522277e-03 -4.831572940954686715e+02
-2.373415390814719375e-03 4.433180943740622215e-03 -4.430721463479263093e-03 -4.015765705545488486e-03 4.556080566617545097e-03 3.738266816530706835e-03 -4.877699146170473341e+02
-2.395847496060989155e-03 4.473570357359239053e-03 -4.469898788551547771e-03 -4.050361052519131123e-03 4.594812675737550318e-03 3.769801510372284507e-03 -4.923818949295582001e+02
-2.418276308465906917e-03 4.513924411061695854e-03 -4.509018040495144618e-03 -4.084887018570273511e-03 4.633457092308204163e-03 3.801261123197975048e-03 -4.969932347648588120e+02
-2.440701826561274268e-03 4.554243081330332579e-03 -4.548079181112370771e-03 -4.119343644678153879e-03 4.672014237453607499e-03 3.832652027200063576e-03 -5.016039338487185546e+02
-2.463124048918209890e-03 4.594526344690819976e-03 -4.587082170724818102e-03 -4.153730856212251715e-03 4.710483600334536974e-03 3.863969318169302187e-03 -5.062139919156873589e+02
-2.485542974062158496e-03 4.634774177706350862e-03 -4.626026966656792035e-03 -4.188048659905223986e-03 4.748865648117445680e-03 3.895214556941761948e-03 -5.108234086913319629e+02
-2.507958600529304905e-03 4.674986556921250334e-03 -4.664913529607290880e-03 -4.222296975150271678e-03 4.787160136363259599e-03 3.926392671271343102e-03 -5.154321839044229137e+02
-2.530370926861597557e-03 4.715163458920303315e-03 -4.703741815629788534e-03 -4.256475731279335713e-03 4.825367062513978046e-03 3.957497929078753092e-03 -5.200403172859771530e+02
-2.552779951569491418e-03 4.755304860383076544e-03 -4.742511780955302632e-03 -4.290584931356782560e-03 4.863487228265186806e-03 3.988536998977494467e-03 -5.246478085604918533e+02
-2.575185673195545550e-03 4.795410737876473414e-03 -4.781223383932340157e-03 -4.324624424943687012e-03 4.901520826761654286e-03 4.019507267399259273e-03 -5.292546574594585991e+02
-2.597588090252159979e-03 4.835481067877634917e-03 -4.819876583184273290e-03 -4.358594216623619573e-03 4.939468687688117199e-03 4.050406493908504692e-03 -5.338608637077354615e+02
-2.619987201263944583e-03 4.875515827008577475e-03 -4.858471342581227766e-03 -4.392494181064939343e-03 4.977329916766090948e-03 4.081241293209099570e-03 -5.384664270323942219e+02
-2.642383004772874688e-03 4.915514991931419116e-03 -4.897007626349940759e-03 -4.426324249756905839e-03 5.015105903372938691e-03 4.112009571939988228e-03 -5.430713471636888698e+02
-2.664775499285092306e-03 4.955478539133481922e-03 -4.935485400159258899e-03 -4.460084405131922378e-03 5.052796459885439649e-03 4.142709212376579492e-03 -5.476756238233034537e+02
-2.687164683353051794e-03 4.995406444822449686e-03 -4.973904637965403941e-03 -4.493774701629710787e-03 5.090402555312316044e-03 4.173341810679346252e-03 -5.522792567421929562e+02
-2.709550555500206837e-03 5.035298685268781507e-03 -5.012265312758158037e-03 -4.527395081216408629e-03 5.127922886781330694e-03 4.203907334005317110e-03 -5.568822456442048860e+02
-2.731933114272934188e-03 5.075155236711471202e-03 -5.050567402563775447e-03 -4.560945654001147785e-03 5.165357808500621248e-03 4.234410121455307700e-03 -5.614845902570527869e+02
-2.754312358212396457e-03 5.114976075459362961e-03 -5.088810889647286430e-03 -4.594426504451881721e-03 5.202708297842420331e-03 4.264844278904023414e-03 -5.660862903062463829e+02
-2.776688285860612771e-03 5.154761177834617583e-03 -5.126995757199004529e-03 -4.627837662160390851e-03 5.239973494073137637e-03 4.295215662480861632e-03 -5.706873455171220257e+02
-2.799060895762372613e-03 5.194510520135549488e-03 -5.165121985998545780e-03 -4.661179210374398127e-03 5.277153493265224378e-03 4.325523357624721024e-03 -5.752877556157471872e+02
-2.821430186457414818e-03 5.234224078384384048e-03 -5.203189554890114317e-03 -4.694451074104802682e-03 5.314248737513060754e-03 4.355765664362140112e-03 -5.798875203285584803e+02
-2.843796156473284414e-03 5.273901828457695784e-03 -5.241198437193738541e-03 -4.727653465981519060e-03 5.351258951780136705e-03 4.385945313117932225e-03 -5.844866393799477464e+02
-2.866158804326630633e-03 5.313543746201093536e-03 -5.279148603848748782e-03 -4.760786273462823057e-03 5.388184777562996484e-03 4.416062580382195540e-03 -5.890851124930171636e+02
-2.888518128555296258e-03 5.353149807368804379e-03 -5.317040023150746385e-03 -4.793849614709078978e-03 5.425026334948354102e-03 4.446117803469192518e-03 -5.936829393957608545e+02
-2.910874127666779852e-03 5.392719987783831104e-03 -5.354872652489465340e-03 -4.826843450659362190e-03 5.461784047754540683e-03 4.476113176470515598e-03 -5.982801198094173287e+02
-2.933226800176214934e-03 5.432254263342426066e-03 -5.392646453632559539e-03 -4.859767809578491998e-03 5.498457866041019278e-03 4.506048709322293955e-03 -6.028766534577888478e+02
-2.955576144594456757e-03 5.471752609921047561e-03 -5.430361385832038063e-03 -4.892622623851697848e-03 5.535048389363490980e-03 4.535926042950775769e-03 -6.074725400646224216e+02
-2.977922159433707156e-03 5.511215003365444072e-03 -5.468017408951923036e-03 -4.925407923739556770e-03 5.571555650088428138e-03 4.565747134280810637e-03 -6.120677793544883798e+02
-3.000264843185075463e-03 5.550641419653745169e-03 -5.505614481657843638e-03 -4.958123592432505874e-03 5.607980470704716780e-03 4.595509823854703434e-03 -6.166623710475822691e+02
-3.022604194359392211e-03 5.590031834735493046e-03 -5.543152562935305984e-03 -4.990769644214305967e-03 5.644322779276461297e-03 4.625221312299972014e-03 -6.212563148668562008e+02
-3.044940211463349755e-03 5.629386224574998467e-03 -5.580631615057105033e-03 -5.023345952909604763e-03 5.680583737517249862e-03 4.654877618771753427e-03 -6.258496105345947171e+02
-3.067272892990743644e-03 5.668704565161507974e-03 -5.618051590382854357e-03 -5.055852508188993059e-03 5.716764123304952233e-03 4.684483666695637635e-03 -6.304422577711226268e+02
-3.089602237451368784e-03 5.707986832578439314e-03 -5.655412450114429522e-03 -5.088289265694180379e-03 5.752863754093662067e-03 4.714038694468554100e-03 -6.350342562998421272e+02
-3.111928243335033463e-03 5.747233002990135078e-03 -5.692714159698186727e-03 -5.120656200047814591e-03 5.788883173528599352e-03 4.743548251619829348e-03 -6.396256058395907758e+02
-3.134250909153555274e-03 5.786443052264648827e-03 -5.729956692386536585e-03 -5.152953307847797648e-03 5.824822488689249123e-03 4.773010086017147671e-03 -6.442163061131551558e+02
-3.156570233410851880e-03 5.825616956111555854e-03 -5.767140019665151912e-03 -5.185180716908366176e-03 5.860683166269773335e-03 4.802425800785437883e-03 -6.488063568414418114e+02
-3.178886214604023479e-03 5.864754690165451499e-03 -5.804264117245720028e-03 -5.217338414707966936e-03 5.896464615761216888e-03 4.831800390284844184e-03 -6.533957577435634221e+02
-3.201198851246128858e-03 5.903856229931930995e-03 -5.841328963867172507e-03 -5.249426579684050506e-03 5.932168274363445841e-03 4.861133158302072092e-03 -6.579845085408011300e+02
-3.223508141847681099e-03 5.942921550996784104e-03 -5.878334543509216616e-03 -5.281445361531690065e-03 5.967793914000520117e-03 4.890426974839393037e-03 -6.625726089528938019e+02
-3.245814084930016656e-03 5.981950629007358120e-03 -5.915280842246106383e-03 -5.313394805817907122e-03 6.003343041170524849e-03 4.919682841235484792e-03 -6.671600587016483814e+02
-3.268116679006779352e-03 6.020943439503084055e-03 -5.952167844027178405e-03 -5.345275024069093099e-03 6.038816322834177595e-03 4.948906291780223558e-03 -6.717468575068382961e+02
-3.290415922581993967e-03 6.059899957842631267e-03 -5.988995532458011271e-03 -5.377086136400420144e-03 6.074214502670950526e-03 4.978092917508386908e-03 -6.763330050861626432e+02
-3.312711814168320737e-03 6.098820159199395442e-03 -6.025763879749955997e-03 -5.408828299167998607e-03 6.109537743699302616e-03 5.007250829903564689e-03 -6.809185011600992539e+02
-3.335004352258874767e-03 6.137704018704241184e-03 -6.062472861589300079e-03 -5.440501412026572080e-03 6.144788173313891003e-03 5.036378596564104748e-03 -6.855033454461898828e+02
-3.357293535354895740e-03 6.176551511388119961e-03 -6.099122440586293367e-03 -5.472105739960606355e-03 6.179966016766492987e-03 5.065482379576890376e-03 -6.900875376641107550e+02
-3.379579361952727082e-03 6.215362612384799437e-03 -6.135712587840133105e-03 -5.503641342906868787e-03 6.215072666068605957e-03 5.094567639654246603e-03 -6.946710775313888462e+02
-3.401861830540738995e-03 6.254137296918709128e-03 -6.172243270867816892e-03 -5.535108206921108241e-03 6.250108062029803915e-03 5.123635821966706153e-03 -6.992539647632833066e+02
-3.424140939636703511e-03 6.292875540252393027e-03 -6.208714459639106016e-03 -5.566506434083547464e-03 6.285075344059899705e-03 5.152688371993302367e-03 -7.038361990811768010e+02
-3.446416687714467728e-03 6.331577317655765966e-03 -6.245126113755768843e-03 -5.597836121720242523e-03 6.319974759037986882e-03 5.181737506880537171e-03 -7.084177801978545403e+02
-3.468689073265455395e-03 6.370242604388230354e-03 -6.281478193767563688e-03 -5.629097231121426258e-03 6.354807577233850639e-03 5.210782384759193864e-03 -7.129987078307208321e+02
-3.490958094775210852e-03 6.408871375813108943e-03 -6.317770666771895839e-03 -5.660289875037097240e-03 6.389576521318401751e-03 5.239829073759126078e-03 -7.175789816951413513e+02
-3.513223750740879399e-03 6.447463607303442409e-03 -6.354003500669518426e-03 -5.691414170402257951e-03 6.424282715301727481e-03 5.268888614084689566e-03 -7.221586015089169450e+02
-3.535486039630145530e-03 6.486019274391735014e-03 -6.390176650747171443e-03 -5.722470237164312828e-03 6.458927735249758370e-03 5.297959435621145581e-03 -7.267375669841034096e+02
-3.557744959945833597e-03 6.524538352486818245e-03 -6.426290088178442279e-03 -5.753458138269871604e-03 6.493515545649986183e-03 5.327054510399720222e-03 -7.313158778392348722e+02
-3.580000510168282468e-03 6.563020817013990454e-03 -6.462343783989992450e-03 -5.784378102969577919e-03 6.528047026170927768e-03 5.356176610873627543e-03 -7.358935337877207985e+02
-3.602252688792973844e-03 6.601466643250455783e-03 -6.498337721587510961e-03 -5.815230371893809376e-03 6.562524698790779716e-03 5.385340163739654393e-03 -7.404705345458463626e+02
-3.624501494297516137e-03 6.639875806319984683e-03 -6.534271886710776335e-03 -5.846015169926999100e-03 6.596952515993437759e-03 5.414546894192007014e-03 -7.450468798246802180e+02
-3.646746925201914402e-03 6.678248281037831371e-03 -6.570146265995218705e-03 -5.876732882103551624e-03 6.631331765661985927e-03 5.443807249216055071e-03 -7.496225693423955363e+02
-3.668988980002697246e-03 6.716584042122210503e-03 -6.605960855425285425e-03 -5.907383873699896711e-03 6.665666173649047177e-03 5.473133580658811649e-03 -7.541976028103098315e+02
-3.691227657217325316e-03 6.754883064288216832e-03 -6.641715650410726438e-03 -5.937968477331390625e-03 6.699961389972675617e-03 5.502537501516405714e-03 -7.587719799427276257e+02
-3.713462955359230367e-03 6.793145322373786953e-03 -6.677410654187768135e-03 -5.968487162675562875e-03 6.734218422621235899e-03 5.532025863898335123e-03 -7.633457004525622551e+02
-3.735694872967288208e-03 6.831370791089276355e-03 -6.713045872933185755e-03 -5.998940312029987267e-03 6.768441999069983901e-03 5.561618067549100805e-03 -7.679187640559144938e+02
-3.757923408553279134e-03 6.869559445025263944e-03 -6.748621305458884535e-03 -6.029328432230892168e-03 6.802637907212662031e-03 5.591320552997589011e-03 -7.724911704615886947e+02
-3.780148560653199749e-03 6.907711258726752235e-03 -6.784136943918750093e-03 -6.059651879074687275e-03 6.836810862707224691e-03 5.621154685592756779e-03 -7.770629193827567178e+02
-3.802370327798098356e-03 6.945826206707307084e-03 -6.819592785779831148e-03 -6.089911354568619192e-03 6.870965777311806646e-03 5.651140664610005727e-03 -7.816340105308646571e+02
-3.824588708509123192e-03 6.983904263370907528e-03 -6.854988831764678194e-03 -6.120107301708114719e-03 6.905109262972220809e-03 5.681292808301455395e-03 -7.862044436150912361e+02
-3.846803701335812110e-03 7.021945403163621334e-03 -6.890325076551029500e-03 -6.150240344264376081e-03 6.939248016580407477e-03 5.711637392752609392e-03 -7.907742183491710648e+02
-3.869015304802461870e-03 7.059949600583436541e-03 -6.925601516899281170e-03 -6.180311240432183675e-03 6.973388831075769470e-03 5.742192698803384211e-03 -7.953433344392058189e+02
-3.891223517462127912e-03 7.097916830112016573e-03 -6.960818158159473058e-03 -6.210320610828539735e-03 7.007539836014878114e-03 5.772990372534256460e-03 -7.999117915962182224e+02
-3.913428337864758785e-03 7.135847066387043282e-03 -6.995974997216517985e-03 -6.240269237502767997e-03 7.041711738608793895e-03 5.804051618165844209e-03 -8.044795895289918235e+02
-3.935629764553146871e-03 7.173740284061801489e-03 -7.031072040438838232e-03 -6.270157981450859112e-03 7.075912247795182117e-03 5.835418890538530273e-03 -8.090467279441332948e+02
-3.957827796100510734e-03 7.211596457790269907e-03 -7.066109293132728265e-03 -6.299987842303614825e-03 7.110153063774858791e-03 5.867114962742543335e-03 -8.136132065535300626e+02
-3.980022431051493705e-03 7.249415562314401144e-03 -7.101086765733735477e-03 -6.329759721204657533e-03 7.144445564575148920e-03 5.899176345459571438e-03 -8.181790250609877830e+02
-4.002213667984957403e-03 7.287197572305932278e-03 -7.136004475439236203e-03 -6.359474796910451200e-03 7.178801368874406126e-03 5.931639392568435060e-03 -8.227441831749694074e+02
-4.024401505481022857e-03 7.324942462380429169e-03 -7.170862440545188073e-03 -6.389134067529352208e-03 7.213232809551045968e-03 5.964549896790656905e-03 -8.273086806018377501e+02
-4.046585942121624750e-03 7.362650207133369581e-03 -7.205660691276744197e-03 -6.418738895272004322e-03 7.247754755254689867e-03 5.997941400648634618e-03 -8.318725170474654078e+02
-4.068766976503671029e-03 7.400320780888139036e-03 -7.240399270280363855e-03 -6.448290478704208836e-03 7.282377437196226738e-03 6.031861951668506493e-03 -8.364356922202764508e+02
-4.090944607204950387e-03 7.437954157733589304e-03 -7.275078219668572321e-03 -6.477790010102834999e-03 7.317115247817649118e-03 6.066343819491774002e-03 -8.409982058247094301e+02
-4.113118832800952140e-03 7.475550311556519376e-03 -7.309697578206983577e-03 -6.507238757181021266e-03 7.351978961863685387e-03 6.101426768314687117e-03 -8.455600575661842413e+02
-4.135289651855159586e-03 7.513109216324189918e-03 -7.344257375287980248e-03 -6.536637760632978134e-03 7.386980464196251338e-03 6.137148132044312372e-03 -8.501212471500250558e+02
-4.157457062927849382e-03 7.550630846038961994e-03 -7.378757631612766106e-03 -6.565987762755212849e-03 7.422126085391317525e-03 6.173528016770198253e-03 -8.546817742865813443e+02
-4.179621064488933842e-03 7.588115174873268087e-03 -7.413198355756853847e-03 -6.595289342325369279e-03 7.457421440787409712e-03 6.210585077095647812e-03 -8.592416386771706129e+02
-4.201781654990682270e-03 7.625562177006845604e-03 -7.447579512466109657e-03 -6.624542387058993120e-03 7.492866020775130684e-03 6.248313113954293181e-03 -8.638008400321305089e+02
-4.223938832800642681e-03 7.662971826608798963e-03 -7.481901043006162003e-03 -6.653746318115475247e-03 7.528453811323247355e-03 6.286699021475518172e-03 -8.683593780610815429e+02
-4.246092596177481436e-03 7.700344097730005104e-03 -7.516162851210637409e-03 -6.682899905625022847e-03 7.564172495312765712e-03 6.325700545840185623e-03 -8.729172524731014846e+02
-4.268242943265973359e-03 7.737678964452689157e-03 -7.550364792378538165e-03 -6.712001002478685217e-03 7.599999166109547635e-03 6.365245988863774997e-03 -8.774744629769410267e+02
-4.290389872141941487e-03 7.774976400720640113e-03 -7.584506671000846439e-03 -6.741046726982205875e-03 7.635904314791385449e-03 6.405244034111663189e-03 -8.820310092914057805e+02
-4.312533380729731934e-03 7.812236380709962867e-03 -7.618588245225467459e-03 -6.770033462228032713e-03 7.671851140223353259e-03 6.445581086927172632e-03 -8.865868911270977151e+02
-4.334673466890722089e-03 7.849458878769099285e-03 -7.652609241194500457e-03 -6.798956740924086938e-03 7.707793351926685819e-03 6.486106401961578768e-03 -8.911421082011540875e+02
-4.356810128420362041e-03 7.886643869410460764e-03 -7.686569347342487105e-03 -6.827811785512695290e-03 7.743681458996938202e-03 6.526668441805188146e-03 -8.956966602317180559e+02
-4.378943363087671632e-03 7.923791327164971671e-03 -7.720468243608805299e-03 -6.856593595194319414e-03 7.779464193354733090e-03 6.567106822335329677e-03 -9.002505469373542155e+02
-4.401073168651818343e-03 7.960901226457525737e-03 -7.754305616644613375e-03 -6.885297179742959524e-03 7.815089108725222292e-03 6.607254578162805730e-03 -9.048037680334207380e+02
-4.423199542920823804e-03 7.997973541711210846e-03 -7.788081168038655556e-03 -6.913917932035090058e-03 7.850509323767459330e-03 6.646968546881549221e-03 -9.093563232360625079e+02
-4.445322483780544953e-03 8.035008247367232334e-03 -7.821794634105493776e-03 -6.942451722267658533e-03 7.885683882786705817e-03 6.686114181394254598e-03 -9.139082122597828857e+02
-4.467441989200474951e-03 8.072005317642415995e-03 -7.855445793122228446e-03 -6.970895383876221131e-03 7.920578195916436887e-03 6.724590476936806796e-03 -9.184594348151839540e+02
-4.489558057281777675e-03 8.108964726507206580e-03 -7.889034471365855700e-03 -6.999246333179506320e-03 7.955167003262529971e-03 6.762315349237843151e-03 -9.230099906163680998e+02
-4.511670686191011741e-03 8.145886447877134437e-03 -7.922560548871472944e-03 -7.027503033531077269e-03 7.989433608245182297e-03 6.799233467996332672e-03 -9.275598793660822139e+02
-4.533779874219813662e-03 8.182770455543737081e-03 -7.956023943735903228e-03 -7.055664495531733388e-03 8.023367455338261886e-03 6.835322202563450834e-03 -9.321091007712350347e+02
-4.555885619729856811e-03 8.219616723244527537e-03 -7.989424616022431161e-03 -7.083730526250742524e-03 8.056966631201836065e-03 6.870565351373812343e-03 -9.366576545350307015e+02
-4.577987921140844532e-03 8.256425224555349537e-03 -8.022762542294961663e-03 -7.111701455283636099e-03 8.090234182522663617e-03 6.904979614785467651e-03 -9.412055403572674095e+02
-4.600086776954561210e-03 8.293195932844299803e-03 -8.056037740381589637e-03 -7.139577898719700472e-03 8.123175388149881868e-03 6.938579946058665709e-03 -9.457527579427704723e+02
-4.622182185670293229e-03 8.329928821462603133e-03 -8.089250231782221107e-03 -7.167360801178824896e-03 8.155801491191777206e-03 6.971398917830447239e-03 -9.502993069866346332e+02
-4.644274145837693803e-03 8.366623863814417680e-03 -8.122400057493737308e-03 -7.195051207979990919e-03 8.188122992514489801e-03 7.003465790956541967e-03 -9.548451871890395068e+02
-4.666362656012341091e-03 8.403281033256137719e-03 -8.155487247375447710e-03 -7.222650318843591884e-03 8.220154101063976981e-03 7.034829320714955717e-03 -9.593903982477617092e+02
-4.688447714750376173e-03 8.439900302959922954e-03 -8.188511843595413023e-03 -7.250159416311434922e-03 8.251906226312428691e-03 7.065526217840016783e-03 -9.639349398596898482e+02
-4.710529320611276868e-03 8.476481645983149904e-03 -8.221473890191347694e-03 -7.277579587513820746e-03 8.283393115436712278e-03 7.095592154095136349e-03 -9.684788117241541840e+02
-4.732607472128559124e-03 8.513025035314682187e-03 -8.254373419173297380e-03 -7.304912223528406065e-03 8.314627225877113670e-03 7.125079585668516596e-03 -9.730220135364285170e+02
-4.754682167828313405e-03 8.549530443899876556e-03 -8.287210447984836442e-03 -7.332158440594043966e-03 8.345622887542597165e-03 7.154011648002158059e-03 -9.775645449928349535e+02
-4.776753406225535750e-03 8.585997844844837912e-03 -8.319984997613676450e-03 -7.359319327558306451e-03 8.376387173329825214e-03 7.182436828267624133e-03 -9.821064057894179768e+02
-4.798821185848583908e-03 8.622427211161928437e-03 -8.352697084230172389e-03 -7.386395882600774176e-03 8.406935030263228484e-03 7.210383971050437872e-03 -9.866475956265992409e+02
-4.820885505166285986e-03 8.658818515976317645e-03 -8.385346722628641072e-03 -7.413388981589256847e-03 8.437273704945916220e-03 7.237881883143140911e-03 -9.911881141955146859e+02
-4.842946362671486475e-03 8.695171732255964001e-03 -8.417933919172032597e-03 -7.440299561704535360e-03 8.467413277788183104e-03 7.264967426113415165e-03 -9.957279611953547374e+02
-4.865003756833006544e-03 8.731486832959147945e-03 -8.450458665255877397e-03 -7.467128180797637238e-03 8.497362892822601932e-03 7.291662466802243531e-03 -1.000267136323237764e+03
-4.887057686101616699e-03 8.767763791310896615e-03 -8.482920959176435891e-03 -7.493875628119883898e-03 8.527129361573102667e-03 7.317994464329177079e-03 -1.004805639274164150e+03
-4.909108148913558269e-03 8.804002580669295641e-03 -8.515320785800672629e-03 -7.520542539507945982e-03 8.556719298584133937e-03 7.343981977662140774e-03 -1.009343469741134641e+03
-4.931155143732724941e-03 8.840203174155849067e-03 -8.547658131280074997e-03 -7.547129453875449021e-03 8.586140556919981404e-03 7.369643393161035352e-03 -1.013880627424750628e+03
-4.953198668967614612e-03 8.876365544818999587e-03 -8.579932979085384132e-03 -7.573636918014116891e-03 8.615398921476872043e-03 7.395008107652975733e-03 -1.018417112016863484e+03
-4.975238723042722799e-03 8.912489665698198824e-03 -8.612145329797224122e-03 -7.600065500964391096e-03 8.644497646609102318e-03 7.420082129701955492e-03 -1.022952923213388431e+03
-4.997275304370370728e-03 8.948575509979879786e-03 -8.644295170500228276e-03 -7.626415458756368934e-03 8.673445132233533264e-03 7.444888367113190741e-03 -1.027488060708924877e+03
-5.019308411374451100e-03 8.984623050751181644e-03 -8.676382507456963447e-03 -7.652687369283358264e-03 8.702243111477478421e-03 7.469435510393513007e-03 -1.032022524201550141e+03
-5.041338042447567405e-03 9.020632260915909320e-03 -8.708407326836560894e-03 -7.678881531079089807e-03 8.730896433666904613e-03 7.493737164992905937e-03 -1.036556313381781592e+03
-5.063364196008784610e-03 9.056603113085594584e-03 -8.740369617967227306e-03 -7.704998402774629850e-03 8.759409947835417043e-03 7.517801381812222634e-03 -1.041089427945500802e+03
-5.085386870468131502e-03 9.092535579889612571e-03 -8.772269377692662809e-03 -7.731038163118999183e-03 8.787785498377919877e-03 7.541647979620873417e-03 -1.045621867587251018e+03
-5.107406064220900398e-03 9.128429633937729104e-03 -8.804106593245384152e-03 -7.757001270250998143e-03 8.816027285446058001e-03 7.565275865917094750e-03 -1.050153631999583240e+03
-5.129421775678933738e-03 9.164285247691649622e-03 -8.835881248896724702e-03 -7.782887907138805531e-03 8.844137789132903299e-03 7.588701311175289309e-03 -1.054684720879334009e+03
-5.151434003216689810e-03 9.200102393668351322e-03 -8.867593331342816035e-03 -7.808698405611254854e-03 8.872120433472215420e-03 7.611928483441140862e-03 -1.059215133916724881e+03
-5.173442745223121378e-03 9.235881044248285196e-03 -8.899242822542579104e-03 -7.834432825779565068e-03 8.899975296750538278e-03 7.634959308194472737e-03 -1.063744870807027837e+03
-5.195448000070477558e-03 9.271621171609654294e-03 -8.930829704254971552e-03 -7.860091649170290046e-03 8.927705892519439621e-03 7.657813292270156287e-03 -1.068273931243224524e+03
-5.217449766116058485e-03 9.307322747854222811e-03 -8.962353948053780606e-03 -7.885674827390470876e-03 8.955312819967685758e-03 7.680492781781599228e-03 -1.072802314916037858e+03
-5.239448041737613214e-03 9.342985745077417997e-03 -8.993815524155476457e-03 -7.911182610437373502e-03 8.982799791943288370e-03 7.703000430597252077e-03 -1.077330021520579066e+03
-5.261442825286874285e-03 9.378610135680254256e-03 -9.025214402312043208e-03 -7.936615162082685110e-03 9.010166750178466230e-03 7.725340908325396480e-03 -1.081857050746389405e+03
-5.283434115128024348e-03 9.414195892219090478e-03 -9.056550538033024400e-03 -7.961972553429284491e-03 9.037416430234526329e-03 7.747529496139016550e-03 -1.086383402287012132e+03
-5.305421909603281853e-03 9.449742987279598910e-03 -9.087823897677406448e-03 -7.987254882564520653e-03 9.064549738025945783e-03 7.769561407781303865e-03 -1.090909075833606266e+03
-5.327406207039462639e-03 9.485251393428808728e-03 -9.119034419454181278e-03 -8.012462132715430368e-03 9.091569937440932905e-03 7.791444640541783477e-03 -1.095434071075029806e+03
-5.349387005797065671e-03 9.520721083045049354e-03 -9.150182073787775996e-03 -8.037594436437114215e-03 9.118476142190105535e-03 7.813180814742443081e-03 -1.099958387707120210e+03
-5.371364304192304158e-03 9.556152028688652197e-03 -9.181266809586799069e-03 -8.062651889094494748e-03 9.145270942863575891e-03 7.834779516986628903e-03 -1.104482025415976523e+03
-5.393338100563463064e-03 9.591544202956698781e-03 -9.212288598385711541e-03 -8.087634377237272465e-03 9.171955292356348197e-03 7.856234641969052704e-03 -1.109004983893036297e+03
-5.415308393236107493e-03 9.626897578449946508e-03 -9.243247393057475031e-03 -8.112542104599631404e-03 9.198530153361632322e-03 7.877558825716226079e-03 -1.113527262827248705e+03
-5.437275180547152843e-03 9.662212127746924034e-03 -9.274143173450169475e-03 -8.137375019713705138e-03 9.224996834301217585e-03 7.898749456576524899e-03 -1.118048861909225252e+03
-5.459238460816084014e-03 9.697487823348279606e-03 -9.304975906295396421e-03 -8.162133218187333020e-03 9.251356401958040279e-03 7.919806612329598206e-03 -1.122569780826162969e+03
-5.481198232387723274e-03 9.732724637422992750e-03 -9.335745571568037152e-03 -8.186816803926412825e-03 9.277607581755331623e-03 7.940743963115186668e-03 -1.127090019269688128e+03
-5.503154493585788246e-03 9.767922541793807797e-03 -9.366452145377309954e-03 -8.211425735136479095e-03 9.303753299226858245e-03 7.961547706129314117e-03 -1.131609576925607598e+03
-5.525107242753768064e-03 9.803081508280771586e-03 -9.397095604213135528e-03 -8.235960288143566801e-03 9.329791989419859016e-03 7.982228678448229087e-03 -1.136128453484898500e+03
-5.547056478215508721e-03 9.838201508596518610e-03 -9.427675927626135571e-03 -8.260420420150980936e-03 9.355725170781368713e-03 8.002785209406431538e-03 -1.140646648634165331e+03
-5.569002198305000872e-03 9.873282514290943751e-03 -9.458193090342648449e-03 -8.284806201244970802e-03 9.381553958846090141e-03 8.023221330286569447e-03 -1.145164162061869774e+03
-5.590944401348462746e-03 9.908324496956024546e-03 -9.488647066106080039e-03 -8.309117713626430063e-03 9.407277305785700927e-03 8.043537496336898573e-03 -1.149680993454953523e+03
-5.612883085676200444e-03 9.943327428114436331e-03 -9.519037830812681830e-03 -8.333354981960612931e-03 9.432895148617672157e-03 8.063744892268524117e-03 -1.154197142501381904e+03
-5.634818249601217070e-03 9.978291279311594930e-03 -9.549365356423783480e-03 -8.357518162373398993e-03 9.458410642814258848e-03 8.083828739474161959e-03 -1.158712608886792395e+03
-5.656749891447043765e-03 1.001321602191940392e-02 -9.579629606529763142e-03 -8.381607223840955440e-03 9.483822237896510909e-03 8.103803298407140712e-03 -1.163227392300024349e+03
-5.678678009507433407e-03 1.004810162738068932e-02 -9.609830538756030868e-03 -8.405622103177639790e-03 9.509130861509696234e-03 8.123667398318221503e-03 -1.167741492424227090e+03
-5.700602602100777148e-03 1.008294806739889159e-02 -9.639968112191910771e-03 -8.429563036695141010e-03 9.534337428405103426e-03 8.143412614017180029e-03 -1.172254908947734293e+03
-5.722523667535157552e-03 1.011775531390794215e-02 -9.670042282401111397e-03 -8.453429853632440927e-03 9.559443186083427246e-03 8.163060546776384346e-03 -1.176767641556552235e+03
-5.744441204102713333e-03 1.015252333870868967e-02 -9.700052995707574358e-03 -8.477222404559456650e-03 9.584446742252608273e-03 8.182594622886086091e-03 -1.181279689934250882e+03
-5.766355210093064391e-03 1.018725211358537802e-02 -9.730000199283135934e-03 -8.500940865902301483e-03 9.609351535349744053e-03 8.202024594774719526e-03 -1.185791053764435446e+03
-5.788265683804721083e-03 1.022194161025128181e-02 -9.759883853368922849e-03 -8.524585187270870140e-03 9.634155087620475261e-03 8.221348830701675700e-03 -1.190301732732887331e+03
-5.810172623529505538e-03 1.025659180064181566e-02 -9.789703905572419429e-03 -8.548155321354175898e-03 9.658860978430577893e-03 8.240570333816558610e-03 -1.194811726524000505e+03
-5.832076027551901139e-03 1.029120265680066176e-02 -9.819460313210322602e-03 -8.571651216201766135e-03 9.683466561452427901e-03 8.259693928669622348e-03 -1.199321034820690556e+03
-5.853975894154896803e-03 1.032577415065490459e-02 -9.849153035063463665e-03 -8.595072814899632624e-03 9.707972499343221762e-03 8.278705132165189301e-03 -1.203829657306456966e+03
-5.875872221603604256e-03 1.036030625388947163e-02 -9.878782035306664724e-03 -8.618420043970178093e-03 9.732380238578836051e-03 8.297623804520143712e-03 -1.208337593661351775e+03
-5.897765008188904541e-03 1.039479893804720438e-02 -9.908347283820185744e-03 -8.641692951595732197e-03 9.756687816348247680e-03 8.316438089037510653e-03 -1.212844843570585454e+03
-5.919654252191141990e-03 1.042925217456674991e-02 -9.937848754729730963e-03 -8.664891659878385527e-03 9.780896469419564712e-03 8.335149898745019409e-03 -1.217351406716541078e+03
-5.941539951901783981e-03 1.046366593459704432e-02 -9.967286422525249712e-03 -8.688016022565447569e-03 9.805006159164708981e-03 8.353763238535594216e-03 -1.221857282782228594e+03
-5.963422105602601657e-03 1.049804018908510536e-02 -9.996660262385114598e-03 -8.711066265990568061e-03 9.829017083672170543e-03 8.372276317258856015e-03 -1.226362471447841472e+03
-5.985300711581077737e-03 1.053237490870761323e-02 -1.002597024586733554e-02 -8.734042284541670628e-03 9.852928285713805426e-03 8.390690430787871648e-03 -1.230866972394511549e+03
-6.007175768126242314e-03 1.056667006411342487e-02 -1.005521635212590532e-02 -8.756944203970532317e-03 9.876741007341623482e-03 8.409002176834967299e-03 -1.235370785303970024e+03
-6.029047273526525266e-03 1.060092562605803937e-02 -1.008439854779918411e-02 -8.779771921335747728e-03 9.900454168211406114e-03 8.427219560024986136e-03 -1.239873909858683874e+03
-6.050915226060124205e-03 1.063514156536979165e-02 -1.011351680005047327e-02 -8.802525612840559829e-03 9.924069490696291532e-03 8.445334610675475986e-03 -1.244376345738751297e+03
-6.072779623996111230e-03 1.066931785287678416e-02 -1.014257107866980805e-02 -8.825205161271266335e-03 9.947587021690419348e-03 8.463359957626618787e-03 -1.248878092621684118e+03
-6.094640465634563152e-03 1.070345445932028086e-02 -1.017156134466564582e-02 -8.847810523484423567e-03 9.971006850211329431e-03 8.481283960552121401e-03 -1.253379150191969529e+03
-6.116497749231942366e-03 1.073755135554524745e-02 -1.020048755752164110e-02 -8.870341874488797684e-03 9.994328853946302799e-03 8.499112369995665689e-03 -1.257879518125198729e+03
-6.138351473063127957e-03 1.077160851251203824e-02 -1.022934966568975375e-02 -8.892799095214119418e-03 1.001755421591741385e-02 8.516844666667012370e-03 -1.262379196101676598e+03
-6.160201635391311312e-03 1.080562590129756362e-02 -1.025814761913419575e-02 -8.915182213404196018e-03 1.004068218560830172e-02 8.534487011073670082e-03 -1.266878183799245335e+03
-6.182048234496399612e-03 1.083960349284073497e-02 -1.028688137208190294e-02 -8.937491180053068474e-03 1.006371496775162501e-02 8.552030968067666356e-03 -1.271376480898760065e+03
-6.203891268613919742e-03 1.087354125812609214e-02 -1.031555087700337416e-02 -8.959725908148415824e-03 1.008664915511775853e-02 8.569481343503432616e-03 -1.275874087074177623e+03
-6.225730736004783661e-03 1.090743916812166731e-02 -1.034415608865718768e-02 -8.981886547014587829e-03 1.010948832056161525e-02 8.586839709113979965e-03 -1.280371002006144636e+03
-6.247566634907307688e-03 1.094129719400371847e-02 -1.037269696049433754e-02 -9.003972737503931900e-03 1.013222928316981353e-02 8.604109223797940659e-03 -1.284867225371240920e+03
-6.269398963559939114e-03 1.097511530704428639e-02 -1.040117344419876425e-02 -9.025984595749360351e-03 1.015487460820145744e-02 8.621288304777399020e-03 -1.289362756846242974e+03
-6.291227720183597584e-03 1.100889347854325066e-02 -1.042958549466987267e-02 -9.047922090320587724e-03 1.017742446528235867e-02 8.638371683867412942e-03 -1.293857596103874357e+03
-6.313052903042863997e-03 1.104263167936913974e-02 -1.045793307214845820e-02 -9.069785083297605272e-03 1.019987688336407815e-02 8.655366680232952706e-03 -1.298351742826171630e+03
-6.334874510353054843e-03 1.107632988018737892e-02 -1.048621614774154255e-02 -9.091573680158953827e-03 1.022223260317178459e-02 8.672269755204192396e-03 -1.302845196684594839e+03
-6.356692540356203951e-03 1.110998805142996912e-02 -1.051443468859605303e-02 -9.113287742115120521e-03 1.024449071009893818e-02 8.689079472646370553e-03 -1.307337957355169692e+03
-6.378506991298304660e-03 1.114360616336450630e-02 -1.054258868492752126e-02 -9.134927298161739373e-03 1.026665262189753285e-02 8.705796644213016286e-03 -1.311830024514358001e+03
-6.400317861424537590e-03 1.117718418602919525e-02 -1.057067810177952406e-02 -9.156492462044389311e-03 1.028871839709923769e-02 8.722426823888547801e-03 -1.316321397837398308e+03
-6.422125148981167563e-03 1.121072208938175829e-02 -1.059870290872721998e-02 -9.177983223090442622e-03 1.031068740784704153e-02 8.738960378518529498e-03 -1.320812076998271095e+03
-6.443928852214460268e-03 1.124421984337441345e-02 -1.062666307462398034e-02 -9.199399413080530316e-03 1.033256094870578512e-02 8.755404302395576946e-03 -1.325302061670680587e+03
-6.465728969374447480e-03 1.127767741799659204e-02 -1.065455856669292496e-02 -9.220741347182894593e-03 1.035433761331953396e-02 8.771758527319385365e-03 -1.329791351528609539e+03
-6.487525498705881341e-03 1.131109478324730799e-02 -1.068238934801702018e-02 -9.242008683850866033e-03 1.037601843865651637e-02 8.788019252858103592e-03 -1.334279946244844723e+03
-6.509318438472975858e-03 1.134447190916764055e-02 -1.071015537546489600e-02 -9.263201808220530853e-03 1.039760331157708710e-02 8.804187670903620630e-03 -1.338767845495961637e+03
-6.531107786904951328e-03 1.137780876589669470e-02 -1.073785661292675324e-02 -9.284320413412419301e-03 1.041909114743681808e-02 8.820273275095595611e-03 -1.343255048951519939e+03
-6.552893542239810083e-03 1.141110532335351882e-02 -1.076549301689552068e-02 -9.305364712793050275e-03 1.044048463231738236e-02 8.836261043240910620e-03 -1.347741556284679064e+03
-6.574675702704716775e-03 1.144436155148942716e-02 -1.079306454811979933e-02 -9.326334610010051512e-03 1.046178080440855925e-02 8.852165116897636049e-03 -1.352227367167310604e+03
-6.596454266522100256e-03 1.147757742038684955e-02 -1.082057115760609069e-02 -9.347230170116445011e-03 1.048298137493398549e-02 8.867979652553554387e-03 -1.356712481271476463e+03
-6.618229231915695628e-03 1.151075290023382235e-02 -1.084801279513064771e-02 -9.368051295359464820e-03 1.050408587027231409e-02 8.883706094263954176e-03 -1.361196898269408393e+03
-6.640000597091394625e-03 1.154388796137427627e-02 -1.087538941283253298e-02 -9.388797905687341905e-03 1.052509564455997651e-02 8.899340077395201734e-03 -1.365680617831323843e+03
-6.661768360243452460e-03 1.157698257430789593e-02 -1.090270095755391765e-02 -9.409470026639773360e-03 1.054600971003664088e-02 8.914891728932887449e-03 -1.370163639626519625e+03
-6.683532519567970086e-03 1.161003670937921228e-02 -1.092994738395073467e-02 -9.430067647280132581e-03 1.056682730095371593e-02 8.930349992651393995e-03 -1.374645963324491049e+03
-6.705293073279220556e-03 1.164305033690710839e-02 -1.095712865468416626e-02 -9.450590584558892643e-03 1.058754993957132864e-02 8.945727242986990443e-03 -1.379127588599007368e+03
-6.727050019545217051e-03 1.167602342714898524e-02 -1.098424473026968044e-02 -9.471038780386770162e-03 1.060817660065175791e-02 8.961013565017082044e-03 -1.383608515113579188e+03
-6.748803356583652630e-03 1.170895595008632391e-02 -1.101129557556139275e-02 -9.491412035676443856e-03 1.062871022083753531e-02 8.976213981075823259e-03 -1.388088742541501233e+03
-6.770553082582957301e-03 1.174184787547180239e-02 -1.103828115676210551e-02 -9.511710429414860918e-03 1.064914695794908980e-02 8.991323014309935899e-03 -1.392568270550109219e+03
-6.792299195750338588e-03 1.177469917298006735e-02 -1.106520143596951070e-02 -9.531933941820147291e-03 1.066948907910105458e-02 9.006351500678520458e-03 -1.397047098809223371e+03
-6.814041694273178726e-03 1.180750981224084478e-02 -1.109205638855869161e-02 -9.552082732907548820e-03 1.068973489692662433e-02 9.021282277372323286e-03 -1.401525226982967979e+03
-6.835780576379044821e-03 1.184027976257117677e-02 -1.111884598072581873e-02 -9.572156565381821289e-03 1.070988575771480121e-02 9.036127390696547731e-03 -1.406002654742496816e+03
-6.857515840268539435e-03 1.187300899308498317e-02 -1.114557018020501111e-02 -9.592155589141917321e-03 1.072994169306360455e-02 9.050892368734908544e-03 -1.410479381752664267e+03
-6.879247484156642521e-03 1.190569747278743401e-02 -1.117222895056386132e-02 -9.612079868413891948e-03 1.074990032706244630e-02 9.065563659133234545e-03 -1.414955407681330144e+03
-6.900975506249385459e-03 1.193834517064681910e-02 -1.119882225548011166e-02 -9.631929373344666825e-03 1.076976560128353397e-02 9.080150566662621714e-03 -1.419430732193816766e+03
-6.922699904772499149e-03 1.197095205572199991e-02 -1.122535005460670136e-02 -9.651704018525487233e-03 1.078953377076762553e-02 9.094644232746610865e-03 -1.423905354960080103e+03
-6.944420677909963167e-03 1.200351809719311241e-02 -1.125181231140507873e-02 -9.671403980791339061e-03 1.080920671887829025e-02 9.109050605413216567e-03 -1.428379275642085986e+03
-6.966137823871410180e-03 1.203604326424106627e-02 -1.127820897623249032e-02 -9.691029115294741078e-03 1.082878222735618456e-02 9.123374288762132328e-03 -1.432852493908429778e+03
-6.987851340845512189e-03 1.206852752607298976e-02 -1.130454001189403444e-02 -9.710579632943713499e-03 1.084826306601869433e-02 9.137607908466606477e-03 -1.437325009424986092e+03
-7.009561227003452584e-03 1.210097085203116346e-02 -1.133080537028989185e-02 -9.730055455759622357e-03 1.086764761745647595e-02 9.151754245823071759e-03 -1.441796821854965856e+03
-7.031267480515680096e-03 1.213337321139146448e-02 -1.135700500593156241e-02 -9.749456502367553901e-03 1.088693636285968484e-02 9.165821973585992419e-03 -1.446267930861404466e+03
-7.052970099564440445e-03 1.216573457354449932e-02 -1.138313887418310535e-02 -9.768782777569500267e-03 1.090613084621244906e-02 9.179800027317192024e-03 -1.450738336110437558e+03
-7.074669082316266226e-03 1.219805490785641489e-02 -1.140920693582804339e-02 -9.788034140092561827e-03 1.092523010492622675e-02 9.193681115379938665e-03 -1.455208037265542771e+03
-7.096364426926603415e-03 1.223033418379673547e-02 -1.143520914675262047e-02 -9.807210550930008444e-03 1.094423433055796355e-02 9.207483399872460478e-03 -1.459677033988906942e+03
-7.118056131566383865e-03 1.226257237088436078e-02 -1.146114547100128035e-02 -9.826311911810601749e-03 1.096314469589170469e-02 9.221206400167731437e-03 -1.464145325944960859e+03
-7.139744194371440769e-03 1.229476943868008411e-02 -1.148701586010915897e-02 -9.845338241132210039e-03 1.098195991163340712e-02 9.234833786458587074e-03 -1.468612912791174040e+03
-7.161428613528356656e-03 1.232692535672067109e-02 -1.151282027670430703e-02 -9.864289364416115383e-03 1.100068021427324898e-02 9.248382379128262942e-03 -1.473079794194689612e+03
-7.183109387188004770e-03 1.235904009434249211e-02 -1.153855867165249835e-02 -9.883165170869035246e-03 1.101930677537784307e-02 9.261844735895214537e-03 -1.477545969814381124e+03
-7.204786513506764370e-03 1.239111362044451221e-02 -1.156423100723180317e-02 -9.901965712829216212e-03 1.103783759581772328e-02 9.275216635427989062e-03 -1.482011439311700315e+03
-7.226459990648774999e-03 1.242314590374231191e-02 -1.158983723743287064e-02 -9.920691050658072066e-03 1.105627456148707347e-02 9.288509809083085600e-03 -1.486476202348880179e+03
-7.248129816761483823e-03 1.245513691283999837e-02 -1.161537734594859927e-02 -9.939341126754640612e-03 1.107461373763816460e-02 9.301714514156423155e-03 -1.490940258582300203e+03
-7.269795990023126750e-03 1.248708661591318471e-02 -1.164085129761435224e-02 -9.957915948134834008e-03 1.109285932766207634e-02 9.314829409514630704e-03 -1.495403607674490559e+03
-7.291458508606737249e-03 1.251899498105213740e-02 -1.166625905572144656e-02 -9.976415539859149334e-03 1.111100913496868882e-02 9.327862107336567718e-03 -1.499866249286593529e+03
-7.313117370680028394e-03 1.255086197639054997e-02 -1.169160058065700503e-02 -9.994840035221955188e-03 1.112906377285600469e-02 9.340810855907931073e-03 -1.504328183078585880e+03
-7.334772574391999929e-03 1.258268757013807082e-02 -1.171687582462764901e-02 -1.001318930164219086e-02 1.114702009851780036e-02 9.353669742833451220e-03 -1.508789408707106986e+03
-7.356424117912122203e-03 1.261447173066108582e-02 -1.174208474251541533e-02 -1.003146352762930398e-02 1.116488291664310961e-02 9.366443670784206296e-03 -1.513249925833634052e+03
-7.378071999386639351e-03 1.264621442623134820e-02 -1.176722728498909472e-02 -1.004966266986947500e-02 1.118264841382049686e-02 9.379131662000144559e-03 -1.517709734115645460e+03
-7.399716216970463056e-03 1.267791562512310399e-02 -1.179230342052884316e-02 -1.006778664162021400e-02 1.120031917166476598e-02 9.391735475942353251e-03 -1.522168833212597747e+03
-7.421356768801784867e-03 1.270957529569461536e-02 -1.181731311596919548e-02 -1.008583546532296031e-02 1.121789487688140338e-02 9.404248841673144843e-03 -1.526627222781257387e+03
-7.442993653016568949e-03 1.274119340627588408e-02 -1.184225633455462771e-02 -1.010380898094490575e-02 1.123537495577883391e-02 9.416679108064930984e-03 -1.531084902477719424e+03
-7.464626867767669600e-03 1.277276992522979882e-02 -1.186713303922907504e-02 -1.012170731744709180e-02 1.125276086918655140e-02 9.429026061526329244e-03 -1.535541871961164816e+03
-7.486256411187413272e-03 1.280430482109599054e-02 -1.189194318344499388e-02 -1.013953031484065952e-02 1.127005140071149492e-02 9.441282930540612073e-03 -1.539998130886691342e+03
-7.507882281399935048e-03 1.283579806257650023e-02 -1.191668672193805026e-02 -1.015727798564604670e-02 1.128724829002401321e-02 9.453453935302552971e-03 -1.544453678908837901e+03
-7.529504476534729443e-03 1.286724961839674254e-02 -1.194136361364147615e-02 -1.017495023125735212e-02 1.130434880337075412e-02 9.465542633592869542e-03 -1.548908515684507393e+03
-7.551122994710965028e-03 1.289865945737179304e-02 -1.196597381277689394e-02 -1.019254713542698532e-02 1.132135579677276405e-02 9.477546618837489820e-03 -1.553362640868890821e+03
-7.572737834042995650e-03 1.293002754819170229e-02 -1.199051726523002979e-02 -1.021006850215277345e-02 1.133826818961790675e-02 9.489471397062338928e-03 -1.557816054115242196e+03
-7.594348992651789657e-03 1.296135385938268492e-02 -1.201499393309617136e-02 -1.022751423535200356e-02 1.135508619166854943e-02 9.501309776550099714e-03 -1.562268755077946025e+03
-7.615956468656970985e-03 1.299263835918998237e-02 -1.203940376875672034e-02 -1.024488433159934965e-02 1.137180864500272719e-02 9.513062451015267748e-03 -1.566720743411473904e+03
-7.637560260158965386e-03 1.302388101555928060e-02 -1.206374673257544668e-02 -1.026217891001149699e-02 1.138843556736334958e-02 9.524730151740063572e-03 -1.571172018767568716e+03
-7.659160365281643401e-03 1.305508179613663194e-02 -1.208802278801468510e-02 -1.027939773155425902e-02 1.140496750394853938e-02 9.536313009992979789e-03 -1.575622580802574703e+03
-7.680756782121335967e-03 1.308624066853332317e-02 -1.211223190050220687e-02 -1.029654095890187963e-02 1.142140379051639204e-02 9.547814750421570323e-03 -1.580072429165410540e+03
-7.702349508807200193e-03 1.311735759995712181e-02 -1.213637402815621012e-02 -1.031360852443664877e-02 1.143774466742345647e-02 9.559235778554088514e-03 -1.584521563511593740e+03
-7.723938543459485384e-03 1.314843255763696074e-02 -1.216044913251763081e-02 -1.033060067557286903e-02 1.145399059332448573e-02 9.570560449666561456e-03 -1.588969983494278495e+03
-7.745523884188340417e-03 1.317946550890038149e-02 -1.218445716592237230e-02 -1.034751726338116809e-02 1.147013976567634076e-02 9.581808007578700506e-03 -1.593417688763767728e+03
-7.767105529117537821e-03 1.321045642106948720e-02 -1.220839809071494128e-02 -1.036435831090725887e-02 1.148619465585290836e-02 9.592964934567852625e-03 -1.597864678972668571e+03
-7.788683476361097507e-03 1.324140526152875648e-02 -1.223227186671178163e-02 -1.038112361824366711e-02 1.150215453329464857e-02 9.604037491567950571e-03 -1.602310953770839205e+03
-7.810257724046937994e-03 1.327231199747896419e-02 -1.225607845634567837e-02 -1.039781332597574347e-02 1.151801850722129414e-02 9.615027745029855466e-03 -1.606756512811126868e+03
-7.831828270288858015e-03 1.330317659635298772e-02 -1.227981783507914489e-02 -1.041442719528866412e-02 1.153378649402189531e-02 9.625930084227090136e-03 -1.611201355743460454e+03
-7.853395113181905682e-03 1.333399902572860070e-02 -1.230348995519650081e-02 -1.043096547579490385e-02 1.154945962464398040e-02 9.636742891319211371e-03 -1.615645482215067887e+03
-7.874958250831566933e-03 1.336477925317003206e-02 -1.232709478585946282e-02 -1.044742820528384367e-02 1.156503662742131532e-02 9.647473677413915052e-03 -1.620088891877040851e+03
-7.896517681328131533e-03 1.339551724626930618e-02 -1.235063227347158073e-02 -1.046381510746036483e-02 1.158052111703061597e-02 9.658123695636299660e-03 -1.624531584376851470e+03
-7.918073402773413011e-03 1.342621297258097569e-02 -1.237410237932256435e-02 -1.048012638587215647e-02 1.159590783174554648e-02 9.668680019914183826e-03 -1.628973559364747871e+03
-7.939625413247154012e-03 1.345686639996373016e-02 -1.239750504731899211e-02 -1.049636196582861246e-02 1.161120050605887570e-02 9.679161425669689095e-03 -1.633414816488166707e+03
-7.961173710812398732e-03 1.348747749630365041e-02 -1.242084024771155509e-02 -1.051252188074875381e-02 1.162639801494728259e-02 9.689556947416504834e-03 -1.637855355391807734e+03
-7.982718293568513007e-03 1.351804622936974426e-02 -1.244410792423850977e-02 -1.052860585603024833e-02 1.164150134716019844e-02 9.699869552766559808e-03 -1.642295175728374716e+03
-8.004259159565109069e-03 1.354857256692350125e-02 -1.246730801827009016e-02 -1.054461395755191058e-02 1.165650894710426599e-02 9.710098724982477170e-03 -1.646734277139835058e+03
-8.025796306876695901e-03 1.357905647648330674e-02 -1.249044050517622746e-02 -1.056054628049121411e-02 1.167142264455155003e-02 9.720249550443116685e-03 -1.651172659274155876e+03
-8.047329733559732690e-03 1.360949792537517224e-02 -1.251350532229158000e-02 -1.057640235264623203e-02 1.168624229392707138e-02 9.730308117888820246e-03 -1.655610321776511455e+03
-8.068859437680363580e-03 1.363989688049868469e-02 -1.253650244057028310e-02 -1.059218246310535648e-02 1.170096601239627859e-02 9.740290201800051034e-03 -1.660047264294635625e+03
-8.090385417283985428e-03 1.367025330842200001e-02 -1.255943181621305485e-02 -1.060788649527779660e-02 1.171559435679664710e-02 9.750190188010120218e-03 -1.664483486470864364e+03
-8.111907670466548398e-03 1.370056717543063907e-02 -1.258229341652509874e-02 -1.062351472648225860e-02 1.173012779129065791e-02 9.759992413009324977e-03 -1.668918987954779823e+03
-8.133426195291970986e-03 1.373083844793371658e-02 -1.260508719911355296e-02 -1.063906677912667895e-02 1.174456511278327946e-02 9.769724356654184080e-03 -1.673353768386967431e+03
-8.154940989868186829e-03 1.376106709237812781e-02 -1.262781312325755682e-02 -1.065454274318347952e-02 1.175890836634905026e-02 9.779362510227958619e-03 -1.677787827415976608e+03
-8.176452052258845540e-03 1.379125307519940904e-02 -1.265047114801701351e-02 -1.066994268693324290e-02 1.177315693287555448e-02 9.788917465698581538e-03 -1.682221164680589709e+03
-8.197959380557520714e-03 1.382139636276883896e-02 -1.267306124808481767e-02 -1.068526650245387247e-02 1.178730943951598019e-02 9.798387984649855123e-03 -1.686653779827848894e+03
-8.219462972827260017e-03 1.385149692142493942e-02 -1.269558336292237605e-02 -1.070051410594738926e-02 1.180136437300439815e-02 9.807780634490639166e-03 -1.691085672498431450e+03
-8.240962827142310487e-03 1.388155471759408739e-02 -1.271803745787307600e-02 -1.071568555212924420e-02 1.181532568552698392e-02 9.817077996549560329e-03 -1.695516842335684487e+03
-8.262458941557419140e-03 1.391156971798567302e-02 -1.274042348819858991e-02 -1.073078104266004737e-02 1.182918917035633011e-02 9.826298003613781820e-03 -1.699947288980083840e+03
-8.283951314156304604e-03 1.394154188912219948e-02 -1.276274142646125799e-02 -1.074580048535840951e-02 1.184295845792375339e-02 9.835424751810890182e-03 -1.704377012078778762e+03
-8.305439942959661273e-03 1.397147119755533934e-02 -1.278499122136725168e-02 -1.076074387412509145e-02 1.185663169804296660e-02 9.844474346279333959e-03 -1.708806011266714904e+03
-8.326924826028101259e-03 1.400135760984999068e-02 -1.280717282454127762e-02 -1.077561131757426120e-02 1.187020946374198888e-02 9.853436259612125339e-03 -1.713234286187520865e+03
-8.348405961400842332e-03 1.403120109281709264e-02 -1.282928619945366069e-02 -1.079040273628503223e-02 1.188369250932680074e-02 9.862320502234636632e-03 -1.717661836481893488e+03
-8.369883347095983736e-03 1.406100161342592296e-02 -1.285133129096445448e-02 -1.080511823831737522e-02 1.189707917996921105e-02 9.871119605698357169e-03 -1.722088661787710180e+03
-8.391356981152002514e-03 1.409075913859819847e-02 -1.287330805327816137e-02 -1.081975741898801718e-02 1.191037305582144483e-02 9.879827887184245219e-03 -1.726514761746926524e+03
-8.412826861579507376e-03 1.412047363521999783e-02 -1.289521645036434752e-02 -1.083432050939896890e-02 1.192357335397936299e-02 9.888465895875558562e-03 -1.730940135995964283e+03
-8.434292986411415574e-03 1.415014506990597797e-02 -1.291705642540013320e-02 -1.084880721340665717e-02 1.193667764300447229e-02 9.897013067151232135e-03 -1.735364784176063495e+03
-8.455755353668610586e-03 1.417977340902220294e-02 -1.293882795127975806e-02 -1.086321753958456073e-02 1.194968804667323123e-02 9.905481765295619245e-03 -1.739788705925569275e+03
-8.477213961366044867e-03 1.420935861887148884e-02 -1.296053097633250231e-02 -1.087755138609073323e-02 1.196260288400652350e-02 9.913861491337494503e-03 -1.744211900879672157e+03
-8.498668807547068299e-03 1.423890066519402885e-02 -1.298216547397053507e-02 -1.089180881950102542e-02 1.197542197347362287e-02 9.922161151282528693e-03 -1.748634368678240662e+03
-8.520119890229105319e-03 1.426839951360357392e-02 -1.300373138760587029e-02 -1.090598964207996173e-02 1.198814951153627517e-02 9.930379865761902736e-03 -1.753056108955737955e+03
-8.541567207456496336e-03 1.429785512950212598e-02 -1.302522868085679089e-02 -1.092009399719376904e-02 1.200077801356214807e-02 9.938507785446261053e-03 -1.757477121350937296e+03
-8.563010757265491005e-03 1.432726747831804259e-02 -1.304665731346236167e-02 -1.093412180551239614e-02 1.201331313409373033e-02 9.946560756436488224e-03 -1.761897405499714978e+03
-8.584450537678135068e-03 1.435663652543325147e-02 -1.306801723983276424e-02 -1.094807316146254560e-02 1.202575252621265224e-02 9.954523868447435336e-03 -1.766316961035189479e+03
-8.605886546753517552e-03 1.438596223621991556e-02 -1.308930841381997917e-02 -1.096194792865589143e-02 1.203809394547309536e-02 9.962400544048313072e-03 -1.770735787599171999e+03
-8.627318782489868179e-03 1.441524457631734174e-02 -1.311053079002467113e-02 -1.097574633554652263e-02 1.205034223704352057e-02 9.970197826890354886e-03 -1.775153884821219208e+03
-8.648747242920579517e-03 1.444448351123371263e-02 -1.313168431776833185e-02 -1.098946817282816200e-02 1.206249257922868863e-02 9.977913326767508598e-03 -1.779571252337653959e+03
-8.670171926060453102e-03 1.447367900646212568e-02 -1.315276896120030382e-02 -1.100311362020574973e-02 1.207454724191372140e-02 9.985537441532381028e-03 -1.783987889782036746e+03
-8.691592829928157168e-03 1.450283102746001244e-02 -1.317378467831103669e-02 -1.101668270934159054e-02 1.208650655635214524e-02 9.993077569025243106e-03 -1.788403796790328670e+03
-8.713009952510787984e-03 1.453193953973128637e-02 -1.319473142304601262e-02 -1.103017558040206292e-02 1.209837077194164320e-02 1.000054077696224675e-02 -1.792818972992663703e+03
-8.734423291825551411e-03 1.456100450879967666e-02 -1.321560916866417607e-02 -1.104359210271948014e-02 1.211013766459498667e-02 1.000791584487799833e-02 -1.797233418026313302e+03
-8.755832845846632170e-03 1.459002590064863332e-02 -1.323641785982197089e-02 -1.105693222115257217e-02 1.212181215122414696e-02 1.001521050620918230e-02 -1.801647131519469895e+03
-8.777238612581773208e-03 1.461900368113494900e-02 -1.325715746371550034e-02 -1.107019606524686783e-02 1.213339102271744629e-02 1.002241703537765614e-02 -1.806060113108089809e+03
-8.798640590002246645e-03 1.464793781612123112e-02 -1.327782791870199368e-02 -1.108338323759593645e-02 1.214487547446757229e-02 1.002954482200083507e-02 -1.810472362419599222e+03
-8.820038776114163051e-03 1.467682827135230982e-02 -1.329842920000465223e-02 -1.109649389824438753e-02 1.215626499345447489e-02 1.003658718870134234e-02 -1.814883879087553396e+03
-8.841433168897298162e-03 1.470567501266050944e-02 -1.331896127280883697e-02 -1.110952795540957709e-02 1.216756057647032027e-02 1.004355155520380606e-02 -1.819294662740662488e+03
-8.862823766338154968e-03 1.473447800572110118e-02 -1.333942409248071309e-02 -1.112248518990842545e-02 1.217876109675299079e-02 1.005042905854751194e-02 -1.823704713009899933e+03
-8.884210566408699480e-03 1.476323721607546505e-02 -1.335981760579857576e-02 -1.113536545738009163e-02 1.218986672899836400e-02 1.005722328290041719e-02 -1.828114029523132103e+03
-8.905593567109935244e-03 1.479195260882253636e-02 -1.338014176395490792e-02 -1.114816892297060096e-02 1.220088003548914363e-02 1.006393701778858507e-02 -1.832522611914220988e+03
-8.926972766391351455e-03 1.482062414862670742e-02 -1.340039652280695937e-02 -1.116089546260970455e-02 1.221179484586384575e-02 1.007056465708523578e-02 -1.836930459806613499e+03
-8.948348162243076678e-03 1.484925179981365362e-02 -1.342058184063476059e-02 -1.117354507783136983e-02 1.222261464781633153e-02 1.007711600182060151e-02 -1.841337572831929720e+03
-8.969719752650345823e-03 1.487783552663368182e-02 -1.344069766209637744e-02 -1.118611786431616441e-02 1.223334102171083973e-02 1.008358013342369394e-02 -1.845743950618657436e+03
-8.991087535589302113e-03 1.490637529361881278e-02 -1.346074393191470236e-02 -1.119861391199111246e-02 1.224397090996681182e-02 1.008996738883354352e-02 -1.850149592792454996e+03
-9.012451509046332312e-03 1.493487106530634254e-02 -1.348072061281910781e-02 -1.121103328330869987e-02 1.225450332829610724e-02 1.009626733424522083e-02 -1.854554498981733559e+03
-9.033811670990011047e-03 1.496332280639555562e-02 -1.350062764995703206e-02 -1.122337580528518994e-02 1.226494222073814741e-02 1.010248441825964925e-02 -1.858958668812251744e+03
-9.055168019406954066e-03 1.499173048131911129e-02 -1.352046500503918842e-02 -1.123564142403915556e-02 1.227528361838246644e-02 1.010861259595387772e-02 -1.863362101913272454e+03
-9.076520552270922818e-03 1.502009405436306906e-02 -1.354023263424397258e-02 -1.124783041267464131e-02 1.228553181301967473e-02 1.011465827483638141e-02 -1.867764797911061805e+03
-9.097869267535804022e-03 1.504841349000760747e-02 -1.355993049457419192e-02 -1.125994280315585454e-02 1.229568001991111596e-02 1.012062232647812331e-02 -1.872166756428736790e+03
-9.119214163169242493e-03 1.507668875281055476e-02 -1.357955856062789506e-02 -1.127197850918705037e-02 1.230573601639048734e-02 1.012649513152186036e-02 -1.876567977091757939e+03
-9.140555237128745319e-03 1.510491980724061427e-02 -1.359911677998841030e-02 -1.128393760465940150e-02 1.231569595100992509e-02 1.013229351220230889e-02 -1.880968459523980528e+03
-9.161892487383863776e-03 1.513310661792364488e-02 -1.361860512792578172e-02 -1.129582002321310834e-02 1.232556102050306329e-02 1.013800721969668542e-02 -1.885368203351560851e+03
-9.183225911892111890e-03 1.516124914968712892e-02 -1.363802356748998988e-02 -1.130762561476388907e-02 1.233533046554818359e-02 1.014363524431846977e-02 -1.889767208197768696e+03
-9.204555508590237314e-03 1.518934736729277320e-02 -1.365737204928102119e-02 -1.131935442920171606e-02 1.234500556592935637e-02 1.014919285595844434e-02 -1.894165473682740185e+03
-9.225881275438876580e-03 1.521740123560536180e-02 -1.367665054117000491e-02 -1.133100650675198176e-02 1.235458787189950072e-02 1.015465758011066359e-02 -1.898562999432686638e+03
-9.247203210359574224e-03 1.524541071971084391e-02 -1.369585899185289495e-02 -1.134258133812292291e-02 1.236407506885948970e-02 1.016004112991159003e-02 -1.902959785067029316e+03
-9.268521311287745632e-03 1.527337578456354657e-02 -1.371499735033800821e-02 -1.135407923807322042e-02 1.237346750665281603e-02 1.016534113365788125e-02 -1.907355830209465239e+03
-9.289835576145455756e-03 1.530129639465316327e-02 -1.373406556286241136e-02 -1.136550000374134638e-02 1.238276645734018820e-02 1.017056402574943209e-02 -1.911751134480598694e+03
-9.311146002856271822e-03 1.532917251415521348e-02 -1.375306359072781502e-02 -1.137684360646831587e-02 1.239197054000486242e-02 1.017570468726598787e-02 -1.916145697500229289e+03
-9.332452589363120568e-03 1.535700410685026177e-02 -1.377199136215326650e-02 -1.138811021198628433e-02 1.240107927634878475e-02 1.018076692613701165e-02 -1.920539518891942407e+03
-9.353755333581192238e-03 1.538479113625938234e-02 -1.379084883406963592e-02 -1.139929959717056636e-02 1.241009269708235642e-02 1.018574561043051122e-02 -1.924932598273656595e+03
-9.375054233432806791e-03 1.541253356570553706e-02 -1.380963596089499965e-02 -1.141041213923467412e-02 1.241901137300145327e-02 1.019063997866215265e-02 -1.929324935264086662e+03
-9.396349286849542404e-03 1.544023135866364263e-02 -1.382835267978897026e-02 -1.142144766869067699e-02 1.242783509517893584e-02 1.019545019477714580e-02 -1.933716529482956958e+03
-9.417640491783008105e-03 1.546788447864791416e-02 -1.384699894375985597e-02 -1.143240610349675716e-02 1.243656298059369128e-02 1.020018229580547421e-02 -1.938107380552728046e+03
-9.438927846145936038e-03 1.549549288923427436e-02 -1.386557471794318437e-02 -1.144328772131674062e-02 1.244519502530458746e-02 1.020482527415544904e-02 -1.942497488086870135e+03
-9.460211347888613370e-03 1.552305655393247837e-02 -1.388407995620093670e-02 -1.145409230887203811e-02 1.245373166776690688e-02 1.020938729388477101e-02 -1.946886851705169647e+03
-9.481490994952445489e-03 1.555057543598863633e-02 -1.390251460780324820e-02 -1.146481999256521861e-02 1.246217441503021627e-02 1.021386873280054862e-02 -1.951275471026114019e+03
-9.502766785261160948e-03 1.557804949874777058e-02 -1.392087865250722818e-02 -1.147547069640086209e-02 1.247051668347274982e-02 1.021826090907532875e-02 -1.955663345664837379e+03
-9.524038716742013258e-03 1.560547870550586108e-02 -1.393917205306048970e-02 -1.148604458784896823e-02 1.247876752235537422e-02 1.022257708983680992e-02 -1.960050475238013632e+03
-9.545306787305554014e-03 1.563286301974823808e-02 -1.395739477689820346e-02 -1.149654156155050302e-02 1.248692323104546274e-02 1.022681215290591715e-02 -1.964436859360436074e+03
-9.566570994877905687e-03 1.566020240487270634e-02 -1.397554678041953991e-02 -1.150696175739492587e-02 1.249498494894782548e-02 1.023096029434837975e-02 -1.968822497650763125e+03
-9.587831337354114913e-03 1.568749682464057674e-02 -1.399362802774877131e-02 -1.151730508837607407e-02 1.250295183738798707e-02 1.023503119061939734e-02 -1.973207389722042990e+03
-9.609087812641267309e-03 1.571474624285669822e-02 -1.401163847510139733e-02 -1.152757137903175425e-02 1.251082455252270319e-02 1.023901944871309817e-02 -1.977591535190836339e+03
-9.630340418601161800e-03 1.574195062351599339e-02 -1.402957807568165106e-02 -1.153776094858195191e-02 1.251860587116565039e-02 1.024293143540452519e-02 -1.981974933665619119e+03
-9.651589153156890297e-03 1.576910993060960664e-02 -1.404744677252115978e-02 -1.154787339398682076e-02 1.252629058517938654e-02 1.024675378271548351e-02 -1.986357584767475601e+03
-9.672834014171276945e-03 1.579622412842059467e-02 -1.406524450418122213e-02 -1.155790884056083836e-02 1.253388427195537523e-02 1.025050870756151131e-02 -1.990739488104874681e+03
-9.694074999521355013e-03 1.582329318071430332e-02 -1.408297122739953118e-02 -1.156786726198982124e-02 1.254138231142444895e-02 1.025417581258010989e-02 -1.995120643289875034e+03
-9.715312107112565598e-03 1.585031705062415683e-02 -1.410062687246729958e-02 -1.157774862804231142e-02 1.254878921677196613e-02 1.025776179358997217e-02 -1.999501049940522989e+03
-9.736545334779382263e-03 1.587729570116288083e-02 -1.411821139447050344e-02 -1.158755294478245983e-02 1.255610019162783919e-02 1.026126856311215460e-02 -2.003880707659182917e+03
-9.757774680446973381e-03 1.590422909495605233e-02 -1.413572473897894456e-02 -1.159728033262228016e-02 1.256331496621069035e-02 1.026469221309291718e-02 -2.008259616065740829e+03
-9.779000141979757310e-03 1.593111719455582095e-02 -1.415316685227897137e-02 -1.160693077581439678e-02 1.257043796983894554e-02 1.026803923181435381e-02 -2.012637774765317545e+03
-9.800221717276879838e-03 1.595795996218317414e-02 -1.417053768113845161e-02 -1.161650433452091416e-02 1.257746500970750164e-02 1.027131074759769953e-02 -2.017015183369198212e+03
-9.821439404252339453e-03 1.598475736021713958e-02 -1.418783717851266474e-02 -1.162600113293119249e-02 1.258439795747297134e-02 1.027449376410938947e-02 -2.021391841490119987e+03
-9.842653200778280972e-03 1.601150935133134265e-02 -1.420506530400594131e-02 -1.163542106700768408e-02 1.259123701397346293e-02 1.027760102940385514e-02 -2.025767748731646179e+03
-9.863863104768083589e-03 1.603821589800237535e-02 -1.422222201219396596e-02 -1.164476432859506451e-02 1.259798231241235529e-02 1.028062196669971354e-02 -2.030142904705675846e+03
-9.885069114124341721e-03 1.606487696257765871e-02 -1.423930726995483072e-02 -1.165403079910910973e-02 1.260463175025568899e-02 1.028355796360325321e-02 -2.034517309022817017e+03
-9.906271226729365664e-03 1.609149250715319682e-02 -1.425632104314381379e-02 -1.166322066215383021e-02 1.261118687426919169e-02 1.028642707992572479e-02 -2.038890961290359428e+03
-9.927469440443825038e-03 1.611806249382844239e-02 -1.427326329487765139e-02 -1.167233399002396213e-02 1.261765189593706642e-02 1.028921695887458423e-02 -2.043263861112182894e+03
-9.948663753156040956e-03 1.614458688488445981e-02 -1.429013398459855894e-02 -1.168137111874745226e-02 1.262402231548942315e-02 1.029192037807289024e-02 -2.047636008099208993e+03
-9.969854162722349700e-03 1.617106564289779586e-02 -1.430693307311487264e-02 -1.169033164239203192e-02 1.263030104180272624e-02 1.029454769654816054e-02 -2.052007401855347780e+03
-9.991040667017725418e-03 1.619749873081872613e-02 -1.432366050647964663e-02 -1.169921606000583550e-02 1.263648897749392389e-02 1.029709693122713224e-02 -2.056378041988145469e+03
-1.001222326389866225e-02 1.622388611185088952e-02 -1.434031623353888320e-02 -1.170802430321196685e-02 1.264258294141139619e-02 1.029956791999245801e-02 -2.060747928101945945e+03
-1.003340195122184517e-02 1.625022774918554944e-02 -1.435690019275071179e-02 -1.171675648233909926e-02 1.264858710521788235e-02 1.030196556165264253e-02 -2.065117059802727454e+03
-1.005457672682688597e-02 1.627652360619722544e-02 -1.437341232491912493e-02 -1.172541277127227104e-02 1.265450058340135582e-02 1.030427362091653094e-02 -2.069485436693171323e+03
-1.007574758858724960e-02 1.630277364615194055e-02 -1.438985256706941732e-02 -1.173399282932298220e-02 1.266032027667783263e-02 1.030652153657158308e-02 -2.073853058380363564e+03
-1.009691453434175337e-02 1.632897783216585852e-02 -1.440622087040132997e-02 -1.174249686275464534e-02 1.266605108736413438e-02 1.030868543967037969e-02 -2.078219924463292500e+03
-1.011807756197020958e-02 1.635513612685780133e-02 -1.442251716810429366e-02 -1.175092502737632577e-02 1.267168902825232916e-02 1.031077498079170304e-02 -2.082586034549566648e+03
-1.013923666930262660e-02 1.638124849247479115e-02 -1.443874139377082470e-02 -1.175927762307238389e-02 1.267723555108441445e-02 1.031279327026660489e-02 -2.086951388234441310e+03
-1.016039185422925803e-02 1.640731489100186874e-02 -1.445489350408679999e-02 -1.176755469157459572e-02 1.268269277134459992e-02 1.031473288762015626e-02 -2.091315985124659164e+03
-1.018154311459949606e-02 1.643333528432601442e-02 -1.447097343966904405e-02 -1.177575629545102830e-02 1.268805890356463663e-02 1.031660010187044826e-02 -2.095679824817598274e+03
-1.020269044828556008e-02 1.645930963408216360e-02 -1.448698112855760500e-02 -1.178388278751711475e-02 1.269333672293291963e-02 1.031839824489224830e-02 -2.100042906914211017e+03
-1.022383385316008933e-02 1.648523790195955893e-02 -1.450291652634888746e-02 -1.179193445027136578e-02 1.269852397024813159e-02 1.032011662768151684e-02 -2.104405231013885896e+03
-1.024497332712559668e-02 1.651112004955471169e-02 -1.451877958103500905e-02 -1.179991156193182199e-02 1.270362457713989333e-02 1.032177670300435043e-02 -2.108766796720999082e+03
-1.026610886804081406e-02 1.653695603846704401e-02 -1.453457025647457955e-02 -1.180781428630068262e-02 1.270863646438081217e-02 1.032334965906800406e-02 -2.113127603629129680e+03
-1.028724047380223487e-02 1.656274583044942822e-02 -1.455028850986102816e-02 -1.181564289671279029e-02 1.271356177909749308e-02 1.032486397458265252e-02 -2.117487651338578416e+03
-1.030836814230122814e-02 1.658848938726818767e-02 -1.456593428399272257e-02 -1.182339798606336229e-02 1.271840065720951894e-02 1.032630578550295698e-02 -2.121846939447457316e+03
-1.032949187140926560e-02 1.661418667092832979e-02 -1.458150752464744751e-02 -1.183107985764588789e-02 1.272315387199290937e-02 1.032767015891123200e-02 -2.126205467550290450e+03
-1.035061165904698106e-02 1.663983764365829787e-02 -1.459700816535206870e-02 -1.183868904182656424e-02 1.272782204300383808e-02 1.032898294341678784e-02 -2.130563235251080187e+03
-1.037172750306492204e-02 1.666544226815596524e-02 -1.461243614615629662e-02 -1.184622617028644603e-02 1.273240995173034219e-02 1.033022251938163841e-02 -2.134920242138211506e+03
-1.039283940137038578e-02 1.669100050745198419e-02 -1.462779139170663177e-02 -1.185369163992524427e-02 1.273691272118939941e-02 1.033140090705183221e-02 -2.139276487809234823e+03
-1.041394735186606385e-02 1.671651232474528209e-02 -1.464307383594927632e-02 -1.186108606804154100e-02 1.274133588286464371e-02 1.033251819882982300e-02 -2.143631971858211728e+03
-1.043505135244704972e-02 1.674197768355600510e-02 -1.465828340151025325e-02 -1.186840983844946774e-02 1.274567902803985450e-02 1.033358756415232900e-02 -2.147986693876771369e+03
-1.045615140104740222e-02 1.676739654751920744e-02 -1.467341999322965308e-02 -1.187566370411161434e-02 1.274994388523611848e-02 1.033458778773002455e-02 -2.152340653463042145e+03
-1.047724749556271095e-02 1.679276888064163906e-02 -1.468848354407237961e-02 -1.188284819940707039e-02 1.275413074616442259e-02 1.033553679263096887e-02 -2.156693850203720558e+03
-1.049833963392129976e-02 1.681809464677958693e-02 -1.470347395309220054e-02 -1.188996392970348426e-02 1.275824548498136722e-02 1.033643472825795592e-02 -2.161046283690830478e+03
-1.051942781404644096e-02 1.684337380929706862e-02 -1.471839113705492551e-02 -1.189701191429658883e-02 1.276228588349328195e-02 1.033728116381800975e-02 -2.165397953514131132e+03
-1.054051203388824479e-02 1.686860633114613608e-02 -1.473323500124618102e-02 -1.190399274106958456e-02 1.276625375409912687e-02 1.033809246697535260e-02 -2.169748859266926502e+03
-1.056159229135648914e-02 1.689379217508360856e-02 -1.474800546964905555e-02 -1.191090760793218732e-02 1.277015335903280806e-02 1.033885070078077034e-02 -2.174099000532866739e+03
-1.058266858441729921e-02 1.691893130304326573e-02 -1.476270246336348901e-02 -1.191775726927678941e-02 1.277398915467363623e-02 1.033957593190088127e-02 -2.178448376907544571e+03
-1.060374091098095078e-02 1.694402367690363287e-02 -1.477732590962018908e-02 -1.192454259514451678e-02 1.277775499984471451e-02 1.034026024115005694e-02 -2.182796987974003514e+03
-1.062480926899071580e-02 1.696906925820548806e-02 -1.479187574236059781e-02 -1.193126438578590715e-02 1.278145882873020674e-02 1.034091132043801591e-02 -2.187144833325000036e+03
-1.064587365632682810e-02 1.699406800849817198e-02 -1.480635188523472985e-02 -1.193792350083299619e-02 1.278509976207553404e-02 1.034152435892008934e-02 -2.191491912545683135e+03
-1.066693407085494115e-02 1.701901988875177338e-02 -1.482075428010173369e-02 -1.194452016152522562e-02 1.278868021358265869e-02 1.034211077364325868e-02 -2.195838225226822033e+03
-1.068799051037082684e-02 1.704392485913622246e-02 -1.483508289442914303e-02 -1.195105461856541332e-02 1.279219764526520059e-02 1.034265687575783126e-02 -2.200183770957237357e+03
-1.070904297260371132e-02 1.706878287875156219e-02 -1.484933768031673242e-02 -1.195752659878294814e-02 1.279565477039927915e-02 1.034318000661172895e-02 -2.204528549329085763e+03
-1.073009145516902810e-02 1.709359390544314475e-02 -1.486351864276567840e-02 -1.196393552485155304e-02 1.279904499963314610e-02 1.034366043254897859e-02 -2.208872559932726745e+03
-1.075113595558724149e-02 1.711835789588161266e-02 -1.487762578263709251e-02 -1.197027987183950717e-02 1.280236889719839170e-02 1.034410500814811514e-02 -2.213215802364604315e+03
-1.077217647122921153e-02 1.714307480554753960e-02 -1.489165912510282894e-02 -1.197655799510129182e-02 1.280562152859728367e-02 1.034450099667108200e-02 -2.217558276216158447e+03
-1.079321299938787795e-02 1.716774458824236668e-02 -1.490561872882980275e-02 -1.198276712702880942e-02 1.280879816508204150e-02 1.034485414604449996e-02 -2.221899981088470668e+03
-1.081424553723844828e-02 1.719236719668277777e-02 -1.491950464977582005e-02 -1.198890393058456294e-02 1.281189415315274471e-02 1.034513332507635761e-02 -2.226240916580949033e+03
-1.083527408186238210e-02 1.721694258279087009e-02 -1.493331696652147773e-02 -1.199496507412337216e-02 1.281489992035920317e-02 1.034534129487765797e-02 -2.230581082291168968e+03
-1.085629863029178091e-02 1.724147069812969127e-02 -1.494705576861800160e-02 -1.200094682436162082e-02 1.281780686494504370e-02 1.034547627774255046e-02 -2.234920477815346658e+03
-1.087731917961533810e-02 1.726595149422767081e-02 -1.496072112995531014e-02 -1.200684526048782265e-02 1.282061060816098823e-02 1.034550057340207635e-02 -2.239259102759108373e+03
-1.089833572692159441e-02 1.729038492280526862e-02 -1.497431314017033319e-02 -1.201265713565094137e-02 1.282330190040453961e-02 1.034542049300359728e-02 -2.243596956716597560e+03
-1.091934826938963619e-02 1.731477093617798599e-02 -1.498783185754977605e-02 -1.201837941365172836e-02 1.282587566832416384e-02 1.034522532994432489e-02 -2.247934039281936293e+03
-1.094035680433396232e-02 1.733910948745474856e-02 -1.500127734582325061e-02 -1.202400953935324479e-02 1.282832834697456188e-02 1.034492145551153645e-02 -2.252270350054169739e+03
-1.096136132910375399e-02 1.736340053110648970e-02 -1.501464961119510465e-02 -1.202954613137963494e-02 1.283065500066543282e-02 1.034447865396460539e-02 -2.256605888612950821e+03
-1.098236184125730465e-02 1.738764402255265490e-02 -1.502794866859503108e-02 -1.203498814352627760e-02 1.283285016711384341e-02 1.034390736094365285e-02 -2.260940654555162382e+03
-1.100335833838530196e-02 1.741183991877068640e-02 -1.504117448155011839e-02 -1.204033483621020327e-02 1.283491625737303264e-02 1.034320496548544327e-02 -2.265274647458732488e+03
-1.102435081819750848e-02 1.743598817790986341e-02 -1.505432702324119992e-02 -1.204558621602788530e-02 1.283685099402961070e-02 1.034236768653042787e-02 -2.269607866906277650e+03
-1.104533927849932207e-02 1.746008875905988994e-02 -1.506740623899236083e-02 -1.205074251963000713e-02 1.283865475038921400e-02 1.034139875195834793e-02 -2.273940312483949128e+03
-1.106632371707294733e-02 1.748414162239669140e-02 -1.508041206024760515e-02 -1.205580450689237686e-02 1.284032903778920161e-02 1.034030182790264367e-02 -2.278271983761907450e+03
-1.108730413180593344e-02 1.750814672860157017e-02 -1.509334443467131096e-02 -1.206077257543984073e-02 1.284187307756204377e-02 1.033907310399596706e-02 -2.282602880324541275e+03
-1.110828052055911133e-02 1.753210403866898789e-02 -1.510620325948267874e-02 -1.206564788751089516e-02 1.284329415312019523e-02 1.033771174982879397e-02 -2.286933001745882393e+03
-1.112925288121210769e-02 1.755601351391072873e-02 -1.511898846808891299e-02 -1.207043127959230716e-02 1.284458732568188703e-02 1.033623322473515606e-02 -2.291262347604199931e+03
-1.115022121161247937e-02 1.757987511602725900e-02 -1.513169997027006414e-02 -1.207512358218648316e-02 1.284576061406635106e-02 1.033463353728437777e-02 -2.295590917471540251e+03
-1.117118550961803888e-02 1.760368880660978866e-02 -1.514433767699590108e-02 -1.207972592875989834e-02 1.284681338574803454e-02 1.033291331476729642e-02 -2.299918710922602713e+03
-1.119214577307386070e-02 1.762745454703587913e-02 -1.515690150334867564e-02 -1.208423897093605787e-02 1.284774912594278083e-02 1.033107742882713453e-02 -2.304245727531311786e+03
-1.121310199981912815e-02 1.765117229876902311e-02 -1.516939134609715349e-02 -1.208866336635297176e-02 1.284857001744286152e-02 1.032913993078344445e-02 -2.308571966873365000e+03
-1.123405418765755816e-02 1.767484202346936845e-02 -1.518180712580961128e-02 -1.209300011156378037e-02 1.284927609014872678e-02 1.032707204760820001e-02 -2.312897428520814174e+03
-1.125500233436492123e-02 1.769846368273132742e-02 -1.519414875864569421e-02 -1.209724950024647708e-02 1.284986975727088650e-02 1.032490743485347390e-02 -2.317222112043996731e+03
-1.127594643775436598e-02 1.772203723750006427e-02 -1.520641616052016004e-02 -1.210141209668746769e-02 1.285035163831859534e-02 1.032263891665401688e-02 -2.321546017022031720e+03
-1.129688649558326617e-02 1.774556264830255345e-02 -1.521860926338587140e-02 -1.210548868761530256e-02 1.285072559164011224e-02 1.032027441701538137e-02 -2.325869143022426215e+03
-1.131782250562095304e-02 1.776903987481585553e-02 -1.523072800358897007e-02 -1.210947950908196694e-02 1.285098897611367669e-02 1.031779343139082802e-02 -2.330191489616931449e+03
-1.133875446562930024e-02 1.779246887597932952e-02 -1.524277231367926824e-02 -1.211338531674981643e-02 1.285114397126872234e-02 1.031522334246665409e-02 -2.334513056377656994e+03
-1.135968237336868088e-02 1.781584961023918376e-02 -1.525474213865914315e-02 -1.211720653372552400e-02 1.285119404735809122e-02 1.031255786688655730e-02 -2.338833842878883843e+03
-1.138060622655660999e-02 1.783918203582415818e-02 -1.526663742178487049e-02 -1.212094350499324374e-02 1.285113374647785592e-02 1.030979551513320006e-02 -2.343153848686878518e+03
-1.140152602294122568e-02 1.786246611080012994e-02 -1.527845810606438294e-02 -1.212459682862194327e-02 1.285096977294859430e-02 1.030693130427537581e-02 -2.347473073374050273e+03
-1.142244176025910586e-02 1.788570179350873826e-02 -1.529020413461856277e-02 -1.212816673652174909e-02 1.285070019091558852e-02 1.030398009325299638e-02 -2.351791516511938426e+03
-1.144335343622108168e-02 1.790888904251823968e-02 -1.530187543603978191e-02 -1.213165360947017837e-02 1.285032737417636864e-02 1.030093578916922194e-02 -2.356109177668385655e+03
-1.146426104855623705e-02 1.793202781640203594e-02 -1.531347195091141422e-02 -1.213505764873865946e-02 1.284984760489338122e-02 1.029780102550579245e-02 -2.360426056416370557e+03
-1.148516459495748689e-02 1.795511807356400813e-02 -1.532499362294568492e-02 -1.213837926922415808e-02 1.284926694879910680e-02 1.029456093107047020e-02 -2.364742152320969126e+03
-1.150606407314104171e-02 1.797815977223874567e-02 -1.533644040443187667e-02 -1.214161840187423513e-02 1.284858395720017352e-02 1.029122965431691385e-02 -2.369057464954412808e+03
-1.152695948079007077e-02 1.800115287085363516e-02 -1.534781223378321041e-02 -1.214477584871375034e-02 1.284779779369854026e-02 1.028781732578637476e-02 -2.373371993885237316e+03
-1.154785081555992875e-02 1.802409732778698787e-02 -1.535910905774232060e-02 -1.214785149674490160e-02 1.284691185514175334e-02 1.028430348147464299e-02 -2.377685738678332655e+03
-1.156873807511043725e-02 1.804699310134246990e-02 -1.537033080843650673e-02 -1.215084535983041412e-02 1.284592424446924855e-02 1.028070435456300731e-02 -2.381998698901039006e+03
-1.158962125709153516e-02 1.806984014989316406e-02 -1.538147742113623283e-02 -1.215375800700012505e-02 1.284483473952090574e-02 1.027700953852911034e-02 -2.386310874119523760e+03
-1.161050035916425666e-02 1.809263843193553364e-02 -1.539254881532389416e-02 -1.215658895995935969e-02 1.284365028324593004e-02 1.027323354765159388e-02 -2.390622263902796476e+03
-1.163137537896636459e-02 1.811538790603494167e-02 -1.540354494169014939e-02 -1.215933861866839473e-02 1.284236089402163855e-02 1.026936659854579478e-02 -2.394932867815975897e+03
-1.165224631411466982e-02 1.813808853066022422e-02 -1.541446573814796335e-02 -1.216200692124720997e-02 1.284097211769937887e-02 1.026541609960612486e-02 -2.399242685420370435e+03
-1.167311316224732901e-02 1.816074026383450099e-02 -1.542531116058966541e-02 -1.216459391063519531e-02 1.283948420865301671e-02 1.026137274621689854e-02 -2.403551716281352128e+03
-1.169397592099280687e-02 1.818334306298110062e-02 -1.543608117100486211e-02 -1.216709943882085879e-02 1.283789652724779719e-02 1.025724700943943767e-02 -2.407859959962132052e+03
-1.171483458798740739e-02 1.820589688492338723e-02 -1.544677571428403062e-02 -1.216952383791080824e-02 1.283621175615562264e-02 1.025303545296678796e-02 -2.412167416028614298e+03
-1.173568916084434532e-02 1.822840168615197376e-02 -1.545739475007666154e-02 -1.217186697888614916e-02 1.283442716556607195e-02 1.024874400836171123e-02 -2.416474084043014955e+03
-1.175653963715449918e-02 1.825085742321115242e-02 -1.546793823464053495e-02 -1.217412909312231423e-02 1.283254318449482054e-02 1.024436491606448528e-02 -2.420779963563665206e+03
-1.177738601456879836e-02 1.827326405234460521e-02 -1.547840610573152260e-02 -1.217631035750980396e-02 1.283055968093487799e-02 1.023990278545698976e-02 -2.425085054159010269e+03
-1.179822829068751140e-02 1.829562153011226461e-02 -1.548879830342859802e-02 -1.217841097569546081e-02 1.282848083294563062e-02 1.023535879434982199e-02 -2.429389355385066210e+03
-1.181906646314128881e-02 1.831792981314132873e-02 -1.549911479601101191e-02 -1.218043085985004957e-02 1.282630098277691595e-02 1.023071966985911359e-02 -2.433692866804887217e+03
-1.183990052953615493e-02 1.834018885807241900e-02 -1.550935552147243712e-02 -1.218237002156382157e-02 1.282402418205088636e-02 1.022600113037680329e-02 -2.437995587977949981e+03
-1.186073048748642264e-02 1.836239862149313326e-02 -1.551952042373298812e-02 -1.218422853030674130e-02 1.282164854646261100e-02 1.022119816670369503e-02 -2.442297518466007205e+03
-1.188155633458675212e-02 1.838455906005076815e-02 -1.552960946396458181e-02 -1.218600668144213632e-02 1.281917491652016620e-02 1.021630505636410453e-02 -2.446598657826324597e+03
-1.190237806845575487e-02 1.840667013017532536e-02 -1.553962257845494660e-02 -1.218770441888064604e-02 1.281660494971678839e-02 1.021132872625019929e-02 -2.450899005621688502e+03
-1.192319568666648164e-02 1.842873178852740337e-02 -1.554955972122358705e-02 -1.218932171279576981e-02 1.281393556450622501e-02 1.020626709734126503e-02 -2.455198561405517466e+03
-1.194400918683261210e-02 1.845074399161138537e-02 -1.555942083879855581e-02 -1.219085883308782675e-02 1.281116697333269279e-02 1.020111590224215443e-02 -2.459497324740088061e+03
-1.196481856651255594e-02 1.847270669610863100e-02 -1.556920586771774404e-02 -1.219231563026525189e-02 1.280830366089856162e-02 1.019588912450850385e-02 -2.463795295177555545e+03
-1.198562382329150695e-02 1.849461985857326490e-02 -1.557891474089004129e-02 -1.219369229103650122e-02 1.280533978958615753e-02 1.019056691383375159e-02 -2.468092472276916396e+03
-1.200642495472063233e-02 1.851648343568318769e-02 -1.558854740828708764e-02 -1.219498836122794375e-02 1.280227758608247675e-02 1.018517127152832047e-02 -2.472388855591666015e+03
-1.202722195835381584e-02 1.853829738406896632e-02 -1.559810382414412132e-02 -1.219620376360348174e-02 1.279912107802654714e-02 1.017968817406990877e-02 -2.476684444677734973e+03
-1.204801483172662432e-02 1.856006166040198579e-02 -1.560758394081117328e-02 -1.219733867611603843e-02 1.279586417232058543e-02 1.017412505778378731e-02 -2.480979239087501810e+03
-1.206880357242080988e-02 1.858177622090264811e-02 -1.561698770187834075e-02 -1.219839307617302457e-02 1.279251409768541840e-02 1.016847536722297572e-02 -2.485273238381670126e+03
-1.208958817795417577e-02 1.860344102159318738e-02 -1.562631507022982369e-02 -1.219936665108286092e-02 1.278906491302397343e-02 1.016274743393310448e-02 -2.489566442105808619e+03
-1.211036864589974150e-02 1.862505601767863381e-02 -1.563556598908273990e-02 -1.220025981289830572e-02 1.278552207629224738e-02 1.015693895600501551e-02 -2.493858849816449947e+03
-1.213114497380570443e-02 1.864662116431149361e-02 -1.564474042132220008e-02 -1.220107215872160214e-02 1.278188029852354336e-02 1.015104489425029850e-02 -2.498150461066342814e+03
-1.215191715919907052e-02 1.866813641656349387e-02 -1.565383831517510108e-02 -1.220180451872254074e-02 1.277814503119200674e-02 1.014506814203755027e-02 -2.502441275404348744e+03
-1.217268519963646614e-02 1.868960172950467555e-02 -1.566285962328990006e-02 -1.220245633985088743e-02 1.277430922385881275e-02 1.013900650588345914e-02 -2.506731292384879453e+03
-1.219344909264920805e-02 1.871101705860584233e-02 -1.567180428762235400e-02 -1.220302766910052669e-02 1.277037855734473003e-02 1.013287528263821270e-02 -2.511020511555666417e+03
-1.221420883580015028e-02 1.873238235906860352e-02 -1.568067225229017106e-02 -1.220351878717080077e-02 1.276634990581238492e-02 1.012665094295468228e-02 -2.515308932470254149e+03
-1.223496442663778508e-02 1.875369758597219758e-02 -1.568946346807797293e-02 -1.220392957775674400e-02 1.276222503958889670e-02 1.012034393236602332e-02 -2.519596554678224493e+03
-1.225571586269396523e-02 1.877496269437571585e-02 -1.569817788594547389e-02 -1.220426055808075151e-02 1.275800098962763876e-02 1.011396111717000924e-02 -2.523883377725209357e+03
-1.227646314152326668e-02 1.879617763936963781e-02 -1.570681546675887705e-02 -1.220451106705215845e-02 1.275368278950964572e-02 1.010748547906310454e-02 -2.528169401162663689e+03
-1.229720626064558821e-02 1.881734237608926122e-02 -1.571537614754807410e-02 -1.220468141490007631e-02 1.274926157641515304e-02 1.010092693231314648e-02 -2.532454624535592757e+03
-1.231794521760331759e-02 1.883845685935560052e-02 -1.572385990174779424e-02 -1.220477142258889931e-02 1.274474898991420982e-02 1.009429429396553786e-02 -2.536739047394049066e+03
-1.233868000990773033e-02 1.885952104398140247e-02 -1.573226665192147683e-02 -1.220478145033195884e-02 1.274013675323147805e-02 1.008756719979571163e-02 -2.541022669284068343e+03
-1.235941063504046936e-02 1.888053488519566073e-02 -1.574059632837301534e-02 -1.220471104763118028e-02 1.273542902771995777e-02 1.008076012767509556e-02 -2.545305489747594038e+03
-1.238013709053099876e-02 1.890149833812495780e-02 -1.574884889344543154e-02 -1.220456007309084039e-02 1.273062535310767393e-02 1.007388220042261182e-02 -2.549587508337930558e+03
-1.240085937383412877e-02 1.892241135805863145e-02 -1.575702427327224653e-02 -1.220432897965565561e-02 1.272572527120035234e-02 1.006690824564366801e-02 -2.553868724592456601e+03
-1.242157748244474003e-02 1.894327390030478911e-02 -1.576512243475414535e-02 -1.220401730759515004e-02 1.272072961984786060e-02 1.005985093990089882e-02 -2.558149138057147866e+03
-1.244229141384097480e-02 1.896408592005386848e-02 -1.577314331673506861e-02 -1.220362508343083956e-02 1.271563835160359479e-02 1.005271909338313792e-02 -2.562428748274167901e+03
-1.246300116551862965e-02 1.898484737161915473e-02 -1.578108688014562278e-02 -1.220315211142569863e-02 1.271044984009878781e-02 1.004551312433851762e-02 -2.566707554788941252e+03
-1.248370673494688006e-02 1.900555820898759685e-02 -1.578895307006476442e-02 -1.220259869738260679e-02 1.270516719085180816e-02 1.003821063808532296e-02 -2.570985557140226319e+03
-1.250440811963403169e-02 1.902621838614643179e-02 -1.579674184486649577e-02 -1.220196473257042710e-02 1.269978709020765616e-02 1.003084212826212650e-02 -2.575262754875007886e+03
-1.252510531703774320e-02 1.904682785723001495e-02 -1.580445315204980633e-02 -1.220125030961311495e-02 1.269431294068104274e-02 1.002339028638161988e-02 -2.579539147528998910e+03
-1.254579832466656136e-02 1.906738657619090963e-02 -1.581208694906440643e-02 -1.220045548879375615e-02 1.268874031042226819e-02 1.001585372905991304e-02 -2.583814734647783098e+03
-1.256648713997963497e-02 1.908789449724313664e-02 -1.581964316486605265e-02 -1.219958054373054823e-02 1.268307189034850214e-02 1.000824302075197826e-02 -2.588089515766572276e+03
-1.258717176047197996e-02 1.910835157411771429e-02 -1.582712176632068007e-02 -1.219862499027669564e-02 1.267730642155701776e-02 1.000053996599978637e-02 -2.592363490427788747e+03
-1.260785218361436255e-02 1.912875776029135388e-02 -1.583452270495271444e-02 -1.219758936052754011e-02 1.267144373946192670e-02 9.992767402703967017e-03 -2.596636658167998121e+03
-1.262852840689252833e-02 1.914911300931837479e-02 -1.584184593433792670e-02 -1.219647302725087104e-02 1.266548451727366950e-02 9.984899068568593716e-03 -2.600909018526673208e+03
-1.264920042777288589e-02 1.916941727483510369e-02 -1.584909140648357515e-02 -1.219527647617432015e-02 1.265942818593474191e-02 9.976962532658055494e-03 -2.605180571039200004e+03
-1.266986824375711425e-02 1.918967051026348319e-02 -1.585625907626059955e-02 -1.219399963272997309e-02 1.265327588407850513e-02 9.968928057759250672e-03 -2.609451315249006257e+03
-1.269053185227753643e-02 1.920987266910997859e-02 -1.586334887688704148e-02 -1.219264208384051792e-02 1.264702664391971834e-02 9.960828618754013000e-03 -2.613721250685422547e+03
-1.271119125080901607e-02 1.923002370488985022e-02 -1.587036074097803243e-02 -1.219120447062958627e-02 1.264068346364784733e-02 9.952626253420658597e-03 -2.617990376888238188e+03
-1.273184643679599326e-02 1.925012357125467644e-02 -1.587729461658300700e-02 -1.218968637059372404e-02 1.263424388801363991e-02 9.944352947325041381e-03 -2.622258693393371686e+03
-1.275249740764868543e-02 1.927017222201992189e-02 -1.588415044381399910e-02 -1.218808767649749020e-02 1.262770813940510169e-02 9.935999577714921954e-03 -2.626526199732081750e+03
-1.277314416079231713e-02 1.929016961073977063e-02 -1.589092816686533613e-02 -1.218640863642058737e-02 1.262107845397960129e-02 9.927567014448789376e-03 -2.630792895438930373e+03
-1.279378669363385318e-02 1.931011569093659536e-02 -1.589762773652024161e-02 -1.218464890736835858e-02 1.261434998922110647e-02 9.919044001747119935e-03 -2.635058780045262210e+03
-1.281442500361090753e-02 1.933001041597605385e-02 -1.590424910355764387e-02 -1.218280863384837119e-02 1.260752759463202796e-02 9.910434334841330961e-03 -2.639323853086792951e+03
-1.283505908815240140e-02 1.934985373895444644e-02 -1.591079220898311553e-02 -1.218088764728407145e-02 1.260060903302841553e-02 9.901762148071749023e-03 -2.643588114095410674e+03
-1.285568894466868062e-02 1.936964561292204776e-02 -1.591725700956789918e-02 -1.217888613538616223e-02 1.259359320872245440e-02 9.893005344715462626e-03 -2.647851562598798409e+03
-1.287631457058107179e-02 1.938938599108433469e-02 -1.592364344595973563e-02 -1.217680383444907227e-02 1.258648249788871763e-02 9.884164347236011616e-03 -2.652114198128498174e+03
-1.289693596330058860e-02 1.940907482650366944e-02 -1.592995149683567105e-02 -1.217464088354099951e-02 1.257927510392738146e-02 9.875261335018821474e-03 -2.656376020213926040e+03
-1.291755312025191955e-02 1.942871207189798485e-02 -1.593618109689691476e-02 -1.217239764205526806e-02 1.257197197655236798e-02 9.866249119995213965e-03 -2.660637028387605369e+03
-1.293816603884658141e-02 1.944829767974238718e-02 -1.594233221586653995e-02 -1.217007350556698758e-02 1.256457406149291342e-02 9.857174820425548475e-03 -2.664897222177698495e+03
-1.295877471648505461e-02 1.946783160229175608e-02 -1.594840478270120876e-02 -1.216766873695540596e-02 1.255707894131238497e-02 9.848019896133928738e-03 -2.669156601108166797e+03
-1.297937915060870182e-02 1.948731379154949525e-02 -1.595439876865668849e-02 -1.216518342440620418e-02 1.254948834449890610e-02 9.838779002026067436e-03 -2.673415164711774651e+03
-1.299997933861382973e-02 1.950674419984090718e-02 -1.596031411341760492e-02 -1.216261743427955906e-02 1.254180048867279372e-02 9.829466778702507235e-03 -2.677672912511364302e+03
-1.302057527792689108e-02 1.952612277930549506e-02 -1.596615075192829927e-02 -1.215997096807211117e-02 1.253401663286150824e-02 9.820056616241117781e-03 -2.681929844036275881e+03
-1.304116696594868376e-02 1.954544948200335683e-02 -1.597190864538377761e-02 -1.215724371916146462e-02 1.252613798382348417e-02 9.810567405689517642e-03 -2.686185958811584896e+03
-1.306175440007465403e-02 1.956472425971462689e-02 -1.597758771884863482e-02 -1.215443616862413659e-02 1.251816302006747081e-02 9.801004327151023598e-03 -2.690441256361445539e+03
-1.308233757771553284e-02 1.958394706420726189e-02 -1.598318793494321599e-02 -1.215154795139830601e-02 1.251009370627636889e-02 9.791351223946311369e-03 -2.694695736214563112e+03
-1.310291649623586928e-02 1.960311784746117045e-02 -1.598870921427002559e-02 -1.214857939165325459e-02 1.250192663519421842e-02 9.781620121066600740e-03 -2.698949397891989065e+03
-1.312349115299874316e-02 1.962223656158439480e-02 -1.599415151799865251e-02 -1.214553003340927521e-02 1.249366619787384280e-02 9.771808803013310243e-03 -2.703202240914832601e+03
-1.314406154536970975e-02 1.964130315827950640e-02 -1.599951477507596462e-02 -1.214240014987639192e-02 1.248530732298883984e-02 9.761909566785000048e-03 -2.707454264806208357e+03
-1.316462767071592023e-02 1.966031758930853954e-02 -1.600479894019652197e-02 -1.213918957251751939e-02 1.247685306966861939e-02 9.751933260333389350e-03 -2.711705469091692976e+03
-1.318518952634821148e-02 1.967927980699452767e-02 -1.601000395460544512e-02 -1.213589823162974576e-02 1.246830507693919531e-02 9.741882145556546302e-03 -2.715955853285627654e+03
-1.320574710962866584e-02 1.969818976350301565e-02 -1.601512978518255387e-02 -1.213252587425441530e-02 1.245965780616279175e-02 9.731742687869748831e-03 -2.720205416910981967e+03
-1.322630041791970391e-02 1.971704741073592934e-02 -1.602017636037331855e-02 -1.212907288789568348e-02 1.245091805076002645e-02 9.721538828573531021e-03 -2.724454159488896494e+03
-1.324684944857094059e-02 1.973585270052164234e-02 -1.602514365192654958e-02 -1.212553875701505995e-02 1.244208249686346197e-02 9.711248373463496689e-03 -2.728702080536116682e+03
-1.326739419894242857e-02 1.975460558469224054e-02 -1.603003160476225430e-02 -1.212192401564980183e-02 1.243315119209561365e-02 9.700877438848886161e-03 -2.732949179571941386e+03
-1.328793466636921453e-02 1.977330601500019991e-02 -1.603484018125706304e-02 -1.211822778178907149e-02 1.242412379604139125e-02 9.690432439176933227e-03 -2.737195456111974181e+03
-1.330847084822132410e-02 1.979195394223353874e-02 -1.603956931021383731e-02 -1.211445130869646600e-02 1.241500037791117006e-02 9.679904086921674311e-03 -2.741440909678693970e+03
-1.332900274182881144e-02 1.981054931708588554e-02 -1.604421894260192952e-02 -1.211059366114833162e-02 1.240578524493628383e-02 9.669291233644001712e-03 -2.745685539785668880e+03
-1.334953034454355349e-02 1.982909209024518241e-02 -1.604878902677286251e-02 -1.210665521899893619e-02 1.239646934844852028e-02 9.658588753534654014e-03 -2.749929345950729839e+03
-1.337005365368434777e-02 1.984758221234088349e-02 -1.605327950867831838e-02 -1.210263620903354563e-02 1.238705695482421147e-02 9.647823776274521909e-03 -2.754172327682698779e+03
-1.339057266664875866e-02 1.986601963354023281e-02 -1.605769033469226295e-02 -1.209853640498394743e-02 1.237755141361760770e-02 9.636958857655768609e-03 -2.758414484506010922e+03
-1.341108738076377677e-02 1.988440430420075622e-02 -1.606202146950348394e-02 -1.209435582985267203e-02 1.236794943215490002e-02 9.626034694498917035e-03 -2.762655815929738310e+03
-1.343159779336692942e-02 1.990273617444157997e-02 -1.606627285132355629e-02 -1.209009460613226505e-02 1.235825254686132024e-02 9.615013532981197750e-03 -2.766896321466716472e+03
-1.345210390181020808e-02 1.992101519426460812e-02 -1.607044442169374560e-02 -1.208575279809806502e-02 1.234846018830792515e-02 9.603901074674570104e-03 -2.771136000636759036e+03
-1.347260570334100557e-02 1.993924131407439834e-02 -1.607453610443274061e-02 -1.208133013231943442e-02 1.233856989441211964e-02 9.592733880559407497e-03 -2.775374852940161873e+03
-1.349310319530703899e-02 1.995741448380495761e-02 -1.607854786638366132e-02 -1.207682673537493513e-02 1.232858359255660508e-02 9.581470167024428927e-03 -2.779612877898983243e+03
-1.351359637496767942e-02 1.997553465407353110e-02 -1.608247964587369849e-02 -1.207224259317182108e-02 1.231850546706685090e-02 9.570121434469044952e-03 -2.783850075017362087e+03
-1.353408523961189408e-02 1.999360177558728163e-02 -1.608633139749261753e-02 -1.206757721275361975e-02 1.230832841860973748e-02 9.558704993049255139e-03 -2.788086443806159878e+03
-1.355456978652856866e-02 2.001161579941708110e-02 -1.609010305943562799e-02 -1.206283089049571371e-02 1.229805790167353037e-02 9.547199228396880538e-03 -2.792321983776686466e+03
-1.357505001297238181e-02 2.002957667655421575e-02 -1.609379458084585560e-02 -1.205800345165568277e-02 1.228769302693298246e-02 9.535614791211264457e-03 -2.796556694430425523e+03
-1.359552591624894197e-02 2.004748435764775252e-02 -1.609740590892435111e-02 -1.205309500196026160e-02 1.227723080599439978e-02 9.523954775585341884e-03 -2.800790575278935648e+03
-1.361599749365696201e-02 2.006533879326703740e-02 -1.610093696411726491e-02 -1.204810543778998128e-02 1.226667236648386165e-02 9.512221919571314452e-03 -2.805023625832501693e+03
-1.363646474246609126e-02 2.008313993383774310e-02 -1.610438770776628781e-02 -1.204303469546371894e-02 1.225602252088908717e-02 9.500405034883670566e-03 -2.809255845596535892e+03
-1.365692765993094075e-02 2.010088772927914186e-02 -1.610775808017463062e-02 -1.203788279645779530e-02 1.224527432965561748e-02 9.488508221361357728e-03 -2.813487234071777493e+03
-1.367738624336209408e-02 2.011858212859836056e-02 -1.611104804921827810e-02 -1.203265009963188151e-02 1.223443184431631872e-02 9.476527711370585916e-03 -2.817717790769833300e+03
-1.369784049002138390e-02 2.013622308076591302e-02 -1.611425755539990998e-02 -1.202733631663337709e-02 1.222349248813948790e-02 9.464473770414431192e-03 -2.821947515190635386e+03
-1.371829039720217323e-02 2.015381053479079268e-02 -1.611738653515626396e-02 -1.202194164007856086e-02 1.221245679278440757e-02 9.452337939834456679e-03 -2.826176406840516393e+03
-1.373873596217910914e-02 2.017134443929402901e-02 -1.612043497294660122e-02 -1.201646593659480740e-02 1.220132792882296438e-02 9.440120453324268510e-03 -2.830404465221398368e+03
-1.375917718224358224e-02 2.018882474287556766e-02 -1.612340280178194488e-02 -1.201090943699414763e-02 1.219010168046129848e-02 9.427814057948836340e-03 -2.834631689839171486e+03
-1.377961405464789291e-02 2.020625139425762107e-02 -1.612628998350442225e-02 -1.200527214674001336e-02 1.217878015561555012e-02 9.415428289490816727e-03 -2.838858080191816953e+03
-1.380004657668519423e-02 2.022362434166106310e-02 -1.612909645909988213e-02 -1.199955367158504066e-02 1.216736241012100241e-02 9.402970240846983060e-03 -2.843083635787926141e+03
-1.382047474558209185e-02 2.024094353353993181e-02 -1.613182216695262933e-02 -1.199375441307866733e-02 1.215584922677349043e-02 9.390423452026040035e-03 -2.847308356121320685e+03
-1.384089855861641606e-02 2.025820891843520266e-02 -1.613446705815702042e-02 -1.198787379943832242e-02 1.214424188672908085e-02 9.377799859210828384e-03 -2.851532240697874840e+03
-1.386131801297727818e-02 2.027542044560672399e-02 -1.613703107508543400e-02 -1.198191242349648349e-02 1.213254106829025729e-02 9.365092067756418739e-03 -2.855755289006646308e+03
-1.388173310592314032e-02 2.029257806437819583e-02 -1.613951414634800727e-02 -1.197586995344146303e-02 1.212074601146511006e-02 9.352301654077561574e-03 -2.859977500554904509e+03
-1.390214383462282273e-02 2.030968172460017804e-02 -1.614191621475721469e-02 -1.196974648456035351e-02 1.210885125385921177e-02 9.339426919391971907e-03 -2.864198874833821264e+03
-1.392255019627253003e-02 2.032673137573460381e-02 -1.614423721678785034e-02 -1.196354164870222156e-02 1.209686344434777669e-02 9.326480841506078201e-03 -2.868419411340630177e+03
-1.394295218808330739e-02 2.034372696703842451e-02 -1.614647709429320108e-02 -1.195725574071540911e-02 1.208477887822404298e-02 9.313456358536056218e-03 -2.872639109571359768e+03
-1.396334980730523818e-02 2.036066844742354456e-02 -1.614863578469898434e-02 -1.195088882239061720e-02 1.207259896029546156e-02 9.300350922312444063e-03 -2.876857969025961665e+03
-1.398374305113413499e-02 2.037755576571797372e-02 -1.615071322310838303e-02 -1.194444028511862377e-02 1.206032395991996249e-02 9.287164397553206163e-03 -2.881075989194094745e+03
-1.400413191678291473e-02 2.039438887034018821e-02 -1.615270935504671893e-02 -1.193791049038121430e-02 1.204795354174075829e-02 9.273907098296011592e-03 -2.885293169570985356e+03
-1.402451640145884262e-02 2.041116770924228732e-02 -1.615462414503285316e-02 -1.193129953027425964e-02 1.203548888822849119e-02 9.260570344393356801e-03 -2.889509509650376913e+03
-1.404489650234954333e-02 2.042789223002022814e-02 -1.615645753424515413e-02 -1.192460735880774420e-02 1.202292511521834209e-02 9.247152206776526259e-03 -2.893725008922180223e+03
-1.406527221670280693e-02 2.044456237981975150e-02 -1.615820950581611445e-02 -1.191783390768311884e-02 1.201026921133666395e-02 9.233647885698529484e-03 -2.897939666888717056e+03
-1.408564354168132665e-02 2.046117810589294719e-02 -1.615987999199353792e-02 -1.191097945854900815e-02 1.199751666412444961e-02 9.220063810040441538e-03 -2.902153483031825999e+03
-1.410601047451860018e-02 2.047773935500085338e-02 -1.616146897464260448e-02 -1.190404364579363689e-02 1.198466918645160056e-02 9.206403333710569750e-03 -2.906366456845556058e+03
-1.412637301243608971e-02 2.049424607423800185e-02 -1.616297639405087430e-02 -1.189702677319243347e-02 1.197172735932535911e-02 9.192660668982315791e-03 -2.910578587819758923e+03
-1.414673115264184107e-02 2.051069821058743720e-02 -1.616440221266792973e-02 -1.188992891378075692e-02 1.195869081856963667e-02 9.178823865426071968e-03 -2.914789875442743778e+03
-1.416708489234627492e-02 2.052709571110309522e-02 -1.616574635611511129e-02 -1.188274966375529006e-02 1.194556066933899312e-02 9.164916866826392297e-03 -2.919000319207817938e+03
-1.418743422870259903e-02 2.054343852296679554e-02 -1.616700876793463956e-02 -1.187548941146255796e-02 1.193233440888529472e-02 9.150917783863057528e-03 -2.923209918598799504e+03
-1.420777915886778896e-02 2.055972659347748283e-02 -1.616818937203560666e-02 -1.186814802411822328e-02 1.191900921796618801e-02 9.136843862597469543e-03 -2.927418673102033154e+03
-1.422811967998843102e-02 2.057595987029322074e-02 -1.616928810249477003e-02 -1.186072558233026118e-02 1.190559165699409117e-02 9.122675951439822989e-03 -2.931626582202465215e+03
-1.424845578923617136e-02 2.059213830132303191e-02 -1.617030489509272556e-02 -1.185322186137897395e-02 1.189207953880185020e-02 9.108448389534954531e-03 -2.935833645391604023e+03
-1.426878748369447142e-02 2.060826183470941542e-02 -1.617123970403245431e-02 -1.184563707349166849e-02 1.187846646601025714e-02 9.094142620867424684e-03 -2.940039862143473329e+03
-1.428911476053673288e-02 2.062433041772923983e-02 -1.617209245700280268e-02 -1.183797098741033380e-02 1.186476211302977049e-02 9.079738582642014888e-03 -2.944245231950910693e+03
-1.430943761687441217e-02 2.064034399773609363e-02 -1.617286309331407781e-02 -1.183022346778718654e-02 1.185096086907485614e-02 9.065252942902935623e-03 -2.948449754291444151e+03
-1.432975604987831927e-02 2.065630252181499191e-02 -1.617355154191128450e-02 -1.182239442086603122e-02 1.183706382229032968e-02 9.050699721573990386e-03 -2.952653428654776235e+03
-1.435007005663929171e-02 2.067220593696647221e-02 -1.617415773871185014e-02 -1.181448409747362996e-02 1.182307276521229675e-02 9.036081253523250631e-03 -2.956856254514461398e+03
-1.437037963431344462e-02 2.068805418977371843e-02 -1.617468163900051201e-02 -1.180649222024925636e-02 1.180898491036660308e-02 9.021370008122775799e-03 -2.961058231357604654e+03
-1.439068478002413810e-02 2.070384722654016948e-02 -1.617512321882795881e-02 -1.179841859206180385e-02 1.179480226525165577e-02 9.006572056193228037e-03 -2.965259358660994621e+03
-1.441098549092562769e-02 2.071958499306886248e-02 -1.617548241923256330e-02 -1.179026355165394349e-02 1.178052598018820320e-02 8.991705523114229895e-03 -2.969459635906159747e+03
-1.443128176415597180e-02 2.073526743506703268e-02 -1.617575923319596390e-02 -1.178202724845743218e-02 1.176615403586485017e-02 8.976742411495130733e-03 -2.973659062569867274e+03
-1.445157359688668298e-02 2.075089449783295431e-02 -1.617595359579935416e-02 -1.177370948235509536e-02 1.175168852542769586e-02 8.961702336749463593e-03 -2.977857638136507830e+03
-1.447186098621874514e-02 2.076646612685653995e-02 -1.617606547221430574e-02 -1.176531047670418412e-02 1.173712720996792323e-02 8.946585961298351639e-03 -2.982055362076457641e+03
-1.449214392930748066e-02 2.078198226757455719e-02 -1.617609480530467214e-02 -1.175683021297255215e-02 1.172246955889356609e-02 8.931376933883884706e-03 -2.986252233872252418e+03
-1.451242242328495274e-02 2.079744286567530159e-02 -1.617604153931470612e-02 -1.174826886745063137e-02 1.170771756306648696e-02 8.916090128038584722e-03 -2.990448253001259673e+03
-1.453269646525214356e-02 2.081284786654896690e-02 -1.617590560472497233e-02 -1.173962632614252571e-02 1.169286962075096609e-02 8.900717145356892152e-03 -2.994643418935740101e+03
-1.455296605229545320e-02 2.082819721557121334e-02 -1.617568692592482801e-02 -1.173090248663211967e-02 1.167792659124192688e-02 8.885263614866549184e-03 -2.998837731147210889e+03
-1.457323118152159709e-02 2.084349085838399854e-02 -1.617538545028101085e-02 -1.172209723727145325e-02 1.166288295579365718e-02 8.869734951015693925e-03 -3.003031189113870823e+03
-1.459349184999710926e-02 2.085872874099077567e-02 -1.617500110444781633e-02 -1.171321133356640481e-02 1.164774552838833931e-02 8.854122743674766594e-03 -3.007223792307371241e+03
-1.461374805476521078e-02 2.087391080942537988e-02 -1.617453383957519544e-02 -1.170424370236394958e-02 1.163251147007647937e-02 8.838420774038121402e-03 -3.011415540198052440e+03
-1.463399979289045291e-02 2.088903700940510436e-02 -1.617398358194888086e-02 -1.169519452944144285e-02 1.161718442481120446e-02 8.822639432899957376e-03 -3.015606432261882674e+03
-1.465424706138008203e-02 2.090410728678844879e-02 -1.617335026322435504e-02 -1.168606413561032453e-02 1.160175766494588034e-02 8.806781665724804781e-03 -3.019796467959452457e+03
-1.467448985735177354e-02 2.091912158690644244e-02 -1.617263381815953194e-02 -1.167685204834717147e-02 1.158624249351442904e-02 8.790839626532206269e-03 -3.023985646770996482e+03
-1.469472817785528670e-02 2.093407985549138386e-02 -1.617183417252071251e-02 -1.166755826716376308e-02 1.157062795129441303e-02 8.774825794867652587e-03 -3.028173968160363984e+03
-1.471496201996123736e-02 2.094898203765434286e-02 -1.617095129144505497e-02 -1.165818249016067204e-02 1.155492081128738080e-02 8.758711093136266682e-03 -3.032361431596563307e+03
-1.473519138074468396e-02 2.096382807825808783e-02 -1.616998510280223331e-02 -1.164872511569351246e-02 1.153911612346614386e-02 8.742530715039470435e-03 -3.036548036550495908e+03
-1.475541625722974308e-02 2.097861792190058861e-02 -1.616893559239728634e-02 -1.163918594391743361e-02 1.152321731673208206e-02 8.726258435802911745e-03 -3.040733782481439448e+03
-1.477563664650316869e-02 2.099335151254219309e-02 -1.616780272181230979e-02 -1.162956552373760159e-02 1.150722059336600767e-02 8.709899864439192216e-03 -3.044918668860625075e+03
-1.479585254565009798e-02 2.100802879398308565e-02 -1.616658645733602337e-02 -1.161986354047559421e-02 1.149113189266772091e-02 8.693458414838954249e-03 -3.049102695156517257e+03
-1.481606395173511691e-02 2.102264970976271824e-02 -1.616528675148649896e-02 -1.161008029783402312e-02 1.147494303735716210e-02 8.676944201475991075e-03 -3.053285860833967035e+03
-1.483627086178884898e-02 2.103721420377726442e-02 -1.616390354762795717e-02 -1.160021550463365483e-02 1.145865927942059728e-02 8.660335246793637518e-03 -3.057468165351432162e+03
-1.485647327288889055e-02 2.105172221998602433e-02 -1.616243680856510601e-02 -1.159026967398155833e-02 1.144228094657571797e-02 8.643643211591727979e-03 -3.061649608176765923e+03
-1.487667118206995563e-02 2.106617370219111482e-02 -1.616088646546719187e-02 -1.158024264528307451e-02 1.142580222928085004e-02 8.626866618472759513e-03 -3.065830188769649794e+03
-1.489686458636905152e-02 2.108056859382445927e-02 -1.615925244987682224e-02 -1.157013416527954107e-02 1.140923005561534503e-02 8.609999003901049747e-03 -3.070009906594533732e+03
-1.491705348278143245e-02 2.109490683841470232e-02 -1.615753469413875112e-02 -1.155994434572054676e-02 1.139255975596050949e-02 8.593047524048416999e-03 -3.074188761110468022e+03
-1.493723786829982692e-02 2.110918837973302029e-02 -1.615573313343636117e-02 -1.154967291238110857e-02 1.137579469013878103e-02 8.576009842007374304e-03 -3.078366751775891771e+03
-1.495741773993811662e-02 2.112341316179390180e-02 -1.615384769481744559e-02 -1.153932017528776742e-02 1.135893225032153647e-02 8.558890984717914402e-03 -3.082543878053322715e+03
-1.497759309467585134e-02 2.113758112893297791e-02 -1.615187831118255340e-02 -1.152888607162576642e-02 1.134197377290478009e-02 8.541685562530522413e-03 -3.086720139399526488e+03
-1.499776392947822605e-02 2.115169222556248854e-02 -1.614982491206405288e-02 -1.151836989194859537e-02 1.132491986190957770e-02 8.524395079818175222e-03 -3.090895535268510685e+03
-1.501793024134354115e-02 2.116574639587840909e-02 -1.614768742935917059e-02 -1.150777224645472240e-02 1.130777200705561022e-02 8.507008354155170399e-03 -3.095070065120650725e+03
-1.503809202725039929e-02 2.117974358376431901e-02 -1.614546578074896321e-02 -1.149709261484756738e-02 1.129052581476591190e-02 8.489551518286791651e-03 -3.099243728410645417e+03
-1.505824928417947434e-02 2.119368373268689862e-02 -1.614315991546454512e-02 -1.148633124929901092e-02 1.127318121785736600e-02 8.471993027329569742e-03 -3.103416524592983478e+03
-1.507840200910801239e-02 2.120756678573041884e-02 -1.614076978810015037e-02 -1.147548822685679273e-02 1.125574234468131041e-02 8.454366605351504652e-03 -3.107588453121432849e+03
-1.509855019902654055e-02 2.122139268566479442e-02 -1.613829535183623765e-02 -1.146456331683459728e-02 1.123820546899853383e-02 8.436644066096154679e-03 -3.111759513451000203e+03
-1.511869385091241073e-02 2.123516137463163367e-02 -1.613573658040379569e-02 -1.145355688756714840e-02 1.122057341986130996e-02 8.418822687248460682e-03 -3.115929705031612230e+03
-1.513883296179681023e-02 2.124887279487184047e-02 -1.613309344488187899e-02 -1.144246860130999736e-02 1.120283720367883269e-02 8.400925847309661729e-03 -3.120099027323492010e+03
-1.515896752862451631e-02 2.126252688873814592e-02 -1.613036591490068367e-02 -1.143129906761857460e-02 1.118501121362845685e-02 8.382938765350286120e-03 -3.124267479769142483e+03
-1.517909754839620075e-02 2.127612359827430952e-02 -1.612755394606998210e-02 -1.142004778781531733e-02 1.116708432808905492e-02 8.364839999854212227e-03 -3.128435061824748573e+03
-1.519922301808879217e-02 2.128966286528409524e-02 -1.612465747100181451e-02 -1.140871509314620412e-02 1.114905789764486857e-02 8.346662092327676238e-03 -3.132601772940924093e+03
-1.521934393465975040e-02 2.130314463169392242e-02 -1.612167642953657790e-02 -1.139730130036276448e-02 1.113093298205269574e-02 8.328397042713967316e-03 -3.136767612562963677e+03
-1.523946029509641240e-02 2.131656883906008979e-02 -1.611861078451797338e-02 -1.138580587438180018e-02 1.111271373434066789e-02 8.310030237011534898e-03 -3.140932580142547977e+03
-1.525957209632999509e-02 2.132993542900245287e-02 -1.611546042963754241e-02 -1.137422905306373182e-02 1.109439228699494323e-02 8.291569291872842237e-03 -3.145096675122919351e+03
-1.527967933531164738e-02 2.134324434349368915e-02 -1.611222531676177044e-02 -1.136257037175505968e-02 1.107597662207185710e-02 8.273015580099331301e-03 -3.149259896954551095e+03
-1.529978200895880554e-02 2.135649552495720582e-02 -1.610890535029127490e-02 -1.135083037975066940e-02 1.105746194376044413e-02 8.254363542480800536e-03 -3.153422245082677819e+03
-1.531988011415229972e-02 2.136968891620233055e-02 -1.610550046170313235e-02 -1.133900867505422717e-02 1.103884258149843631e-02 8.235629451202090834e-03 -3.157583718946727458e+03
-1.533997364780820966e-02 2.138282445964180198e-02 -1.610201057605411060e-02 -1.132710544813345446e-02 1.102012970373661069e-02 8.216784752474573517e-03 -3.161744317995417532e+03
-1.536006260679908739e-02 2.139590209773291687e-02 -1.609843562850072837e-02 -1.131512032621104745e-02 1.100131507643446228e-02 8.197848035307746944e-03 -3.165904041666997273e+03
-1.538014698804403280e-02 2.140892177238202035e-02 -1.609477556163342593e-02 -1.130305317239186855e-02 1.098240153516306765e-02 8.178813117294013099e-03 -3.170062889407360217e+03
-1.540022678844401964e-02 2.142188342521722869e-02 -1.609103030161012499e-02 -1.129090433104718363e-02 1.096338618840045180e-02 8.159670735711496009e-03 -3.174220860656956575e+03
-1.542030200487453338e-02 2.143478699772256857e-02 -1.608719979160635680e-02 -1.127867337659184399e-02 1.094427435084216471e-02 8.140440797572024573e-03 -3.178377954850447168e+03
-1.544037263430170226e-02 2.144763243069933503e-02 -1.608328398402323126e-02 -1.126636069047060040e-02 1.092506040730427050e-02 8.121111997074678332e-03 -3.182534171440871432e+03
-1.546043867358206855e-02 2.146041966490599973e-02 -1.607928285468373381e-02 -1.125396578525175890e-02 1.090574171868858785e-02 8.101668383904305284e-03 -3.186689509855958022e+03
-1.548050011964649010e-02 2.147314864083088581e-02 -1.607519638516658605e-02 -1.124148921287613893e-02 1.088632307132740909e-02 8.082112799299670525e-03 -3.190843969537147586e+03
-1.550055696940470969e-02 2.148581929883834965e-02 -1.607102452480875174e-02 -1.122893080913919296e-02 1.086680133021553953e-02 8.062456594016505218e-03 -3.194997549920466099e+03
-1.552060921979991730e-02 2.149843157904719054e-02 -1.606676724557866073e-02 -1.121629107523000254e-02 1.084717964091774615e-02 8.042686937829467142e-03 -3.199150250449184114e+03
-1.554065686769729761e-02 2.151098542172053332e-02 -1.606242449199978342e-02 -1.120356961822585942e-02 1.082745410897700128e-02 8.022811614586023918e-03 -3.203302070549314067e+03
-1.556069991004589530e-02 2.152348076655339476e-02 -1.605799619785727717e-02 -1.119076649560220814e-02 1.080762145446357257e-02 8.002824712491340628e-03 -3.207453009665248373e+03
-1.558073834372697419e-02 2.153591755374356306e-02 -1.605348229924507056e-02 -1.117788171219085032e-02 1.078768714768226465e-02 7.982714659838772292e-03 -3.211603067226777057e+03
-1.560077216563847749e-02 2.154829572319088768e-02 -1.604888272220524048e-02 -1.116491559571993787e-02 1.076764844932376342e-02 7.962480367074838486e-03 -3.215752242671454042e+03
-1.562080137258509312e-02 2.156061521512038157e-02 -1.604419737619320122e-02 -1.115186778973540314e-02 1.074750215832389298e-02 7.942138120609613938e-03 -3.219900535421983932e+03
-1.564082596144975718e-02 2.157287596965110077e-02 -1.603942619910021794e-02 -1.113873836887526413e-02 1.072724911070340251e-02 7.921676709452481896e-03 -3.224047944920254849e+03
-1.566084592902503361e-02 2.158507792757627039e-02 -1.603456911471224863e-02 -1.112552717904208288e-02 1.070688844976475616e-02 7.901075262435984861e-03 -3.228194470588957756e+03
-1.568086127213863881e-02 2.159722102957714954e-02 -1.602962605653080602e-02 -1.111223394735311350e-02 1.068642062373672749e-02 7.880344280567894502e-03 -3.232340111858616183e+03
-1.570087198760114836e-02 2.160930521626280854e-02 -1.602459693826234141e-02 -1.109885883465379017e-02 1.066584121300986725e-02 7.859487353758701222e-03 -3.236484868155357162e+03
-1.572087807228947712e-02 2.162133042774031996e-02 -1.601948168346282314e-02 -1.108540140546516138e-02 1.064515588893279532e-02 7.838489244606025239e-03 -3.240628738917251667e+03
-1.574087952297624493e-02 2.163329660417361022e-02 -1.601428025381167880e-02 -1.107186185408523885e-02 1.062435484395918804e-02 7.817360386479999673e-03 -3.244771723559135353e+03
-1.576087633651479525e-02 2.164520368502905606e-02 -1.600899255221904099e-02 -1.105824029946505214e-02 1.060344301609833333e-02 7.796075014271647632e-03 -3.248913821511232527e+03
-1.578086850974649152e-02 2.165705160943344823e-02 -1.600361856331578014e-02 -1.104453609492918494e-02 1.058241609228972174e-02 7.774646166864253825e-03 -3.253055032199310062e+03
-1.580085603950602199e-02 2.166884031619598083e-02 -1.599815821624012493e-02 -1.103075003178069328e-02 1.056127387634735876e-02 7.753065787220577744e-03 -3.257195355043653308e+03
-1.582083892268913716e-02 2.168056974375569615e-02 -1.599261150199237161e-02 -1.101688152357978116e-02 1.054000747777300573e-02 7.731314293637304123e-03 -3.261334789476288734e+03
-1.584081715611542970e-02 2.169223983078996665e-02 -1.598697837075404790e-02 -1.100293151152297901e-02 1.051862864565746535e-02 7.709401697701938165e-03 -3.265473334911118855e+03
-1.586079073666502026e-02 2.170385051589917083e-02 -1.598125879232623059e-02 -1.098889922868879349e-02 1.049712740528402181e-02 7.687309902331664925e-03 -3.269610990774829133e+03
-1.588075966118359522e-02 2.171540173758802414e-02 -1.597545272075381884e-02 -1.097478524222616179e-02 1.047550055131997795e-02 7.665045033510423274e-03 -3.273747756488424784e+03
-1.590072392648333999e-02 2.172689343393878134e-02 -1.596956008137251359e-02 -1.096058920632993379e-02 1.045374648314424670e-02 7.642561094248000002e-03 -3.277883631467590931e+03
-1.592068352944392418e-02 2.173832554282915247e-02 -1.596358081047803343e-02 -1.094631143262466723e-02 1.043186362244019443e-02 7.619895023651966463e-03 -3.282018615140967086e+03
-1.594063846685078376e-02 2.174969800276362053e-02 -1.595751483020965006e-02 -1.093195155105760631e-02 1.040985385199489840e-02 7.597029899604055246e-03 -3.286152706918167951e+03
-1.596058873552707452e-02 2.176101075201936075e-02 -1.595136206068515500e-02 -1.091750949003063645e-02 1.038770201216931977e-02 7.573912949871625284e-03 -3.290285906219839489e+03
-1.598053433226087963e-02 2.177226372937078255e-02 -1.594512241392371035e-02 -1.090298518978722112e-02 1.036541727253900182e-02 7.550576920062190313e-03 -3.294418212460554059e+03
-1.600047525382225153e-02 2.178345687393745678e-02 -1.593879582645482337e-02 -1.088837868465368681e-02 1.034298625497481403e-02 7.526983124152538188e-03 -3.298549625050464783e+03
-1.602041149704898013e-02 2.179459012437163362e-02 -1.593238219460013996e-02 -1.087368970669237364e-02 1.032041097845483660e-02 7.503143774213537343e-03 -3.302680143414151644e+03
-1.604034305868611357e-02 2.180566341971953981e-02 -1.592588143818716301e-02 -1.085891780674373523e-02 1.029767908786373594e-02 7.479007856590208676e-03 -3.306809766954078441e+03
-1.606026993554696483e-02 2.181667669858945377e-02 -1.591929345603255996e-02 -1.084406279596934058e-02 1.027479518782967519e-02 7.454577437936931936e-03 -3.310938495083308226e+03
-1.608019212443610388e-02 2.182762989944319471e-02 -1.591261818705465292e-02 -1.082912501794736602e-02 1.025174656285688345e-02 7.429835820578476781e-03 -3.315066327210346117e+03
-1.610010962221601616e-02 2.183852296024764786e-02 -1.590585555154163874e-02 -1.081410395255809516e-02 1.022852714870280816e-02 7.404749131190803413e-03 -3.319193262753059116e+03
-1.612002242567156171e-02 2.184935581866358223e-02 -1.589900548762168686e-02 -1.079899968872759415e-02 1.020512791189125135e-02 7.379304563094407632e-03 -3.323319301107375850e+03
-1.613993053170808059e-02 2.186012841175362029e-02 -1.589206794378907397e-02 -1.078381232459322582e-02 1.018154553086017197e-02 7.353455340534268379e-03 -3.327444441689553059e+03
-1.615983393718638944e-02 2.187084067654132893e-02 -1.588504288132225675e-02 -1.076854193494731007e-02 1.015776726373007754e-02 7.327174988881079119e-03 -3.331568683905575199e+03
-1.617973263897994063e-02 2.188149255007423508e-02 -1.587793025600708202e-02 -1.075318768290830541e-02 1.013378418563325341e-02 7.300456729846095325e-03 -3.335692027162545401e+03
-1.619962663392305116e-02 2.189208396988339897e-02 -1.587073001231140146e-02 -1.073775054995442825e-02 1.010958851094615092e-02 7.273220094457568882e-03 -3.339814470856317257e+03
-1.621951591895801070e-02 2.190261487299026769e-02 -1.586344207746789511e-02 -1.072222953498590432e-02 1.008516653833240947e-02 7.245465232251323620e-03 -3.343936014402258479e+03
-1.623940049095029536e-02 2.191308519682949249e-02 -1.585606638110927114e-02 -1.070662493383044492e-02 1.006050721588093270e-02 7.217122281786860633e-03 -3.348056657194425497e+03
-1.625928034681820705e-02 2.192349487856756762e-02 -1.584860283520585569e-02 -1.069093649698616560e-02 1.003559230505499285e-02 7.188165042434565243e-03 -3.352176398635624537e+03
-1.627915548344550586e-02 2.193384385537851256e-02 -1.584105131255609047e-02 -1.067516406830879179e-02 1.001041921838300916e-02 7.158530538003416745e-03 -3.356295238123259878e+03
-1.629902589775637442e-02 2.194413206411707437e-02 -1.583341175597539549e-02 -1.065930727746650791e-02 9.984961564057027311e-03 7.128188542484146725e-03 -3.360413175067039447e+03
-1.631889158653742830e-02 2.195435944265403810e-02 -1.582568404377720020e-02 -1.064336592046404885e-02 9.959215273501674862e-03 7.097062393129687993e-03 -3.364530208850745566e+03
-1.633875254664451590e-02 2.196452592898765627e-02 -1.581786806240398705e-02 -1.062733916744729862e-02 9.933160778372571165e-03 7.065143793710900247e-03 -3.368646338875769743e+03
-1.635860877488121840e-02 2.197463146049427607e-02 -1.580996371100886269e-02 -1.061122732122793226e-02 9.906785487127138523e-03 7.032364595158355908e-03 -3.372761564539015581e+03
-1.637846026798679688e-02 2.198467597403590615e-02 -1.580197087646581858e-02 -1.059503016001214597e-02 9.880085433035477524e-03 6.998724809542315566e-03 -3.376875885231688244e+03
-1.639830702269827120e-02 2.199465940581568635e-02 -1.579388947149243730e-02 -1.057874745953513336e-02 9.853058452609052276e-03 6.964176193646977667e-03 -3.380989300357549837e+03
-1.641814903557950109e-02 2.200458169150698931e-02 -1.578571943154766233e-02 -1.056237895074654647e-02 9.825697752415667521e-03 6.928746227402723772e-03 -3.385101809305443567e+03
-1.643798630315016981e-02 2.201444276525025764e-02 -1.577746075155651156e-02 -1.054592494869821713e-02 9.798019976249431814e-03 6.892483115404074781e-03 -3.389213411479499882e+03
-1.645781882178241201e-02 2.202424256014197737e-02 -1.576911341844189698e-02 -1.052938614307858539e-02 9.770042362279691972e-03 6.855416427829669722e-03 -3.393324106280550950e+03
-1.647764658768699139e-02 2.203398100847383037e-02 -1.576067746195368088e-02 -1.051276248176281902e-02 9.741790101710740696e-03 6.817660484662315182e-03 -3.397433893106504911e+03
-1.649746959700780155e-02 2.204365804139179347e-02 -1.575215291711793558e-02 -1.049605524140892997e-02 9.713305183920255964e-03 6.779347037157422776e-03 -3.401542771369343882e+03
-1.651728784570518152e-02 2.205327358950658068e-02 -1.574353983350405828e-02 -1.047926481303375172e-02 9.684638651788705227e-03 6.740622176315113484e-03 -3.405650740468844560e+03
-1.653710132968967336e-02 2.206282758274664968e-02 -1.573483827869011017e-02 -1.046239227347431008e-02 9.655831164240027964e-03 6.701686336181580939e-03 -3.409757799816750321e+03
-1.655691004479798931e-02 2.207231995078560299e-02 -1.572604830049885438e-02 -1.044543866604653697e-02 9.626950429428038705e-03 6.662701498014890651e-03 -3.413863948819869165e+03
-1.657671398685624242e-02 2.208175062328414373e-02 -1.571716997042100009e-02 -1.042840501656262277e-02 9.598046492728455961e-03 6.623895849153759764e-03 -3.417969186878463461e+03
-1.659651315183805625e-02 2.209111952931189574e-02 -1.570820330275319449e-02 -1.041129196439255673e-02 9.569168375635433640e-03 6.585409206156390971e-03 -3.422073513410580290e+03
-1.661630753566946395e-02 2.210042659955678210e-02 -1.569914833311216243e-02 -1.039410036024125683e-02 9.540366328100189156e-03 6.547418796336760584e-03 -3.426176927804009665e+03
-1.663609713446437613e-02 2.210967176569550441e-02 -1.569000503769293897e-02 -1.037683050443303882e-02 9.511670106411778541e-03 6.510012830891427627e-03 -3.430279429458363666e+03
-1.665588194443927764e-02 2.211885496034559501e-02 -1.568077338227827355e-02 -1.035948321851487899e-02 9.483101181420386383e-03 6.473306818107035093e-03 -3.434381017764133503e+03
-1.667566196196015177e-02 2.212797611674415660e-02 -1.567145330320529606e-02 -1.034205759896604515e-02 9.454680527827791919e-03 6.437318282522198377e-03 -3.438481692114038651e+03
-1.669543718344775399e-02 2.213703516833287824e-02 -1.566204471788443242e-02 -1.032455478236964097e-02 9.426405109517175390e-03 6.402072633597000358e-03 -3.442581451886758259e+03
-1.671520760549295367e-02 2.214603204819190485e-02 -1.565254753432050380e-02 -1.030697374282829593e-02 9.398284440449621024e-03 6.367596428823425227e-03 -3.446680296473383351e+03
-1.673497322467315876e-02 2.215496669030060997e-02 -1.564296170196902147e-02 -1.028931479975731499e-02 9.370304224307136540e-03 6.333849316373347561e-03 -3.450778225245307567e+03
-1.675473403768593800e-02 2.216383902898316424e-02 -1.563328713466773101e-02 -1.027157765941215731e-02 9.342458741641947173e-03 6.300788705020821980e-03 -3.454875237588090840e+03
-1.677449004121455561e-02 2.217264899892442895e-02 -1.562352376433916168e-02 -1.025376191101233861e-02 9.314735103293383597e-03 6.268378311160469583e-03 -3.458971332870964488e+03
-1.679424123203195410e-02 2.218139653437927947e-02 -1.561367152191471194e-02 -1.023586811027542808e-02 9.287118243786531349e-03 6.236586401379111931e-03 -3.463066510472628579e+03
-1.681398760688732757e-02 2.219008156869624326e-02 -1.560373034297802934e-02 -1.021789538992948221e-02 9.259598326551612968e-03 6.205339656196514481e-03 -3.467160769764591350e+03
-1.683372916255188728e-02 2.219870403503907200e-02 -1.559370016103943206e-02 -1.019984406294835791e-02 9.232153863070248836e-03 6.174607938498533587e-03 -3.471254110122551992e+03
-1.685346589575901360e-02 2.220726386656875564e-02 -1.558358091489441509e-02 -1.018171380168434587e-02 9.204782361116874145e-03 6.144341655511932274e-03 -3.475346530915842777e+03
-1.687319780328098290e-02 2.221576099646114036e-02 -1.557337251320656604e-02 -1.016350475087597800e-02 9.177458427673720540e-03 6.114491862118279220e-03 -3.479438031524684448e+03
-1.689292488179672605e-02 2.222419535767548165e-02 -1.556307491055275265e-02 -1.014521657274156108e-02 9.150184585350010225e-03 6.085018724043545803e-03 -3.483528611309928692e+03
-1.691264712805101364e-02 2.223256688300879677e-02 -1.555268802572505778e-02 -1.012684919193187517e-02 9.122935116534280908e-03 6.055899104361870712e-03 -3.487618269648957266e+03
-1.693236453871924466e-02 2.224087550543463881e-02 -1.554221177986349518e-02 -1.010840260417060835e-02 9.095713322845793564e-03 6.027070706526444811e-03 -3.491707005912495333e+03
-1.695207711040053883e-02 2.224912115787585840e-02 -1.553164608410565091e-02 -1.008987661532348944e-02 9.068494901163629690e-03 5.998515837938583374e-03 -3.495794819464541433e+03
-1.697178483968051974e-02 2.225730377334416213e-02 -1.552099084514835074e-02 -1.007127098897423606e-02 9.041284073520601192e-03 5.970214346474647313e-03 -3.499881709671888984e+03
-1.699148772312518776e-02 2.226542328439263044e-02 -1.551024596292803481e-02 -1.005258549776489804e-02 9.014066041595106965e-03 5.942117172075675122e-03 -3.503967675901031726e+03
-1.701118575731025082e-02 2.227347962299287137e-02 -1.549941135021123094e-02 -1.003381952884856675e-02 8.986837065884057882e-03 5.914221826632046555e-03 -3.508052717523682077e+03
-1.703087893877087283e-02 2.228147272105898344e-02 -1.548848690480644774e-02 -1.001497342430369628e-02 8.959588613225865153e-03 5.886496178794669784e-03 -3.512136833903816296e+03
-1.705056726402134903e-02 2.228940251061475863e-02 -1.547747252455691086e-02 -9.996046446026630311e-03 8.932320772450123500e-03 5.858916767439793609e-03 -3.516220024401101909e+03
-1.707025072956673897e-02 2.229726892414394743e-02 -1.546636812713497039e-02 -9.977039121995927295e-03 8.905017066504521822e-03 5.831482373075387235e-03 -3.520302288375741227e+03
-1.708992933192064745e-02 2.230507189337746499e-02 -1.545517365692500832e-02 -9.957950971255333239e-03 8.877680814258487665e-03 5.804170465063335921e-03 -3.524383625192283944e+03
-1.710960306761756186e-02 2.231281134942318320e-02 -1.544388904987291367e-02 -9.938782177681081825e-03 8.850305806757368526e-03 5.776945249271990546e-03 -3.528464034217658536e+03
-1.712927193317513586e-02 2.232048722319640577e-02 -1.543251425725536419e-02 -9.919532416663889157e-03 8.822892499306645223e-03 5.749820727083002417e-03 -3.532543514812817648e+03
-1.714893592508684450e-02 2.232809944513068634e-02 -1.542104925449051464e-02 -9.900202286821415884e-03 8.795433661659073088e-03 5.722789374188288689e-03 -3.536622066331899077e+03
-1.716859503988890992e-02 2.233564794486614033e-02 -1.540949396668015413e-02 -9.880791480610016941e-03 8.767921678057656598e-03 5.695811730722083813e-03 -3.540699688138065085e+03
-1.718824927406953709e-02 2.234313265205938384e-02 -1.539784834700645699e-02 -9.861300473752583964e-03 8.740364385660620225e-03 5.668899698382165279e-03 -3.544776379588168766e+03
-1.720789862412856752e-02 2.235055349644063383e-02 -1.538611236117792304e-02 -9.841728753369425112e-03 8.712751906207918950e-03 5.642030162493265506e-03 -3.548852140044708449e+03
-1.722754308652454588e-02 2.235791040784414208e-02 -1.537428595306004377e-02 -9.822076951667478226e-03 8.685081722659160688e-03 5.615193068219265400e-03 -3.552926968863254842e+03
-1.724718265768038911e-02 2.236520331643696360e-02 -1.536236906999182729e-02 -9.802344497087589134e-03 8.657355735266077448e-03 5.588415234530235733e-03 -3.557000865392425112e+03
-1.726681733411543351e-02 2.237243215218194872e-02 -1.535036165908008725e-02 -9.782531497357298267e-03 8.629570019898476566e-03 5.561639666892720033e-03 -3.561073829004454637e+03
-1.728644711217402347e-02 2.237959684574811203e-02 -1.533826363916811035e-02 -9.762638112509243807e-03 8.601723245616709618e-03 5.534903228767912471e-03 -3.565145859037756054e+03
-1.730607198827601931e-02 2.238669732711091875e-02 -1.532607490749815678e-02 -9.742664096499499202e-03 8.573811542688821591e-03 5.508166618650185004e-03 -3.569216954847460329e+03
-1.732569195880557036e-02 2.239373352578779425e-02 -1.531379541430298932e-02 -9.722609169802325091e-03 8.545834367215558725e-03 5.481432877385978598e-03 -3.573287115782018645e+03
-1.734530702019859358e-02 2.240070537070010595e-02 -1.530142503571974531e-02 -9.702473412191268617e-03 8.517793222458011279e-03 5.454721280702092695e-03 -3.577356341202942986e+03
-1.736491716874936572e-02 2.240761279181436444e-02 -1.528896369385383987e-02 -9.682256672529922573e-03 8.489682113427899149e-03 5.428005769722147635e-03 -3.581424630443542355e+03
-1.738452240085417919e-02 2.241445571864744690e-02 -1.527641129197431641e-02 -9.661958816356700994e-03 8.461499552125252566e-03 5.401284963285283257e-03 -3.585491982859866312e+03
-1.740412271288351020e-02 2.242123408035695195e-02 -1.526376776857475692e-02 -9.641579941766348014e-03 8.433249415773669266e-03 5.374561533368391909e-03 -3.589558397800752118e+03
-1.742371810119279149e-02 2.242794780577857250e-02 -1.525103305289221035e-02 -9.621120014413448232e-03 8.404931268341334430e-03 5.347834349851923567e-03 -3.593623874608669212e+03
-1.744330856212346001e-02 2.243459682323419371e-02 -1.523820712424239950e-02 -9.600579142683668410e-03 8.376536495883574185e-03 5.321095222750691668e-03 -3.597688412623294425e+03
-1.746289409210183968e-02 2.244118106046342695e-02 -1.522528992984075250e-02 -9.579957243744828196e-03 8.348073050589112018e-03 5.294345975516604776e-03 -3.601752011201970618e+03
-1.748247468745882036e-02 2.244770044483117288e-02 -1.521228143486937946e-02 -9.559254483529563279e-03 8.319536782263778699e-03 5.267568878408807748e-03 -3.605814669681758915e+03
-1.750205034454749980e-02 2.245415490291968394e-02 -1.519918159574759099e-02 -9.538471147198458039e-03 8.290927294951233595e-03 5.240765174813244269e-03 -3.609876387403814988e+03
-1.752162105976425369e-02 2.246054436180313155e-02 -1.518599037353967306e-02 -9.517607253392731254e-03 8.262242586939605796e-03 5.213945128448081376e-03 -3.613937163719290766e+03
-1.754118682940324081e-02 2.246686874935006559e-02 -1.517270772112141661e-02 -9.496662791829540637e-03 8.233484570204833985e-03 5.187106078802168271e-03 -3.617996997957839540e+03
-1.756074764985308609e-02 2.247312799310396264e-02 -1.515933356588930990e-02 -9.475637722176286082e-03 8.204651672129439216e-03 5.160228285407702890e-03 -3.622055889468558235e+03
-1.758030351742093447e-02 2.247932202141305486e-02 -1.514586786813430612e-02 -9.454532272578046806e-03 8.175744465055400853e-03 5.133326576154342673e-03 -3.626113837582556243e+03
-1.759985442843202061e-02 2.248545076221597841e-02 -1.513231056228199305e-02 -9.433345931291576072e-03 8.146762058682324725e-03 5.106383996326649584e-03 -3.630170841637197555e+03
-1.761940037920238858e-02 2.249151414293570905e-02 -1.511866157252117482e-02 -9.412079347263837756e-03 8.117697613607501722e-03 5.079402505605950559e-03 -3.634226900972610565e+03
-1.763894136599715792e-02 2.249751209091405135e-02 -1.510492081708163063e-02 -9.390732004477054737e-03 8.088558648269501480e-03 5.052403309481165970e-03 -3.638282014919902849e+03
-1.765847738510719495e-02 2.250344453340750658e-02 -1.509108821227661719e-02 -9.369303951634695357e-03 8.059339601735339073e-03 5.025361923904040837e-03 -3.642336182815246502e+03
-1.767800843277713904e-02 2.250931139742524262e-02 -1.507716366423599366e-02 -9.347795181502019032e-03 8.030042785841797273e-03 4.998288598807553926e-03 -3.646389403985868739e+03
-1.769753450525589009e-02 2.251511260988071569e-02 -1.506314706877138164e-02 -9.326205447505113433e-03 8.000668675498725374e-03 4.971173143519497239e-03 -3.650441677762113159e+03
-1.771705559881353240e-02 2.252084809710445598e-02 -1.504903837024385016e-02 -9.304534558846673520e-03 7.971212458995463254e-03 4.944033178698963200e-03 -3.654493003482334643e+03
-1.773657170962698523e-02 2.252651778546090403e-02 -1.503483749045591428e-02 -9.282782794625712292e-03 7.941682678853787675e-03 4.916834100412487488e-03 -3.658543380464608163e+03
-1.775608283399215948e-02 2.253212160032915662e-02 -1.502054440095423361e-02 -9.260950035978602474e-03 7.912071944900544648e-03 4.889613382059149194e-03 -3.662592808050547319e+03
-1.777558896811591224e-02 2.253765946736500936e-02 -1.500615905052417667e-02 -9.239036348749500582e-03 7.882384590663260582e-03 4.862344300587346027e-03 -3.666641285558025629e+03
-1.779509010827668228e-02 2.254313131172009863e-02 -1.499168141301175997e-02 -9.217041824605837208e-03 7.852618357506892591e-03 4.835029906317167385e-03 -3.670688812317167049e+03
-1.781458625076463506e-02 2.254853705812435646e-02 -1.497711145146046231e-02 -9.194967096820062455e-03 7.822775715527589130e-03 4.807682563736282236e-03 -3.674735387658970922e+03
-1.783407739179256046e-02 2.255387663165616535e-02 -1.496244908920228017e-02 -9.172811650219872201e-03 7.792850486574445269e-03 4.780268575303107947e-03 -3.678781010897424039e+03
-1.785356352762692070e-02 2.255914995723429239e-02 -1.494769428650362213e-02 -9.150575765403061446e-03 7.762844186122581404e-03 4.752826648864843725e-03 -3.682825681360749968e+03
-1.787304465451147739e-02 2.256435695990288703e-02 -1.493284698527420559e-02 -9.128259730012067835e-03 7.732761410536657075e-03 4.725337382304762093e-03 -3.686869398374496541e+03
-1.789252076865819469e-02 2.256949756500768040e-02 -1.491790713046522651e-02 -9.105863394774578110e-03 7.702595192021651632e-03 4.697785752371944588e-03 -3.690912161256921991e+03
-1.791199186625450079e-02 2.257457169839170719e-02 -1.490287465297386940e-02 -9.083386764904331431e-03 7.672350477569539126e-03 4.670204670817660816e-03 -3.694953969318532927e+03
-1.793145794360349182e-02 2.257957928529408936e-02 -1.488774952027447848e-02 -9.060829631836801040e-03 7.642021408481490530e-03 4.642585942571388416e-03 -3.698994821896442772e+03
-1.795091899681905759e-02 2.258452025098733190e-02 -1.487253165741128820e-02 -9.038192369237675605e-03 7.611615616633442619e-03 4.614895941515190399e-03 -3.703034718292443813e+03
-1.797037502207026946e-02 2.258939452004825321e-02 -1.485722098118462224e-02 -9.015474541900138361e-03 7.581133313921883596e-03 4.587172600044502405e-03 -3.707073657825146711e+03
-1.798982601548917287e-02 2.259420201676535372e-02 -1.484181739915572257e-02 -8.992676316599350697e-03 7.550561832264031034e-03 4.559399262211337282e-03 -3.711111639808324526e+03
-1.800927197325721124e-02 2.259894266474812841e-02 -1.482632081936166059e-02 -8.969797251359263104e-03 7.519913548798775986e-03 4.531574664415330064e-03 -3.715148663566958930e+03
-1.802871289144221748e-02 2.260361638845017479e-02 -1.481073116149647997e-02 -8.946837268694799936e-03 7.489185005647176936e-03 4.503709331182115423e-03 -3.719184728399805863e+03
-1.804814876619641878e-02 2.260822311147892352e-02 -1.479504835194974527e-02 -8.923796802998379060e-03 7.458377087849953416e-03 4.475791079286535468e-03 -3.723219833623938484e+03
-1.806757959366414590e-02 2.261276275714306505e-02 -1.477927234764338585e-02 -8.900675351427269483e-03 7.427485765258411490e-03 4.447817522245351742e-03 -3.727253978551533237e+03
-1.808700536997290970e-02 2.261723524854377526e-02 -1.476340308265666409e-02 -8.877473386078223519e-03 7.396520476596306869e-03 4.419788878699460431e-03 -3.731287162487349633e+03
-1.810642609131016961e-02 2.262164050846813060e-02 -1.474744052295736720e-02 -8.854190952522798114e-03 7.365469621225357970e-03 4.391728101485056594e-03 -3.735319384746104333e+03
-1.812584175379379145e-02 2.262597845980647213e-02 -1.473138461426885294e-02 -8.830828383439437088e-03 7.334339529090143708e-03 4.363600915900403727e-03 -3.739350644627866586e+03
-1.814525235360617966e-02 2.263024902464116569e-02 -1.471523532844416608e-02 -8.807385744925646381e-03 7.303131408107600697e-03 4.335417776765995539e-03 -3.743380941446284851e+03
-1.816465788688802555e-02 2.263445212532780304e-02 -1.469899259852802849e-02 -8.783863082725659049e-03 7.271837778399006455e-03 4.307199449631230088e-03 -3.747410274506878068e+03
-1.818405834973602433e-02 2.263858768444023881e-02 -1.468265636896680729e-02 -8.760260271698554896e-03 7.240464834410197462e-03 4.278921758924331999e-03 -3.751438643107119333e+03
-1.820345373826861082e-02 2.264265562450319680e-02 -1.466622658656949879e-02 -8.736577453851498629e-03 7.209011338769577906e-03 4.250599267625640269e-03 -3.755466046550843203e+03
-1.822284404858203269e-02 2.264665586835036201e-02 -1.464970320810215360e-02 -8.712814792402831868e-03 7.177473993531011121e-03 4.222226757117896953e-03 -3.759492484137703286e+03
-1.824222927680131320e-02 2.265058833870928906e-02 -1.463308617668956403e-02 -8.688971737325029351e-03 7.145858511730925587e-03 4.193788429606705621e-03 -3.763517955174533654e+03
-1.826160941900052334e-02 2.265445295828118211e-02 -1.461637546052751979e-02 -8.665048683581340686e-03 7.114165246882898225e-03 4.165304598962853155e-03 -3.767542458960465410e+03
-1.828098447120281300e-02 2.265824964972621564e-02 -1.459957096915992687e-02 -8.641045414606968525e-03 7.082387074721092045e-03 4.136778773003173433e-03 -3.771565994786310057e+03
-1.830035442947282320e-02 2.266197833484358617e-02 -1.458267259214415280e-02 -8.616962171835832601e-03 7.050527732432728192e-03 4.108180322895700100e-03 -3.775588561953934459e+03
-1.831971928982729231e-02 2.266563893499697752e-02 -1.456568025586101392e-02 -8.592798439719384618e-03 7.018591759289974016e-03 4.079539871051607661e-03 -3.779610159754273809e+03
-1.833907904832104627e-02 2.266923137131600374e-02 -1.454859388031481265e-02 -8.568554566948988552e-03 6.986574123795908156e-03 4.050856663338456461e-03 -3.783630787486132249e+03
-1.835843370097243327e-02 2.267275556521754915e-02 -1.453141335307787593e-02 -8.544230326832670183e-03 6.954474686521765203e-03 4.022109757946584242e-03 -3.787650444440765568e+03
-1.837778324376439579e-02 2.267621143765370662e-02 -1.451413863367306822e-02 -8.519825728950332355e-03 6.922294047989658097e-03 3.993313214392012894e-03 -3.791669129901741144e+03
-1.839712767281490371e-02 2.267959890826778957e-02 -1.449676966272397949e-02 -8.495340970850320805e-03 6.890034860080812736e-03 3.964454366948131671e-03 -3.795686843178174058e+03
-1.841646698408756777e-02 2.268291789758159968e-02 -1.447930639757328414e-02 -8.470776597040732131e-03 6.857693066754152328e-03 3.935551499702475385e-03 -3.799703583543798686e+03
-1.843580117364361851e-02 2.268616832580237080e-02 -1.446174877897093633e-02 -8.446131876507636388e-03 6.825268370700174336e-03 3.906618711912243289e-03 -3.803719350291428782e+03
-1.845513023750791279e-02 2.268935011284340178e-02 -1.444409678780561070e-02 -8.421407547314775643e-03 6.792769293151635496e-03 3.877594098336233520e-03 -3.807734142705910017e+03
-1.847445417174455040e-02 2.269246317811322161e-02 -1.442635035947751124e-02 -8.396603372962207004e-03 6.760189287276088983e-03 3.848539909636389863e-03 -3.811747960083658654e+03
-1.849377297227790956e-02 2.269550744144700066e-02 -1.440850945444505440e-02 -8.371719282762125902e-03 6.727529030906301277e-03 3.819428253530438543e-03 -3.815760801694479596e+03
-1.851308663514382447e-02 2.269848282237231854e-02 -1.439057403370291172e-02 -8.346755500299717426e-03 6.694787651484058327e-03 3.790254642818502266e-03 -3.819772666832862342e+03
-1.853239515633370305e-02 2.270138924125899085e-02 -1.437254400957780655e-02 -8.321712035086178960e-03 6.661964766917074371e-03 3.761041903224314042e-03 -3.823783554781105977e+03
-1.855169853184460496e-02 2.270422661823614380e-02 -1.435441934717037078e-02 -8.296588928177136418e-03 6.629066154408638951e-03 3.731759603993916805e-03 -3.827793464820395002e+03
-1.857099675760753854e-02 2.270699487378922965e-02 -1.433620000307169948e-02 -8.271386042368584698e-03 6.596081454389996282e-03 3.702444277325786515e-03 -3.831802396219673938e+03
-1.859028982966608526e-02 2.270969392747133886e-02 -1.431788587751906851e-02 -8.246103772546978933e-03 6.563017131100112520e-03 3.673061390300928764e-03 -3.835810348275955675e+03
-1.860957774389411512e-02 2.271232369908892171e-02 -1.429947691605276683e-02 -8.220741897864586659e-03 6.529875463725023747e-03 3.643616203618938679e-03 -3.839817320253148409e+03
-1.862886049623209764e-02 2.271488410745873751e-02 -1.428097302276407250e-02 -8.195300257219659615e-03 6.496650821271456738e-03 3.614127269531648701e-03 -3.843823311429211572e+03
-1.864813808260007075e-02 2.271737507090238611e-02 -1.426237408785363189e-02 -8.169778810843646502e-03 6.463352259007847621e-03 3.584593283496018828e-03 -3.847828321079906345e+03
-1.866741049893071852e-02 2.271979650734866005e-02 -1.424368004099729051e-02 -8.144177783154569680e-03 6.429967558956782743e-03 3.555010548027241583e-03 -3.851832348484731483e+03
-1.868667774109452479e-02 2.272214833440137222e-02 -1.422489080073898252e-02 -8.118496759771618235e-03 6.396504881702348190e-03 3.525359145310938240e-03 -3.855835392907757068e+03
-1.870593980500886294e-02 2.272443046939214353e-02 -1.420600633636696919e-02 -8.092736156236403702e-03 6.362968945208583374e-03 3.495666688020539550e-03 -3.859837453621858003e+03
-1.872519668657998335e-02 2.272664282990274204e-02 -1.418702659049661009e-02 -8.066895626439252176e-03 6.329345363796067166e-03 3.465920402049693823e-03 -3.863838529897987428e+03
-1.874444838168989186e-02 2.272878533379135702e-02 -1.416795151521191981e-02 -8.040975555524229601e-03 6.295646427181799711e-03 3.436106066583368562e-03 -3.867838620999014893e+03
-1.876369488633860758e-02 2.273085789811923191e-02 -1.414878105603338369e-02 -8.014975933602817154e-03 6.261871442209645221e-03 3.406257014393133595e-03 -3.871837726211098015e+03
-1.878293619634675490e-02 2.273286044062994282e-02 -1.412951519349181506e-02 -7.988896843478305101e-03 6.228015387002173303e-03 3.376347361142809263e-03 -3.875835844781949163e+03
-1.880217230763146091e-02 2.273479287835657517e-02 -1.411015383715329835e-02 -7.962738245716466726e-03 6.194081941148379435e-03 3.346388474086394327e-03 -3.879832975982997141e+03
-1.882140321606756705e-02 2.273665512789490792e-02 -1.409069695908572555e-02 -7.936500592244922353e-03 6.160062697345665590e-03 3.316380292163528028e-03 -3.883829119077693122e+03
-1.884062891750659316e-02 2.273844710632603322e-02 -1.407114449347998154e-02 -7.910183890006701468e-03 6.125967740550258660e-03 3.286306465402100228e-03 -3.887824273322535191e+03
-1.885984940792016784e-02 2.274016873036832295e-02 -1.405149638126211922e-02 -7.883788265048810237e-03 6.091792855943873458e-03 3.256177330788969423e-03 -3.891818437997176261e+03
-1.887906468310934088e-02 2.274181991804108752e-02 -1.403175257602489075e-02 -7.857313668212521224e-03 6.057536964989247014e-03 3.226015685260904490e-03 -3.895811612345200047e+03
-1.889827473893569698e-02 2.274340058683598301e-02 -1.401191302344108845e-02 -7.830760054665241929e-03 6.023202114821261943e-03 3.195796147919462149e-03 -3.899803795630091372e+03
-1.891747957120692991e-02 2.274491065366438317e-02 -1.399197764357121981e-02 -7.804126951244441494e-03 5.988794082927167278e-03 3.165516209060032036e-03 -3.903794987107990892e+03
-1.893667917575414875e-02 2.274635003374715983e-02 -1.397194635782361520e-02 -7.777415403822768823e-03 5.954302989618899707e-03 3.135172729217866085e-03 -3.907785186038712254e+03
-1.895587354834916971e-02 2.274771864239154284e-02 -1.395181906811875788e-02 -7.750624281457097441e-03 5.919734170803573822e-03 3.104797907844224127e-03 -3.911774391672827278e+03
-1.897506268480282990e-02 2.274901639398701006e-02 -1.393159570972038117e-02 -7.723753557579495464e-03 5.885090786900477010e-03 3.074364630602456974e-03 -3.915762603269493411e+03
-1.899424658086191348e-02 2.275024320354290808e-02 -1.391127621890378939e-02 -7.696803450894245009e-03 5.850367874263647135e-03 3.043876218156332455e-03 -3.919749820072795046e+03
-1.901342523231778006e-02 2.275139898629103402e-02 -1.389086049668076042e-02 -7.669774292427033839e-03 5.815569110050424102e-03 3.013334920203017409e-03 -3.923736041336603193e+03
-1.903259863497987550e-02 2.275248365784599686e-02 -1.387034850279579741e-02 -7.642665453751741785e-03 5.780690992848367543e-03 2.982754644590525708e-03 -3.927721266315631510e+03
-1.905176678459494927e-02 2.275349713360790005e-02 -1.384974015770854515e-02 -7.615477647793988426e-03 5.745735785874666636e-03 2.952114372282561589e-03 -3.931705494247714796e+03
-1.907092967698588090e-02 2.275443932788996301e-02 -1.382903542256119778e-02 -7.588210821341753037e-03 5.710699514025506691e-03 2.921415263112079556e-03 -3.935688724384679517e+03
-1.909008730795819925e-02 2.275531015438410007e-02 -1.380823426596752487e-02 -7.560865345766560296e-03 5.675586314427899341e-03 2.890672971161084657e-03 -3.939670955975992911e+03
-1.910923967326686942e-02 2.275610952722456268e-02 -1.378733662062554301e-02 -7.533441473557068654e-03 5.640394133375887555e-03 2.859884550395399433e-03 -3.943652188262200525e+03
-1.912838676865558779e-02 2.275683736003540972e-02 -1.376634245652464013e-02 -7.505938577488703752e-03 5.605123945327464795e-03 2.829039187399888348e-03 -3.947632420482695125e+03
-1.914752858991489864e-02 2.275749356647192509e-02 -1.374525170923839024e-02 -7.478357713269119696e-03 5.569773080446035335e-03 2.798123558285756617e-03 -3.951611651887160860e+03
-1.916666513279167289e-02 2.275807806078771270e-02 -1.372406434355482804e-02 -7.450698386886486779e-03 5.534351122526258958e-03 2.767186732923392154e-03 -3.955589881714901367e+03
-1.918579639300386705e-02 2.275859075750370775e-02 -1.370278029829822934e-02 -7.422960554487865494e-03 5.498845291661991902e-03 2.736179368424842759e-03 -3.959567109200533196e+03
-1.920492236631830829e-02 2.275903157083016340e-02 -1.368139953653928383e-02 -7.395144208415937483e-03 5.463267960571038459e-03 2.705123651128100472e-03 -3.963543333593731859e+03
-1.922404304837486630e-02 2.275940041449834791e-02 -1.365992198339715039e-02 -7.367249041389422465e-03 5.427611037067481617e-03 2.674025123421491790e-03 -3.967518554117266376e+03
-1.924315843491849684e-02 2.275969720103607555e-02 -1.363834756487969369e-02 -7.339275096470817585e-03 5.391882576131354181e-03 2.642876297811145702e-03 -3.971492770017476232e+03
-1.926226852158035782e-02 2.275992184330597606e-02 -1.361667619698462769e-02 -7.311222673820737088e-03 5.356075242715337484e-03 2.611659723886658631e-03 -3.975465980519516052e+03
-1.928137330403244254e-02 2.276007425366284240e-02 -1.359490778307393885e-02 -7.283091505857804647e-03 5.320195104994298631e-03 2.580405692053145284e-03 -3.979438184856099724e+03
-1.930047277793572186e-02 2.276015434477374200e-02 -1.357304220066015733e-02 -7.254881420958202674e-03 5.284232578019457637e-03 2.549089837462573723e-03 -3.983409382258702863e+03
-1.931956693896001026e-02 2.276016202913927824e-02 -1.355107938631746473e-02 -7.226592805788772944e-03 5.248199530176904382e-03 2.517748040392928360e-03 -3.987379571961577767e+03
-1.933865578273719771e-02 2.276009721906694858e-02 -1.352901926534276662e-02 -7.198225564376232316e-03 5.212088956181534262e-03 2.486340046840324666e-03 -3.991348753186769954e+03
-1.935773930494494310e-02 2.275995982581660582e-02 -1.350686178990664725e-02 -7.169780365058214290e-03 5.175895952365922037e-03 2.454876762381902767e-03 -3.995316925161016115e+03
-1.937681750125719998e-02 2.275974976014126863e-02 -1.348460692627316375e-02 -7.141256735513088275e-03 5.139627211844383960e-03 2.423388923135625077e-03 -3.999284087110347173e+03
-1.939589036733179242e-02 2.275946693268173643e-02 -1.346225464843426450e-02 -7.112654757387331175e-03 5.103284078364159378e-03 2.391820775672486542e-03 -4.003250238259789057e+03
-1.941495789883020823e-02 2.275911125415525094e-02 -1.343980491358942771e-02 -7.083975007980633683e-03 5.066863987162007095e-03 2.360220271786373902e-03 -4.007215377837390861e+03
-1.943402009135680036e-02 2.275868263488511553e-02 -1.341725768815444329e-02 -7.055216942611890890e-03 5.030363871162009219e-03 2.328558464334697532e-03 -4.011179505060889824e+03
-1.945307694053554845e-02 2.275818098571379816e-02 -1.339461293333501189e-02 -7.026381418642567607e-03 4.993792020604726628e-03 2.296856931792877997e-03 -4.015142619149127768e+03
-1.947212844199011292e-02 2.275760621756857741e-02 -1.337187060101363914e-02 -6.997467720311966594e-03 4.957146885096311295e-03 2.265105254988096506e-03 -4.019104719320449021e+03
-1.949117459137898398e-02 2.275695824191494368e-02 -1.334903062608014564e-02 -6.968476294848548712e-03 4.920425907699321928e-03 2.233282856730992635e-03 -4.023065804802599359e+03
-1.951021538423062390e-02 2.275623697090971981e-02 -1.332609295060994785e-02 -6.939406370067306186e-03 4.883630080270985087e-03 2.201431733012999912e-03 -4.027025874796192511e+03
-1.952925081621040976e-02 2.275544231525649524e-02 -1.330305749706250582e-02 -6.910259128494874656e-03 4.846761344452525308e-03 2.169535357225152884e-03 -4.030984928533419406e+03
-1.954828088281752863e-02 2.275457418570250162e-02 -1.327992417782407862e-02 -6.881033560906029897e-03 4.809817704295863035e-03 2.137578787780623941e-03 -4.034942965213214848e+03
-1.956730557963284878e-02 2.275363249177473832e-02 -1.325669289102724205e-02 -6.851730453843988752e-03 4.772799655827699751e-03 2.105574668942656723e-03 -4.038899984054729885e+03
-1.958632490217562111e-02 2.275261714315956335e-02 -1.323336353857963200e-02 -6.822349568943191292e-03 4.735705246318350041e-03 2.073528602047772142e-03 -4.042855984264803283e+03
-1.960533884594378370e-02 2.275152804907883131e-02 -1.320993600080987498e-02 -6.792890858692505335e-03 4.698538281461015452e-03 2.041414851335162598e-03 -4.046810965048760409e+03
-1.962434740645251779e-02 2.275036511777632497e-02 -1.318641023229943574e-02 -6.763354303526518223e-03 4.661292155819271588e-03 2.009302298795179707e-03 -4.050764925614178992e+03
-1.964335057924668226e-02 2.274912825688866005e-02 -1.316278616825318146e-02 -6.733740218093898187e-03 4.623972420362712152e-03 1.977109633326356534e-03 -4.054717865170985988e+03
-1.966234835984605883e-02 2.274781737422896730e-02 -1.313906381066158591e-02 -6.704047976513722619e-03 4.586580221941607277e-03 1.944861340362803899e-03 -4.058669782920341731e+03
-1.968134074378497661e-02 2.274643237751674749e-02 -1.311524309629877143e-02 -6.674278071812801867e-03 4.549109211923440567e-03 1.912573259846291280e-03 -4.062620678064726690e+03
-1.970032772660816611e-02 2.274497317398491147e-02 -1.309132401128929382e-02 -6.644430407917205871e-03 4.511565831519527212e-03 1.880248084945575042e-03 -4.066570549809572185e+03
-1.971930930384065486e-02 2.274343967113843720e-02 -1.306730652733045089e-02 -6.614505277596752567e-03 4.473948862876393762e-03 1.847855318114934595e-03 -4.070519397357867092e+03
-1.973828547095484928e-02 2.274183177717366278e-02 -1.304319061283278416e-02 -6.584502837473051734e-03 4.436258714668619638e-03 1.815423638888837270e-03 -4.074467219901140197e+03
-1.975725622352079991e-02 2.274014939993937792e-02 -1.301897618994862955e-02 -6.554423218595607954e-03 4.398495637616428935e-03 1.782940305640497288e-03 -4.078414016650990106e+03
-1.977622155694956640e-02 2.273839244837313339e-02 -1.299466319827992551e-02 -6.524266423022871859e-03 4.360660499171439136e-03 1.750414483191511158e-03 -4.082359786786697441e+03
-1.979518146678735033e-02 2.273656083109574025e-02 -1.297025155154754236e-02 -6.494032766120168450e-03 4.322751477983728663e-03 1.717835237525459609e-03 -4.086304529517647552e+03
-1.981413594845774992e-02 2.273465445715766239e-02 -1.294574118045080380e-02 -6.463722050097155461e-03 4.284769066073944831e-03 1.685204669142825610e-03 -4.090248244027309283e+03
-1.983308499740934691e-02 2.273267323411589172e-02 -1.292113200364321778e-02 -6.433334706814954410e-03 4.246714075474072696e-03 1.652551732099653403e-03 -4.094190929508995850e+03
-1.985202860906033762e-02 2.273061706881515653e-02 -1.289642395765224804e-02 -6.402870351242487962e-03 4.208586339307005507e-03 1.619836948274737528e-03 -4.098132585153751279e+03
-1.987096677882819670e-02 2.272848586717052602e-02 -1.287161691681500651e-02 -6.372329417877833392e-03 4.170389616708963451e-03 1.587077380889278556e-03 -4.102073210156801906e+03
-1.988989950205656207e-02 2.272627953463707620e-02 -1.284671084899007693e-02 -6.341711252017634068e-03 4.132117374829246889e-03 1.554277078840768508e-03 -4.106012803696517949e+03
-1.990882677412596224e-02 2.272399797583567541e-02 -1.282170564945883662e-02 -6.311016062652659991e-03 4.093767934167442946e-03 1.521418579383955602e-03 -4.109951364958516933e+03
-1.992774859042917290e-02 2.272164109526581335e-02 -1.279660128329836860e-02 -6.280243205534472711e-03 4.055353546089741391e-03 1.488522428433862541e-03 -4.113888893126443691e+03
-1.994666494636278958e-02 2.271920879723602835e-02 -1.277139768772916038e-02 -6.249393150895176351e-03 4.016863713725581965e-03 1.455597027031767330e-03 -4.117825387381245491e+03
-1.996557583738321068e-02 2.271670098630030124e-02 -1.274609483843820723e-02 -6.218466033547895115e-03 3.978303244150854789e-03 1.422604793395559159e-03 -4.121760846914750800e+03
-1.998448125885981738e-02 2.271411756774872198e-02 -1.272069270372500928e-02 -6.187461505447591770e-03 3.939670082717848347e-03 1.389553147280088484e-03 -4.125695270897524097e+03
-2.000338120619354551e-02 2.271145844623790114e-02 -1.269519123283909499e-02 -6.156380388384839406e-03 3.900962551378311504e-03 1.356480469325577285e-03 -4.129628658509086563e+03
-2.002227567476725853e-02 2.270872352698592375e-02 -1.266959037281863501e-02 -6.125222533507381981e-03 3.862180997277656069e-03 1.323353625817254341e-03 -4.133561008925346869e+03
-2.004116465998720051e-02 2.270591271508915626e-02 -1.264389007357363988e-02 -6.093988385429065235e-03 3.823329950647025820e-03 1.290176495400220062e-03 -4.137492321328864818e+03
-2.006004815716695699e-02 2.270302591605147247e-02 -1.261809023654546572e-02 -6.062678383709214740e-03 3.784406176190314650e-03 1.256966431868364407e-03 -4.141422594885430044e+03
-2.007892616168966207e-02 2.270006303479154067e-02 -1.259219082487079630e-02 -6.031292659388586865e-03 3.745415369962703904e-03 1.223696866667032005e-03 -4.145351828778437266e+03
-2.009779866882323990e-02 2.269702397673797195e-02 -1.256619174110538799e-02 -5.999830755920664005e-03 3.706347335456672450e-03 1.190389269906421462e-03 -4.149280022169108634e+03
-2.011666567388594590e-02 2.269390864605547176e-02 -1.254009293022872312e-02 -5.968293243082871923e-03 3.667215361598697310e-03 1.157041395599830600e-03 -4.153207174230595228e+03
-2.013552717220207927e-02 2.269071694581941898e-02 -1.251389433310632661e-02 -5.936679561104740190e-03 3.628014871107407280e-03 1.123672040596549598e-03 -4.157133284139311399e+03
-2.015438315897323182e-02 2.268744877917510533e-02 -1.248759592114130450e-02 -5.904990021441038767e-03 3.588739017816192610e-03 1.090229357497274039e-03 -4.161058351045810923e+03
-2.017323362949557594e-02 2.268410404792674598e-02 -1.246119759899735717e-02 -5.873223905924660274e-03 3.549397016040372298e-03 1.056761910601247646e-03 -4.164982374120087115e+03
-2.019207857905715164e-02 2.268068265348310852e-02 -1.243469932160411531e-02 -5.841381549745856133e-03 3.509983199691670691e-03 1.023225338903240977e-03 -4.168905352528656294e+03
-2.021091800289558094e-02 2.267718449760693783e-02 -1.240810097701803769e-02 -5.809462283906196775e-03 3.470505820418471037e-03 9.896547461507570337e-04 -4.172827285428582400e+03
-2.022975189621689651e-02 2.267360948193896178e-02 -1.238140253258315608e-02 -5.777466379032500030e-03 3.430949928354816610e-03 9.560574004810222168e-04 -4.176748171970052681e+03
-2.024858025437866957e-02 2.266995750738377141e-02 -1.235460387575169905e-02 -5.745394142547299507e-03 3.391328038904095100e-03 9.223916967241247355e-04 -4.180668011330789341e+03
-2.026740307259500620e-02 2.266622847664687482e-02 -1.232770499414733226e-02 -5.713245572359595958e-03 3.351631604468770925e-03 8.887103591819966661e-04 -4.184586802654161147e+03
-2.028622034613868433e-02 2.266242229183157431e-02 -1.230070581484590288e-02 -5.681021281300567549e-03 3.311864648563281072e-03 8.549586768384062401e-04 -4.188504545095834146e+03
-2.030503207028716214e-02 2.265853885431801107e-02 -1.227360629896647425e-02 -5.648721456818903662e-03 3.272027750249021597e-03 8.211782520311276205e-04 -4.192421237816243774e+03
-2.032383824026188363e-02 2.265457806551347819e-02 -1.224640639008198369e-02 -5.616346306788538509e-03 3.232124029242299836e-03 7.873474379101295809e-04 -4.196336879968864196e+03
-2.034263885123850299e-02 2.265053982710403882e-02 -1.221910602955804392e-02 -5.583896253494557461e-03 3.192147487369486128e-03 7.534845377567616579e-04 -4.200251470701626204e+03
-2.036143389839506143e-02 2.264642404059258665e-02 -1.219170516729297868e-02 -5.551371418086440725e-03 3.152103520487896555e-03 7.195855405130461213e-04 -4.204165009163978539e+03
-2.038022337691976910e-02 2.264223060674317584e-02 -1.216420372645737880e-02 -5.518771594373816231e-03 3.111992580574287921e-03 6.856413317452555783e-04 -4.208077494506015682e+03
-2.039900728196135729e-02 2.263795942627540997e-02 -1.213660169710824820e-02 -5.486096911564286929e-03 3.071815577179090422e-03 6.516377205753249354e-04 -4.211988925866678983e+03
-2.041778560879042512e-02 2.263361039871729721e-02 -1.210889902420778097e-02 -5.453346849156557111e-03 3.031572424353229812e-03 6.176041279116543633e-04 -4.215899302409673510e+03
-2.043655835246862076e-02 2.262918342458980839e-02 -1.208109565369990153e-02 -5.420521217182150062e-03 2.991257995757472775e-03 5.835257905542049926e-04 -4.219808623254886697e+03
-2.045532550816345913e-02 2.262467840261746591e-02 -1.205319153876490898e-02 -5.387619967506106222e-03 2.950879988814996899e-03 5.494169129621434382e-04 -4.223716887551412583e+03
-2.047408707100133521e-02 2.262009523135638175e-02 -1.202518657768211589e-02 -5.354643336168767379e-03 2.910434645960728855e-03 5.152603603128249558e-04 -4.227624094438360771e+03
-2.049284303606856150e-02 2.261543380998536079e-02 -1.199708067651280435e-02 -5.321591272534338495e-03 2.869919114524230666e-03 4.810670793378898891e-04 -4.231530243044026975e+03
-2.051159339855069402e-02 2.261069403651029888e-02 -1.196887372616047690e-02 -5.288463487784288847e-03 2.829336199583005942e-03 4.468237449513521252e-04 -4.235435332522168210e+03
-2.053033815346143320e-02 2.260587580928777665e-02 -1.194056565352829419e-02 -5.255260535404634135e-03 2.788684589165544084e-03 4.125391364703423123e-04 -4.239339361989230383e+03
-2.054907729594589172e-02 2.260097902636559047e-02 -1.191215640240752237e-02 -5.221982638510197852e-03 2.747963434121913733e-03 3.782259557341040995e-04 -4.243242330586173921e+03
-2.056781082112107625e-02 2.259600358595023964e-02 -1.188364590938003479e-02 -5.188629977217471163e-03 2.707175781796566753e-03 3.438786873810501269e-04 -4.247144237444586906e+03
-2.058653872405696167e-02 2.259094938642914469e-02 -1.185503417124274955e-02 -5.155202728224715127e-03 2.666320917025966249e-03 3.094834658550166631e-04 -4.251045081688354912e+03
-2.060526099992937565e-02 2.258581632469339531e-02 -1.182632112305470780e-02 -5.121701098113552210e-03 2.625398117180224433e-03 2.750377340599532332e-04 -4.254944862468927568e+03
-2.062397764370057021e-02 2.258060429863519014e-02 -1.179750672529933896e-02 -5.088125303906581090e-03 2.584404731893435829e-03 2.405635192408217874e-04 -4.258843578893293852e+03
-2.064268865044892320e-02 2.257531320586652485e-02 -1.176859095900964318e-02 -5.054475686005473895e-03 2.543348508583277452e-03 2.060443464702861171e-04 -4.262741230091013676e+03
-2.066139401522899474e-02 2.256994294406651155e-02 -1.173957376839076736e-02 -5.020752008662752661e-03 2.502224482192611735e-03 1.714898024141301336e-04 -4.266637815182179111e+03
-2.068009373313199617e-02 2.256449341002877973e-02 -1.171045512503781326e-02 -4.986953766665085282e-03 2.461039384342780627e-03 1.368881464819551137e-04 -4.270533333298531943e+03
-2.069878779910360941e-02 2.255896450108312717e-02 -1.168123494313072497e-02 -4.953081529652658341e-03 2.419790854217486464e-03 1.022477132282986853e-04 -4.274427783541240387e+03
-2.071747620826634370e-02 2.255335611313889418e-02 -1.165191319404104350e-02 -4.919134542166185564e-03 2.378476320143191498e-03 6.755578206918712021e-05 -4.278321165049605042e+03
-2.073615895553350408e-02 2.254766814290951049e-02 -1.162248977719369455e-02 -4.885113556131073440e-03 2.337091521963161837e-03 3.285729207290509420e-05 -4.282213476921651818e+03
-2.075483603593895193e-02 2.254190048511623204e-02 -1.159296463450424849e-02 -4.851018320592535502e-03 2.295650511378160945e-03 -1.893623209419889246e-06 -4.286104718286966090e+03
-2.077350744436118682e-02 2.253605303518828318e-02 -1.156333762687120417e-02 -4.816848986985521400e-03 2.254139774278058391e-03 -3.668213114323367507e-05 -4.289994888242172237e+03
-2.079217317579342209e-02 2.253012568823713202e-02 -1.153360870036072676e-02 -4.782605301130318266e-03 2.212569267315228714e-03 -7.150509672484116341e-05 -4.293883985908410978e+03
-2.081083322514128142e-02 2.252411833866243412e-02 -1.150377774622656814e-02 -4.748287519902738389e-03 2.170928260356951630e-03 -1.063564954292047507e-04 -4.297772010388718627e+03
-2.082948758736474434e-02 2.251803087973629561e-02 -1.147384471248291682e-02 -4.713895938819004372e-03 2.129221768079515072e-03 -1.412658365333987955e-04 -4.301658960795479288e+03
-2.084813625740713702e-02 2.251186320575635294e-02 -1.144380954774236805e-02 -4.679430593214496670e-03 2.087448766283063906e-03 -1.761993521254707476e-04 -4.305544836231081717e+03
-2.086677923030710868e-02 2.250561521058191614e-02 -1.141367225168013130e-02 -4.644891818974833213e-03 2.045608478342798939e-03 -2.111660642858340792e-04 -4.309429635815803522e+03
-2.088541650095040308e-02 2.249928678892714612e-02 -1.138343277298786010e-02 -4.610279315722744069e-03 2.003702703559127191e-03 -2.461888804141515712e-04 -4.313313358635298755e+03
-2.090404806431781295e-02 2.249287783443026587e-02 -1.135309109135142387e-02 -4.575593763512905005e-03 1.961734558105651238e-03 -2.812348550507451578e-04 -4.317196003802067935e+03
-2.092267391532640769e-02 2.248638824124297997e-02 -1.132264717748514456e-02 -4.540834965874713212e-03 1.919703564693005498e-03 -3.163303841153628101e-04 -4.321077570417056450e+03
-2.094129404885310478e-02 2.247981790405833777e-02 -1.129210095299158605e-02 -4.506002825346229132e-03 1.877608120807577061e-03 -3.514527876140405922e-04 -4.324958057570350320e+03
-2.095990845977402026e-02 2.247316671663728005e-02 -1.126145239450569366e-02 -4.471097594455237904e-03 1.835451394795423446e-03 -3.866200217763252718e-04 -4.328837464355035991e+03
-2.097851714295781780e-02 2.246643457186471224e-02 -1.123070140860881957e-02 -4.436119430486806445e-03 1.793235583509086980e-03 -4.218093400165728261e-04 -4.332715789867344938e+03
-2.099712009328952994e-02 2.245962136184817548e-02 -1.119984791757617712e-02 -4.401068425452001054e-03 1.750955753144720637e-03 -4.570412556974009057e-04 -4.336593033207120243e+03
-2.101571730559112505e-02 2.245272697865144385e-02 -1.116889188532921295e-02 -4.365944716975284773e-03 1.708614210754254119e-03 -4.923220590438668080e-04 -4.340469193462342446e+03
-2.103430877466019866e-02 2.244575131387100200e-02 -1.113783323253199689e-02 -4.330748164430629418e-03 1.666215136382142529e-03 -5.276238395745712828e-04 -4.344344269719708791e+03
-2.105289449523893922e-02 2.243869425888874239e-02 -1.110667186684825662e-02 -4.295478665317667422e-03 1.623752192295949788e-03 -5.629579559770539173e-04 -4.348218261055959374e+03
-2.107147446215636502e-02 2.243155570485174874e-02 -1.107540770113736930e-02 -4.260136162535330118e-03 1.581225436945372584e-03 -5.983247428998780208e-04 -4.352091166565398453e+03
-2.109004867022586105e-02 2.242433554222368966e-02 -1.104404068501000334e-02 -4.224721071925326664e-03 1.538633859235742640e-03 -6.337300209485433478e-04 -4.355962985334433142e+03
-2.110861711428200019e-02 2.241703366021601321e-02 -1.101257071099576504e-02 -4.189232674621803931e-03 1.495978203726461937e-03 -6.691589167880652696e-04 -4.359833716449012172e+03
-2.112717978910051350e-02 2.240964994910221719e-02 -1.098099778140738080e-02 -4.153671961927779890e-03 1.453259153674981092e-03 -7.046364146439693544e-04 -4.363703358979572840e+03
-2.114573668950525329e-02 2.240218429988803661e-02 -1.094932184307927103e-02 -4.118038640268497155e-03 1.410477127039518486e-03 -7.401418970010424951e-04 -4.367571912005256308e+03
-2.116428781031613748e-02 2.239463660354194460e-02 -1.091754286690698426e-02 -4.082332861905426519e-03 1.367634259057811611e-03 -7.756947184911934653e-04 -4.371439374603867691e+03
-2.118283314634428552e-02 2.238700675069573917e-02 -1.088566081931351126e-02 -4.046554973416082931e-03 1.324725934910418301e-03 -8.112773897395637607e-04 -4.375305745857028342e+03
-2.120137269231032323e-02 2.237929463198111077e-02 -1.085367564043192810e-02 -4.010704558439940476e-03 1.281760270367410378e-03 -8.468933550106833236e-04 -4.379171024835017306e+03
-2.121990644287900796e-02 2.237150013796380260e-02 -1.082158726649627353e-02 -3.974782557253741903e-03 1.238731818163197208e-03 -8.825468565289036876e-04 -4.383035210596653997e+03
-2.123843439286832863e-02 2.236362315737419962e-02 -1.078939563337004241e-02 -3.938788934168268273e-03 1.195649749064711751e-03 -9.182430797800887959e-04 -4.386898302233565119e+03
-2.125695653688668835e-02 2.235566357904849449e-02 -1.075710071385910412e-02 -3.902723782351549733e-03 1.152509981314643606e-03 -9.539706195397794526e-04 -4.390760298794807568e+03
-2.127547286964824591e-02 2.234762129057858357e-02 -1.072470243250464410e-02 -3.866587143573161928e-03 1.109310961590852804e-03 -9.897223699073924314e-04 -4.394621199351927316e+03
-2.129398338580488700e-02 2.233949617972863164e-02 -1.069220074215242351e-02 -3.830379202302429658e-03 1.066053266114831309e-03 -1.025501659332981501e-03 -4.398481002964164873e+03
-2.131248808006828283e-02 2.233128813357559278e-02 -1.065959559563599279e-02 -3.794099743356418950e-03 1.022732254779417553e-03 -1.061315752860795799e-03 -4.402339708705160774e+03
-2.133098694699962425e-02 2.232299704006585409e-02 -1.062688692146996315e-02 -3.757748840138803569e-03 9.793513725028671433e-04 -1.097151069134293761e-03 -4.406197315615532716e+03
-2.134947998132537619e-02 2.231462278648703446e-02 -1.059407462532602033e-02 -3.721326506190935583e-03 9.359119764431538631e-04 -1.133038533729149476e-03 -4.410053822770459192e+03
-2.136796717768665171e-02 2.230616526007887096e-02 -1.056115862986772153e-02 -3.684832031540778100e-03 8.924110459419457410e-04 -1.168931653896095914e-03 -4.413909229220904308e+03
-2.138644853076833788e-02 2.229762434655975512e-02 -1.052813885724593161e-02 -3.648266634778317419e-03 8.488468059929886022e-04 -1.204885934651748081e-03 -4.417763534025694753e+03
-2.140492403512482891e-02 2.228899993273806418e-02 -1.049501525954278126e-02 -3.611629313692470318e-03 8.052252078679475889e-04 -1.240843228423524607e-03 -4.421616736218179540e+03
-2.142339368551492845e-02 2.228029190463674467e-02 -1.046178778540065961e-02 -3.574920693778541655e-03 7.615401614684595916e-04 -1.276847963088069589e-03 -4.425468834876995970e+03
-2.144185747647989193e-02 2.227150015028671326e-02 -1.042845641638272779e-02 -3.538140994873407996e-03 7.178018052838210789e-04 -1.312901004734590323e-03 -4.429319829032509915e+03
-2.146031540263300050e-02 2.226262455675822802e-02 -1.039502108694456868e-02 -3.501290533610551363e-03 6.740052531990404919e-04 -1.348961798202633414e-03 -4.433169717734717779e+03
-2.147876745855921421e-02 2.225366501023223753e-02 -1.036148176593198154e-02 -3.464368997621755826e-03 6.301460567443969898e-04 -1.385089775443365057e-03 -4.437018500032539123e+03
-2.149721363883903488e-02 2.224462139553657486e-02 -1.032783838558251101e-02 -3.427377320539996570e-03 5.862357222462129779e-04 -1.421235945620392179e-03 -4.440866174974987189e+03
-2.151565393798130985e-02 2.223549359710309120e-02 -1.029409089724662128e-02 -3.390315165468480579e-03 5.422660011351540521e-04 -1.457400056556329686e-03 -4.444712741595754778e+03
-2.153408835052980294e-02 2.222628149854622912e-02 -1.026023928021983951e-02 -3.353183626315302604e-03 4.982400936291324963e-04 -1.493613059764278351e-03 -4.448558198934434586e+03
-2.155251687101995134e-02 2.221698498315226311e-02 -1.022628348014474262e-02 -3.315981377473403626e-03 4.541587261518068410e-04 -1.529842717451918846e-03 -4.452402546028902179e+03
-2.157093949393943527e-02 2.220760393491716736e-02 -1.019222349136060697e-02 -3.278709747190517668e-03 4.100203620274802405e-04 -1.566097553469938735e-03 -4.456245781907569835e+03
-2.158935621388632584e-02 2.219813823703578257e-02 -1.015805921852423917e-02 -3.241367843386646751e-03 3.658227781672790087e-04 -1.602392247311849177e-03 -4.460087905625893654e+03
-2.160776702523839465e-02 2.218858777461725842e-02 -1.012379059380623392e-02 -3.203956064228606800e-03 3.215658009286736997e-04 -1.638710592486078465e-03 -4.463928916191570352e+03
-2.162617192250281678e-02 2.217895243104167288e-02 -1.008941749397503779e-02 -3.166474397688518686e-03 2.772548713046422584e-04 -1.675037440225694103e-03 -4.467768812641046679e+03
-2.164457090016949289e-02 2.216923208875789739e-02 -1.005493987321022346e-02 -3.128922088763948142e-03 2.328852778877672444e-04 -1.711433773495831456e-03 -4.471607594001691723e+03
-2.166296395271208319e-02 2.215942662978619832e-02 -1.002035763138643155e-02 -3.091299506922768996e-03 1.884604560328976099e-04 -1.747827552219471297e-03 -4.475445259297038319e+03
-2.168135107464152708e-02 2.214953593667873949e-02 -9.985670718391077838e-03 -3.053607084036161125e-03 1.439805845860319398e-04 -1.784259142654980122e-03 -4.479281807564293558e+03
-2.169973226034594554e-02 2.213955989285779774e-02 -9.950879100511013722e-03 -3.015844537584595059e-03 9.944671956918174236e-05 -1.820735355816750171e-03 -4.483117237814681175e+03
-2.171810750427469530e-02 2.212949838092658980e-02 -9.915982744027990528e-03 -2.978012732198487104e-03 5.484917136435818550e-05 -1.857233791274017897e-03 -4.486951549068620807e+03
-2.173647680085905379e-02 2.211935128301988421e-02 -9.880981606643687160e-03 -2.940111451202647320e-03 1.019878296529712435e-05 -1.893792894555772601e-03 -4.490784740342514851e+03
-2.175484014459363319e-02 2.210911847986050255e-02 -9.845875635637837964e-03 -2.902140835181071972e-03 -3.450224594073553289e-05 -1.930343963672781710e-03 -4.494616810668178914e+03
-2.177319752976929895e-02 2.209879985236243294e-02 -9.810664800218069082e-03 -2.864101259934527435e-03 -7.926691747631080883e-05 -1.966948878463253142e-03 -4.498447759035197123e+03
-2.179154895088933341e-02 2.208839527884530474e-02 -9.775349067250641705e-03 -2.825993307570377755e-03 -1.240833958958328107e-04 -2.003579183403686025e-03 -4.502277584482447310e+03
-2.180989440223023157e-02 2.207790463959155916e-02 -9.739928395276530385e-03 -2.787816573507580654e-03 -1.689531578897967028e-04 -2.040242645344636507e-03 -4.506106285999360807e+03
-2.182823387820984062e-02 2.206732781396477175e-02 -9.704402754966265712e-03 -2.749571510778732811e-03 -2.138753698103202869e-04 -2.076899961129208012e-03 -4.509933862609248536e+03
-2.184656737307554344e-02 2.205666468241841011e-02 -9.668772090413259301e-03 -2.711258305133185890e-03 -2.588548985562635061e-04 -2.113616240108515988e-03 -4.513760313301891983e+03
-2.186489488117351887e-02 2.204591512436716513e-02 -9.633036312688612185e-03 -2.672876753925478282e-03 -3.038861128740041537e-04 -2.150350742319458597e-03 -4.517585637089158809e+03
-2.188321639678829020e-02 2.203507901907901870e-02 -9.597195349824292135e-03 -2.634426396239766734e-03 -3.489685475519668312e-04 -2.187113429237827218e-03 -4.521409832966853173e+03
-2.190153191424830392e-02 2.202415624546784009e-02 -9.561249099539356755e-03 -2.595907791986453144e-03 -3.941043481934279136e-04 -2.223911669381021389e-03 -4.525232899940119751e+03
-2.191984142782708520e-02 2.201314668263746471e-02 -9.525197508702608687e-03 -2.557320535465093352e-03 -4.392929387369205892e-04 -2.260722018002294699e-03 -4.529054837000991029e+03
-2.193814493186556358e-02 2.200205020905730141e-02 -9.489040508245805486e-03 -2.518664290219549233e-03 -4.845387086954179579e-04 -2.297575781084193036e-03 -4.532875643155833131e+03
-2.195644242057620890e-02 2.199086670356212650e-02 -9.452778067375853382e-03 -2.479940000562555567e-03 -5.298351368667442683e-04 -2.334459734236797330e-03 -4.536695317383720976e+03
-2.197473388830676125e-02 2.197959604321672589e-02 -9.416410107409746086e-03 -2.441147302782895392e-03 -5.751908395129483624e-04 -2.371371015398734527e-03 -4.540513858691643691e+03
-2.199301932934820056e-02 2.196823810550998374e-02 -9.379936632794223447e-03 -2.402286780066443302e-03 -6.206016964729582207e-04 -2.408310356092888561e-03 -4.544331266070867969e+03
-2.201129873795662148e-02 2.195679276809033367e-02 -9.343357584546657657e-03 -2.363358417109158709e-03 -6.660679009427750326e-04 -2.445289406189088671e-03 -4.548147538504312251e+03
-2.202957210831494109e-02 2.194525990794916545e-02 -9.306672918281308840e-03 -2.324362330412322892e-03 -7.115886152622533404e-04 -2.482293420195478672e-03 -4.551962674962769597e+03
-2.204783943475986316e-02 2.193363939951837802e-02 -9.269882582738671675e-03 -2.285298836644990977e-03 -7.571622251211730312e-04 -2.519334635369341151e-03 -4.555776674456754336e+03
-2.206610071139101029e-02 2.192193111784484366e-02 -9.232986548395990395e-03 -2.246168531125994090e-03 -8.027829974638742323e-04 -2.556389201288990741e-03 -4.559589535951034122e+03
-2.208435593234541958e-02 2.191013493855905811e-02 -9.195984770624648225e-03 -2.206971764178793007e-03 -8.484555623858194666e-04 -2.593484642233216762e-03 -4.563401258420475642e+03
-2.210260509187974426e-02 2.189825073625911028e-02 -9.158877247183207226e-03 -2.167707722023631475e-03 -8.941751685060691070e-04 -2.630600536861486989e-03 -4.567211840863636098e+03
-2.212084818397224914e-02 2.188627838728300981e-02 -9.121663880554704146e-03 -2.128377680533286281e-03 -9.399500219794854495e-04 -2.667759053091244090e-03 -4.571021282221642650e+03
-2.213908520289965473e-02 2.187421776536865523e-02 -9.084344604721220420e-03 -2.088980430803021125e-03 -9.857703065643153451e-04 -2.704929004244056075e-03 -4.574829581499806409e+03
-2.215731614268962729e-02 2.186206874581272247e-02 -9.046919355696876955e-03 -2.049516811154277786e-03 -1.031646266583250262e-03 -2.742123769548544636e-03 -4.578636737647090740e+03
-2.217554099747231361e-02 2.184983120360863007e-02 -9.009388073418811080e-03 -2.009985920630951838e-03 -1.077570971384564065e-03 -2.779356107308570203e-03 -4.582442749631476545e+03
-2.219375976148955931e-02 2.183750501291463128e-02 -8.971750697013393741e-03 -1.970388524754142050e-03 -1.123547647733613621e-03 -2.816629896943518771e-03 -4.586247616444372397e+03
-2.221197242869025340e-02 2.182509004932534080e-02 -8.934007163673124419e-03 -1.930723857955936838e-03 -1.169580363082350135e-03 -2.853907278340566019e-03 -4.590051337013542252e+03
-2.223017899333068481e-02 2.181258618518212150e-02 -8.896157410384139888e-03 -1.890992792498398046e-03 -1.215667215869957463e-03 -2.891226948222755735e-03 -4.593853910333773456e+03
-2.224837944941691556e-02 2.179999329386934220e-02 -8.858201404296332099e-03 -1.851194955983109314e-03 -1.261809446343470451e-03 -2.928590837331102471e-03 -4.597655335347689288e+03
-2.226657379108356802e-02 2.178731124758038346e-02 -8.820139079516961869e-03 -1.811331223285291524e-03 -1.308004839020299832e-03 -2.965970969116631627e-03 -4.601455611023177880e+03
-2.228476201241510329e-02 2.177453991829500154e-02 -8.781970395907695570e-03 -1.771401368316753754e-03 -1.354251350008968966e-03 -3.003395550001866816e-03 -4.605254736315451737e+03
-2.230294410742287778e-02 2.176167917713187766e-02 -8.743695306115826377e-03 -1.731405551135921936e-03 -1.400547657401215746e-03 -3.040846065083414179e-03 -4.609052710170236423e+03
-2.232112007013488733e-02 2.174872889440685256e-02 -8.705313769557120399e-03 -1.691344637066737044e-03 -1.446892734653436579e-03 -3.078330881496275061e-03 -4.612849531542807199e+03
-2.233928989454834688e-02 2.173568893998273702e-02 -8.666825779983384700e-03 -1.651218239660281941e-03 -1.493288351479305463e-03 -3.115846275471148737e-03 -4.616645199389115078e+03
-2.235745357459729965e-02 2.172255918443948344e-02 -8.628231308109015826e-03 -1.611026863129372006e-03 -1.539728558216431602e-03 -3.153409604492481491e-03 -4.620439712650437286e+03
-2.237561110417313204e-02 2.170933949943233340e-02 -8.589530300586673342e-03 -1.570770703067295984e-03 -1.586220208982598101e-03 -3.190989436255290117e-03 -4.624233070254576887e+03
-2.239376247741082376e-02 2.169602975381012752e-02 -8.550722719877355826e-03 -1.530449386582134492e-03 -1.632759332191052130e-03 -3.228603236771898990e-03 -4.628025271178743424e+03
-2.241190768812637707e-02 2.168262981833948486e-02 -8.511808525232962205e-03 -1.490063491212259691e-03 -1.679352278559605779e-03 -3.266243038110739662e-03 -4.631816314333647824e+03
-2.243004673027288939e-02 2.166913956367854527e-02 -8.472787625817707405e-03 -1.449612269686846502e-03 -1.725996035712900776e-03 -3.303919588383285883e-03 -4.635606198662761926e+03
-2.244817959774685068e-02 2.165555886146767334e-02 -8.433659942982407037e-03 -1.409096279200232034e-03 -1.772688612999845890e-03 -3.341636127231165532e-03 -4.639394923097099309e+03
-2.246630628460131313e-02 2.164188758124971357e-02 -8.394425413333666403e-03 -1.368515162635438806e-03 -1.819439786065780128e-03 -3.379358777217477284e-03 -4.643182486598534524e+03
-2.248442678461573530e-02 2.162812559316599006e-02 -8.355083955015111391e-03 -1.327868935987563124e-03 -1.866237765784588059e-03 -3.417161025278167737e-03 -4.646968888065018291e+03
-2.250254109177447434e-02 2.161427276426033592e-02 -8.315635510944652947e-03 -1.287158136899143549e-03 -1.913094378663658538e-03 -3.454961561856808791e-03 -4.650754126440992877e+03
-2.252064919999766796e-02 2.160032896111375653e-02 -8.276080042063664946e-03 -1.246382463431477093e-03 -1.959999815810624380e-03 -3.492824264639046196e-03 -4.654538200657696507e+03
-2.253875110314542893e-02 2.158629405063877682e-02 -8.236417532954797699e-03 -1.205542658030044068e-03 -2.006956551359166067e-03 -3.530728143108042682e-03 -4.658321109632849584e+03
-2.255684679511019142e-02 2.157216789917263539e-02 -8.196647926602892986e-03 -1.164638821053766600e-03 -2.053963603739006067e-03 -3.568665112998969068e-03 -4.662102852292940952e+03
-2.257493626969366007e-02 2.155795037248835200e-02 -8.156771209507890363e-03 -1.123670779439772281e-03 -2.101023053892844220e-03 -3.606635230727402424e-03 -4.665883427550935266e+03
-2.259301952078988929e-02 2.154364133581856272e-02 -8.116787341525153951e-03 -1.082638801726095584e-03 -2.148132240272453489e-03 -3.644675088882437866e-03 -4.669662834339154870e+03
-2.261109654216335654e-02 2.152924065507759097e-02 -8.076696298807141752e-03 -1.041543834707555922e-03 -2.195292646177245122e-03 -3.682736378712009491e-03 -4.673441071566849132e+03
-2.262916732756290600e-02 2.151474819622057819e-02 -8.036498053949823334e-03 -1.000385499800161447e-03 -2.242506775637743716e-03 -3.720844935813780695e-03 -4.677218138141811323e+03
-2.264723187068973242e-02 2.150016382549268384e-02 -7.996192586806073407e-03 -9.591640159670780088e-04 -2.289768130790379146e-03 -3.759007447115064564e-03 -4.680994032961754783e+03
-2.266529016535612229e-02 2.148548740762582995e-02 -7.955779829150121454e-03 -9.178796523336810219e-04 -2.337085125326392957e-03 -3.797199670928682637e-03 -4.684768754952160634e+03
-2.268334220526414466e-02 2.147071880938397279e-02 -7.915259710188136608e-03 -8.765323657478485278e-04 -2.384451121121325748e-03 -3.835429624556063993e-03 -4.688542303015455218e+03
-2.270138798413687611e-02 2.145585789757759043e-02 -7.874632140459763077e-03 -8.351215243629464850e-04 -2.431870898362551488e-03 -3.873719720043051519e-03 -4.692314676055551899e+03
-2.271942749572023260e-02 2.144090453795161055e-02 -7.833897011654891718e-03 -7.936478899872039146e-04 -2.479344013523417274e-03 -3.912040274132748061e-03 -4.696085872975135317e+03
-2.273746073369640672e-02 2.142585859475590673e-02 -7.793054286446700341e-03 -7.521108720701867416e-04 -2.526872907843483868e-03 -3.950412048573626392e-03 -4.699855892658452831e+03
-2.275548769185255574e-02 2.141071992957833611e-02 -7.752103894809503175e-03 -7.105109194537846196e-04 -2.574458134521004100e-03 -3.988862783998580602e-03 -4.703624734013561465e+03
-2.277350836394623906e-02 2.139548840306683061e-02 -7.711045838727869847e-03 -6.688480373246381621e-04 -2.622094922604067523e-03 -4.027362419018217302e-03 -4.707392395946265424e+03
-2.279152274368344278e-02 2.138016387652231023e-02 -7.669880093595344596e-03 -6.271223915762788115e-04 -2.669790903447138725e-03 -4.065922396050358767e-03 -4.711158877346812915e+03
-2.280953082471655347e-02 2.136474621232983470e-02 -7.628606640369918999e-03 -5.853340127075435306e-04 -2.717544978000057364e-03 -4.104540493131951344e-03 -4.714924177089797013e+03
-2.282753260077484414e-02 2.134923527158720524e-02 -7.587225416706241954e-03 -5.434832729929408484e-04 -2.765356602598834177e-03 -4.143224939886876700e-03 -4.718688294072404460e+03
-2.284552806544073653e-02 2.133363091561718550e-02 -7.545736368405497885e-03 -5.015699987872200257e-04 -2.813226526437268178e-03 -4.181986697078987798e-03 -4.722451227171448409e+03
-2.286351721232651041e-02 2.131793300518232750e-02 -7.504139455936586177e-03 -4.595948938833356416e-04 -2.861157270254999392e-03 -4.220799773589965428e-03 -4.726212975276995166e+03
-2.288150003496036006e-02 2.130214140096952508e-02 -7.462434676867915444e-03 -4.175580912893812760e-04 -2.909137957857317342e-03 -4.259694153922214885e-03 -4.729973537263756953e+03
-2.289947652685338231e-02 2.128625596426946681e-02 -7.420621990594529656e-03 -3.754601171298345180e-04 -2.957181331543657678e-03 -4.298664505151842015e-03 -4.733732911999763019e+03
-2.291744668165204835e-02 2.127027655569701386e-02 -7.378701340866523038e-03 -3.333004532854203991e-04 -3.005283312434484187e-03 -4.337706783490860064e-03 -4.737491098382040036e+03
-2.293541049279996732e-02 2.125420303723552992e-02 -7.336672658205419667e-03 -2.910798277850201862e-04 -3.053450753991303508e-03 -4.376814058978265552e-03 -4.741248095265018492e+03
-2.295336795380884323e-02 2.123803527042284617e-02 -7.294535829940753703e-03 -2.487977260129026116e-04 -3.101676839606420238e-03 -4.416019090670748014e-03 -4.745003901516099177e+03
-2.297131905822365205e-02 2.122177311478685297e-02 -7.252290806070219031e-03 -2.064540132642070467e-04 -3.149966074419443835e-03 -4.455311611298968036e-03 -4.748758516005092133e+03
-2.298926379968304484e-02 2.120541642723565434e-02 -7.209937537861605544e-03 -1.640486750840810290e-04 -3.198323561187796631e-03 -4.494698417125767183e-03 -4.752511937614707676e+03
-2.300720217167738502e-02 2.118896506529344137e-02 -7.167476000701726753e-03 -1.215816283500728605e-04 -3.246753189263637540e-03 -4.534187202146904537e-03 -4.756264165184804369e+03
-2.302513416782887151e-02 2.117241888460177912e-02 -7.124906170229584196e-03 -7.905317600893208268e-05 -3.295255994708323928e-03 -4.573794442469784720e-03 -4.760015197584900307e+03
-2.304305978168316379e-02 2.115577774198373895e-02 -7.082228023486469154e-03 -3.646263334501283914e-05 -3.343829342829751985e-03 -4.613502244445344402e-03 -4.763765033677127576e+03
-2.306097900667594680e-02 2.113904149538592403e-02 -7.039441501542853703e-03 6.189079021794656438e-06 -3.392476539942371368e-03 -4.653353852331584481e-03 -4.767513672308080459e+03
-2.307889183630523755e-02 2.112221000114379924e-02 -6.996546513583177043e-03 4.890222023232720764e-05 -3.441205232719374285e-03 -4.693303414353018274e-03 -4.771261112337517261e+03
-2.309679826394749752e-02 2.110528311518343123e-02 -6.953543006747078987e-03 9.167686325781146069e-05 -3.490006352986954694e-03 -4.733420887390693381e-03 -4.775007352603483014e+03
-2.311469828307850111e-02 2.108826069267991793e-02 -6.910430932467750108e-03 1.345123534926648159e-04 -3.538897378361849713e-03 -4.773671906544158482e-03 -4.778752391968412667e+03
-2.313259188708088887e-02 2.107114258961905601e-02 -6.867210255842167224e-03 1.774088812294687025e-04 -3.587867236209448061e-03 -4.814069681545228921e-03 -4.782496229278125611e+03
-2.315047906926726018e-02 2.105392866288728973e-02 -6.823880957029122667e-03 2.203659595954060471e-04 -3.636928144291358585e-03 -4.854645098277273786e-03 -4.786238863362567827e+03
-2.316835982292495336e-02 2.103661876905191588e-02 -6.780442961824722538e-03 2.633832656875502031e-04 -3.686073017922857856e-03 -4.895381301951957226e-03 -4.789980293049487045e+03
-2.318623414145749156e-02 2.101921276252017787e-02 -6.736896226572219350e-03 3.064613167537818465e-04 -3.735320065455727950e-03 -4.936307481152021025e-03 -4.793720517190962710e+03
-2.320410201821617932e-02 2.100171049820262134e-02 -6.693240678525035244e-03 3.496001417645666523e-04 -3.784664102269731829e-03 -4.977444194252410303e-03 -4.797459534617965801e+03
-2.322196344661148215e-02 2.098411182980136971e-02 -6.649476252151863276e-03 3.928005492964234033e-04 -3.834115700745188791e-03 -5.018788389058294851e-03 -4.801197344161229921e+03
-2.323981842007850906e-02 2.096641660967193260e-02 -6.605602888759241030e-03 4.360622232105028969e-04 -3.883683176744583999e-03 -5.060352119314217960e-03 -4.804933944652944774e+03
-2.325766693193143803e-02 2.094862468988617499e-02 -6.561620545920877727e-03 4.793855225754147225e-04 -3.933369267971351634e-03 -5.102184161138097716e-03 -4.808669334900845570e+03
-2.327550897562635779e-02 2.093073592185873757e-02 -6.517529155931102436e-03 5.227710898421890264e-04 -3.983178649173886934e-03 -5.144267829733911897e-03 -4.812403513743995063e+03
-2.329334454453527159e-02 2.091275015820702465e-02 -6.473328643710886225e-03 5.662186611797909901e-04 -4.033120807309710683e-03 -5.186677967746067958e-03 -4.816136480007955470e+03
-2.331117363201338707e-02 2.089466725122344701e-02 -6.429018930081752820e-03 6.097285362185890902e-04 -4.083206703857367170e-03 -5.229384009733667980e-03 -4.819868232516050739e+03
-2.332899623130204464e-02 2.087648705234347243e-02 -6.384599913765787345e-03 6.533012801758018417e-04 -4.133441002986288151e-03 -5.272452053438505745e-03 -4.823598770064922974e+03
-2.334681233574580766e-02 2.085820941170664009e-02 -6.340071504408304262e-03 6.969367270770897207e-04 -4.183838957996358944e-03 -5.315901124627669776e-03 -4.827328091473014865e+03
-2.336462193860619138e-02 2.083983418041981256e-02 -6.295433596637193228e-03 7.406352971973089849e-04 -4.234412861892642224e-03 -5.359768325947860713e-03 -4.831056195545642368e+03
-2.338242503317732729e-02 2.082136120957249828e-02 -6.250686151350078393e-03 7.843970879544290504e-04 -4.285167396250013153e-03 -5.404077220818290055e-03 -4.834783081097563809e+03
-2.340022161269561529e-02 2.080279035021593420e-02 -6.205829126055179695e-03 8.282220387722426724e-04 -4.336125341666040647e-03 -5.448885006874450328e-03 -4.838508746925931518e+03
-2.341801167036141121e-02 2.078412145379286355e-02 -6.160862430705578430e-03 8.721114449808576750e-04 -4.387296400191824722e-03 -5.494219418178474326e-03 -4.842233191811344113e+03
-2.343579519964168051e-02 2.076535436823795031e-02 -6.115785972018272613e-03 9.160649955679526927e-04 -4.438704907589549435e-03 -5.540134936685562825e-03 -4.845956414588921689e+03
-2.345357219367653900e-02 2.074648894366513605e-02 -6.070599616345365677e-03 9.600844539437093823e-04 -4.490363883688434747e-03 -5.586690287162203797e-03 -4.849678414017783325e+03
-2.347134264583490212e-02 2.072752502829552576e-02 -6.025303258894655796e-03 1.004170721967852231e-03 -4.542301463787954546e-03 -5.634003719731604451e-03 -4.853399188895098632e+03
-2.348910654945996976e-02 2.070846246999660800e-02 -5.979896731988054541e-03 1.048324593566477003e-03 -4.594542881528088443e-03 -5.682032050051281750e-03 -4.857118738001998281e+03
-2.350686389811772886e-02 2.068930111474494293e-02 -5.934379911270742068e-03 1.092547746607453081e-03 -4.647110042594879316e-03 -5.730981528801235014e-03 -4.860837060158519307e+03
-2.352461468503830311e-02 2.067004081220800635e-02 -5.888752616533117663e-03 1.136841446916317519e-03 -4.700041653505331735e-03 -5.780856409173195341e-03 -4.864554154103189830e+03
-2.354235890374093212e-02 2.065068140969180538e-02 -5.843014665126241083e-03 1.181206636413757380e-03 -4.753368868062103972e-03 -5.831811926462171849e-03 -4.868270018633731524e+03
-2.356009654767391229e-02 2.063122275438071529e-02 -5.797165886955076182e-03 1.225645730440366645e-03 -4.807131303537357653e-03 -5.883905644871480906e-03 -4.871984652529596133e+03
-2.357782761021896475e-02 2.061166469296612028e-02 -5.751206099546402398e-03 1.270159799236452716e-03 -4.861370260533967938e-03 -5.937285344924495695e-03 -4.875698054551866335e+03
-2.359555208477915125e-02 2.059200707205702599e-02 -5.705135055914185675e-03 1.314750948395676175e-03 -4.916128206847646294e-03 -5.992081273146613631e-03 -4.879410223460880843e+03
-2.361326996483548851e-02 2.057224973807106685e-02 -5.658952547251289503e-03 1.359420538841367215e-03 -4.971450265493527858e-03 -6.048408068752997128e-03 -4.883121158029880462e+03
-2.363098124381486989e-02 2.055239253809910613e-02 -5.612658405277772683e-03 1.404170817994091457e-03 -5.027387707404083576e-03 -6.106411818005173103e-03 -4.886830857019110226e+03
-2.364868591503262174e-02 2.053243531878860828e-02 -5.566252469550982997e-03 1.449003796712986739e-03 -5.083981500697180335e-03 -6.166206449337676906e-03 -4.890539319172673459e+03
-2.366638397190841056e-02 2.051237792458415407e-02 -5.519734556740929499e-03 1.493920932115472408e-03 -5.141277664329989110e-03 -6.227949621326492845e-03 -4.894246543268413006e+03
-2.368407540748353884e-02 2.049222020053081267e-02 -5.473104515150297757e-03 1.538923482396072724e-03 -5.199310256897052632e-03 -6.291720308432577000e-03 -4.897952528017036457e+03
-2.370176021509433004e-02 2.047196198640610296e-02 -5.426362241480122903e-03 1.584013072446340160e-03 -5.258107372600896896e-03 -6.357596354075063620e-03 -4.901657272219244078e+03
-2.371943838755436254e-02 2.045160312444356879e-02 -5.379507619847675309e-03 1.629190056583295536e-03 -5.317675053675093022e-03 -6.425623616171974653e-03 -4.905360774598238095e+03
-2.373710991758423705e-02 2.043114345435136439e-02 -5.332540700611285329e-03 1.674453093983783438e-03 -5.377995111743922273e-03 -6.495735759122754117e-03 -4.909063033911517778e+03
-2.375477479773658099e-02 2.041058281293460161e-02 -5.285461640867581204e-03 1.719801217600170707e-03 -5.439030037973840298e-03 -6.567834795615027678e-03 -4.912764048948307391e+03
-2.377243301987921539e-02 2.038992103785392321e-02 -5.238270705768007136e-03 1.765230395698457301e-03 -5.500701386261523836e-03 -6.641702922680454806e-03 -4.916463818431009713e+03
-2.379008457587328262e-02 2.036915796248232879e-02 -5.190968297105262065e-03 1.810735143450199584e-03 -5.562898896917747686e-03 -6.717013824472704495e-03 -4.920162341174284848e+03
-2.380772945686102787e-02 2.034829342188441970e-02 -5.143554972719482921e-03 1.856309394582552393e-03 -5.625484262547850688e-03 -6.793391935446479145e-03 -4.923859615921681325e+03
-2.382536765382837693e-02 2.032732724857626641e-02 -5.096031322992066251e-03 1.901944308398488418e-03 -5.688289153574488215e-03 -6.870322382672989538e-03 -4.927555641452186137e+03
-2.384299915766213349e-02 2.030625927385984811e-02 -5.048398009927639388e-03 1.947631761893336413e-03 -5.751128235060357780e-03 -6.947312132958271755e-03 -4.931250416563273575e+03
-2.386062395891255100e-02 2.028508933146287024e-02 -5.000655677844675906e-03 1.993362886095418219e-03 -5.813823126343977028e-03 -7.023842477864867227e-03 -4.934943939988672355e+03
-2.387824204852152105e-02 2.026381725327914066e-02 -4.952804915720283342e-03 2.039129367428692708e-03 -5.876198916455412438e-03 -7.099410632997272229e-03 -4.938636210515205676e+03
-2.389585341760436243e-02 2.024244287193101635e-02 -4.904846310165912951e-03 2.084923882026055303e-03 -5.938104750515614538e-03 -7.173623525665526364e-03 -4.942327226907431395e+03
-2.391345805755783552e-02 2.022096602024777562e-02 -4.856780281107684651e-03 2.130740807279725597e-03 -5.999439217355567212e-03 -7.246116658702832225e-03 -4.946016987913610137e+03
-2.393105596002554139e-02 2.019938653245994392e-02 -4.808607085198542130e-03 2.176575827185684136e-03 -6.060115677028877872e-03 -7.316685547122232791e-03 -4.949705492249843701e+03
-2.394864711721598344e-02 2.017770424180484815e-02 -4.760326835073586289e-03 2.222426561557838427e-03 -6.120087317473679907e-03 -7.385190671813263684e-03 -4.953392738664388162e+03
-2.396623152151135597e-02 2.015591898281356154e-02 -4.711939513858042113e-03 2.268291684771934439e-03 -6.179342429053840194e-03 -7.451572336364044313e-03 -4.957078725862127612e+03
-2.398380916565343371e-02 2.013403058963252751e-02 -4.663445105347695414e-03 2.314171782226936286e-03 -6.237891356708503629e-03 -7.515873107237284328e-03 -4.960763452563126521e+03
-2.400138004251067825e-02 2.011203889790018004e-02 -4.614843449774499312e-03 2.360068230234550497e-03 -6.295747139987791299e-03 -7.578149264439619677e-03 -4.964446917465556908e+03
-2.401894414513112627e-02 2.008994374377911715e-02 -4.566134386356382989e-03 2.405981925583025767e-03 -6.352963138793401784e-03 -7.638487094429655296e-03 -4.968129119277025893e+03
-2.403650146650138444e-02 2.006774496460421789e-02 -4.517317701839181250e-03 2.451915005770736143e-03 -6.409576281492777167e-03 -7.697082436084197454e-03 -4.971810056680679736e+03
-2.405405199974351357e-02 2.004544239636271014e-02 -4.468393180557103314e-03 2.497870051833487280e-03 -6.465641123752262180e-03 -7.753984052588227399e-03 -4.975489728388691219e+03
-2.407159573775402225e-02 2.002303587591706263e-02 -4.419360577924067758e-03 2.543848856673105747e-03 -6.521201514010682015e-03 -7.809378887776775337e-03 -4.979168133062285051e+03
-2.408913267366307245e-02 2.000052523697370618e-02 -4.370219730146498657e-03 2.589853532729083103e-03 -6.576298837041903191e-03 -7.863420297403115461e-03 -4.982845269414998256e+03
-2.410666280020877170e-02 1.997791031482016449e-02 -4.320970404671395718e-03 2.635886137299550246e-03 -6.630994937083418972e-03 -7.916214581737180539e-03 -4.986521136084963473e+03
-2.412418611042565358e-02 1.995519094065904483e-02 -4.271612435351648980e-03 2.681948449511934590e-03 -6.685317015643586769e-03 -7.967885541824362358e-03 -4.990195731786561737e+03
-2.414170259705227667e-02 1.993236694704057788e-02 -4.222145708053043345e-03 2.728041914841483444e-03 -6.739313556750886093e-03 -8.018570528674733369e-03 -4.993869055171970103e+03
-2.415921225289162713e-02 1.990943816433162969e-02 -4.172570111222005142e-03 2.774167461776854728e-03 -6.793021314651982202e-03 -8.068365767854981940e-03 -4.997541104917126177e+03
-2.417671507066923922e-02 1.988640442216793244e-02 -4.122885510924876803e-03 2.820326550819977473e-03 -6.846472049794736191e-03 -8.117371379502356585e-03 -5.001211879692324146e+03
-2.419421104316976309e-02 1.986326554824962773e-02 -4.073091781922183290e-03 2.866520834332350175e-03 -6.899700854545658991e-03 -8.165654274347592875e-03 -5.004881378183602465e+03
-2.421170016296441893e-02 1.984002137101570015e-02 -4.023188761993987464e-03 2.912751029685867795e-03 -6.952732214845784922e-03 -8.213331714428352345e-03 -5.008549599035746724e+03
-2.422918242270098721e-02 1.981667171891268731e-02 -3.973176309222450735e-03 2.959018689618067403e-03 -7.005600667716159989e-03 -8.260455913352206248e-03 -5.012216540917757811e+03
-2.424665781499662706e-02 1.979321642186286298e-02 -3.923054308109301565e-03 3.005324532217951324e-03 -7.058323216998079255e-03 -8.307113384197156378e-03 -5.015882202492358374e+03
-2.426412633240334141e-02 1.976965531078684474e-02 -3.872822634769672312e-03 3.051669955110197872e-03 -7.110939391311073103e-03 -8.353349136799007382e-03 -5.019546582406680500e+03
-2.428158796766336294e-02 1.974598821360209339e-02 -3.822481153484722730e-03 3.098056210246155195e-03 -7.163454494652496569e-03 -8.399270053360640906e-03 -5.023209679353766660e+03
-2.429904271309249117e-02 1.972221495970270452e-02 -3.772029790180886528e-03 3.144484226466078003e-03 -7.215906046029068807e-03 -8.444894434647168616e-03 -5.026871491946719289e+03
-2.431649056118416821e-02 1.969833537629034695e-02 -3.721468471995145137e-03 3.190954689098255640e-03 -7.268307210638031216e-03 -8.490317452729732872e-03 -5.030532018843463447e+03
-2.433393150438723299e-02 1.967434929007758418e-02 -3.670797088452399434e-03 3.237468888425657984e-03 -7.320677643836000399e-03 -8.535559664271533467e-03 -5.034191258686788387e+03
-2.435136553512141575e-02 1.965025652610195850e-02 -3.620015547235371466e-03 3.284026870266481060e-03 -7.373045106574597184e-03 -8.580725884060034364e-03 -5.037849210116754875e+03
-2.436879264585144894e-02 1.962605690719943299e-02 -3.569123826318831069e-03 3.330630172619810161e-03 -7.425421151036470414e-03 -8.625821472223625316e-03 -5.041505871785429918e+03
-2.438621282890310674e-02 1.960175025663829160e-02 -3.518121859201988125e-03 3.377278316158137048e-03 -7.477832699735615166e-03 -8.670950765467587071e-03 -5.045161242316809876e+03
-2.440362607659052677e-02 1.957733639722836899e-02 -3.467009615572406479e-03 3.423972548991253018e-03 -7.530298517428634167e-03 -8.716115276483650184e-03 -5.048815320337423145e+03
-2.442103238118683087e-02 1.955281515095990894e-02 -3.415787020782190195e-03 3.470713483489404599e-03 -7.582842451023367319e-03 -8.761420772578651026e-03 -5.052468104471072365e+03
-2.443843173515913500e-02 1.952818633703660989e-02 -3.364453951627277735e-03 3.517501928520991132e-03 -7.635488388822363366e-03 -8.806915693916181689e-03 -5.056119593374821306e+03
-2.445582413064444419e-02 1.950344977934678412e-02 -3.313010252889060734e-03 3.564339224291886848e-03 -7.688259626712477292e-03 -8.852636126691895355e-03 -5.059769785623190728e+03
-2.447320956016261692e-02 1.947860529896881451e-02 -3.261455809192894458e-03 3.611225997167348718e-03 -7.741183117602985948e-03 -8.898703910425801583e-03 -5.063418679867744686e+03
-2.449058801604571747e-02 1.945365271899515691e-02 -3.209790525448244069e-03 3.658164311932148721e-03 -7.794286891660696763e-03 -8.945141325108743949e-03 -5.067066274714180508e+03
-2.450795949073564586e-02 1.942859186116816655e-02 -3.158014280245219178e-03 3.705155755025301735e-03 -7.847600881605755127e-03 -8.992024793551668324e-03 -5.070712568785618714e+03
-2.452532397645187240e-02 1.940342254797935637e-02 -3.106126986944387179e-03 3.752201663755378499e-03 -7.901149846983531594e-03 -9.039453472288671090e-03 -5.074357560657503200e+03
-2.454268146562806063e-02 1.937814459889736565e-02 -3.054128552424261855e-03 3.799302944327177280e-03 -7.954963281646880088e-03 -9.087482870933942178e-03 -5.078001248964135812e+03
-2.456003195041253986e-02 1.935275783457011609e-02 -3.002018907848598775e-03 3.846460885471965178e-03 -8.009070020602566606e-03 -9.136136643098195786e-03 -5.081643632285095009e+03
-2.457737542301111078e-02 1.932726207266261334e-02 -2.949797995726759388e-03 3.893676149727270941e-03 -8.063480059368915639e-03 -9.185545698582929172e-03 -5.085284709226934865e+03
-2.459471187538622011e-02 1.930165713106487060e-02 -2.897465798626892592e-03 3.940949074383564427e-03 -8.118209013351775777e-03 -9.235668808821000456e-03 -5.088924478376598927e+03
-2.461204129953069655e-02 1.927594282415462379e-02 -2.845022298167197098e-03 3.988278924354335744e-03 -8.173258533682814173e-03 -9.286547611076926070e-03 -5.092562938363391368e+03
-2.462936368693724107e-02 1.925011896827813832e-02 -2.792467573069004009e-03 4.035664711477748683e-03 -8.228610650826891429e-03 -9.338150800698944570e-03 -5.096200087743020958e+03
-2.464667902917709597e-02 1.922418537730060176e-02 -2.739801734024155302e-03 4.083104480111790328e-03 -8.284238857560211403e-03 -9.390393036390351153e-03 -5.099835925133366800e+03
-2.466398731750852474e-02 1.919814186517207477e-02 -2.687024895382356462e-03 4.130594830991671761e-03 -8.340101814057409094e-03 -9.443157619873078848e-03 -5.103470449135348645e+03
-2.468128854288126339e-02 1.917198824572455620e-02 -2.634137220373837171e-03 4.178131726977249091e-03 -8.396121936220003745e-03 -9.496313416819021289e-03 -5.107103658332372106e+03
-2.469858269613520868e-02 1.914572433204045701e-02 -2.581138939044039324e-03 4.225711423968679659e-03 -8.452226750233748573e-03 -9.549592909647115421e-03 -5.110735551319235128e+03
-2.471586976801823723e-02 1.911934993742227251e-02 -2.528030315039986840e-03 4.273328516437213155e-03 -8.508321085321703808e-03 -9.602863873471463238e-03 -5.114366126693132173e+03
-2.473314974934514437e-02 1.909286487474299784e-02 -2.474811639207244365e-03 4.320977701340810231e-03 -8.564309282268495888e-03 -9.655821862859953822e-03 -5.117995383064836460e+03
-2.475042263088095620e-02 1.906626895727124224e-02 -2.421483188597589684e-03 4.368654511948965452e-03 -8.620108483026285226e-03 -9.708263803394656319e-03 -5.121623319016540336e+03
-2.476768840346993752e-02 1.903956199751921999e-02 -2.368045220894636829e-03 4.416354517381884670e-03 -8.675641695259986297e-03 -9.760024879541548057e-03 -5.125249933128292469e+03
-2.478494705797030032e-02 1.901274380880105253e-02 -2.314497933996257067e-03 4.464074933404360915e-03 -8.730848441731203086e-03 -9.810964969286555676e-03 -5.128875223956322770e+03
-2.480219858563493043e-02 1.898581420123729435e-02 -2.260841447344269246e-03 4.511812709555614379e-03 -8.785689667278885964e-03 -9.860963730646297304e-03 -5.132499190090118645e+03
-2.481944297781503092e-02 1.895877298558354407e-02 -2.207075855045295167e-03 4.559566057041500135e-03 -8.840135470954505262e-03 -9.909983518508864997e-03 -5.136121830091224183e+03
-2.483668022604546000e-02 1.893161997089687354e-02 -2.153201211473945113e-03 4.607334218447968303e-03 -8.894179175781089658e-03 -9.957993561174499283e-03 -5.139743142517235356e+03
-2.485391032188662488e-02 1.890435496537490323e-02 -2.099217520834121501e-03 4.655116948699265789e-03 -8.947826498833997416e-03 -1.000501995818033930e-02 -5.143363125900852538e+03
-2.487113325700253397e-02 1.887697777623746284e-02 -2.045124763910132360e-03 4.702914494869163756e-03 -9.001092073738475863e-03 -1.005108839376078408e-02 -5.146981778774156737e+03
-2.488834902314560754e-02 1.884948821039759623e-02 -1.990922856039841014e-03 4.750727090780777588e-03 -9.054000365764662897e-03 -1.009621381199872145e-02 -5.150599099676681362e+03
-2.490555761214123184e-02 1.882188607407468336e-02 -1.936611729216481444e-03 4.798555995853592653e-03 -9.106564311584705237e-03 -1.014051537222206319e-02 -5.154215087152176238e+03
-2.492275901576602309e-02 1.879417117351302874e-02 -1.882191273987729712e-03 4.846402226651633748e-03 -9.158811658135351114e-03 -1.018400529654160495e-02 -5.157829739720606995e+03
-2.493995322570591658e-02 1.876634331586610888e-02 -1.827661407114863695e-03 4.894267108937632241e-03 -9.210762698593820755e-03 -1.022677119320597634e-02 -5.161443055879871281e+03
-2.495714023386083613e-02 1.873840230621618905e-02 -1.773022046638347664e-03 4.942151369881079420e-03 -9.262451456757416282e-03 -1.026883836616309352e-02 -5.165055034185183104e+03
-2.497432003179773236e-02 1.871034795205722689e-02 -1.718273140786284086e-03 4.990056438656363495e-03 -9.313896404908471663e-03 -1.031028820065069129e-02 -5.168665673126114598e+03
-2.499149261123839033e-02 1.868218005960939343e-02 -1.663414617985014936e-03 5.037983373908258740e-03 -9.365119515864672034e-03 -1.035119819895993602e-02 -5.172274971229088806e+03
-2.500865796375298725e-02 1.865389843588172517e-02 -1.608446395574037423e-03 5.085932454851742682e-03 -9.416134374568474810e-03 -1.039159325622509428e-02 -5.175882926996427159e+03
-2.502581608096821758e-02 1.862550288534859863e-02 -1.553368503678259540e-03 5.133905343274269492e-03 -9.466966466732545243e-03 -1.043150457479500096e-02 -5.179489538947354959e+03
-2.504296695432460529e-02 1.859699321226906260e-02 -1.498180890571053532e-03 5.181901738904990187e-03 -9.517624613151377463e-03 -1.047099116824730565e-02 -5.183094805564380295e+03
-2.506011057547284301e-02 1.856836921773837024e-02 -1.442883579300951883e-03 5.229922318029369029e-03 -9.568127233754438604e-03 -1.051009679141174519e-02 -5.186698725377594201e+03
-2.507724693572891198e-02 1.853963070333865260e-02 -1.387476552594414572e-03 5.277966817863075262e-03 -9.618491578482766743e-03 -1.054882881016021810e-02 -5.190301296850677318e+03
-2.509437602666866884e-02 1.851077746614034764e-02 -1.331959779582912295e-03 5.326036146592131801e-03 -9.668725361719374481e-03 -1.058724452325961879e-02 -5.193902518511448761e+03
-2.511149783945858249e-02 1.848180930626138266e-02 -1.276333212372943388e-03 5.374129776464175133e-03 -9.718835107047194347e-03 -1.062535443513876014e-02 -5.197502388800071458e+03
-2.512861236557716038e-02 1.845272602090591157e-02 -1.220596842350051480e-03 5.422248341325692708e-03 -9.768840579472679031e-03 -1.066318999513417645e-02 -5.201100906235225011e+03
-2.514571959618310676e-02 1.842352740990934115e-02 -1.164750661499979563e-03 5.470391517144550068e-03 -9.818740620711537137e-03 -1.070075046157973817e-02 -5.204698069274452791e+03
-2.516281952251868750e-02 1.839421327087279942e-02 -1.108794571644062350e-03 5.518559820837118032e-03 -9.868551569984250482e-03 -1.073809521095900332e-02 -5.208293876401122361e+03
-2.517991213572755987e-02 1.836478340235338236e-02 -1.052728539493734579e-03 5.566753170174050004e-03 -9.918269657607324888e-03 -1.077522341602954112e-02 -5.211888326077771126e+03
-2.519699742724640715e-02 1.833523760061533253e-02 -9.965525852620449321e-04 5.614971941737848145e-03 -9.967914836675081242e-03 -1.081214907645075725e-02 -5.215481416822774918e+03
-2.521407538806674786e-02 1.830557566675772296e-02 -9.402666777530298454e-04 5.663216187077313273e-03 -1.001748309767547945e-02 -1.084889456443435471e-02 -5.219073147050448824e+03
-2.523114600948187305e-02 1.827579739877568943e-02 -8.838708693074327121e-04 5.711486808606799567e-03 -1.006698976563845556e-02 -1.088547074462206145e-02 -5.222663515243065376e+03
-2.524820928267343043e-02 1.824590259395576786e-02 -8.273651496411673408e-04 5.759782845977101488e-03 -1.011644160938726320e-02 -1.092192333903982231e-02 -5.226252519861066503e+03
-2.526526519870278195e-02 1.821589104821757718e-02 -7.707495860572015096e-04 5.808105472247188442e-03 -1.016583627447724750e-02 -1.095824443714444804e-02 -5.229840159340944410e+03
-2.528231374887460886e-02 1.818576255356020924e-02 -7.140242072375393642e-04 5.856453527580505504e-03 -1.021518776530678033e-02 -1.099444212951217366e-02 -5.233426432172554087e+03
-2.529935492411053768e-02 1.815551690449035416e-02 -6.571890360966093974e-04 5.904826951624851140e-03 -1.026449983463236307e-02 -1.103053994903103845e-02 -5.237011336759996084e+03
-2.531638871553998013e-02 1.812515389071420527e-02 -6.002440526499674966e-04 5.953226231628670935e-03 -1.031377756096353918e-02 -1.106653738014408243e-02 -5.240594871564105233e+03
-2.533341511411508346e-02 1.809467330191242770e-02 -5.431892613010381185e-04 6.001650337541740952e-03 -1.036302501293875217e-02 -1.110248273166543863e-02 -5.244177035020418771e+03
-2.535043411061915081e-02 1.806407492954648086e-02 -4.860246049382239649e-04 6.050100262331544604e-03 -1.041224774094500968e-02 -1.113838679021863023e-02 -5.247757825540016711e+03
-2.536744569617480072e-02 1.803335856289319666e-02 -4.287500592258079463e-04 6.098575072294345166e-03 -1.046145741389190205e-02 -1.117421080033375626e-02 -5.251337241603248913e+03
-2.538444986147912058e-02 1.800252399409044829e-02 -3.713655917679801782e-04 6.147074698992010741e-03 -1.051065070621910735e-02 -1.121002117546330418e-02 -5.254915281588318066e+03
-2.540144659749930811e-02 1.797157101061785944e-02 -3.138712041525428161e-04 6.195599337086537921e-03 -1.055984121218000830e-02 -1.124582960101870761e-02 -5.258491943932145659e+03
-2.541843589514426044e-02 1.794049940232836718e-02 -2.562668959536764865e-04 6.244149810812081591e-03 -1.060903620356536646e-02 -1.128163743084826219e-02 -5.262067227046293738e+03
-2.543541774537408026e-02 1.790930896015088813e-02 -1.985526892942665817e-04 6.292725482916156597e-03 -1.065823987314299184e-02 -1.131748600748895550e-02 -5.265641129343691318e+03
-2.545239213921891841e-02 1.787799947327040062e-02 -1.407286011450434239e-04 6.341328123755611036e-03 -1.070747020257790429e-02 -1.135337240159358524e-02 -5.269213649245161832e+03
-2.546935906761105262e-02 1.784657073091960172e-02 -8.279464287273630770e-05 6.389956725330627613e-03 -1.075673540246099846e-02 -1.138935437848439744e-02 -5.272784785150272910e+03
-2.548631852140097187e-02 1.781502252015773266e-02 -2.475082577149586901e-05 6.438612282263518789e-03 -1.080604542738869585e-02 -1.142541419364685208e-02 -5.276354535446640512e+03
-2.550327049144849104e-02 1.778335462646527670e-02 3.340281632923310941e-05 6.487294907239146875e-03 -1.085541162952443142e-02 -1.146160792922051169e-02 -5.279922898528899168e+03
-2.552021496876270834e-02 1.775156683263306306e-02 9.166629294072727138e-05 6.536004621671897760e-03 -1.090484684752771743e-02 -1.149797877175699930e-02 -5.283489872824956365e+03
-2.553715194391613375e-02 1.771965892436899032e-02 1.500396531179076071e-04 6.584741470913809541e-03 -1.095436354212219604e-02 -1.153452945028598728e-02 -5.287055456668310399e+03
-2.555408140778849674e-02 1.768763068287663998e-02 2.085230018779701735e-04 6.633506486470324044e-03 -1.100398138319895469e-02 -1.157133688259217967e-02 -5.290619648463902195e+03
-2.557100335116675727e-02 1.765548188930162604e-02 2.671163860600295073e-04 6.682299789610718875e-03 -1.105371414353838004e-02 -1.160839759671714044e-02 -5.294182446596955742e+03
-2.558791776475860535e-02 1.762321232557279016e-02 3.258198482006407245e-04 6.731121730066146926e-03 -1.110357997900771401e-02 -1.164578817745489693e-02 -5.297743849426409724e+03
-2.560482463926762667e-02 1.759082177331868987e-02 3.846334333458556747e-04 6.779973279092511157e-03 -1.115360365670642860e-02 -1.168350914246894801e-02 -5.301303855298149756e+03
-2.562172396565315716e-02 1.755831001127313579e-02 4.435571352739354134e-04 6.828855171336766818e-03 -1.120380441038569021e-02 -1.172166593890512643e-02 -5.304862462613676144e+03
-2.563861573458332821e-02 1.752567682123412976e-02 5.025910243378058995e-04 6.877768949689733353e-03 -1.125419493485542606e-02 -1.176027164806589705e-02 -5.308419669703996078e+03
-2.565549993680333457e-02 1.749292198474024923e-02 5.617351264089237486e-04 6.926715093123312836e-03 -1.130480451466048947e-02 -1.179933396554007884e-02 -5.311975474916088388e+03
-2.567237656314510716e-02 1.746004528089424926e-02 6.209894554645345368e-04 6.975694109885881809e-03 -1.135564224608356931e-02 -1.183895262190687997e-02 -5.315529876629555474e+03
-2.568924560407852276e-02 1.742704649090090832e-02 6.803539788799114509e-04 7.024706395603481750e-03 -1.140672334767139223e-02 -1.187910668095627786e-02 -5.319082873168118567e+03
-2.570610705011116756e-02 1.739392539208664892e-02 7.398286709120302420e-04 7.073751682544890916e-03 -1.145805409138773295e-02 -1.191985090668594600e-02 -5.322634462897556659e+03
-2.572296089136055786e-02 1.736068176246152728e-02 7.994134522754868218e-04 7.122828723997277379e-03 -1.150961551415492605e-02 -1.196112859372838559e-02 -5.326184644146462233e+03
-2.573980711781155215e-02 1.732731537791034129e-02 8.591081652106072677e-04 7.171935707833939841e-03 -1.156139198798102757e-02 -1.200289389791218790e-02 -5.329733415262454400e+03
-2.575664571918857143e-02 1.729382601209797019e-02 9.189126218542668922e-04 7.221069846281551012e-03 -1.161333707327241727e-02 -1.204509566120982519e-02 -5.333280774585885410e+03
-2.577347668510471257e-02 1.726021343544318840e-02 9.788265522746133259e-04 7.270228231322239248e-03 -1.166540316024893345e-02 -1.208757359268877556e-02 -5.336826720490590560e+03
-2.579030000464164682e-02 1.722647742069801161e-02 1.038849609709084328e-03 7.319406267366529613e-03 -1.171752794354469045e-02 -1.213020380370945575e-02 -5.340371251285664584e+03
-2.580711566689258135e-02 1.719261773881496091e-02 1.098981444254193288e-03 7.368599192009825556e-03 -1.176962237705213993e-02 -1.217279794678466365e-02 -5.343914365315557006e+03
-2.582392366085519211e-02 1.715863416072913733e-02 1.159221643800577945e-03 7.417802709734920390e-03 -1.182161101394462940e-02 -1.221517440830658524e-02 -5.347456060915881608e+03
-2.584072397550305281e-02 1.712452645669407941e-02 1.219569855812800609e-03 7.467011338089464371e-03 -1.187340933961605026e-02 -1.225715464485485975e-02 -5.350996336413540121e+03
-2.585751660006503638e-02 1.709029439544256651e-02 1.280025752580827908e-03 7.516220599124610706e-03 -1.192495609429136856e-02 -1.229860533752998725e-02 -5.354535190159967897e+03
-2.587430152378383461e-02 1.705593774897587109e-02 1.340589072173656261e-03 7.565428029573674149e-03 -1.197619131107247742e-02 -1.233939234442437728e-02 -5.358072620449032911e+03
-2.589107873621733849e-02 1.702145628884148276e-02 1.401259661486436991e-03 7.614630362123668561e-03 -1.202707640032917719e-02 -1.237943777381055564e-02 -5.361608625589793519e+03
-2.590784822707734372e-02 1.698684978556420921e-02 1.462037378398398785e-03 7.663825360134845534e-03 -1.207759523753725549e-02 -1.241868123691187119e-02 -5.365143203878413260e+03
-2.592460998637367148e-02 1.695211800612209108e-02 1.522922088725550249e-03 7.713013146991299675e-03 -1.212773315314682847e-02 -1.245711245728976097e-02 -5.368676353632784412e+03
-2.594136400391679892e-02 1.691726071991378130e-02 1.583913690093534127e-03 7.762192428578213940e-03 -1.217749742116398977e-02 -1.249475370002989250e-02 -5.372208073095694999e+03
-2.595811027001710541e-02 1.688227769096802347e-02 1.645012121374445383e-03 7.811363870872480887e-03 -1.222689336496534350e-02 -1.253160419063888489e-02 -5.375738360588545220e+03
-2.597484877469470252e-02 1.684716868538014764e-02 1.706217343164351643e-03 7.860528034081772433e-03 -1.227593213962629819e-02 -1.256771530073693029e-02 -5.379267214339118254e+03
-2.599157950823526367e-02 1.681193346554948898e-02 1.767529363040169646e-03 7.909685611073299233e-03 -1.232463530826340310e-02 -1.260311305300834683e-02 -5.382794632631284003e+03
-2.600830246072585727e-02 1.677657179483215202e-02 1.828948188981582715e-03 7.958837306282716059e-03 -1.237302251479392191e-02 -1.263782842255753783e-02 -5.386320613717959532e+03
-2.602501762214434397e-02 1.674108343598362802e-02 1.890473862607475837e-03 8.007983363531393992e-03 -1.242112101417597834e-02 -1.267191194158399578e-02 -5.389845155835826517e+03
-2.604172498253972193e-02 1.670546814989469497e-02 1.952106403091990886e-03 8.057124992712367748e-03 -1.246894153436326445e-02 -1.270546881769922358e-02 -5.393368257236628779e+03
-2.605842453192726282e-02 1.666972569827638098e-02 2.013845891376932120e-03 8.106262468982727148e-03 -1.251649289417951054e-02 -1.273847382344655242e-02 -5.396889916175429789e+03
-2.607511626018298861e-02 1.663385584403623274e-02 2.075692363911125701e-03 8.155395379111505388e-03 -1.256381148272056256e-02 -1.277098909470871131e-02 -5.400410130879380631e+03
-2.609180015723645135e-02 1.659785834800909729e-02 2.137645892708962825e-03 8.204524131980391391e-03 -1.261090235307755179e-02 -1.280301229145064910e-02 -5.403928899580549114e+03
-2.610847621305848257e-02 1.656173296998669428e-02 2.199706437605505709e-03 8.253649283675671550e-03 -1.265778009379566957e-02 -1.283463779081519922e-02 -5.407446220525138415e+03
-2.612514441754589314e-02 1.652547946920126035e-02 2.261873889372489031e-03 8.302771716920101866e-03 -1.270445715729495197e-02 -1.286586118754639088e-02 -5.410962091945512839e+03
-2.614180476041462822e-02 1.648909760560314519e-02 2.324148185951348776e-03 8.351891146840886848e-03 -1.275094749115978504e-02 -1.289668532013858900e-02 -5.414476512037988869e+03
-2.615845723162067010e-02 1.645258713498835845e-02 2.386529213969336254e-03 8.401008109251990874e-03 -1.279725740779031999e-02 -1.292715447637070129e-02 -5.417989479060765007e+03
-2.617510182064692464e-02 1.641594781599961875e-02 2.449016848712707792e-03 8.450122766241751487e-03 -1.284339864853072978e-02 -1.295733043007120215e-02 -5.421500991171265014e+03
-2.619173851736434841e-02 1.637917940120523289e-02 2.511611052655776406e-03 8.499235253076303787e-03 -1.288937612714370629e-02 -1.298714371672018628e-02 -5.425011046622864342e+03
-2.620836731123395505e-02 1.634228164582472373e-02 2.574311800034228236e-03 8.548345504372324016e-03 -1.293518933432648461e-02 -1.301671048074537138e-02 -5.428519643586312668e+03
-2.622498819178334731e-02 1.630525430255505559e-02 2.637119050424774867e-03 8.597453345352820686e-03 -1.298085307148621331e-02 -1.304595696078349014e-02 -5.432026780262214743e+03
-2.624160114847483641e-02 1.626809712344466294e-02 2.700032804245332436e-03 8.646557516115458558e-03 -1.302637445805895043e-02 -1.307494097119686095e-02 -5.435532454846521432e+03
-2.625820617078605465e-02 1.623080985857837041e-02 2.763053113278807031e-03 8.695658293656337301e-03 -1.307174749279029803e-02 -1.310367211564656374e-02 -5.439036665545562755e+03
-2.627480324795066630e-02 1.619339225981828931e-02 2.826179937794820376e-03 8.744754575570839669e-03 -1.311698703914171080e-02 -1.313213758325125491e-02 -5.442539410520089405e+03
-2.629139236934858667e-02 1.615584407717749957e-02 2.889413201612963701e-03 8.793846459922705083e-03 -1.316209673100215451e-02 -1.316035878089706103e-02 -5.446040687949771382e+03
-2.630797352439203166e-02 1.611816505968275900e-02 2.952752805042501306e-03 8.842933701294757379e-03 -1.320707011051597095e-02 -1.318834889745031796e-02 -5.449540496008380615e+03
-2.632454670246356376e-02 1.608035495661107317e-02 3.016198612338421171e-03 8.892016477277645339e-03 -1.325191477428364246e-02 -1.321612109926303437e-02 -5.453038832862624076e+03
-2.634111189302312458e-02 1.604241351659612541e-02 3.079750454276299326e-03 8.941093970022994872e-03 -1.329663698584503811e-02 -1.324367840612931946e-02 -5.456535696701140296e+03
-2.635766908523135693e-02 1.600434048944768956e-02 3.143408195894437270e-03 8.990167324009177424e-03 -1.334124056087196593e-02 -1.327100082961787074e-02 -5.460031085656842151e+03
-2.637421826831230082e-02 1.596613562284132648e-02 3.207171715254026993e-03 9.039234934138726599e-03 -1.338571792470792665e-02 -1.329811184395160960e-02 -5.463524997880075716e+03
-2.639075943144065031e-02 1.592779866327907745e-02 3.271040904332675383e-03 9.088297233106614262e-03 -1.343007167006939062e-02 -1.332503340910050869e-02 -5.467017431513942938e+03
-2.640729256388779297e-02 1.588932935408999755e-02 3.335015758061121455e-03 9.137353003766305812e-03 -1.347430765844410093e-02 -1.335173626855640922e-02 -5.470508384727239900e+03
-2.642381765459898488e-02 1.585072743902465539e-02 3.399096218763047062e-03 9.186401488950224348e-03 -1.351842817860974925e-02 -1.337826352362802250e-02 -5.473997855619237271e+03
-2.644033469278566847e-02 1.581199265645677823e-02 3.463282223111722059e-03 9.235442290438199489e-03 -1.356242288007486994e-02 -1.340456968508156946e-02 -5.477485842366585530e+03
-2.645684366722778069e-02 1.577312474889759272e-02 3.527573699768514395e-03 9.284474785141794487e-03 -1.360630340473088437e-02 -1.343070168910575485e-02 -5.480972343055883357e+03
-2.647334456692155766e-02 1.573412345545748686e-02 3.591970595559417206e-03 9.333498552970821011e-03 -1.365007085699591026e-02 -1.345664420202962938e-02 -5.484457355823854414e+03
-2.648983738083855732e-02 1.569498851388132638e-02 3.656472789058460085e-03 9.382513230761018244e-03 -1.369372239208696204e-02 -1.348238168623006744e-02 -5.487940878798271115e+03
-2.650632209779068410e-02 1.565571966469208806e-02 3.721080132148053658e-03 9.431518050473094300e-03 -1.373726263593584920e-02 -1.350794210762588064e-02 -5.491422910055248394e+03
-2.652279870678620269e-02 1.561631664568580505e-02 3.785792454483728493e-03 9.480513383544853304e-03 -1.378068432081256713e-02 -1.353330455005567756e-02 -5.494903447714507820e+03
-2.653926719679377058e-02 1.557677919583274652e-02 3.850609659761216642e-03 9.529497692320837432e-03 -1.382400029825093385e-02 -1.355848987074601691e-02 -5.498382489888969758e+03
-2.655572755660740025e-02 1.553710705568032459e-02 3.915531589396017975e-03 9.578471987257685186e-03 -1.386719372278193835e-02 -1.358348750281676565e-02 -5.501860034659836856e+03
-2.657217977492429273e-02 1.549729996450490734e-02 3.980558123742442868e-03 9.627435075569287098e-03 -1.391027216414225144e-02 -1.360833761602716317e-02 -5.505336080094903082e+03
-2.658862384071876070e-02 1.545735765634648380e-02 4.045689197619044275e-03 9.676385755494875882e-03 -1.395324356099377112e-02 -1.363297212021649316e-02 -5.508810624322721196e+03
-2.660505974260144596e-02 1.541727986545800982e-02 4.110924701694476137e-03 9.725323696957981906e-03 -1.399609792937654869e-02 -1.365741638637647977e-02 -5.512283665393901174e+03
-2.662148746925389539e-02 1.537706632187948660e-02 4.176264538359229436e-03 9.774248138002504527e-03 -1.403882798487241131e-02 -1.368170831755416601e-02 -5.515755201370374380e+03
-2.663790700945109502e-02 1.533671675290870264e-02 4.241708581748980002e-03 9.823158940843092907e-03 -1.408144398409407784e-02 -1.370581837404423638e-02 -5.519225230347430625e+03
-2.665431835165927091e-02 1.529623088992398960e-02 4.307256644653234198e-03 9.872054589053606138e-03 -1.412395565847167356e-02 -1.372973614889328592e-02 -5.522693750365332562e+03
-2.667072148444837865e-02 1.525560846231674948e-02 4.372908625489568130e-03 9.920935652311155262e-03 -1.416634586389884341e-02 -1.375349166714737691e-02 -5.526160759485909693e+03
-2.668711639625134455e-02 1.521484919932627848e-02 4.438664459087232790e-03 9.969802487259937090e-03 -1.420861739560299111e-02 -1.377705555529120177e-02 -5.529626255742960893e+03
-2.670350307557852604e-02 1.517395282839554410e-02 4.504523981340313558e-03 1.001865261132425106e-02 -1.425078327776140193e-02 -1.380045072817666536e-02 -5.533090237183309910e+03
-2.671988151082005727e-02 1.513291907885252162e-02 4.570487058025360372e-03 1.006748616314130651e-02 -1.429283234863337748e-02 -1.382365056704557872e-02 -5.536552701822162817e+03
-2.673625169074799607e-02 1.509174767592829682e-02 4.636553603642587160e-03 1.011630261250164378e-02 -1.433476543144504914e-02 -1.384669444586603473e-02 -5.540013647767093971e+03
-2.675261360341484387e-02 1.505043835209205969e-02 4.702723508930406297e-03 1.016510072449170084e-02 -1.437658027447223132e-02 -1.386953281934745832e-02 -5.543473072964256971e+03
-2.676896723732914013e-02 1.500899083222492943e-02 4.768996599673449091e-03 1.021388025160732856e-02 -1.441828197884462669e-02 -1.389223806018492074e-02 -5.546930975463084906e+03
-2.678531258084287936e-02 1.496740484038495272e-02 4.835372745305730434e-03 1.026264052330414477e-02 -1.445986658891321337e-02 -1.391473748357014394e-02 -5.550387353278664705e+03
-2.680164962215083463e-02 1.492568009876701386e-02 4.901851794298638619e-03 1.031138117628408075e-02 -1.450132284786852417e-02 -1.393703570067881224e-02 -5.553842204391924497e+03
-2.681797834990837237e-02 1.488381632078700917e-02 4.968433553484636125e-03 1.036010134429619749e-02 -1.454267100320402219e-02 -1.395919595684875190e-02 -5.557295526883097409e+03
-2.683429875205683296e-02 1.484181322785889205e-02 5.035117851737523804e-03 1.040880074685479259e-02 -1.458389773639679789e-02 -1.398115019159893412e-02 -5.560747318674142662e+03
-2.685061081686983611e-02 1.479967053859219603e-02 5.101904485440950446e-03 1.045747856105407221e-02 -1.462500442445012136e-02 -1.400290992524597274e-02 -5.564197577779081257e+03
-2.686691453245145314e-02 1.475738797355132491e-02 5.168793330155876248e-03 1.050613514266931885e-02 -1.466599698308798660e-02 -1.402453431815763908e-02 -5.567646302176109202e+03
-2.688320988681357562e-02 1.471496525243783278e-02 5.235784299654432615e-03 1.055476984332827731e-02 -1.470686539175987233e-02 -1.404593119611333846e-02 -5.571093489830976068e+03
-2.689949686815181276e-02 1.467240209048741549e-02 5.302877307505339879e-03 1.060338135601070035e-02 -1.474762422335162797e-02 -1.406716344224842596e-02 -5.574539138755294516e+03
-2.691577546430196782e-02 1.462969820564645300e-02 5.370072280532626682e-03 1.065196788080784857e-02 -1.478826110469759654e-02 -1.408822100861414732e-02 -5.577983246881243758e+03
-2.693204566323489230e-02 1.458685331331341373e-02 5.437369103157054136e-03 1.070052976235970343e-02 -1.482877831374182151e-02 -1.410909905456935245e-02 -5.581425812166749893e+03
-2.694830745287973145e-02 1.454386712801546480e-02 5.504767557812797509e-03 1.074906604825110953e-02 -1.486918514024658522e-02 -1.412977347560790201e-02 -5.584866832556292138e+03
-2.696456082144057381e-02 1.450073936019891270e-02 5.572267484731003272e-03 1.079757585443067228e-02 -1.490946626523492746e-02 -1.415027261331385303e-02 -5.588306306054356355e+03
-2.698080575648304294e-02 1.445746972600264572e-02 5.639868671541305341e-03 1.084605970832773492e-02 -1.494963089727150730e-02 -1.417057679769895273e-02 -5.591744230523197075e+03
-2.699704224617996071e-02 1.441405793177017933e-02 5.707570898414241790e-03 1.089451614361494104e-02 -1.498967898472134200e-02 -1.419070257632335658e-02 -5.595180603954946491e+03
-2.701327027842914327e-02 1.437050368412347290e-02 5.775374002856196835e-03 1.094294568566532740e-02 -1.502960506384050376e-02 -1.421063334902879748e-02 -5.598615424270691619e+03
-2.702948984113596673e-02 1.432680668831064034e-02 5.843277754039116756e-03 1.099134661512489453e-02 -1.506941161151459027e-02 -1.423038385812978868e-02 -5.602048689404095057e+03
-2.704570092178756879e-02 1.428296665607001366e-02 5.911281932759973427e-03 1.103971879345746337e-02 -1.510910946890058060e-02 -1.424993789891858785e-02 -5.605480397214648292e+03
-2.706190350834875372e-02 1.423898329454826618e-02 5.979386461748575736e-03 1.108806219785799137e-02 -1.514868386980278668e-02 -1.426931267793580052e-02 -5.608910545674400964e+03
-2.707809758825681021e-02 1.419485631515310028e-02 6.047591288123853499e-03 1.113637588615688963e-02 -1.518815011786754654e-02 -1.428849065710461469e-02 -5.612339132641630385e+03
-2.709428314915111186e-02 1.415058542205634845e-02 6.115896299499661189e-03 1.118465943677366368e-02 -1.522750732318166669e-02 -1.430746377165011823e-02 -5.615766156024872544e+03
-2.711046017848221454e-02 1.410617031805987305e-02 6.184301392573041470e-03 1.123291146429646233e-02 -1.526674991334648138e-02 -1.432624504089621831e-02 -5.619191613693208637e+03
-2.712662866412154233e-02 1.406161069912727213e-02 6.252806418440675848e-03 1.128113156088884732e-02 -1.530588916954927353e-02 -1.434482929623403721e-02 -5.622615503602074568e+03
-2.714278859322407506e-02 1.401690627064359866e-02 6.321411125698314475e-03 1.132931862419959620e-02 -1.534492192873190310e-02 -1.436322683795568204e-02 -5.626037823542236765e+03
-2.715893995352848533e-02 1.397205673210832715e-02 6.390115313659678123e-03 1.137747318139495714e-02 -1.538385564011229140e-02 -1.438142796296798358e-02 -5.629458571423112517e+03
-2.717508273264528443e-02 1.392706178239430485e-02 6.458918815424035710e-03 1.142559477211425346e-02 -1.542268699079245471e-02 -1.439941130365944219e-02 -5.632877745115625657e+03
-2.719121691800665055e-02 1.388192111921279955e-02 6.527821397533993195e-03 1.147368251067300803e-02 -1.546141836264337648e-02 -1.441722125903482747e-02 -5.636295342451331635e+03
-2.720734249724809928e-02 1.383663443626912196e-02 6.596822816666723412e-03 1.152173631547451227e-02 -1.550005401812038462e-02 -1.443482397328718116e-02 -5.639711361298827796e+03
-2.722345945771438222e-02 1.379120143070764089e-02 6.665922900304003564e-03 1.156975587388048461e-02 -1.553860611200035338e-02 -1.445222719105999226e-02 -5.643125799474943051e+03
-2.723956778691640282e-02 1.374562179742241062e-02 6.735121498556099345e-03 1.161774070369927039e-02 -1.557707822365166604e-02 -1.446938108345406822e-02 -5.646538654848322949e+03
-2.725566747217251021e-02 1.369989523302176347e-02 6.804418536667408007e-03 1.166569065152643636e-02 -1.561547903416345834e-02 -1.448637316405855004e-02 -5.649949925248858563e+03
-2.727175850067754467e-02 1.365402143526273614e-02 6.873813935548038663e-03 1.171360618903758907e-02 -1.565381383449075681e-02 -1.450313709748450239e-02 -5.653359608466917962e+03
-2.728784085976592236e-02 1.360800009614527781e-02 6.943307593903079618e-03 1.176148683249015128e-02 -1.569208995010862653e-02 -1.451971989231221928e-02 -5.656767702321526485e+03
-2.730391453665968401e-02 1.356183090491143092e-02 7.012899412996098647e-03 1.180933264485757410e-02 -1.573033003479783198e-02 -1.453605047294542242e-02 -5.660174204612821995e+03
-2.731997951874460748e-02 1.351551354650563919e-02 7.082589262240768409e-03 1.185714257978702155e-02 -1.576852779696156365e-02 -1.455220412629137407e-02 -5.663579113168164440e+03
-2.733603579325409594e-02 1.346904770754684365e-02 7.152376955785236766e-03 1.190491596181977342e-02 -1.580670350160419402e-02 -1.456811869293453757e-02 -5.666982425774244803e+03
-2.735208334728981075e-02 1.342243307769170994e-02 7.222262287415654770e-03 1.195265384107470873e-02 -1.584486474717602955e-02 -1.458383613297399746e-02 -5.670384140178133748e+03
-2.736812216829969183e-02 1.337566934112188050e-02 7.292245081239065972e-03 1.200035612414177867e-02 -1.588302878598205764e-02 -1.459931467987334031e-02 -5.673784254194340065e+03
-2.738415224338449500e-02 1.332875618356950051e-02 7.362325150054126535e-03 1.204802272271680852e-02 -1.592119460988773369e-02 -1.461457574967578443e-02 -5.677182765565612499e+03
-2.740017355977102109e-02 1.328169328629379142e-02 7.432502264624316936e-03 1.209565370419703016e-02 -1.595938137943985619e-02 -1.462960823709990622e-02 -5.680579672083234072e+03
-2.741618610435305262e-02 1.323448033168966864e-02 7.502776144031269613e-03 1.214324853888061780e-02 -1.599759447315180286e-02 -1.464443965216972662e-02 -5.683974971497936167e+03
-2.743218986372341142e-02 1.318711700422424762e-02 7.573146641691885610e-03 1.219080704712097347e-02 -1.603583413185087972e-02 -1.465902157750474492e-02 -5.687368661528245866e+03
-2.744818482476486798e-02 1.313960298192676235e-02 7.643613607695343322e-03 1.223832819833083931e-02 -1.607409827011252804e-02 -1.467337382289910300e-02 -5.690760740011212874e+03
-2.746417097344679495e-02 1.309193795145587383e-02 7.714176841918255270e-03 1.228581035590795012e-02 -1.611236565257043174e-02 -1.468751656631468033e-02 -5.694151204625344690e+03
-2.748014829580996965e-02 1.304412159050204884e-02 7.784835962242900309e-03 1.233325107387811016e-02 -1.615061897852761857e-02 -1.470142428877128059e-02 -5.697540053127138890e+03
-2.749611677741484531e-02 1.299615357322179109e-02 7.855590570895144495e-03 1.238064685398314151e-02 -1.618881063017180849e-02 -1.471509279047276617e-02 -5.700927283244661339e+03
-2.751207640395277390e-02 1.294803356533919501e-02 7.926440143919530681e-03 1.242799339713582425e-02 -1.622690380779599761e-02 -1.472854712587467682e-02 -5.704312892798781832e+03
-2.752802716011675324e-02 1.289976124240068377e-02 7.997384095545390786e-03 1.247528658215931764e-02 -1.626483423759015820e-02 -1.474177777834361630e-02 -5.707696879421203448e+03
-2.754396903125148899e-02 1.285133627212680686e-02 8.068421804646095513e-03 1.252252177026901524e-02 -1.630255070053488256e-02 -1.475479011118677533e-02 -5.711079240892640883e+03
-2.755990200263185030e-02 1.280275832300051958e-02 8.139552635084283325e-03 1.256969578787318735e-02 -1.633999497157169120e-02 -1.476757321159576607e-02 -5.714459974952127595e+03
-2.757582605953002100e-02 1.275402706431529032e-02 8.210776051271245421e-03 1.261680503673816289e-02 -1.637713637203201678e-02 -1.478012613488931953e-02 -5.717839079290937661e+03
-2.759174118734400785e-02 1.270514216537915221e-02 8.282091486706198019e-03 1.266384688816168599e-02 -1.641393503430156955e-02 -1.479246431907806081e-02 -5.721216551572881144e+03
-2.760764737208322092e-02 1.265610329149215174e-02 8.353498602785851615e-03 1.271081861124924439e-02 -1.645036072547141973e-02 -1.480461078887830746e-02 -5.724592389554807596e+03
-2.762354459946245525e-02 1.260691011419857316e-02 8.424997182501154855e-03 1.275771833472498853e-02 -1.648640655262122168e-02 -1.481650747503472296e-02 -5.727966590869814354e+03
-2.763943285543662282e-02 1.255756230153823143e-02 8.496587047660436251e-03 1.280454589912034292e-02 -1.652207651624991100e-02 -1.482819051624220327e-02 -5.731339153165245079e+03
-2.765531212641956366e-02 1.250805951768228785e-02 8.568268047976694210e-03 1.285130033701411059e-02 -1.655736498041913626e-02 -1.483967052259609239e-02 -5.734710074148451895e+03
-2.767118239836711957e-02 1.245840143126268618e-02 8.640039981347553966e-03 1.289798199893737660e-02 -1.659227963276270826e-02 -1.485087927003025943e-02 -5.738079351393705110e+03
-2.768704365775031401e-02 1.240858769959537512e-02 8.711902610239817546e-03 1.294458983737587117e-02 -1.662683180434258376e-02 -1.486187746800959018e-02 -5.741446982592678069e+03
-2.770289589048058679e-02 1.235861798167545676e-02 8.783855677766976358e-03 1.299112322391113121e-02 -1.666103328934693747e-02 -1.487263830721542029e-02 -5.744812965322992568e+03
-2.771873908269423259e-02 1.230849193169807759e-02 8.855898904448954168e-03 1.303758163952369389e-02 -1.669488367335909135e-02 -1.488318550934423709e-02 -5.748177297200944849e+03
-2.773457322065623828e-02 1.225820920401050201e-02 8.928031956840880301e-03 1.308396633745890353e-02 -1.672841284813887663e-02 -1.489346968175172224e-02 -5.751539975856896490e+03
-2.775039829048079471e-02 1.220776945682247074e-02 9.000254597831469291e-03 1.313027581049689904e-02 -1.676161090724248223e-02 -1.490354061785439249e-02 -5.754900998882006206e+03
-2.776621427830822109e-02 1.215717234636166585e-02 9.072566577429190190e-03 1.317651025756220312e-02 -1.679451420319614738e-02 -1.491337878856691113e-02 -5.758260363880648583e+03
-2.778202117002852994e-02 1.210641752946103183e-02 9.144967682438311096e-03 1.322266922917332034e-02 -1.682710934427833135e-02 -1.492298100883262743e-02 -5.761618068415617927e+03
-2.779781895152638391e-02 1.205550466021297965e-02 9.217457710273213589e-03 1.326875257856669280e-02 -1.685941636254673776e-02 -1.493233512560734368e-02 -5.764974110062950786e+03
-2.781360760878217112e-02 1.200443339013745891e-02 9.290036522371354286e-03 1.331476003182942638e-02 -1.689143634914452505e-02 -1.494143847072842111e-02 -5.768328486435382729e+03
-2.782938712724491309e-02 1.195320337484143819e-02 9.362703963373752297e-03 1.336069108397571446e-02 -1.692318123017015272e-02 -1.495028531268844524e-02 -5.771681195041915998e+03
-2.784515749279525137e-02 1.190181426105469710e-02 9.435459842249553294e-03 1.340654628058203339e-02 -1.695466080335628414e-02 -1.495887180149953893e-02 -5.775032233500511211e+03
-2.786091869080369737e-02 1.185026570008319673e-02 9.508303799049665911e-03 1.345232493421310606e-02 -1.698586827567066804e-02 -1.496721194464953504e-02 -5.778381599306817407e+03
-2.787667070682147905e-02 1.179855733587955105e-02 9.581235500837960092e-03 1.349802570382744801e-02 -1.701681380696033405e-02 -1.497531373076325251e-02 -5.781729290005699113e+03
-2.789241352649103264e-02 1.174668880523474339e-02 9.654254568324251509e-03 1.354364868221760200e-02 -1.704750211091032516e-02 -1.498312908015035812e-02 -5.785075303186968995e+03
-2.790814713471763756e-02 1.169465975265028372e-02 9.727360667011727968e-03 1.358919093925872040e-02 -1.707793151121767689e-02 -1.499070767089889789e-02 -5.788419636277510108e+03
-2.792387151700896977e-02 1.164246981572550008e-02 9.800553450438795680e-03 1.363465224911204407e-02 -1.710810282015828854e-02 -1.499801494930556867e-02 -5.791762286839305489e+03
-2.793958665877193520e-02 1.159011863538596428e-02 9.873832599362036486e-03 1.368003171330480806e-02 -1.713801428392904697e-02 -1.500506198534267734e-02 -5.795103252405859166e+03
-2.795529254521093507e-02 1.153760585331489383e-02 9.947197783268668311e-03 1.372532830492081100e-02 -1.716767414370089229e-02 -1.501188303751277257e-02 -5.798442530462024479e+03
-2.797098916128389762e-02 1.148493111102693622e-02 1.002064871771421450e-02 1.377054069282583615e-02 -1.719708761822642817e-02 -1.501840500475964436e-02 -5.801780118443548417e+03
-2.798667649252833955e-02 1.143209403935641251e-02 1.009418515820021886e-02 1.381566988101096648e-02 -1.722624543203404510e-02 -1.502466993612985337e-02 -5.805116013939520599e+03
-2.800235452357243901e-02 1.137909428037447296e-02 1.016780680622440293e-02 1.386071422424177933e-02 -1.725515724539111728e-02 -1.503062635469071436e-02 -5.808450214346037683e+03
-2.801802323945269332e-02 1.132593146830884918e-02 1.024151343104355398e-02 1.390567388935608044e-02 -1.728381569530505063e-02 -1.503635685766190576e-02 -5.811782717146749746e+03
-2.803368262500809463e-02 1.127260523752260553e-02 1.031530468234140643e-02 1.395054816508820884e-02 -1.731223455177969411e-02 -1.504176223025245791e-02 -5.815113519775003624e+03
-2.804933266559357305e-02 1.121911521348778820e-02 1.038918024081217188e-02 1.399533578857825415e-02 -1.734040452916918440e-02 -1.504693708240426205e-02 -5.818442619781482790e+03
-2.806497334547039188e-02 1.116546103105444006e-02 1.046313964084816944e-02 1.404003511840848373e-02 -1.736832095910036816e-02 -1.505183502993346842e-02 -5.821770014486506625e+03
-2.808060464950849766e-02 1.111164231043403235e-02 1.053718244908174659e-02 1.408464441671117631e-02 -1.739599263223376435e-02 -1.505643781568848615e-02 -5.825095701373356860e+03
-2.809622656234702850e-02 1.105765867433308736e-02 1.061130831096313530e-02 1.412916208538070664e-02 -1.742340535722249409e-02 -1.506074465841034278e-02 -5.828419677875855086e+03
-2.811183906838707336e-02 1.100350974789926668e-02 1.068551677724515273e-02 1.417358660171420467e-02 -1.745056382020075680e-02 -1.506477701135363126e-02 -5.831741941376368231e+03
-2.812744215223581673e-02 1.094919515461996451e-02 1.075980748225821397e-02 1.421791761273848154e-02 -1.747746764869884811e-02 -1.506854991887633145e-02 -5.835062489292974533e+03
-2.814303579838505626e-02 1.089471451767924995e-02 1.083418001378348705e-02 1.426215372397243546e-02 -1.750412175540364684e-02 -1.507199308374735681e-02 -5.838381319004276520e+03
-2.815861999158755444e-02 1.084006745529563984e-02 1.090863404962662438e-02 1.430629536087891195e-02 -1.753052415875777301e-02 -1.507516330087189244e-02 -5.841698427948545941e+03
-2.817419471629011712e-02 1.078525358871882008e-02 1.098316935872528481e-02 1.435034104991286460e-02 -1.755666767850181526e-02 -1.507803321612390633e-02 -5.845013813510225191e+03
-2.818975995665850068e-02 1.073027254121527822e-02 1.105778555895887624e-02 1.439429011334909803e-02 -1.758255980254271392e-02 -1.508060843204721280e-02 -5.848327473020432080e+03
-2.820531569685947107e-02 1.067512393175574191e-02 1.113248236680977610e-02 1.443814213061626016e-02 -1.760818644595619348e-02 -1.508288498872317057e-02 -5.851639403814135221e+03
-2.822086192128135315e-02 1.061980737179885059e-02 1.120725941692648359e-02 1.448189508032773909e-02 -1.763356340055267923e-02 -1.508486300404397219e-02 -5.854949603276004382e+03
-2.823639861421838732e-02 1.056432247233177191e-02 1.128211629954463044e-02 1.452554843754633868e-02 -1.765868080472661819e-02 -1.508652686168342888e-02 -5.858258068769989222e+03
-2.825192575973809947e-02 1.050866884291860696e-02 1.135705246791541764e-02 1.456909961914767265e-02 -1.768353030392996045e-02 -1.508790909092510603e-02 -5.861564797637865922e+03
-2.826744334156004387e-02 1.045284609206929144e-02 1.143206734156067272e-02 1.461254767518707642e-02 -1.770811419695654532e-02 -1.508898619624992644e-02 -5.864869787165053822e+03
-2.828295134348467882e-02 1.039685382581419411e-02 1.150716045630469433e-02 1.465589077616466333e-02 -1.773244237471445842e-02 -1.508972500567599268e-02 -5.868173034653986178e+03
-2.829844974943090258e-02 1.034069164750012725e-02 1.158233138862931923e-02 1.469912742574128184e-02 -1.775649137594979138e-02 -1.509017795058369311e-02 -5.871474537418975160e+03
-2.831393854351787337e-02 1.028435916030440503e-02 1.165757974185862959e-02 1.474225685824900531e-02 -1.778027498987543031e-02 -1.509028359072140703e-02 -5.874774292793883433e+03
-2.832941770963140482e-02 1.022785597111437045e-02 1.173290514635088287e-02 1.478527739702721958e-02 -1.780378401940561559e-02 -1.509009195411701795e-02 -5.878072298058276829e+03
-2.834488723136067284e-02 1.017118168924070580e-02 1.180830727654284297e-02 1.482818988948422442e-02 -1.782703002240420068e-02 -1.508956640374333608e-02 -5.881368550434007375e+03
-2.836034709274504184e-02 1.011433591232002369e-02 1.188378584764425601e-02 1.487099209173320565e-02 -1.785000187855146844e-02 -1.508873322357929397e-02 -5.884663047268316404e+03
-2.837579727713194708e-02 1.005731824390351282e-02 1.195934042051498454e-02 1.491368383652031011e-02 -1.787269585181859577e-02 -1.508757724433837377e-02 -5.887955785756738806e+03
-2.839123776818791231e-02 1.000012827805205756e-02 1.203497061948118410e-02 1.495626357800760448e-02 -1.789511452086602755e-02 -1.508608461346047820e-02 -5.891246763177445246e+03
-2.840666854933138544e-02 9.942765610184563577e-03 1.211067594360038663e-02 1.499873066759581722e-02 -1.791726066564044637e-02 -1.508425823412692414e-02 -5.894535976754467811e+03
-2.842208960405389478e-02 9.885229832403374245e-03 1.218645583049966612e-02 1.504108312456584051e-02 -1.793912387757352553e-02 -1.508208589170779816e-02 -5.897823423734393145e+03
-2.843750091561565371e-02 9.827520536333341633e-03 1.226230958561502077e-02 1.508331933071103796e-02 -1.796070364488920948e-02 -1.507958249608162479e-02 -5.901109101315114458e+03
-2.845290246739876766e-02 9.769637308108538101e-03 1.233823668465154448e-02 1.512543654150961224e-02 -1.798199667179854744e-02 -1.507674413294561241e-02 -5.904393006748696280e+03
-2.846829424229329816e-02 9.711579738183461971e-03 1.241423667126450095e-02 1.516743345676300515e-02 -1.800300010824346791e-02 -1.507356625857778250e-02 -5.907675137170157541e+03
-2.848367622382199163e-02 9.653347407820709117e-03 1.249030917698358382e-02 1.520930865456520016e-02 -1.802371235673819877e-02 -1.507001778321605603e-02 -5.910955489835655499e+03
-2.849904839491831238e-02 9.594939909361291375e-03 1.256645379483571461e-02 1.525106138133364674e-02 -1.804413318494571886e-02 -1.506611119941253518e-02 -5.914234061860740439e+03
-2.851441073891959610e-02 9.536356827480130596e-03 1.264267008781893784e-02 1.529269033960657491e-02 -1.806426378814143807e-02 -1.506188886057187315e-02 -5.917510850459627363e+03
-2.852976323875538664e-02 9.477597747047006652e-03 1.271895765949256421e-02 1.533419547364051928e-02 -1.808409788687349862e-02 -1.505726909710613376e-02 -5.920785852761579918e+03
-2.854510587739517158e-02 9.418662247876503565e-03 1.279531607586798653e-02 1.537557584200576269e-02 -1.810364549575829013e-02 -1.505228123577261913e-02 -5.924059065931766781e+03
-2.856043863754480563e-02 9.359549911142128753e-03 1.287174487429846442e-02 1.541683042878359833e-02 -1.812288643999976356e-02 -1.504695449701593316e-02 -5.927330487075000747e+03
-2.857576150253191699e-02 9.300260306472577648e-03 1.294824348356083191e-02 1.545795779573478322e-02 -1.814183192072922612e-02 -1.504123876875154177e-02 -5.930600113426417010e+03
-2.859107445459668079e-02 9.240793016363971560e-03 1.302481131830441480e-02 1.549895534180448751e-02 -1.816047467562717857e-02 -1.503517150213466366e-02 -5.933867941983879064e+03
-2.860637747661634589e-02 9.181147609662109604e-03 1.310144774523370505e-02 1.553982165666169778e-02 -1.817880343725156514e-02 -1.502871120841990822e-02 -5.937133969910148153e+03
-2.862167055116665929e-02 9.121323658665208070e-03 1.317815214352090203e-02 1.558055463314412734e-02 -1.819683175365316777e-02 -1.502182273853509137e-02 -5.940398194304426397e+03
-2.863695366050730134e-02 9.061320735719212427e-03 1.325492401337334016e-02 1.562115119919104712e-02 -1.821454261636573993e-02 -1.501457045634423636e-02 -5.943660612205963844e+03
-2.865222678729670291e-02 9.001138401053173851e-03 1.333176288755883246e-02 1.566161105265176379e-02 -1.823193751295764872e-02 -1.500691908077910440e-02 -5.946921220746489780e+03
-2.866748991367065388e-02 8.940776223566230738e-03 1.340866825415635254e-02 1.570193264290140056e-02 -1.824901570140425103e-02 -1.499885766179726194e-02 -5.950180016930290549e+03
-2.868274302228281114e-02 8.880233767529596700e-03 1.348563959918764807e-02 1.574211615873425882e-02 -1.826577290599286016e-02 -1.499037904433465039e-02 -5.953436997863194847e+03
-2.869798609558489241e-02 8.819510598322057721e-03 1.356267651236021943e-02 1.578215959491478804e-02 -1.828222215880236090e-02 -1.498151196808074001e-02 -5.956692160590625463e+03
-2.871321911567335447e-02 8.758606282233802678e-03 1.363977849705580968e-02 1.582206342714163536e-02 -1.829834333178619390e-02 -1.497220300575952470e-02 -5.959945502092949027e+03
-2.872844206499700417e-02 8.697520374797464149e-03 1.371694505752147145e-02 1.586182496781436344e-02 -1.831414163220920072e-02 -1.496246823267638297e-02 -5.963197019465033009e+03
-2.874365492533645719e-02 8.636252438005233290e-03 1.379417558686550117e-02 1.590144270527226941e-02 -1.832960837979664276e-02 -1.495228588965629921e-02 -5.966446709651163474e+03
-2.875885767895392311e-02 8.574802024825611477e-03 1.387146953432897602e-02 1.594091402821230102e-02 -1.834475518100051050e-02 -1.494163837045485443e-02 -5.969694569692508594e+03
-2.877405030774930067e-02 8.513168689209980530e-03 1.394882622481157311e-02 1.598023736799972921e-02 -1.835955596438727799e-02 -1.493058302524227082e-02 -5.972940596565331361e+03
-2.878923279319362677e-02 8.451351986056489241e-03 1.402624496113155476e-02 1.601941026765369910e-02 -1.837401647163918253e-02 -1.491900664517528501e-02 -5.976184787180272906e+03
-2.880440511767471887e-02 8.389351453382813684e-03 1.410372512086878992e-02 1.605843151406937189e-02 -1.838814647873738412e-02 -1.490697066540525723e-02 -5.979427138659551019e+03
-2.881956726228093735e-02 8.327166645885633600e-03 1.418126612079671084e-02 1.609729942941049916e-02 -1.840192581797304647e-02 -1.489442219364270174e-02 -5.982667647814206248e+03
-2.883471920888248247e-02 8.264797106656545517e-03 1.425886741669281019e-02 1.613601251485659652e-02 -1.841535213017243128e-02 -1.488139011417447498e-02 -5.985906311617368374e+03
-2.884986093916684299e-02 8.202242383271406145e-03 1.433652853350845385e-02 1.617456947635651648e-02 -1.842843874412620694e-02 -1.486785637522573984e-02 -5.989143126981821297e+03
-2.886499243519483754e-02 8.139502015893184186e-03 1.441424897847269626e-02 1.621296940884976029e-02 -1.844117118185899934e-02 -1.485374789973341325e-02 -5.992378090910817264e+03
-2.888011367809175875e-02 8.076575556973782100e-03 1.449202827877308503e-02 1.625121127773991592e-02 -1.845354980268052586e-02 -1.483910625906421921e-02 -5.995611200196349273e+03
-2.889522464979251207e-02 8.013462540917733190e-03 1.456986591696281079e-02 1.628929243327865983e-02 -1.846557130627819038e-02 -1.482389912181699375e-02 -5.998842451838824672e+03
-2.891032533145785482e-02 7.950162508293443994e-03 1.464776131967142868e-02 1.632721101067843156e-02 -1.847722039255565371e-02 -1.480807009508771331e-02 -6.002071842681612907e+03
-2.892541570454865846e-02 7.886674987852523508e-03 1.472571377531404525e-02 1.636496427820941305e-02 -1.848850928079799269e-02 -1.479161052815680145e-02 -6.005299369635386938e+03
-2.894049574980056203e-02 7.822999517250265808e-03 1.480372256443405685e-02 1.640255127409862707e-02 -1.849942559440808168e-02 -1.477454487962954512e-02 -6.008525029450588590e+03
-2.895556544892773435e-02 7.759135618765496643e-03 1.488178702116438323e-02 1.643996974790920551e-02 -1.850996603272812846e-02 -1.475678252048401827e-02 -6.011748819096965235e+03
-2.897062478272102379e-02 7.695082828542541657e-03 1.495990650280783381e-02 1.647721706161174235e-02 -1.852011554767041962e-02 -1.473831954899075015e-02 -6.014970735317676372e+03
-2.898567373235031580e-02 7.630840674370750927e-03 1.503808045098187218e-02 1.651429183445991822e-02 -1.852987879552198819e-02 -1.471911545737704732e-02 -6.018190774949390288e+03
-2.900071227873421420e-02 7.566408682578232812e-03 1.511630831173356622e-02 1.655119148390839581e-02 -1.853926096803128545e-02 -1.469912796149779738e-02 -6.021408934772111934e+03
-2.901574040354882103e-02 7.501786369718338281e-03 1.519458964877581399e-02 1.658791465906639395e-02 -1.854823936811624691e-02 -1.467829426554934612e-02 -6.024625211714581383e+03
-2.903075808726991378e-02 7.436973271866878336e-03 1.527292404488147896e-02 1.662445844052609992e-02 -1.855681734349407322e-02 -1.465658639894551300e-02 -6.027839602415253466e+03
-2.904576531116554242e-02 7.371968908236357226e-03 1.535131103657546951e-02 1.666082199060842095e-02 -1.856498886623265607e-02 -1.463395292505068751e-02 -6.031052103706773778e+03
-2.906076205611888078e-02 7.306772798010109822e-03 1.542975007880937124e-02 1.669700340194846949e-02 -1.857274346460592931e-02 -1.461032216479550040e-02 -6.034262712359117359e+03
-2.907574830263880486e-02 7.241384458566719334e-03 1.550824050927791277e-02 1.673300005988381453e-02 -1.858007488072027646e-02 -1.458564283403289072e-02 -6.037471425067792552e+03
-2.909072403185741784e-02 7.175803393934272051e-03 1.558678162968970930e-02 1.676880857687875620e-02 -1.858698731932469095e-02 -1.455989063274160805e-02 -6.040678238656073518e+03
-2.910568922392494165e-02 7.110029121030887050e-03 1.566537280287346595e-02 1.680442718478971503e-02 -1.859346127529155901e-02 -1.453298367832378361e-02 -6.043883149740348927e+03
-2.912064385945783637e-02 7.044061147281267810e-03 1.574401331948900584e-02 1.683985363981593472e-02 -1.859949780509064995e-02 -1.450488245460334474e-02 -6.047086155087217776e+03
-2.913558791857138661e-02 6.977898979834441621e-03 1.582270253825516365e-02 1.687508641016881306e-02 -1.860508667298188534e-02 -1.447561392210192262e-02 -6.050287251394314808e+03
-2.915052138088969000e-02 6.911542127652894017e-03 1.590143960876212390e-02 1.691012279026116866e-02 -1.861023276919075362e-02 -1.444512320791844009e-02 -6.053486435289902147e+03
-2.916544422640111531e-02 6.844990084446685337e-03 1.598022370640532486e-02 1.694496192837044446e-02 -1.861492469541026554e-02 -1.441350963925021496e-02 -6.056683703557675472e+03
-2.918035643392270784e-02 6.778242350140671960e-03 1.605905393371125436e-02 1.697960091496449053e-02 -1.861917987890375839e-02 -1.438083056754416167e-02 -6.059879052784181113e+03
-2.919525798259938604e-02 6.711298411748040267e-03 1.613792930187039551e-02 1.701404121397279146e-02 -1.862298217609337225e-02 -1.434721078611648007e-02 -6.063072479695129005e+03
-2.921014885107330733e-02 6.644157757461031759e-03 1.621684869754125291e-02 1.704828163498876836e-02 -1.862636453147244534e-02 -1.431280086054474363e-02 -6.066263980945724143e+03
-2.922502901746811682e-02 6.576819877249738371e-03 1.629581080932392470e-02 1.708232187653885292e-02 -1.862930860771415051e-02 -1.427775591921765994e-02 -6.069453553117105912e+03
-2.923989846076519711e-02 6.509284238272966192e-03 1.637481429830072582e-02 1.711616054898765574e-02 -1.863184309970449676e-02 -1.424229995088540507e-02 -6.072641193021586332e+03
-2.925475715849315192e-02 6.441550329562283593e-03 1.645385787925409890e-02 1.714979668274269411e-02 -1.863395739993596242e-02 -1.420653394797532880e-02 -6.075826897118070519e+03
-2.926960508915548917e-02 6.373617626987342077e-03 1.653294036381195570e-02 1.718322989539137688e-02 -1.863566607693377744e-02 -1.417063014125106296e-02 -6.079010662044980563e+03
-2.928444223117887893e-02 6.305485615195865166e-03 1.661206079439801753e-02 1.721645914877911743e-02 -1.863695594203227182e-02 -1.413463529136838037e-02 -6.082192484361804418e+03
-2.929926856362703724e-02 6.237153770412818231e-03 1.669121817030062155e-02 1.724948175505461659e-02 -1.863783683156407245e-02 -1.409861219140140162e-02 -6.085372360716205549e+03
-2.931408406484157375e-02 6.168621580790625662e-03 1.677041168589597092e-02 1.728229628608132090e-02 -1.863829758173643145e-02 -1.406254497357984842e-02 -6.088550287520443817e+03
-2.932888871459538721e-02 6.099888515524990243e-03 1.684964055935358682e-02 1.731489915499853996e-02 -1.863833920388594315e-02 -1.402645234402499948e-02 -6.091726261444688134e+03
-2.934368249182810889e-02 6.030954058649666549e-03 1.692890425477928257e-02 1.734728688570605012e-02 -1.863794109168269778e-02 -1.399022049591889909e-02 -6.094900278905130108e+03
-2.935846537638093015e-02 5.961817675888898133e-03 1.700820230666578309e-02 1.737945576982546925e-02 -1.863709810881915632e-02 -1.395379813864130319e-02 -6.098072336493835792e+03
-2.937323734700400882e-02 5.892478851841823247e-03 1.708753415423415120e-02 1.741140337870107635e-02 -1.863580623492583355e-02 -1.391708980664198812e-02 -6.101242430547908953e+03
-2.938799838348736190e-02 5.822937051748285596e-03 1.716689923340563792e-02 1.744312649209963512e-02 -1.863404879950457740e-02 -1.388001604592084895e-02 -6.104410557649643124e+03
-2.940274846461957484e-02 5.753191752092988095e-03 1.724629691808296852e-02 1.747462109905361868e-02 -1.863181222235095469e-02 -1.384247912495651343e-02 -6.107576714166629245e+03
-2.941748756942379195e-02 5.683242418078453609e-03 1.732572668463187859e-02 1.750588338384632611e-02 -1.862908044760943835e-02 -1.380437705550482605e-02 -6.110740896551451442e+03
-2.943221567651166382e-02 5.613088520409821591e-03 1.740518800721778739e-02 1.753691108091397569e-02 -1.862584032255946639e-02 -1.376563547169291912e-02 -6.113903101174328185e+03
-2.944693276532384801e-02 5.542729515923112971e-03 1.748468037275286227e-02 1.756769949979235940e-02 -1.862207002911190484e-02 -1.372612236834581945e-02 -6.117063324590219963e+03
-2.946163881390921266e-02 5.472164882404468786e-03 1.756420327079588270e-02 1.759824385119107548e-02 -1.861776263506613460e-02 -1.368570080563419680e-02 -6.120221563009624333e+03
-2.947633380134726325e-02 5.401394074690592587e-03 1.764375623176458324e-02 1.762853860831094938e-02 -1.861289638401691926e-02 -1.364433780567349958e-02 -6.123377812887896653e+03
-2.949101770636712583e-02 5.330416550343945910e-03 1.772333881776440648e-02 1.765857892920765990e-02 -1.860745648227450644e-02 -1.360188452582953775e-02 -6.126532070599470899e+03
-2.950569050737365806e-02 5.259231764655529495e-03 1.780295058726428029e-02 1.768835866261675785e-02 -1.860143206913679112e-02 -1.355820685806062402e-02 -6.129684332434832868e+03
-2.952035218310538819e-02 5.187839161727948387e-03 1.788259103882450934e-02 1.771787385662581399e-02 -1.859479310643259026e-02 -1.351318169200469918e-02 -6.132834594779569670e+03
-2.953500271152166221e-02 5.116238195652874493e-03 1.796225964485506990e-02 1.774712214650567277e-02 -1.858753571645983468e-02 -1.346676291540039282e-02 -6.135982853883201642e+03
-2.954964207096529710e-02 5.044428307539437599e-03 1.804195568237897465e-02 1.777609901305016171e-02 -1.857963128156971469e-02 -1.341884102657054691e-02 -6.139129106121423320e+03
-2.956427023925071659e-02 4.972408937011685466e-03 1.812167825162535814e-02 1.780480343579980695e-02 -1.857108074641524234e-02 -1.336937308102597449e-02 -6.142273347783468125e+03
-2.957888719360729501e-02 4.900179522239194764e-03 1.820142626059845573e-02 1.783323309863664788e-02 -1.856187567119190265e-02 -1.331833342349621196e-02 -6.145415575072493994e+03
-2.959349291145387320e-02 4.827739488861181733e-03 1.828119843414329967e-02 1.786138829085310090e-02 -1.855200900624657395e-02 -1.326570040691474502e-02 -6.148555784296941056e+03
-2.960808736949415917e-02 4.755088259077719544e-03 1.836099308190513799e-02 1.788926925841387988e-02 -1.854149806388455737e-02 -1.321159580668910746e-02 -6.151693971672343650e+03
-2.962267054457689078e-02 4.682225236920201268e-03 1.844080816627476083e-02 1.791687775576894862e-02 -1.853036269013186993e-02 -1.315611601805479099e-02 -6.154830133510047744e+03
-2.963724241294157097e-02 4.609149821002712748e-03 1.852064126912632280e-02 1.794421880540672185e-02 -1.851862832955216906e-02 -1.309942275020601482e-02 -6.157964266038541609e+03
-2.965180295034526917e-02 4.535861402819438802e-03 1.860048972681838803e-02 1.797129651576971285e-02 -1.850632790819345397e-02 -1.304171051474313330e-02 -6.161096365401303046e+03
-2.966635213325447343e-02 4.462359356491114350e-03 1.868035081597909861e-02 1.799811820319238698e-02 -1.849347797868690357e-02 -1.298319129337336536e-02 -6.164226427940815483e+03
-2.968088993704484646e-02 4.388643077994781004e-03 1.876022202356735988e-02 1.802468961152428606e-02 -1.848011832783470407e-02 -1.292405102033409615e-02 -6.167354449732893954e+03
-2.969541633800945948e-02 4.314711954028961453e-03 1.884010103971646422e-02 1.805101781440875131e-02 -1.846625746648432320e-02 -1.286436131070853479e-02 -6.170480426996021379e+03
-2.970993131235435958e-02 4.240565380675016642e-03 1.891998590347913900e-02 1.807710479899425279e-02 -1.845190211882119166e-02 -1.280424827866816564e-02 -6.173604355850893626e+03
-2.972443483642830259e-02 4.166202757111376123e-03 1.899987499675207317e-02 1.810295157824871534e-02 -1.843705512851801995e-02 -1.274371597552922952e-02 -6.176726232411364435e+03
-2.973892688685774235e-02 4.091623481502501027e-03 1.907976704929656778e-02 1.812855700291782918e-02 -1.842170890045162143e-02 -1.268274944435593063e-02 -6.179846052820559635e+03
-2.975340744021833655e-02 4.016826955623172858e-03 1.915966095210226011e-02 1.815391660826820228e-02 -1.840585897924779113e-02 -1.262123252103840819e-02 -6.182963813149221096e+03
-2.976787647298256498e-02 3.941812581475124394e-03 1.923955570270162452e-02 1.817902640398336156e-02 -1.838947684342870717e-02 -1.255902101346244304e-02 -6.186079509405658428e+03
-2.978233396193432497e-02 3.866579753135277863e-03 1.931945032671689849e-02 1.820388234610402153e-02 -1.837254332813518382e-02 -1.249600495903105402e-02 -6.189193137672247758e+03
-2.979677988382177511e-02 3.791127859409697091e-03 1.939934389643969970e-02 1.822847675906117890e-02 -1.835503855116112776e-02 -1.243211328810138114e-02 -6.192304694028464837e+03
-2.981121421458049134e-02 3.715456300333524337e-03 1.947923550036742904e-02 1.825280768256828945e-02 -1.833694335657315433e-02 -1.236717018551276512e-02 -6.195414174390858534e+03
-2.982563693033222010e-02 3.639564473041677090e-03 1.955912436151060682e-02 1.827686857579676610e-02 -1.831823649465021131e-02 -1.230119474124427223e-02 -6.198521574788454018e+03
-2.984004800672128421e-02 3.563451777325405898e-03 1.963900976953470573e-02 1.830065812728538452e-02 -1.829890962218476413e-02 -1.223413822700165909e-02 -6.201626891237045129e+03
-2.985444741850918141e-02 3.487117620678276218e-03 1.971889105977105497e-02 1.832417168970358265e-02 -1.827897237182558171e-02 -1.216605561380415881e-02 -6.204730119663724508e+03
-2.986883514031623763e-02 3.410561402080240952e-03 1.979876744658946169e-02 1.834740424255587241e-02 -1.825845323642383972e-02 -1.209707843987248288e-02 -6.207831256071344797e+03
-2.988321114589790814e-02 3.333782523345548299e-03 1.987863797463993235e-02 1.837035294809226393e-02 -1.823735994574353370e-02 -1.202742026984249604e-02 -6.210930296348179581e+03
-2.989757540952626969e-02 3.256780367850854296e-03 1.995850149544571919e-02 1.839301371519018805e-02 -1.821571103270813383e-02 -1.195723774966884340e-02 -6.214027236553862167e+03
-2.991192790479981281e-02 3.179554325673861377e-03 2.003835686071264374e-02 1.841538243999570057e-02 -1.819355528143028894e-02 -1.188676188466629771e-02 -6.217122072567752184e+03
-2.992626860572645403e-02 3.102103776835755163e-03 2.011820281223889936e-02 1.843745506207704332e-02 -1.817089229811214013e-02 -1.181607817153368031e-02 -6.220214800288973493e+03
-2.994059748613316779e-02 3.024428103349949271e-03 2.019803796384890202e-02 1.845922693969601069e-02 -1.814773355035125338e-02 -1.174529596406975740e-02 -6.223305415466461454e+03
-2.995491452137102883e-02 2.946526657900266476e-03 2.027786107345488920e-02 1.848069442933519477e-02 -1.812407811968187038e-02 -1.167442621733303515e-02 -6.226393914131374913e+03
-2.996921968565255737e-02 2.868398816615859003e-03 2.035767116102515928e-02 1.850185365960543837e-02 -1.809990050465588862e-02 -1.160344567879063871e-02 -6.229480292006251148e+03
-2.998351295370414032e-02 2.790043949324051524e-03 2.043746729365109038e-02 1.852270141261041017e-02 -1.807518537309467377e-02 -1.153222062714638271e-02 -6.232564544869545898e+03
-2.999779430102712113e-02 2.711461406887601382e-03 2.051724852542351207e-02 1.854323332455184992e-02 -1.804990775050706320e-02 -1.146058941942750507e-02 -6.235646668640480129e+03
-3.001206370152728620e-02 2.632650560764367501e-03 2.059701380919421593e-02 1.856344472292045800e-02 -1.802404178264092535e-02 -1.138843396200405270e-02 -6.238726658830435554e+03
-3.002632113111106463e-02 2.553610736606479800e-03 2.067676200536856107e-02 1.858333115745386746e-02 -1.799755747895881094e-02 -1.131552779492314871e-02 -6.241804511408916369e+03
-3.004056656408894688e-02 2.474341287703458406e-03 2.075649183159950298e-02 1.860288798106585553e-02 -1.797040972882869500e-02 -1.124165399679873285e-02 -6.244880221960233030e+03
-3.005479997557613039e-02 2.394841550431574002e-03 2.083620190798057131e-02 1.862211078883089718e-02 -1.794258101575719327e-02 -1.116664836087605597e-02 -6.247953786210728140e+03
-3.006902134064846216e-02 2.315110853476595818e-03 2.091589084954141586e-02 1.864099319906462396e-02 -1.791402180190246329e-02 -1.109025354493708808e-02 -6.251025199888016687e+03
-3.008323063329642125e-02 2.235148535921935905e-03 2.099555714710484716e-02 1.865953021779794690e-02 -1.788469700291597797e-02 -1.101231201181689795e-02 -6.254094458508466232e+03
-3.009742782809988679e-02 2.154953918973546816e-03 2.107519951274309730e-02 1.867771652936465326e-02 -1.785458730470512387e-02 -1.093264963550422998e-02 -6.257161557788248501e+03
-3.011161289908902486e-02 2.074526327552943250e-03 2.115481670307105960e-02 1.869554964774622005e-02 -1.782365633104404309e-02 -1.085109958112708863e-02 -6.260226493417751044e+03
-3.012578581953775925e-02 1.993865091625769085e-03 2.123440752064627290e-02 1.871302594973984004e-02 -1.779188662510263960e-02 -1.076764904585421692e-02 -6.263289260984396606e+03
-3.013994656199658201e-02 1.912969544000766783e-03 2.131397054212942968e-02 1.873014322225141984e-02 -1.775929081564587772e-02 -1.068230687468444719e-02 -6.266349855973346166e+03
-3.015409509970341101e-02 1.831838984615833223e-03 2.139350417669121096e-02 1.874690005109914959e-02 -1.772587392128186293e-02 -1.059507947634198873e-02 -6.269408274116680332e+03
-3.016823140446487153e-02 1.750472727825771535e-03 2.147300663366132067e-02 1.876329497041572328e-02 -1.769165576863887882e-02 -1.050615557329059348e-02 -6.272464510872780011e+03
-3.018235544841917778e-02 1.668870073486046273e-03 2.155247607265016463e-02 1.877932851384962396e-02 -1.765666536377007850e-02 -1.041570358906776690e-02 -6.275518561842947747e+03
-3.019646720314705587e-02 1.587030325258286575e-03 2.163191054822193038e-02 1.879499901807773002e-02 -1.762094750018948844e-02 -1.032395607199925770e-02 -6.278570422521898763e+03
-3.021056664070232572e-02 1.504952772366986279e-03 2.171130808427827741e-02 1.881030509158258465e-02 -1.758450989703467734e-02 -1.023100870158820050e-02 -6.281620088480691265e+03
-3.022465373246429818e-02 1.422636710907657087e-03 2.179066675532737724e-02 1.882524312998292218e-02 -1.754736973412125700e-02 -1.013697941466360462e-02 -6.284667555113437629e+03
-3.023872845094387543e-02 1.340081419744599016e-03 2.186998488324437551e-02 1.883981053683493959e-02 -1.750951971383201203e-02 -1.004195360959738575e-02 -6.287712818030209746e+03
-3.025279076757503988e-02 1.257286208255402327e-03 2.194926101118769082e-02 1.885400293798053864e-02 -1.747095121540882812e-02 -9.945802458398659424e-03 -6.290755872508496395e+03
-3.026684065542742386e-02 1.174250355937593799e-03 2.202849371138951295e-02 1.886781743825067734e-02 -1.743163748233938354e-02 -9.848407817486340768e-03 -6.293796714129221073e+03
-3.028087808613059290e-02 1.090973171695108291e-03 2.210768147732380257e-02 1.888124939306209948e-02 -1.739155006749074084e-02 -9.749572055659338002e-03 -6.296835338027013677e+03
-3.029490303328912643e-02 1.007453920774134624e-03 2.218682270937584119e-02 1.889429347136310430e-02 -1.735064792629959635e-02 -9.649095974457431307e-03 -6.299871739765056191e+03
-3.030891546878751105e-02 9.236918924699386935e-04 2.226591572533192370e-02 1.890694543469664465e-02 -1.730888836487056923e-02 -9.546676592422660007e-03 -6.302905914531460439e+03
-3.032291536498744194e-02 8.396863579778470962e-04 2.234495886866668876e-02 1.891920137869798971e-02 -1.726625132667897883e-02 -9.442206984370133879e-03 -6.305937857657153472e+03
-3.033690269374113291e-02 7.554365822831775757e-04 2.242395035641168294e-02 1.893105589442426254e-02 -1.722268497348678970e-02 -9.335491447390121059e-03 -6.308967564423511249e+03
-3.035087742722463247e-02 6.709418081497024169e-04 2.250288817414040216e-02 1.894250442942029683e-02 -1.717817840471782750e-02 -9.226458213567960073e-03 -6.311995030251616299e+03
-3.036483953576293859e-02 5.862013002460354522e-04 2.258177027045460764e-02 1.895354334854413778e-02 -1.713271857864774594e-02 -9.115132441948555625e-03 -6.315020250239565939e+03
-3.037878898987040124e-02 5.012143036791644321e-04 2.266059464528849543e-02 1.896417017247735079e-02 -1.708630430513657233e-02 -9.001597162278253406e-03 -6.318043219673360909e+03
-3.039272575956100675e-02 4.159800689511118405e-04 2.273935929151686339e-02 1.897438527964551147e-02 -1.703895504269048108e-02 -8.886019217883055557e-03 -6.321063933785137124e+03
-3.040664981416792839e-02 3.304978518597869916e-04 2.281806211031635334e-02 1.898418872025437604e-02 -1.699068723341250892e-02 -8.768591243684939474e-03 -6.324082387686406946e+03
-3.042056112444671556e-02 2.447668710603133910e-04 2.289670100423100638e-02 1.899358156290283442e-02 -1.694152882325321297e-02 -8.649479500541191676e-03 -6.327098576847432014e+03
-3.043445965856443267e-02 1.587863929163590699e-04 2.297527380073035100e-02 1.900256298419157608e-02 -1.689150328941246837e-02 -8.529000380285187144e-03 -6.330112496144693068e+03
-3.044834538604315743e-02 7.255565130694319144e-05 2.305377830167858882e-02 1.901113225817890190e-02 -1.684064518761457449e-02 -8.407336539784157972e-03 -6.333124140814781640e+03
-3.046221827585032099e-02 -1.392610975721746309e-05 2.313221256047111665e-02 1.901928753560298141e-02 -1.678898056061567390e-02 -8.284662866639135384e-03 -6.336133505969477483e+03
-3.047607829668311577e-02 -1.006596470198668693e-04 2.321057467971113231e-02 1.902702486898786780e-02 -1.673654073931802808e-02 -8.161272171495637801e-03 -6.339140586653670653e+03
-3.048992541810080503e-02 -1.876457393948407202e-04 2.328886268731636400e-02 1.903434010494079939e-02 -1.668334995174961671e-02 -8.037313890583836634e-03 -6.342145378124198032e+03
-3.050375960816320911e-02 -2.748851307678573663e-04 2.336707461441246692e-02 1.904122797905058451e-02 -1.662942938159743186e-02 -7.912950941762144155e-03 -6.345147875258880049e+03
-3.051758083552318090e-02 -3.623785800747419896e-04 2.344520862215529813e-02 1.904768532878007778e-02 -1.657477540640530864e-02 -7.788216446466492832e-03 -6.348148073085281794e+03
-3.053138906884524106e-02 -4.501268463227673668e-04 2.352326299815469049e-02 1.905370719689750483e-02 -1.651939579545653666e-02 -7.663136730527939436e-03 -6.351145966553585822e+03
-3.054518427788675133e-02 -5.381307139516789718e-04 2.360123592467177137e-02 1.905929031966700424e-02 -1.646326536857238912e-02 -7.537601525273416453e-03 -6.354141550753824049e+03
-3.055896643101152152e-02 -6.263909461357632666e-04 2.367912549273812686e-02 1.906442961422910934e-02 -1.640636496662322905e-02 -7.411508572739151923e-03 -6.357134820377886172e+03
-3.057273549873216340e-02 -7.149083627297574649e-04 2.375692959761409664e-02 1.906911973174056640e-02 -1.634866390436953351e-02 -7.284714491693688662e-03 -6.360125770593281231e+03
-3.058649144927654343e-02 -8.036837459631330843e-04 2.383464613062966087e-02 1.907335507032122124e-02 -1.629014092374209133e-02 -7.157032264287085943e-03 -6.363114396055853831e+03
-3.060023425224379229e-02 -8.927179207624170608e-04 2.391227299319123589e-02 1.907713099271638249e-02 -1.623077847326053619e-02 -7.028376336717359098e-03 -6.366100691786842617e+03
-3.061396387555563939e-02 -9.820116956634917377e-04 2.398980793344985055e-02 1.908044413026666053e-02 -1.617056932084405194e-02 -6.898725892719122232e-03 -6.369084652470255605e+03
-3.062768028743175983e-02 -1.071565902475692502e-03 2.406724862319773936e-02 1.908329059026079091e-02 -1.610951569099968242e-02 -6.768071410853835831e-03 -6.372066272990136895e+03
-3.064138345512079989e-02 -1.161381354977117321e-03 2.414459264821180659e-02 1.908566901942258462e-02 -1.604763120595086717e-02 -6.636507443913657392e-03 -6.375045548078457614e+03
-3.065507334593819272e-02 -1.251458874384092472e-03 2.422183770413370227e-02 1.908757818653248478e-02 -1.598492455280815100e-02 -6.504082785236778817e-03 -6.378022472540024864e+03
-3.066874992671489442e-02 -1.341799283030477600e-03 2.429898153805876496e-02 1.908901654962682007e-02 -1.592139242603660132e-02 -6.370870592405916688e-03 -6.380997041036566770e+03
-3.068241316516419001e-02 -1.432403421513217404e-03 2.437602185608794825e-02 1.908998183170371177e-02 -1.585705769056675388e-02 -6.236945365603702510e-03 -6.383969248381851685e+03
-3.069606302784496504e-02 -1.523272111843933197e-03 2.445295627264167798e-02 1.909047100776226427e-02 -1.579191442992885705e-02 -6.102288713222751675e-03 -6.386939089089296431e+03
-3.070969948246197664e-02 -1.614406206316797284e-03 2.452978249373015743e-02 1.909047847373900736e-02 -1.572596613545379843e-02 -5.966894957054982504e-03 -6.389906557962358420e+03
-3.072332249588832082e-02 -1.705806543430329631e-03 2.460649812493274913e-02 1.908999982863952491e-02 -1.565920471886156698e-02 -5.830817971285846314e-03 -6.392871649662309210e+03
-3.073693203418764036e-02 -1.797473951514628110e-03 2.468310085555071309e-02 1.908902996302764415e-02 -1.559164811658964554e-02 -5.694160675050648386e-03 -6.395834358708708351e+03
-3.075052806271560274e-02 -1.889409254684366359e-03 2.475958845545182807e-02 1.908756391599587474e-02 -1.552330204585643247e-02 -5.557066248549597832e-03 -6.398794679537656521e+03
-3.076411054803747380e-02 -1.981613312800729453e-03 2.483595855883790476e-02 1.908559744199582117e-02 -1.545418594225587278e-02 -5.419683222931340714e-03 -6.401752606960471894e+03
-3.077767945475606143e-02 -2.074086942395118698e-03 2.491220878272007791e-02 1.908312770206943565e-02 -1.538432041751012017e-02 -5.282208898534602667e-03 -6.404708135353546822e+03
-3.079123474772533370e-02 -2.166830974137422001e-03 2.498833681425289416e-02 1.908014940879757676e-02 -1.531371618204489804e-02 -5.144806282901711637e-03 -6.407661259154596337e+03
-3.080477639301789153e-02 -2.259846285110897381e-03 2.506434036286469061e-02 1.907665973339752949e-02 -1.524239567280203690e-02 -5.007699060030513551e-03 -6.410611973092281005e+03
-3.081830435394544015e-02 -2.353133700802684854e-03 2.514021703722512865e-02 1.907265386117886277e-02 -1.517040082059945352e-02 -4.870946910075668601e-03 -6.413560271187488070e+03
-3.083181859723365878e-02 -2.446694137850700165e-03 2.521596431745259242e-02 1.906812958412058834e-02 -1.509773160021008961e-02 -4.734713872006933444e-03 -6.416506148278122964e+03
-3.084531908628599176e-02 -2.540528453536923959e-03 2.529157953217785540e-02 1.906308203762518971e-02 -1.502443709582243665e-02 -4.599180800083565827e-03 -6.419449598478378903e+03
-3.085880578543635441e-02 -2.634637535351175720e-03 2.536706001188971174e-02 1.905751085967176753e-02 -1.495055321255686631e-02 -4.464566454398814256e-03 -6.422390616164846506e+03
-3.087227865981994820e-02 -2.729022301526142381e-03 2.544240307403110302e-02 1.905141584616011977e-02 -1.487610881910305695e-02 -4.331086457912011745e-03 -6.425329195916811841e+03
-3.088573767166410272e-02 -2.823683618259471839e-03 2.551760580119775620e-02 1.904479531965260625e-02 -1.480116306530182384e-02 -4.199038208292982244e-03 -6.428265331640645854e+03
-3.089918278567264226e-02 -2.918622416311722565e-03 2.559266541865806016e-02 1.903765078624402099e-02 -1.472575303957266574e-02 -4.068639439220749811e-03 -6.431199017898061356e+03
-3.091261396472408385e-02 -3.013839581387603786e-03 2.566757918911194078e-02 1.902997980770393394e-02 -1.464990360262728546e-02 -3.940012939150133210e-03 -6.434130248804175608e+03
-3.092603117286779266e-02 -3.109336030209761213e-03 2.574234434591384652e-02 1.902178089483518020e-02 -1.457364293903533163e-02 -3.813290726532025075e-03 -6.437059018668297540e+03
-3.093943437330595389e-02 -3.205112676014062415e-03 2.581695827020390882e-02 1.901304896346949283e-02 -1.449697283914192468e-02 -3.688404166389055907e-03 -6.439985321528118220e+03
-3.095282353003888168e-02 -3.301170450841790956e-03 2.589141814629782046e-02 1.900377742459656225e-02 -1.441987739598703938e-02 -3.565337103344920315e-03 -6.442909151521692365e+03
-3.096619860719005898e-02 -3.397510287820817380e-03 2.596572104039288412e-02 1.899396038210571930e-02 -1.434232431082882279e-02 -3.443915249766429411e-03 -6.445830502738475843e+03
-3.097955956924214327e-02 -3.494133127765489556e-03 2.603986388305605873e-02 1.898359132408455538e-02 -1.426427052661771722e-02 -3.323974506738646643e-03 -6.448749369317733908e+03
-3.099290638015318733e-02 -3.591039904921572001e-03 2.611384375971740127e-02 1.897266370209054961e-02 -1.418567914555921884e-02 -3.205321624923939978e-03 -6.451665745227443040e+03
-3.100623900322698953e-02 -3.688231555152497038e-03 2.618765742769859489e-02 1.896117032141805131e-02 -1.410649575871652031e-02 -3.087723176096139523e-03 -6.454579624322120253e+03
-3.101955740308776771e-02 -3.785709051703022889e-03 2.626130194012074939e-02 1.894910537078582299e-02 -1.402667498103142563e-02 -2.970981912904222845e-03 -6.457491000865052229e+03
-3.103286154165326230e-02 -3.883473310101123298e-03 2.633477446216185222e-02 1.893646154034875698e-02 -1.394617162795312899e-02 -2.854864628379140314e-03 -6.460399868547558981e+03
-3.104615138164341578e-02 -3.981525275274739283e-03 2.640807217967989368e-02 1.892323154106674565e-02 -1.386494686084260332e-02 -2.739159441690637315e-03 -6.463306221266003377e+03
-3.105942688583090971e-02 -4.079865913529747735e-03 2.648119211055845190e-02 1.890940613139877047e-02 -1.378296297676853861e-02 -2.623657380267132612e-03 -6.466210052907478712e+03
-3.107268801742564188e-02 -4.178496222862281007e-03 2.655413116067903076e-02 1.889497668142596856e-02 -1.370016346570429241e-02 -2.508202491590151573e-03 -6.469111357474088436e+03
-3.108593473795232681e-02 -4.277417160462645279e-03 2.662688595172323092e-02 1.887993592501888140e-02 -1.361652733798785972e-02 -2.392618932953258920e-03 -6.472010128515441465e+03
-3.109916701001335521e-02 -4.376629711596995674e-03 2.669945319042021231e-02 1.886427718317259042e-02 -1.353199877468940458e-02 -2.276769858614250547e-03 -6.474906359884512312e+03
-3.111238479566681009e-02 -4.476134867531714537e-03 2.677182953663032744e-02 1.884799394049491150e-02 -1.344656087522684042e-02 -2.160445960959590534e-03 -6.477800045358107127e+03
-3.112558805612054835e-02 -4.575933608005978807e-03 2.684401161309055150e-02 1.883107916052082290e-02 -1.336016175163897389e-02 -2.043529267131448997e-03 -6.480691178527471493e+03
-3.113877675300812803e-02 -4.676026930224085054e-03 2.691599637036057313e-02 1.881352548596568891e-02 -1.327275771551058442e-02 -1.925828472162890688e-03 -6.483579753194962905e+03
-3.115195084621270871e-02 -4.776415793037278208e-03 2.698778078954946688e-02 1.879532572487443293e-02 -1.318433113952443420e-02 -1.807205915628212452e-03 -6.486465762802944482e+03
-3.116511029709348804e-02 -4.877101208423277774e-03 2.705936170683161460e-02 1.877646922662168719e-02 -1.309482388691010461e-02 -1.687472858538089987e-03 -6.489349201118847304e+03
-3.117825506655588774e-02 -4.978084192101235768e-03 2.713073566490533176e-02 1.875694975851072491e-02 -1.300420517913040280e-02 -1.566487591308007854e-03 -6.492230061723406834e+03
-3.119138511470262443e-02 -5.079365756925830790e-03 2.720189905956885493e-02 1.873675637043427725e-02 -1.291243887650486179e-02 -1.444022745146394341e-03 -6.495108337997007766e+03
-3.120450040165798078e-02 -5.180946934969968276e-03 2.727284824793531348e-02 1.871588260450257959e-02 -1.281947797382963425e-02 -1.319980237313191128e-03 -6.497984023405585503e+03
-3.121760088750676759e-02 -5.282828754472323855e-03 2.734357971147607924e-02 1.869431974997453824e-02 -1.272528330281860048e-02 -1.194105101117289448e-03 -6.500857111400565373e+03
-3.123068653264572322e-02 -5.385012262213492024e-03 2.741408997693075764e-02 1.867205971013893157e-02 -1.262980915689061213e-02 -1.066310449742234340e-03 -6.503727595554759318e+03
-3.124375729629228632e-02 -5.487498491960994020e-03 2.748437563582613666e-02 1.864909446432781032e-02 -1.253302673902074484e-02 -9.364270659753725018e-04 -6.506595469248429254e+03
-3.125681313656059057e-02 -5.590288456810578628e-03 2.755443324265775470e-02 1.862541656282916749e-02 -1.243489819882709173e-02 -8.043712271597989062e-04 -6.509460725657449075e+03
-3.126985401184800145e-02 -5.693383194492354291e-03 2.762425912992058988e-02 1.860101913904512946e-02 -1.233542191706028454e-02 -6.701053781019343600e-04 -6.512323358123358048e+03
-3.128287988011495963e-02 -5.796783757709825236e-03 2.769384941600262773e-02 1.857589886643995838e-02 -1.223460444423838875e-02 -5.337027764788090326e-04 -6.515183359907461636e+03
-3.129589069948481711e-02 -5.900491238966089000e-03 2.776319990837926299e-02 1.855005382279998477e-02 -1.213247449829957421e-02 -3.952541021151381707e-04 -6.518040724393481469e+03
-3.130888642664647614e-02 -6.004506726223153394e-03 2.783230619711040549e-02 1.852348251557429937e-02 -1.202908173656151540e-02 -2.550514282229208898e-04 -6.520895444769186724e+03
-3.132186701692041275e-02 -6.108831296253128262e-03 2.790116409124918095e-02 1.849618671118357163e-02 -1.192449587223941808e-02 -1.134753094446338509e-04 -6.523747514015026354e+03
-3.133483242707996858e-02 -6.213466083950055195e-03 2.796976962475753586e-02 1.846816623908035734e-02 -1.181879164965423182e-02 2.904528998659628352e-05 -6.526596925599860697e+03
-3.134778261136578204e-02 -6.318412161125292609e-03 2.803811867071965419e-02 1.843942610608911847e-02 -1.171206127620617529e-02 1.720681320491916427e-04 -6.529443672385463287e+03
-3.136071752545364216e-02 -6.423670639790692027e-03 2.810620692014082975e-02 1.840996607773363533e-02 -1.160438607563161334e-02 3.151546491787308979e-04 -6.532287747553308691e+03
-3.137363712429304397e-02 -6.529242612414242787e-03 2.817403005530485713e-02 1.837978757465279570e-02 -1.149582215105744015e-02 4.579712329802003413e-04 -6.535129144065016590e+03
-3.138654136335602279e-02 -6.635129185954262432e-03 2.824158352214374210e-02 1.834888886726575991e-02 -1.138641843279750675e-02 6.003850109741867749e-04 -6.537967854952370544e+03
-3.139943019793751955e-02 -6.741331467548165694e-03 2.830886269445248571e-02 1.831726756031567052e-02 -1.127619563787215194e-02 7.421810681642342002e-04 -6.540803873085153100e+03
-3.141230358449237370e-02 -6.847850601692647907e-03 2.837586322235595426e-02 1.828491820300578649e-02 -1.116514635871491967e-02 8.834634388487124911e-04 -6.543637191498326501e+03
-3.142516147772508178e-02 -6.954687699537072561e-03 2.844258088221694389e-02 1.825183097178544739e-02 -1.105324255641489638e-02 1.024214155841359853e-03 -6.546467802808054330e+03
-3.143800383394986658e-02 -7.061843923597980154e-03 2.850901167441566644e-02 1.821799518041684884e-02 -1.094042212177042880e-02 1.164643991728655289e-03 -6.549295700033943831e+03
-3.145083060774152284e-02 -7.169320397268570330e-03 2.857515164073485062e-02 1.818340046934286899e-02 -1.082666132752133949e-02 1.304944174279343283e-03 -6.552120875735863592e+03
-3.146364175452293771e-02 -7.277118269627619665e-03 2.864099670430054340e-02 1.814803703967692722e-02 -1.071189569959402760e-02 1.445249428081171652e-03 -6.554943322696512951e+03
-3.147643722895023671e-02 -7.385238672612779408e-03 2.870654235576883609e-02 1.811189444309745794e-02 -1.059607986742174338e-02 1.585826762284507467e-03 -6.557763033485055530e+03
-3.148921698590607943e-02 -7.493682759333741492e-03 2.877178399674519549e-02 1.807496206882389100e-02 -1.047916133819094993e-02 1.726859471745106163e-03 -6.560580000768385617e+03
-3.150198097920610396e-02 -7.602451660078710961e-03 2.883671673440443492e-02 1.803723035091145052e-02 -1.036110023151147128e-02 1.868539586023414264e-03 -6.563394216977229917e+03
-3.151472916446546035e-02 -7.711546574326598978e-03 2.890133594446256393e-02 1.799868779242813632e-02 -1.024182139438867441e-02 2.011107936942559821e-03 -6.566205674977462877e+03
-3.152746149405430409e-02 -7.820968638634398160e-03 2.896563718182235819e-02 1.795932302236610822e-02 -1.012126960357275299e-02 2.154836258795824865e-03 -6.569014366854133186e+03
-3.154017792242310575e-02 -7.930719071206840040e-03 2.902961599071361698e-02 1.791912354048574851e-02 -9.999394205413529926e-03 2.299890522825822313e-03 -6.571820285266287101e+03
-3.155287840297907320e-02 -8.040799072451441931e-03 2.909326791012876653e-02 1.787807815424768271e-02 -9.876124478754168268e-03 2.446525167497649606e-03 -6.574623422635798306e+03
-3.156556288770015484e-02 -8.151209822988399190e-03 2.915658842499960560e-02 1.783617434599783780e-02 -9.751407412127302901e-03 2.594935652888152866e-03 -6.577423771135252537e+03
-3.157823132924835602e-02 -8.261952541150996768e-03 2.921957274098378049e-02 1.779340333252404580e-02 -9.625206691002929221e-03 2.745241327940863528e-03 -6.580221323163747002e+03
-3.159088367916362133e-02 -8.373028422843546009e-03 2.928221574186310946e-02 1.774975483120843148e-02 -9.497487204969252278e-03 2.897597521844260098e-03 -6.583016070837859843e+03
-3.160351988965554026e-02 -8.484438699034880724e-03 2.934451220985687114e-02 1.770522152113422273e-02 -9.368239870916854686e-03 3.052015763685757797e-03 -6.585808006570360703e+03
-3.161613991145304642e-02 -8.596184587949166553e-03 2.940645663265724005e-02 1.765979795484677248e-02 -9.237463856253919775e-03 3.208452395920249802e-03 -6.588597122538476469e+03
-3.162874369406391134e-02 -8.708267306080071449e-03 2.946804368165918675e-02 1.761347873172200082e-02 -9.105188151596672885e-03 3.366749705819949406e-03 -6.591383410679487497e+03
-3.164133118762525038e-02 -8.820688126662600687e-03 2.952926799080722239e-02 1.756626466643670947e-02 -8.971473412783495527e-03 3.526707013581229910e-03 -6.594166863225924317e+03
-3.165390234038620298e-02 -8.933448311527007399e-03 2.959012432139981885e-02 1.751815514274394220e-02 -8.836409339604662030e-03 3.687883931996567034e-03 -6.596947472115630262e+03
-3.166645710113395740e-02 -9.046549157377070660e-03 2.965060732056364751e-02 1.746915291132544387e-02 -8.700080294144501084e-03 3.849878980306698818e-03 -6.599725229532174126e+03
-3.167899541728900342e-02 -9.159991940542986516e-03 2.971071122688115698e-02 1.741926164381181127e-02 -8.562585787469264437e-03 4.012196436509138722e-03 -6.602500127392672766e+03
-3.169151723510148927e-02 -9.273777928021842074e-03 2.977043032381170018e-02 1.736848056941946855e-02 -8.424027120030243287e-03 4.174372789745581409e-03 -6.605272157339921250e+03
-3.170402250372876540e-02 -9.387908466759244466e-03 2.982975885676616631e-02 1.731680954920709892e-02 -8.284494492785227440e-03 4.336067873971581610e-03 -6.608041311659785606e+03
-3.171651116915222279e-02 -9.502384801343926116e-03 2.988869079516791316e-02 1.726424702807084419e-02 -8.144021398737542536e-03 4.497084210998941560e-03 -6.610807581763558119e+03
-3.172898317964278903e-02 -9.617208242933241585e-03 2.994721999455060221e-02 1.721078640653291372e-02 -8.002637114444457328e-03 4.657284913418688159e-03 -6.613570959537273666e+03
-3.174143848288703967e-02 -9.732380083012486319e-03 3.000534065879530837e-02 1.715642058711715212e-02 -7.860337708981306182e-03 4.816710392869997907e-03 -6.616331436588317956e+03
-3.175387702710682353e-02 -9.847901643792032755e-03 3.006304716356415427e-02 1.710114100345824090e-02 -7.717084955645897408e-03 4.975364951208734524e-03 -6.619089004618585932e+03
-3.176629875956744203e-02 -9.963774237581482160e-03 3.012033391641803434e-02 1.704493714447448752e-02 -7.572846414014111453e-03 5.133475568923832714e-03 -6.621843655093912275e+03
-3.177870362825450934e-02 -1.007999921359215706e-02 3.017719514323083038e-02 1.698779836987464320e-02 -7.427557273039038857e-03 5.291050355311019589e-03 -6.624595379709911867e+03
-3.179109157865158547e-02 -1.019657787665442100e-02 3.023362479399581068e-02 1.692971213141912859e-02 -7.281198471061341854e-03 5.448291214773376238e-03 -6.627344169627458541e+03
-3.180346255790161836e-02 -1.031351161485439226e-02 3.028961686422576918e-02 1.687066433100358268e-02 -7.133715117640560162e-03 5.605351046576998071e-03 -6.630090016489368281e+03
-3.181581651119238380e-02 -1.043080176800807550e-02 3.034516523415151795e-02 1.681064370975598327e-02 -6.985070693409336368e-03 5.762364017153430440e-03 -6.632832911464545759e+03
-3.182815338438078206e-02 -1.054844969253631269e-02 3.040026365245530882e-02 1.674963748720773721e-02 -6.835221827424404865e-03 5.919512807103013800e-03 -6.635572845873196457e+03
-3.184047312275906788e-02 -1.066645673657327063e-02 3.045490580034754952e-02 1.668763367233812994e-02 -6.684118611304378822e-03 6.076914035408698643e-03 -6.638309810881753947e+03
-3.185277567215887701e-02 -1.078482427942305602e-02 3.050908524145158618e-02 1.662462200133717552e-02 -6.531709299437101109e-03 6.234744746844517183e-03 -6.641043797744802760e+03
-3.186506097697656970e-02 -1.090355368338414774e-02 3.056279560125790482e-02 1.656059155690265891e-02 -6.377943239552576193e-03 6.393132975895225896e-03 -6.643774797411612781e+03
-3.187732898295533163e-02 -1.102264638194955237e-02 3.061603052547365311e-02 1.649553135926848380e-02 -6.222775055108307508e-03 6.552148125201413299e-03 -6.646502801281185384e+03
-3.188957963198919832e-02 -1.114210372620368962e-02 3.066878338537675289e-02 1.642942902966712526e-02 -6.066186329516007683e-03 6.711987033592564482e-03 -6.649227799920541656e+03
-3.190181286824098766e-02 -1.126192717135579731e-02 3.072104723031504267e-02 1.636227036291561243e-02 -5.908123197741383531e-03 6.872662578288716261e-03 -6.651949784555793485e+03
-3.191402863443264237e-02 -1.138211815173548538e-02 3.077281541790644753e-02 1.629404003118511274e-02 -5.748554220939982792e-03 7.034344821816127837e-03 -6.654668746104131969e+03
-3.192622687209981103e-02 -1.150267807741831017e-02 3.082408152885010230e-02 1.622472624311938755e-02 -5.587437619435726456e-03 7.197130562853687637e-03 -6.657384675167872047e+03
-3.193840752367248237e-02 -1.162360838212810228e-02 3.087483854478534004e-02 1.615431676321198856e-02 -5.424720328443913622e-03 7.361185386634757320e-03 -6.660097562480111264e+03
-3.195057053148400716e-02 -1.174491050284612141e-02 3.092507937598921661e-02 1.608280004725027787e-02 -5.260353778534812737e-03 7.526615739200329808e-03 -6.662807398704160732e+03
-3.196271583855293114e-02 -1.186658591831780615e-02 3.097479688248645086e-02 1.601016370152032881e-02 -5.094271263371508672e-03 7.693609220713820175e-03 -6.665514174747036122e+03
-3.197484338621833788e-02 -1.198863608995911004e-02 3.102398403038622576e-02 1.593639411559072058e-02 -4.926421041098492937e-03 7.862274477732415084e-03 -6.668217881196920644e+03
-3.198695311433218808e-02 -1.211106244970471327e-02 3.107263357506780815e-02 1.586147514650713963e-02 -4.756756602249214913e-03 8.032800709561747562e-03 -6.670918508298338566e+03
-3.199904496276238103e-02 -1.223386646540797033e-02 3.112073822853989383e-02 1.578538762814325411e-02 -4.585205913794191540e-03 8.205305685668342827e-03 -6.673616046435184217e+03
-3.201111887147359975e-02 -1.235704963764211808e-02 3.116829053086980772e-02 1.570811460864524750e-02 -4.411693959813364589e-03 8.380017934766770954e-03 -6.676310486026433864e+03
-3.202317478116289279e-02 -1.248061350612116385e-02 3.121528306056288102e-02 1.562963812658215920e-02 -4.236140736601370395e-03 8.557186621000620330e-03 -6.679001817596674300e+03
-3.203521263137996261e-02 -1.260455958351009743e-02 3.126170850228811998e-02 1.554994348066214734e-02 -4.058455204169149344e-03 8.737035820742599518e-03 -6.681690031330518650e+03
-3.204723236017605059e-02 -1.272888934251654655e-02 3.130755939667213827e-02 1.546901038207747908e-02 -3.878534402186530929e-03 8.919886079092611067e-03 -6.684375117072509966e+03
-3.205923390764527786e-02 -1.285360433743303922e-02 3.135282813207514174e-02 1.538681943140778746e-02 -3.696271787123795935e-03 9.106053089649708901e-03 -6.687057065213841270e+03
-3.207121721141050624e-02 -1.297870605867220209e-02 3.139750732550428830e-02 1.530334741690835346e-02 -3.511549339000918143e-03 9.295794741749723727e-03 -6.689735865571761678e+03
-3.208318221018335165e-02 -1.310419605645333878e-02 3.144158947965915163e-02 1.521857075513532477e-02 -3.324253015192167940e-03 9.489512387602986460e-03 -6.692411508315806714e+03
-3.209512884121661774e-02 -1.323007586407167098e-02 3.148506656241835400e-02 1.513246875630572079e-02 -3.134274502454437259e-03 9.687419814585297717e-03 -6.695083983242458999e+03
-3.210705704057598142e-02 -1.335634701957343073e-02 3.152793008849782280e-02 1.504501935846294658e-02 -2.941496176732237393e-03 9.889833827970364796e-03 -6.697753279911573372e+03
-3.211896674674898783e-02 -1.348301118552677237e-02 3.157017157175422833e-02 1.495620599749992660e-02 -2.745852923744466784e-03 1.009697075637886431e-02 -6.700419388673803951e+03
-3.213085789304300638e-02 -1.361006990649326308e-02 3.161178293750966511e-02 1.486601468234338697e-02 -2.547305997168047929e-03 1.030890704753198439e-02 -6.703082298738720056e+03
-3.214273041357001981e-02 -1.373752479356491266e-02 3.165275577853138983e-02 1.477443730908876290e-02 -2.345868222600208750e-03 1.052557416928576184e-02 -6.705741999761401530e+03
-3.215458424035972512e-02 -1.386537745324718449e-02 3.169308127917680462e-02 1.468147182425903578e-02 -2.141626500170603926e-03 1.074665803868091532e-02 -6.708398481258029278e+03
-3.216641930675494948e-02 -1.399362960423171723e-02 3.173275014139842476e-02 1.458712520703495108e-02 -1.934749319574992051e-03 1.097162235515735523e-02 -6.711051733413637521e+03
-3.217823553944346854e-02 -1.412228281491604599e-02 3.177175222414090061e-02 1.449141609924375559e-02 -1.725486734708483972e-03 1.119957664406251961e-02 -6.713701744875485929e+03
-3.219003286860086521e-02 -1.425133883758633764e-02 3.181007632643578775e-02 1.439436929312883258e-02 -1.514161566708348847e-03 1.142956445825365000e-02 -6.716348505417073284e+03
-3.220181122218062492e-02 -1.438079941394019429e-02 3.184771074362569010e-02 1.429601471368265736e-02 -1.301143412367348866e-03 1.166043839631675412e-02 -6.718992004499646100e+03
-3.221357052621364597e-02 -1.451066625785457469e-02 3.188464413080555754e-02 1.419638160420263161e-02 -1.086802828017026682e-03 1.189107346531704558e-02 -6.721632231185631099e+03
-3.222531070684109267e-02 -1.464094110306996162e-02 3.192086563566454843e-02 1.409549728994313224e-02 -8.714749974432860723e-04 1.212043506407535845e-02 -6.724269174587895577e+03
-3.223703169124807200e-02 -1.477162569655992262e-02 3.195636464123666892e-02 1.399338110724310247e-02 -6.554206130757666768e-04 1.234772878835090418e-02 -6.726902823954060295e+03
-3.224873340713993453e-02 -1.490272177384733589e-02 3.199113051047716011e-02 1.389004435473864367e-02 -4.388392318538735068e-04 1.257230270253577482e-02 -6.729533168428238241e+03
-3.226041578129826282e-02 -1.503423103042013723e-02 3.202515267424248940e-02 1.378548825720094309e-02 -2.218326558864047173e-04 1.279384021349734037e-02 -6.732160196615606765e+03
-3.227207874429284529e-02 -1.516615527586285747e-02 3.205842035472555168e-02 1.367970875357067337e-02 -4.443365234830308685e-06 1.301217259843778264e-02 -6.734783897777518177e+03
-3.228372222175084766e-02 -1.529849613364863033e-02 3.209092299413297822e-02 1.357269158427453458e-02 2.133369979399066599e-04 1.322737351284710913e-02 -6.737404259660095704e+03
-3.229534614640029722e-02 -1.543125549599969407e-02 3.212265006731526013e-02 1.346441513899762805e-02 4.316001571430643229e-04 1.343957909383142885e-02 -6.740021271976303069e+03
-3.230695044313282999e-02 -1.556443501221271321e-02 3.215359157159571740e-02 1.335485603307707235e-02 6.504575495015328277e-04 1.364914316906700592e-02 -6.742634922469364938e+03
-3.231853503973380892e-02 -1.569803642726868079e-02 3.218373778768608695e-02 1.324398902639796656e-02 8.700169200535572524e-04 1.385634989998306768e-02 -6.745245199568823409e+03
-3.233009986606841246e-02 -1.583206157479100790e-02 3.221307891006532781e-02 1.313178956672462691e-02 1.090422587889438915e-03 1.406161344769296835e-02 -6.747852092272182745e+03
-3.234164484530041572e-02 -1.596651208560266946e-02 3.224160461605032196e-02 1.301823348687124009e-02 1.311791747977142332e-03 1.426528514896530965e-02 -6.750455587812618433e+03
-3.235316990811164251e-02 -1.610138988860738973e-02 3.226930398580397930e-02 1.290329724598518295e-02 1.534256378440449018e-03 1.446763595993479437e-02 -6.753055675350820820e+03
-3.236467497800718518e-02 -1.623669670734299852e-02 3.229616602346932486e-02 1.278695530213228015e-02 1.757928643267712933e-03 1.466891825482975233e-02 -6.755652342247839442e+03
-3.237615998018707891e-02 -1.637243437957613609e-02 3.232217958659248935e-02 1.266918239702683781e-02 1.982902958811155834e-03 1.486951571493083830e-02 -6.758245576533434360e+03
-3.238762484112479162e-02 -1.650860483305382695e-02 3.234733308468851903e-02 1.254995253851882812e-02 2.209309174957052764e-03 1.506962025907453498e-02 -6.760835366772171255e+03
-3.239906947981019414e-02 -1.664520975764492358e-02 3.237161539027304941e-02 1.242924092105987012e-02 2.437224665666384415e-03 1.526947707189481480e-02 -6.763421699687172804e+03
-3.241049382147442176e-02 -1.678225108162235621e-02 3.239501541035876703e-02 1.230702625073355240e-02 2.666760519436798486e-03 1.546940512119651841e-02 -6.766004563672313452e+03
-3.242189778845508408e-02 -1.691973064291344558e-02 3.241752175243162171e-02 1.218328692414288351e-02 2.897985549886007012e-03 1.566958346426291018e-02 -6.768583946251342240e+03
-3.243328130378045349e-02 -1.705765034842643413e-02 3.243912239493387112e-02 1.205800178907685816e-02 3.131005964468831695e-03 1.587023921076867808e-02 -6.771159835200877751e+03
-3.244464428631490399e-02 -1.719601201030001789e-02 3.245980520624662524e-02 1.193114724628395809e-02 3.365922837377279854e-03 1.607155798181091055e-02 -6.773732217303697325e+03
-3.245598665860357362e-02 -1.733481761591644521e-02 3.247955772237900302e-02 1.180269888158495470e-02 3.602825962442822525e-03 1.627373524545787029e-02 -6.776301080301535876e+03
-3.246730833965902341e-02 -1.747406907077689309e-02 3.249836738295602823e-02 1.167263209777716186e-02 3.841818107487225600e-03 1.647703582648396559e-02 -6.778866411170605716e+03
-3.247860924890037110e-02 -1.761376833328989408e-02 3.251622151505612068e-02 1.154092072531476276e-02 4.082971561924338133e-03 1.668170233173717903e-02 -6.781428197259909211e+03
-3.248988930383383406e-02 -1.775391730050611058e-02 3.253310767385019647e-02 1.140753891730791718e-02 4.326390416018248766e-03 1.688794923170181678e-02 -6.783986425390499790e+03
-3.250114842252935232e-02 -1.789451790685032961e-02 3.254901336771564430e-02 1.127246173069348587e-02 4.572165123186784121e-03 1.709598734743308229e-02 -6.786541082503414145e+03
-3.251238652214918923e-02 -1.803557210664014435e-02 3.256392551035827698e-02 1.113566640705560343e-02 4.820428419733633132e-03 1.730607387009293341e-02 -6.789092155434341294e+03
-3.252360352024983442e-02 -1.817708190934709186e-02 3.257783065012621188e-02 1.099712693862965086e-02 5.071269372389771574e-03 1.751838006074698736e-02 -6.791639631131274655e+03
-3.253479933134052066e-02 -1.831904927588775753e-02 3.259071503689740801e-02 1.085681732367961734e-02 5.324798381987652825e-03 1.773313670382546670e-02 -6.794183495717801634e+03
-3.254597387313348106e-02 -1.846147635163524620e-02 3.260256472300875064e-02 1.071471256346213236e-02 5.581073372729161534e-03 1.795046886159250288e-02 -6.796723736391178136e+03
-3.255712705651577638e-02 -1.860436505835304927e-02 3.261336610623900845e-02 1.057079005055193421e-02 5.840129932219083504e-03 1.817038676199493261e-02 -6.799260338796322685e+03
-3.256825879565080489e-02 -1.874771750556810876e-02 3.262310508724411418e-02 1.042503089441809173e-02 6.101974288478414360e-03 1.839288994448423989e-02 -6.801793289791207826e+03
-3.257936899980828221e-02 -1.889153567626374736e-02 3.263176750193742814e-02 1.027742333432885534e-02 6.366591842464185656e-03 1.861786654765998708e-02 -6.804322575160046654e+03
-3.259045757961834960e-02 -1.903582163659053514e-02 3.263933896975852039e-02 1.012795915459640053e-02 6.633986326852606315e-03 1.884513102632747253e-02 -6.806848181093775565e+03
-3.260152444360701895e-02 -1.918057743776849927e-02 3.264580432335718874e-02 9.976627394299721410e-03 6.904102010676503587e-03 1.907443836821639399e-02 -6.809370093282906055e+03
-3.261256950543268279e-02 -1.932580539004330467e-02 3.265114795180736745e-02 9.823415793549915287e-03 7.176908138222582757e-03 1.930564601184391396e-02 -6.811888298727491929e+03
-3.262359266981567502e-02 -1.947150747930020617e-02 3.265535437218083231e-02 9.668305424735240336e-03 7.452363184380443248e-03 1.953851024040748410e-02 -6.814402781960619905e+03
-3.263459384599184249e-02 -1.961768591284373045e-02 3.265840802875701748e-02 9.511280981163067888e-03 7.730448982187856227e-03 1.977290776898481262e-02 -6.816913529034341082e+03
-3.264557294039461405e-02 -1.976434283927428273e-02 3.266029259806117746e-02 9.352327702498948458e-03 8.011137938292596170e-03 2.000875575396002595e-02 -6.819420525475318755e+03
-3.265652985704539657e-02 -1.991148033182891380e-02 3.266099175143354766e-02 9.191434243506308929e-03 8.294463560406686517e-03 2.024605644785088324e-02 -6.821923756172560388e+03
-3.266746450541266333e-02 -2.005910072337249370e-02 3.266048876711445670e-02 9.028590927566474550e-03 8.580427425940079927e-03 2.048474372792805087e-02 -6.824423207530467153e+03
-3.267837678639889942e-02 -2.020720604279259772e-02 3.265876653087164405e-02 8.863783427779811652e-03 8.869049252575983075e-03 2.072474261144155103e-02 -6.826918863492299351e+03
-3.268926660691918312e-02 -2.035579860591628723e-02 3.265580739408593253e-02 8.696989995011528488e-03 9.160327904922396791e-03 2.096610061768794039e-02 -6.829410709529023734e+03
-3.270013387113900050e-02 -2.050488067771774614e-02 3.265159341561454931e-02 8.528188038951908453e-03 9.454283936530026231e-03 2.120881250151869166e-02 -6.831898730481162602e+03
-3.271097847994836050e-02 -2.065445443193511185e-02 3.264610687251393029e-02 8.357355178756780550e-03 9.750970074359809406e-03 2.145291170642268236e-02 -6.834382910597139016e+03
-3.272180033991807513e-02 -2.080452231670426241e-02 3.263932948719972665e-02 8.184472650280117875e-03 1.005043319446289815e-02 2.169846828751214804e-02 -6.836863235830739541e+03
-3.273259934659081272e-02 -2.095508638408551810e-02 3.263124361677217922e-02 8.009524772924828812e-03 1.035270069258749544e-02 2.194552700882574162e-02 -6.839339689379968149e+03
-3.274337540003232488e-02 -2.110614893624583252e-02 3.262183142189913759e-02 7.832496987580093648e-03 1.065777094314903847e-02 2.219394188886185393e-02 -6.841812255876504423e+03
-3.275412839798372278e-02 -2.125771226301783473e-02 3.261107443752804536e-02 7.653378354738254140e-03 1.096558688185125113e-02 2.244362759304883645e-02 -6.844280919399766390e+03
-3.276485823898524219e-02 -2.140977881572845784e-02 3.259895309204191571e-02 7.472160584255094218e-03 1.127603202295534950e-02 2.269419646698655341e-02 -6.846745664587312604e+03
-3.277556481565369051e-02 -2.156235088488944740e-02 3.258544719540118484e-02 7.288843984097382288e-03 1.158895215859359097e-02 2.294528688383793216e-02 -6.849206474697318299e+03
-3.278624802497268759e-02 -2.171543101329152445e-02 3.257053605187795742e-02 7.103437701454947718e-03 1.190414395042125109e-02 2.319640525383286772e-02 -6.851663334561499141e+03
-3.279690775598709945e-02 -2.186902145182922572e-02 3.255419920944416928e-02 6.915955251254025937e-03 1.222140727848317586e-02 2.344709389763369178e-02 -6.854116226975980680e+03
-3.280754390226395950e-02 -2.202312469396120950e-02 3.253641589091416791e-02 6.726408352202691183e-03 1.254053351594547686e-02 2.369687957542692194e-02 -6.856565136146189616e+03
-3.281815635236912804e-02 -2.217774308171058598e-02 3.251716496457371375e-02 6.534809182488865095e-03 1.286134096227472406e-02 2.394537782603605586e-02 -6.859010045093880763e+03
-3.282874499603899432e-02 -2.233287908011859571e-02 3.249642402961921278e-02 6.341166090326231380e-03 1.318366748029082582e-02 2.419222022162953456e-02 -6.861450937065072139e+03
-3.283930972278539806e-02 -2.248853519628898900e-02 3.247416957671805243e-02 6.145484224558898055e-03 1.350734011906722966e-02 2.443710742812757117e-02 -6.863887795106960766e+03
-3.284985042289032681e-02 -2.264471400366908568e-02 3.245037788341155471e-02 5.947765165376484031e-03 1.383225059627964451e-02 2.467970318877301880e-02 -6.866320602443557618e+03
-3.286036698351995494e-02 -2.280141793590441737e-02 3.242502628325032860e-02 5.748007490724151708e-03 1.415828916388167311e-02 2.491981564199913582e-02 -6.868749341484069191e+03
-3.287085929403902457e-02 -2.295864954142135678e-02 3.239809263282681512e-02 5.546200356473795189e-03 1.448540728321454085e-02 2.515732245963637689e-02 -6.871173995226355146e+03
-3.288132723825334253e-02 -2.311641116918585620e-02 3.236955545561626818e-02 5.342326929397502207e-03 1.481360540866166059e-02 2.539223089493098523e-02 -6.873594545389792984e+03
-3.289177070528018915e-02 -2.327470545554249926e-02 3.233939239784925507e-02 5.136362895193910538e-03 1.514297062724763096e-02 2.562466641122290376e-02 -6.876010975231120938e+03
-3.290218958041491587e-02 -2.343353489270034312e-02 3.230758031003450742e-02 4.928273165878198706e-03 1.547362842377430700e-02 2.585482266681628574e-02 -6.878423266472364048e+03
-3.291258375023677768e-02 -2.359290207259689270e-02 3.227409542358799371e-02 4.718018233966493787e-03 1.580568393204065045e-02 2.608283183409271927e-02 -6.880831401122804891e+03
-3.292295309573987916e-02 -2.375280936806035276e-02 3.223891454443902210e-02 4.505559403070459080e-03 1.613926350420657671e-02 2.630885819889560231e-02 -6.883235359734539088e+03
-3.293329750590430482e-02 -2.391325964033034004e-02 3.220201417041915898e-02 4.290862684374083767e-03 1.647442645595514898e-02 2.653296946512864740e-02 -6.885635125768227226e+03
-3.294361685576911725e-02 -2.407425525095882937e-02 3.216337165666979803e-02 4.073907883609560396e-03 1.681115689676012520e-02 2.675521203349422172e-02 -6.888030679472646625e+03
-3.295391102100671266e-02 -2.423579872741538771e-02 3.212296415293601493e-02 3.854687157745661456e-03 1.714939311270585048e-02 2.697545252601472876e-02 -6.890422001974405248e+03
-3.296417988132713250e-02 -2.439789291966875870e-02 3.208076748787567350e-02 3.633197790516160680e-03 1.748901382731052334e-02 2.719344036973312534e-02 -6.892809075812020637e+03
-3.297442330425514462e-02 -2.456054015851452318e-02 3.203675727807549223e-02 3.409433461109716724e-03 1.782984182596893466e-02 2.740874968179294116e-02 -6.895191879844743198e+03
-3.298464117107520466e-02 -2.472374349072416211e-02 3.199090755301688821e-02 3.183384750881378816e-03 1.817174215656114714e-02 2.762100422027793239e-02 -6.897570396965049440e+03
-3.299483334937083900e-02 -2.488750537338624627e-02 3.194319276232263083e-02 2.955039746136626025e-03 1.851457524067171012e-02 2.782996825035128491e-02 -6.899944606351796210e+03
-3.300499971044142805e-02 -2.505182847258521570e-02 3.189358681159239206e-02 2.724383450183868408e-03 1.885827876075646739e-02 2.803553181682264320e-02 -6.902314488311479181e+03
-3.301514013133737685e-02 -2.521671576682381344e-02 3.184206296428784139e-02 2.491394181093086781e-03 1.920288136254909295e-02 2.823766073571720714e-02 -6.904680024717692504e+03
-3.302525447427762106e-02 -2.538216951604157362e-02 3.178859515977810329e-02 2.256043996473743041e-03 1.954846702478405321e-02 2.843642161750934219e-02 -6.907041192917558874e+03
-3.303534261857841992e-02 -2.554819284787510775e-02 3.173315456896479841e-02 2.018289449334039962e-03 1.989517917048008386e-02 2.863191636531419240e-02 -6.909397974731625254e+03
-3.304540443197247906e-02 -2.571478839042119074e-02 3.167571203157248938e-02 1.778083654131150252e-03 2.024315170504746228e-02 2.882426276112558250e-02 -6.911750348653531546e+03
-3.305543978627591833e-02 -2.588195907712887225e-02 3.161623727327755873e-02 1.535380868702557839e-03 2.059253544894101493e-02 2.901368733656281562e-02 -6.914098294706928755e+03
-3.306544854755127938e-02 -2.604970763110215845e-02 3.155470037477754730e-02 1.290137789342823754e-03 2.094348650333648434e-02 2.920036759769490189e-02 -6.916441791567481232e+03
-3.307543058049646628e-02 -2.621803681220746460e-02 3.149107134726071566e-02 1.042316344113862784e-03 2.129613992677354892e-02 2.938441967541780692e-02 -6.918780817852190921e+03
-3.308538574971701257e-02 -2.638694944730709049e-02 3.142532051033498919e-02 7.918774308011322562e-04 2.165062001951623127e-02 2.956599162576365597e-02 -6.921115352369663015e+03
-3.309531391953236118e-02 -2.655644849389101475e-02 3.135741671238133355e-02 5.387869873350310899e-04 2.200702332196952452e-02 2.974512222122265362e-02 -6.923445374152955083e+03
-3.310521494938019338e-02 -2.672653681896270186e-02 3.128732761384168254e-02 2.830130581921890594e-04 2.236538479077126648e-02 2.992184563922478321e-02 -6.925770861201859589e+03
-3.311508869446686681e-02 -2.689721717612429674e-02 3.121502088720812945e-02 2.452932251060786182e-05 2.272570574026351597e-02 3.009611781616793394e-02 -6.928091790626268448e+03
-3.312493501892499470e-02 -2.706849290833519481e-02 3.114046317663823546e-02 -2.366881581728596921e-04 2.308795569782409740e-02 3.026783921484422352e-02 -6.930408142603290798e+03
-3.313475377160674668e-02 -2.724036663642430064e-02 3.106362262422608309e-02 -5.006595407954714250e-04 2.345207868349045294e-02 3.043682366472018341e-02 -6.932719893007545579e+03
-3.314454480575044354e-02 -2.741284131420224091e-02 3.098446654675455353e-02 -7.674017461498406105e-04 2.381804517701672022e-02 3.060305434630171753e-02 -6.935027019383664083e+03
-3.315430797177092853e-02 -2.758591990720376391e-02 3.090296069578154364e-02 -1.036931773316585297e-03 2.418583787348181288e-02 3.076641601995651343e-02 -6.937329498915920340e+03
-3.316404312446051550e-02 -2.775960568647146964e-02 3.081906938622120534e-02 -1.309275777612917352e-03 2.455540709381058909e-02 3.092680947698990893e-02 -6.939627309985631655e+03
-3.317375010698206395e-02 -2.793390135740515118e-02 3.073275729189896277e-02 -1.584461402782323886e-03 2.492676165630800314e-02 3.108411800036523995e-02 -6.941920427444983034e+03
-3.318342876995215157e-02 -2.810881009381509255e-02 3.064398843455823709e-02 -1.862521017590599345e-03 2.529989701139679151e-02 3.123822065312298335e-02 -6.944208828473644644e+03
-3.319307896047388184e-02 -2.828433500252346827e-02 3.055272662226275748e-02 -2.143482910898689749e-03 2.567478416293851942e-02 3.138907263368414385e-02 -6.946492489581594782e+03
-3.320270051841232861e-02 -2.846047899427659594e-02 3.045893506873561044e-02 -2.427362046216759769e-03 2.605137809570017352e-02 3.153656017155657271e-02 -6.948771386001280916e+03
-3.321229328679554255e-02 -2.863724529802137708e-02 3.036257558411923144e-02 -2.714178388192163994e-03 2.642961108197342326e-02 3.168066639742982832e-02 -6.951045494313340896e+03
-3.322185710144538034e-02 -2.881463681409945216e-02 3.026360991820015861e-02 -3.003954065523030230e-03 2.680943939280384936e-02 3.182116912716696777e-02 -6.953314788814514941e+03
-3.323139180555884781e-02 -2.899265690717110072e-02 3.016199855508981675e-02 -3.296720587154937897e-03 2.719083009020437439e-02 3.195796870583308275e-02 -6.955579245903845731e+03
-3.324089723742722213e-02 -2.917130875939225043e-02 3.005770196666377597e-02 -3.592506936510428753e-03 2.757378325274070438e-02 3.209095237798505196e-02 -6.957838840650074417e+03
-3.325037322892594044e-02 -2.935059536370017083e-02 2.995067957946120560e-02 -3.891337638963862210e-03 2.795827606187557129e-02 3.222009872232867167e-02 -6.960093546739149133e+03
-3.325981961144818672e-02 -2.953051985935723281e-02 2.984088985158828838e-02 -4.193233805169092193e-03 2.834428402331539212e-02 3.234527806483004225e-02 -6.962343338340998343e+03
-3.326923621592341868e-02 -2.971108547888253945e-02 2.972828992064384390e-02 -4.498218657149215260e-03 2.873176708729120385e-02 3.246635185162138892e-02 -6.964588189615213196e+03
-3.327862287510390676e-02 -2.989229569562938671e-02 2.961283594252058990e-02 -4.806317752978767066e-03 2.912066827355292570e-02 3.258312010020374822e-02 -6.966828075504937260e+03
-3.328797941598996002e-02 -3.007415377830630759e-02 2.949448396346530943e-02 -5.117550418715420199e-03 2.951091031271570186e-02 3.269542219440777636e-02 -6.969062969524820801e+03
-3.329730565825718414e-02 -3.025666276924049436e-02 2.937318999664978794e-02 -5.431926355505244282e-03 2.990239093081997410e-02 3.280315538330844799e-02 -6.971292843677902056e+03
-3.330660142349401581e-02 -3.043982598201955964e-02 2.924890905374569541e-02 -5.749456795419364934e-03 3.029500262491547843e-02 3.290620539197369049e-02 -6.973517671114033874e+03
-3.331586653104317425e-02 -3.062364669734795805e-02 2.912159570860853308e-02 -6.070155122339397982e-03 3.068867274141266407e-02 3.300437897466623749e-02 -6.975737424385387385e+03
-3.332510080263189484e-02 -3.080812844711867601e-02 2.899120255445385153e-02 -6.394047207090758529e-03 3.108330722939207230e-02 3.309741808427678345e-02 -6.977952076840168047e+03
-3.333430405399040453e-02 -3.099327454700122331e-02 2.885768156237732834e-02 -6.721154660780302888e-03 3.147880312209734577e-02 3.318515154608292494e-02 -6.980161600245081900e+03
-3.334347609383386118e-02 -3.117908802957991207e-02 2.872098429917306975e-02 -7.051497347592691929e-03 3.187509146234736995e-02 3.326736631926286575e-02 -6.982365964676826479e+03
-3.335261674178509328e-02 -3.136557271174061912e-02 2.858106059145826966e-02 -7.385102707380572680e-03 3.227215511552132543e-02 3.334389516067024634e-02 -6.984565143898102178e+03
-3.336172580349008876e-02 -3.155273155003539970e-02 2.843786133948820669e-02 -7.722009196658762356e-03 3.267002804844438418e-02 3.341447368701760262e-02 -6.986759106854503443e+03
-3.337080309307071530e-02 -3.174056811434280978e-02 2.829133472049551179e-02 -8.062269825088499639e-03 3.306877962198138954e-02 3.347880653672272167e-02 -6.988947825027986255e+03
-3.337984841883367276e-02 -3.192908575976628055e-02 2.814142671529865081e-02 -8.405937460355913590e-03 3.346846514093943653e-02 3.353666413497117388e-02 -6.991131268169841860e+03
-3.338886158875754157e-02 -3.211828804345797511e-02 2.798808178902063501e-02 -8.753063814161422471e-03 3.386912565916940648e-02 3.358773871700105468e-02 -6.993309406707889138e+03
-3.339784240455884873e-02 -3.230817826286126043e-02 2.783124516520723082e-02 -9.103699064316021078e-03 3.427084894638397772e-02 3.363172166459946905e-02 -6.995482209625204632e+03
-3.340679067216308085e-02 -3.249876009935725313e-02 2.767086091607764975e-02 -9.457898984687714353e-03 3.467374107053659837e-02 3.366828040730421301e-02 -6.997649647453148646e+03
-3.341570618534436127e-02 -3.269003660015141338e-02 2.750687395360912335e-02 -9.815716831211023993e-03 3.507783479059447401e-02 3.369714173101957810e-02 -6.999811687128547419e+03
-3.342458874707063265e-02 -3.288201168758445730e-02 2.733922465256686737e-02 -1.017720302233571412e-02 3.548316915905239122e-02 3.371807453021264528e-02 -7.001968299138013208e+03
-3.343343814456219837e-02 -3.307468854326196112e-02 2.716785429504440380e-02 -1.054240035415527146e-02 3.588968608373144242e-02 3.373082030042246632e-02 -7.004119449919597173e+03
-3.344225416880076962e-02 -3.326807082613136152e-02 2.699270271926550169e-02 -1.091134780978431258e-02 3.629735768318154143e-02 3.373506327843651259e-02 -7.006265108153604160e+03
-3.345103660259179240e-02 -3.346216179600313562e-02 2.681371073184801376e-02 -1.128407834072056234e-02 3.670613495489168099e-02 3.373057505564774905e-02 -7.008405240340138334e+03
-3.345978522994005194e-02 -3.365696502006741697e-02 2.663081744952119911e-02 -1.166062291822936650e-02 3.711594783278097248e-02 3.371711858977283899e-02 -7.010539813924387090e+03
-3.346849982645012933e-02 -3.385248379191153900e-02 2.644396114230985334e-02 -1.204100410211633027e-02 3.752667272617024596e-02 3.369462340927117938e-02 -7.012668794309412078e+03
-3.347718017609116470e-02 -3.404872239667315614e-02 2.625307631164276734e-02 -1.242523928579514561e-02 3.793817786130854186e-02 3.366288887089436549e-02 -7.014792150967871748e+03
-3.348582603668901619e-02 -3.424568359459389394e-02 2.605810088527493740e-02 -1.281332538633424972e-02 3.835028772250573953e-02 3.362184340834027674e-02 -7.016909845943347136e+03
-3.349443717789574171e-02 -3.444337134718261639e-02 2.585896965669101655e-02 -1.320524507063395442e-02 3.876275338050694935e-02 3.357156566808731923e-02 -7.019021846670156265e+03
-3.350301335990504142e-02 -3.464178925411306315e-02 2.565561795601247960e-02 -1.360096377259841470e-02 3.917526572224377945e-02 3.351219375550644475e-02 -7.021128118456208540e+03
-3.351155433298839970e-02 -3.484094057804498074e-02 2.544798017486412170e-02 -1.400044352878659394e-02 3.958749470386345448e-02 3.344395711634293861e-02 -7.023228624318711809e+03
-3.352005985406413674e-02 -3.504082925461196596e-02 2.523598686339659225e-02 -1.440365175082663866e-02 3.999916280880128072e-02 3.336700223724883146e-02 -7.025323329693740561e+03
-3.352852966939720569e-02 -3.524145860602728719e-02 2.501956778147308366e-02 -1.481056237598312939e-02 4.041000292086786155e-02 3.328136483153038699e-02 -7.027412196725840658e+03
-3.353696353431787069e-02 -3.544283267941741866e-02 2.479864945185233580e-02 -1.522115613594117976e-02 4.081975803228345134e-02 3.318707473233887401e-02 -7.029495190506945619e+03
-3.354536119634268093e-02 -3.564495509200804602e-02 2.457315745621663217e-02 -1.563542454640131502e-02 4.122820762213339624e-02 3.308411502799354226e-02 -7.031572273661970939e+03
-3.355372239561508346e-02 -3.584782903199973392e-02 2.434301660674403900e-02 -1.605337160598237223e-02 4.163519023165217908e-02 3.297229339431462236e-02 -7.033643406217298434e+03
-3.356204688073628067e-02 -3.605145856133547960e-02 2.410814619514261431e-02 -1.647501143352652492e-02 4.204059827242311725e-02 3.285132905776283474e-02 -7.035708551414425528e+03
-3.357033438863008673e-02 -3.625584701799236531e-02 2.386846536585681897e-02 -1.690035843301981172e-02 4.244431364543886642e-02 3.272087692455841884e-02 -7.037767668830743787e+03
-3.357858466259429353e-02 -3.646099845579911514e-02 2.362389036799023012e-02 -1.732943223348406767e-02 4.284616337195565339e-02 3.258069232671823023e-02 -7.039820720801262723e+03
-3.358679743609098434e-02 -3.666691641338545860e-02 2.337433767622758979e-02 -1.776225429348084889e-02 4.324604997097190873e-02 3.243032902084874713e-02 -7.041867666973401356e+03
-3.359497243298939506e-02 -3.687360391057842302e-02 2.311972293900570533e-02 -1.819885218618941605e-02 4.364387187142356600e-02 3.226928598268303389e-02 -7.043908464064828877e+03
-3.360310939577587641e-02 -3.708106579207156445e-02 2.285995372669536244e-02 -1.863925797623313882e-02 4.403954340417244595e-02 3.209702526191236804e-02 -7.045943076204279350e+03
-3.361120803646429345e-02 -3.728930461451352568e-02 2.259494376171183525e-02 -1.908350444373646884e-02 4.443291930994421046e-02 3.191299598808444021e-02 -7.047971457173908675e+03
-3.361926808038175063e-02 -3.749832430568276337e-02 2.232460175841260303e-02 -1.953163101176657798e-02 4.482388906754569691e-02 3.171661522618919593e-02 -7.049993566302428917e+03
-3.362728924192003727e-02 -3.770812820889942601e-02 2.204883638984592165e-02 -1.998368021879554091e-02 4.521238708738873485e-02 3.150715368010258144e-02 -7.052009359909091472e+03
-3.363527123693516030e-02 -3.791872025829661624e-02 2.176755117013650515e-02 -2.043968633592049139e-02 4.559829780495291279e-02 3.128393897964164977e-02 -7.054018796100242980e+03
-3.364321376695351973e-02 -3.813010349262163645e-02 2.148065113659933245e-02 -2.089967846260792558e-02 4.598144849075255086e-02 3.104645568101266351e-02 -7.056021828794729117e+03
-3.365111654312267359e-02 -3.834228222914405626e-02 2.118803692114570175e-02 -2.136368533115394139e-02 4.636168295483641261e-02 3.079413214321425132e-02 -7.058018416862103550e+03
-3.365897925176242200e-02 -3.855525902591541015e-02 2.088961297127288688e-02 -2.183172884144046755e-02 4.673885778690465426e-02 3.052647835082376512e-02 -7.060008511264011759e+03
-3.366680159401433392e-02 -3.876903827884208009e-02 2.058527431964047791e-02 -2.230382180815322982e-02 4.711280657405481076e-02 3.024294060072826515e-02 -7.061992069991390963e+03
-3.367458324756415072e-02 -3.898362265173922064e-02 2.027491882784825811e-02 -2.277997274844363249e-02 4.748329744842302857e-02 2.994300413456476434e-02 -7.063969043260820399e+03
-3.368232389958086131e-02 -3.919901599018343202e-02 1.995843973508272182e-02 -2.326020150160664282e-02 4.785007775474527797e-02 2.962612796834863255e-02 -7.065939385781637611e+03
-3.369002322451700171e-02 -3.941522128708178224e-02 1.963573084836152047e-02 -2.374453094341480094e-02 4.821296086669697722e-02 2.929153795766692436e-02 -7.067903048198739270e+03
-3.369768089862374555e-02 -3.963224215428209907e-02 1.930667989670164023e-02 -2.423298327819738834e-02 4.857173770755279785e-02 2.893831023877170561e-02 -7.069859983027730777e+03
-3.370529658583164279e-02 -3.985008137791246768e-02 1.897117364248999613e-02 -2.472557516031320332e-02 4.892612307184059789e-02 2.856553235036642796e-02 -7.071810138884381558e+03
-3.371286996340068509e-02 -4.006874352813422774e-02 1.862909209569197505e-02 -2.522233636397081327e-02 4.927584005011882012e-02 2.817236329787710380e-02 -7.073753471219243693e+03
-3.372040067214781417e-02 -4.028823018223678248e-02 1.828032342872877233e-02 -2.572328316945575455e-02 4.962063557415386655e-02 2.775788352071409393e-02 -7.075689922784162263e+03
-3.372788837240278670e-02 -4.050854548113645703e-02 1.792474349478631948e-02 -2.622842641213278189e-02 4.996027202831483660e-02 2.732119787786142090e-02 -7.077619446127560877e+03
-3.373533270978056747e-02 -4.072969274665796946e-02 1.756222786655660395e-02 -2.673775704931257227e-02 5.029441167263164897e-02 2.686187083412377302e-02 -7.079541989842108705e+03
-3.374273331333523668e-02 -4.095167428471571669e-02 1.719265390022957016e-02 -2.725125766428835791e-02 5.062274868501176472e-02 2.637941042349983833e-02 -7.081457498154893983e+03
-3.375008981327822649e-02 -4.117449330839794558e-02 1.681589405950838917e-02 -2.776890355656925352e-02 5.094498390914205255e-02 2.587355929401970872e-02 -7.083365918298357428e+03
-3.375740182695302627e-02 -4.139815238645633277e-02 1.643181855440117856e-02 -2.829065380714487765e-02 5.126081927026109042e-02 2.534401614788994034e-02 -7.085267194337756337e+03
-3.376466897971999032e-02 -4.162265540519487911e-02 1.604028917579514504e-02 -2.881646949145703213e-02 5.156986649015012775e-02 2.479052814999964383e-02 -7.087161274946285630e+03
-3.377189088268314071e-02 -4.184800523063395700e-02 1.564116851769505739e-02 -2.934631235525130694e-02 5.187173786674796616e-02 2.421270783982323524e-02 -7.089048104258062267e+03
-3.377906712897398023e-02 -4.207420353847165367e-02 1.523431987534702714e-02 -2.988014376972381730e-02 5.216606267539612707e-02 2.361000121019862438e-02 -7.090927621360599915e+03
-3.378619731736998838e-02 -4.230125311965975132e-02 1.481959843939279278e-02 -3.041792322615044508e-02 5.245244793882842399e-02 2.298160875395792446e-02 -7.092799768977751228e+03
-3.379328103876540895e-02 -4.252915634791480659e-02 1.439685589156393559e-02 -3.095961545617793159e-02 5.273039381597124931e-02 2.232682994001456908e-02 -7.094664487790970270e+03
-3.380031788768237538e-02 -4.275791662715301006e-02 1.396593745015510708e-02 -3.150518701030464302e-02 5.299942049611752748e-02 2.164456938938241412e-02 -7.096521721907384745e+03
-3.380730743986772729e-02 -4.298753610459583180e-02 1.352668906888840859e-02 -3.205460780848070484e-02 5.325905079624739663e-02 2.093373485465696224e-02 -7.098371410229175126e+03
-3.381424925330050318e-02 -4.321801551171236544e-02 1.307895834215870232e-02 -3.260784057857463863e-02 5.350876545567681553e-02 2.019298294773349059e-02 -7.100213485800672061e+03
-3.382114290770114884e-02 -4.344935859952920448e-02 1.262257574179616142e-02 -3.316485163610885523e-02 5.374796264955023634e-02 1.942116407797421160e-02 -7.102047892572361889e+03
-3.382798794452537838e-02 -4.368156576968381527e-02 1.215738292003712417e-02 -3.372559727347902714e-02 5.397606566636343334e-02 1.861692311143653411e-02 -7.103874561563015050e+03
-3.383478391570266669e-02 -4.391463964177379914e-02 1.168320797342132372e-02 -3.429002811755587493e-02 5.419254426680410880e-02 1.777903773344254382e-02 -7.105693431747788964e+03
-3.384153035299482248e-02 -4.414858132977904359e-02 1.119988064975989753e-02 -3.485808142865066961e-02 5.439679966119938953e-02 1.690655013844661464e-02 -7.107504436034611899e+03
-3.384822677776341132e-02 -4.438339151678290240e-02 1.070722844669067322e-02 -3.542967921315199470e-02 5.458815883562019577e-02 1.599858172711084506e-02 -7.109307505404969561e+03
-3.385487271950554655e-02 -4.461907327326857658e-02 1.020506454245853276e-02 -3.600474836104566867e-02 5.476597967529359817e-02 1.505415065187540313e-02 -7.111102579338973555e+03
-3.386146767460770923e-02 -4.485562636805414533e-02 9.693211116189155707e-03 -3.658319653235922453e-02 5.492963588650601886e-02 1.407226859438210492e-02 -7.112889584769635803e+03
-3.386801113726450874e-02 -4.509305090116096787e-02 9.171482566468436293e-03 -3.716493800074727183e-02 5.507831855050106945e-02 1.305176896352326643e-02 -7.114668449673212308e+03
-3.387450259834375033e-02 -4.533134760935488006e-02 8.639685854444290741e-03 -3.774988297203378529e-02 5.521118736544343431e-02 1.199115668250669460e-02 -7.116439103964763490e+03
-3.388094155231551746e-02 -4.557051897123512441e-02 8.097613706417421120e-03 -3.833794849938385041e-02 5.532736745548261920e-02 1.088850228989787783e-02 -7.118201483450172418e+03
-3.388732744664452179e-02 -4.581056173163577244e-02 7.545077969324165933e-03 -3.892903150968462372e-02 5.542590162905570994e-02 9.741899738631822417e-03 -7.119955503225272878e+03
-3.389365975032591211e-02 -4.605147690049006537e-02 6.981865131042547766e-03 -3.952303601273152861e-02 5.550571666428478351e-02 8.549221428983356727e-03 -7.121701093360959021e+03
-3.389993791566413284e-02 -4.629326463849499362e-02 6.407759908818332940e-03 -4.011984881060370878e-02 5.556573239146263971e-02 7.308161757841778565e-03 -7.123438180797305904e+03
-3.390616136883615322e-02 -4.653592276507450415e-02 5.822551058017519203e-03 -4.071934546014092937e-02 5.560486225711577801e-02 6.016506789181078584e-03 -7.125166684046031151e+03
-3.391232953559440016e-02 -4.677945042011190380e-02 5.226015222687578968e-03 -4.132138903293439136e-02 5.562192315164515150e-02 4.672130997331357290e-03 -7.126886526365790814e+03
-3.391844181481051823e-02 -4.702384480945075856e-02 4.617932673277340069e-03 -4.192581870034632618e-02 5.561581944214822465e-02 3.273120579105791988e-03 -7.128597624338540300e+03
-3.392449761531955710e-02 -4.726910701356773492e-02 3.998059819618327189e-03 -4.253245448009175533e-02 5.558551190464470354e-02 1.818123876057494391e-03 -7.130299908025699551e+03
-3.393049629708798365e-02 -4.751523266798956396e-02 3.366172313742778893e-03 -4.314107800503946821e-02 5.553009298450438391e-02 3.064909348711701434e-04 -7.131993289073628148e+03
-3.393643721824637222e-02 -4.776222004106171759e-02 2.722028692068669334e-03 -4.375144010313954113e-02 5.544873192497642295e-02 -1.261847549282823404e-03 -7.133677688373221827e+03
-3.394231968399188254e-02 -4.801006073623331760e-02 2.065414063892797962e-03 -4.436325200256524548e-02 5.534062326187131481e-02 -2.886467595387245347e-03 -7.135353004643528948e+03
-3.394814305175379576e-02 -4.825875767753846218e-02 1.396049926051463495e-03 -4.497623362577959916e-02 5.520478489218082901e-02 -4.567440122223195842e-03 -7.137019175012666892e+03
-3.395390660586880549e-02 -4.850830243402639436e-02 7.137043486746055820e-04 -4.559007978582467480e-02 5.504014326173976845e-02 -6.305191454943711096e-03 -7.138676098503713547e+03
-3.395960963871338251e-02 -4.875868904708487855e-02 1.811586436901034596e-05 -4.620450191596680439e-02 5.484542344509685252e-02 -8.100882682877145677e-03 -7.140323683797589183e+03
-3.396525146508828225e-02 -4.900991751835456073e-02 -6.910202042081598026e-04 -4.681922794093987955e-02 5.461903909378353073e-02 -9.956518836279633355e-03 -7.141961860484550016e+03
-3.397083129246137451e-02 -4.926197130850330785e-02 -1.413915047950224050e-03 -4.743392286860449031e-02 5.435913674036769311e-02 -1.187461856837151823e-02 -7.143590503627486214e+03
-3.397634839800203060e-02 -4.951485380548046461e-02 -2.150870065945865994e-03 -4.804821620707826896e-02 5.406354665007204879e-02 -1.385836540721562329e-02 -7.145209551791341255e+03
-3.398180197806295599e-02 -4.976855293380585965e-02 -2.902129416917122173e-03 -4.866166425691849373e-02 5.373059556053492308e-02 -1.591017527903924172e-02 -7.146818890544162059e+03
-3.398719129074162515e-02 -5.002306071917709401e-02 -3.668065081154052529e-03 -4.927399857379258230e-02 5.335906125118308058e-02 -1.803162770298553930e-02 -7.148418427382286609e+03
-3.399251557650997957e-02 -5.027836439415943326e-02 -4.449097124618074488e-03 -4.988515382230923612e-02 5.294709170023007005e-02 -2.022464346644001210e-02 -7.150008075994394858e+03
-3.399777385421756670e-02 -5.053444088815751967e-02 -5.245384753915636154e-03 -5.049466698606262099e-02 5.249128689154358707e-02 -2.249243086649027959e-02 -7.151587721081300515e+03
-3.400296506445705386e-02 -5.079129436972255190e-02 -6.056874753633981028e-03 -5.110107483041648191e-02 5.198887302128800403e-02 -2.483776846621962159e-02 -7.153157274060995405e+03
-3.400808838124116246e-02 -5.104895030992570581e-02 -6.883741112510529184e-03 -5.170279241387959468e-02 5.143929143655816966e-02 -2.726279193397445483e-02 -7.154716616120414983e+03
-3.401314327113847541e-02 -5.130741625551570734e-02 -7.726820478961451792e-03 -5.229981045064645978e-02 5.083874685834416374e-02 -2.977169229428441172e-02 -7.156265592047628161e+03
-3.401812892351778472e-02 -5.156664483731635690e-02 -8.586934032447783235e-03 -5.289277409253546891e-02 5.017945212142183031e-02 -3.236590249687547327e-02 -7.157804064843390734e+03
-3.402304411482497820e-02 -5.182657545837168755e-02 -9.464324963581769584e-03 -5.348135756487370357e-02 4.946210661316004925e-02 -3.503594082815245092e-02 -7.159332012850903993e+03
-3.402788744299586193e-02 -5.208714768576829662e-02 -1.035880842175598490e-02 -5.406475236080245106e-02 4.869677861576630906e-02 -3.776915514517954764e-02 -7.160849387404826302e+03
-3.403265767921852258e-02 -5.234833351162945791e-02 -1.127043649693159830e-02 -5.464222567483669607e-02 4.789024570484433363e-02 -4.055944738597914989e-02 -7.162356135643666676e+03
-3.403735372599070441e-02 -5.261011363561827331e-02 -1.219942642888175756e-02 -5.521329322311819415e-02 4.704144524281546336e-02 -4.340906388003187844e-02 -7.163852140903934924e+03
-3.404197453577520460e-02 -5.287248614649828898e-02 -1.314615508979090873e-02 -5.577733279738695399e-02 4.614324350768476968e-02 -4.632825930808463777e-02 -7.165337266827194981e+03
-3.404651890660737729e-02 -5.313545703777166479e-02 -1.411124013701132475e-02 -5.633281828566106403e-02 4.518131251425214212e-02 -4.933192720264291398e-02 -7.166811308617486247e+03
-3.405098597395816301e-02 -5.339906963242754823e-02 -1.509550653883558538e-02 -5.687827926331425615e-02 4.413301688876820200e-02 -5.244002029339236981e-02 -7.168274099577695779e+03
-3.405537487165583715e-02 -5.366327887250071926e-02 -1.609861914950507650e-02 -5.741048484883943398e-02 4.300682882491638215e-02 -5.563625170140722165e-02 -7.169725485659697370e+03
-3.405968385932614528e-02 -5.392800798952777225e-02 -1.712115615815339859e-02 -5.793011423292171447e-02 4.180986377800029186e-02 -5.890966174311641074e-02 -7.171165455257029862e+03
-3.406391143208781225e-02 -5.419320509821119736e-02 -1.816321142907254688e-02 -5.843594109815242188e-02 4.053283467880252483e-02 -6.227143594480175071e-02 -7.172593851214988717e+03
-3.406805626463524361e-02 -5.445884780352530652e-02 -1.922520163348585831e-02 -5.892720640474983368e-02 3.916922054089726213e-02 -6.572543338476112551e-02 -7.174010615793131365e+03
-3.407211687588364984e-02 -5.472487683170803446e-02 -2.030736602083533376e-02 -5.940250137030601146e-02 3.771586569383515719e-02 -6.926976962412804972e-02 -7.175415574930055300e+03
-3.407609171028069817e-02 -5.499124904150474308e-02 -2.141000882878126704e-02 -5.986026544295419000e-02 3.616811675694733830e-02 -7.290439546967927842e-02 -7.176808609602818251e+03
-3.407997913521611244e-02 -5.525791353644445014e-02 -2.253335080529013726e-02 -6.029892105957431608e-02 3.452088195326467185e-02 -7.662903201398765796e-02 -7.178189596795449688e+03
-3.408377743852419178e-02 -5.552482559558571951e-02 -2.367767889223671915e-02 -6.071683121575324055e-02 3.276907615218276060e-02 -8.044287089540988478e-02 -7.179558449321492844e+03
-3.408748481256008295e-02 -5.579190955649984685e-02 -2.484306685570260992e-02 -6.111222821455066651e-02 3.090805705753870217e-02 -8.434263430811057838e-02 -7.180914994417346861e+03
-3.409109936274250935e-02 -5.605910079254940170e-02 -2.602966775633654833e-02 -6.148324748623314184e-02 2.893271157144253550e-02 -8.832527088045551145e-02 -7.182259110726126892e+03
-3.409461910130675427e-02 -5.632632659924327601e-02 -2.723757346760570866e-02 -6.182788038453873591e-02 2.683756636022058967e-02 -9.238663138599130520e-02 -7.183590670185335512e+03
-3.409804193891138868e-02 -5.659349442263331142e-02 -2.846672407175008038e-02 -6.214402928276347576e-02 2.461760239103520653e-02 -9.652190812651131879e-02 -7.184909502294256527e+03
-3.410136561231632418e-02 -5.686055510423806969e-02 -2.971737386377821741e-02 -6.242934371297138851e-02 2.226676025487779945e-02 -1.007259842677211553e-01 -7.186215598565953769e+03
-3.410458777795948027e-02 -5.712737317859216402e-02 -3.098910118658103688e-02 -6.268148574805944284e-02 1.978152950809893701e-02 -1.049895705124282846e-01 -7.187508697927415596e+03
-3.410770850156499834e-02 -5.739378360772889182e-02 -3.227972636329533296e-02 -6.291503424780633957e-02 1.680253425279045615e-02 -1.086333809680357920e-01 -7.188788640567358016e+03
-3.411071991736971259e-02 -5.765980619569902738e-02 -3.359298268041563396e-02 -6.309293246489200424e-02 1.403780979262638992e-02 -1.129843133969900826e-01 -7.190055392705947270e+03
-3.411362439744922148e-02 -5.792517500551465359e-02 -3.492477372332888907e-02 -6.323901493798049500e-02 1.086531274195591708e-02 -1.167112419441622140e-01 -7.191308675179064267e+03
-3.411641354441383861e-02 -5.818989566824926685e-02 -3.627776275965602371e-02 -6.333113606456536315e-02 7.814424197995089444e-03 -1.210920195033571706e-01 -7.192548539051807893e+03
-3.411908942524085470e-02 -5.845366933476336263e-02 -3.764830235912539069e-02 -6.338216234803059623e-02 4.316422594638475059e-03 -1.246495386074470690e-01 -7.193774642924735417e+03
-3.412164330890324337e-02 -5.871643061593537910e-02 -3.903760074567053096e-02 -6.337628021692232050e-02 9.832251198095172395e-04 -1.289841807523559036e-01 -7.194986914260762205e+03
-3.412407687236500287e-02 -5.897785851197315937e-02 -4.044220984659185197e-02 -6.332137604717499868e-02 -2.789251126651951483e-03 -1.324100719941930793e-01 -7.196185016717328836e+03
-3.412638064636304425e-02 -5.923789974751617060e-02 -4.186299875632974038e-02 -6.320457744767438157e-02 -6.394038689242445561e-03 -1.366018818062175733e-01 -7.197369062344141639e+03
-3.412855362732843817e-02 -5.949616849243283961e-02 -4.329646465623464974e-02 -6.302799822433596821e-02 -1.012619097674396368e-02 -1.406788003920437236e-01 -7.198538455040358713e+03
-3.413059103611270489e-02 -5.975246864635050392e-02 -4.474107882786282353e-02 -6.278794973947014746e-02 -1.398170479465755782e-02 -1.446074804315385098e-01 -7.199693234918890994e+03
-3.413249939220630580e-02 -6.000627442371943288e-02 -4.619330582941574143e-02 -6.247626591775570781e-02 -1.910575075195533948e-02 -1.446006381236727700e-01 -7.200832694331877974e+03
-3.413425930037411460e-02 -6.025752676415189329e-02 -4.765117018380161246e-02 -6.209772087650504424e-02 -2.398160360236111302e-02 -1.454101732190081486e-01 -7.201957056620549338e+03
-3.413588291891180709e-02 -6.050560254173417696e-02 -4.911468222118429289e-02 -6.161253514238110990e-02 -3.020655694473555267e-02 -1.414401991834471350e-01 -7.203065178863054825e+03
-3.413735825665020068e-02 -6.075022904554498032e-02 -5.057883351821257367e-02 -6.104421035412225388e-02 -3.688668999192960124e-02 -1.357609794451202778e-01 -7.204157004433999646e+03
-3.413867039691587113e-02 -6.099096163238196255e-02 -5.203813570309884923e-02 -6.038582559582777315e-02 -4.328297992776946462e-02 -1.301997169059902759e-01 -7.205231916076275411e+03
-3.413982491040733896e-02 -6.122708879168468205e-02 -5.348635636386827458e-02 -5.964232629055819801e-02 -5.051057595121818955e-02 -1.210943282494611334e-01 -7.206289023112086397e+03
-3.414082474416188506e-02 -6.145813927640435270e-02 -5.492424722614300259e-02 -5.877128982959477221e-02 -5.873682349082767068e-02 -1.069891526207915888e-01 -7.207327021786991281e+03
-3.414164451102363884e-02 -6.168345162961589440e-02 -5.633723090587364202e-02 -5.785539021872476706e-02 -6.601373499080530338e-02 -9.549972492051952977e-02 -7.208345663497115311e+03
-3.414228133480209926e-02 -6.190208755947004815e-02 -5.771432197742829701e-02 -5.691344545656036591e-02 -7.216734265529838044e-02 -8.775400673199021395e-02 -7.209342666398385518e+03
-3.414276145843118948e-02 -6.211331855795022144e-02 -5.906243547717909131e-02 -5.585077991328719210e-02 -7.963575992266365422e-02 -7.294176612415627370e-02 -7.210316074956677767e+03
-3.414304786384046719e-02 -6.231624705320321783e-02 -6.035680704828871174e-02 -5.481227559209575495e-02 -8.480219480567392776e-02 -6.654269212132081501e-02 -7.211264467455702288e+03
-3.414316798698360800e-02 -6.250984798739199488e-02 -6.159899439632629536e-02 -5.373307982039754460e-02 -8.944305007745011193e-02 -6.051579677517225642e-02 -7.212183968781894691e+03
-3.414313638571646325e-02 -6.269294596022492727e-02 -6.278128598094503965e-02 -5.262392228670338679e-02 -9.370966410668933599e-02 -5.382182865696128610e-02 -7.213070114924629706e+03
-3.414296243413112580e-02 -6.286451889270633364e-02 -6.389293946717615469e-02 -5.152717423025816174e-02 -9.753682530637632075e-02 -4.789588393034901331e-02 -7.213919110754308349e+03
-3.414267309437273717e-02 -6.302359324675489705e-02 -6.493397369254472196e-02 -5.039088453238028953e-02 -1.015112330196295265e-01 -3.850793681758767073e-02 -7.214725311960688487e+03
-3.414231198511155640e-02 -6.316914380907323601e-02 -6.590607206211811231e-02 -4.917249606651350607e-02 -1.071097406853936673e-01 -1.950077332675160049e-02 -7.215481395244580199e+03
-3.414187098691289640e-02 -6.330022162507578654e-02 -6.678487267918530035e-02 -4.800777539935303234e-02 -1.115504868862122051e-01 -3.195678693048629310e-03 -7.216181821441713510e+03
-3.414139928183431566e-02 -6.341586933267641391e-02 -6.756467778509858690e-02 -4.690717468001229240e-02 -1.151082541138447740e-01 1.125521094428056854e-02 -7.216815063512482993e+03
-3.414092646801634295e-02 -6.351543394003598964e-02 -6.824226994334608998e-02 -4.585220354980875518e-02 -1.190847323814704789e-01 2.913936150417059320e-02 -7.217375730540265977e+03
-3.414048278589718044e-02 -6.359838016235008773e-02 -6.880843795212174263e-02 -4.490848991800776985e-02 -1.225385711118532478e-01 4.545376929258232446e-02 -7.217853751663877119e+03
-3.414009504016903007e-02 -6.366426745146631927e-02 -6.925860126942791350e-02 -4.410303692747266635e-02 -1.255803402886224440e-01 6.005341872835904399e-02 -7.218241601511612316e+03
-3.413977359667334094e-02 -6.371296474245846664e-02 -6.958747677927448749e-02 -4.348338137960633398e-02 -1.272767692871025202e-01 6.902841854987025461e-02 -7.218533743973270248e+03
-3.413956227270811827e-02 -6.374417397299610155e-02 -6.979766160851158530e-02 -4.308254200123978750e-02 -1.282798279519536955e-01 7.450344021876052769e-02 -7.218721809048341129e+03
-3.413946515380787694e-02 -6.375851690918284131e-02 -6.989425699840298711e-02 -4.289832724115939105e-02 -1.287408120396308919e-01 7.701959661774337995e-02 -7.218808238778523446e+03
-3.413942821361043434e-02 -6.376308954275140828e-02 -6.992380650507271089e-02 -4.284210042311301786e-02 -1.287046938048761191e-01 7.715273879333858775e-02 -7.218836579875883217e+03
-3.413925482405578277e-02 -6.378455252760592553e-02 -7.006250578460823664e-02 -4.257818297306902033e-02 -1.285351459310807853e-01 7.777768853070919641e-02 -7.218969607055560118e+03
-3.413893947645230131e-02 -6.382358775575315557e-02 -7.031476135467269739e-02 -4.209819026956256038e-02 -1.282267833526710976e-01 7.891426442839562239e-02 -7.219211546671572250e+03
-3.413844852238638594e-02 -6.388019848261354550e-02 -7.067478925831993664e-02 -4.137870392480742093e-02 -1.276634321416122986e-01 8.029733100639049881e-02 -7.219568851784455546e+03
-3.413775798936478229e-02 -6.395446263392703945e-02 -7.113869252519033903e-02 -4.039527453991434425e-02 -1.268253063326601482e-01 8.200670041567366397e-02 -7.220046397913785768e+03
-3.413682094275558715e-02 -6.404672805359709620e-02 -7.169966796649519802e-02 -3.908619769966407975e-02 -1.257160963207423765e-01 8.442545781985277831e-02 -7.220654146888089599e+03
-3.413559091087605551e-02 -6.415781888403511435e-02 -7.235389458758180459e-02 -3.736793615538783891e-02 -1.242447657901884078e-01 8.771295984600714635e-02 -7.221402461025794764e+03
-3.413401396410499500e-02 -6.428940030112810511e-02 -7.310317348954081806e-02 -3.511172112331229639e-02 -1.222538969190195973e-01 9.203930105259389149e-02 -7.222304222563438998e+03
-3.413203137301802637e-02 -6.444444824566819552e-02 -7.396192692658376533e-02 -3.213196998475894434e-02 -1.195002547806323367e-01 9.755296976377847429e-02 -7.223374826072375981e+03
-3.412960161672971837e-02 -6.462741129118891592e-02 -7.496860570584071293e-02 -2.821687587991811644e-02 -1.156933253086716157e-01 1.042490286891675638e-01 -7.224627940209281405e+03
-3.412670681921339821e-02 -6.484349967421547400e-02 -7.618440650513487455e-02 -2.318018523136947118e-02 -1.105902709084625457e-01 1.118922394739735315e-01 -7.226073504877342202e+03
-3.412334354580635193e-02 -6.509913881792744883e-02 -7.769968947995453679e-02 -1.685085069281266543e-02 -1.040158444855564246e-01 1.199246130928979248e-01 -7.227720453839931906e+03
-3.411953991881056664e-02 -6.539938208767785699e-02 -7.960669786234397804e-02 -9.181402357156429397e-03 -9.601782953569286405e-02 1.274649457826382282e-01 -7.229570428179303235e+03
-3.411533626716941464e-02 -6.574778874720615951e-02 -8.198708406737202636e-02 -2.114845492175894404e-04 -8.680569188755045407e-02 1.334438695889424709e-01 -7.231621515141488999e+03
-3.411077536240707253e-02 -6.614552055942840569e-02 -8.488937707133081823e-02 9.948599460691707683e-03 -7.667528773527282349e-02 1.368964544023461849e-01 -7.233868580981079504e+03
-3.410589258427543929e-02 -6.659181396804191022e-02 -8.832762718578016092e-02 2.116651834146337369e-02 -6.590628637217936514e-02 1.371513671586823413e-01 -7.236305270750223826e+03
-3.410071078845473141e-02 -6.708423828902658481e-02 -9.228033116170299144e-02 3.331896998493970308e-02 -5.469111466391129300e-02 1.340069721377558087e-01 -7.238924806099374109e+03
-3.409524131524573065e-02 -6.762010756824365920e-02 -9.671321402234686615e-02 4.631780307327314911e-02 -4.312869819325153981e-02 1.275579614269091167e-01 -7.241721717286415696e+03
-3.408948531714013630e-02 -6.819626897517327979e-02 -1.015764398448791850e-01 6.010507700149013421e-02 -3.122388010794251156e-02 1.182579165093304990e-01 -7.244691162476892714e+03
-3.408344004545810213e-02 -6.881037405742292112e-02 -1.068299761445799523e-01 7.465151118507884487e-02 -1.894611390652336386e-02 1.065520386105576617e-01 -7.247829989559154455e+03
-3.407710051974315729e-02 -6.946051344785690584e-02 -1.124390145953249459e-01 8.994413881518388554e-02 -6.242852649821329682e-03 9.289515095293261748e-02 -7.251135953511700791e+03
-3.407046170428670168e-02 -7.014532255912113434e-02 -1.183774541223378690e-01 1.059795595606978225e-01 6.938901918294062242e-03 7.766591276897480411e-02 -7.254607611235899640e+03
-3.406351957196042390e-02 -7.086391363384646203e-02 -1.246276948525239792e-01 1.227585465820406202e-01 2.064165095020934967e-02 6.113936332309435895e-02 -7.258244101410806252e+03
-3.405627102437909504e-02 -7.161570781301722366e-02 -1.311778853405860534e-01 1.402834875531848158e-01 3.489820931337523496e-02 4.351392493396707278e-02 -7.262044906972120771e+03
-3.404871397734050148e-02 -7.240036097413045380e-02 -1.380207953545871391e-01 1.585567721871568858e-01 4.973064723265192139e-02 2.491764296649256680e-02 -7.266009741587736244e+03
-3.404084704839317743e-02 -7.321766875924082263e-02 -1.451520279974009564e-01 1.775804066448436469e-01 6.515358184450348311e-02 5.432778586990120659e-03 -7.270138446486215798e+03
-3.403266938570382455e-02 -7.406751675224640397e-02 -1.525690698827823211e-01 1.973558355777899342e-01 8.117594271987375876e-02 -1.489113558238769688e-02 -7.274430938202809557e+03
-3.402418049541550138e-02 -7.494984388923466023e-02 -1.602705554314356740e-01 2.178839962380555439e-01 9.780288144434470810e-02 -3.602595893564305984e-02 -7.278887174645994492e+03
-3.401538009254293643e-02 -7.586461757941899420e-02 -1.682557437057928540e-01 2.391654805821675223e-01 1.150373118378999887e-01 -5.795558092373568476e-02 -7.283507134537479033e+03
-3.400626802441779339e-02 -7.681182152467062874e-02 -1.765242589402967743e-01 2.612006317063069183e-01 1.328807809441328591e-01 -8.067156635867288317e-02 -7.288290807739938828e+03
-3.399684421022534236e-02 -7.779144763436898757e-02 -1.850759120903624488e-01 2.839896409846779379e-01 1.513340899461578792e-01 -1.041693976509063951e-01 -7.293238189443698502e+03
-3.398710860921183574e-02 -7.880349206105446980e-02 -1.939106123610019328e-01 3.075326123447920112e-01 1.703976488205048156e-01 -1.284468767191098704e-01 -7.298349277453375180e+03
5.336768398446968786e+04 2.306851423122419874e+03 1.413937359762093706e+02 2.630535308268770223e+01 1.632467064126302603e+01 1.569333606791252578e+01 nan
7.963072081662794352e+08 7.355356636903590988e+05 1.146874758805690135e+03 3.864632452521564687e+01 2.651930147301679419e+00 6.300373083782427885e-01 nan
